シグナル日,コード,会社名,市場,現在値,前日比,直近3日騰落率,直近5日騰落率,25日線乖離率,ATR当日値幅,ATR14,前日高値,反転足高値,反転足安値,直近2日高値,直近3日高値,直近安値,直近支持線,BB-1σ,BB-2σ,BB下限,スコア,ランク,%K,%D,%D傾き,RSI14,MA25,MA75,MA200,BB位置,出来高倍率,ローソク足パターン,アンチ判定,買い・売り,シグナル種別,シグナル数,自社株買い比率,損切り候補,利確候補,RR,判定理由,除外理由,Yahoo Financeリンク,売残,買残,売残前週比,買残前週比,信用倍率,基準日,取得元URL,取得日時,テクニカルスコア,信用需給による減点,信用需給スコア,総合調整後スコア,テクニカル順位,調整後順位,信用需給判定,信用需給判定理由
2026-08-18,7157,ライフネット生命保険,プライム,1502.0,1.14,-2.4,-11.65,-8.88,0.93,59.35,1537.0,1532.0,1477.0,1537.0,1543.0,1477.0,1477.0,1563.49,1492.38,1492.38,20,S,10.12,42.83,-22.05,35.08,1648.36,1688.72,1900.07,-1.86σ,1.42,陰線→陽線 / 前日安値割れ反転 / 2～5日下落後の陽線,なし,買い,BB逆張り / BB＋RSI＋ストキャス,2,0.0,1412.97,1680.06,2.0,直近2～5日まで下落、RSI40以下から反転上昇、BB -2σ付近から反発、ストキャス売られ過ぎから反転、%K反転、長い下ヒゲ反転、2～5日下落後の陽線、出来高増加を伴う反転 / 信用需給: 信用データがデータなし、または売残0で信用倍率を算出不能,,https://finance.yahoo.co.jp/quote/7157.T,データなし,データなし,データなし,データなし,データなし,データなし,データなし,データなし,20.0,0,0,20.0,1,1,信用需給は判定不能,信用データがデータなし、または売残0で信用倍率を算出不能
2026-08-18,3844,コムチュア,プライム,1326.0,0.68,-8.36,-7.53,-5.15,0.9,39.01,1345.0,1341.0,1306.0,1345.0,1483.0,1306.0,1306.0,1357.53,1311.75,1311.75,20,S,11.3,51.81,-11.69,39.74,1398.04,1344.77,1482.1,-1.69σ,1.81,陰線→陽線 / 前日安値割れ反転 / 2～5日下落後の陽線,なし,買い,BB逆張り / BB＋RSI＋ストキャス,2,0.0,1267.49,1443.02,2.0,直近2～5日まで下落、RSI40以下から反転上昇、BB -2σ付近から反発、ストキャス売られ過ぎから反転、%K反転、長い下ヒゲ反転、2～5日下落後の陽線、出来高増加を伴う反転 / 信用需給: 信用データがデータなし、または売残0で信用倍率を算出不能,,https://finance.yahoo.co.jp/quote/3844.T,データなし,データなし,データなし,データなし,データなし,データなし,データなし,データなし,20.0,0,0,20.0,1,1,信用需給は判定不能,信用データがデータなし、または売残0で信用倍率を算出不能
2026-08-18,4812,電通総研,プライム,2749.0,3.5,2.23,2.0,2.13,0.89,51.73,2685.0,2770.0,2724.0,2770.0,2770.0,2651.0,2634.0,2665.72,2640.65,2640.65,19,除外,82.35,45.6,-2.05,67.03,2691.68,2348.75,2324.0,+2.32σ,1.47,陰線→陽線 / 長い下ヒゲ（ハンマー） / 2～5日下落後の陽線,なし,買い,BB逆張り / 底固め,2,0.0,2651.0,2945.0,2.0,直近2～5日まで下落、BB -1σ以下から反発、ストキャス売られ過ぎから反転、%K反転、%D方向改善、長い下ヒゲ反転、2～5日下落後の陽線、出来高増加を伴う反転、ATR低下、BB幅収縮、出来高減少後の増加、レンジ上限突破 / 信用需給: 信用データがデータなし、または売残0で信用倍率を算出不能,急騰済み（BB +2σ大幅超過）,https://finance.yahoo.co.jp/quote/4812.T,データなし,データなし,データなし,データなし,データなし,データなし,データなし,データなし,19.0,0,0,19.0,3,3,信用需給は判定不能,信用データがデータなし、または売残0で信用倍率を算出不能
2026-08-18,3769,ＧＭＯペイメントゲートウェイ,プライム,9175.0,4.15,-9.92,-10.36,-6.38,0.86,415.08,9000.0,9175.0,8816.0,9175.0,10295.0,8485.0,8485.0,9426.71,9053.73,9053.73,18,S,35.03,51.01,-6.1,42.17,9799.76,8924.53,8869.15,-1.67σ,2.24,陰線→陽線 / 2～5日下落後の陽線,なし,買い,BB逆張り,1,0.0,8485.0,10555.0,2.0,直近2～5日まで下落、RSI40以下から反転上昇、BB -2σ付近から反発、ストキャス売られ過ぎから反転、%K反転、2～5日下落後の陽線、出来高増加を伴う反転 / 信用需給: 信用データがデータなし、または売残0で信用倍率を算出不能,,https://finance.yahoo.co.jp/quote/3769.T,データなし,データなし,データなし,データなし,データなし,データなし,データなし,データなし,18.0,0,0,18.0,4,4,信用需給は判定不能,信用データがデータなし、または売残0で信用倍率を算出不能
2026-08-18,9005,東急,プライム,1642.0,0.49,0.27,-0.15,-4.4,0.73,32.26,1649.0,1649.5,1626.0,1649.5,1649.5,1626.0,1626.0,1645.59,1579.41,1579.41,18,S,21.19,6.95,-5.57,38.14,1717.66,1681.16,1770.72,-1.05σ,0.9,陰線→陽線 / 前日安値割れ反転 / 2～5日下落後の陽線,なし,買い,BB逆張り / BB＋RSI＋ストキャス,2,0.0,1593.6,1738.79,2.0,直近2～5日まで下落、RSI40以下から反転上昇、BB -1σ以下から反発、ストキャス売られ過ぎから反転、%K反転、%D方向改善、長い下ヒゲ反転、2～5日下落後の陽線 / 信用需給: 信用データがデータなし、または売残0で信用倍率を算出不能,,https://finance.yahoo.co.jp/quote/9005.T,データなし,データなし,データなし,データなし,データなし,データなし,データなし,データなし,18.0,0,0,18.0,4,4,信用需給は判定不能,信用データがデータなし、または売残0で信用倍率を算出不能
2026-08-18,8715,アニコム　ホールディングス,プライム,1143.0,4.67,2.05,-7.97,-4.18,0.95,47.5,1137.0,1150.0,1105.0,1150.0,1154.0,1086.0,1086.0,1149.7,1111.7,1111.7,18,S,22.01,31.92,-10.41,43.2,1192.88,1254.69,1165.09,-1.18σ,1.35,陰線→陽線 / 2～5日下落後の陽線,なし,買い,BB逆張り,1,0.0,1071.75,1285.5,2.0,直近2～5日まで下落、RSI40以下から反転上昇、BB -2σ付近から反発、ストキャス売られ過ぎから反転、%K反転、2～5日下落後の陽線、出来高増加を伴う反転 / 信用需給: 信用データがデータなし、または売残0で信用倍率を算出不能,,https://finance.yahoo.co.jp/quote/8715.T,データなし,データなし,データなし,データなし,データなし,データなし,データなし,データなし,18.0,0,0,18.0,4,4,信用需給は判定不能,信用データがデータなし、または売残0で信用倍率を算出不能
2026-08-18,9936,王将フードサービス,プライム,2832.0,0.43,-2.07,-1.97,-3.39,0.61,50.56,2859.0,2832.0,2801.0,2859.0,2889.0,2801.0,2801.0,2850.5,2772.1,2772.1,18,S,27.93,23.76,-5.22,41.12,2931.44,2833.29,3045.96,-1.24σ,1.01,陰線→陽線 / 前日安値割れ反転 / 2～5日下落後の陽線,なし,買い,BB逆張り,1,0.0,2756.16,2983.69,2.0,直近2～5日まで下落、RSI40以下から反転上昇、BB -1σ以下から反発、ストキャス売られ過ぎから反転、%K反転、%D方向改善、長い下ヒゲ反転、2～5日下落後の陽線 / 信用需給: 信用データがデータなし、または売残0で信用倍率を算出不能,,https://finance.yahoo.co.jp/quote/9936.T,データなし,データなし,データなし,データなし,データなし,データなし,データなし,データなし,18.0,0,0,18.0,4,4,信用需給は判定不能,信用データがデータなし、または売残0で信用倍率を算出不能
2026-08-18,4704,トレンドマイクロ,プライム,5516.0,3.06,-19.49,-20.24,-13.88,0.71,284.9,5555.0,5538.0,5336.0,5555.0,5851.0,5302.0,5302.0,5986.06,5561.87,5561.87,18,S,12.74,50.43,-11.37,34.85,6404.92,6105.37,6268.38,-2.11σ,1.93,陰線→陽線 / はらみ足 / 2～5日下落後の陽線,なし,買い,BB逆張り / BB＋RSI＋ストキャス,2,0.0,5088.65,6370.7,2.0,直近2～5日まで下落、RSI40以下から反転上昇、BB -2σ付近から反発、ストキャス売られ過ぎから反転、%K反転、2～5日下落後の陽線、出来高増加を伴う反転 / 信用需給: 信用データがデータなし、または売残0で信用倍率を算出不能,,https://finance.yahoo.co.jp/quote/4704.T,データなし,データなし,データなし,データなし,データなし,データなし,データなし,データなし,18.0,0,0,18.0,4,4,信用需給は判定不能,信用データがデータなし、または売残0で信用倍率を算出不能
2026-08-18,3064,ＭｏｎｏｔａＲＯ,プライム,1811.5,0.61,-2.74,-7.39,-6.18,0.52,65.76,1859.0,1814.5,1780.5,1859.0,1885.0,1780.5,1780.5,1849.38,1774.41,1774.41,17,S,14.8,22.06,-14.71,39.01,1930.78,1883.07,2017.78,-1.51σ,0.99,陰線→陽線 / 前日安値割れ反転 / 2～5日下落後の陽線,なし,買い,BB逆張り / BB＋RSI＋ストキャス,2,0.0,1712.86,2008.78,2.0,直近2～5日まで下落、RSI40以下から反転上昇、BB -1σ以下から反発、ストキャス売られ過ぎから反転、%K反転、長い下ヒゲ反転、2～5日下落後の陽線 / 信用需給: 信用データがデータなし、または売残0で信用倍率を算出不能,,https://finance.yahoo.co.jp/quote/3064.T,データなし,データなし,データなし,データなし,データなし,データなし,データなし,データなし,17.0,0,0,17.0,9,9,信用需給は判定不能,信用データがデータなし、または売残0で信用倍率を算出不能
2026-08-18,7476,アズワン,プライム,2358.5,0.51,-0.3,-0.97,-2.97,0.58,57.66,2373.5,2367.0,2333.5,2373.5,2382.0,2333.5,2310.5,2351.75,2277.38,2277.38,17,S,27.62,29.3,-2.33,46.37,2430.68,2257.39,2323.54,-0.91σ,0.5,陰線→陽線 / 前日安値割れ反転 / 2～5日下落後の陽線,なし,買い,BB逆張り / 底固め,2,0.0,2272.02,2531.47,2.0,直近2～5日まで下落、BB -1σ以下から反発、ストキャス売られ過ぎから反転、%K反転、%D方向改善、長い下ヒゲ反転、2～5日下落後の陽線、直近安値切り上げ、BB幅収縮、RSI安値切り上げ / 信用需給: 信用データがデータなし、または売残0で信用倍率を算出不能,,https://finance.yahoo.co.jp/quote/7476.T,データなし,データなし,データなし,データなし,データなし,データなし,データなし,データなし,17.0,0,0,17.0,9,9,信用需給は判定不能,信用データがデータなし、または売残0で信用倍率を算出不能
2026-08-18,3865,北越コーポレーション,プライム,893.0,2.29,-1.11,-5.1,-2.8,1.21,28.15,895.0,899.0,865.0,899.0,906.0,865.0,865.0,897.44,874.89,874.89,17,S,30.11,30.0,-7.75,45.96,918.72,901.69,911.63,-1.20σ,1.33,陰線→陽線 / 前日安値割れ反転 / 2～5日下落後の陽線,なし,買い,BB逆張り,1,0.0,850.78,977.45,2.0,直近2～5日まで下落、BB -2σ付近から反発、ストキャス売られ過ぎから反転、%K反転、長い下ヒゲ反転、2～5日下落後の陽線、出来高増加を伴う反転 / 信用需給: 信用データがデータなし、または売残0で信用倍率を算出不能,,https://finance.yahoo.co.jp/quote/3865.T,データなし,データなし,データなし,データなし,データなし,データなし,データなし,データなし,17.0,0,0,17.0,9,9,信用需給は判定不能,信用データがデータなし、または売残0で信用倍率を算出不能
2026-08-18,7047,ポート,グロース,2240.0,0.95,1.82,-14.01,-9.42,0.7,120.09,2249.0,2277.0,2193.0,2277.0,2283.0,2165.0,2165.0,2293.92,2150.05,2150.05,17,S,14.29,57.84,-14.53,41.23,2473.08,2334.19,2244.99,-1.37σ,1.56,強気包み足 / 2～5日下落後の陽線,なし,買い,BB逆張り,1,0.0,2059.86,2600.28,2.0,直近2～5日まで下落、BB -1σ以下から反発、ストキャス売られ過ぎから反転、%K反転、陽の包み足、2～5日下落後の陽線、出来高増加を伴う反転 / 信用需給: 信用データがデータなし、または売残0で信用倍率を算出不能,,https://finance.yahoo.co.jp/quote/7047.T,データなし,データなし,データなし,データなし,データなし,データなし,データなし,データなし,17.0,0,0,17.0,9,9,信用需給は判定不能,信用データがデータなし、または売残0で信用倍率を算出不能
2026-08-18,4419,Ｆｉｎａｔｅｘｔホールディングス,グロース,1314.0,3.06,3.55,-18.03,-15.45,0.56,108.06,1316.0,1347.0,1287.0,1347.0,1395.0,1252.0,1252.0,1410.08,1294.11,1294.11,16,S,14.87,51.79,-6.72,40.81,1554.12,1372.67,1128.21,-1.83σ,1.3,陰線→陽線 / 2～5日下落後の陽線,なし,買い,BB逆張り,1,0.0,1151.91,1638.17,2.0,直近2～5日まで下落、RSI40以下から反転上昇、BB -2σ付近から反発、ストキャス売られ過ぎから反転、%K反転、2～5日下落後の陽線 / 信用需給: 信用データがデータなし、または売残0で信用倍率を算出不能,,https://finance.yahoo.co.jp/quote/4419.T,データなし,データなし,データなし,データなし,データなし,データなし,データなし,データなし,16.0,0,0,16.0,13,13,信用需給は判定不能,信用データがデータなし、または売残0で信用倍率を算出不能
2026-08-18,8233,高島屋,プライム,2265.5,0.91,-2.6,-1.67,-2.43,0.55,71.04,2305.0,2266.5,2227.5,2305.0,2345.0,2227.5,2192.0,2231.69,2162.58,2162.58,15,S,28.46,42.71,-0.39,47.11,2321.84,2188.33,1975.26,-0.51σ,0.69,陰線→陽線 / 前日安値割れ反転 / 2～5日下落後の陽線,なし,買い,底固め,1,0.0,2158.93,2478.63,2.0,直近2～5日まで下落、ストキャス売られ過ぎから反転、%K反転、%D方向改善、長い下ヒゲ反転、2～5日下落後の陽線、直近安値切り上げ、ATR低下、RSI安値切り上げ / 信用需給: 信用データがデータなし、または売残0で信用倍率を算出不能,,https://finance.yahoo.co.jp/quote/8233.T,データなし,データなし,データなし,データなし,データなし,データなし,データなし,データなし,15.0,0,0,15.0,14,14,信用需給は判定不能,信用データがデータなし、または売残0で信用倍率を算出不能
2026-08-18,2730,エディオン,プライム,2508.0,1.42,0.24,-0.79,1.55,1.13,60.9,2518.0,2529.0,2460.0,2529.0,2534.0,2460.0,2385.0,2454.89,2412.24,2412.24,15,S,42.86,47.76,5.52,55.47,2469.68,2362.15,2210.3,+0.24σ,0.85,陰線→陽線 / 強気包み足 / 前日安値割れ反転 / 2～5日下落後の陽線,通常,買い,底固め / アンチ,2,0.0,2416.65,2690.7,2.0,直近2～5日まで下落、%K反転、%D方向改善、陽の包み足、長い下ヒゲ反転、2～5日下落後の陽線、直近安値切り上げ、BB幅収縮、RSI安値切り上げ / 信用需給: 信用データがデータなし、または売残0で信用倍率を算出不能,,https://finance.yahoo.co.jp/quote/2730.T,データなし,データなし,データなし,データなし,データなし,データなし,データなし,データなし,15.0,0,0,15.0,14,14,信用需給は判定不能,信用データがデータなし、または売残0で信用倍率を算出不能
2026-08-18,8698,マネックスグループ,プライム,693.0,1.02,-0.29,0.0,-3.6,0.72,17.95,693.0,696.0,683.0,696.0,701.0,683.0,677.0,687.93,663.36,663.36,15,S,66.67,38.19,10.19,47.0,718.88,675.45,702.8,-0.79σ,0.61,陰線→陽線 / 強気包み足 / 前日安値割れ反転 / 2～5日下落後の陽線,強,買い,BB逆張り / アンチ,2,0.0,666.07,746.86,2.0,直近2～5日まで下落、BB -1σ以下から反発、%K反転、%D方向改善、陽の包み足、長い下ヒゲ反転、2～5日下落後の陽線 / 信用需給: 信用データがデータなし、または売残0で信用倍率を算出不能,,https://finance.yahoo.co.jp/quote/8698.T,データなし,データなし,データなし,データなし,データなし,データなし,データなし,データなし,15.0,0,0,15.0,14,14,信用需給は判定不能,信用データがデータなし、または売残0で信用倍率を算出不能
2026-08-18,8630,ＳＯＭＰＯホールディングス,プライム,6740.0,0.39,-4.11,-3.15,-2.69,0.75,165.64,6984.0,6749.0,6624.0,6984.0,7122.0,6624.0,6624.0,6844.22,6677.74,6677.74,15,S,22.57,40.03,-4.66,45.63,6926.44,6384.96,5816.35,-1.63σ,1.2,陰線→陽線 / 前日安値割れ反転 / 2～5日下落後の陽線,なし,買い,BB逆張り,1,0.0,6491.54,7236.92,2.0,直近2～5日まで下落、BB -1σ以下から反発、ストキャス売られ過ぎから反転、%K反転、%D方向改善、長い下ヒゲ反転、2～5日下落後の陽線 / 信用需給: 信用データがデータなし、または売残0で信用倍率を算出不能,,https://finance.yahoo.co.jp/quote/8630.T,データなし,データなし,データなし,データなし,データなし,データなし,データなし,データなし,15.0,0,0,15.0,14,14,信用需給は判定不能,信用データがデータなし、または売残0で信用倍率を算出不能
2026-08-18,8628,松井証券,プライム,1106.0,0.91,-0.18,0.82,2.13,0.92,23.95,1105.0,1110.0,1088.0,1110.0,1120.0,1082.0,1023.0,1057.07,1028.84,1028.84,15,S,76.67,64.02,20.08,62.05,1082.96,997.49,927.65,+0.73σ,0.73,陰線→陽線 / 強気包み足 / 前日安値割れ反転 / 2～5日下落後の陽線,通常,買い,底固め / アンチ,2,0.0,1070.08,1177.84,2.0,直近2～5日まで下落、%K反転、%D方向改善、陽の包み足、長い下ヒゲ反転、2～5日下落後の陽線、直近安値切り上げ、BB幅収縮、RSI安値切り上げ / 信用需給: 信用データがデータなし、または売残0で信用倍率を算出不能,,https://finance.yahoo.co.jp/quote/8628.T,データなし,データなし,データなし,データなし,データなし,データなし,データなし,データなし,15.0,0,0,15.0,14,14,信用需給は判定不能,信用データがデータなし、または売残0で信用倍率を算出不能
2026-08-18,8848,レオパレス２１,プライム,625.0,0.48,0.16,-0.64,-5.1,0.61,16.44,632.0,628.0,618.0,632.0,632.0,615.0,605.0,632.44,608.13,608.13,15,S,27.4,24.49,-11.21,39.65,658.6,642.88,660.86,-1.31σ,0.84,前日安値割れ反転,なし,買い,BB逆張り / BB＋RSI＋ストキャス,2,0.0,600.34,674.32,2.0,直近2～5日まで下落、RSI40以下から反転上昇、BB -1σ以下から反発、ストキャス売られ過ぎから反転、%K反転、長い下ヒゲ反転 / 信用需給: 信用データがデータなし、または売残0で信用倍率を算出不能,,https://finance.yahoo.co.jp/quote/8848.T,データなし,データなし,データなし,データなし,データなし,データなし,データなし,データなし,15.0,0,0,15.0,14,14,信用需給は判定不能,信用データがデータなし、または売残0で信用倍率を算出不能
2026-08-18,9001,東武鉄道,プライム,2962.5,1.26,0.12,0.92,-1.49,1.15,62.96,2960.0,2976.5,2904.0,2976.5,2988.5,2904.0,2884.5,2927.8,2845.18,2845.18,15,S,69.23,32.99,0.9,48.77,3007.38,2898.85,2814.16,-0.58σ,0.98,陰線→陽線 / 強気包み足 / 前日安値割れ反転 / 2～5日下落後の陽線,通常,買い,BB逆張り / アンチ,2,0.0,2868.07,3151.37,2.0,直近2～5日まで下落、BB -1σ以下から反発、%K反転、%D方向改善、陽の包み足、長い下ヒゲ反転、2～5日下落後の陽線 / 信用需給: 信用データがデータなし、または売残0で信用倍率を算出不能,,https://finance.yahoo.co.jp/quote/9001.T,データなし,データなし,データなし,データなし,データなし,データなし,データなし,データなし,15.0,0,0,15.0,14,14,信用需給は判定不能,信用データがデータなし、または売残0で信用倍率を算出不能
2026-08-18,9009,京成電鉄,プライム,1289.5,0.74,1.26,0.31,1.29,1.23,30.45,1287.0,1300.0,1262.5,1300.0,1300.0,1257.5,1213.5,1254.6,1232.8,1232.8,15,S,75.29,54.95,5.7,60.3,1273.02,1162.91,1220.58,+0.60σ,0.84,強気包み足 / 前日安値割れ反転 / 2～5日下落後の陽線,通常,買い,底固め / アンチ,2,0.0,1243.82,1380.86,2.0,直近2～5日まで下落、%K反転、%D方向改善、陽の包み足、長い下ヒゲ反転、2～5日下落後の陽線、直近安値切り上げ、BB幅収縮、RSI安値切り上げ / 信用需給: 信用データがデータなし、または売残0で信用倍率を算出不能,,https://finance.yahoo.co.jp/quote/9009.T,データなし,データなし,データなし,データなし,データなし,データなし,データなし,データなし,15.0,0,0,15.0,14,14,信用需給は判定不能,信用データがデータなし、または売残0で信用倍率を算出不能
2026-08-18,9045,京阪ホールディングス,プライム,3142.0,1.13,-0.22,-0.13,-2.04,1.05,63.73,3144.0,3157.0,3090.0,3157.0,3166.0,3090.0,3064.0,3107.85,3013.89,3013.89,15,S,51.49,32.79,2.65,45.49,3207.52,3186.85,3286.54,-0.64σ,0.91,陰線→陽線 / 強気包み足 / 前日安値割れ反転 / 2～5日下落後の陽線,通常,買い,BB逆張り / アンチ,2,0.0,3046.41,3333.19,2.0,直近2～5日まで下落、BB -1σ以下から反発、%K反転、%D方向改善、陽の包み足、長い下ヒゲ反転、2～5日下落後の陽線 / 信用需給: 信用データがデータなし、または売残0で信用倍率を算出不能,,https://finance.yahoo.co.jp/quote/9045.T,データなし,データなし,データなし,データなし,データなし,データなし,データなし,データなし,15.0,0,0,15.0,14,14,信用需給は判定不能,信用データがデータなし、または売残0で信用倍率を算出不能
2026-08-18,6464,ツバキ・ナカシマ,プライム,345.0,1.47,6.81,-13.75,-6.45,0.66,21.2,343.0,349.0,335.0,349.0,349.0,313.0,313.0,340.34,317.93,317.93,15,S,36.36,53.5,-8.64,42.67,368.8,377.03,358.9,-0.79σ,0.92,強気包み足 / 2～5日下落後の陽線,なし,買い,BB逆張り,1,0.0,313.0,409.0,2.0,直近2～5日まで下落、BB -1σ以下から反発、ストキャス売られ過ぎから反転、%K反転、陽の包み足、2～5日下落後の陽線 / 信用需給: 信用データがデータなし、または売残0で信用倍率を算出不能,,https://finance.yahoo.co.jp/quote/6464.T,データなし,データなし,データなし,データなし,データなし,データなし,データなし,データなし,15.0,0,0,15.0,14,14,信用需給は判定不能,信用データがデータなし、または売残0で信用倍率を算出不能
2026-08-18,7947,エフピコ,プライム,2747.0,2.04,2.19,1.14,5.13,1.31,59.63,2739.0,2758.0,2680.0,2758.0,2758.0,2670.0,2490.0,2555.57,2480.38,2480.38,15,S,87.5,78.64,8.82,63.38,2612.96,2509.44,2552.81,+1.55σ,0.9,陰線→陽線 / 強気包み足 / 前日安値割れ反転 / 2～5日下落後の陽線,強,買い,底固め / アンチ,2,0.0,2657.56,2925.89,2.0,直近2～5日まで下落、%K反転、%D方向改善、陽の包み足、長い下ヒゲ反転、2～5日下落後の陽線、直近安値切り上げ、RSI安値切り上げ、レンジ上限突破 / 信用需給: 信用データがデータなし、または売残0で信用倍率を算出不能,,https://finance.yahoo.co.jp/quote/7947.T,データなし,データなし,データなし,データなし,データなし,データなし,データなし,データなし,15.0,0,0,15.0,14,14,信用需給は判定不能,信用データがデータなし、または売残0で信用倍率を算出不能
2026-08-18,3880,大王製紙,プライム,971.0,1.89,0.73,-1.92,-0.53,1.28,22.71,975.0,976.0,947.0,976.0,979.0,947.0,947.0,967.46,952.82,952.82,15,S,46.15,32.59,-6.47,50.52,976.2,950.53,971.36,-0.76σ,1.02,陰線→陽線 / 前日安値割れ反転 / 2～5日下落後の陽線,なし,買い,BB逆張り,1,0.0,936.93,1039.14,2.0,直近2～5日まで下落、BB -1σ以下から反発、ストキャス売られ過ぎから反転、%K反転、%D方向改善、長い下ヒゲ反転、2～5日下落後の陽線 / 信用需給: 信用データがデータなし、または売残0で信用倍率を算出不能,,https://finance.yahoo.co.jp/quote/3880.T,データなし,データなし,データなし,データなし,データなし,データなし,データなし,データなし,15.0,0,0,15.0,14,14,信用需給は判定不能,信用データがデータなし、または売残0で信用倍率を算出不能
2026-08-18,3591,ワコールホールディングス,プライム,4222.0,0.05,-0.38,-6.24,-4.2,0.5,110.05,4307.0,4224.0,4169.0,4307.0,4352.0,4115.0,4115.0,4287.48,4183.52,4183.52,15,S,25.0,34.6,0.08,40.35,4406.92,4456.57,4543.64,-1.63σ,0.82,陰線→陽線 / 前日安値割れ反転 / 2～5日下落後の陽線,通常,買い,BB逆張り / アンチ,2,0.0,4056.93,4552.14,2.0,直近2～5日まで下落、BB -1σ以下から反発、ストキャス売られ過ぎから反転、%K反転、%D方向改善、長い下ヒゲ反転、2～5日下落後の陽線 / 信用需給: 信用データがデータなし、または売残0で信用倍率を算出不能,,https://finance.yahoo.co.jp/quote/3591.T,データなし,データなし,データなし,データなし,データなし,データなし,データなし,データなし,15.0,0,0,15.0,14,14,信用需給は判定不能,信用データがデータなし、または売残0で信用倍率を算出不能
2026-08-18,7545,西松屋チェーン,プライム,2017.0,1.05,0.4,-0.98,0.87,1.03,38.89,2024.0,2024.0,1984.0,2024.0,2024.0,1984.0,1913.0,1965.97,1934.3,1934.3,14,A,46.48,45.61,-3.38,53.67,1999.6,1971.32,2073.98,+0.61σ,3.17,陰線→陽線 / 前日安値割れ反転 / 2～5日下落後の陽線,なし,買い,底固め,1,0.0,1958.67,2133.66,2.0,直近2～5日まで下落、%K反転、%D方向改善、長い下ヒゲ反転、2～5日下落後の陽線、出来高増加を伴う反転、直近安値切り上げ、BB幅収縮、RSI安値切り上げ / 信用需給: 信用データがデータなし、または売残0で信用倍率を算出不能,,https://finance.yahoo.co.jp/quote/7545.T,データなし,データなし,データなし,データなし,データなし,データなし,データなし,データなし,14.0,0,0,14.0,27,27,信用需給は判定不能,信用データがデータなし、または売残0で信用倍率を算出不能
2026-08-18,9449,ＧＭＯインターネットグループ,プライム,3955.0,0.64,-6.46,-5.77,-3.64,1.16,151.8,4078.0,4007.0,3831.0,4078.0,4390.0,3831.0,3831.0,4005.29,3883.84,3883.84,14,A,22.18,53.6,-12.61,46.81,4104.32,3565.84,3496.18,-1.41σ,1.24,陰線→陽線 / 前日安値割れ反転 / 2～5日下落後の陽線,なし,買い,BB逆張り,1,0.0,3727.29,4410.41,2.0,直近2～5日まで下落、BB -1σ以下から反発、ストキャス売られ過ぎから反転、%K反転、長い下ヒゲ反転、2～5日下落後の陽線 / 信用需給: 信用データがデータなし、または売残0で信用倍率を算出不能,,https://finance.yahoo.co.jp/quote/9449.T,データなし,データなし,データなし,データなし,データなし,データなし,データなし,データなし,14.0,0,0,14.0,27,27,信用需給は判定不能,信用データがデータなし、または売残0で信用倍率を算出不能
2026-08-18,8424,芙蓉総合リース,プライム,4377.0,0.44,-2.63,-1.77,-1.2,0.75,78.69,4454.0,4409.0,4350.0,4454.0,4518.0,4350.0,4350.0,4394.05,4333.45,4333.45,14,A,16.07,40.09,-6.27,47.3,4430.2,4309.51,4309.37,-1.28σ,1.1,陰線→陽線 / 前日安値割れ反転 / 2～5日下落後の陽線,なし,買い,BB逆張り,1,0.0,4258.97,4613.06,2.0,直近2～5日まで下落、BB -1σ以下から反発、ストキャス売られ過ぎから反転、%K反転、長い下ヒゲ反転、2～5日下落後の陽線 / 信用需給: 信用データがデータなし、または売残0で信用倍率を算出不能,,https://finance.yahoo.co.jp/quote/8424.T,データなし,データなし,データなし,データなし,データなし,データなし,データなし,データなし,14.0,0,0,14.0,27,27,信用需給は判定不能,信用データがデータなし、または売残0で信用倍率を算出不能
2026-08-18,8227,しまむら,プライム,3386.0,1.17,-0.18,-2.78,0.2,0.9,78.13,3399.0,3390.0,3320.0,3399.0,3399.0,3320.0,3278.0,3317.96,3249.37,3249.37,14,A,38.82,40.48,-1.17,50.64,3379.36,3308.84,6166.4,-0.01σ,1.76,陰線→陽線 / 前日安値割れ反転 / 2～5日下落後の陽線,なし,買い,底固め,1,0.0,3268.8,3620.39,2.0,直近2～5日まで下落、%K反転、%D方向改善、長い下ヒゲ反転、2～5日下落後の陽線、出来高増加を伴う反転、直近安値切り上げ、出来高減少後の増加、RSI安値切り上げ / 信用需給: 信用データがデータなし、または売残0で信用倍率を算出不能,,https://finance.yahoo.co.jp/quote/8227.T,データなし,データなし,データなし,データなし,データなし,データなし,データなし,データなし,14.0,0,0,14.0,27,27,信用需給は判定不能,信用データがデータなし、または売残0で信用倍率を算出不能
2026-08-18,7581,サイゼリヤ,プライム,7450.0,1.22,-1.84,-2.99,0.8,0.8,276.36,7500.0,7460.0,7240.0,7500.0,7570.0,7240.0,7040.0,7371.84,7096.18,7096.18,14,A,22.83,20.72,-14.8,55.93,7391.2,5984.4,5973.48,-0.72σ,0.35,陰線→陽線 / 前日安値割れ反転 / 2～5日下落後の陽線,なし,買い,BB逆張り,1,0.0,7035.47,8279.07,2.0,直近2～5日まで下落、BB -1σ以下から反発、ストキャス売られ過ぎから反転、%K反転、長い下ヒゲ反転、2～5日下落後の陽線 / 信用需給: 信用データがデータなし、または売残0で信用倍率を算出不能,,https://finance.yahoo.co.jp/quote/7581.T,データなし,データなし,データなし,データなし,データなし,データなし,データなし,データなし,14.0,0,0,14.0,27,27,信用需給は判定不能,信用データがデータなし、または売残0で信用倍率を算出不能
2026-08-18,4816,東映アニメーション,スタンダード,2830.0,0.6,0.28,-5.19,0.53,0.64,116.69,2867.0,2859.0,2784.0,2867.0,2867.0,2783.0,2611.0,2732.73,2629.41,2629.41,14,A,24.03,32.9,-12.89,53.42,2815.2,2598.73,2650.45,-0.06σ,0.71,陰線→陽線 / 長い下ヒゲ（ハンマー） / 前日安値割れ反転 / 2～5日下落後の陽線,なし,買い,底固め,1,0.0,2654.96,3180.07,2.0,直近2～5日まで下落、ストキャス売られ過ぎから反転、%K反転、長い下ヒゲ反転、2～5日下落後の陽線、直近安値切り上げ、BB幅収縮、RSI安値切り上げ / 信用需給: 信用データがデータなし、または売残0で信用倍率を算出不能,,https://finance.yahoo.co.jp/quote/4816.T,データなし,データなし,データなし,データなし,データなし,データなし,データなし,データなし,14.0,0,0,14.0,27,27,信用需給は判定不能,信用データがデータなし、または売残0で信用倍率を算出不能
2026-08-18,7616,コロワイド,プライム,2010.0,0.25,-3.78,-2.28,-0.25,0.56,51.52,2037.5,2010.0,1981.0,2037.5,2097.5,1981.0,1910.0,1969.41,1911.14,1911.14,14,A,20.42,40.46,-11.99,51.65,2014.94,1883.63,1833.3,-0.30σ,0.83,陰線→陽線 / 前日安値割れ反転 / 2～5日下落後の陽線,なし,買い,底固め,1,0.0,1932.72,2164.57,2.0,直近2～5日まで下落、ストキャス売られ過ぎから反転、%K反転、長い下ヒゲ反転、2～5日下落後の陽線、直近安値切り上げ、BB幅収縮、RSI安値切り上げ / 信用需給: 信用データがデータなし、または売残0で信用倍率を算出不能,,https://finance.yahoo.co.jp/quote/7616.T,データなし,データなし,データなし,データなし,データなし,データなし,データなし,データなし,14.0,0,0,14.0,27,27,信用需給は判定不能,信用データがデータなし、または売残0で信用倍率を算出不能
2026-08-18,4956,コニシ,プライム,1459.0,0.76,-0.21,-1.68,0.72,0.82,33.06,1475.0,1467.0,1440.0,1475.0,1475.0,1440.0,1381.0,1422.54,1396.92,1396.92,13,A,33.33,63.53,2.46,51.74,1448.6,1440.51,1377.58,+0.42σ,0.5,陰線→陽線 / 前日安値割れ反転 / 2～5日下落後の陽線,通常,買い,アンチ,1,0.0,1409.41,1558.17,2.0,直近2～5日まで下落、ストキャス売られ過ぎから反転、%K反転、%D方向改善、長い下ヒゲ反転、2～5日下落後の陽線 / 信用需給: 信用データがデータなし、または売残0で信用倍率を算出不能,,https://finance.yahoo.co.jp/quote/4956.T,データなし,データなし,データなし,データなし,データなし,データなし,データなし,データなし,13.0,0,0,13.0,34,34,信用需給は判定不能,信用データがデータなし、または売残0で信用倍率を算出不能
2026-08-18,7270,ＳＵＢＡＲＵ,プライム,2588.5,1.21,1.21,-1.01,-0.18,0.66,76.04,2595.0,2588.5,2538.5,2595.0,2595.0,2530.0,2444.0,2525.99,2436.12,2436.12,13,A,61.7,40.6,2.59,51.02,2593.18,2499.61,2876.88,-0.30σ,0.68,陰線→陽線 / 強気包み足 / 前日安値割れ反転 / 2～5日下落後の陽線,通常,買い,アンチ,1,0.0,2474.44,2816.61,2.0,直近2～5日まで下落、%K反転、%D方向改善、陽の包み足、長い下ヒゲ反転、2～5日下落後の陽線 / 信用需給: 信用データがデータなし、または売残0で信用倍率を算出不能,,https://finance.yahoo.co.jp/quote/7270.T,データなし,データなし,データなし,データなし,データなし,データなし,データなし,データなし,13.0,0,0,13.0,34,34,信用需給は判定不能,信用データがデータなし、または売残0で信用倍率を算出不能
2026-08-18,4540,ツムラ,プライム,3740.0,0.54,-0.08,-0.45,-2.2,0.8,66.47,3771.0,3759.0,3706.0,3771.0,3772.0,3706.0,3702.0,3729.77,3643.33,3643.33,13,A,37.78,28.0,0.93,44.66,3824.08,3767.0,3860.16,-0.88σ,1.34,前日安値割れ反転,強,買い,BB逆張り / アンチ,2,0.0,3640.3,3939.41,2.0,直近2～5日まで下落、BB -1σ以下から反発、ストキャス売られ過ぎから反転、%K反転、%D方向改善、長い下ヒゲ反転 / 信用需給: 信用データがデータなし、または売残0で信用倍率を算出不能,,https://finance.yahoo.co.jp/quote/4540.T,データなし,データなし,データなし,データなし,データなし,データなし,データなし,データなし,13.0,0,0,13.0,34,34,信用需給は判定不能,信用データがデータなし、または売残0で信用倍率を算出不能
2026-08-18,8133,伊藤忠エネクス,プライム,2184.0,2.1,1.96,1.44,4.39,1.35,45.3,2160.0,2200.0,2139.0,2200.0,2200.0,2115.0,1999.0,2066.34,2026.38,2026.38,13,A,85.84,56.61,3.24,65.15,2092.16,2025.17,1968.37,+1.94σ,0.83,陰線→陽線 / 強気包み足 / 2～5日下落後の陽線,通常,買い,底固め / アンチ,2,0.0,2115.0,2322.0,2.0,直近2～5日まで下落、%K反転、%D方向改善、陽の包み足、2～5日下落後の陽線、直近安値切り上げ、RSI安値切り上げ、レンジ上限突破 / 信用需給: 信用データがデータなし、または売残0で信用倍率を算出不能,,https://finance.yahoo.co.jp/quote/8133.T,データなし,データなし,データなし,データなし,データなし,データなし,データなし,データなし,13.0,0,0,13.0,34,34,信用需給は判定不能,信用データがデータなし、または売残0で信用倍率を算出不能
2026-08-18,8031,三井物産,プライム,4873.0,1.61,-0.43,-0.14,0.63,1.02,125.06,4893.0,4903.0,4775.0,4903.0,4930.0,4766.0,4662.0,4807.9,4737.61,4737.61,13,A,51.2,51.98,-1.07,52.17,4842.64,5030.91,5066.26,-0.07σ,0.66,陰線→陽線 / 強気包み足 / 2～5日下落後の陽線,なし,買い,底固め,1,0.0,4685.41,5248.18,2.0,直近2～5日まで下落、%K反転、%D方向改善、陽の包み足、2～5日下落後の陽線、直近安値切り上げ、BB幅収縮、RSI安値切り上げ / 信用需給: 信用データがデータなし、または売残0で信用倍率を算出不能,,https://finance.yahoo.co.jp/quote/8031.T,データなし,データなし,データなし,データなし,データなし,データなし,データなし,データなし,13.0,0,0,13.0,34,34,信用需給は判定不能,信用データがデータなし、または売残0で信用倍率を算出不能
2026-08-18,2212,山崎製パン,プライム,3467.0,0.0,-0.86,-1.9,1.26,0.59,105.11,3530.0,3495.0,3433.0,3530.0,3565.0,3433.0,3196.0,3341.02,3231.39,3231.39,13,A,19.32,54.96,1.36,53.47,3423.72,3245.95,3291.85,+0.15σ,0.53,陰線→陽線 / 長い下ヒゲ（ハンマー） / 2～5日下落後の陽線,通常,買い,アンチ,1,0.0,3309.33,3782.34,2.0,直近2～5日まで下落、ストキャス売られ過ぎから反転、%K反転、%D方向改善、長い下ヒゲ反転、2～5日下落後の陽線 / 信用需給: 信用データがデータなし、または売残0で信用倍率を算出不能,,https://finance.yahoo.co.jp/quote/2212.T,データなし,データなし,データなし,データなし,データなし,データなし,データなし,データなし,13.0,0,0,13.0,34,34,信用需給は判定不能,信用データがデータなし、または売残0で信用倍率を算出不能
2026-08-18,9303,住友倉庫,プライム,4120.0,1.73,-0.24,0.49,2.22,1.08,92.86,4090.0,4135.0,4035.0,4135.0,4135.0,4005.0,3910.0,3989.48,3921.97,3921.97,13,A,63.33,48.34,-4.32,58.04,4030.6,3907.73,3776.0,+0.93σ,0.59,陰線→陽線 / 強気包み足 / 2～5日下落後の陽線,なし,買い,底固め,1,0.0,3980.71,4398.59,2.0,直近2～5日まで下落、%K反転、%D方向改善、陽の包み足、2～5日下落後の陽線、直近安値切り上げ、BB幅収縮、RSI安値切り上げ / 信用需給: 信用データがデータなし、または売残0で信用倍率を算出不能,,https://finance.yahoo.co.jp/quote/9303.T,データなし,データなし,データなし,データなし,データなし,データなし,データなし,データなし,13.0,0,0,13.0,34,34,信用需給は判定不能,信用データがデータなし、または売残0で信用倍率を算出不能
2026-08-18,3907,シリコンスタジオ,スタンダード,1528.0,3.59,3.8,-6.26,30.47,0.67,201.68,1550.0,1570.0,1434.0,1570.0,1636.0,1390.0,674.0,1006.85,736.35,736.35,13,除外,34.85,61.72,5.02,59.4,1171.12,1056.84,855.13,+0.93σ,0.26,陰線→陽線 / 強気包み足 / 前日安値割れ反転 / 2～5日下落後の陽線,通常,買い,アンチ,1,0.0,1225.48,2133.04,2.0,直近2～5日まで下落、%K反転、%D方向改善、陽の包み足、長い下ヒゲ反転、2～5日下落後の陽線 / 信用需給: 信用データがデータなし、または売残0で信用倍率を算出不能,急騰済み（25日線上方乖離）,https://finance.yahoo.co.jp/quote/3907.T,データなし,データなし,データなし,データなし,データなし,データなし,データなし,データなし,13.0,0,0,13.0,34,34,信用需給は判定不能,信用データがデータなし、または売残0で信用倍率を算出不能
2026-08-18,3048,ビックカメラ,プライム,1730.0,0.82,0.46,0.52,0.92,1.02,35.24,1738.0,1739.5,1703.5,1739.5,1739.5,1703.5,1665.0,1693.09,1654.15,1654.15,13,A,80.61,46.9,10.78,53.47,1714.24,1701.85,1691.34,-0.05σ,1.27,陰線→陽線 / 強気包み足 / 前日安値割れ反転 / 2～5日下落後の陽線,通常,買い,アンチ,1,0.0,1677.14,1835.72,2.0,直近2～5日まで下落、%K反転、%D方向改善、陽の包み足、長い下ヒゲ反転、2～5日下落後の陽線 / 信用需給: 信用データがデータなし、または売残0で信用倍率を算出不能,,https://finance.yahoo.co.jp/quote/3048.T,データなし,データなし,データなし,データなし,データなし,データなし,データなし,データなし,13.0,0,0,13.0,34,34,信用需給は判定不能,信用データがデータなし、または売残0で信用倍率を算出不能
2026-08-18,8111,ゴールドウイン,プライム,2119.0,1.0,-0.68,-0.16,-5.82,0.78,59.33,2146.0,2146.0,2100.0,2146.0,2146.0,2098.0,2031.0,2142.58,2042.51,2042.51,13,A,57.14,27.1,2.79,40.22,2249.9,2200.17,2418.41,-1.24σ,1.07,陰線→陽線 / はらみ足 / 2～5日下落後の陽線,通常,買い,BB逆張り / アンチ,2,0.0,2030.01,2296.98,2.0,直近2～5日まで下落、RSI40以下から反転上昇、BB -1σ以下から反発、%K反転、%D方向改善、2～5日下落後の陽線 / 信用需給: 信用データがデータなし、または売残0で信用倍率を算出不能,,https://finance.yahoo.co.jp/quote/8111.T,データなし,データなし,データなし,データなし,データなし,データなし,データなし,データなし,13.0,0,0,13.0,34,34,信用需給は判定不能,信用データがデータなし、または売残0で信用倍率を算出不能
2026-08-18,7267,本田技研工業,プライム,1713.0,1.54,3.98,1.24,6.61,1.32,48.53,1721.0,1717.0,1653.0,1721.0,1721.0,1632.0,1510.0,1574.49,1521.17,1521.17,13,A,91.01,71.98,5.52,65.26,1606.8,1477.19,1488.8,+1.60σ,0.86,強気包み足 / 前日安値割れ反転 / 2～5日下落後の陽線,通常,買い,アンチ,1,0.0,1632.0,1875.0,2.0,直近2～5日まで下落、%K反転、%D方向改善、陽の包み足、長い下ヒゲ反転、2～5日下落後の陽線 / 信用需給: 信用データがデータなし、または売残0で信用倍率を算出不能,,https://finance.yahoo.co.jp/quote/7267.T,データなし,データなし,データなし,データなし,データなし,データなし,データなし,データなし,13.0,0,0,13.0,34,34,信用需給は判定不能,信用データがデータなし、または売残0で信用倍率を算出不能
2026-08-18,4813,ＡＣＣＥＳＳ,プライム,430.0,6.17,2.38,0.23,17.2,1.39,28.72,430.0,432.0,392.0,432.0,447.0,392.0,327.0,336.01,298.77,298.77,13,除外,76.92,66.97,4.86,61.08,366.88,419.87,516.34,+1.52σ,0.79,陰線→陽線 / 強気包み足 / 前日安値割れ反転 / 2～5日下落後の陽線,強,買い,アンチ,1,0.0,386.92,516.16,2.0,直近2～5日まで下落、%K反転、%D方向改善、陽の包み足、長い下ヒゲ反転、2～5日下落後の陽線 / 信用需給: 信用データがデータなし、または売残0で信用倍率を算出不能,急騰済み（25日線上方乖離）,https://finance.yahoo.co.jp/quote/4813.T,データなし,データなし,データなし,データなし,データなし,データなし,データなし,データなし,13.0,0,0,13.0,34,34,信用需給は判定不能,信用データがデータなし、または売残0で信用倍率を算出不能
2026-08-18,3825,リミックスポイント,スタンダード,214.0,2.39,-3.6,0.94,4.94,1.15,13.1,221.0,225.0,210.0,225.0,263.0,207.0,185.0,193.72,183.68,183.68,12,A,22.22,69.47,-7.32,56.22,203.92,200.25,236.44,+1.02σ,1.29,陰線→陽線 / 2～5日下落後の陽線,なし,買い,底固め,1,0.0,194.35,253.29,2.0,直近2～5日まで下落、ストキャス売られ過ぎから反転、%K反転、2～5日下落後の陽線、直近安値切り上げ、BB幅収縮、RSI安値切り上げ / 信用需給: 信用データがデータなし、または売残0で信用倍率を算出不能,,https://finance.yahoo.co.jp/quote/3825.T,データなし,データなし,データなし,データなし,データなし,データなし,データなし,データなし,12.0,0,0,12.0,46,46,信用需給は判定不能,信用データがデータなし、または売残0で信用倍率を算出不能
2026-08-18,7071,アンビスホールディングス,プライム,423.0,1.68,8.74,8.46,10.28,1.74,16.05,419.0,426.0,398.0,426.0,426.0,380.0,360.0,370.28,355.61,355.61,12,除外,93.48,64.4,6.83,70.15,383.56,365.57,430.24,+2.59σ,1.45,強気包み足 / 前日安値割れ反転,なし,買い,底固め,1,0.0,380.0,509.0,2.0,%K反転、%D方向改善、陽の包み足、長い下ヒゲ反転、出来高増加を伴う反転、直近下落なし（B以下に制限）、直近安値切り上げ、BB幅収縮、RSI安値切り上げ、レンジ上限突破 / 信用需給: 信用データがデータなし、または売残0で信用倍率を算出不能,急騰済み（25日線上方乖離、BB +2σ大幅超過）,https://finance.yahoo.co.jp/quote/7071.T,データなし,データなし,データなし,データなし,データなし,データなし,データなし,データなし,12.0,0,0,12.0,46,46,信用需給は判定不能,信用データがデータなし、または売残0で信用倍率を算出不能
2026-08-18,3778,さくらインターネット,プライム,4300.0,13.16,16.69,29.71,33.56,2.77,231.07,3970.0,4350.0,3710.0,4350.0,4350.0,3345.0,2778.0,2906.4,2513.51,2513.51,12,除外,95.31,83.74,12.07,75.72,3219.44,3038.16,3014.6,+2.55σ,3.5,陰線→陽線 / 強気包み足 / 前日安値割れ反転,強,買い,底固め / アンチ,2,0.0,3345.0,6210.0,2.0,%K反転、%D方向改善、陽の包み足、長い下ヒゲ反転、出来高増加を伴う反転、直近下落なし（B以下に制限）、直近安値切り上げ、出来高減少後の増加、RSI安値切り上げ、レンジ上限突破 / 信用需給: 信用データがデータなし、または売残0で信用倍率を算出不能,急騰済み（当日急騰、3営業日急騰、5営業日急騰、25日線上方乖離、高RSI、BB +2σ大幅超過、ストップ高に近い急騰）,https://finance.yahoo.co.jp/quote/3778.T,データなし,データなし,データなし,データなし,データなし,データなし,データなし,データなし,12.0,0,0,12.0,46,46,信用需給は判定不能,信用データがデータなし、または売残0で信用倍率を算出不能
2026-08-18,2160,ジーエヌアイグループ,グロース,2854.0,6.77,-1.48,-2.09,9.12,1.49,133.13,2987.0,2872.0,2674.0,2987.0,2987.0,2662.0,2250.0,2444.27,2255.09,2255.09,12,A,59.08,81.95,2.25,57.79,2615.36,2703.63,2722.53,+1.17σ,1.57,陰線→陽線 / はらみ足 / 2～5日下落後の陽線,通常,買い,アンチ,1,0.0,2654.3,3253.39,2.0,直近2～5日まで下落、ストキャス売られ過ぎから反転、%K反転、2～5日下落後の陽線、出来高増加を伴う反転 / 信用需給: 信用データがデータなし、または売残0で信用倍率を算出不能,,https://finance.yahoo.co.jp/quote/2160.T,データなし,データなし,データなし,データなし,データなし,データなし,データなし,データなし,12.0,0,0,12.0,46,46,信用需給は判定不能,信用データがデータなし、または売残0で信用倍率を算出不能
2026-08-18,2371,カカクコム,プライム,3710.0,0.27,-0.11,-0.27,1.04,0.62,30.48,3719.0,3720.0,3701.0,3720.0,3740.0,3700.0,3607.0,3656.62,3625.74,3625.74,12,A,25.0,58.22,-20.44,68.64,3671.96,3428.09,2649.24,+0.73σ,0.74,2～5日下落後の陽線,なし,買い,底固め,1,0.0,3664.28,3801.43,2.0,直近2～5日まで下落、ストキャス売られ過ぎから反転、%K反転、2～5日下落後の陽線、直近安値切り上げ、ATR低下、BB幅収縮 / 信用需給: 信用データがデータなし、または売残0で信用倍率を算出不能,,https://finance.yahoo.co.jp/quote/2371.T,データなし,データなし,データなし,データなし,データなし,データなし,データなし,データなし,12.0,0,0,12.0,46,46,信用需給は判定不能,信用データがデータなし、または売残0で信用倍率を算出不能
2026-08-18,8570,イオンフィナンシャルサービス,プライム,1642.0,1.7,-0.18,1.17,3.99,1.12,32.24,1638.0,1647.5,1611.5,1647.5,1647.5,1611.5,1519.5,1554.87,1521.19,1521.19,12,A,83.57,75.46,10.35,64.83,1579.04,1533.51,1590.96,+1.59σ,1.12,陰線→陽線 / 前日安値割れ反転 / 2～5日下落後の陽線,強,買い,底固め / アンチ,2,0.0,1593.63,1738.73,2.0,直近2～5日まで下落、%K反転、%D方向改善、長い下ヒゲ反転、2～5日下落後の陽線、直近安値切り上げ、BB幅収縮、RSI安値切り上げ / 信用需給: 信用データがデータなし、または売残0で信用倍率を算出不能,,https://finance.yahoo.co.jp/quote/8570.T,データなし,データなし,データなし,データなし,データなし,データなし,データなし,データなし,12.0,0,0,12.0,46,46,信用需給は判定不能,信用データがデータなし、または売残0で信用倍率を算出不能
2026-08-18,8841,テーオーシー,スタンダード,1055.0,8.09,8.32,6.57,12.74,1.89,35.44,989.0,1093.0,1026.0,1093.0,1093.0,951.0,866.0,898.06,856.82,856.82,12,除外,73.24,78.32,1.99,70.56,935.76,977.87,908.56,+2.81σ,5.05,2～5日下落後の陽線,通常,買い,底固め / アンチ,2,0.0,951.0,1263.0,2.0,直近2～5日まで下落、%K反転、%D方向改善、2～5日下落後の陽線、出来高増加を伴う反転、直近安値切り上げ、出来高減少後の増加、RSI安値切り上げ、レンジ上限突破 / 信用需給: 信用データがデータなし、または売残0で信用倍率を算出不能,急騰済み（当日急騰、25日線上方乖離、BB +2σ大幅超過、ストップ高に近い急騰）,https://finance.yahoo.co.jp/quote/8841.T,データなし,データなし,データなし,データなし,データなし,データなし,データなし,データなし,12.0,0,0,12.0,46,46,信用需給は判定不能,信用データがデータなし、または売残0で信用倍率を算出不能
2026-08-18,4502,武田薬品工業,プライム,5702.0,3.43,2.57,2.15,3.25,1.7,130.86,5640.0,5727.0,5504.0,5727.0,5727.0,5482.0,5225.0,5419.75,5274.09,5274.09,12,A,91.53,61.09,15.08,59.78,5522.64,5266.93,5166.3,+0.94σ,1.11,陰線→陽線 / 前日安値割れ反転 / 2～5日下落後の陽線,通常,買い,底固め / アンチ,2,0.0,5482.0,6142.0,2.0,直近2～5日まで下落、%K反転、%D方向改善、長い下ヒゲ反転、2～5日下落後の陽線、直近安値切り上げ、RSI安値切り上げ、レンジ上限突破 / 信用需給: 信用データがデータなし、または売残0で信用倍率を算出不能,,https://finance.yahoo.co.jp/quote/4502.T,データなし,データなし,データなし,データなし,データなし,データなし,データなし,データなし,12.0,0,0,12.0,46,46,信用需給は判定不能,信用データがデータなし、または売残0で信用倍率を算出不能
2026-08-18,4552,ＪＣＲファーマ,プライム,525.0,5.42,-0.38,3.35,3.55,1.52,19.09,524.0,531.0,502.0,531.0,531.0,496.0,453.0,489.58,471.5,471.5,12,A,87.23,66.36,14.78,58.39,507.0,491.77,590.61,+0.96σ,1.89,陰線→陽線 / 2～5日下落後の陽線,強,買い,底固め / アンチ,2,0.0,496.0,583.0,2.0,直近2～5日まで下落、%K反転、%D方向改善、2～5日下落後の陽線、出来高増加を伴う反転、直近安値切り上げ、BB幅収縮、RSI安値切り上げ / 信用需給: 信用データがデータなし、または売残0で信用倍率を算出不能,,https://finance.yahoo.co.jp/quote/4552.T,データなし,データなし,データなし,データなし,データなし,データなし,データなし,データなし,12.0,0,0,12.0,46,46,信用需給は判定不能,信用データがデータなし、または売残0で信用倍率を算出不能
2026-08-18,2811,カゴメ,プライム,2654.0,0.99,0.15,-0.23,-1.13,1.41,56.33,2655.5,2690.5,2611.0,2690.5,2690.5,2589.0,2527.0,2592.39,2507.87,2507.87,12,A,64.04,53.36,13.6,49.29,2684.4,2617.45,2704.81,-0.27σ,1.68,陰線→陽線 / 長い下ヒゲ（ハンマー） / 2～5日下落後の陽線,通常,買い,アンチ,1,0.0,2569.5,2822.99,2.0,直近2～5日まで下落、%K反転、%D方向改善、長い下ヒゲ反転、2～5日下落後の陽線、出来高増加を伴う反転 / 信用需給: 信用データがデータなし、または売残0で信用倍率を算出不能,,https://finance.yahoo.co.jp/quote/2811.T,データなし,データなし,データなし,データなし,データなし,データなし,データなし,データなし,12.0,0,0,12.0,46,46,信用需給は判定不能,信用データがデータなし、または売残0で信用倍率を算出不能
2026-08-18,4819,デジタルガレージ,プライム,2237.0,1.68,-3.78,-2.14,-2.92,0.71,97.18,2370.0,2273.0,2204.0,2370.0,2420.0,2177.0,2177.0,2243.8,2179.54,2179.54,12,A,24.69,31.15,-15.63,48.81,2304.4,2163.57,2409.81,-1.11σ,1.21,陰線→陽線 / はらみ足 / 2～5日下落後の陽線,なし,買い,BB逆張り,1,0.0,2091.23,2528.54,2.0,直近2～5日まで下落、BB -1σ以下から反発、ストキャス売られ過ぎから反転、%K反転、2～5日下落後の陽線 / 信用需給: 信用データがデータなし、または売残0で信用倍率を算出不能,,https://finance.yahoo.co.jp/quote/4819.T,データなし,データなし,データなし,データなし,データなし,データなし,データなし,データなし,12.0,0,0,12.0,46,46,信用需給は判定不能,信用データがデータなし、または売残0で信用倍率を算出不能
2026-08-18,4293,セプテーニ・ホールディングス,スタンダード,507.0,0.8,0.2,-0.59,-0.3,0.84,15.44,509.0,513.0,500.0,513.0,514.0,500.0,481.0,499.24,490.47,490.47,12,A,78.79,50.82,5.79,51.68,508.52,488.85,449.5,-0.11σ,0.5,陰線→陽線 / 前日安値割れ反転 / 2～5日下落後の陽線,通常,買い,底固め / アンチ,2,0.0,483.83,553.33,2.0,直近2～5日まで下落、%K反転、%D方向改善、長い下ヒゲ反転、2～5日下落後の陽線、直近安値切り上げ、BB幅収縮、RSI安値切り上げ / 信用需給: 信用データがデータなし、または売残0で信用倍率を算出不能,,https://finance.yahoo.co.jp/quote/4293.T,データなし,データなし,データなし,データなし,データなし,データなし,データなし,データなし,12.0,0,0,12.0,46,46,信用需給は判定不能,信用データがデータなし、または売残0で信用倍率を算出不能
2026-08-18,5929,三和ホールディングス,プライム,3577.0,0.7,-2.69,-2.21,-3.41,0.55,100.49,3641.0,3590.0,3535.0,3641.0,3672.0,3535.0,3258.0,3552.34,3403.08,3403.08,12,A,21.0,49.77,-5.16,42.89,3703.12,3631.45,3815.12,-0.83σ,0.68,前日安値割れ反転,なし,買い,BB逆張り,1,0.0,3426.26,3878.47,2.0,直近2～5日まで下落、BB -1σ以下から反発、ストキャス売られ過ぎから反転、%K反転、長い下ヒゲ反転 / 信用需給: 信用データがデータなし、または売残0で信用倍率を算出不能,,https://finance.yahoo.co.jp/quote/5929.T,データなし,データなし,データなし,データなし,データなし,データなし,データなし,データなし,12.0,0,0,12.0,46,46,信用需給は判定不能,信用データがデータなし、または売残0で信用倍率を算出不能
2026-08-18,6849,日本光電工業,プライム,1472.5,0.99,0.96,-2.81,-4.34,0.93,50.23,1493.0,1491.5,1445.0,1493.0,1493.0,1431.0,1342.5,1476.99,1416.86,1416.86,12,A,70.46,43.94,3.12,44.97,1539.28,1470.03,1574.0,-1.07σ,0.83,陰線→陽線 / 前日安値割れ反転 / 2～5日下落後の陽線,通常,買い,BB逆張り / アンチ,2,0.0,1397.15,1623.19,2.0,直近2～5日まで下落、BB -1σ以下から反発、%K反転、%D方向改善、長い下ヒゲ反転、2～5日下落後の陽線 / 信用需給: 信用データがデータなし、または売残0で信用倍率を算出不能,,https://finance.yahoo.co.jp/quote/6849.T,データなし,データなし,データなし,データなし,データなし,データなし,データなし,データなし,12.0,0,0,12.0,46,46,信用需給は判定不能,信用データがデータなし、または売残0で信用倍率を算出不能
2026-08-18,3612,ワールド,プライム,1649.0,1.35,2.17,2.81,2.18,1.09,25.64,1647.0,1653.0,1625.0,1653.0,1653.0,1603.0,1573.0,1592.45,1571.39,1571.39,12,A,93.65,55.24,11.08,60.69,1613.76,1560.05,1535.67,+1.69σ,1.35,陰線→陽線 / 強気包み足 / 前日安値割れ反転,通常,買い,底固め / アンチ,2,0.0,1603.0,1741.0,2.0,%K反転、%D方向改善、陽の包み足、長い下ヒゲ反転、出来高増加を伴う反転、直近下落なし（B以下に制限）、直近安値切り上げ、BB幅収縮、RSI安値切り上げ、レンジ上限突破 / 信用需給: 信用データがデータなし、または売残0で信用倍率を算出不能,,https://finance.yahoo.co.jp/quote/3612.T,データなし,データなし,データなし,データなし,データなし,データなし,データなし,データなし,12.0,0,0,12.0,46,46,信用需給は判定不能,信用データがデータなし、または売残0で信用倍率を算出不能
2026-08-18,7453,良品計画,プライム,4303.0,-0.97,-3.95,-4.93,-0.16,0.45,147.86,4463.0,4329.0,4262.0,4463.0,4517.0,4262.0,4040.0,4205.39,4090.38,4090.38,12,A,11.29,59.4,-2.82,53.81,4309.84,3829.08,3487.63,-0.15σ,0.65,陰線→陽線 / 2～5日下落後の陽線,なし,買い,底固め,1,0.0,4081.22,4746.57,2.0,直近2～5日まで下落、ストキャス売られ過ぎから反転、%K反転、2～5日下落後の陽線、直近安値切り上げ、ATR低下、BB幅収縮 / 信用需給: 信用データがデータなし、または売残0で信用倍率を算出不能,,https://finance.yahoo.co.jp/quote/7453.T,データなし,データなし,データなし,データなし,データなし,データなし,データなし,データなし,12.0,0,0,12.0,46,46,信用需給は判定不能,信用データがデータなし、または売残0で信用倍率を算出不能
2026-08-18,9042,阪急阪神ホールディングス,プライム,4653.0,0.39,0.19,2.35,-0.94,0.78,117.5,4674.0,4681.0,4589.0,4681.0,4689.0,4563.0,4428.0,4530.41,4363.63,4363.63,11,A,75.58,44.91,12.93,50.71,4697.32,4578.61,4377.07,-0.27σ,0.52,陰線→陽線 / 強気包み足 / 前日安値割れ反転,通常,買い,底固め / アンチ,2,0.0,4476.75,5005.5,2.0,%K反転、%D方向改善、陽の包み足、長い下ヒゲ反転、直近下落なし（B以下に制限）、直近安値切り上げ、BB幅収縮、RSI安値切り上げ / 信用需給: 信用データがデータなし、または売残0で信用倍率を算出不能,,https://finance.yahoo.co.jp/quote/9042.T,データなし,データなし,データなし,データなし,データなし,データなし,データなし,データなし,11.0,0,0,11.0,62,62,信用需給は判定不能,信用データがデータなし、または売残0で信用倍率を算出不能
2026-08-18,2121,ＭＩＸＩ,プライム,3430.0,3.78,4.41,2.85,11.04,1.26,95.34,3340.0,3440.0,3320.0,3440.0,3440.0,3250.0,2810.0,2922.14,2718.18,2718.18,11,除外,95.83,72.81,1.91,69.72,3089.08,2815.63,2767.28,+1.49σ,1.36,陰線→陽線 / 2～5日下落後の陽線,強,買い,底固め / アンチ,2,0.0,3250.0,3790.0,2.0,直近2～5日まで下落、%K反転、2～5日下落後の陽線、出来高増加を伴う反転、直近安値切り上げ、出来高減少後の増加、RSI安値切り上げ、レンジ上限突破 / 信用需給: 信用データがデータなし、または売残0で信用倍率を算出不能,急騰済み（25日線上方乖離）,https://finance.yahoo.co.jp/quote/2121.T,データなし,データなし,データなし,データなし,データなし,データなし,データなし,データなし,11.0,0,0,11.0,62,62,信用需給は判定不能,信用データがデータなし、または売残0で信用倍率を算出不能
2026-08-18,4418,ＪＤＳＣ,グロース,970.0,0.62,21.1,23.57,16.36,1.11,53.06,1002.0,1008.0,949.0,1008.0,1008.0,771.0,728.0,760.82,703.39,703.39,11,除外,85.04,64.39,13.48,71.35,833.6,757.27,968.76,+2.64σ,1.85,強気包み足,なし,買い,底固め,1,0.0,771.0,1368.0,2.0,%K反転、%D方向改善、陽の包み足、出来高増加を伴う反転、直近下落なし（B以下に制限）、直近安値切り上げ、BB幅収縮、RSI安値切り上げ / 信用需給: 信用データがデータなし、または売残0で信用倍率を算出不能,急騰済み（3営業日急騰、5営業日急騰、25日線上方乖離、BB +2σ大幅超過）,https://finance.yahoo.co.jp/quote/4418.T,データなし,データなし,データなし,データなし,データなし,データなし,データなし,データなし,11.0,0,0,11.0,62,62,信用需給は判定不能,信用データがデータなし、または売残0で信用倍率を算出不能
2026-08-18,9831,ヤマダホールディングス,プライム,707.7,3.28,2.39,5.12,1.04,1.52,21.38,699.0,710.5,677.9,710.5,710.5,675.0,650.5,680.45,655.38,655.38,11,A,94.65,46.56,17.67,56.27,700.45,649.38,567.69,+0.09σ,0.82,陰線→陽線 / 強気包み足 / 前日安値割れ反転,通常,買い,底固め / アンチ,2,0.0,675.0,773.1,2.0,%K反転、%D方向改善、陽の包み足、長い下ヒゲ反転、直近下落なし（B以下に制限）、直近安値切り上げ、BB幅収縮、RSI安値切り上げ / 信用需給: 信用データがデータなし、または売残0で信用倍率を算出不能,,https://finance.yahoo.co.jp/quote/9831.T,データなし,データなし,データなし,データなし,データなし,データなし,データなし,データなし,11.0,0,0,11.0,62,62,信用需給は判定不能,信用データがデータなし、または売残0で信用倍率を算出不能
2026-08-18,1514,住石ホールディングス,スタンダード,667.0,3.41,4.22,6.89,11.35,1.32,23.54,655.0,670.0,639.0,670.0,670.0,616.0,557.0,577.01,549.86,549.86,11,除外,96.25,84.6,15.38,73.53,599.0,598.49,681.98,+2.32σ,2.29,陰線→陽線 / 強気包み足,通常,買い,底固め / アンチ,2,0.0,616.0,769.0,2.0,%K反転、%D方向改善、陽の包み足、出来高増加を伴う反転、直近下落なし（B以下に制限）、直近安値切り上げ、BB幅収縮、RSI安値切り上げ、レンジ上限突破 / 信用需給: 信用データがデータなし、または売残0で信用倍率を算出不能,急騰済み（25日線上方乖離、高RSI、BB +2σ大幅超過）,https://finance.yahoo.co.jp/quote/1514.T,データなし,データなし,データなし,データなし,データなし,データなし,データなし,データなし,11.0,0,0,11.0,62,62,信用需給は判定不能,信用データがデータなし、または売残0で信用倍率を算出不能
2026-08-18,4641,アルプス技研,プライム,844.0,1.44,2.55,6.03,3.03,1.34,18.59,842.0,845.0,820.0,845.0,845.0,804.0,762.0,805.55,788.45,788.45,11,A,98.8,58.11,16.49,61.28,819.16,800.97,850.09,+1.25σ,0.77,陰線→陽線 / 強気包み足 / 前日安値割れ反転,通常,買い,底固め / アンチ,2,0.0,804.0,924.0,2.0,%K反転、%D方向改善、陽の包み足、長い下ヒゲ反転、直近下落なし（B以下に制限）、直近安値切り上げ、BB幅収縮、RSI安値切り上げ、レンジ上限突破 / 信用需給: 信用データがデータなし、または売残0で信用倍率を算出不能,,https://finance.yahoo.co.jp/quote/4641.T,データなし,データなし,データなし,データなし,データなし,データなし,データなし,データなし,11.0,0,0,11.0,62,62,信用需給は判定不能,信用データがデータなし、または売残0で信用倍率を算出不能
2026-08-18,4784,ＧＭＯインターネット,プライム,584.0,7.95,5.61,7.55,7.96,1.61,27.34,592.0,588.0,544.0,592.0,592.0,531.0,495.0,517.09,493.99,493.99,11,A,88.06,55.03,-8.43,60.99,540.96,527.64,689.65,+1.90σ,2.24,陰線→陽線 / はらみ足 / 2～5日下落後の陽線,なし,買い,底固め,1,0.0,531.0,690.0,2.0,直近2～5日まで下落、%K反転、2～5日下落後の陽線、出来高増加を伴う反転、直近安値切り上げ、BB幅収縮、RSI安値切り上げ / 信用需給: 信用データがデータなし、または売残0で信用倍率を算出不能,,https://finance.yahoo.co.jp/quote/4784.T,データなし,データなし,データなし,データなし,データなし,データなし,データなし,データなし,11.0,0,0,11.0,62,62,信用需給は判定不能,信用データがデータなし、または売残0で信用倍率を算出不能
2026-08-18,4392,ＦＩＧ,プライム,1325.0,7.72,47.22,45.13,33.87,1.74,110.35,1279.0,1377.0,1185.0,1377.0,1377.0,860.0,811.0,838.65,708.61,708.61,11,除外,90.81,72.33,24.66,69.15,989.76,1168.92,638.0,+2.74σ,8.91,強気包み足,通常,買い,底固め / アンチ,2,0.0,860.0,2255.0,2.0,%K反転、%D方向改善、陽の包み足、出来高増加を伴う反転、直近下落なし（B以下に制限）、直近安値切り上げ、ATR低下、RSI安値切り上げ、レンジ上限突破 / 信用需給: 信用データがデータなし、または売残0で信用倍率を算出不能,急騰済み（3営業日急騰、5営業日急騰、25日線上方乖離、BB +2σ大幅超過）,https://finance.yahoo.co.jp/quote/4392.T,データなし,データなし,データなし,データなし,データなし,データなし,データなし,データなし,11.0,0,0,11.0,62,62,信用需給は判定不能,信用データがデータなし、または売残0で信用倍率を算出不能
2026-08-18,4413,ボードルア,プライム,2942.0,2.83,6.83,5.52,0.74,1.14,134.68,2926.0,2978.0,2825.0,2978.0,2978.0,2735.0,2604.0,2728.38,2597.85,2597.85,11,A,90.19,47.79,11.57,56.03,2920.52,2597.01,2365.17,+0.64σ,0.72,陰線→陽線 / 強気包み足 / 前日安値割れ反転,なし,買い,底固め,1,0.0,2735.0,3356.0,2.0,%K反転、%D方向改善、陽の包み足、長い下ヒゲ反転、直近下落なし（B以下に制限）、直近安値切り上げ、BB幅収縮、RSI安値切り上げ、レンジ上限突破 / 信用需給: 信用データがデータなし、または売残0で信用倍率を算出不能,,https://finance.yahoo.co.jp/quote/4413.T,データなし,データなし,データなし,データなし,データなし,データなし,データなし,データなし,11.0,0,0,11.0,62,62,信用需給は判定不能,信用データがデータなし、または売残0で信用倍率を算出不能
2026-08-18,7014,名村造船所,スタンダード,4620.0,2.44,4.52,7.19,9.43,1.19,236.2,4595.0,4670.0,4390.0,4670.0,4670.0,4280.0,3720.0,4147.74,3989.97,3989.97,11,A,89.47,56.74,9.49,66.27,4221.8,3940.87,4286.88,+1.99σ,1.1,強気包み足 / 前日安値割れ反転,なし,買い,底固め,1,0.0,4265.71,5328.59,2.0,%K反転、%D方向改善、陽の包み足、長い下ヒゲ反転、直近下落なし（B以下に制限）、直近安値切り上げ、BB幅収縮、RSI安値切り上げ / 信用需給: 信用データがデータなし、または売残0で信用倍率を算出不能,,https://finance.yahoo.co.jp/quote/7014.T,データなし,データなし,データなし,データなし,データなし,データなし,データなし,データなし,11.0,0,0,11.0,62,62,信用需給は判定不能,信用データがデータなし、または売残0で信用倍率を算出不能
2026-08-18,3837,アドソル日進,プライム,1529.0,0.46,3.87,11.04,3.13,0.96,48.95,1544.0,1542.0,1495.0,1544.0,1544.0,1368.0,1357.0,1441.56,1399.82,1399.82,11,A,91.98,51.21,6.85,58.78,1482.56,1443.67,1530.56,+1.09σ,0.84,強気包み足 / 長い下ヒゲ（ハンマー） / 前日安値割れ反転,通常,買い,底固め / アンチ,2,0.0,1368.0,1851.0,2.0,%K反転、%D方向改善、陽の包み足、長い下ヒゲ反転、直近下落なし（B以下に制限）、直近安値切り上げ、BB幅収縮、RSI安値切り上げ / 信用需給: 信用データがデータなし、または売残0で信用倍率を算出不能,,https://finance.yahoo.co.jp/quote/3837.T,データなし,データなし,データなし,データなし,データなし,データなし,データなし,データなし,11.0,0,0,11.0,62,62,信用需給は判定不能,信用データがデータなし、または売残0で信用倍率を算出不能
2026-08-18,7181,かんぽ生命保険,プライム,1702.0,1.22,1.52,4.67,-0.42,0.75,52.01,1705.0,1702.0,1663.0,1705.0,1714.0,1628.5,1603.0,1678.37,1631.4,1631.4,11,A,53.51,41.86,-3.1,51.9,1709.2,1588.19,1560.79,-0.50σ,0.83,陰線→陽線 / 強気包み足 / 前日安値割れ反転,なし,買い,底固め,1,0.0,1623.99,1858.02,2.0,%K反転、%D方向改善、陽の包み足、長い下ヒゲ反転、直近下落なし（B以下に制限）、直近安値切り上げ、BB幅収縮、RSI安値切り上げ / 信用需給: 信用データがデータなし、または売残0で信用倍率を算出不能,,https://finance.yahoo.co.jp/quote/7181.T,データなし,データなし,データなし,データなし,データなし,データなし,データなし,データなし,11.0,0,0,11.0,62,62,信用需給は判定不能,信用データがデータなし、または売残0で信用倍率を算出不能
2026-08-18,3679,じげん,プライム,457.0,2.47,8.55,9.33,9.49,1.84,11.44,452.0,457.0,436.0,457.0,457.0,413.0,396.0,407.54,394.52,394.52,11,除外,100.0,64.67,7.91,76.25,417.4,402.08,437.66,+2.80σ,1.63,強気包み足,通常,買い,底固め / アンチ,2,0.0,413.0,545.0,2.0,%K反転、%D方向改善、陽の包み足、出来高増加を伴う反転、直近下落なし（B以下に制限）、直近安値切り上げ、BB幅収縮、RSI安値切り上げ、レンジ上限突破 / 信用需給: 信用データがデータなし、または売残0で信用倍率を算出不能,急騰済み（高RSI、BB +2σ大幅超過）,https://finance.yahoo.co.jp/quote/3679.T,データなし,データなし,データなし,データなし,データなし,データなし,データなし,データなし,11.0,0,0,11.0,62,62,信用需給は判定不能,信用データがデータなし、または売残0で信用倍率を算出不能
2026-08-18,7211,三菱自動車工業,プライム,349.0,0.29,1.99,-0.48,-3.64,0.59,12.72,350.0,351.7,344.2,351.7,351.7,341.1,339.2,343.05,326.48,326.48,11,A,58.52,25.6,-1.16,48.13,362.18,345.33,361.42,-0.64σ,0.55,なし,なし,買い,底固め,1,0.0,329.92,387.15,2.0,直近2～5日まで下落、ストキャス売られ過ぎから反転、%K反転、%D方向改善、直近安値切り上げ、ATR低下、BB幅収縮、RSI安値切り上げ / 信用需給: 信用データがデータなし、または売残0で信用倍率を算出不能,,https://finance.yahoo.co.jp/quote/7211.T,データなし,データなし,データなし,データなし,データなし,データなし,データなし,データなし,11.0,0,0,11.0,62,62,信用需給は判定不能,信用データがデータなし、または売残0で信用倍率を算出不能
2026-08-18,3901,マークラインズ,プライム,1643.0,1.86,5.8,8.52,16.05,0.84,41.82,1629.0,1643.0,1608.0,1643.0,1643.0,1490.0,1329.0,1321.2,1215.31,1215.31,11,除外,100.0,69.33,18.14,81.21,1415.72,1363.47,1527.03,+2.04σ,1.74,強気包み足,通常,買い,底固め / アンチ,2,0.0,1490.0,1949.0,2.0,%K反転、%D方向改善、陽の包み足、出来高増加を伴う反転、直近下落なし（B以下に制限）、直近安値切り上げ、RSI安値切り上げ、レンジ上限突破 / 信用需給: 信用データがデータなし、または売残0で信用倍率を算出不能,急騰済み（25日線上方乖離、高RSI）,https://finance.yahoo.co.jp/quote/3901.T,データなし,データなし,データなし,データなし,データなし,データなし,データなし,データなし,11.0,0,0,11.0,62,62,信用需給は判定不能,信用データがデータなし、または売残0で信用倍率を算出不能
2026-08-18,7593,ＶＴホールディングス,プライム,535.0,2.1,2.88,10.08,9.27,1.47,10.17,527.0,537.0,522.0,537.0,537.0,501.0,473.0,476.73,459.01,459.01,11,除外,96.77,53.52,8.96,80.76,489.6,464.85,500.04,+2.29σ,1.5,強気包み足,なし,買い,底固め,1,0.0,501.0,603.0,2.0,%K反転、%D方向改善、陽の包み足、出来高増加を伴う反転、直近下落なし（B以下に制限）、直近安値切り上げ、RSI安値切り上げ、レンジ上限突破 / 信用需給: 信用データがデータなし、または売残0で信用倍率を算出不能,急騰済み（高RSI、BB +2σ大幅超過）,https://finance.yahoo.co.jp/quote/7593.T,データなし,データなし,データなし,データなし,データなし,データなし,データなし,データなし,11.0,0,0,11.0,62,62,信用需給は判定不能,信用データがデータなし、または売残0で信用倍率を算出不能
2026-08-18,8185,チヨダ,プライム,1039.0,0.68,0.87,1.66,3.16,1.01,11.94,1038.0,1041.0,1029.0,1041.0,1041.0,1013.0,984.0,994.2,978.2,978.2,11,A,94.29,76.7,17.02,70.02,1007.16,976.73,1022.82,+1.80σ,1.12,陰線→陽線 / 強気包み足 / 前日安値割れ反転,通常,買い,底固め / アンチ,2,0.0,1013.0,1091.0,2.0,%K反転、%D方向改善、陽の包み足、長い下ヒゲ反転、直近下落なし（B以下に制限）、直近安値切り上げ、RSI安値切り上げ、レンジ上限突破 / 信用需給: 信用データがデータなし、または売残0で信用倍率を算出不能,,https://finance.yahoo.co.jp/quote/8185.T,データなし,データなし,データなし,データなし,データなし,データなし,データなし,データなし,11.0,0,0,11.0,62,62,信用需給は判定不能,信用データがデータなし、または売残0で信用倍率を算出不能
2026-08-18,4483,ＪＭＤＣ,プライム,3425.0,1.63,0.29,-0.15,4.78,0.77,143.6,3495.0,3440.0,3330.0,3495.0,3550.0,3330.0,2985.0,3131.67,2976.58,2976.58,11,A,45.65,59.08,12.72,57.54,3268.8,2988.99,3522.04,+0.89σ,0.82,陰線→陽線 / はらみ足 / 2～5日下落後の陽線,通常,買い,アンチ,1,0.0,3209.59,3855.81,2.0,直近2～5日まで下落、ストキャス売られ過ぎから反転、%K反転、%D方向改善、2～5日下落後の陽線 / 信用需給: 信用データがデータなし、または売残0で信用倍率を算出不能,,https://finance.yahoo.co.jp/quote/4483.T,データなし,データなし,データなし,データなし,データなし,データなし,データなし,データなし,11.0,0,0,11.0,62,62,信用需給は判定不能,信用データがデータなし、または売残0で信用倍率を算出不能
2026-08-18,7552,ハピネット,プライム,3545.0,2.6,8.24,3.05,8.9,1.31,129.97,3520.0,3565.0,3395.0,3565.0,3565.0,3225.0,2967.0,3146.91,3003.33,3003.33,11,A,94.12,61.12,1.54,65.44,3255.2,2931.73,2938.92,+1.77σ,1.14,陰線→陽線 / 強気包み足 / 前日安値割れ反転,通常,買い,底固め / アンチ,2,0.0,3225.0,4185.0,2.0,%K反転、%D方向改善、陽の包み足、長い下ヒゲ反転、直近下落なし（B以下に制限）、直近安値切り上げ、RSI安値切り上げ、レンジ上限突破 / 信用需給: 信用データがデータなし、または売残0で信用倍率を算出不能,,https://finance.yahoo.co.jp/quote/7552.T,データなし,データなし,データなし,データなし,データなし,データなし,データなし,データなし,11.0,0,0,11.0,62,62,信用需給は判定不能,信用データがデータなし、または売残0で信用倍率を算出不能
2026-08-18,3360,シップヘルスケアホールディングス,プライム,2349.5,0.62,-0.13,0.49,-2.27,0.64,59.48,2372.0,2355.0,2317.0,2372.0,2372.0,2317.0,2272.0,2345.27,2264.09,2264.09,11,A,41.67,29.07,-12.88,47.45,2403.96,2236.48,2429.98,-0.95σ,0.72,陰線→陽線 / 前日安値割れ反転 / 2～5日下落後の陽線,なし,買い,BB逆張り,1,0.0,2260.27,2527.95,2.0,直近2～5日まで下落、BB -1σ以下から反発、%K反転、長い下ヒゲ反転、2～5日下落後の陽線 / 信用需給: 信用データがデータなし、または売残0で信用倍率を算出不能,,https://finance.yahoo.co.jp/quote/3360.T,データなし,データなし,データなし,データなし,データなし,データなし,データなし,データなし,11.0,0,0,11.0,62,62,信用需給は判定不能,信用データがデータなし、または売残0で信用倍率を算出不能
2026-08-18,7733,オリンパス,プライム,2116.0,1.93,2.35,0.83,13.31,1.23,64.93,2111.5,2149.5,2069.5,2149.5,2149.5,2022.5,1703.0,1754.54,1616.54,1616.54,11,除外,89.07,79.57,6.34,72.82,1867.44,1775.44,1783.7,+1.62σ,0.85,強気包み足 / 2～5日下落後の陽線,通常,買い,アンチ,1,0.0,2018.61,2310.79,2.0,直近2～5日まで下落、%K反転、%D方向改善、陽の包み足、2～5日下落後の陽線 / 信用需給: 信用データがデータなし、または売残0で信用倍率を算出不能,急騰済み（25日線上方乖離、高RSI）,https://finance.yahoo.co.jp/quote/7733.T,データなし,データなし,データなし,データなし,データなし,データなし,データなし,データなし,11.0,0,0,11.0,62,62,信用需給は判定不能,信用データがデータなし、または売残0で信用倍率を算出不能
2026-08-18,8058,三菱商事,プライム,4778.0,1.47,-1.12,-1.46,0.84,0.84,126.81,4801.0,4792.0,4685.0,4801.0,4847.0,4685.0,4513.0,4723.41,4649.02,4649.02,11,A,38.75,55.9,0.88,52.53,4738.16,4847.13,4560.76,-0.27σ,0.7,陰線→陽線 / 前日安値割れ反転 / 2～5日下落後の陽線,通常,買い,底固め / アンチ,2,0.0,4587.79,5158.42,2.0,直近2～5日まで下落、%K反転、長い下ヒゲ反転、2～5日下落後の陽線、直近安値切り上げ、BB幅収縮、RSI安値切り上げ / 信用需給: 信用データがデータなし、または売残0で信用倍率を算出不能,,https://finance.yahoo.co.jp/quote/8058.T,データなし,データなし,データなし,データなし,データなし,データなし,データなし,データなし,11.0,0,0,11.0,62,62,信用需給は判定不能,信用データがデータなし、または売残0で信用倍率を算出不能
2026-08-18,8771,イー・ギャランティ,プライム,1864.0,0.11,1.08,1.47,0.67,0.82,39.0,1870.0,1870.0,1838.0,1870.0,1870.0,1815.0,1753.0,1827.55,1806.79,1806.79,11,A,94.87,64.42,12.27,57.52,1851.52,1758.88,1745.38,+0.76σ,0.86,強気包み足 / はらみ足 / 長い下ヒゲ（ハンマー）,なし,買い,底固め,1,0.0,1805.5,1981.01,2.0,%K反転、%D方向改善、陽の包み足、長い下ヒゲ反転、直近下落なし（B以下に制限）、直近安値切り上げ、BB幅収縮、RSI安値切り上げ / 信用需給: 信用データがデータなし、または売残0で信用倍率を算出不能,,https://finance.yahoo.co.jp/quote/8771.T,データなし,データなし,データなし,データなし,データなし,データなし,データなし,データなし,11.0,0,0,11.0,62,62,信用需給は判定不能,信用データがデータなし、または売残0で信用倍率を算出不能
2026-08-18,8410,セブン銀行,プライム,342.1,1.94,3.2,2.15,7.05,1.37,8.27,341.9,343.4,332.1,343.4,343.4,324.2,303.9,314.77,305.42,305.42,11,A,93.9,64.83,7.49,71.09,319.57,291.64,289.37,+1.92σ,0.85,陰線→陽線 / 強気包み足 / 前日安値割れ反転,通常,買い,底固め / アンチ,2,0.0,324.2,377.9,2.0,%K反転、%D方向改善、陽の包み足、長い下ヒゲ反転、直近下落なし（B以下に制限）、直近安値切り上げ、BB幅収縮、RSI安値切り上げ / 信用需給: 信用データがデータなし、または売残0で信用倍率を算出不能,,https://finance.yahoo.co.jp/quote/8410.T,データなし,データなし,データなし,データなし,データなし,データなし,データなし,データなし,11.0,0,0,11.0,62,62,信用需給は判定不能,信用データがデータなし、または売残0で信用倍率を算出不能
2026-08-18,8789,フィンテック　グローバル,スタンダード,164.0,1.23,10.07,19.71,20.34,1.67,4.19,163.0,165.0,158.0,165.0,165.0,135.0,129.0,127.38,117.07,117.07,11,除外,96.88,87.77,9.77,88.3,136.28,130.12,133.76,+2.55σ,2.69,強気包み足,なし,買い,底固め,1,0.0,135.0,222.0,2.0,%K反転、%D方向改善、陽の包み足、出来高増加を伴う反転、直近下落なし（B以下に制限）、直近安値切り上げ、RSI安値切り上げ、レンジ上限突破 / 信用需給: 信用データがデータなし、または売残0で信用倍率を算出不能,急騰済み（5営業日急騰、25日線上方乖離、高RSI、BB +2σ大幅超過）,https://finance.yahoo.co.jp/quote/8789.T,データなし,データなし,データなし,データなし,データなし,データなし,データなし,データなし,11.0,0,0,11.0,62,62,信用需給は判定不能,信用データがデータなし、または売残0で信用倍率を算出不能
2026-08-18,8174,日本瓦斯,プライム,2899.5,1.17,1.06,3.17,1.31,0.98,54.13,2887.0,2905.0,2852.0,2905.0,2905.0,2815.0,2732.5,2803.04,2745.68,2745.68,11,A,95.91,54.66,14.5,57.22,2862.02,2806.11,2904.98,+0.68σ,0.68,陰線→陽線 / 強気包み足 / 前日安値割れ反転,通常,買い,底固め / アンチ,2,0.0,2815.0,3068.5,2.0,%K反転、%D方向改善、陽の包み足、長い下ヒゲ反転、直近下落なし（B以下に制限）、直近安値切り上げ、RSI安値切り上げ、レンジ上限突破 / 信用需給: 信用データがデータなし、または売残0で信用倍率を算出不能,,https://finance.yahoo.co.jp/quote/8174.T,データなし,データなし,データなし,データなし,データなし,データなし,データなし,データなし,11.0,0,0,11.0,62,62,信用需給は判定不能,信用データがデータなし、または売残0で信用倍率を算出不能
2026-08-18,8002,丸紅,プライム,4938.0,0.43,-0.68,-0.24,-2.88,0.73,151.54,4993.0,4969.0,4858.0,4993.0,5032.0,4858.0,4788.0,4931.1,4754.9,4754.9,11,A,35.71,35.42,4.74,44.87,5084.4,5120.21,5038.19,-0.96σ,0.57,陰線→陽線 / 前日安値割れ反転 / 2～5日下落後の陽線,なし,買い,BB逆張り / 底固め,2,0.0,4710.69,5392.62,2.0,直近2～5日まで下落、BB -1σ以下から反発、%D方向改善、長い下ヒゲ反転、2～5日下落後の陽線、直近安値切り上げ、BB幅収縮、RSI安値切り上げ / 信用需給: 信用データがデータなし、または売残0で信用倍率を算出不能,,https://finance.yahoo.co.jp/quote/8002.T,データなし,データなし,データなし,データなし,データなし,データなし,データなし,データなし,11.0,0,0,11.0,62,62,信用需給は判定不能,信用データがデータなし、または売残0で信用倍率を算出不能
2026-08-18,9832,オートバックスセブン,プライム,1538.0,0.85,0.07,0.72,1.18,1.07,21.46,1543.0,1543.0,1520.0,1543.0,1543.0,1520.0,1471.0,1500.11,1474.53,1474.53,10,B,88.89,56.18,8.41,56.87,1520.08,1493.8,1574.6,+0.48σ,0.5,陰線→陽線 / 前日安値割れ反転 / 2～5日下落後の陽線,通常,買い,アンチ,1,0.0,1505.81,1602.37,2.0,直近2～5日まで下落、%K反転、%D方向改善、長い下ヒゲ反転、2～5日下落後の陽線 / 信用需給: 信用データがデータなし、または売残0で信用倍率を算出不能,,https://finance.yahoo.co.jp/quote/9832.T,データなし,データなし,データなし,データなし,データなし,データなし,データなし,データなし,10.0,0,0,10.0,89,89,信用需給は判定不能,信用データがデータなし、または売残0で信用倍率を算出不能
2026-08-18,4565,ネクセラファーマ,プライム,1111.0,0.63,2.21,19.98,19.4,1.26,46.96,1157.0,1151.0,1092.0,1157.0,1157.0,906.0,833.0,842.99,752.54,752.54,10,除外,85.06,75.07,18.95,74.45,930.48,992.93,925.03,+1.96σ,2.02,陰線→陽線 / 強気包み足 / 前日安値割れ反転,通常,買い,アンチ,1,0.0,906.0,1521.0,2.0,%K反転、%D方向改善、陽の包み足、長い下ヒゲ反転、出来高増加を伴う反転、直近下落なし（B以下に制限） / 信用需給: 信用データがデータなし、または売残0で信用倍率を算出不能,急騰済み（5営業日急騰、25日線上方乖離、高RSI）,https://finance.yahoo.co.jp/quote/4565.T,データなし,データなし,データなし,データなし,データなし,データなし,データなし,データなし,10.0,0,0,10.0,89,89,信用需給は判定不能,信用データがデータなし、または売残0で信用倍率を算出不能
2026-08-18,4680,ラウンドワン,プライム,1328.0,2.23,1.49,-2.71,4.82,0.92,69.74,1359.0,1339.5,1275.0,1359.0,1359.0,1259.5,1150.5,1209.76,1158.71,1158.71,10,B,63.92,60.84,1.64,58.9,1266.88,1082.22,1043.26,+1.32σ,0.74,陰線→陽線 / 前日安値割れ反転 / 2～5日下落後の陽線,強,買い,アンチ,1,0.0,1223.4,1537.21,2.0,直近2～5日まで下落、%K反転、%D方向改善、長い下ヒゲ反転、2～5日下落後の陽線 / 信用需給: 信用データがデータなし、または売残0で信用倍率を算出不能,,https://finance.yahoo.co.jp/quote/4680.T,データなし,データなし,データなし,データなし,データなし,データなし,データなし,データなし,10.0,0,0,10.0,89,89,信用需給は判定不能,信用データがデータなし、または売残0で信用倍率を算出不能
2026-08-18,4553,東和薬品,プライム,3830.0,3.1,1.19,3.37,-4.33,1.09,133.33,3805.0,3855.0,3710.0,3855.0,3855.0,3670.0,3635.0,3788.56,3606.87,3606.87,10,B,55.71,30.06,7.46,45.07,4003.4,3885.87,3760.38,-0.77σ,1.04,陰線→陽線 / 強気包み足,強,買い,BB逆張り / アンチ,2,0.0,3630.01,4229.98,2.0,RSI40以下から反転上昇、BB -1σ以下から反発、ストキャス売られ過ぎから反転、%K反転、%D方向改善、陽の包み足、直近下落なし（B以下に制限） / 信用需給: 信用データがデータなし、または売残0で信用倍率を算出不能,,https://finance.yahoo.co.jp/quote/4553.T,データなし,データなし,データなし,データなし,データなし,データなし,データなし,データなし,10.0,0,0,10.0,89,89,信用需給は判定不能,信用データがデータなし、または売残0で信用倍率を算出不能
2026-08-18,4507,塩野義製薬,プライム,2831.0,1.0,0.43,-0.39,-1.07,0.73,73.04,2851.0,2842.0,2788.5,2851.0,2851.0,2786.0,2732.0,2789.75,2713.97,2713.97,10,B,58.44,39.36,4.3,47.89,2861.48,2899.0,3005.43,-0.46σ,0.74,陰線→陽線 / 前日安値割れ反転 / 2～5日下落後の陽線,通常,買い,アンチ,1,0.0,2721.43,3050.13,2.0,直近2～5日まで下落、%K反転、%D方向改善、長い下ヒゲ反転、2～5日下落後の陽線 / 信用需給: 信用データがデータなし、または売残0で信用倍率を算出不能,,https://finance.yahoo.co.jp/quote/4507.T,データなし,データなし,データなし,データなし,データなし,データなし,データなし,データなし,10.0,0,0,10.0,89,89,信用需給は判定不能,信用データがデータなし、または売残0で信用倍率を算出不能
2026-08-18,3167,ＴＯＫＡＩホールディングス,プライム,1251.0,1.38,0.97,1.21,6.68,0.82,25.52,1249.0,1256.0,1235.0,1256.0,1256.0,1221.0,1104.0,1133.12,1087.18,1087.18,10,B,95.0,64.9,10.24,67.0,1172.68,1141.63,1128.98,+1.57σ,0.91,2～5日下落後の陽線,なし,買い,底固め,1,0.0,1212.72,1327.55,2.0,直近2～5日まで下落、%K反転、%D方向改善、2～5日下落後の陽線、直近安値切り上げ、RSI安値切り上げ、レンジ上限突破 / 信用需給: 信用データがデータなし、または売残0で信用倍率を算出不能,,https://finance.yahoo.co.jp/quote/3167.T,データなし,データなし,データなし,データなし,データなし,データなし,データなし,データなし,10.0,0,0,10.0,89,89,信用需給は判定不能,信用データがデータなし、または売残0で信用倍率を算出不能
2026-08-18,4204,積水化学工業,プライム,2656.0,0.13,-0.75,-1.23,-0.54,0.54,45.9,2686.5,2656.0,2631.0,2686.5,2693.5,2631.0,2536.0,2633.85,2594.5,2594.5,10,B,31.25,59.52,1.11,51.13,2670.34,2506.84,2634.21,-0.44σ,0.93,陰線→陽線 / 長い下ヒゲ（ハンマー） / 前日安値割れ反転 / 2～5日下落後の陽線,通常,買い,アンチ,1,0.0,2587.15,2793.7,2.0,直近2～5日まで下落、%K反転、%D方向改善、長い下ヒゲ反転、2～5日下落後の陽線 / 信用需給: 信用データがデータなし、または売残0で信用倍率を算出不能,,https://finance.yahoo.co.jp/quote/4204.T,データなし,データなし,データなし,データなし,データなし,データなし,データなし,データなし,10.0,0,0,10.0,89,89,信用需給は判定不能,信用データがデータなし、または売残0で信用倍率を算出不能
2026-08-18,4259,エクサウィザーズ,グロース,781.0,5.54,12.86,-7.02,-2.53,1.13,52.92,747.0,798.0,738.0,798.0,798.0,667.0,667.0,746.28,702.56,702.56,10,除外,54.81,60.26,-2.95,46.75,801.24,909.44,762.11,-0.21σ,1.3,強気包み足,なし,買い,BB逆張り,1,0.0,667.0,1009.0,2.0,BB -1σ以下から反発、ストキャス売られ過ぎから反転、%K反転、陽の包み足、直近下落なし（B以下に制限） / 信用需給: 信用データがデータなし、または売残0で信用倍率を算出不能,急騰済み（3営業日急騰）,https://finance.yahoo.co.jp/quote/4259.T,データなし,データなし,データなし,データなし,データなし,データなし,データなし,データなし,10.0,0,0,10.0,89,89,信用需給は判定不能,信用データがデータなし、または売残0で信用倍率を算出不能
2026-08-18,4151,協和キリン,プライム,2564.0,0.89,-1.86,0.06,-1.21,0.7,61.92,2579.5,2572.5,2529.0,2579.5,2614.0,2529.0,2422.5,2516.55,2450.34,2450.34,10,B,59.84,57.76,11.97,48.73,2595.4,2502.47,2505.54,-0.28σ,0.85,陰線→陽線 / 長い下ヒゲ（ハンマー） / 前日安値割れ反転 / 2～5日下落後の陽線,通常,買い,アンチ,1,0.0,2471.12,2749.76,2.0,直近2～5日まで下落、%K反転、%D方向改善、長い下ヒゲ反転、2～5日下落後の陽線 / 信用需給: 信用データがデータなし、または売残0で信用倍率を算出不能,,https://finance.yahoo.co.jp/quote/4151.T,データなし,データなし,データなし,データなし,データなし,データなし,データなし,データなし,10.0,0,0,10.0,89,89,信用需給は判定不能,信用データがデータなし、または売残0で信用倍率を算出不能
2026-08-18,5192,三ツ星ベルト,プライム,4485.0,0.56,-0.77,-2.29,7.22,0.73,89.53,4550.0,4490.0,4425.0,4550.0,4550.0,4425.0,4020.0,4034.08,3838.91,3838.91,10,B,71.43,66.75,7.5,70.82,4183.0,4025.73,3988.7,+1.31σ,0.5,陰線→陽線 / 前日安値割れ反転 / 2～5日下落後の陽線,通常,買い,アンチ,1,0.0,4350.7,4753.6,2.0,直近2～5日まで下落、%K反転、%D方向改善、長い下ヒゲ反転、2～5日下落後の陽線 / 信用需給: 信用データがデータなし、または売残0で信用倍率を算出不能,,https://finance.yahoo.co.jp/quote/5192.T,データなし,データなし,データなし,データなし,データなし,データなし,データなし,データなし,10.0,0,0,10.0,89,89,信用需給は判定不能,信用データがデータなし、または売残0で信用倍率を算出不能
2026-08-18,6869,シスメックス,プライム,1881.5,1.68,-0.37,-4.97,12.56,0.9,68.67,1907.0,1897.5,1835.5,1907.0,1918.5,1835.5,1494.0,1552.03,1406.29,1406.29,10,除外,70.28,70.5,1.68,65.28,1671.52,1506.91,1502.04,+1.26σ,0.78,陰線→陽線 / 前日安値割れ反転 / 2～5日下落後の陽線,通常,買い,アンチ,1,0.0,1778.49,2087.52,2.0,直近2～5日まで下落、%K反転、%D方向改善、長い下ヒゲ反転、2～5日下落後の陽線 / 信用需給: 信用データがデータなし、または売残0で信用倍率を算出不能,急騰済み（25日線上方乖離）,https://finance.yahoo.co.jp/quote/6869.T,データなし,データなし,データなし,データなし,データなし,データなし,データなし,データなし,10.0,0,0,10.0,89,89,信用需給は判定不能,信用データがデータなし、または売残0で信用倍率を算出不能
2026-08-18,4528,小野薬品工業,プライム,2440.5,1.33,0.95,0.89,1.66,0.83,57.35,2434.0,2443.5,2396.0,2443.5,2449.0,2381.5,2264.5,2353.52,2306.01,2306.01,10,B,92.7,63.99,14.39,55.85,2400.56,2375.43,2318.17,+0.83σ,0.85,陰線→陽線 / 長い下ヒゲ（ハンマー） / 前日安値割れ反転 / 2～5日下落後の陽線,通常,買い,アンチ,1,0.0,2354.48,2612.55,2.0,直近2～5日まで下落、%K反転、%D方向改善、長い下ヒゲ反転、2～5日下落後の陽線 / 信用需給: 信用データがデータなし、または売残0で信用倍率を算出不能,,https://finance.yahoo.co.jp/quote/4528.T,データなし,データなし,データなし,データなし,データなし,データなし,データなし,データなし,10.0,0,0,10.0,89,89,信用需給は判定不能,信用データがデータなし、または売残0で信用倍率を算出不能
2026-08-18,4475,ＨＥＮＮＧＥ,グロース,1466.0,0.76,1.52,-2.59,7.26,0.73,72.18,1521.0,1479.0,1426.0,1521.0,1547.0,1400.0,1232.0,1297.15,1206.6,1206.6,10,B,44.9,61.35,1.94,60.17,1366.8,1185.97,1170.15,+0.86σ,0.64,陰線→陽線 / 前日安値割れ反転 / 2～5日下落後の陽線,通常,買い,アンチ,1,0.0,1357.73,1682.54,2.0,直近2～5日まで下落、%K反転、%D方向改善、長い下ヒゲ反転、2～5日下落後の陽線 / 信用需給: 信用データがデータなし、または売残0で信用倍率を算出不能,,https://finance.yahoo.co.jp/quote/4475.T,データなし,データなし,データなし,データなし,データなし,データなし,データなし,データなし,10.0,0,0,10.0,89,89,信用需給は判定不能,信用データがデータなし、または売残0で信用倍率を算出不能
2026-08-18,7004,カナデビア,プライム,1264.0,1.53,2.51,0.8,4.08,0.74,40.72,1266.0,1270.0,1240.0,1270.0,1270.0,1208.0,1145.0,1188.34,1160.58,1160.58,10,B,79.59,72.15,11.25,55.46,1214.48,1289.76,1135.15,+1.73σ,1.13,陰線→陽線 / 2～5日下落後の陽線,強,買い,底固め / アンチ,2,0.0,1202.92,1386.16,2.0,直近2～5日まで下落、%K反転、%D方向改善、2～5日下落後の陽線、直近安値切り上げ、BB幅収縮、RSI安値切り上げ / 信用需給: 信用データがデータなし、または売残0で信用倍率を算出不能,,https://finance.yahoo.co.jp/quote/7004.T,データなし,データなし,データなし,データなし,データなし,データなし,データなし,データなし,10.0,0,0,10.0,89,89,信用需給は判定不能,信用データがデータなし、または売残0で信用倍率を算出不能
2026-08-18,7532,パン・パシフィック・インターナショナルホールディングス,プライム,915.5,0.7,-1.17,-1.18,1.85,0.73,25.69,924.8,927.2,908.4,927.2,932.2,905.7,843.8,878.27,851.11,851.11,10,B,48.83,51.34,2.02,55.51,898.88,865.52,923.9,+0.37σ,1.68,陰線→陽線 / 2～5日下落後の陽線,通常,買い,アンチ,1,0.0,876.96,992.58,2.0,直近2～5日まで下落、%K反転、%D方向改善、2～5日下落後の陽線、出来高増加を伴う反転 / 信用需給: 信用データがデータなし、または売残0で信用倍率を算出不能,,https://finance.yahoo.co.jp/quote/7532.T,データなし,データなし,データなし,データなし,データなし,データなし,データなし,データなし,10.0,0,0,10.0,89,89,信用需給は判定不能,信用データがデータなし、または売残0で信用倍率を算出不能
2026-08-18,7033,マネジメントソリューションズ,プライム,1643.0,1.17,12.84,13.23,15.25,1.63,50.89,1684.0,1664.0,1581.0,1684.0,1684.0,1443.0,1342.0,1365.31,1289.58,1289.58,10,除外,85.14,73.35,4.73,79.89,1425.64,1372.21,1356.73,+2.67σ,1.98,陰線→陽線 / 強気包み足 / 前日安値割れ反転,通常,買い,アンチ,1,0.0,1443.0,2043.0,2.0,%K反転、%D方向改善、陽の包み足、長い下ヒゲ反転、出来高増加を伴う反転、直近下落なし（B以下に制限） / 信用需給: 信用データがデータなし、または売残0で信用倍率を算出不能,急騰済み（3営業日急騰、25日線上方乖離、高RSI、BB +2σ大幅超過）,https://finance.yahoo.co.jp/quote/7033.T,データなし,データなし,データなし,データなし,データなし,データなし,データなし,データなし,10.0,0,0,10.0,89,89,信用需給は判定不能,信用データがデータなし、または売残0で信用倍率を算出不能
2026-08-18,3291,飯田グループホールディングス,プライム,2297.5,0.28,-0.43,0.15,1.31,0.74,46.35,2335.0,2305.0,2270.5,2335.0,2339.0,2260.0,2165.5,2223.9,2172.12,2172.12,10,B,67.83,54.05,10.52,55.76,2267.78,2198.14,2374.07,+0.42σ,0.61,陰線→陽線 / 長い下ヒゲ（ハンマー） / 前日安値割れ反転 / 2～5日下落後の陽線,通常,買い,アンチ,1,0.0,2227.97,2436.55,2.0,直近2～5日まで下落、%K反転、%D方向改善、長い下ヒゲ反転、2～5日下落後の陽線 / 信用需給: 信用データがデータなし、または売残0で信用倍率を算出不能,,https://finance.yahoo.co.jp/quote/3291.T,データなし,データなし,データなし,データなし,データなし,データなし,データなし,データなし,10.0,0,0,10.0,89,89,信用需給は判定不能,信用データがデータなし、または売残0で信用倍率を算出不能
2026-08-18,3349,コスモス薬品,プライム,6406.0,0.79,-0.14,-1.16,-0.23,0.76,219.37,6583.0,6420.0,6253.0,6583.0,6615.0,6253.0,6016.0,6223.38,6016.92,6016.92,10,B,48.4,47.09,3.91,50.02,6420.56,6227.31,6786.28,-0.12σ,0.65,陰線→陽線 / 前日安値割れ反転 / 2～5日下落後の陽線,強,買い,アンチ,1,0.0,6076.94,7064.12,2.0,直近2～5日まで下落、%K反転、%D方向改善、長い下ヒゲ反転、2～5日下落後の陽線 / 信用需給: 信用データがデータなし、または売残0で信用倍率を算出不能,,https://finance.yahoo.co.jp/quote/3349.T,データなし,データなし,データなし,データなし,データなし,データなし,データなし,データなし,10.0,0,0,10.0,89,89,信用需給は判定不能,信用データがデータなし、または売残0で信用倍率を算出不能
2026-08-18,7564,ワークマン,スタンダード,6290.0,1.45,0.96,-0.94,5.65,0.96,198.12,6240.0,6350.0,6160.0,6350.0,6350.0,6100.0,5530.0,5768.67,5534.34,5534.34,10,B,65.71,67.97,-2.65,55.34,5953.6,6765.47,6654.95,+1.22σ,0.84,2～5日下落後の陽線,なし,買い,底固め,1,0.0,5992.82,6884.36,2.0,直近2～5日まで下落、%K反転、%D方向改善、2～5日下落後の陽線、直近安値切り上げ、BB幅収縮、RSI安値切り上げ / 信用需給: 信用データがデータなし、または売残0で信用倍率を算出不能,,https://finance.yahoo.co.jp/quote/7564.T,データなし,データなし,データなし,データなし,データなし,データなし,データなし,データなし,10.0,0,0,10.0,89,89,信用需給は判定不能,信用データがデータなし、または売残0で信用倍率を算出不能
2026-08-18,8167,リテールパートナーズ,プライム,1467.0,1.95,3.38,3.75,6.67,1.13,35.28,1469.0,1475.0,1435.0,1475.0,1475.0,1388.0,1312.0,1341.04,1299.98,1299.98,10,B,93.8,66.05,7.14,67.09,1375.32,1332.91,1327.48,+2.07σ,2.01,陰線→陽線 / 強気包み足 / 前日安値割れ反転,通常,買い,アンチ,1,0.0,1388.0,1625.0,2.0,%K反転、%D方向改善、陽の包み足、長い下ヒゲ反転、出来高増加を伴う反転、直近下落なし（B以下に制限） / 信用需給: 信用データがデータなし、または売残0で信用倍率を算出不能,,https://finance.yahoo.co.jp/quote/8167.T,データなし,データなし,データなし,データなし,データなし,データなし,データなし,データなし,10.0,0,0,10.0,89,89,信用需給は判定不能,信用データがデータなし、または売残0で信用倍率を算出不能
2026-08-18,6998,日本タングステン,スタンダード,3460.0,8.46,5.97,5.49,48.32,1.33,176.54,3295.0,3465.0,3230.0,3465.0,3465.0,3100.0,1763.0,1776.71,1130.62,1130.62,10,除外,99.33,92.04,8.94,82.52,2332.84,2147.64,1935.82,+1.61σ,1.86,陰線→陽線 / 2～5日下落後の陽線,強,買い,アンチ,1,0.0,3100.0,4180.0,2.0,直近2～5日まで下落、%K反転、%D方向改善、2～5日下落後の陽線、出来高増加を伴う反転 / 信用需給: 信用データがデータなし、または売残0で信用倍率を算出不能,急騰済み（当日急騰、25日線上方乖離、高RSI）,https://finance.yahoo.co.jp/quote/6998.T,データなし,データなし,データなし,データなし,データなし,データなし,データなし,データなし,10.0,0,0,10.0,89,89,信用需給は判定不能,信用データがデータなし、または売残0で信用倍率を算出不能
2026-08-18,9433,ＫＤＤＩ,プライム,2854.0,0.72,0.85,0.85,-1.39,0.59,74.73,2882.0,2854.0,2810.0,2882.0,2882.0,2799.0,2779.0,2833.4,2759.35,2759.35,10,B,37.13,29.59,-1.71,49.19,2894.32,2754.57,2690.35,-0.72σ,0.74,陰線→陽線 / 前日安値割れ反転,なし,買い,BB逆張り / 底固め,2,0.0,2741.91,3078.19,2.0,BB -1σ以下から反発、%K反転、%D方向改善、長い下ヒゲ反転、直近下落なし（B以下に制限）、直近安値切り上げ、BB幅収縮、RSI安値切り上げ / 信用需給: 信用データがデータなし、または売残0で信用倍率を算出不能,,https://finance.yahoo.co.jp/quote/9433.T,データなし,データなし,データなし,データなし,データなし,データなし,データなし,データなし,10.0,0,0,10.0,89,89,信用需給は判定不能,信用データがデータなし、または売残0で信用倍率を算出不能
2026-08-18,9602,東宝,プライム,1520.5,1.43,3.08,0.73,3.79,0.82,50.31,1517.0,1528.0,1487.0,1528.0,1528.0,1457.0,1333.5,1429.48,1372.13,1372.13,10,B,85.81,50.1,3.94,58.84,1464.98,1353.99,1538.59,+0.59σ,0.68,陰線→陽線 / 前日安値割れ反転 / 2～5日下落後の陽線,通常,買い,アンチ,1,0.0,1445.04,1671.42,2.0,直近2～5日まで下落、%K反転、%D方向改善、長い下ヒゲ反転、2～5日下落後の陽線 / 信用需給: 信用データがデータなし、または売残0で信用倍率を算出不能,,https://finance.yahoo.co.jp/quote/9602.T,データなし,データなし,データなし,データなし,データなし,データなし,データなし,データなし,10.0,0,0,10.0,89,89,信用需給は判定不能,信用データがデータなし、または売残0で信用倍率を算出不能
2026-08-18,9708,帝国ホテル,スタンダード,989.0,0.71,-0.3,-0.6,-0.32,0.8,15.01,990.0,993.0,981.0,993.0,995.0,981.0,973.0,981.2,972.69,972.69,10,B,61.9,33.97,0.51,47.04,992.16,1033.29,1210.04,-0.08σ,0.69,陰線→陽線 / 前日安値割れ反転 / 2～5日下落後の陽線,強,買い,アンチ,1,0.0,966.48,1034.03,2.0,直近2～5日まで下落、%K反転、%D方向改善、長い下ヒゲ反転、2～5日下落後の陽線 / 信用需給: 信用データがデータなし、または売残0で信用倍率を算出不能,,https://finance.yahoo.co.jp/quote/9708.T,データなし,データなし,データなし,データなし,データなし,データなし,データなし,データなし,10.0,0,0,10.0,89,89,信用需給は判定不能,信用データがデータなし、または売残0で信用倍率を算出不能
2026-08-18,9065,山九,プライム,8615.0,1.35,2.23,2.17,-2.99,0.97,196.64,8560.0,8649.0,8459.0,8649.0,8649.0,8350.0,8329.0,8554.96,8181.03,8181.03,10,B,68.1,20.46,-6.79,43.64,8880.92,8780.33,8816.34,-0.84σ,0.61,陰線→陽線 / 強気包み足 / 前日安値割れ反転,なし,買い,BB逆張り,1,0.0,8320.05,9204.91,2.0,RSI40以下から反転上昇、BB -1σ以下から反発、%K反転、%D方向改善、陽の包み足、長い下ヒゲ反転、直近下落なし（B以下に制限） / 信用需給: 信用データがデータなし、または売残0で信用倍率を算出不能,,https://finance.yahoo.co.jp/quote/9065.T,データなし,データなし,データなし,データなし,データなし,データなし,データなし,データなし,10.0,0,0,10.0,89,89,信用需給は判定不能,信用データがデータなし、または売残0で信用倍率を算出不能
2026-08-18,8585,オリエントコーポレーション,プライム,863.0,1.29,-1.03,-0.92,-2.71,0.58,17.38,869.0,863.0,853.0,869.0,877.0,851.0,836.0,857.81,829.42,829.42,10,B,42.86,45.88,6.51,44.89,887.04,887.91,990.16,-0.82σ,0.83,陰線→陽線 / はらみ足 / 2～5日下落後の陽線,通常,買い,BB逆張り / アンチ,2,0.0,836.93,915.14,2.0,直近2～5日まで下落、BB -1σ以下から反発、%K反転、%D方向改善、2～5日下落後の陽線 / 信用需給: 信用データがデータなし、または売残0で信用倍率を算出不能,,https://finance.yahoo.co.jp/quote/8585.T,データなし,データなし,データなし,データなし,データなし,データなし,データなし,データなし,10.0,0,0,10.0,89,89,信用需給は判定不能,信用データがデータなし、または売残0で信用倍率を算出不能
2026-08-18,8194,ライフコーポレーション,プライム,2613.0,1.08,0.54,0.08,3.4,0.96,62.59,2630.0,2629.0,2569.0,2630.0,2630.0,2547.0,2418.0,2483.54,2421.09,2421.09,10,B,65.35,57.34,-5.59,57.65,2527.16,2533.49,2550.66,+1.07σ,0.67,陰線→陽線 / はらみ足 / 2～5日下落後の陽線,なし,買い,底固め,1,0.0,2519.12,2800.76,2.0,直近2～5日まで下落、%K反転、%D方向改善、2～5日下落後の陽線、直近安値切り上げ、BB幅収縮、RSI安値切り上げ / 信用需給: 信用データがデータなし、または売残0で信用倍率を算出不能,,https://finance.yahoo.co.jp/quote/8194.T,データなし,データなし,データなし,データなし,データなし,データなし,データなし,データなし,10.0,0,0,10.0,89,89,信用需給は判定不能,信用データがデータなし、または売残0で信用倍率を算出不能
2026-08-18,6902,デンソー,プライム,1933.5,0.7,1.68,-0.23,-2.15,0.46,49.49,1956.0,1934.0,1911.0,1956.0,1956.0,1890.0,1884.0,1895.06,1808.07,1808.07,10,B,65.91,35.66,10.5,47.45,1976.04,1920.61,2024.82,-0.56σ,0.71,陰線→陽線 / 前日安値割れ反転 / 2～5日下落後の陽線,通常,買い,アンチ,1,0.0,1859.27,2081.97,2.0,直近2～5日まで下落、%K反転、%D方向改善、長い下ヒゲ反転、2～5日下落後の陽線 / 信用需給: 信用データがデータなし、または売残0で信用倍率を算出不能,,https://finance.yahoo.co.jp/quote/6902.T,データなし,データなし,データなし,データなし,データなし,データなし,データなし,データなし,10.0,0,0,10.0,89,89,信用需給は判定不能,信用データがデータなし、または売残0で信用倍率を算出不能
2026-08-18,7318,セレンディップ・ホールディングス,グロース,1551.0,0.39,9.15,0.26,-16.74,0.75,153.94,1563.0,1635.0,1520.0,1635.0,1635.0,1364.0,1364.0,1609.05,1398.15,1398.15,10,B,28.29,37.42,-4.6,36.24,1862.92,2090.33,1641.9,-1.28σ,1.31,強気包み足,なし,買い,BB逆張り / BB＋RSI＋ストキャス,2,0.0,1320.09,2012.82,2.0,RSI40以下から反転上昇、BB -1σ以下から反発、ストキャス売られ過ぎから反転、%K反転、陽の包み足、出来高増加を伴う反転、直近下落なし（B以下に制限） / 信用需給: 信用データがデータなし、または売残0で信用倍率を算出不能,,https://finance.yahoo.co.jp/quote/7318.T,データなし,データなし,データなし,データなし,データなし,データなし,データなし,データなし,10.0,0,0,10.0,89,89,信用需給は判定不能,信用データがデータなし、または売残0で信用倍率を算出不能
2026-08-18,9682,ＤＴＳ,プライム,1094.0,1.2,1.96,4.19,0.76,1.05,29.53,1105.0,1105.0,1074.0,1105.0,1105.0,1057.0,1030.0,1049.76,1009.92,1009.92,9,B,83.33,43.57,5.58,54.41,1085.72,1035.2,1120.88,+0.11σ,0.7,陰線→陽線 / 強気包み足 / 前日安値割れ反転,通常,買い,アンチ,1,0.0,1049.71,1182.58,2.0,%K反転、%D方向改善、陽の包み足、長い下ヒゲ反転、直近下落なし（B以下に制限） / 信用需給: 信用データがデータなし、または売残0で信用倍率を算出不能,,https://finance.yahoo.co.jp/quote/9682.T,データなし,データなし,データなし,データなし,データなし,データなし,データなし,データなし,9.0,0,0,9.0,118,118,信用需給は判定不能,信用データがデータなし、または売残0で信用倍率を算出不能
2026-08-18,8214,ＡＯＫＩホールディングス,プライム,1710.0,0.59,1.06,0.83,-0.16,0.72,30.57,1712.0,1712.0,1690.0,1712.0,1712.0,1682.0,1621.0,1694.34,1671.88,1671.88,9,B,68.46,51.03,0.01,52.24,1712.76,1647.8,1698.66,-0.30σ,0.61,陰線→陽線 / 強気包み足 / 前日安値割れ反転,通常,買い,アンチ,1,0.0,1664.15,1801.7,2.0,%K反転、%D方向改善、陽の包み足、長い下ヒゲ反転、直近下落なし（B以下に制限） / 信用需給: 信用データがデータなし、または売残0で信用倍率を算出不能,,https://finance.yahoo.co.jp/quote/8214.T,データなし,データなし,データなし,データなし,データなし,データなし,データなし,データなし,9.0,0,0,9.0,118,118,信用需給は判定不能,信用データがデータなし、または売残0で信用倍率を算出不能
2026-08-18,8219,青山商事,プライム,756.0,0.8,1.48,1.07,2.9,1.27,14.13,758.0,764.0,746.0,764.0,764.0,740.0,715.0,727.18,714.26,714.26,9,B,74.19,56.19,5.52,62.27,734.72,715.2,786.7,+1.23σ,0.6,陰線→陽線 / 強気包み足 / 前日安値割れ反転,通常,買い,アンチ,1,0.0,734.8,798.39,2.0,%K反転、%D方向改善、陽の包み足、長い下ヒゲ反転、直近下落なし（B以下に制限） / 信用需給: 信用データがデータなし、または売残0で信用倍率を算出不能,,https://finance.yahoo.co.jp/quote/8219.T,データなし,データなし,データなし,データなし,データなし,データなし,データなし,データなし,9.0,0,0,9.0,118,118,信用需給は判定不能,信用データがデータなし、または売残0で信用倍率を算出不能
2026-08-18,8541,愛媛銀行,プライム,3320.0,4.08,9.21,19.42,22.2,1.18,130.92,3220.0,3345.0,3190.0,3345.0,3345.0,2809.0,2331.0,2593.92,2374.44,2374.44,9,除外,95.7,70.04,12.74,77.08,2716.92,2240.87,1817.62,+2.31σ,0.74,強気包み足,なし,買い,底固め,1,0.0,2809.0,4342.0,2.0,%K反転、%D方向改善、陽の包み足、直近下落なし（B以下に制限）、直近安値切り上げ、RSI安値切り上げ、レンジ上限突破 / 信用需給: 信用データがデータなし、または売残0で信用倍率を算出不能,急騰済み（5営業日急騰、25日線上方乖離、高RSI、BB +2σ大幅超過）,https://finance.yahoo.co.jp/quote/8541.T,データなし,データなし,データなし,データなし,データなし,データなし,データなし,データなし,9.0,0,0,9.0,118,118,信用需給は判定不能,信用データがデータなし、または売残0で信用倍率を算出不能
2026-08-18,8558,東和銀行,プライム,1552.0,1.57,4.37,14.45,11.02,0.88,62.5,1545.0,1583.0,1528.0,1583.0,1583.0,1365.0,1275.0,1340.3,1271.3,1271.3,9,除外,86.52,73.2,20.44,66.13,1397.92,1354.31,1175.1,+2.07σ,0.7,陰線→陽線 / 強気包み足,通常,買い,底固め / アンチ,2,0.0,1365.0,1926.0,2.0,%K反転、%D方向改善、陽の包み足、直近下落なし（B以下に制限）、直近安値切り上げ、BB幅収縮、RSI安値切り上げ / 信用需給: 信用データがデータなし、または売残0で信用倍率を算出不能,急騰済み（25日線上方乖離）,https://finance.yahoo.co.jp/quote/8558.T,データなし,データなし,データなし,データなし,データなし,データなし,データなし,データなし,9.0,0,0,9.0,118,118,信用需給は判定不能,信用データがデータなし、または売残0で信用倍率を算出不能
2026-08-18,2292,Ｓ　Ｆｏｏｄｓ,プライム,2812.0,0.57,3.0,3.42,1.98,0.75,47.89,2831.0,2813.0,2777.0,2831.0,2831.0,2721.0,2635.0,2707.79,2652.07,2652.07,9,B,84.92,55.35,16.17,58.86,2757.52,2720.09,2806.2,+0.87σ,1.23,強気包み足 / 前日安値割れ反転,通常,買い,アンチ,1,0.0,2721.0,2994.0,2.0,%K反転、%D方向改善、陽の包み足、長い下ヒゲ反転、直近下落なし（B以下に制限） / 信用需給: 信用データがデータなし、または売残0で信用倍率を算出不能,,https://finance.yahoo.co.jp/quote/2292.T,データなし,データなし,データなし,データなし,データなし,データなし,データなし,データなし,9.0,0,0,9.0,118,118,信用需給は判定不能,信用データがデータなし、または売残0で信用倍率を算出不能
2026-08-18,9007,小田急電鉄,プライム,1713.0,0.65,0.32,1.36,-1.02,0.97,37.26,1717.0,1721.5,1685.5,1721.5,1721.5,1685.0,1651.5,1682.97,1634.49,1634.49,9,B,83.0,42.39,11.15,49.75,1730.6,1678.48,1684.28,-0.38σ,0.71,陰線→陽線 / 強気包み足 / 前日安値割れ反転,通常,買い,アンチ,1,0.0,1657.12,1824.77,2.0,%K反転、%D方向改善、陽の包み足、長い下ヒゲ反転、直近下落なし（B以下に制限） / 信用需給: 信用データがデータなし、または売残0で信用倍率を算出不能,,https://finance.yahoo.co.jp/quote/9007.T,データなし,データなし,データなし,データなし,データなし,データなし,データなし,データなし,9.0,0,0,9.0,118,118,信用需給は判定不能,信用データがデータなし、または売残0で信用倍率を算出不能
2026-08-18,2288,丸大食品,プライム,2230.0,0.31,2.11,3.48,-0.99,0.63,42.54,2238.0,2234.0,2207.0,2238.0,2238.0,2152.0,2102.0,2172.66,2095.62,2095.62,9,B,92.86,40.8,17.86,49.2,2252.28,2238.0,2226.08,-0.26σ,0.62,陰線→陽線 / 強気包み足 / 前日安値割れ反転,通常,買い,アンチ,1,0.0,2152.0,2386.0,2.0,%K反転、%D方向改善、陽の包み足、長い下ヒゲ反転、直近下落なし（B以下に制限） / 信用需給: 信用データがデータなし、または売残0で信用倍率を算出不能,,https://finance.yahoo.co.jp/quote/2288.T,データなし,データなし,データなし,データなし,データなし,データなし,データなし,データなし,9.0,0,0,9.0,118,118,信用需給は判定不能,信用データがデータなし、または売残0で信用倍率を算出不能
2026-08-18,8876,リログループ,プライム,2122.0,0.17,-2.17,-1.96,3.16,0.47,49.06,2149.5,2122.0,2099.0,2149.5,2179.0,2099.0,1948.5,1995.67,1926.15,1926.15,9,B,57.85,65.29,9.69,57.83,2057.02,1960.79,1864.68,+0.82σ,0.72,陰線→陽線 / 前日安値割れ反転 / 2～5日下落後の陽線,なし,買い,底固め,1,0.0,2048.41,2269.19,2.0,直近2～5日まで下落、%D方向改善、長い下ヒゲ反転、2～5日下落後の陽線、直近安値切り上げ、BB幅収縮、RSI安値切り上げ / 信用需給: 信用データがデータなし、または売残0で信用倍率を算出不能,,https://finance.yahoo.co.jp/quote/8876.T,データなし,データなし,データなし,データなし,データなし,データなし,データなし,データなし,9.0,0,0,9.0,118,118,信用需給は判定不能,信用データがデータなし、または売残0で信用倍率を算出不能
2026-08-18,2154,オープンアップグループ,プライム,2027.0,0.2,1.3,0.3,1.38,0.9,44.68,2045.0,2048.0,2008.0,2048.0,2048.0,1984.0,1895.0,1969.22,1932.35,1932.35,9,B,75.43,52.44,11.1,57.8,1999.32,1911.61,1851.3,+0.57σ,0.79,強気包み足 / 前日安値割れ反転,通常,買い,アンチ,1,0.0,1959.98,2161.05,2.0,%K反転、%D方向改善、陽の包み足、長い下ヒゲ反転、直近下落なし（B以下に制限） / 信用需給: 信用データがデータなし、または売残0で信用倍率を算出不能,,https://finance.yahoo.co.jp/quote/2154.T,データなし,データなし,データなし,データなし,データなし,データなし,データなし,データなし,9.0,0,0,9.0,118,118,信用需給は判定不能,信用データがデータなし、または売残0で信用倍率を算出不能
2026-08-18,2158,ＦＲＯＮＴＥＯ,グロース,649.0,0.78,-0.15,1.72,1.88,1.19,21.0,649.0,665.0,640.0,665.0,665.0,610.0,601.0,622.01,607.66,607.66,9,B,70.91,76.9,12.23,55.53,637.0,635.68,783.44,+0.88σ,1.43,強気包み足,通常,買い,アンチ,1,0.0,610.0,727.0,2.0,%K反転、%D方向改善、陽の包み足、出来高増加を伴う反転、直近下落なし（B以下に制限） / 信用需給: 信用データがデータなし、または売残0で信用倍率を算出不能,,https://finance.yahoo.co.jp/quote/2158.T,データなし,データなし,データなし,データなし,データなし,データなし,データなし,データなし,9.0,0,0,9.0,118,118,信用需給は判定不能,信用データがデータなし、または売残0で信用倍率を算出不能
2026-08-18,2269,明治ホールディングス,プライム,4244.0,1.17,1.24,1.29,8.87,0.59,112.44,4239.0,4248.0,4182.0,4248.0,4271.0,4128.0,3598.0,3714.7,3497.85,3497.85,9,B,90.72,73.83,16.04,67.03,3898.24,3779.09,3660.16,+1.44σ,0.71,陰線→陽線 / 強気包み足 / 前日安値割れ反転,通常,買い,アンチ,1,0.0,4075.33,4581.33,2.0,%K反転、%D方向改善、陽の包み足、長い下ヒゲ反転、直近下落なし（B以下に制限） / 信用需給: 信用データがデータなし、または売残0で信用倍率を算出不能,,https://finance.yahoo.co.jp/quote/2269.T,データなし,データなし,データなし,データなし,データなし,データなし,データなし,データなし,9.0,0,0,9.0,118,118,信用需給は判定不能,信用データがデータなし、または売残0で信用倍率を算出不能
2026-08-18,9507,四国電力,プライム,1840.5,1.83,3.25,6.11,12.22,1.29,40.98,1823.5,1854.0,1801.0,1854.0,1854.0,1733.0,1502.0,1576.32,1475.54,1475.54,9,除外,90.29,81.75,1.86,82.81,1640.12,1537.34,1575.87,+1.62σ,1.06,強気包み足,通常,買い,底固め / アンチ,2,0.0,1733.0,2055.5,2.0,%K反転、%D方向改善、陽の包み足、直近下落なし（B以下に制限）、直近安値切り上げ、RSI安値切り上げ、レンジ上限突破 / 信用需給: 信用データがデータなし、または売残0で信用倍率を算出不能,急騰済み（25日線上方乖離、高RSI）,https://finance.yahoo.co.jp/quote/9507.T,データなし,データなし,データなし,データなし,データなし,データなし,データなし,データなし,9.0,0,0,9.0,118,118,信用需給は判定不能,信用データがデータなし、または売残0で信用倍率を算出不能
2026-08-18,9069,センコーグループホールディングス,プライム,2342.5,1.41,2.0,3.56,5.67,1.15,49.32,2323.0,2354.0,2297.5,2354.0,2354.0,2238.5,2141.0,2192.63,2147.41,2147.41,9,除外,78.76,59.44,2.39,76.65,2216.9,2027.16,1964.9,+2.31σ,1.29,強気包み足,なし,買い,底固め,1,0.0,2238.5,2550.5,2.0,%K反転、%D方向改善、陽の包み足、直近下落なし（B以下に制限）、直近安値切り上げ、BB幅収縮、RSI安値切り上げ / 信用需給: 信用データがデータなし、または売残0で信用倍率を算出不能,急騰済み（高RSI、BB +2σ大幅超過）,https://finance.yahoo.co.jp/quote/9069.T,データなし,データなし,データなし,データなし,データなし,データなし,データなし,データなし,9.0,0,0,9.0,118,118,信用需給は判定不能,信用データがデータなし、または売残0で信用倍率を算出不能
2026-08-18,9076,セイノーホールディングス,プライム,2827.0,1.0,1.91,3.02,4.64,0.69,60.2,2814.0,2827.0,2785.5,2827.0,2827.0,2734.5,2542.5,2633.4,2563.28,2563.28,9,B,100.0,68.31,16.84,66.14,2701.76,2639.26,2490.59,+1.76σ,0.79,強気包み足,なし,買い,底固め,1,0.0,2734.5,3012.0,2.0,%K反転、%D方向改善、陽の包み足、直近下落なし（B以下に制限）、直近安値切り上げ、RSI安値切り上げ、レンジ上限突破 / 信用需給: 信用データがデータなし、または売残0で信用倍率を算出不能,,https://finance.yahoo.co.jp/quote/9076.T,データなし,データなし,データなし,データなし,データなし,データなし,データなし,データなし,9.0,0,0,9.0,118,118,信用需給は判定不能,信用データがデータなし、または売残0で信用倍率を算出不能
2026-08-18,9301,三菱倉庫,プライム,1512.0,0.9,0.8,-0.69,-2.81,0.71,37.12,1507.0,1536.5,1510.0,1536.5,1536.5,1478.5,1452.5,1493.89,1436.48,1436.48,9,B,41.1,32.33,3.05,44.42,1555.72,1507.71,1363.52,-0.68σ,1.07,なし,強,買い,アンチ,1,0.0,1456.32,1623.36,2.0,直近2～5日まで下落、ストキャス売られ過ぎから反転、%K反転、%D方向改善 / 信用需給: 信用データがデータなし、または売残0で信用倍率を算出不能,,https://finance.yahoo.co.jp/quote/9301.T,データなし,データなし,データなし,データなし,データなし,データなし,データなし,データなし,9.0,0,0,9.0,118,118,信用需給は判定不能,信用データがデータなし、または売残0で信用倍率を算出不能
2026-08-18,9024,西武ホールディングス,プライム,3289.0,0.34,1.45,1.8,-5.41,0.67,142.5,3348.0,3331.0,3236.0,3348.0,3382.0,3236.0,3177.0,3284.63,3118.66,3118.66,9,B,36.28,30.25,0.56,45.3,3477.04,3285.38,4058.12,-0.97σ,0.59,陰線→陽線 / 前日安値割れ反転,通常,買い,BB逆張り / 底固め / アンチ,3,0.0,3075.24,3716.51,2.0,BB -1σ以下から反発、%K反転、長い下ヒゲ反転、直近下落なし（B以下に制限）、直近安値切り上げ、BB幅収縮、RSI安値切り上げ / 信用需給: 信用データがデータなし、または売残0で信用倍率を算出不能,,https://finance.yahoo.co.jp/quote/9024.T,データなし,データなし,データなし,データなし,データなし,データなし,データなし,データなし,9.0,0,0,9.0,118,118,信用需給は判定不能,信用データがデータなし、または売残0で信用倍率を算出不能
2026-08-18,9304,澁澤倉庫,プライム,2023.0,2.69,3.48,7.26,6.36,0.87,77.39,2037.0,2033.0,1966.0,2037.0,2037.0,1871.0,1662.0,1776.09,1677.18,1677.18,9,B,92.31,80.56,3.04,65.94,1902.04,1630.55,1406.44,+1.50σ,0.46,陰線→陽線 / 強気包み足 / はらみ足,強,買い,底固め / アンチ,2,0.0,1871.0,2327.0,2.0,%K反転、%D方向改善、陽の包み足、直近下落なし（B以下に制限）、直近安値切り上げ、BB幅収縮、RSI安値切り上げ / 信用需給: 信用データがデータなし、または売残0で信用倍率を算出不能,,https://finance.yahoo.co.jp/quote/9304.T,データなし,データなし,データなし,データなし,データなし,データなし,データなし,データなし,9.0,0,0,9.0,118,118,信用需給は判定不能,信用データがデータなし、または売残0で信用倍率を算出不能
2026-08-18,1938,日本リーテック,プライム,2479.0,-1.24,1.77,2.31,0.09,0.96,76.07,2510.0,2520.0,2447.0,2520.0,2520.0,2388.0,2330.0,2407.78,2358.02,2358.02,9,B,74.53,51.06,8.17,48.14,2476.8,2667.68,2512.96,+0.43σ,1.26,強気包み足,なし,買い,底固め,1,0.0,2364.9,2707.21,2.0,%K反転、%D方向改善、陽の包み足、直近下落なし（B以下に制限）、直近安値切り上げ、BB幅収縮、RSI安値切り上げ / 信用需給: 信用データがデータなし、または売残0で信用倍率を算出不能,,https://finance.yahoo.co.jp/quote/1938.T,データなし,データなし,データなし,データなし,データなし,データなし,データなし,データなし,9.0,0,0,9.0,118,118,信用需給は判定不能,信用データがデータなし、または売残0で信用倍率を算出不能
2026-08-18,9504,中国電力,プライム,948.7,1.6,2.57,4.16,2.15,1.06,17.89,938.7,949.8,930.8,949.8,949.8,913.0,876.7,913.19,896.84,896.84,9,B,97.8,66.23,12.59,61.98,928.76,905.32,955.47,+1.17σ,1.13,強気包み足,通常,買い,底固め / アンチ,2,0.0,913.0,1020.1,2.0,%K反転、%D方向改善、陽の包み足、直近下落なし（B以下に制限）、直近安値切り上げ、RSI安値切り上げ、レンジ上限突破 / 信用需給: 信用データがデータなし、または売残0で信用倍率を算出不能,,https://finance.yahoo.co.jp/quote/9504.T,データなし,データなし,データなし,データなし,データなし,データなし,データなし,データなし,9.0,0,0,9.0,118,118,信用需給は判定不能,信用データがデータなし、または売残0で信用倍率を算出不能
2026-08-18,9987,スズケン,プライム,5038.0,1.06,0.24,3.49,-0.57,0.72,119.3,5038.0,5048.0,4962.0,5048.0,5060.0,4932.0,4770.0,4908.8,4750.69,4750.69,9,B,92.41,47.15,17.25,50.23,5067.0,5116.21,5732.88,-0.18σ,0.85,陰線→陽線 / 強気包み足 / 前日安値割れ反転,通常,買い,アンチ,1,0.0,4859.05,5395.9,2.0,%K反転、%D方向改善、陽の包み足、長い下ヒゲ反転、直近下落なし（B以下に制限） / 信用需給: 信用データがデータなし、または売残0で信用倍率を算出不能,,https://finance.yahoo.co.jp/quote/9987.T,データなし,データなし,データなし,データなし,データなし,データなし,データなし,データなし,9.0,0,0,9.0,118,118,信用需給は判定不能,信用データがデータなし、または売残0で信用倍率を算出不能
2026-08-18,9531,東京瓦斯,プライム,6051.0,0.77,0.7,2.3,-0.62,0.6,126.13,6045.0,6064.0,5988.0,6064.0,6064.0,5959.0,5876.0,5983.49,5863.94,5863.94,9,B,78.83,33.9,4.61,47.32,6088.84,6260.48,6535.5,-0.44σ,0.75,陰線→陽線 / 強気包み足 / 前日安値割れ反転,通常,買い,アンチ,1,0.0,5861.8,6429.39,2.0,%K反転、%D方向改善、陽の包み足、長い下ヒゲ反転、直近下落なし（B以下に制限） / 信用需給: 信用データがデータなし、または売残0で信用倍率を算出不能,,https://finance.yahoo.co.jp/quote/9531.T,データなし,データなし,データなし,データなし,データなし,データなし,データなし,データなし,9.0,0,0,9.0,118,118,信用需給は判定不能,信用データがデータなし、または売残0で信用倍率を算出不能
2026-08-18,9543,静岡ガス,プライム,1249.0,0.4,0.16,0.56,-0.08,1.08,23.23,1251.0,1258.0,1233.0,1258.0,1258.0,1231.0,1199.0,1235.32,1218.14,1218.14,9,B,80.85,55.33,13.2,49.83,1250.04,1268.19,1295.59,-0.20σ,0.59,陰線→陽線 / 強気包み足 / 前日安値割れ反転,通常,買い,アンチ,1,0.0,1214.16,1318.69,2.0,%K反転、%D方向改善、陽の包み足、長い下ヒゲ反転、直近下落なし（B以下に制限） / 信用需給: 信用データがデータなし、または売残0で信用倍率を算出不能,,https://finance.yahoo.co.jp/quote/9543.T,データなし,データなし,データなし,データなし,データなし,データなし,データなし,データなし,9.0,0,0,9.0,118,118,信用需給は判定不能,信用データがデータなし、または売残0で信用倍率を算出不能
2026-08-18,8005,スクロール,プライム,1874.0,1.3,-0.05,-0.69,5.31,1.05,37.03,1875.0,1885.0,1846.0,1885.0,1893.0,1846.0,1688.0,1719.76,1647.67,1647.67,9,B,51.19,70.25,0.04,67.62,1779.44,1673.05,1441.83,+1.14σ,0.94,陰線→陽線 / 前日安値割れ反転 / 2～5日下落後の陽線,通常,買い,アンチ,1,0.0,1818.45,1985.1,2.0,直近2～5日まで下落、%K反転、長い下ヒゲ反転、2～5日下落後の陽線 / 信用需給: 信用データがデータなし、または売残0で信用倍率を算出不能,,https://finance.yahoo.co.jp/quote/8005.T,データなし,データなし,データなし,データなし,データなし,データなし,データなし,データなし,9.0,0,0,9.0,118,118,信用需給は判定不能,信用データがデータなし、または売残0で信用倍率を算出不能
2026-08-18,3903,ｇｕｍｉ,プライム,264.0,0.76,0.38,1.54,5.13,0.65,9.27,266.0,264.0,258.0,266.0,268.0,252.0,236.0,245.79,238.08,238.08,9,B,78.95,63.48,-2.25,58.36,251.12,264.6,327.26,+1.36σ,1.43,陰線→陽線 / 前日安値割れ反転,なし,買い,底固め,1,0.0,250.09,291.82,2.0,%K反転、長い下ヒゲ反転、出来高増加を伴う反転、直近下落なし（B以下に制限）、直近安値切り上げ、出来高減少後の増加、RSI安値切り上げ / 信用需給: 信用データがデータなし、または売残0で信用倍率を算出不能,,https://finance.yahoo.co.jp/quote/3903.T,データなし,データなし,データなし,データなし,データなし,データなし,データなし,データなし,9.0,0,0,9.0,118,118,信用需給は判定不能,信用データがデータなし、または売残0で信用倍率を算出不能
2026-08-18,3563,ＦＯＯＤ　＆　ＬＩＦＥ　ＣＯＭＰＡＮＩＥＳ,プライム,5806.0,-0.58,0.29,-2.06,3.71,0.68,241.47,5964.0,5828.0,5665.0,5964.0,5964.0,5665.0,5281.0,5497.49,5315.24,5315.24,9,B,58.47,61.61,3.5,58.89,5598.4,5184.32,4614.15,+0.69σ,1.01,陰線→陽線 / 長い下ヒゲ（ハンマー） / 2～5日下落後の陽線,なし,買い,底固め,1,0.0,5443.8,6530.4,2.0,直近2～5日まで下落、%D方向改善、長い下ヒゲ反転、2～5日下落後の陽線、直近安値切り上げ、BB幅収縮、RSI安値切り上げ / 信用需給: 信用データがデータなし、または売残0で信用倍率を算出不能,,https://finance.yahoo.co.jp/quote/3563.T,データなし,データなし,データなし,データなし,データなし,データなし,データなし,データなし,9.0,0,0,9.0,118,118,信用需給は判定不能,信用データがデータなし、または売残0で信用倍率を算出不能
2026-08-18,8043,スターゼン,プライム,1529.0,2.0,2.69,10.8,12.84,1.25,35.89,1515.0,1531.0,1486.0,1531.0,1531.0,1380.0,1283.0,1298.27,1224.49,1224.49,9,除外,98.95,69.24,11.43,78.7,1355.04,1233.23,1248.88,+2.13σ,0.92,強気包み足,通常,買い,底固め / アンチ,2,0.0,1380.0,1827.0,2.0,%K反転、%D方向改善、陽の包み足、直近下落なし（B以下に制限）、直近安値切り上げ、RSI安値切り上げ、レンジ上限突破 / 信用需給: 信用データがデータなし、または売残0で信用倍率を算出不能,急騰済み（25日線上方乖離、高RSI）,https://finance.yahoo.co.jp/quote/8043.T,データなし,データなし,データなし,データなし,データなし,データなし,データなし,データなし,9.0,0,0,9.0,118,118,信用需給は判定不能,信用データがデータなし、または売残0で信用倍率を算出不能
2026-08-18,8129,東邦ホールディングス,プライム,3900.0,0.93,2.17,3.42,-1.66,0.77,115.87,3928.0,3900.0,3811.0,3928.0,3928.0,3758.0,3574.0,3773.89,3592.73,3592.73,9,B,87.88,44.88,14.49,48.33,3966.0,4047.91,4469.21,-0.30σ,0.8,強気包み足 / 前日安値割れ反転,通常,買い,アンチ,1,0.0,3726.2,4247.6,2.0,%K反転、%D方向改善、陽の包み足、長い下ヒゲ反転、直近下落なし（B以下に制限） / 信用需給: 信用データがデータなし、または売残0で信用倍率を算出不能,,https://finance.yahoo.co.jp/quote/8129.T,データなし,データなし,データなし,データなし,データなし,データなし,データなし,データなし,9.0,0,0,9.0,118,118,信用需給は判定不能,信用データがデータなし、または売残0で信用倍率を算出不能
2026-08-18,3093,トレジャー・ファクトリー,プライム,2150.0,1.13,1.03,2.38,2.66,0.79,70.03,2134.0,2158.0,2103.0,2158.0,2158.0,2052.0,2005.0,2059.04,2023.73,2023.73,9,B,94.77,56.21,10.38,56.8,2094.32,1990.52,1817.35,+1.58σ,0.67,強気包み足,なし,買い,底固め,1,0.0,2044.95,2360.1,2.0,%K反転、%D方向改善、陽の包み足、直近下落なし（B以下に制限）、直近安値切り上げ、ATR低下、BB幅収縮、RSI安値切り上げ、レンジ上限突破 / 信用需給: 信用データがデータなし、または売残0で信用倍率を算出不能,,https://finance.yahoo.co.jp/quote/3093.T,データなし,データなし,データなし,データなし,データなし,データなし,データなし,データなし,9.0,0,0,9.0,118,118,信用需給は判定不能,信用データがデータなし、または売残0で信用倍率を算出不能
2026-08-18,8130,サンゲツ,プライム,3165.0,1.12,1.12,1.77,3.07,1.25,48.11,3155.0,3180.0,3120.0,3180.0,3180.0,3115.0,2988.0,3035.44,2980.64,2980.64,9,B,81.25,58.87,4.09,63.44,3070.8,2979.63,3075.02,+1.36σ,0.8,陰線→陽線 / 強気包み足 / 前日安値割れ反転,通常,買い,アンチ,1,0.0,3092.83,3309.34,2.0,%K反転、%D方向改善、陽の包み足、長い下ヒゲ反転、直近下落なし（B以下に制限） / 信用需給: 信用データがデータなし、または売残0で信用倍率を算出不能,,https://finance.yahoo.co.jp/quote/8130.T,データなし,データなし,データなし,データなし,データなし,データなし,データなし,データなし,9.0,0,0,9.0,118,118,信用需給は判定不能,信用データがデータなし、または売残0で信用倍率を算出不能
2026-08-18,3116,トヨタ紡織,プライム,2257.0,0.2,1.97,1.14,0.6,0.68,55.05,2269.5,2267.0,2229.5,2269.5,2269.5,2200.0,2105.0,2188.29,2121.96,2121.96,9,B,85.55,53.45,12.88,52.93,2243.54,2228.09,2453.55,+0.04σ,0.49,強気包み足 / 前日安値割れ反転,通常,買い,アンチ,1,0.0,2174.43,2422.14,2.0,%K反転、%D方向改善、陽の包み足、長い下ヒゲ反転、直近下落なし（B以下に制限） / 信用需給: 信用データがデータなし、または売残0で信用倍率を算出不能,,https://finance.yahoo.co.jp/quote/3116.T,データなし,データなし,データなし,データなし,データなし,データなし,データなし,データなし,9.0,0,0,9.0,118,118,信用需給は判定不能,信用データがデータなし、または売残0で信用倍率を算出不能
2026-08-18,3315,日本コークス工業,プライム,106.0,3.92,4.95,3.92,8.38,1.39,4.31,106.0,108.0,102.0,108.0,108.0,100.0,92.0,94.21,90.37,90.37,9,B,86.67,77.64,13.09,63.78,97.8,97.67,105.37,+2.07σ,2.43,陰線→陽線 / 強気包み足,強,買い,アンチ,1,0.0,99.53,118.94,2.0,%K反転、%D方向改善、陽の包み足、出来高増加を伴う反転、直近下落なし（B以下に制限） / 信用需給: 信用データがデータなし、または売残0で信用倍率を算出不能,,https://finance.yahoo.co.jp/quote/3315.T,データなし,データなし,データなし,データなし,データなし,データなし,データなし,データなし,9.0,0,0,9.0,118,118,信用需給は判定不能,信用データがデータなし、または売残0で信用倍率を算出不能
2026-08-18,3284,フージャースホールディングス,プライム,1303.0,0.54,1.88,3.58,4.49,0.83,19.38,1298.0,1305.0,1289.0,1305.0,1305.0,1255.0,1209.0,1222.14,1194.32,1194.32,9,B,97.78,59.18,18.27,71.5,1247.04,1201.96,1254.92,+1.91σ,1.2,強気包み足,なし,買い,底固め,1,0.0,1255.0,1399.0,2.0,%K反転、%D方向改善、陽の包み足、直近下落なし（B以下に制限）、直近安値切り上げ、BB幅収縮、RSI安値切り上げ、レンジ上限突破 / 信用需給: 信用データがデータなし、または売残0で信用倍率を算出不能,,https://finance.yahoo.co.jp/quote/3284.T,データなし,データなし,データなし,データなし,データなし,データなし,データなし,データなし,9.0,0,0,9.0,118,118,信用需給は判定不能,信用データがデータなし、または売残0で信用倍率を算出不能
2026-08-18,3863,日本製紙,プライム,1372.0,2.54,-2.14,-1.58,-3.46,0.81,57.9,1416.0,1381.0,1334.0,1416.0,1441.0,1334.0,1251.0,1349.56,1273.67,1273.67,9,B,35.51,54.37,13.8,48.2,1421.16,1345.77,1255.35,-0.70σ,0.78,陰線→陽線 / はらみ足 / 2～5日下落後の陽線,なし,買い,BB逆張り / 底固め,2,0.0,1285.16,1545.69,2.0,直近2～5日まで下落、BB -1σ以下から反発、%D方向改善、2～5日下落後の陽線、直近安値切り上げ、BB幅収縮、RSI安値切り上げ / 信用需給: 信用データがデータなし、または売残0で信用倍率を算出不能,,https://finance.yahoo.co.jp/quote/3863.T,データなし,データなし,データなし,データなし,データなし,データなし,データなし,データなし,9.0,0,0,9.0,118,118,信用需給は判定不能,信用データがデータなし、または売残0で信用倍率を算出不能
2026-08-18,7419,ノジマ,プライム,1295.0,-0.23,-2.34,-1.75,-4.11,0.55,38.19,1314.0,1303.0,1282.0,1314.0,1332.0,1282.0,1271.0,1294.57,1236.68,1236.68,9,B,25.49,39.73,7.12,40.29,1350.52,1376.96,1238.58,-0.99σ,0.97,なし,通常,買い,アンチ,1,0.0,1237.72,1409.57,2.0,直近2～5日まで下落、ストキャス売られ過ぎから反転、%K反転、%D方向改善 / 信用需給: 信用データがデータなし、または売残0で信用倍率を算出不能,,https://finance.yahoo.co.jp/quote/7419.T,データなし,データなし,データなし,データなし,データなし,データなし,データなし,データなし,9.0,0,0,9.0,118,118,信用需給は判定不能,信用データがデータなし、または売残0で信用倍率を算出不能
2026-08-18,7512,イオン北海道,スタンダード,856.0,0.82,0.71,2.51,1.34,1.17,13.71,857.0,857.0,841.0,857.0,859.0,835.0,813.0,827.55,811.9,811.9,9,B,92.68,51.7,14.96,56.47,844.64,841.69,876.94,+0.82σ,0.86,陰線→陽線 / 強気包み足 / 前日安値割れ反転,通常,買い,アンチ,1,0.0,835.0,898.0,2.0,%K反転、%D方向改善、陽の包み足、長い下ヒゲ反転、直近下落なし（B以下に制限） / 信用需給: 信用データがデータなし、または売残0で信用倍率を算出不能,,https://finance.yahoo.co.jp/quote/7512.T,データなし,データなし,データなし,データなし,データなし,データなし,データなし,データなし,9.0,0,0,9.0,118,118,信用需給は判定不能,信用データがデータなし、または売残0で信用倍率を算出不能
2026-08-18,7459,メディパルホールディングス,プライム,2861.5,1.56,1.6,1.87,0.83,0.92,73.31,2853.0,2868.5,2801.0,2868.5,2868.5,2768.0,2690.5,2777.97,2696.87,2696.87,9,B,83.48,45.53,12.45,54.85,2837.9,2748.37,2783.06,+0.03σ,0.85,陰線→陽線 / 強気包み足 / 前日安値割れ反転,通常,買い,アンチ,1,0.0,2751.53,3081.43,2.0,%K反転、%D方向改善、陽の包み足、長い下ヒゲ反転、直近下落なし（B以下に制限） / 信用需給: 信用データがデータなし、または売残0で信用倍率を算出不能,,https://finance.yahoo.co.jp/quote/7459.T,データなし,データなし,データなし,データなし,データなし,データなし,データなし,データなし,9.0,0,0,9.0,118,118,信用需給は判定不能,信用データがデータなし、または売残0で信用倍率を算出不能
2026-08-18,7278,エクセディ,プライム,6240.0,0.81,1.63,3.31,3.74,0.76,92.58,6220.0,6240.0,6170.0,6240.0,6240.0,6020.0,5840.0,5933.24,5823.97,5823.97,9,B,100.0,65.47,14.24,65.23,6015.2,5989.6,5767.8,+1.81σ,0.69,強気包み足,通常,買い,底固め / アンチ,2,0.0,6020.0,6680.0,2.0,%K反転、%D方向改善、陽の包み足、直近下落なし（B以下に制限）、直近安値切り上げ、RSI安値切り上げ、レンジ上限突破 / 信用需給: 信用データがデータなし、または売残0で信用倍率を算出不能,,https://finance.yahoo.co.jp/quote/7278.T,データなし,データなし,データなし,データなし,データなし,データなし,データなし,データなし,9.0,0,0,9.0,118,118,信用需給は判定不能,信用データがデータなし、または売残0で信用倍率を算出不能
2026-08-18,7313,テイ・エス　テック,プライム,1844.5,0.76,1.51,1.91,2.32,0.63,26.03,1839.0,1844.5,1828.0,1844.5,1844.5,1806.5,1764.5,1785.72,1756.45,1756.45,9,B,100.0,54.38,11.24,60.56,1802.7,1777.74,1822.57,+1.01σ,0.66,陰線→陽線 / 強気包み足,通常,買い,底固め / アンチ,2,0.0,1805.46,1922.58,2.0,%K反転、%D方向改善、陽の包み足、直近下落なし（B以下に制限）、直近安値切り上げ、RSI安値切り上げ、レンジ上限突破 / 信用需給: 信用データがデータなし、または売残0で信用倍率を算出不能,,https://finance.yahoo.co.jp/quote/7313.T,データなし,データなし,データなし,データなし,データなし,データなし,データなし,データなし,9.0,0,0,9.0,118,118,信用需給は判定不能,信用データがデータなし、または売残0で信用倍率を算出不能
2026-08-18,3482,ロードスターキャピタル,プライム,2601.0,-1.59,-0.31,1.29,-3.02,0.5,65.67,2658.0,2632.0,2599.0,2658.0,2658.0,2567.0,2560.0,2613.41,2547.07,2547.07,9,B,41.84,31.09,4.78,43.17,2681.92,2787.85,2978.44,-1.19σ,0.72,なし,なし,買い,底固め,1,0.0,2502.49,2798.01,2.0,ストキャス売られ過ぎから反転、%K反転、%D方向改善、直近下落なし（B以下に制限）、直近安値切り上げ、ATR低下、BB幅収縮、RSI安値切り上げ / 信用需給: 信用データがデータなし、または売残0で信用倍率を算出不能,,https://finance.yahoo.co.jp/quote/3482.T,データなし,データなし,データなし,データなし,データなし,データなし,データなし,データなし,9.0,0,0,9.0,118,118,信用需給は判定不能,信用データがデータなし、または売残0で信用倍率を算出不能
2026-08-18,5461,中部鋼鈑,プライム,2081.0,0.73,0.92,2.97,-0.02,0.69,40.48,2096.0,2092.0,2064.0,2096.0,2097.0,2023.0,1985.0,2058.49,2028.79,2028.79,9,B,64.0,39.71,0.49,51.34,2081.32,2074.19,2181.58,-0.24σ,0.69,陰線→陽線 / 強気包み足 / はらみ足,通常,買い,底固め / アンチ,2,0.0,2020.28,2202.44,2.0,%K反転、%D方向改善、陽の包み足、直近下落なし（B以下に制限）、直近安値切り上げ、BB幅収縮、RSI安値切り上げ / 信用需給: 信用データがデータなし、または売残0で信用倍率を算出不能,,https://finance.yahoo.co.jp/quote/5461.T,データなし,データなし,データなし,データなし,データなし,データなし,データなし,データなし,9.0,0,0,9.0,118,118,信用需給は判定不能,信用データがデータなし、または売残0で信用倍率を算出不能
2026-08-18,4088,エア・ウォーター,プライム,2571.0,0.86,2.1,0.71,0.39,0.44,75.77,2565.0,2584.0,2551.0,2584.0,2584.0,2504.0,2480.0,2530.8,2496.39,2496.39,9,B,54.92,35.12,5.43,50.43,2561.12,2505.89,2330.19,+0.17σ,0.63,なし,強,買い,アンチ,1,0.0,2457.35,2798.31,2.0,直近2～5日まで下落、ストキャス売られ過ぎから反転、%K反転、%D方向改善 / 信用需給: 信用データがデータなし、または売残0で信用倍率を算出不能,,https://finance.yahoo.co.jp/quote/4088.T,データなし,データなし,データなし,データなし,データなし,データなし,データなし,データなし,9.0,0,0,9.0,118,118,信用需給は判定不能,信用データがデータなし、または売残0で信用倍率を算出不能
2026-08-18,4023,クレハ,プライム,4570.0,1.22,1.67,0.55,5.53,1.04,96.32,4550.0,4590.0,4490.0,4590.0,4590.0,4435.0,4175.0,4247.74,4129.74,4129.74,9,B,77.19,76.36,4.88,70.11,4330.4,4019.33,4119.5,+1.73σ,0.72,強気包み足,強,買い,底固め / アンチ,2,0.0,4425.53,4858.95,2.0,%K反転、%D方向改善、陽の包み足、直近下落なし（B以下に制限）、直近安値切り上げ、BB幅収縮、RSI安値切り上げ / 信用需給: 信用データがデータなし、または売残0で信用倍率を算出不能,,https://finance.yahoo.co.jp/quote/4023.T,データなし,データなし,データなし,データなし,データなし,データなし,データなし,データなし,9.0,0,0,9.0,118,118,信用需給は判定不能,信用データがデータなし、または売残0で信用倍率を算出不能
2026-08-18,3984,ユーザーローカル,プライム,1575.0,0.19,3.62,7.29,-8.7,0.66,65.03,1589.0,1602.0,1559.0,1602.0,1603.0,1451.0,1451.0,1578.72,1454.05,1454.05,9,B,74.25,40.31,-11.69,39.45,1725.12,1731.51,1753.32,-1.03σ,0.78,陰線→陽線,なし,買い,BB逆張り,1,0.0,1451.0,1823.0,2.0,RSI40以下から反転上昇、BB -1σ以下から反発、%K反転、%D方向改善、直近下落なし（B以下に制限） / 信用需給: 信用データがデータなし、または売残0で信用倍率を算出不能,,https://finance.yahoo.co.jp/quote/3984.T,データなし,データなし,データなし,データなし,データなし,データなし,データなし,データなし,9.0,0,0,9.0,118,118,信用需給は判定不能,信用データがデータなし、または売残0で信用倍率を算出不能
2026-08-18,3950,ザ・パック,プライム,1482.0,1.23,2.99,4.0,2.77,1.26,28.6,1478.0,1492.0,1456.0,1492.0,1492.0,1410.0,1410.0,1438.13,1422.36,1422.36,9,B,87.8,58.29,7.79,63.84,1442.12,1361.64,1319.12,+1.78σ,0.73,陰線→陽線 / 強気包み足 / 前日安値割れ反転,通常,買い,アンチ,1,0.0,1410.0,1626.0,2.0,%K反転、%D方向改善、陽の包み足、長い下ヒゲ反転、直近下落なし（B以下に制限） / 信用需給: 信用データがデータなし、または売残0で信用倍率を算出不能,,https://finance.yahoo.co.jp/quote/3950.T,データなし,データなし,データなし,データなし,データなし,データなし,データなし,データなし,9.0,0,0,9.0,118,118,信用需給は判定不能,信用データがデータなし、または売残0で信用倍率を算出不能
2026-08-18,6995,東海理化電機製作所,プライム,3100.0,0.98,1.47,1.64,-0.45,0.92,70.78,3110.0,3115.0,3050.0,3115.0,3115.0,3010.0,2960.0,3028.11,2932.02,2932.02,9,B,85.71,45.88,19.15,51.87,3113.96,2990.75,3031.34,-0.25σ,0.55,陰線→陽線 / 強気包み足 / 前日安値割れ反転,通常,買い,アンチ,1,0.0,2993.83,3312.34,2.0,%K反転、%D方向改善、陽の包み足、長い下ヒゲ反転、直近下落なし（B以下に制限） / 信用需給: 信用データがデータなし、または売残0で信用倍率を算出不能,,https://finance.yahoo.co.jp/quote/6995.T,データなし,データなし,データなし,データなし,データなし,データなし,データなし,データなし,9.0,0,0,9.0,118,118,信用需給は判定不能,信用データがデータなし、または売残0で信用倍率を算出不能
2026-08-18,4202,ダイセル,プライム,1482.0,0.51,0.27,-0.4,1.23,0.5,32.91,1497.0,1482.5,1466.0,1497.0,1497.0,1466.0,1377.5,1448.43,1428.93,1428.93,9,B,49.41,63.0,7.43,59.05,1464.0,1351.77,1371.43,+0.72σ,0.59,陰線→陽線 / 前日安値割れ反転 / 2～5日下落後の陽線,なし,買い,底固め,1,0.0,1432.64,1580.73,2.0,直近2～5日まで下落、%D方向改善、長い下ヒゲ反転、2～5日下落後の陽線、直近安値切り上げ、BB幅収縮、RSI安値切り上げ / 信用需給: 信用データがデータなし、または売残0で信用倍率を算出不能,,https://finance.yahoo.co.jp/quote/4202.T,データなし,データなし,データなし,データなし,データなし,データなし,データなし,データなし,9.0,0,0,9.0,118,118,信用需給は判定不能,信用データがデータなし、または売残0で信用倍率を算出不能
2026-08-18,6523,ＰＨＣホールディングス,プライム,1446.0,3.66,2.55,10.13,23.49,1.53,51.77,1449.0,1464.0,1385.0,1464.0,1464.0,1312.0,1037.0,1055.62,917.6,917.6,9,除外,93.59,77.71,9.67,82.89,1170.96,1083.67,1073.82,+1.83σ,1.48,陰線→陽線 / 強気包み足,通常,買い,アンチ,1,0.0,1312.0,1714.0,2.0,%K反転、%D方向改善、陽の包み足、出来高増加を伴う反転、直近下落なし（B以下に制限） / 信用需給: 信用データがデータなし、または売残0で信用倍率を算出不能,急騰済み（25日線上方乖離、高RSI）,https://finance.yahoo.co.jp/quote/6523.T,データなし,データなし,データなし,データなし,データなし,データなし,データなし,データなし,9.0,0,0,9.0,118,118,信用需給は判定不能,信用データがデータなし、または売残0で信用倍率を算出不能
2026-08-18,5410,合同製鐵,プライム,3005.0,2.14,2.74,3.58,6.2,1.47,57.08,2966.0,3020.0,2936.0,3020.0,3020.0,2894.0,2671.0,2789.43,2713.62,2713.62,9,B,90.51,76.28,8.09,70.63,2829.64,2726.31,3410.04,+1.84σ,1.2,陰線→陽線 / 強気包み足,通常,買い,底固め / アンチ,2,0.0,2894.0,3227.0,2.0,%K反転、%D方向改善、陽の包み足、直近下落なし（B以下に制限）、直近安値切り上げ、RSI安値切り上げ、レンジ上限突破 / 信用需給: 信用データがデータなし、または売残0で信用倍率を算出不能,,https://finance.yahoo.co.jp/quote/5410.T,データなし,データなし,データなし,データなし,データなし,データなし,データなし,データなし,9.0,0,0,9.0,118,118,信用需給は判定不能,信用データがデータなし、または売残0で信用倍率を算出不能
2026-08-18,5020,ＥＮＥＯＳホールディングス,プライム,1318.5,1.85,2.81,4.02,1.73,0.99,36.82,1313.5,1329.5,1293.0,1329.5,1329.5,1268.0,1265.0,1283.44,1262.76,1262.76,9,B,60.8,34.97,-1.72,55.64,1296.08,1280.05,1250.38,+0.70σ,0.76,陰線→陽線 / 強気包み足,なし,買い,底固め,1,0.0,1263.27,1428.96,2.0,%K反転、%D方向改善、陽の包み足、直近下落なし（B以下に制限）、直近安値切り上げ、BB幅収縮、RSI安値切り上げ / 信用需給: 信用データがデータなし、または売残0で信用倍率を算出不能,,https://finance.yahoo.co.jp/quote/5020.T,データなし,データなし,データなし,データなし,データなし,データなし,データなし,データなし,9.0,0,0,9.0,118,118,信用需給は判定不能,信用データがデータなし、または売残0で信用倍率を算出不能
2026-08-18,5142,アキレス,プライム,1980.0,3.56,7.9,10.31,38.09,1.54,75.5,1944.0,1990.0,1874.0,1990.0,1990.0,1724.0,1219.0,1213.19,942.97,942.97,9,除外,98.39,93.28,9.63,90.88,1433.8,1296.43,1384.14,+1.84σ,1.27,強気包み足,なし,買い,底固め,1,0.0,1724.0,2492.0,2.0,%K反転、%D方向改善、陽の包み足、直近下落なし（B以下に制限）、直近安値切り上げ、RSI安値切り上げ、レンジ上限突破 / 信用需給: 信用データがデータなし、または売残0で信用倍率を算出不能,急騰済み（25日線上方乖離、高RSI）,https://finance.yahoo.co.jp/quote/5142.T,データなし,データなし,データなし,データなし,データなし,データなし,データなし,データなし,9.0,0,0,9.0,118,118,信用需給は判定不能,信用データがデータなし、または売残0で信用倍率を算出不能
2026-08-18,4997,日本農薬,プライム,1190.0,0.85,0.51,2.59,9.94,0.89,28.03,1196.0,1198.0,1173.0,1198.0,1198.0,1150.0,997.0,1047.64,994.18,994.18,9,除外,93.28,79.85,11.32,75.09,1082.4,1029.11,1000.92,+1.66σ,0.62,陰線→陽線 / 強気包み足 / 前日安値割れ反転,通常,買い,アンチ,1,0.0,1147.95,1274.09,2.0,%K反転、%D方向改善、陽の包み足、長い下ヒゲ反転、直近下落なし（B以下に制限） / 信用需給: 信用データがデータなし、または売残0で信用倍率を算出不能,急騰済み（高RSI）,https://finance.yahoo.co.jp/quote/4997.T,データなし,データなし,データなし,データなし,データなし,データなし,データなし,データなし,9.0,0,0,9.0,118,118,信用需給は判定不能,信用データがデータなし、または売残0で信用倍率を算出不能
2026-08-18,4194,ビジョナル,プライム,9081.0,0.19,0.34,-1.19,3.34,0.83,315.2,9276.0,9203.0,8941.0,9276.0,9405.0,8823.0,8191.0,8594.84,8300.64,8300.64,9,B,42.23,57.96,4.38,57.87,8787.36,8038.15,8546.3,+0.65σ,0.76,陰線→陽線 / 前日安値割れ反転 / 2～5日下落後の陽線,なし,買い,底固め,1,0.0,8608.2,10026.59,2.0,直近2～5日まで下落、%D方向改善、長い下ヒゲ反転、2～5日下落後の陽線、直近安値切り上げ、BB幅収縮、RSI安値切り上げ / 信用需給: 信用データがデータなし、または売残0で信用倍率を算出不能,,https://finance.yahoo.co.jp/quote/4194.T,データなし,データなし,データなし,データなし,データなし,データなし,データなし,データなし,9.0,0,0,9.0,118,118,信用需給は判定不能,信用データがデータなし、または売残0で信用倍率を算出不能
2026-08-18,6178,日本郵政,プライム,2403.0,0.35,1.01,2.93,0.17,0.74,57.93,2411.0,2415.0,2372.0,2415.0,2425.0,2334.0,2267.5,2354.67,2301.11,2301.11,9,B,73.03,52.98,14.71,54.75,2399.0,2214.91,1916.16,-0.10σ,0.64,強気包み足,なし,買い,底固め,1,0.0,2316.11,2576.78,2.0,%K反転、%D方向改善、陽の包み足、直近下落なし（B以下に制限）、直近安値切り上げ、BB幅収縮、RSI安値切り上げ / 信用需給: 信用データがデータなし、または売残0で信用倍率を算出不能,,https://finance.yahoo.co.jp/quote/6178.T,データなし,データなし,データなし,データなし,データなし,データなし,データなし,データなし,9.0,0,0,9.0,118,118,信用需給は判定不能,信用データがデータなし、または売残0で信用倍率を算出不能
2026-08-18,6013,タクマ,プライム,3235.0,-0.46,0.62,1.41,-3.48,0.65,91.73,3265.0,3280.0,3220.0,3280.0,3280.0,3185.0,3175.0,3243.4,3148.81,3148.81,9,B,36.36,31.0,-0.47,39.97,3351.8,3344.96,2895.32,-1.09σ,1.04,なし,なし,買い,底固め,1,0.0,3097.41,3510.18,2.0,ストキャス売られ過ぎから反転、%K反転、%D方向改善、直近下落なし（B以下に制限）、直近安値切り上げ、BB幅収縮、RSI安値切り上げ / 信用需給: 信用データがデータなし、または売残0で信用倍率を算出不能,,https://finance.yahoo.co.jp/quote/6013.T,データなし,データなし,データなし,データなし,データなし,データなし,データなし,データなし,9.0,0,0,9.0,118,118,信用需給は判定不能,信用データがデータなし、または売残0で信用倍率を算出不能
2026-08-18,4849,エン,プライム,1498.0,1.84,4.68,3.38,13.67,0.83,49.45,1510.0,1498.0,1457.0,1510.0,1510.0,1391.0,1222.0,1248.51,1159.63,1159.63,9,除外,93.3,67.75,10.84,74.97,1317.8,1226.25,1310.98,+1.81σ,1.01,強気包み足 / 前日安値割れ反転,通常,買い,アンチ,1,0.0,1391.0,1712.0,2.0,%K反転、%D方向改善、陽の包み足、長い下ヒゲ反転、直近下落なし（B以下に制限） / 信用需給: 信用データがデータなし、または売残0で信用倍率を算出不能,急騰済み（25日線上方乖離、高RSI）,https://finance.yahoo.co.jp/quote/4849.T,データなし,データなし,データなし,データなし,データなし,データなし,データなし,データなし,9.0,0,0,9.0,118,118,信用需給は判定不能,信用データがデータなし、または売残0で信用倍率を算出不能
2026-08-18,4676,フジ・メディア・ホールディングス,プライム,4160.0,1.39,0.75,2.49,1.52,1.08,112.58,4167.0,4162.0,4040.0,4167.0,4167.0,4040.0,3851.0,3998.88,3908.47,3908.47,9,B,95.24,66.77,16.7,55.29,4097.88,3982.84,3817.7,+0.78σ,0.76,陰線→陽線 / 強気包み足 / 前日安値割れ反転,通常,買い,アンチ,1,0.0,3991.13,4497.74,2.0,%K反転、%D方向改善、陽の包み足、長い下ヒゲ反転、直近下落なし（B以下に制限） / 信用需給: 信用データがデータなし、または売残0で信用倍率を算出不能,,https://finance.yahoo.co.jp/quote/4676.T,データなし,データなし,データなし,データなし,データなし,データなし,データなし,データなし,9.0,0,0,9.0,118,118,信用需給は判定不能,信用データがデータなし、または売残0で信用倍率を算出不能
2026-08-18,4559,ゼリア新薬工業,プライム,2112.0,0.86,1.54,2.67,1.35,1.29,40.98,2127.0,2126.0,2073.0,2127.0,2127.0,2062.0,1978.0,2053.62,2016.14,2016.14,9,B,89.93,54.57,15.33,54.67,2083.8,2138.01,2120.19,+0.56σ,0.74,陰線→陽線 / 強気包み足 / 前日安値割れ反転,通常,買い,アンチ,1,0.0,2050.53,2234.95,2.0,%K反転、%D方向改善、陽の包み足、長い下ヒゲ反転、直近下落なし（B以下に制限） / 信用需給: 信用データがデータなし、または売残0で信用倍率を算出不能,,https://finance.yahoo.co.jp/quote/4559.T,データなし,データなし,データなし,データなし,データなし,データなし,データなし,データなし,9.0,0,0,9.0,118,118,信用需給は判定不能,信用データがデータなし、または売残0で信用倍率を算出不能
2026-08-18,4516,日本新薬,プライム,3616.0,0.5,0.08,0.56,-3.32,0.57,101.53,3677.0,3630.0,3572.0,3677.0,3761.0,3570.0,3376.0,3445.55,3222.75,3222.75,9,B,48.21,63.18,13.16,40.38,3740.12,4010.48,4550.35,-0.23σ,0.61,陰線→陽線 / 前日安値割れ反転,通常,買い,アンチ,1,0.0,3463.7,3920.6,2.0,RSI40以下から反転上昇、%K反転、%D方向改善、長い下ヒゲ反転、直近下落なし（B以下に制限） / 信用需給: 信用データがデータなし、または売残0で信用倍率を算出不能,,https://finance.yahoo.co.jp/quote/4516.T,データなし,データなし,データなし,データなし,データなし,データなし,データなし,データなし,9.0,0,0,9.0,118,118,信用需給は判定不能,信用データがデータなし、または売残0で信用倍率を算出不能
2026-08-18,1333,Ｕｍｉｏｓ,プライム,1302.0,1.52,1.52,2.6,-0.53,1.07,22.95,1295.0,1304.5,1280.0,1304.5,1304.5,1271.0,1230.0,1273.35,1240.43,1240.43,9,B,94.95,49.24,17.1,50.92,1308.88,1290.01,1332.58,-0.13σ,0.88,陰線→陽線 / 強気包み足 / 前日安値割れ反転,通常,買い,アンチ,1,0.0,1267.57,1370.86,2.0,%K反転、%D方向改善、陽の包み足、長い下ヒゲ反転、直近下落なし（B以下に制限） / 信用需給: 信用データがデータなし、または売残0で信用倍率を算出不能,,https://finance.yahoo.co.jp/quote/1333.T,データなし,データなし,データなし,データなし,データなし,データなし,データなし,データなし,9.0,0,0,9.0,118,118,信用需給は判定不能,信用データがデータなし、または売残0で信用倍率を算出不能
2026-08-18,9842,アークランズ,プライム,1921.0,0.79,0.95,0.42,1.09,0.87,35.66,1915.0,1931.0,1900.0,1931.0,1931.0,1887.0,1831.0,1867.06,1828.42,1828.42,9,B,87.65,51.32,10.76,54.54,1900.24,1870.33,1872.4,+0.40σ,0.76,強気包み足 / 前日安値割れ反転,通常,買い,アンチ,1,0.0,1867.51,2027.98,2.0,%K反転、%D方向改善、陽の包み足、長い下ヒゲ反転、直近下落なし（B以下に制限） / 信用需給: 信用データがデータなし、または売残0で信用倍率を算出不能,,https://finance.yahoo.co.jp/quote/9842.T,データなし,データなし,データなし,データなし,データなし,データなし,データなし,データなし,9.0,0,0,9.0,118,118,信用需給は判定不能,信用データがデータなし、または売残0で信用倍率を算出不能
2026-08-18,9882,イエローハット,プライム,1775.0,1.14,1.2,1.72,-0.79,1.06,31.14,1778.0,1779.0,1746.0,1779.0,1779.0,1737.0,1706.0,1734.78,1687.66,1687.66,9,B,91.67,47.79,11.34,50.79,1789.12,1718.79,1658.14,-0.15σ,0.86,陰線→陽線 / 強気包み足 / 前日安値割れ反転,通常,買い,アンチ,1,0.0,1728.3,1868.41,2.0,%K反転、%D方向改善、陽の包み足、長い下ヒゲ反転、直近下落なし（B以下に制限） / 信用需給: 信用データがデータなし、または売残0で信用倍率を算出不能,,https://finance.yahoo.co.jp/quote/9882.T,データなし,データなし,データなし,データなし,データなし,データなし,データなし,データなし,9.0,0,0,9.0,118,118,信用需給は判定不能,信用データがデータなし、または売残0で信用倍率を算出不能
2026-08-18,9746,ＴＫＣ,プライム,3980.0,0.63,-0.13,0.38,4.79,0.79,94.53,4015.0,4000.0,3925.0,4015.0,4015.0,3910.0,3555.0,3706.32,3566.14,3566.14,9,B,87.72,59.21,5.34,65.66,3798.2,3569.67,3842.08,+0.95σ,0.75,強気包み足 / 前日安値割れ反転,通常,買い,アンチ,1,0.0,3838.2,4263.6,2.0,%K反転、%D方向改善、陽の包み足、長い下ヒゲ反転、直近下落なし（B以下に制限） / 信用需給: 信用データがデータなし、または売残0で信用倍率を算出不能,,https://finance.yahoo.co.jp/quote/9746.T,データなし,データなし,データなし,データなし,データなし,データなし,データなし,データなし,9.0,0,0,9.0,118,118,信用需給は判定不能,信用データがデータなし、または売残0で信用倍率を算出不能
2026-08-18,9744,メイテックグループホールディングス,プライム,3307.0,0.06,-0.99,-0.51,0.56,0.7,49.85,3350.0,3320.0,3285.0,3350.0,3360.0,3285.0,3202.0,3256.3,3206.89,3206.89,9,B,50.0,53.5,0.81,55.02,3288.6,3137.53,3296.96,+0.03σ,0.7,陰線→陽線 / 長い下ヒゲ（ハンマー） / 前日安値割れ反転 / 2～5日下落後の陽線,なし,買い,底固め,1,0.0,3232.23,3456.54,2.0,直近2～5日まで下落、%D方向改善、長い下ヒゲ反転、2～5日下落後の陽線、直近安値切り上げ、BB幅収縮、RSI安値切り上げ / 信用需給: 信用データがデータなし、または売残0で信用倍率を算出不能,,https://finance.yahoo.co.jp/quote/9744.T,データなし,データなし,データなし,データなし,データなし,データなし,データなし,データなし,9.0,0,0,9.0,118,118,信用需給は判定不能,信用データがデータなし、または売残0で信用倍率を算出不能
2026-08-18,1377,サカタのタネ,プライム,4460.0,1.83,1.36,1.48,1.65,1.35,81.3,4400.0,4470.0,4360.0,4470.0,4470.0,4360.0,4265.0,4326.97,4266.44,4266.44,9,B,91.3,50.89,13.65,60.05,4387.8,4238.33,4201.98,+1.20σ,0.92,陰線→陽線 / 強気包み足,なし,買い,底固め,1,0.0,4338.05,4703.9,2.0,%K反転、%D方向改善、陽の包み足、直近下落なし（B以下に制限）、直近安値切り上げ、BB幅収縮、RSI安値切り上げ / 信用需給: 信用データがデータなし、または売残0で信用倍率を算出不能,,https://finance.yahoo.co.jp/quote/1377.T,データなし,データなし,データなし,データなし,データなし,データなし,データなし,データなし,9.0,0,0,9.0,118,118,信用需給は判定不能,信用データがデータなし、または売残0で信用倍率を算出不能
2026-08-18,9517,イーレックス,プライム,852.0,0.12,1.07,-1.39,-0.33,1.05,30.43,872.0,867.0,835.0,872.0,872.0,815.0,811.0,839.96,822.08,822.08,8,B,52.86,50.47,11.73,53.06,854.84,837.41,773.0,-0.33σ,1.39,前日安値割れ反転,通常,買い,アンチ,1,0.0,806.35,943.29,2.0,直近2～5日まで下落、%K反転、%D方向改善、長い下ヒゲ反転 / 信用需給: 信用データがデータなし、または売残0で信用倍率を算出不能,,https://finance.yahoo.co.jp/quote/9517.T,データなし,データなし,データなし,データなし,データなし,データなし,データなし,データなし,8.0,0,0,8.0,183,183,信用需給は判定不能,信用データがデータなし、または売残0で信用倍率を算出不能
2026-08-18,4480,メドレー,プライム,2844.0,1.21,30.64,36.86,31.65,1.22,124.66,3040.0,2892.0,2740.0,3040.0,3040.0,2085.0,1915.0,1917.31,1657.31,1657.31,8,除外,80.02,77.63,6.46,81.51,2160.28,2135.64,2192.82,+2.56σ,1.99,陰線→陽線 / 長い下ヒゲ（ハンマー） / 前日安値割れ反転,通常,買い,アンチ,1,0.0,2085.0,4362.0,2.0,%K反転、%D方向改善、長い下ヒゲ反転、出来高増加を伴う反転、直近下落なし（B以下に制限） / 信用需給: 信用データがデータなし、または売残0で信用倍率を算出不能,急騰済み（3営業日急騰、5営業日急騰、25日線上方乖離、高RSI、BB +2σ大幅超過）,https://finance.yahoo.co.jp/quote/4480.T,データなし,データなし,データなし,データなし,データなし,データなし,データなし,データなし,8.0,0,0,8.0,183,183,信用需給は判定不能,信用データがデータなし、または売残0で信用倍率を算出不能
2026-08-18,9072,ニッコンホールディングス,プライム,5725.0,5.41,6.73,6.85,8.34,2.85,195.55,5449.0,5929.0,5371.0,5929.0,5929.0,5211.0,4910.0,5074.12,4900.8,4900.8,8,除外,75.42,80.25,16.71,67.79,5284.32,5609.25,4530.9,+2.76σ,3.91,強気包み足,なし,買い,底固め,1,0.0,5211.0,6753.0,2.0,%D方向改善、陽の包み足、出来高増加を伴う反転、直近下落なし（B以下に制限）、直近安値切り上げ、BB幅収縮、出来高減少後の増加、RSI安値切り上げ、レンジ上限突破 / 信用需給: 信用データがデータなし、または売残0で信用倍率を算出不能,急騰済み（BB +2σ大幅超過）,https://finance.yahoo.co.jp/quote/9072.T,データなし,データなし,データなし,データなし,データなし,データなし,データなし,データなし,8.0,0,0,8.0,183,183,信用需給は判定不能,信用データがデータなし、または売残0で信用倍率を算出不能
2026-08-18,9023,東京地下鉄,プライム,1440.5,-0.35,-1.06,-1.61,-1.31,0.67,26.84,1466.0,1449.0,1431.0,1466.0,1466.0,1431.0,1415.0,1436.95,1415.15,1415.15,8,B,22.35,46.14,-1.95,46.52,1459.62,1448.71,1559.4,-0.84σ,0.7,陰線→陽線 / 長い下ヒゲ（ハンマー） / 2～5日下落後の陽線,なし,買い,底固め,1,0.0,1400.23,1521.03,2.0,直近2～5日まで下落、長い下ヒゲ反転、2～5日下落後の陽線、直近安値切り上げ、BB幅収縮、RSI安値切り上げ / 信用需給: 信用データがデータなし、または売残0で信用倍率を算出不能,,https://finance.yahoo.co.jp/quote/9023.T,データなし,データなし,データなし,データなし,データなし,データなし,データなし,データなし,8.0,0,0,8.0,183,183,信用需給は判定不能,信用データがデータなし、または売残0で信用倍率を算出不能
2026-08-18,2267,ヤクルト本社,プライム,2845.5,0.18,-1.35,-1.33,0.62,0.66,71.7,2879.5,2863.5,2816.0,2879.5,2906.0,2816.0,2675.0,2777.5,2726.67,2726.67,8,B,26.58,60.6,-3.65,52.35,2828.0,2778.14,2631.11,+0.34σ,0.84,陰線→陽線 / 前日安値割れ反転 / 2～5日下落後の陽線,なし,買い,底固め,1,0.0,2737.95,3060.6,2.0,直近2～5日まで下落、長い下ヒゲ反転、2～5日下落後の陽線、直近安値切り上げ、BB幅収縮、RSI安値切り上げ / 信用需給: 信用データがデータなし、または売残0で信用倍率を算出不能,,https://finance.yahoo.co.jp/quote/2267.T,データなし,データなし,データなし,データなし,データなし,データなし,データなし,データなし,8.0,0,0,8.0,183,183,信用需給は判定不能,信用データがデータなし、または売残0で信用倍率を算出不能
2026-08-18,5707,東邦亜鉛,プライム,1123.0,3.12,9.24,11.74,24.83,1.49,66.37,1204.0,1171.0,1072.0,1204.0,1204.0,990.0,770.0,821.19,720.28,720.28,8,除外,69.55,80.21,1.23,75.15,899.6,935.23,1094.34,+1.99σ,2.32,強気包み足 / はらみ足,通常,買い,アンチ,1,0.0,990.0,1389.0,2.0,%K反転、陽の包み足、出来高増加を伴う反転、直近下落なし（B以下に制限） / 信用需給: 信用データがデータなし、または売残0で信用倍率を算出不能,急騰済み（25日線上方乖離、高RSI）,https://finance.yahoo.co.jp/quote/5707.T,データなし,データなし,データなし,データなし,データなし,データなし,データなし,データなし,8.0,0,0,8.0,183,183,信用需給は判定不能,信用データがデータなし、または売残0で信用倍率を算出不能
2026-08-18,5301,東海カーボン,プライム,1846.0,2.98,1.85,1.68,10.9,1.08,64.05,1799.5,1867.5,1798.5,1867.5,1867.5,1773.0,1510.0,1562.86,1453.21,1453.21,8,除外,87.25,62.38,14.62,68.91,1664.6,1650.16,1254.81,+1.58σ,0.62,陰線→陽線 / 2～5日下落後の陽線,強,買い,アンチ,1,0.0,1749.92,2038.16,2.0,直近2～5日まで下落、%K反転、%D方向改善、2～5日下落後の陽線 / 信用需給: 信用データがデータなし、または売残0で信用倍率を算出不能,急騰済み（25日線上方乖離）,https://finance.yahoo.co.jp/quote/5301.T,データなし,データなし,データなし,データなし,データなし,データなし,データなし,データなし,8.0,0,0,8.0,183,183,信用需給は判定不能,信用データがデータなし、または売残0で信用倍率を算出不能
2026-08-18,5262,日本ヒューム,プライム,1142.0,1.51,-1.81,2.33,7.65,1.5,32.6,1163.0,1158.0,1109.0,1163.0,1177.0,1109.0,1006.0,1023.84,977.53,977.53,8,B,75.18,71.1,9.02,65.83,1060.88,1064.39,1293.79,+1.55σ,1.38,陰線→陽線 / 前日安値割れ反転,強,買い,アンチ,1,0.0,1093.09,1239.81,2.0,%K反転、%D方向改善、長い下ヒゲ反転、出来高増加を伴う反転、直近下落なし（B以下に制限） / 信用需給: 信用データがデータなし、または売残0で信用倍率を算出不能,,https://finance.yahoo.co.jp/quote/5262.T,データなし,データなし,データなし,データなし,データなし,データなし,データなし,データなし,8.0,0,0,8.0,183,183,信用需給は判定不能,信用データがデータなし、または売残0で信用倍率を算出不能
2026-08-18,4886,あすか製薬ホールディングス,プライム,2191.0,3.45,4.78,7.67,1.38,1.43,67.85,2158.0,2217.0,2120.0,2217.0,2217.0,2026.0,1917.0,2058.86,1975.57,1975.57,8,B,89.68,54.59,18.12,52.09,2161.16,2443.87,2334.02,+0.59σ,1.4,陰線→陽線,通常,買い,底固め / アンチ,2,0.0,2026.0,2521.0,2.0,%K反転、%D方向改善、出来高増加を伴う反転、直近下落なし（B以下に制限）、直近安値切り上げ、出来高減少後の増加、RSI安値切り上げ、レンジ上限突破 / 信用需給: 信用データがデータなし、または売残0で信用倍率を算出不能,,https://finance.yahoo.co.jp/quote/4886.T,データなし,データなし,データなし,データなし,データなし,データなし,データなし,データなし,8.0,0,0,8.0,183,183,信用需給は判定不能,信用データがデータなし、または売残0で信用倍率を算出不能
2026-08-18,4828,ビジネスエンジニアリング,プライム,1377.0,2.15,1.18,5.92,12.56,0.96,44.8,1380.0,1388.0,1345.0,1388.0,1391.0,1311.0,1144.0,1173.18,1100.41,1100.41,8,除外,86.98,53.62,7.11,73.03,1223.4,1131.67,1303.06,+1.80σ,0.66,陰線→陽線 / 前日安値割れ反転,通常,買い,底固め / アンチ,2,0.0,1309.8,1511.4,2.0,%K反転、%D方向改善、長い下ヒゲ反転、直近下落なし（B以下に制限）、直近安値切り上げ、BB幅収縮、RSI安値切り上げ / 信用需給: 信用データがデータなし、または売残0で信用倍率を算出不能,急騰済み（25日線上方乖離、高RSI）,https://finance.yahoo.co.jp/quote/4828.T,データなし,データなし,データなし,データなし,データなし,データなし,データなし,データなし,8.0,0,0,8.0,183,183,信用需給は判定不能,信用データがデータなし、または売残0で信用倍率を算出不能
2026-08-18,4568,第一三共,プライム,2700.0,1.5,-2.53,-3.74,-1.18,0.64,84.35,2722.0,2719.0,2665.0,2722.0,2777.5,2660.0,2500.0,2625.04,2513.99,2513.99,8,B,31.15,52.66,2.89,49.26,2732.3,2650.22,2994.17,-0.33σ,0.65,陰線→陽線 / はらみ足 / 2～5日下落後の陽線,通常,買い,アンチ,1,0.0,2573.48,2953.04,2.0,直近2～5日まで下落、%K反転、%D方向改善、2～5日下落後の陽線 / 信用需給: 信用データがデータなし、または売残0で信用倍率を算出不能,,https://finance.yahoo.co.jp/quote/4568.T,データなし,データなし,データなし,データなし,データなし,データなし,データなし,データなし,8.0,0,0,8.0,183,183,信用需給は判定不能,信用データがデータなし、または売残0で信用倍率を算出不能
2026-08-18,4521,科研製薬,プライム,4030.0,1.51,-0.25,0.75,3.39,0.79,69.86,4045.0,4035.0,3980.0,4045.0,4045.0,3970.0,3745.0,3827.74,3744.22,3744.22,8,B,88.68,61.4,19.48,60.94,3897.8,3916.0,3995.38,+1.42σ,0.59,陰線→陽線 / はらみ足 / 2～5日下落後の陽線,通常,買い,アンチ,1,0.0,3925.2,4239.59,2.0,直近2～5日まで下落、%K反転、%D方向改善、2～5日下落後の陽線 / 信用需給: 信用データがデータなし、または売残0で信用倍率を算出不能,,https://finance.yahoo.co.jp/quote/4521.T,データなし,データなし,データなし,データなし,データなし,データなし,データなし,データなし,8.0,0,0,8.0,183,183,信用需給は判定不能,信用データがデータなし、または売残0で信用倍率を算出不能
2026-08-18,4587,ペプチドリーム,プライム,1025.5,2.29,-1.96,3.36,4.97,1.47,42.14,1049.5,1048.0,986.0,1049.5,1073.0,972.5,906.4,938.93,905.23,905.23,8,B,60.42,74.67,4.73,57.01,976.97,1034.86,1324.32,+1.57σ,1.39,陰線→陽線 / はらみ足,通常,買い,底固め / アンチ,2,0.0,962.3,1151.91,2.0,%K反転、%D方向改善、出来高増加を伴う反転、直近下落なし（B以下に制限）、直近安値切り上げ、BB幅収縮、RSI安値切り上げ / 信用需給: 信用データがデータなし、または売残0で信用倍率を算出不能,,https://finance.yahoo.co.jp/quote/4587.T,データなし,データなし,データなし,データなし,データなし,データなし,データなし,データなし,8.0,0,0,8.0,183,183,信用需給は判定不能,信用データがデータなし、または売残0で信用倍率を算出不能
2026-08-18,4575,キャンバス,グロース,810.0,0.0,5.61,7.57,8.61,1.61,40.47,828.0,863.0,798.0,863.0,863.0,724.0,668.0,713.02,681.23,681.23,8,B,61.87,79.45,7.5,65.64,745.76,659.81,757.22,+2.05σ,2.08,強気包み足,なし,買い,底固め,1,0.0,724.0,982.0,2.0,%D方向改善、陽の包み足、出来高増加を伴う反転、直近下落なし（B以下に制限）、直近安値切り上げ、ATR低下、BB幅収縮、出来高減少後の増加、RSI安値切り上げ / 信用需給: 信用データがデータなし、または売残0で信用倍率を算出不能,,https://finance.yahoo.co.jp/quote/4575.T,データなし,データなし,データなし,データなし,データなし,データなし,データなし,データなし,8.0,0,0,8.0,183,183,信用需給は判定不能,信用データがデータなし、または売残0で信用倍率を算出不能
2026-08-18,4674,クレスコ,プライム,1998.0,2.2,5.27,7.02,19.08,1.55,55.65,1982.0,2021.0,1935.0,2021.0,2021.0,1828.0,1533.0,1562.56,1411.58,1411.58,8,除外,91.9,87.85,2.91,86.23,1677.84,1556.21,1571.76,+1.88σ,2.25,強気包み足,なし,買い,底固め,1,0.0,1828.0,2338.0,2.0,%D方向改善、陽の包み足、出来高増加を伴う反転、直近下落なし（B以下に制限）、直近安値切り上げ、RSI安値切り上げ、レンジ上限突破 / 信用需給: 信用データがデータなし、または売残0で信用倍率を算出不能,急騰済み（25日線上方乖離、高RSI）,https://finance.yahoo.co.jp/quote/4674.T,データなし,データなし,データなし,データなし,データなし,データなし,データなし,データなし,8.0,0,0,8.0,183,183,信用需給は判定不能,信用データがデータなし、または売残0で信用倍率を算出不能
2026-08-18,9090,ＡＺ－ＣＯＭ丸和ホールディングス,プライム,881.0,0.46,1.15,4.51,-0.33,0.91,25.31,884.0,888.0,865.0,888.0,888.0,837.0,817.0,856.61,821.57,821.57,8,B,87.27,41.34,14.06,53.58,883.96,831.84,919.56,-0.30σ,0.47,陰線→陽線 / 強気包み足 / 前日安値割れ反転,なし,買い,底固め,1,0.0,837.0,969.0,2.0,%D方向改善、陽の包み足、長い下ヒゲ反転、直近下落なし（B以下に制限）、直近安値切り上げ、BB幅収縮、RSI安値切り上げ / 信用需給: 信用データがデータなし、または売残0で信用倍率を算出不能,,https://finance.yahoo.co.jp/quote/9090.T,データなし,データなし,データなし,データなし,データなし,データなし,データなし,データなし,8.0,0,0,8.0,183,183,信用需給は判定不能,信用データがデータなし、または売残0で信用倍率を算出不能
2026-08-18,2168,パソナグループ,プライム,1643.0,0.18,0.86,1.61,3.72,0.97,34.05,1653.0,1657.0,1624.0,1657.0,1657.0,1608.0,1523.0,1562.56,1532.07,1532.07,8,B,82.5,73.58,17.87,65.82,1584.08,1573.25,1804.22,+1.64σ,0.93,強気包み足 / 前日安値割れ反転,なし,買い,底固め,1,0.0,1591.93,1745.14,2.0,%D方向改善、陽の包み足、長い下ヒゲ反転、直近下落なし（B以下に制限）、直近安値切り上げ、BB幅収縮、RSI安値切り上げ / 信用需給: 信用データがデータなし、または売残0で信用倍率を算出不能,,https://finance.yahoo.co.jp/quote/2168.T,データなし,データなし,データなし,データなし,データなし,データなし,データなし,データなし,8.0,0,0,8.0,183,183,信用需給は判定不能,信用データがデータなし、または売残0で信用倍率を算出不能
2026-08-18,5801,古河電気工業,プライム,4368.0,1.63,6.25,10.53,21.48,1.12,352.52,4300.0,4632.0,4236.0,4632.0,4632.0,3768.0,2646.0,3135.0,2655.85,2655.85,8,除外,74.71,86.02,11.17,61.95,3595.76,4367.27,2872.42,+1.57σ,1.52,強気包み足,なし,買い,底固め,1,0.0,3768.0,5568.0,2.0,%D方向改善、陽の包み足、出来高増加を伴う反転、直近下落なし（B以下に制限）、直近安値切り上げ、RSI安値切り上げ、レンジ上限突破 / 信用需給: 信用データがデータなし、または売残0で信用倍率を算出不能,急騰済み（25日線上方乖離）,https://finance.yahoo.co.jp/quote/5801.T,データなし,データなし,データなし,データなし,データなし,データなし,データなし,データなし,8.0,0,0,8.0,183,183,信用需給は判定不能,信用データがデータなし、または売残0で信用倍率を算出不能
2026-08-18,6118,アイダエンジニアリング,プライム,1287.0,2.8,7.7,8.42,5.94,1.51,35.12,1258.0,1300.0,1247.0,1300.0,1300.0,1175.0,1165.0,1182.42,1153.74,1153.74,8,除外,89.84,68.21,12.78,65.11,1214.8,1182.69,1158.7,+2.65σ,2.03,強気包み足,なし,買い,底固め,1,0.0,1175.0,1511.0,2.0,%D方向改善、陽の包み足、出来高増加を伴う反転、直近下落なし（B以下に制限）、直近安値切り上げ、BB幅収縮、出来高減少後の増加、レンジ上限突破 / 信用需給: 信用データがデータなし、または売残0で信用倍率を算出不能,急騰済み（BB +2σ大幅超過）,https://finance.yahoo.co.jp/quote/6118.T,データなし,データなし,データなし,データなし,データなし,データなし,データなし,データなし,8.0,0,0,8.0,183,183,信用需給は判定不能,信用データがデータなし、または売残0で信用倍率を算出不能
2026-08-18,5232,住友大阪セメント,プライム,5860.0,0.26,2.64,1.56,3.62,0.69,255.02,6004.0,5998.0,5823.0,6004.0,6004.0,5640.0,5153.0,5519.17,5349.24,5349.24,8,B,51.16,62.28,8.69,55.76,5655.12,5418.67,4526.8,+1.01σ,0.43,前日安値割れ反転,通常,買い,底固め / アンチ,2,0.0,5477.47,6625.06,2.0,%K反転、%D方向改善、長い下ヒゲ反転、直近下落なし（B以下に制限）、直近安値切り上げ、BB幅収縮、RSI安値切り上げ / 信用需給: 信用データがデータなし、または売残0で信用倍率を算出不能,,https://finance.yahoo.co.jp/quote/5232.T,データなし,データなし,データなし,データなし,データなし,データなし,データなし,データなし,8.0,0,0,8.0,183,183,信用需給は判定不能,信用データがデータなし、または売残0で信用倍率を算出不能
2026-08-18,3087,ドトール・日レスホールディングス,プライム,3185.0,1.11,-0.16,1.76,2.56,0.76,72.67,3210.0,3190.0,3135.0,3210.0,3235.0,3135.0,2958.0,3070.82,2985.54,2985.54,8,B,64.29,41.25,3.04,60.85,3105.52,2842.59,2774.94,+0.34σ,0.42,陰線→陽線 / 前日安値割れ反転,通常,買い,底固め / アンチ,2,0.0,3075.99,3403.01,2.0,%K反転、%D方向改善、長い下ヒゲ反転、直近下落なし（B以下に制限）、直近安値切り上げ、BB幅収縮、RSI安値切り上げ / 信用需給: 信用データがデータなし、または売残0で信用倍率を算出不能,,https://finance.yahoo.co.jp/quote/3087.T,データなし,データなし,データなし,データなし,データなし,データなし,データなし,データなし,8.0,0,0,8.0,183,183,信用需給は判定不能,信用データがデータなし、または売残0で信用倍率を算出不能
2026-08-18,8267,イオン,プライム,1351.5,-0.81,-3.19,-2.73,-1.78,0.68,41.28,1388.5,1359.5,1331.5,1388.5,1404.0,1331.5,1306.5,1341.84,1311.11,1311.11,8,B,25.0,47.74,-1.67,45.17,1375.98,1400.23,1915.94,-0.69σ,1.08,陰線→陽線 / 長い下ヒゲ（ハンマー） / 2～5日下落後の陽線,なし,買い,底固め,1,0.0,1289.58,1475.34,2.0,直近2～5日まで下落、長い下ヒゲ反転、2～5日下落後の陽線、直近安値切り上げ、BB幅収縮、RSI安値切り上げ / 信用需給: 信用データがデータなし、または売残0で信用倍率を算出不能,,https://finance.yahoo.co.jp/quote/8267.T,データなし,データなし,データなし,データなし,データなし,データなし,データなし,データなし,8.0,0,0,8.0,183,183,信用需給は判定不能,信用データがデータなし、または売残0で信用倍率を算出不能
2026-08-18,3989,シェアリングテクノロジー,グロース,1497.0,0.13,2.11,2.18,5.48,0.58,46.89,1526.0,1498.0,1471.0,1526.0,1526.0,1440.0,1308.0,1364.29,1314.33,1314.33,8,B,81.05,77.69,14.56,68.43,1419.24,1208.17,1167.54,+1.66σ,0.76,陰線→陽線 / はらみ足 / 長い下ヒゲ（ハンマー）,通常,買い,底固め / アンチ,2,0.0,1426.67,1637.67,2.0,%K反転、%D方向改善、長い下ヒゲ反転、直近下落なし（B以下に制限）、直近安値切り上げ、BB幅収縮、RSI安値切り上げ / 信用需給: 信用データがデータなし、または売残0で信用倍率を算出不能,,https://finance.yahoo.co.jp/quote/3989.T,データなし,データなし,データなし,データなし,データなし,データなし,データなし,データなし,8.0,0,0,8.0,183,183,信用需給は判定不能,信用データがデータなし、または売残0で信用倍率を算出不能
2026-08-18,7906,ヨネックス,スタンダード,2756.0,0.44,-2.41,4.79,5.1,0.72,110.93,2859.0,2784.0,2704.0,2859.0,2955.0,2701.0,2452.0,2528.45,2423.96,2423.96,8,B,60.44,54.51,4.04,62.36,2622.28,2485.13,3053.66,+1.18σ,0.74,陰線→陽線 / 長い下ヒゲ（ハンマー） / 前日安値割れ反転,通常,買い,底固め / アンチ,2,0.0,2589.61,3088.78,2.0,%K反転、%D方向改善、長い下ヒゲ反転、直近下落なし（B以下に制限）、直近安値切り上げ、BB幅収縮、RSI安値切り上げ / 信用需給: 信用データがデータなし、または売残0で信用倍率を算出不能,,https://finance.yahoo.co.jp/quote/7906.T,データなし,データなし,データなし,データなし,データなし,データなし,データなし,データなし,8.0,0,0,8.0,183,183,信用需給は判定不能,信用データがデータなし、または売残0で信用倍率を算出不能
2026-08-18,7611,ハイデイ日高,プライム,2911.0,0.8,0.9,1.5,2.49,1.1,59.1,2929.0,2929.0,2864.0,2929.0,2929.0,2858.0,2732.0,2787.98,2724.11,2724.11,8,B,83.18,58.14,7.63,60.73,2840.2,2707.15,3031.05,+0.93σ,1.29,陰線→陽線 / 前日安値割れ反転,通常,買い,底固め / アンチ,2,0.0,2822.35,3088.31,2.0,%K反転、%D方向改善、長い下ヒゲ反転、直近下落なし（B以下に制限）、直近安値切り上げ、BB幅収縮、RSI安値切り上げ / 信用需給: 信用データがデータなし、または売残0で信用倍率を算出不能,,https://finance.yahoo.co.jp/quote/7611.T,データなし,データなし,データなし,データなし,データなし,データなし,データなし,データなし,8.0,0,0,8.0,183,183,信用需給は判定不能,信用データがデータなし、または売残0で信用倍率を算出不能
2026-08-18,3449,テクノフレックス,スタンダード,3995.0,-4.88,-2.8,3.5,-16.09,0.84,517.59,4270.0,4380.0,3945.0,4380.0,4380.0,3785.0,3755.0,4052.35,3595.21,3595.21,8,B,34.53,42.42,-5.4,37.6,4760.8,6355.13,3844.73,-1.13σ,0.86,なし,なし,買い,底固め,1,0.0,3218.62,5547.76,2.0,ストキャス売られ過ぎから反転、%K反転、直近下落なし（B以下に制限）、直近安値切り上げ、ATR低下、BB幅収縮、RSI安値切り上げ / 信用需給: 信用データがデータなし、または売残0で信用倍率を算出不能,,https://finance.yahoo.co.jp/quote/3449.T,データなし,データなし,データなし,データなし,データなし,データなし,データなし,データなし,8.0,0,0,8.0,183,183,信用需給は判定不能,信用データがデータなし、または売残0で信用倍率を算出不能
2026-08-18,9900,サガミホールディングス,プライム,2270.0,1.84,3.94,3.65,11.77,0.88,61.66,2250.0,2286.0,2232.0,2286.0,2286.0,2160.0,1806.0,1970.73,1845.4,1845.4,8,除外,88.32,80.25,4.49,76.36,2030.92,1780.72,1817.32,+1.39σ,0.74,陰線→陽線 / 長い下ヒゲ（ハンマー）,通常,買い,底固め / アンチ,2,0.0,2160.0,2490.0,2.0,%K反転、%D方向改善、長い下ヒゲ反転、直近下落なし（B以下に制限）、直近安値切り上げ、RSI安値切り上げ、レンジ上限突破 / 信用需給: 信用データがデータなし、または売残0で信用倍率を算出不能,急騰済み（25日線上方乖離、高RSI）,https://finance.yahoo.co.jp/quote/9900.T,データなし,データなし,データなし,データなし,データなし,データなし,データなし,データなし,8.0,0,0,8.0,183,183,信用需給は判定不能,信用データがデータなし、または売残0で信用倍率を算出不能
2026-08-18,9956,バローホールディングス,プライム,3230.0,0.62,1.89,2.54,-0.44,0.64,93.12,3255.0,3230.0,3170.0,3255.0,3255.0,3130.0,3115.0,3157.5,3081.01,3081.01,8,B,64.52,31.57,3.8,46.42,3244.2,3451.13,3440.78,-0.05σ,0.67,陰線→陽線 / 長い下ヒゲ（ハンマー） / 前日安値割れ反転,なし,買い,底固め,1,0.0,3090.32,3509.36,2.0,%K反転、%D方向改善、長い下ヒゲ反転、直近下落なし（B以下に制限）、直近安値切り上げ、BB幅収縮、RSI安値切り上げ / 信用需給: 信用データがデータなし、または売残0で信用倍率を算出不能,,https://finance.yahoo.co.jp/quote/9956.T,データなし,データなし,データなし,データなし,データなし,データなし,データなし,データなし,8.0,0,0,8.0,183,183,信用需給は判定不能,信用データがデータなし、または売残0で信用倍率を算出不能
2026-08-18,7550,ゼンショーホールディングス,プライム,11700.0,2.99,3.91,0.91,16.11,1.12,357.68,11395.0,11745.0,11345.0,11745.0,11745.0,11125.0,8901.0,9471.49,8633.09,8633.09,8,除外,93.95,76.05,2.71,76.94,10077.04,8748.81,8995.98,+1.66σ,0.98,2～5日下落後の陽線,通常,買い,アンチ,1,0.0,11125.0,12850.0,2.0,直近2～5日まで下落、%K反転、%D方向改善、2～5日下落後の陽線 / 信用需給: 信用データがデータなし、または売残0で信用倍率を算出不能,急騰済み（25日線上方乖離、高RSI）,https://finance.yahoo.co.jp/quote/7550.T,データなし,データなし,データなし,データなし,データなし,データなし,データなし,データなし,8.0,0,0,8.0,183,183,信用需給は判定不能,信用データがデータなし、または売残0で信用倍率を算出不能
2026-08-18,7246,プレス工業,プライム,989.0,0.82,2.59,2.7,12.0,0.69,21.7,988.0,996.0,981.0,996.0,996.0,955.0,817.0,841.01,781.32,781.32,8,除外,87.04,85.93,-0.09,81.67,883.04,826.99,824.98,+1.48σ,0.74,陰線→陽線 / 強気包み足,なし,買い,底固め,1,0.0,955.0,1057.0,2.0,%K反転、陽の包み足、直近下落なし（B以下に制限）、直近安値切り上げ、RSI安値切り上げ、レンジ上限突破 / 信用需給: 信用データがデータなし、または売残0で信用倍率を算出不能,急騰済み（25日線上方乖離、高RSI）,https://finance.yahoo.co.jp/quote/7246.T,データなし,データなし,データなし,データなし,データなし,データなし,データなし,データなし,8.0,0,0,8.0,183,183,信用需給は判定不能,信用データがデータなし、または売残0で信用倍率を算出不能
2026-08-18,3543,コメダホールディングス,プライム,2910.0,1.01,0.41,1.96,1.44,1.06,40.61,2900.0,2913.0,2870.0,2913.0,2913.0,2865.0,2804.0,2829.34,2785.44,2785.44,8,B,96.34,53.35,12.83,58.18,2868.76,2840.33,2922.08,+0.84σ,1.07,陰線→陽線 / 前日安値割れ反転,通常,買い,底固め / アンチ,2,0.0,2849.08,3031.83,2.0,%K反転、%D方向改善、長い下ヒゲ反転、直近下落なし（B以下に制限）、直近安値切り上げ、RSI安値切り上げ、レンジ上限突破 / 信用需給: 信用データがデータなし、または売残0で信用倍率を算出不能,,https://finance.yahoo.co.jp/quote/3543.T,データなし,データなし,データなし,データなし,データなし,データなし,データなし,データなし,8.0,0,0,8.0,183,183,信用需給は判定不能,信用データがデータなし、または売残0で信用倍率を算出不能
2026-08-18,3668,コロプラ,プライム,416.0,0.24,0.24,0.97,4.88,0.84,10.77,420.0,419.0,410.0,420.0,423.0,408.0,376.0,385.82,373.1,373.1,8,B,72.0,67.63,1.81,63.26,396.64,387.25,419.9,+1.37σ,0.93,陰線→陽線 / 強気包み足 / 前日安値割れ反転,強,買い,アンチ,1,0.0,399.84,448.32,2.0,%K反転、陽の包み足、長い下ヒゲ反転、直近下落なし（B以下に制限） / 信用需給: 信用データがデータなし、または売残0で信用倍率を算出不能,,https://finance.yahoo.co.jp/quote/3668.T,データなし,データなし,データなし,データなし,データなし,データなし,データなし,データなし,8.0,0,0,8.0,183,183,信用需給は判定不能,信用データがデータなし、または売残0で信用倍率を算出不能
2026-08-18,7988,ニフコ,プライム,5059.0,0.12,0.42,-1.42,-0.9,0.47,129.58,5147.0,5083.0,5022.0,5147.0,5147.0,5006.0,4884.0,5014.99,4909.73,4909.73,8,B,40.1,40.36,0.24,50.75,5105.08,4737.21,4776.32,-0.58σ,0.73,前日安値割れ反転,通常,買い,アンチ,1,0.0,4864.63,5447.75,2.0,直近2～5日まで下落、%K反転、%D方向改善、長い下ヒゲ反転 / 信用需給: 信用データがデータなし、または売残0で信用倍率を算出不能,,https://finance.yahoo.co.jp/quote/7988.T,データなし,データなし,データなし,データなし,データなし,データなし,データなし,データなし,8.0,0,0,8.0,183,183,信用需給は判定不能,信用データがデータなし、または売残0で信用倍率を算出不能
2026-08-18,8032,日本紙パルプ商事,プライム,1250.0,1.05,-1.03,-1.96,7.82,0.67,29.81,1249.0,1258.0,1238.0,1258.0,1278.0,1224.0,1097.0,1108.56,1048.82,1048.82,8,B,78.95,85.48,6.57,68.11,1159.36,1129.63,1011.54,+1.37σ,0.85,陰線→陽線 / 2～5日下落後の陽線,通常,買い,アンチ,1,0.0,1205.28,1339.44,2.0,直近2～5日まで下落、%K反転、%D方向改善、2～5日下落後の陽線 / 信用需給: 信用データがデータなし、または売残0で信用倍率を算出不能,,https://finance.yahoo.co.jp/quote/8032.T,データなし,データなし,データなし,データなし,データなし,データなし,データなし,データなし,8.0,0,0,8.0,183,183,信用需給は判定不能,信用データがデータなし、または売残0で信用倍率を算出不能
2026-08-18,3333,あさひ,プライム,1381.0,0.73,2.37,3.29,2.7,1.03,24.21,1375.0,1390.0,1365.0,1390.0,1390.0,1325.0,1298.0,1320.62,1296.13,1296.13,8,B,88.61,54.54,11.05,62.46,1344.68,1297.99,1308.17,+1.47σ,2.26,陰線→陽線 / 強気包み足,なし,買い,底固め,1,0.0,1325.0,1493.0,2.0,%D方向改善、陽の包み足、出来高増加を伴う反転、直近下落なし（B以下に制限）、直近安値切り上げ、出来高減少後の増加、RSI安値切り上げ、レンジ上限突破 / 信用需給: 信用データがデータなし、または売残0で信用倍率を算出不能,,https://finance.yahoo.co.jp/quote/3333.T,データなし,データなし,データなし,データなし,データなし,データなし,データなし,データなし,8.0,0,0,8.0,183,183,信用需給は判定不能,信用データがデータなし、または売残0で信用倍率を算出不能
2026-08-18,6613,ＱＤレーザ,グロース,2091.0,0.38,19.76,6.68,17.11,1.32,214.34,2129.0,2299.0,2015.0,2299.0,2299.0,1675.0,1208.0,1459.8,1240.8,1240.8,8,除外,67.95,73.93,9.06,55.85,1785.44,2230.67,1261.66,+1.88σ,1.88,強気包み足,なし,買い,底固め,1,0.0,1675.0,2923.0,2.0,%D方向改善、陽の包み足、出来高増加を伴う反転、直近下落なし（B以下に制限）、直近安値切り上げ、ATR低下、BB幅収縮、RSI安値切り上げ / 信用需給: 信用データがデータなし、または売残0で信用倍率を算出不能,急騰済み（3営業日急騰、25日線上方乖離）,https://finance.yahoo.co.jp/quote/6613.T,データなし,データなし,データなし,データなし,データなし,データなし,データなし,データなし,8.0,0,0,8.0,183,183,信用需給は判定不能,信用データがデータなし、または売残0で信用倍率を算出不能
2026-08-18,2331,ＡＬＳＯＫ,プライム,1164.5,0.82,0.39,1.84,1.05,0.95,28.95,1180.0,1169.0,1141.5,1180.0,1180.5,1141.5,1117.0,1136.69,1111.65,1111.65,8,B,65.96,45.03,6.3,54.62,1152.4,1122.15,1176.92,+0.11σ,0.65,陰線→陽線 / 前日安値割れ反転,通常,買い,底固め / アンチ,2,0.0,1121.08,1251.34,2.0,%K反転、%D方向改善、長い下ヒゲ反転、直近下落なし（B以下に制限）、直近安値切り上げ、BB幅収縮、RSI安値切り上げ / 信用需給: 信用データがデータなし、または売残0で信用倍率を算出不能,,https://finance.yahoo.co.jp/quote/2331.T,データなし,データなし,データなし,データなし,データなし,データなし,データなし,データなし,8.0,0,0,8.0,183,183,信用需給は判定不能,信用データがデータなし、または売残0で信用倍率を算出不能
2026-08-18,4246,ダイキョーニシカワ,プライム,1143.0,1.15,2.88,3.91,9.59,1.27,24.39,1136.0,1150.0,1119.0,1150.0,1150.0,1080.0,990.0,1006.19,959.07,959.07,8,除外,94.07,82.5,10.45,80.31,1042.96,1015.25,894.6,+1.90σ,1.26,強気包み足 / 前日安値割れ反転,なし,買い,底固め,1,0.0,1080.0,1269.0,2.0,%D方向改善、陽の包み足、長い下ヒゲ反転、直近下落なし（B以下に制限）、直近安値切り上げ、RSI安値切り上げ、レンジ上限突破 / 信用需給: 信用データがデータなし、または売残0で信用倍率を算出不能,急騰済み（高RSI）,https://finance.yahoo.co.jp/quote/4246.T,データなし,データなし,データなし,データなし,データなし,データなし,データなし,データなし,8.0,0,0,8.0,183,183,信用需給は判定不能,信用データがデータなし、または売残0で信用倍率を算出不能
2026-08-18,8306,三菱ＵＦＪフィナンシャル・グループ,プライム,3654.0,0.14,-1.48,4.1,1.02,0.74,97.56,3742.0,3709.0,3637.0,3742.0,3742.0,3546.0,3426.0,3538.33,3452.41,3452.41,8,B,66.54,63.07,15.49,56.49,3617.0,3293.54,2892.54,+0.35σ,0.67,陰線→陽線 / 前日安値割れ反転,通常,買い,底固め / アンチ,2,0.0,3507.66,3946.69,2.0,%K反転、%D方向改善、長い下ヒゲ反転、直近下落なし（B以下に制限）、直近安値切り上げ、BB幅収縮、RSI安値切り上げ / 信用需給: 信用データがデータなし、または売残0で信用倍率を算出不能,,https://finance.yahoo.co.jp/quote/8306.T,データなし,データなし,データなし,データなし,データなし,データなし,データなし,データなし,8.0,0,0,8.0,183,183,信用需給は判定不能,信用データがデータなし、または売残0で信用倍率を算出不能
2026-08-18,8343,秋田銀行,プライム,8940.0,1.94,5.8,13.16,17.0,1.45,317.56,8890.0,9200.0,8740.0,9200.0,9200.0,7940.0,6750.0,7228.6,6687.21,6687.21,8,除外,80.6,81.81,16.9,78.13,7641.2,6691.33,5388.3,+2.16σ,2.04,強気包み足,なし,買い,底固め,1,0.0,7940.0,10940.0,2.0,%D方向改善、陽の包み足、出来高増加を伴う反転、直近下落なし（B以下に制限）、直近安値切り上げ、RSI安値切り上げ、レンジ上限突破 / 信用需給: 信用データがデータなし、または売残0で信用倍率を算出不能,急騰済み（25日線上方乖離、高RSI）,https://finance.yahoo.co.jp/quote/8343.T,データなし,データなし,データなし,データなし,データなし,データなし,データなし,データなし,8.0,0,0,8.0,183,183,信用需給は判定不能,信用データがデータなし、または売残0で信用倍率を算出不能
2026-08-18,4165,プレイド,グロース,723.0,3.43,21.72,20.1,21.64,1.25,29.55,702.0,729.0,692.0,729.0,729.0,588.0,533.0,550.22,503.25,503.25,8,除外,96.0,74.54,5.76,75.39,594.4,550.76,667.15,+2.68σ,1.77,強気包み足,なし,買い,底固め,1,0.0,588.0,993.0,2.0,%D方向改善、陽の包み足、出来高増加を伴う反転、直近下落なし（B以下に制限）、直近安値切り上げ、BB幅収縮、RSI安値切り上げ、レンジ上限突破 / 信用需給: 信用データがデータなし、または売残0で信用倍率を算出不能,急騰済み（3営業日急騰、5営業日急騰、25日線上方乖離、高RSI、BB +2σ大幅超過）,https://finance.yahoo.co.jp/quote/4165.T,データなし,データなし,データなし,データなし,データなし,データなし,データなし,データなし,8.0,0,0,8.0,183,183,信用需給は判定不能,信用データがデータなし、または売残0で信用倍率を算出不能
2026-08-18,8522,名古屋銀行,プライム,7080.0,4.12,2.46,10.28,6.81,1.18,246.26,6960.0,7090.0,6800.0,7090.0,7090.0,6500.0,6140.0,6428.03,6211.06,6211.06,8,B,98.61,63.4,13.94,65.09,6628.8,6200.4,5411.1,+2.00σ,1.88,陰線→陽線,通常,買い,底固め / アンチ,2,0.0,6500.0,8240.0,2.0,%K反転、%D方向改善、出来高増加を伴う反転、直近下落なし（B以下に制限）、直近安値切り上げ、BB幅収縮、出来高減少後の増加、RSI安値切り上げ、レンジ上限突破 / 信用需給: 信用データがデータなし、または売残0で信用倍率を算出不能,,https://finance.yahoo.co.jp/quote/8522.T,データなし,データなし,データなし,データなし,データなし,データなし,データなし,データなし,8.0,0,0,8.0,183,183,信用需給は判定不能,信用データがデータなし、または売残0で信用倍率を算出不能
2026-08-18,6463,ＴＰＲ,プライム,1557.0,0.26,3.32,3.73,5.62,0.37,37.6,1572.0,1562.0,1548.0,1572.0,1572.0,1493.0,1398.0,1446.78,1402.6,1402.6,8,B,87.18,69.86,0.25,64.55,1474.2,1399.43,1332.66,+1.50σ,0.47,強気包み足 / 前日安値割れ反転,通常,買い,アンチ,1,0.0,1493.0,1685.0,2.0,%K反転、陽の包み足、長い下ヒゲ反転、直近下落なし（B以下に制限） / 信用需給: 信用データがデータなし、または売残0で信用倍率を算出不能,,https://finance.yahoo.co.jp/quote/6463.T,データなし,データなし,データなし,データなし,データなし,データなし,データなし,データなし,8.0,0,0,8.0,183,183,信用需給は判定不能,信用データがデータなし、または売残0で信用倍率を算出不能
2026-08-18,6412,平和,プライム,2209.0,0.91,2.84,4.3,5.16,1.11,41.61,2205.0,2221.0,2175.0,2221.0,2221.0,2104.0,2006.0,2062.89,2009.53,2009.53,8,B,92.0,58.18,6.45,70.4,2100.6,2016.51,1996.54,+1.74σ,0.83,前日安値割れ反転,通常,買い,底固め / アンチ,2,0.0,2104.0,2419.0,2.0,%K反転、%D方向改善、長い下ヒゲ反転、直近下落なし（B以下に制限）、直近安値切り上げ、RSI安値切り上げ、レンジ上限突破 / 信用需給: 信用データがデータなし、または売残0で信用倍率を算出不能,,https://finance.yahoo.co.jp/quote/6412.T,データなし,データなし,データなし,データなし,データなし,データなし,データなし,データなし,8.0,0,0,8.0,183,183,信用需給は判定不能,信用データがデータなし、または売残0で信用倍率を算出不能
2026-08-18,6330,東洋エンジニアリング,プライム,2488.0,2.05,-0.48,8.13,20.62,1.56,166.16,2701.0,2612.0,2353.0,2701.0,2701.0,2216.0,1733.0,1869.96,1636.61,1636.61,8,除外,70.54,78.32,14.04,64.33,2062.6,2066.48,2854.97,+1.65σ,1.63,陰線→陽線 / 前日安値割れ反転,通常,買い,アンチ,1,0.0,2216.0,3032.0,2.0,%K反転、%D方向改善、長い下ヒゲ反転、出来高増加を伴う反転、直近下落なし（B以下に制限） / 信用需給: 信用データがデータなし、または売残0で信用倍率を算出不能,急騰済み（25日線上方乖離）,https://finance.yahoo.co.jp/quote/6330.T,データなし,データなし,データなし,データなし,データなし,データなし,データなし,データなし,8.0,0,0,8.0,183,183,信用需給は判定不能,信用データがデータなし、または売残0で信用倍率を算出不能
2026-08-18,8725,ＭＳ＆ＡＤインシュアランスグループホールディングス,プライム,4985.0,1.22,2.89,3.23,3.69,0.77,116.31,5146.0,4988.0,4899.0,5146.0,5146.0,4790.0,4569.0,4788.98,4696.21,4696.21,8,B,61.02,45.1,0.57,64.86,4807.56,4511.75,4085.04,+1.11σ,0.86,陰線→陽線 / 前日安値割れ反転,通常,買い,底固め / アンチ,2,0.0,4790.0,5375.0,2.0,%K反転、%D方向改善、長い下ヒゲ反転、直近下落なし（B以下に制限）、直近安値切り上げ、BB幅収縮、RSI安値切り上げ / 信用需給: 信用データがデータなし、または売残0で信用倍率を算出不能,,https://finance.yahoo.co.jp/quote/8725.T,データなし,データなし,データなし,データなし,データなし,データなし,データなし,データなし,8.0,0,0,8.0,183,183,信用需給は判定不能,信用データがデータなし、または売残0で信用倍率を算出不能
2026-08-18,4592,サンバイオ,グロース,1004.0,-0.89,-0.99,-1.57,1.7,0.85,48.29,1046.0,1033.0,992.0,1046.0,1062.0,992.0,874.0,930.65,886.04,886.04,7,C,39.58,76.49,9.71,49.2,987.24,1239.59,1745.44,+0.64σ,0.87,陰線→陽線 / 2～5日下落後の陽線,なし,買い,底固め,1,0.0,931.57,1148.86,2.0,直近2～5日まで下落、%D方向改善、2～5日下落後の陽線、直近安値切り上げ、ATR低下、RSI安値切り上げ / 信用需給: 信用データがデータなし、または売残0で信用倍率を算出不能,,https://finance.yahoo.co.jp/quote/4592.T,データなし,データなし,データなし,データなし,データなし,データなし,データなし,データなし,7.0,0,0,7.0,229,229,信用需給は判定不能,信用データがデータなし、または売残0で信用倍率を算出不能
2026-08-18,4968,荒川化学工業,プライム,2540.0,2.38,3.04,13.49,17.46,1.07,160.95,2523.0,2599.0,2427.0,2599.0,2599.0,2216.0,1679.0,1872.73,1609.46,1609.46,7,除外,85.85,69.72,14.55,65.9,2162.4,1852.05,1481.24,+1.53σ,0.87,陰線→陽線 / 強気包み足,強,買い,アンチ,1,0.0,2216.0,3188.0,2.0,%K反転、%D方向改善、陽の包み足、直近下落なし（B以下に制限） / 信用需給: 信用データがデータなし、または売残0で信用倍率を算出不能,急騰済み（25日線上方乖離）,https://finance.yahoo.co.jp/quote/4968.T,データなし,データなし,データなし,データなし,データなし,データなし,データなし,データなし,7.0,0,0,7.0,229,229,信用需給は判定不能,信用データがデータなし、または売残0で信用倍率を算出不能
2026-08-18,8572,アコム,スタンダード,480.4,0.13,-0.78,0.0,-0.72,0.6,7.83,485.3,481.7,477.0,485.3,485.7,477.0,469.2,477.17,470.66,470.66,7,C,32.2,47.44,8.51,50.68,483.9,470.3,479.65,-0.50σ,0.76,前日安値割れ反転,なし,買い,底固め,1,0.0,468.66,503.88,2.0,直近2～5日まで下落、%D方向改善、長い下ヒゲ反転、直近安値切り上げ、BB幅収縮、RSI安値切り上げ / 信用需給: 信用データがデータなし、または売残0で信用倍率を算出不能,,https://finance.yahoo.co.jp/quote/8572.T,データなし,データなし,データなし,データなし,データなし,データなし,データなし,データなし,7.0,0,0,7.0,229,229,信用需給は判定不能,信用データがデータなし、または売残0で信用倍率を算出不能
2026-08-18,5949,ユニプレス,プライム,1329.0,0.83,2.55,2.0,2.16,0.59,28.77,1334.0,1332.0,1315.0,1334.0,1334.0,1283.0,1264.0,1291.83,1272.91,1272.91,7,C,92.75,50.7,1.75,56.73,1300.92,1270.71,1296.26,+0.96σ,0.63,陰線→陽線 / 強気包み足 / はらみ足,通常,買い,アンチ,1,0.0,1283.0,1421.0,2.0,%K反転、%D方向改善、陽の包み足、直近下落なし（B以下に制限） / 信用需給: 信用データがデータなし、または売残0で信用倍率を算出不能,,https://finance.yahoo.co.jp/quote/5949.T,データなし,データなし,データなし,データなし,データなし,データなし,データなし,データなし,7.0,0,0,7.0,229,229,信用需給は判定不能,信用データがデータなし、または売残0で信用倍率を算出不能
2026-08-18,2327,日鉄ソリューションズ,プライム,3769.0,-0.26,-1.39,-1.62,-1.22,1.07,100.06,3837.0,3809.0,3702.0,3837.0,3873.0,3702.0,3617.0,3732.27,3648.19,3648.19,7,C,39.18,51.71,4.16,50.83,3815.68,3581.96,3830.48,-0.56σ,0.73,陰線→陽線 / 2～5日下落後の陽線,なし,買い,底固め,1,0.0,3618.92,4069.17,2.0,直近2～5日まで下落、%D方向改善、2～5日下落後の陽線、直近安値切り上げ、BB幅収縮、RSI安値切り上げ / 信用需給: 信用データがデータなし、または売残0で信用倍率を算出不能,,https://finance.yahoo.co.jp/quote/2327.T,データなし,データなし,データなし,データなし,データなし,データなし,データなし,データなし,7.0,0,0,7.0,229,229,信用需給は判定不能,信用データがデータなし、または売残0で信用倍率を算出不能
2026-08-18,8550,栃木銀行,プライム,1126.0,0.54,4.26,11.05,10.96,0.6,43.04,1128.0,1142.0,1116.0,1142.0,1144.0,1011.0,918.0,966.09,909.94,909.94,7,除外,87.5,75.28,19.87,66.9,1014.8,973.36,872.84,+1.85σ,0.71,強気包み足,通常,買い,アンチ,1,0.0,1011.0,1356.0,2.0,%K反転、%D方向改善、陽の包み足、直近下落なし（B以下に制限） / 信用需給: 信用データがデータなし、または売残0で信用倍率を算出不能,急騰済み（25日線上方乖離）,https://finance.yahoo.co.jp/quote/8550.T,データなし,データなし,データなし,データなし,データなし,データなし,データなし,データなし,7.0,0,0,7.0,229,229,信用需給は判定不能,信用データがデータなし、または売残0で信用倍率を算出不能
2026-08-18,8707,岩井コスモホールディングス,プライム,4345.0,0.12,-1.59,1.05,1.65,0.91,109.91,4420.0,4415.0,4315.0,4420.0,4485.0,4280.0,3955.0,4172.27,4073.29,4073.29,7,C,37.78,72.1,-0.59,56.79,4274.4,4008.53,3635.47,+0.75σ,0.61,前日安値割れ反転,なし,買い,底固め,1,0.0,4180.14,4674.72,2.0,%K反転、長い下ヒゲ反転、直近下落なし（B以下に制限）、直近安値切り上げ、BB幅収縮、RSI安値切り上げ / 信用需給: 信用データがデータなし、または売残0で信用倍率を算出不能,,https://finance.yahoo.co.jp/quote/8707.T,データなし,データなし,データなし,データなし,データなし,データなし,データなし,データなし,7.0,0,0,7.0,229,229,信用需給は判定不能,信用データがデータなし、または売残0で信用倍率を算出不能
2026-08-18,6787,メイコー,プライム,18820.0,-2.79,0.16,11.3,-13.43,0.72,2118.62,19600.0,20210.0,18680.0,20210.0,20210.0,16440.0,16440.0,18439.94,16004.88,16004.88,7,C,63.13,43.54,0.63,40.08,21738.4,29767.73,21579.45,-0.84σ,1.2,なし,強,買い,アンチ,1,0.0,15642.07,25175.87,2.0,ストキャス売られ過ぎから反転、%K反転、%D方向改善、直近下落なし（B以下に制限） / 信用需給: 信用データがデータなし、または売残0で信用倍率を算出不能,,https://finance.yahoo.co.jp/quote/6787.T,データなし,データなし,データなし,データなし,データなし,データなし,データなし,データなし,7.0,0,0,7.0,229,229,信用需給は判定不能,信用データがデータなし、または売残0で信用倍率を算出不能
2026-08-18,5381,マイポックス,スタンダード,984.0,2.39,1.13,9.7,14.35,0.86,58.46,990.0,1009.0,959.0,1009.0,1043.0,905.0,673.0,768.25,682.45,682.45,7,除外,71.5,82.91,7.28,59.72,860.52,1001.72,803.21,+1.51σ,1.14,陰線→陽線 / 強気包み足,通常,買い,アンチ,1,0.0,896.32,1159.37,2.0,%K反転、%D方向改善、陽の包み足、直近下落なし（B以下に制限） / 信用需給: 信用データがデータなし、または売残0で信用倍率を算出不能,急騰済み（25日線上方乖離）,https://finance.yahoo.co.jp/quote/5381.T,データなし,データなし,データなし,データなし,データなし,データなし,データなし,データなし,7.0,0,0,7.0,229,229,信用需給は判定不能,信用データがデータなし、または売残0で信用倍率を算出不能
2026-08-18,4658,日本空調サービス,プライム,1563.0,0.51,0.77,2.16,-0.79,0.47,31.84,1567.0,1567.0,1552.0,1567.0,1568.0,1522.0,1453.0,1526.44,1488.34,1488.34,7,C,89.13,64.2,16.16,49.11,1575.48,1578.52,1472.63,-0.04σ,0.5,強気包み足 / はらみ足,通常,買い,アンチ,1,0.0,1515.24,1658.53,2.0,%K反転、%D方向改善、陽の包み足、直近下落なし（B以下に制限） / 信用需給: 信用データがデータなし、または売残0で信用倍率を算出不能,,https://finance.yahoo.co.jp/quote/4658.T,データなし,データなし,データなし,データなし,データなし,データなし,データなし,データなし,7.0,0,0,7.0,229,229,信用需給は判定不能,信用データがデータなし、または売残0で信用倍率を算出不能
2026-08-18,9692,シーイーシー,プライム,2353.0,0.13,2.13,3.61,4.32,0.68,52.66,2382.0,2376.0,2340.0,2382.0,2427.0,2269.0,2190.0,2220.39,2166.43,2166.43,7,C,64.08,52.43,7.9,63.54,2255.64,2109.33,2141.66,+1.46σ,0.83,強気包み足 / はらみ足,通常,買い,アンチ,1,0.0,2269.0,2521.0,2.0,%K反転、%D方向改善、陽の包み足、直近下落なし（B以下に制限） / 信用需給: 信用データがデータなし、または売残0で信用倍率を算出不能,,https://finance.yahoo.co.jp/quote/9692.T,データなし,データなし,データなし,データなし,データなし,データなし,データなし,データなし,7.0,0,0,7.0,229,229,信用需給は判定不能,信用データがデータなし、または売残0で信用倍率を算出不能
2026-08-18,7198,ＳＢＩアルヒ,プライム,849.0,0.83,0.59,3.92,4.2,0.88,13.62,850.0,849.0,837.0,850.0,852.0,818.0,792.0,799.22,781.75,781.75,7,C,90.91,71.74,8.49,67.2,814.8,808.51,850.62,+1.85σ,0.74,陰線→陽線 / 強気包み足 / はらみ足,通常,買い,アンチ,1,0.0,818.0,911.0,2.0,%K反転、%D方向改善、陽の包み足、直近下落なし（B以下に制限） / 信用需給: 信用データがデータなし、または売残0で信用倍率を算出不能,,https://finance.yahoo.co.jp/quote/7198.T,データなし,データなし,データなし,データなし,データなし,データなし,データなし,データなし,7.0,0,0,7.0,229,229,信用需給は判定不能,信用データがデータなし、または売残0で信用倍率を算出不能
2026-08-18,3395,サンマルクホールディングス,プライム,2445.0,0.49,1.41,2.95,-2.45,0.68,50.34,2465.0,2456.0,2422.0,2465.0,2465.0,2379.0,2290.0,2401.22,2306.74,2306.74,7,C,85.29,42.29,15.17,44.97,2506.48,2519.68,2708.74,-0.54σ,0.5,陰線→陽線 / 強気包み足 / はらみ足,通常,買い,アンチ,1,0.0,2369.49,2596.01,2.0,%K反転、%D方向改善、陽の包み足、直近下落なし（B以下に制限） / 信用需給: 信用データがデータなし、または売残0で信用倍率を算出不能,,https://finance.yahoo.co.jp/quote/3395.T,データなし,データなし,データなし,データなし,データなし,データなし,データなし,データなし,7.0,0,0,7.0,229,229,信用需給は判定不能,信用データがデータなし、または売残0で信用倍率を算出不能
2026-08-18,3443,川田テクノロジーズ,プライム,1426.0,0.78,3.94,5.47,7.94,0.98,38.59,1443.0,1439.0,1401.0,1443.0,1443.0,1325.0,1250.0,1282.34,1239.42,1239.42,7,除外,87.22,78.62,11.58,69.31,1321.12,1307.32,1456.55,+2.35σ,1.18,強気包み足 / はらみ足,通常,買い,アンチ,1,0.0,1325.0,1628.0,2.0,%K反転、%D方向改善、陽の包み足、直近下落なし（B以下に制限） / 信用需給: 信用データがデータなし、または売残0で信用倍率を算出不能,急騰済み（BB +2σ大幅超過）,https://finance.yahoo.co.jp/quote/3443.T,データなし,データなし,データなし,データなし,データなし,データなし,データなし,データなし,7.0,0,0,7.0,229,229,信用需給は判定不能,信用データがデータなし、または売残0で信用倍率を算出不能
2026-08-18,1870,矢作建設工業,プライム,2125.0,0.52,3.11,4.06,9.25,0.86,40.71,2129.0,2131.0,2096.0,2131.0,2131.0,2029.0,1865.0,1887.62,1809.99,1809.99,7,除外,97.74,68.54,20.06,79.69,1945.12,1902.16,2127.62,+2.06σ,0.9,強気包み足,通常,買い,アンチ,1,0.0,2029.0,2317.0,2.0,%K反転、%D方向改善、陽の包み足、直近下落なし（B以下に制限） / 信用需給: 信用データがデータなし、または売残0で信用倍率を算出不能,急騰済み（高RSI）,https://finance.yahoo.co.jp/quote/1870.T,データなし,データなし,データなし,データなし,データなし,データなし,データなし,データなし,7.0,0,0,7.0,229,229,信用需給は判定不能,信用データがデータなし、または売残0で信用倍率を算出不能
2026-08-18,9508,九州電力,プライム,1912.0,3.07,2.88,6.07,5.95,1.07,45.33,1887.0,1912.0,1863.5,1912.0,1912.0,1811.5,1751.5,1784.95,1749.88,1749.88,6,除外,100.0,50.14,9.33,68.44,1804.54,1722.76,1725.54,+2.62σ,1.24,陰線→陽線,通常,買い,底固め / アンチ,2,0.0,1811.5,2113.0,2.0,%K反転、%D方向改善、直近下落なし（B以下に制限）、直近安値切り上げ、BB幅収縮、出来高減少後の増加、RSI安値切り上げ、レンジ上限突破 / 信用需給: 信用データがデータなし、または売残0で信用倍率を算出不能,急騰済み（BB +2σ大幅超過）,https://finance.yahoo.co.jp/quote/9508.T,データなし,データなし,データなし,データなし,データなし,データなし,データなし,データなし,6.0,0,0,6.0,244,244,信用需給は判定不能,信用データがデータなし、または売残0で信用倍率を算出不能
2026-08-18,1898,世紀東急工業,プライム,1491.0,0.47,1.36,2.76,1.22,0.66,19.84,1501.0,1496.0,1483.0,1501.0,1501.0,1449.0,1426.0,1457.25,1437.29,1437.29,6,C,82.14,47.34,6.56,57.31,1472.96,1453.59,1544.28,+0.69σ,0.65,陰線→陽線 / 前日安値割れ反転,通常,買い,アンチ,1,0.0,1449.0,1575.0,2.0,%K反転、%D方向改善、長い下ヒゲ反転、直近下落なし（B以下に制限） / 信用需給: 信用データがデータなし、または売残0で信用倍率を算出不能,,https://finance.yahoo.co.jp/quote/1898.T,データなし,データなし,データなし,データなし,データなし,データなし,データなし,データなし,6.0,0,0,6.0,244,244,信用需給は判定不能,信用データがデータなし、または売残0で信用倍率を算出不能
2026-08-18,1662,石油資源開発,プライム,1873.0,2.91,4.64,6.66,7.21,0.87,54.86,1845.0,1874.0,1826.0,1874.0,1874.0,1768.0,1622.0,1715.56,1669.97,1669.97,6,除外,99.38,68.33,13.18,67.3,1747.12,1782.83,1869.03,+2.45σ,1.02,陰線→陽線,なし,買い,底固め,1,0.0,1768.0,2083.0,2.0,%K反転、%D方向改善、直近下落なし（B以下に制限）、直近安値切り上げ、BB幅収縮、RSI安値切り上げ、レンジ上限突破 / 信用需給: 信用データがデータなし、または売残0で信用倍率を算出不能,急騰済み（BB +2σ大幅超過）,https://finance.yahoo.co.jp/quote/1662.T,データなし,データなし,データなし,データなし,データなし,データなし,データなし,データなし,6.0,0,0,6.0,244,244,信用需給は判定不能,信用データがデータなし、または売残0で信用倍率を算出不能
2026-08-18,6071,ＩＢＪ,プライム,963.0,2.45,12.37,15.33,14.18,1.62,26.57,955.0,976.0,933.0,976.0,976.0,827.0,796.0,799.68,760.06,760.06,6,除外,91.56,68.51,5.38,77.6,843.4,805.09,772.82,+3.12σ,4.47,なし,なし,買い,底固め,1,0.0,827.0,1235.0,2.0,%K反転、%D方向改善、直近下落なし（B以下に制限）、直近安値切り上げ、BB幅収縮、RSI安値切り上げ、レンジ上限突破 / 信用需給: 信用データがデータなし、または売残0で信用倍率を算出不能,急騰済み（3営業日急騰、25日線上方乖離、高RSI、BB +2σ大幅超過）,https://finance.yahoo.co.jp/quote/6071.T,データなし,データなし,データなし,データなし,データなし,データなし,データなし,データなし,6.0,0,0,6.0,244,244,信用需給は判定不能,信用データがデータなし、または売残0で信用倍率を算出不能
2026-08-18,2281,プリマハム,プライム,2412.0,0.92,0.63,1.69,-0.47,0.76,45.85,2418.0,2412.0,2377.0,2418.0,2418.0,2374.0,2301.0,2360.02,2294.04,2294.04,6,C,91.78,44.1,5.74,50.32,2423.28,2404.61,2576.64,-0.21σ,0.61,陰線→陽線 / 前日安値割れ反転,通常,買い,アンチ,1,0.0,2343.23,2549.54,2.0,%K反転、%D方向改善、長い下ヒゲ反転、直近下落なし（B以下に制限） / 信用需給: 信用データがデータなし、または売残0で信用倍率を算出不能,,https://finance.yahoo.co.jp/quote/2281.T,データなし,データなし,データなし,データなし,データなし,データなし,データなし,データなし,6.0,0,0,6.0,244,244,信用需給は判定不能,信用データがデータなし、または売残0で信用倍率を算出不能
2026-08-18,9107,川崎汽船,プライム,3141.0,2.25,8.18,9.1,11.28,0.78,84.57,3120.0,3183.0,3117.0,3183.0,3183.0,2868.5,2685.0,2763.27,2660.23,2660.23,6,除外,89.03,72.48,5.14,75.03,2822.54,2637.55,2451.51,+2.67σ,1.4,なし,通常,買い,底固め / アンチ,2,0.0,2868.5,3686.0,2.0,%K反転、%D方向改善、直近下落なし（B以下に制限）、直近安値切り上げ、BB幅収縮、RSI安値切り上げ、レンジ上限突破 / 信用需給: 信用データがデータなし、または売残0で信用倍率を算出不能,急騰済み（25日線上方乖離、高RSI、BB +2σ大幅超過）,https://finance.yahoo.co.jp/quote/9107.T,データなし,データなし,データなし,データなし,データなし,データなし,データなし,データなし,6.0,0,0,6.0,244,244,信用需給は判定不能,信用データがデータなし、または売残0で信用倍率を算出不能
2026-08-18,9101,日本郵船,プライム,6784.0,4.53,9.23,10.18,13.42,1.83,164.75,6511.0,6797.0,6495.0,6797.0,6797.0,6111.0,5668.0,5850.37,5608.25,5608.25,6,除外,98.43,74.82,4.93,77.75,5981.4,5597.6,5423.24,+2.86σ,1.54,なし,なし,買い,底固め,1,0.0,6111.0,8130.0,2.0,%K反転、%D方向改善、直近下落なし（B以下に制限）、直近安値切り上げ、BB幅収縮、出来高減少後の増加、RSI安値切り上げ、レンジ上限突破 / 信用需給: 信用データがデータなし、または売残0で信用倍率を算出不能,急騰済み（25日線上方乖離、高RSI、BB +2σ大幅超過）,https://finance.yahoo.co.jp/quote/9101.T,データなし,データなし,データなし,データなし,データなし,データなし,データなし,データなし,6.0,0,0,6.0,244,244,信用需給は判定不能,信用データがデータなし、または売残0で信用倍率を算出不能
2026-08-18,9119,飯野海運,プライム,1686.0,2.49,7.46,7.59,9.98,1.26,46.11,1650.0,1697.0,1639.0,1697.0,1697.0,1542.0,1462.0,1491.21,1438.07,1438.07,6,除外,92.9,61.67,9.5,74.92,1532.96,1501.99,1523.51,+2.67σ,1.24,強気包み足,なし,買い,底固め,1,0.0,1542.0,1974.0,2.0,%D方向改善、陽の包み足、直近下落なし（B以下に制限）、直近安値切り上げ、RSI安値切り上げ、レンジ上限突破 / 信用需給: 信用データがデータなし、または売残0で信用倍率を算出不能,急騰済み（高RSI、BB +2σ大幅超過）,https://finance.yahoo.co.jp/quote/9119.T,データなし,データなし,データなし,データなし,データなし,データなし,データなし,データなし,6.0,0,0,6.0,244,244,信用需給は判定不能,信用データがデータなし、または売残0で信用倍率を算出不能
2026-08-18,9324,安田倉庫,プライム,2597.0,1.01,1.76,3.51,2.54,0.92,67.61,2584.0,2607.0,2545.0,2607.0,2607.0,2481.0,2347.0,2470.45,2408.14,2408.14,6,C,94.85,66.12,17.32,63.21,2532.72,2381.49,2335.13,+1.03σ,0.96,なし,なし,買い,底固め,1,0.0,2481.0,2829.0,2.0,%K反転、%D方向改善、直近下落なし（B以下に制限）、直近安値切り上げ、BB幅収縮、RSI安値切り上げ / 信用需給: 信用データがデータなし、または売残0で信用倍率を算出不能,,https://finance.yahoo.co.jp/quote/9324.T,データなし,データなし,データなし,データなし,データなし,データなし,データなし,データなし,6.0,0,0,6.0,244,244,信用需給は判定不能,信用データがデータなし、または売残0で信用倍率を算出不能
2026-08-18,9348,ｉｓｐａｃｅ,グロース,439.0,1.15,4.28,6.3,4.71,1.16,14.62,435.0,446.0,429.0,446.0,446.0,413.0,397.0,406.47,397.04,397.04,6,除外,81.08,80.41,18.92,54.94,419.24,479.84,496.78,+2.45σ,1.14,強気包み足,なし,買い,底固め,1,0.0,413.0,491.0,2.0,%D方向改善、陽の包み足、直近下落なし（B以下に制限）、直近安値切り上げ、ATR低下、BB幅収縮、RSI安値切り上げ、レンジ上限突破 / 信用需給: 信用データがデータなし、または売残0で信用倍率を算出不能,急騰済み（BB +2σ大幅超過）,https://finance.yahoo.co.jp/quote/9348.T,データなし,データなし,データなし,データなし,データなし,データなし,データなし,データなし,6.0,0,0,6.0,244,244,信用需給は判定不能,信用データがデータなし、または売残0で信用倍率を算出不能
2026-08-18,4887,サワイグループホールディングス,プライム,1605.0,0.31,-2.1,0.53,-2.8,0.6,40.24,1632.0,1624.0,1600.0,1632.0,1641.5,1591.5,1550.5,1610.18,1575.68,1575.68,6,C,31.23,32.04,0.42,41.2,1651.26,1739.75,2024.89,-1.15σ,0.92,陰線→陽線 / はらみ足,通常,買い,BB逆張り / アンチ,2,0.0,1544.63,1725.73,2.0,BB -1σ以下から反発、%K反転、%D方向改善、直近下落なし（B以下に制限） / 信用需給: 信用データがデータなし、または売残0で信用倍率を算出不能,,https://finance.yahoo.co.jp/quote/4887.T,データなし,データなし,データなし,データなし,データなし,データなし,データなし,データなし,6.0,0,0,6.0,244,244,信用需給は判定不能,信用データがデータなし、または売残0で信用倍率を算出不能
2026-08-18,5253,カバー,グロース,1540.0,0.13,0.92,-4.35,-2.31,0.71,93.36,1563.0,1571.0,1505.0,1571.0,1571.0,1469.0,1336.0,1474.14,1395.27,1395.27,6,C,37.57,57.93,-0.76,49.28,1576.36,1521.92,1577.48,-0.16σ,0.66,なし,なし,買い,底固め,1,0.0,1399.95,1820.09,2.0,%K反転、%D方向改善、直近下落なし（B以下に制限）、直近安値切り上げ、BB幅収縮、RSI安値切り上げ / 信用需給: 信用データがデータなし、または売残0で信用倍率を算出不能,,https://finance.yahoo.co.jp/quote/5253.T,データなし,データなし,データなし,データなし,データなし,データなし,データなし,データなし,6.0,0,0,6.0,244,244,信用需給は判定不能,信用データがデータなし、または売残0で信用倍率を算出不能
2026-08-18,4689,ＬＩＮＥヤフー,プライム,497.9,1.22,-0.32,1.97,7.49,0.95,14.25,503.1,500.6,487.1,503.1,513.8,487.1,429.9,443.8,420.64,420.64,6,C,62.23,78.03,7.62,66.78,463.22,433.42,418.81,+1.34σ,0.81,陰線→陽線 / 前日安値割れ反転,通常,買い,アンチ,1,0.0,476.53,540.64,2.0,%K反転、%D方向改善、長い下ヒゲ反転、直近下落なし（B以下に制限） / 信用需給: 信用データがデータなし、または売残0で信用倍率を算出不能,,https://finance.yahoo.co.jp/quote/4689.T,データなし,データなし,データなし,データなし,データなし,データなし,データなし,データなし,6.0,0,0,6.0,244,244,信用需給は判定不能,信用データがデータなし、または売残0で信用倍率を算出不能
2026-08-18,4825,ウェザーニューズ,プライム,2042.0,-0.68,2.0,3.55,3.14,1.07,41.23,2063.0,2059.0,2015.0,2063.0,2063.0,1973.0,1900.0,1934.8,1894.99,1894.99,6,C,83.2,58.75,1.69,58.24,1979.88,2035.17,2015.48,+1.69σ,1.17,強気包み足,なし,買い,底固め,1,0.0,1973.0,2180.0,2.0,%D方向改善、陽の包み足、直近下落なし（B以下に制限）、直近安値切り上げ、BB幅収縮、RSI安値切り上げ / 信用需給: 信用データがデータなし、または売残0で信用倍率を算出不能,,https://finance.yahoo.co.jp/quote/4825.T,データなし,データなし,データなし,データなし,データなし,データなし,データなし,データなし,6.0,0,0,6.0,244,244,信用需給は判定不能,信用データがデータなし、または売残0で信用倍率を算出不能
2026-08-18,4776,サイボウズ,プライム,2979.0,2.06,7.16,8.33,10.74,0.62,100.98,2979.0,2997.0,2934.0,2997.0,2997.0,2701.0,2431.0,2581.95,2446.31,2446.31,6,除外,94.04,65.8,10.31,69.05,2690.08,2477.05,2525.22,+1.93σ,1.0,陰線→陽線,通常,買い,底固め / アンチ,2,0.0,2701.0,3535.0,2.0,%K反転、%D方向改善、直近下落なし（B以下に制限）、直近安値切り上げ、BB幅収縮、RSI安値切り上げ / 信用需給: 信用データがデータなし、または売残0で信用倍率を算出不能,急騰済み（25日線上方乖離）,https://finance.yahoo.co.jp/quote/4776.T,データなし,データなし,データなし,データなし,データなし,データなし,データなし,データなし,6.0,0,0,6.0,244,244,信用需給は判定不能,信用データがデータなし、または売残0で信用倍率を算出不能
2026-08-18,9534,北海道瓦斯,プライム,795.0,2.19,2.85,3.52,2.12,0.93,15.06,789.0,797.0,783.0,797.0,797.0,769.0,765.0,772.92,766.13,766.13,6,除外,93.1,34.46,15.65,60.44,778.48,770.69,797.54,+2.26σ,1.07,陰線→陽線,通常,買い,底固め / アンチ,2,0.0,769.0,847.0,2.0,%K反転、%D方向改善、直近下落なし（B以下に制限）、直近安値切り上げ、BB幅収縮、RSI安値切り上げ、レンジ上限突破 / 信用需給: 信用データがデータなし、または売残0で信用倍率を算出不能,急騰済み（BB +2σ大幅超過）,https://finance.yahoo.co.jp/quote/9534.T,データなし,データなし,データなし,データなし,データなし,データなし,データなし,データなし,6.0,0,0,6.0,244,244,信用需給は判定不能,信用データがデータなし、または売残0で信用倍率を算出不能
2026-08-18,1605,ＩＮＰＥＸ,プライム,3900.0,3.31,5.41,7.97,8.59,0.72,112.56,3868.0,3900.0,3819.0,3900.0,3900.0,3661.0,3377.0,3508.75,3387.9,3387.9,6,除外,100.0,60.38,17.01,67.34,3591.48,3604.64,3581.25,+2.24σ,0.96,陰線→陽線,通常,買い,底固め / アンチ,2,0.0,3661.0,4378.0,2.0,%K反転、%D方向改善、直近下落なし（B以下に制限）、直近安値切り上げ、BB幅収縮、RSI安値切り上げ、レンジ上限突破 / 信用需給: 信用データがデータなし、または売残0で信用倍率を算出不能,急騰済み（BB +2σ大幅超過）,https://finance.yahoo.co.jp/quote/1605.T,データなし,データなし,データなし,データなし,データなし,データなし,データなし,データなし,6.0,0,0,6.0,244,244,信用需給は判定不能,信用データがデータなし、または売残0で信用倍率を算出不能
2026-08-18,9519,レノバ,プライム,964.0,1.69,2.12,6.87,0.82,0.6,38.53,948.0,975.0,952.0,975.0,975.0,901.0,864.0,911.13,873.76,873.76,6,C,90.09,57.13,21.23,52.85,956.16,1030.03,871.07,+0.41σ,0.77,なし,なし,買い,底固め,1,0.0,901.0,1090.0,2.0,%K反転、%D方向改善、直近下落なし（B以下に制限）、直近安値切り上げ、ATR低下、RSI安値切り上げ、レンジ上限突破 / 信用需給: 信用データがデータなし、または売残0で信用倍率を算出不能,,https://finance.yahoo.co.jp/quote/9519.T,データなし,データなし,データなし,データなし,データなし,データなし,データなし,データなし,6.0,0,0,6.0,244,244,信用需給は判定不能,信用データがデータなし、または売残0で信用倍率を算出不能
2026-08-18,9425,ＲｅＹｕｕ　Ｊａｐａｎ,スタンダード,230.0,12.75,15.0,18.56,11.91,2.29,19.63,206.0,251.0,206.0,251.0,251.0,183.0,180.0,190.12,178.5,178.5,6,除外,69.12,52.18,14.25,59.14,205.52,213.76,341.19,+2.43σ,9.79,なし,通常,買い,底固め / アンチ,2,0.0,183.0,324.0,2.0,%K反転、%D方向改善、直近下落なし（B以下に制限）、ATR低下、BB幅収縮、出来高減少後の増加、RSI安値切り上げ、レンジ上限突破 / 信用需給: 信用データがデータなし、または売残0で信用倍率を算出不能,急騰済み（当日急騰、3営業日急騰、5営業日急騰、25日線上方乖離、BB +2σ大幅超過、ストップ高に近い急騰）,https://finance.yahoo.co.jp/quote/9425.T,データなし,データなし,データなし,データなし,データなし,データなし,データなし,データなし,6.0,0,0,6.0,244,244,信用需給は判定不能,信用データがデータなし、または売残0で信用倍率を算出不能
2026-08-18,9759,ＮＳＤ,プライム,2818.5,1.68,0.66,2.64,2.24,0.9,69.72,2820.0,2834.5,2771.5,2834.5,2844.0,2760.0,2613.0,2688.52,2604.32,2604.32,6,C,85.83,47.44,5.7,57.38,2756.88,2627.89,2976.08,+0.54σ,0.84,陰線→陽線,通常,買い,底固め / アンチ,2,0.0,2713.92,3027.66,2.0,%K反転、%D方向改善、直近下落なし（B以下に制限）、直近安値切り上げ、BB幅収縮、RSI安値切り上げ / 信用需給: 信用データがデータなし、または売残0で信用倍率を算出不能,,https://finance.yahoo.co.jp/quote/9759.T,データなし,データなし,データなし,データなし,データなし,データなし,データなし,データなし,6.0,0,0,6.0,244,244,信用需給は判定不能,信用データがデータなし、または売残0で信用倍率を算出不能
2026-08-18,1982,日比谷総合設備,プライム,3000.0,-0.33,0.54,1.87,4.21,0.58,121.41,3135.0,3070.0,3000.0,3135.0,3135.0,2896.0,2677.0,2803.31,2719.82,2719.82,6,C,58.33,49.21,5.58,54.85,2878.88,3002.67,2764.54,+1.36σ,0.48,はらみ足,強,買い,底固め / アンチ,2,0.0,2817.88,3364.24,2.0,%K反転、%D方向改善、直近下落なし（B以下に制限）、直近安値切り上げ、BB幅収縮、RSI安値切り上げ / 信用需給: 信用データがデータなし、または売残0で信用倍率を算出不能,,https://finance.yahoo.co.jp/quote/1982.T,データなし,データなし,データなし,データなし,データなし,データなし,データなし,データなし,6.0,0,0,6.0,244,244,信用需給は判定不能,信用データがデータなし、または売残0で信用倍率を算出不能
2026-08-18,2127,日本Ｍ＆Ａセンターホールディングス,プライム,660.0,0.7,-0.3,1.52,-0.55,0.71,15.49,667.8,661.8,650.8,667.8,673.1,650.8,612.0,641.61,622.38,622.38,6,C,68.66,61.63,9.43,50.42,663.66,653.61,685.88,-0.04σ,0.5,陰線→陽線 / 前日安値割れ反転,通常,買い,アンチ,1,0.0,636.76,706.48,2.0,%K反転、%D方向改善、長い下ヒゲ反転、直近下落なし（B以下に制限） / 信用需給: 信用データがデータなし、または売残0で信用倍率を算出不能,,https://finance.yahoo.co.jp/quote/2127.T,データなし,データなし,データなし,データなし,データなし,データなし,データなし,データなし,6.0,0,0,6.0,244,244,信用需給は判定不能,信用データがデータなし、または売残0で信用倍率を算出不能
2026-08-18,1925,大和ハウス工業,プライム,4599.0,0.61,-0.17,0.79,-0.54,0.81,81.67,4650.0,4603.0,4537.0,4650.0,4650.0,4537.0,4484.0,4535.56,4436.71,4436.71,6,C,61.36,42.62,5.64,50.76,4624.16,4510.81,4970.66,-0.36σ,0.66,陰線→陽線 / 前日安値割れ反転,通常,買い,アンチ,1,0.0,4476.5,4844.01,2.0,%K反転、%D方向改善、長い下ヒゲ反転、直近下落なし（B以下に制限） / 信用需給: 信用データがデータなし、または売残0で信用倍率を算出不能,,https://finance.yahoo.co.jp/quote/1925.T,データなし,データなし,データなし,データなし,データなし,データなし,データなし,データなし,6.0,0,0,6.0,244,244,信用需給は判定不能,信用データがデータなし、または売残0で信用倍率を算出不能
2026-08-18,9757,船井総研ホールディングス,プライム,1142.0,0.53,0.0,1.51,1.78,0.88,19.39,1150.0,1143.0,1126.0,1150.0,1150.0,1126.0,1079.0,1100.22,1077.99,1077.99,6,C,86.89,58.33,15.41,58.64,1122.08,1094.67,1134.21,+0.88σ,0.71,陰線→陽線 / 前日安値割れ反転,通常,買い,アンチ,1,0.0,1112.92,1200.17,2.0,%K反転、%D方向改善、長い下ヒゲ反転、直近下落なし（B以下に制限） / 信用需給: 信用データがデータなし、または売残0で信用倍率を算出不能,,https://finance.yahoo.co.jp/quote/9757.T,データなし,データなし,データなし,データなし,データなし,データなし,データなし,データなし,6.0,0,0,6.0,244,244,信用需給は判定不能,信用データがデータなし、または売残0で信用倍率を算出不能
2026-08-18,3854,アイル,プライム,2416.0,0.25,4.36,6.06,4.4,0.87,63.0,2442.0,2448.0,2393.0,2448.0,2460.0,2263.0,2195.0,2227.55,2158.99,2158.99,6,C,82.68,54.07,17.57,60.88,2314.2,2350.51,2395.98,+1.75σ,0.69,陰線→陽線,通常,買い,底固め / アンチ,2,0.0,2263.0,2722.0,2.0,%K反転、%D方向改善、直近下落なし（B以下に制限）、直近安値切り上げ、BB幅収縮、RSI安値切り上げ / 信用需給: 信用データがデータなし、または売残0で信用倍率を算出不能,,https://finance.yahoo.co.jp/quote/3854.T,データなし,データなし,データなし,データなし,データなし,データなし,データなし,データなし,6.0,0,0,6.0,244,244,信用需給は判定不能,信用データがデータなし、または売残0で信用倍率を算出不能
2026-08-18,7203,トヨタ自動車,プライム,3022.0,0.3,1.24,1.38,1.78,0.52,73.22,3052.0,3027.0,2989.0,3052.0,3052.0,2968.0,2869.5,2921.31,2847.55,2847.55,6,C,73.33,53.05,9.24,55.98,2969.22,2909.82,3192.16,+0.37σ,0.48,陰線→陽線 / 前日安値割れ反転,通常,買い,アンチ,1,0.0,2912.16,3241.67,2.0,%K反転、%D方向改善、長い下ヒゲ反転、直近下落なし（B以下に制限） / 信用需給: 信用データがデータなし、または売残0で信用倍率を算出不能,,https://finance.yahoo.co.jp/quote/7203.T,データなし,データなし,データなし,データなし,データなし,データなし,データなし,データなし,6.0,0,0,6.0,244,244,信用需給は判定不能,信用データがデータなし、または売残0で信用倍率を算出不能
2026-08-18,3765,ガンホー・オンライン・エンターテイメント,プライム,2436.0,0.62,1.08,1.71,2.03,0.77,60.69,2454.0,2447.0,2400.0,2454.0,2454.0,2377.0,2261.0,2341.96,2284.17,2284.17,6,C,81.03,50.33,3.9,56.74,2387.6,2334.28,2456.18,+0.63σ,0.68,陰線→陽線 / 前日安値割れ反転,通常,買い,アンチ,1,0.0,2344.97,2618.06,2.0,%K反転、%D方向改善、長い下ヒゲ反転、直近下落なし（B以下に制限） / 信用需給: 信用データがデータなし、または売残0で信用倍率を算出不能,,https://finance.yahoo.co.jp/quote/3765.T,データなし,データなし,データなし,データなし,データなし,データなし,データなし,データなし,6.0,0,0,6.0,244,244,信用需給は判定不能,信用データがデータなし、または売残0で信用倍率を算出不能
2026-08-18,7337,ひろぎんホールディングス,プライム,2394.5,1.48,1.89,7.3,5.97,0.59,58.98,2385.5,2406.5,2371.5,2406.5,2406.5,2244.0,2131.0,2210.08,2147.86,2147.86,6,C,93.62,76.6,19.91,66.11,2259.54,2124.61,1856.17,+1.96σ,0.84,陰線→陽線,通常,買い,底固め / アンチ,2,0.0,2244.0,2695.5,2.0,%K反転、%D方向改善、直近下落なし（B以下に制限）、直近安値切り上げ、RSI安値切り上げ、レンジ上限突破 / 信用需給: 信用データがデータなし、または売残0で信用倍率を算出不能,,https://finance.yahoo.co.jp/quote/7337.T,データなし,データなし,データなし,データなし,データなし,データなし,データなし,データなし,6.0,0,0,6.0,244,244,信用需給は判定不能,信用データがデータなし、または売残0で信用倍率を算出不能
2026-08-18,3539,ＪＭホールディングス,プライム,1461.0,1.95,3.03,5.26,7.1,1.0,31.92,1439.0,1469.0,1437.0,1469.0,1469.0,1375.0,1314.0,1344.48,1304.95,1304.95,6,除外,92.31,60.38,9.59,72.28,1364.12,1298.11,1495.14,+1.95σ,0.44,陰線→陽線,通常,買い,底固め / アンチ,2,0.0,1375.0,1633.0,2.0,%K反転、%D方向改善、直近下落なし（B以下に制限）、直近安値切り上げ、RSI安値切り上げ、レンジ上限突破 / 信用需給: 信用データがデータなし、または売残0で信用倍率を算出不能,急騰済み（高RSI）,https://finance.yahoo.co.jp/quote/3539.T,データなし,データなし,データなし,データなし,データなし,データなし,データなし,データなし,6.0,0,0,6.0,244,244,信用需給は判定不能,信用データがデータなし、または売残0で信用倍率を算出不能
2026-08-18,9505,北陸電力,プライム,984.3,2.56,2.85,6.3,4.72,1.12,23.65,976.0,986.4,960.0,986.4,986.4,922.5,909.3,927.43,905.84,905.84,6,C,97.12,46.57,16.32,64.29,939.94,892.81,960.37,+1.63σ,0.85,陰線→陽線,通常,買い,底固め / アンチ,2,0.0,922.5,1107.9,2.0,%K反転、%D方向改善、直近下落なし（B以下に制限）、直近安値切り上げ、RSI安値切り上げ、レンジ上限突破 / 信用需給: 信用データがデータなし、または売残0で信用倍率を算出不能,,https://finance.yahoo.co.jp/quote/9505.T,データなし,データなし,データなし,データなし,データなし,データなし,データなし,データなし,6.0,0,0,6.0,244,244,信用需給は判定不能,信用データがデータなし、または売残0で信用倍率を算出不能
2026-08-18,7979,松風,プライム,2379.0,1.97,-1.29,2.81,8.02,0.99,68.75,2363.0,2391.0,2323.0,2391.0,2396.0,2267.0,2017.0,2107.42,2004.18,2004.18,6,C,80.48,77.79,8.5,66.44,2202.36,1994.61,1880.66,+1.63σ,0.89,陰線→陽線 / 前日安値割れ反転,強,買い,アンチ,1,0.0,2267.0,2603.0,2.0,%K反転、%D方向改善、長い下ヒゲ反転、直近下落なし（B以下に制限） / 信用需給: 信用データがデータなし、または売残0で信用倍率を算出不能,,https://finance.yahoo.co.jp/quote/7979.T,データなし,データなし,データなし,データなし,データなし,データなし,データなし,データなし,6.0,0,0,6.0,244,244,信用需給は判定不能,信用データがデータなし、または売残0で信用倍率を算出不能
2026-08-18,3222,ユナイテッド・スーパーマーケット・ホールディングス,スタンダード,819.0,0.49,1.36,1.24,0.32,0.97,16.57,829.0,824.0,808.0,829.0,829.0,802.0,784.0,798.9,782.86,782.86,6,C,67.74,46.3,10.69,51.79,816.36,816.12,866.34,+0.25σ,0.97,陰線→陽線 / 前日安値割れ反転,通常,買い,アンチ,1,0.0,794.15,868.71,2.0,%K反転、%D方向改善、長い下ヒゲ反転、直近下落なし（B以下に制限） / 信用需給: 信用データがデータなし、または売残0で信用倍率を算出不能,,https://finance.yahoo.co.jp/quote/3222.T,データなし,データなし,データなし,データなし,データなし,データなし,データなし,データなし,6.0,0,0,6.0,244,244,信用需給は判定不能,信用データがデータなし、または売残0で信用倍率を算出不能
2026-08-18,5440,共英製鋼,プライム,2000.0,0.1,4.0,4.82,4.95,0.95,41.98,2009.0,2016.0,1976.0,2016.0,2016.0,1906.0,1826.0,1877.41,1830.46,1830.46,6,C,87.79,59.88,10.93,66.86,1905.72,1830.37,2192.45,+1.61σ,0.71,強気包み足,なし,買い,底固め,1,0.0,1906.0,2188.0,2.0,%D方向改善、陽の包み足、直近下落なし（B以下に制限）、直近安値切り上げ、BB幅収縮、RSI安値切り上げ / 信用需給: 信用データがデータなし、または売残0で信用倍率を算出不能,,https://finance.yahoo.co.jp/quote/5440.T,データなし,データなし,データなし,データなし,データなし,データなし,データなし,データなし,6.0,0,0,6.0,244,244,信用需給は判定不能,信用データがデータなし、または売残0で信用倍率を算出不能
2026-08-18,5445,東京鐵鋼,プライム,2031.0,0.45,1.5,3.31,3.75,1.02,33.17,2029.0,2048.0,2014.0,2048.0,2048.0,1967.0,1903.0,1934.59,1902.58,1902.58,6,C,83.33,75.8,10.93,67.8,1957.64,1876.15,1956.5,+2.01σ,0.94,強気包み足,なし,買い,底固め,1,0.0,1967.0,2159.0,2.0,%D方向改善、陽の包み足、直近下落なし（B以下に制限）、直近安値切り上げ、BB幅収縮、RSI安値切り上げ、レンジ上限突破 / 信用需給: 信用データがデータなし、または売残0で信用倍率を算出不能,,https://finance.yahoo.co.jp/quote/5445.T,データなし,データなし,データなし,データなし,データなし,データなし,データなし,データなし,6.0,0,0,6.0,244,244,信用需給は判定不能,信用データがデータなし、または売残0で信用倍率を算出不能
2026-08-18,2181,パーソルホールディングス,プライム,284.5,0.25,0.6,0.82,6.27,0.57,6.65,287.4,285.9,282.1,287.4,287.9,278.8,252.6,258.73,247.84,247.84,6,C,88.15,64.75,15.18,65.25,267.72,250.91,257.66,+1.37σ,1.08,陰線→陽線 / 長い下ヒゲ（ハンマー） / 前日安値割れ反転,通常,買い,アンチ,1,0.0,274.52,304.46,2.0,%K反転、%D方向改善、長い下ヒゲ反転、直近下落なし（B以下に制限） / 信用需給: 信用データがデータなし、または売残0で信用倍率を算出不能,,https://finance.yahoo.co.jp/quote/2181.T,データなし,データなし,データなし,データなし,データなし,データなし,データなし,データなし,6.0,0,0,6.0,244,244,信用需給は判定不能,信用データがデータなし、または売残0で信用倍率を算出不能
2026-08-18,5021,コスモエネルギーホールディングス,プライム,4250.0,2.51,4.45,5.56,7.43,1.11,113.75,4208.0,4276.0,4150.0,4276.0,4276.0,4029.0,3731.0,3861.48,3737.95,3737.95,6,C,90.75,59.09,10.46,68.57,3956.08,3826.89,4107.86,+2.15σ,1.02,陰線→陽線,通常,買い,底固め / アンチ,2,0.0,4029.0,4692.0,2.0,%K反転、%D方向改善、直近下落なし（B以下に制限）、直近安値切り上げ、RSI安値切り上げ、レンジ上限突破 / 信用需給: 信用データがデータなし、または売残0で信用倍率を算出不能,,https://finance.yahoo.co.jp/quote/5021.T,データなし,データなし,データなし,データなし,データなし,データなし,データなし,データなし,6.0,0,0,6.0,244,244,信用需給は判定不能,信用データがデータなし、または売残0で信用倍率を算出不能
2026-08-18,5019,出光興産,プライム,1370.5,3.05,6.82,5.87,5.92,1.49,34.86,1332.5,1381.5,1329.5,1381.5,1381.5,1269.5,1228.0,1272.06,1241.77,1241.77,6,除外,90.18,58.77,18.15,64.03,1293.88,1305.69,1303.58,+2.25σ,1.27,強気包み足,なし,買い,底固め,1,0.0,1269.5,1572.5,2.0,%D方向改善、陽の包み足、直近下落なし（B以下に制限）、直近安値切り上げ、BB幅収縮、RSI安値切り上げ、レンジ上限突破 / 信用需給: 信用データがデータなし、または売残0で信用倍率を算出不能,急騰済み（BB +2σ大幅超過）,https://finance.yahoo.co.jp/quote/5019.T,データなし,データなし,データなし,データなし,データなし,データなし,データなし,データなし,6.0,0,0,6.0,244,244,信用需給は判定不能,信用データがデータなし、または売残0で信用倍率を算出不能
2026-08-18,4478,フリー,グロース,3420.0,2.09,20.25,25.6,29.07,1.19,172.97,3640.0,3475.0,3270.0,3640.0,3640.0,2716.0,2278.0,2410.44,2105.49,2105.49,6,除外,80.41,82.8,6.58,84.8,2649.8,2303.25,2541.7,+2.31σ,1.21,陰線→陽線 / 前日安値割れ反転,通常,買い,アンチ,1,0.0,2716.0,4828.0,2.0,%K反転、%D方向改善、長い下ヒゲ反転、直近下落なし（B以下に制限） / 信用需給: 信用データがデータなし、または売残0で信用倍率を算出不能,急騰済み（3営業日急騰、5営業日急騰、25日線上方乖離、高RSI、BB +2σ大幅超過）,https://finance.yahoo.co.jp/quote/4478.T,データなし,データなし,データなし,データなし,データなし,データなし,データなし,データなし,6.0,0,0,6.0,244,244,信用需給は判定不能,信用データがデータなし、または売残0で信用倍率を算出不能
2026-08-18,9044,ＮＡＮＫＡＩ,プライム,2972.0,1.38,1.04,2.82,0.57,1.12,69.77,2963.5,2978.5,2900.5,2978.5,2978.5,2897.5,2818.5,2858.46,2757.09,2757.09,6,C,95.02,45.96,11.11,54.22,2955.12,2870.86,2935.88,+0.12σ,0.74,陰線→陽線 / 長い下ヒゲ（ハンマー） / 前日安値割れ反転,通常,買い,アンチ,1,0.0,2867.35,3181.31,2.0,%K反転、%D方向改善、長い下ヒゲ反転、直近下落なし（B以下に制限） / 信用需給: 信用データがデータなし、または売残0で信用倍率を算出不能,,https://finance.yahoo.co.jp/quote/9044.T,データなし,データなし,データなし,データなし,データなし,データなし,データなし,データなし,6.0,0,0,6.0,244,244,信用需給は判定不能,信用データがデータなし、または売残0で信用倍率を算出不能
2026-08-18,4477,ＢＡＳＥ,グロース,302.0,1.68,5.96,6.71,0.56,1.12,8.94,299.0,305.0,295.0,305.0,305.0,282.0,280.0,288.89,279.94,279.94,6,C,88.0,38.63,3.42,56.67,300.32,281.37,302.33,+0.46σ,0.77,強気包み足,なし,買い,底固め,1,0.0,282.0,342.0,2.0,%D方向改善、陽の包み足、直近下落なし（B以下に制限）、直近安値切り上げ、BB幅収縮、RSI安値切り上げ / 信用需給: 信用データがデータなし、または売残0で信用倍率を算出不能,,https://finance.yahoo.co.jp/quote/4477.T,データなし,データなし,データなし,データなし,データなし,データなし,データなし,データなし,6.0,0,0,6.0,244,244,信用需給は判定不能,信用データがデータなし、または売残0で信用倍率を算出不能
2026-08-18,9008,京王電鉄,プライム,763.4,0.7,0.39,1.41,-2.21,1.03,16.55,764.6,768.6,751.6,768.6,768.6,751.6,742.1,755.69,728.98,728.98,6,C,80.38,29.19,3.75,47.2,780.66,756.18,777.9,-0.71σ,0.66,陰線→陽線 / 前日安値割れ反転,通常,買い,アンチ,1,0.0,738.57,813.05,2.0,%K反転、%D方向改善、長い下ヒゲ反転、直近下落なし（B以下に制限） / 信用需給: 信用データがデータなし、または売残0で信用倍率を算出不能,,https://finance.yahoo.co.jp/quote/9008.T,データなし,データなし,データなし,データなし,データなし,データなし,データなし,データなし,6.0,0,0,6.0,244,244,信用需給は判定不能,信用データがデータなし、または売残0で信用倍率を算出不能
2026-08-18,4972,綜研化学,スタンダード,3475.0,3.58,4.83,5.3,3.46,0.9,154.78,3385.0,3500.0,3360.0,3500.0,3500.0,3225.0,2906.0,3078.96,2829.62,2829.62,6,C,90.91,81.75,21.01,56.46,3358.84,3398.75,3076.62,+0.59σ,0.4,なし,なし,買い,底固め,1,0.0,3225.0,3975.0,2.0,%K反転、%D方向改善、直近下落なし（B以下に制限）、直近安値切り上げ、RSI安値切り上げ、レンジ上限突破 / 信用需給: 信用データがデータなし、または売残0で信用倍率を算出不能,,https://finance.yahoo.co.jp/quote/4972.T,データなし,データなし,データなし,データなし,データなし,データなし,データなし,データなし,6.0,0,0,6.0,244,244,信用需給は判定不能,信用データがデータなし、または売残0で信用倍率を算出不能
2026-08-18,4396,システムサポートホールディングス,プライム,1400.0,1.97,-0.07,20.17,20.52,1.34,49.34,1421.0,1407.0,1341.0,1421.0,1447.0,1173.0,1070.0,1067.31,952.18,952.18,6,除外,84.98,74.91,5.48,77.77,1161.64,1064.28,1231.84,+1.89σ,0.99,陰線→陽線 / 前日安値割れ反転,通常,買い,アンチ,1,0.0,1173.0,1854.0,2.0,%K反転、%D方向改善、長い下ヒゲ反転、直近下落なし（B以下に制限） / 信用需給: 信用データがデータなし、または売残0で信用倍率を算出不能,急騰済み（5営業日急騰、25日線上方乖離、高RSI）,https://finance.yahoo.co.jp/quote/4396.T,データなし,データなし,データなし,データなし,データなし,データなし,データなし,データなし,6.0,0,0,6.0,244,244,信用需給は判定不能,信用データがデータなし、または売残0で信用倍率を算出不能
2026-08-18,5246,ＥＬＥＭＥＮＴＳ,グロース,868.0,2.36,3.33,8.09,12.73,1.31,38.95,859.0,893.0,842.0,893.0,893.0,794.0,705.0,749.64,710.18,710.18,6,除外,77.48,78.48,12.16,75.09,770.0,668.91,653.08,+2.00σ,1.1,陰線→陽線,通常,買い,底固め / アンチ,2,0.0,794.0,1016.0,2.0,%K反転、%D方向改善、直近下落なし（B以下に制限）、直近安値切り上げ、BB幅収縮、RSI安値切り上げ / 信用需給: 信用データがデータなし、または売残0で信用倍率を算出不能,急騰済み（25日線上方乖離、高RSI）,https://finance.yahoo.co.jp/quote/5246.T,データなし,データなし,データなし,データなし,データなし,データなし,データなし,データなし,6.0,0,0,6.0,244,244,信用需給は判定不能,信用データがデータなし、または売残0で信用倍率を算出不能
2026-08-18,5703,日本軽金属ホールディングス,プライム,3085.0,2.83,5.04,4.65,10.45,0.85,100.24,3050.0,3140.0,3055.0,3140.0,3140.0,2908.0,2530.0,2662.08,2510.61,2510.61,6,除外,79.4,80.3,5.65,69.27,2793.24,2915.01,2760.0,+1.79σ,0.81,なし,通常,買い,底固め / アンチ,2,0.0,2908.0,3439.0,2.0,%K反転、%D方向改善、直近下落なし（B以下に制限）、直近安値切り上げ、RSI安値切り上げ、レンジ上限突破 / 信用需給: 信用データがデータなし、または売残0で信用倍率を算出不能,急騰済み（25日線上方乖離）,https://finance.yahoo.co.jp/quote/5703.T,データなし,データなし,データなし,データなし,データなし,データなし,データなし,データなし,6.0,0,0,6.0,244,244,信用需給は判定不能,信用データがデータなし、または売残0で信用倍率を算出不能
2026-08-18,2130,メンバーズ,プライム,966.0,1.58,4.89,6.15,-4.78,0.71,30.88,952.0,969.0,947.0,969.0,969.0,906.0,862.0,891.96,798.08,798.08,6,C,96.63,53.86,22.99,45.45,1014.48,1057.07,1136.73,-0.21σ,1.01,強気包み足,なし,買い,底固め,1,0.0,906.0,1086.0,2.0,%D方向改善、陽の包み足、直近下落なし（B以下に制限）、直近安値切り上げ、RSI安値切り上げ、レンジ上限突破 / 信用需給: 信用データがデータなし、または売残0で信用倍率を算出不能,,https://finance.yahoo.co.jp/quote/2130.T,データなし,データなし,データなし,データなし,データなし,データなし,データなし,データなし,6.0,0,0,6.0,244,244,信用需給は判定不能,信用データがデータなし、または売残0で信用倍率を算出不能
2026-08-18,9031,西日本鉄道,プライム,3086.0,2.15,2.08,2.87,0.38,1.2,66.51,3065.0,3089.0,3009.0,3089.0,3089.0,2994.0,2903.5,2987.56,2899.76,2899.76,6,C,97.57,43.6,13.69,56.09,3074.2,2924.02,2878.81,+0.12σ,1.05,陰線→陽線 / 前日安値割れ反転,通常,買い,アンチ,1,0.0,2986.23,3285.54,2.0,%K反転、%D方向改善、長い下ヒゲ反転、直近下落なし（B以下に制限） / 信用需給: 信用データがデータなし、または売残0で信用倍率を算出不能,,https://finance.yahoo.co.jp/quote/9031.T,データなし,データなし,データなし,データなし,データなし,データなし,データなし,データなし,6.0,0,0,6.0,244,244,信用需給は判定不能,信用データがデータなし、または売残0で信用倍率を算出不能
2026-08-18,2282,日本ハム,プライム,6324.0,0.29,1.59,3.71,1.57,0.89,157.9,6350.0,6332.0,6191.0,6350.0,6350.0,6143.0,5743.0,6034.67,5829.39,5829.39,6,C,92.57,57.29,15.39,55.02,6226.36,6149.12,6539.08,+0.41σ,1.06,陰線→陽線 / 前日安値割れ反転,通常,買い,アンチ,1,0.0,6087.15,6797.7,2.0,%K反転、%D方向改善、長い下ヒゲ反転、直近下落なし（B以下に制限） / 信用需給: 信用データがデータなし、または売残0で信用倍率を算出不能,,https://finance.yahoo.co.jp/quote/2282.T,データなし,データなし,データなし,データなし,データなし,データなし,データなし,データなし,6.0,0,0,6.0,244,244,信用需給は判定不能,信用データがデータなし、または売残0で信用倍率を算出不能
2026-08-18,2296,伊藤ハム米久ホールディングス,プライム,5100.0,0.79,0.59,1.8,3.21,0.93,96.61,5120.0,5110.0,5020.0,5120.0,5120.0,5000.0,4795.0,4867.85,4770.21,4770.21,6,C,92.45,60.09,12.38,61.22,4941.6,4871.0,5450.62,+1.38σ,0.61,陰線→陽線 / 前日安値割れ反転,通常,買い,アンチ,1,0.0,4955.09,5389.82,2.0,%K反転、%D方向改善、長い下ヒゲ反転、直近下落なし（B以下に制限） / 信用需給: 信用データがデータなし、または売残0で信用倍率を算出不能,,https://finance.yahoo.co.jp/quote/2296.T,データなし,データなし,データなし,データなし,データなし,データなし,データなし,データなし,6.0,0,0,6.0,244,244,信用需給は判定不能,信用データがデータなし、または売残0で信用倍率を算出不能
2026-08-18,6027,弁護士ドットコム,プライム,3740.0,11.31,18.73,54.16,47.82,2.55,213.33,3580.0,4000.0,3455.0,4000.0,4000.0,2474.0,2169.0,2076.51,1587.32,1587.32,6,除外,84.13,81.89,3.16,76.22,2530.04,2432.2,2696.96,+2.40σ,2.97,陰線→陽線,強,買い,アンチ,1,0.0,2474.0,6272.0,2.0,%K反転、%D方向改善、出来高増加を伴う反転、直近下落なし（B以下に制限） / 信用需給: 信用データがデータなし、または売残0で信用倍率を算出不能,急騰済み（当日急騰、3営業日急騰、5営業日急騰、25日線上方乖離、高RSI、BB +2σ大幅超過、ストップ高に近い急騰）,https://finance.yahoo.co.jp/quote/6027.T,データなし,データなし,データなし,データなし,データなし,データなし,データなし,データなし,6.0,0,0,6.0,244,244,信用需給は判定不能,信用データがデータなし、または売残0で信用倍率を算出不能
2026-08-18,5970,ジーテクト,プライム,2382.0,1.88,4.43,4.2,9.63,1.29,47.45,2356.0,2392.0,2331.0,2392.0,2392.0,2250.0,2090.0,2111.1,2027.39,2027.39,6,除外,94.08,69.23,10.72,75.44,2172.76,2084.27,1994.48,+2.24σ,1.34,なし,通常,買い,底固め / アンチ,2,0.0,2250.0,2646.0,2.0,%K反転、%D方向改善、直近下落なし（B以下に制限）、直近安値切り上げ、RSI安値切り上げ、レンジ上限突破 / 信用需給: 信用データがデータなし、または売残0で信用倍率を算出不能,急騰済み（高RSI、BB +2σ大幅超過）,https://finance.yahoo.co.jp/quote/5970.T,データなし,データなし,データなし,データなし,データなし,データなし,データなし,データなし,6.0,0,0,6.0,244,244,信用需給は判定不能,信用データがデータなし、または売残0で信用倍率を算出不能
2026-08-18,4536,参天製薬,プライム,1916.0,0.87,-2.44,-1.39,-2.74,0.47,55.87,1939.0,1925.0,1898.5,1939.0,1972.0,1891.0,1803.0,1888.24,1839.85,1839.85,6,C,60.43,56.28,14.41,43.36,1969.88,1942.72,1772.42,-0.43σ,0.65,はらみ足,通常,買い,アンチ,1,0.0,1832.19,2083.62,2.0,直近2～5日まで下落、%K反転、%D方向改善 / 信用需給: 信用データがデータなし、または売残0で信用倍率を算出不能,,https://finance.yahoo.co.jp/quote/4536.T,データなし,データなし,データなし,データなし,データなし,データなし,データなし,データなし,6.0,0,0,6.0,244,244,信用需給は判定不能,信用データがデータなし、または売残0で信用倍率を算出不能
2026-08-18,4506,住友ファーマ,プライム,1375.0,1.44,0.92,2.23,5.24,0.83,49.3,1395.0,1399.5,1358.5,1399.5,1399.5,1316.5,1188.0,1262.6,1221.68,1221.68,6,C,81.92,81.19,12.21,54.79,1306.48,1456.91,1949.74,+1.75σ,0.61,陰線→陽線,強,買い,底固め / アンチ,2,0.0,1301.05,1522.9,2.0,%K反転、%D方向改善、直近下落なし（B以下に制限）、直近安値切り上げ、BB幅収縮、RSI安値切り上げ / 信用需給: 信用データがデータなし、または売残0で信用倍率を算出不能,,https://finance.yahoo.co.jp/quote/4506.T,データなし,データなし,データなし,データなし,データなし,データなし,データなし,データなし,6.0,0,0,6.0,244,244,信用需給は判定不能,信用データがデータなし、または売残0で信用倍率を算出不能
2026-08-18,4554,富士製薬工業,プライム,1836.0,0.0,-0.49,0.66,-1.86,0.72,52.44,1850.0,1853.0,1815.0,1853.0,1855.0,1813.0,1729.0,1821.37,1786.09,1786.09,6,C,83.59,56.45,12.88,42.2,1870.84,2057.01,2037.09,-0.59σ,0.52,陰線→陽線,通常,買い,底固め / アンチ,2,0.0,1757.35,1993.31,2.0,%K反転、%D方向改善、直近下落なし（B以下に制限）、直近安値切り上げ、BB幅収縮、RSI安値切り上げ / 信用需給: 信用データがデータなし、または売残0で信用倍率を算出不能,,https://finance.yahoo.co.jp/quote/4554.T,データなし,データなし,データなし,データなし,データなし,データなし,データなし,データなし,6.0,0,0,6.0,244,244,信用需給は判定不能,信用データがデータなし、または売残0で信用倍率を算出不能
2026-08-18,4620,藤倉化成,スタンダード,969.0,0.73,0.83,4.42,5.01,0.41,41.87,990.0,975.0,958.0,990.0,990.0,905.0,817.0,863.24,814.98,814.98,6,C,86.54,82.25,20.07,54.06,922.76,1021.76,913.36,+1.19σ,0.7,陰線→陽線 / はらみ足 / 長い下ヒゲ（ハンマー）,通常,買い,アンチ,1,0.0,905.0,1097.0,2.0,%K反転、%D方向改善、長い下ヒゲ反転、直近下落なし（B以下に制限） / 信用需給: 信用データがデータなし、または売残0で信用倍率を算出不能,,https://finance.yahoo.co.jp/quote/4620.T,データなし,データなし,データなし,データなし,データなし,データなし,データなし,データなし,6.0,0,0,6.0,244,244,信用需給は判定不能,信用データがデータなし、または売残0で信用倍率を算出不能
2026-08-18,3034,クオールホールディングス,プライム,2613.0,1.71,5.79,8.02,19.15,1.15,94.32,2619.0,2635.0,2527.0,2635.0,2655.0,2360.0,1997.0,2017.34,1811.17,1811.17,6,除外,92.99,58.73,17.19,77.23,2193.04,1967.35,2007.02,+1.89σ,1.07,陰線→陽線 / 前日安値割れ反転,通常,買い,アンチ,1,0.0,2360.0,3119.0,2.0,%K反転、%D方向改善、長い下ヒゲ反転、直近下落なし（B以下に制限） / 信用需給: 信用データがデータなし、または売残0で信用倍率を算出不能,急騰済み（25日線上方乖離、高RSI）,https://finance.yahoo.co.jp/quote/3034.T,データなし,データなし,データなし,データなし,データなし,データなし,データなし,データなし,6.0,0,0,6.0,244,244,信用需給は判定不能,信用データがデータなし、または売残0で信用倍率を算出不能
2026-08-18,8337,千葉興業銀行,プライム,2803.0,1.08,1.41,7.07,5.08,0.71,94.09,2831.0,2855.0,2788.0,2855.0,2866.0,2650.0,2478.0,2583.17,2499.79,2499.79,6,C,80.91,68.23,16.33,63.03,2667.56,2457.6,2112.8,+1.64σ,1.16,陰線→陽線,通常,買い,底固め / アンチ,2,0.0,2650.0,3109.0,2.0,%K反転、%D方向改善、直近下落なし（B以下に制限）、直近安値切り上げ、BB幅収縮、RSI安値切り上げ / 信用需給: 信用データがデータなし、または売残0で信用倍率を算出不能,,https://finance.yahoo.co.jp/quote/8337.T,データなし,データなし,データなし,データなし,データなし,データなし,データなし,データなし,6.0,0,0,6.0,244,244,信用需給は判定不能,信用データがデータなし、または売残0で信用倍率を算出不能
2026-08-18,8393,宮崎銀行,プライム,2520.0,0.4,0.72,9.04,5.86,0.7,98.84,2541.0,2589.0,2520.0,2589.0,2606.0,2345.0,2151.0,2334.2,2253.76,2253.76,6,C,71.9,64.3,12.85,60.65,2380.6,2157.44,1754.78,+1.31σ,1.72,なし,なし,買い,底固め,1,0.0,2345.0,2870.0,2.0,%K反転、%D方向改善、直近下落なし（B以下に制限）、直近安値切り上げ、BB幅収縮、RSI安値切り上げ / 信用需給: 信用データがデータなし、または売残0で信用倍率を算出不能,,https://finance.yahoo.co.jp/quote/8393.T,データなし,データなし,データなし,データなし,データなし,データなし,データなし,データなし,6.0,0,0,6.0,244,244,信用需給は判定不能,信用データがデータなし、または売残0で信用倍率を算出不能
2026-08-18,8098,稲畑産業,プライム,4235.0,1.56,2.67,3.04,5.0,1.24,68.28,4230.0,4245.0,4160.0,4245.0,4245.0,4105.0,3890.0,3976.26,3897.76,3897.76,6,除外,95.74,77.52,17.48,73.98,4033.2,3929.8,3886.7,+2.30σ,0.81,陰線→陽線,通常,買い,底固め / アンチ,2,0.0,4105.0,4495.0,2.0,%K反転、%D方向改善、直近下落なし（B以下に制限）、直近安値切り上げ、RSI安値切り上げ、レンジ上限突破 / 信用需給: 信用データがデータなし、または売残0で信用倍率を算出不能,急騰済み（高RSI、BB +2σ大幅超過）,https://finance.yahoo.co.jp/quote/8098.T,データなし,データなし,データなし,データなし,データなし,データなし,データなし,データなし,6.0,0,0,6.0,244,244,信用需給は判定不能,信用データがデータなし、または売残0で信用倍率を算出不能
2026-08-18,8399,琉球銀行,プライム,3370.0,1.81,5.48,10.67,12.45,0.63,111.03,3355.0,3410.0,3340.0,3410.0,3410.0,3015.0,2734.0,2897.09,2751.42,2751.42,6,除外,89.87,81.58,14.62,75.67,2997.0,2706.6,2301.95,+2.25σ,0.73,なし,通常,買い,底固め / アンチ,2,0.0,3015.0,4080.0,2.0,%K反転、%D方向改善、直近下落なし（B以下に制限）、直近安値切り上げ、BB幅収縮、RSI安値切り上げ、レンジ上限突破 / 信用需給: 信用データがデータなし、または売残0で信用倍率を算出不能,急騰済み（25日線上方乖離、高RSI、BB +2σ大幅超過）,https://finance.yahoo.co.jp/quote/8399.T,データなし,データなし,データなし,データなし,データなし,データなし,データなし,データなし,6.0,0,0,6.0,244,244,信用需給は判定不能,信用データがデータなし、または売残0で信用倍率を算出不能
2026-08-18,7186,横浜フィナンシャルグループ,プライム,1935.5,1.28,0.44,5.33,2.59,0.76,55.25,1945.0,1970.0,1928.0,1970.0,1970.0,1852.0,1750.0,1836.87,1787.11,1787.11,6,C,77.74,68.5,19.8,59.24,1886.56,1749.45,1517.9,+0.98σ,0.95,陰線→陽線,通常,買い,底固め / アンチ,2,0.0,1852.0,2102.5,2.0,%K反転、%D方向改善、直近下落なし（B以下に制限）、直近安値切り上げ、BB幅収縮、RSI安値切り上げ / 信用需給: 信用データがデータなし、または売残0で信用倍率を算出不能,,https://finance.yahoo.co.jp/quote/7186.T,データなし,データなし,データなし,データなし,データなし,データなし,データなし,データなし,6.0,0,0,6.0,244,244,信用需給は判定不能,信用データがデータなし、または売残0で信用倍率を算出不能
2026-08-18,7184,富山第一銀行,プライム,3315.0,1.84,1.53,11.65,10.29,0.57,139.96,3350.0,3370.0,3290.0,3370.0,3390.0,3000.0,2698.0,2927.69,2791.92,2791.92,6,除外,83.15,71.71,14.69,64.38,3005.68,2708.01,2348.78,+1.85σ,0.87,陰線→陽線,通常,買い,底固め / アンチ,2,0.0,3000.0,3945.0,2.0,%K反転、%D方向改善、直近下落なし（B以下に制限）、直近安値切り上げ、BB幅収縮、RSI安値切り上げ / 信用需給: 信用データがデータなし、または売残0で信用倍率を算出不能,急騰済み（25日線上方乖離）,https://finance.yahoo.co.jp/quote/7184.T,データなし,データなし,データなし,データなし,データなし,データなし,データなし,データなし,6.0,0,0,6.0,244,244,信用需給は判定不能,信用データがデータなし、または売残0で信用倍率を算出不能
2026-08-18,4044,セントラル硝子,プライム,4660.0,0.32,0.65,0.87,8.96,0.66,135.9,4695.0,4690.0,4600.0,4695.0,4695.0,4525.0,3980.0,4070.31,3837.12,3837.12,6,C,77.19,81.75,14.94,69.82,4276.8,4173.27,3900.22,+1.53σ,0.64,陰線→陽線 / 前日安値割れ反転,通常,買い,アンチ,1,0.0,4456.15,5067.69,2.0,%K反転、%D方向改善、長い下ヒゲ反転、直近下落なし（B以下に制限） / 信用需給: 信用データがデータなし、または売残0で信用倍率を算出不能,,https://finance.yahoo.co.jp/quote/4044.T,データなし,データなし,データなし,データなし,データなし,データなし,データなし,データなし,6.0,0,0,6.0,244,244,信用需給は判定不能,信用データがデータなし、または売残0で信用倍率を算出不能
2026-08-18,7867,タカラトミー,プライム,3588.0,-0.33,-0.58,-2.29,0.86,0.79,119.64,3642.0,3589.0,3495.0,3642.0,3642.0,3495.0,3338.0,3484.17,3382.05,3382.05,6,C,55.97,60.0,-4.5,55.04,3557.44,3165.43,2950.74,+0.02σ,0.49,陰線→陽線 / 2～5日下落後の陽線,なし,買い,底固め,1,0.0,3408.55,3946.91,2.0,直近2～5日まで下落、2～5日下落後の陽線、直近安値切り上げ、BB幅収縮、RSI安値切り上げ / 信用需給: 信用データがデータなし、または売残0で信用倍率を算出不能,,https://finance.yahoo.co.jp/quote/7867.T,データなし,データなし,データなし,データなし,データなし,データなし,データなし,データなし,6.0,0,0,6.0,244,244,信用需給は判定不能,信用データがデータなし、または売残0で信用倍率を算出不能
2026-08-18,7280,ミツバ,プライム,1304.0,1.48,5.93,8.4,9.52,0.91,39.35,1289.0,1317.0,1281.0,1317.0,1317.0,1188.0,1123.0,1155.73,1114.51,1114.51,6,除外,91.33,77.66,6.55,69.68,1190.64,1183.4,1168.04,+2.60σ,0.93,強気包み足,なし,買い,底固め,1,0.0,1188.0,1536.0,2.0,%D方向改善、陽の包み足、直近下落なし（B以下に制限）、直近安値切り上げ、BB幅収縮、RSI安値切り上げ、レンジ上限突破 / 信用需給: 信用データがデータなし、または売残0で信用倍率を算出不能,急騰済み（BB +2σ大幅超過）,https://finance.yahoo.co.jp/quote/7280.T,データなし,データなし,データなし,データなし,データなし,データなし,データなし,データなし,6.0,0,0,6.0,244,244,信用需給は判定不能,信用データがデータなし、または売残0で信用倍率を算出不能
2026-08-18,7012,川崎重工業,プライム,2860.0,0.16,1.49,6.16,3.7,0.99,121.23,2899.5,2955.5,2835.0,2955.5,2955.5,2686.5,2591.0,2700.08,2626.54,2626.54,6,C,68.33,62.65,6.1,53.66,2757.86,2920.66,2809.89,+1.17σ,0.86,陰線→陽線,なし,買い,底固め,1,0.0,2678.16,3223.69,2.0,%K反転、%D方向改善、直近下落なし（B以下に制限）、直近安値切り上げ、BB幅収縮、RSI安値切り上げ / 信用需給: 信用データがデータなし、または売残0で信用倍率を算出不能,,https://finance.yahoo.co.jp/quote/7012.T,データなし,データなし,データなし,データなし,データなし,データなし,データなし,データなし,6.0,0,0,6.0,244,244,信用需給は判定不能,信用データがデータなし、または売残0で信用倍率を算出不能
2026-08-18,8411,みずほフィナンシャルグループ,プライム,8531.0,0.01,-2.78,3.48,1.6,0.55,265.98,8686.0,8642.0,8497.0,8686.0,8819.0,8311.0,7761.0,8153.49,7905.52,7905.52,6,C,53.02,70.11,10.06,54.77,8396.8,7795.6,6775.18,+0.52σ,0.77,はらみ足,通常,買い,底固め / アンチ,2,0.0,8132.02,9328.95,2.0,%K反転、%D方向改善、直近下落なし（B以下に制限）、直近安値切り上げ、BB幅収縮、RSI安値切り上げ / 信用需給: 信用データがデータなし、または売残0で信用倍率を算出不能,,https://finance.yahoo.co.jp/quote/8411.T,データなし,データなし,データなし,データなし,データなし,データなし,データなし,データなし,6.0,0,0,6.0,244,244,信用需給は判定不能,信用データがデータなし、または売残0で信用倍率を算出不能
2026-08-18,8273,イズミ,プライム,1017.0,1.7,0.99,1.7,1.49,1.04,20.26,1019.0,1020.0,999.0,1020.0,1020.0,996.0,967.0,984.23,963.46,963.46,6,C,91.18,54.14,11.99,56.44,1002.08,961.87,993.0,+0.58σ,0.96,陰線→陽線 / 長い下ヒゲ（ハンマー） / 前日安値割れ反転,通常,買い,アンチ,1,0.0,986.61,1077.78,2.0,%K反転、%D方向改善、長い下ヒゲ反転、直近下落なし（B以下に制限） / 信用需給: 信用データがデータなし、または売残0で信用倍率を算出不能,,https://finance.yahoo.co.jp/quote/8273.T,データなし,データなし,データなし,データなし,データなし,データなし,データなし,データなし,6.0,0,0,6.0,244,244,信用需給は判定不能,信用データがデータなし、または売残0で信用倍率を算出不能
2026-08-18,8153,モスフードサービス,プライム,3790.0,0.26,0.26,1.34,-0.21,0.91,77.16,3830.0,3825.0,3755.0,3830.0,3830.0,3745.0,3635.0,3707.61,3613.72,3613.72,6,C,79.49,44.41,10.48,51.87,3798.0,3716.2,4012.4,-0.12σ,0.94,陰線→陽線 / 前日安値割れ反転,通常,買い,アンチ,1,0.0,3674.26,4021.49,2.0,%K反転、%D方向改善、長い下ヒゲ反転、直近下落なし（B以下に制限） / 信用需給: 信用データがデータなし、または売残0で信用倍率を算出不能,,https://finance.yahoo.co.jp/quote/8153.T,データなし,データなし,データなし,データなし,データなし,データなし,データなし,データなし,6.0,0,0,6.0,244,244,信用需給は判定不能,信用データがデータなし、または売残0で信用倍率を算出不能
2026-08-18,7011,三菱重工業,プライム,4370.0,0.46,2.68,9.14,10.74,0.95,152.59,4363.0,4439.0,4294.0,4439.0,4439.0,4006.0,3621.0,3799.49,3608.23,3608.23,6,除外,86.58,83.59,19.2,70.1,3946.04,3929.36,4271.56,+1.98σ,1.04,強気包み足,なし,買い,底固め,1,0.0,4006.0,5098.0,2.0,%D方向改善、陽の包み足、直近下落なし（B以下に制限）、直近安値切り上げ、RSI安値切り上げ、レンジ上限突破 / 信用需給: 信用データがデータなし、または売残0で信用倍率を算出不能,急騰済み（25日線上方乖離）,https://finance.yahoo.co.jp/quote/7011.T,データなし,データなし,データなし,データなし,データなし,データなし,データなし,データなし,6.0,0,0,6.0,244,244,信用需給は判定不能,信用データがデータなし、または売残0で信用倍率を算出不能
2026-08-18,8616,東海東京フィナンシャル・ホールディングス,プライム,834.0,0.12,-0.71,1.58,2.97,0.52,17.26,837.0,841.0,832.0,841.0,843.0,814.0,772.0,801.44,787.57,787.57,6,C,66.67,76.2,5.98,64.83,809.92,752.93,722.04,+1.35σ,0.46,陰線→陽線,通常,買い,底固め / アンチ,2,0.0,808.11,885.79,2.0,%K反転、%D方向改善、直近下落なし（B以下に制限）、直近安値切り上げ、BB幅収縮、RSI安値切り上げ / 信用需給: 信用データがデータなし、または売残0で信用倍率を算出不能,,https://finance.yahoo.co.jp/quote/8616.T,データなし,データなし,データなし,データなし,データなし,データなし,データなし,データなし,6.0,0,0,6.0,244,244,信用需給は判定不能,信用データがデータなし、または売残0で信用倍率を算出不能
2026-08-18,8308,りそなホールディングス,プライム,2500.0,0.75,2.19,9.99,7.46,0.85,76.88,2533.0,2552.5,2487.0,2552.5,2552.5,2306.0,2153.0,2230.44,2137.28,2137.28,6,C,81.22,73.76,18.65,65.44,2326.5,2186.21,1892.58,+1.89σ,0.91,なし,通常,買い,底固め / アンチ,2,0.0,2306.0,2888.0,2.0,%K反転、%D方向改善、直近下落なし（B以下に制限）、直近安値切り上げ、BB幅収縮、RSI安値切り上げ / 信用需給: 信用データがデータなし、または売残0で信用倍率を算出不能,,https://finance.yahoo.co.jp/quote/8308.T,データなし,データなし,データなし,データなし,データなし,データなし,データなし,データなし,6.0,0,0,6.0,244,244,信用需給は判定不能,信用データがデータなし、または売残0で信用倍率を算出不能
2026-08-18,8309,三井住友トラストグループ,プライム,1734.0,0.32,-1.08,3.31,2.8,0.75,41.15,1750.0,1762.0,1731.0,1762.0,1767.0,1682.5,1573.5,1660.18,1626.77,1626.77,6,C,69.16,72.88,16.38,62.67,1686.8,1538.06,1343.76,+1.21σ,0.84,なし,通常,買い,底固め / アンチ,2,0.0,1672.27,1857.46,2.0,%K反転、%D方向改善、直近下落なし（B以下に制限）、直近安値切り上げ、BB幅収縮、RSI安値切り上げ / 信用需給: 信用データがデータなし、または売残0で信用倍率を算出不能,,https://finance.yahoo.co.jp/quote/8309.T,データなし,データなし,データなし,データなし,データなし,データなし,データなし,データなし,6.0,0,0,6.0,244,244,信用需給は判定不能,信用データがデータなし、または売残0で信用倍率を算出不能
2026-08-18,8278,フジ,プライム,2029.0,0.69,1.4,2.79,1.2,0.86,37.1,2026.0,2039.0,2007.0,2039.0,2039.0,1981.0,1936.0,1973.8,1936.55,1936.55,6,C,86.84,44.9,7.02,54.7,2004.92,1997.29,2045.84,+0.48σ,0.81,前日安値割れ反転,通常,買い,アンチ,1,0.0,1973.35,2140.3,2.0,%K反転、%D方向改善、長い下ヒゲ反転、直近下落なし（B以下に制限） / 信用需給: 信用データがデータなし、または売残0で信用倍率を算出不能,,https://finance.yahoo.co.jp/quote/8278.T,データなし,データなし,データなし,データなし,データなし,データなし,データなし,データなし,6.0,0,0,6.0,244,244,信用需給は判定不能,信用データがデータなし、または売残0で信用倍率を算出不能
2026-08-18,6814,古野電気,プライム,8060.0,1.77,4.27,2.68,7.58,0.61,326.62,8090.0,8120.0,7920.0,8120.0,8120.0,7580.0,6800.0,7224.74,6906.99,6906.99,6,C,88.89,78.5,13.92,64.44,7492.4,6640.4,7290.6,+1.63σ,0.76,なし,強,買い,底固め / アンチ,2,0.0,7570.06,9039.87,2.0,%K反転、%D方向改善、直近下落なし（B以下に制限）、直近安値切り上げ、BB幅収縮、RSI安値切り上げ / 信用需給: 信用データがデータなし、または売残0で信用倍率を算出不能,,https://finance.yahoo.co.jp/quote/6814.T,データなし,データなし,データなし,データなし,データなし,データなし,データなし,データなし,6.0,0,0,6.0,244,244,信用需給は判定不能,信用データがデータなし、または売残0で信用倍率を算出不能
2026-08-18,4345,シーティーエス,プライム,844.0,1.44,0.24,1.69,-0.77,0.97,18.52,850.0,844.0,826.0,850.0,850.0,826.0,800.0,824.9,801.45,801.45,6,C,82.86,54.08,18.44,49.75,850.56,838.65,910.72,-0.19σ,0.58,陰線→陽線 / 前日安値割れ反転,通常,買い,アンチ,1,0.0,816.21,899.57,2.0,%K反転、%D方向改善、長い下ヒゲ反転、直近下落なし（B以下に制限） / 信用需給: 信用データがデータなし、または売残0で信用倍率を算出不能,,https://finance.yahoo.co.jp/quote/4345.T,データなし,データなし,データなし,データなし,データなし,データなし,データなし,データなし,6.0,0,0,6.0,244,244,信用需給は判定不能,信用データがデータなし、または売残0で信用倍率を算出不能
2026-08-18,8614,東洋証券,プライム,682.0,0.15,-0.73,1.34,1.88,0.59,15.24,694.0,689.0,680.0,694.0,698.0,665.0,633.0,662.62,653.2,653.2,6,C,51.52,71.44,6.38,59.19,669.44,638.09,660.54,+1.06σ,0.66,はらみ足,通常,買い,底固め / アンチ,2,0.0,659.14,727.71,2.0,%K反転、%D方向改善、直近下落なし（B以下に制限）、直近安値切り上げ、BB幅収縮、RSI安値切り上げ / 信用需給: 信用データがデータなし、または売残0で信用倍率を算出不能,,https://finance.yahoo.co.jp/quote/8614.T,データなし,データなし,データなし,データなし,データなし,データなし,データなし,データなし,6.0,0,0,6.0,244,244,信用需給は判定不能,信用データがデータなし、または売残0で信用倍率を算出不能
2026-08-18,4114,日本触媒,プライム,2696.5,1.09,1.81,3.99,18.7,0.89,72.78,2704.0,2696.5,2631.5,2704.0,2725.5,2571.5,2079.5,2085.47,1853.21,1853.21,6,除外,94.33,82.89,10.26,85.76,2271.76,2144.99,2133.45,+1.63σ,0.83,陰線→陽線 / 前日安値割れ反転,通常,買い,アンチ,1,0.0,2571.5,2946.5,2.0,%K反転、%D方向改善、長い下ヒゲ反転、直近下落なし（B以下に制限） / 信用需給: 信用データがデータなし、または売残0で信用倍率を算出不能,急騰済み（25日線上方乖離、高RSI）,https://finance.yahoo.co.jp/quote/4114.T,データなし,データなし,データなし,データなし,データなし,データなし,データなし,データなし,6.0,0,0,6.0,244,244,信用需給は判定不能,信用データがデータなし、または売残0で信用倍率を算出不能
2026-08-18,5911,横河ブリッジホールディングス,プライム,2997.0,1.28,2.53,2.53,2.21,1.0,38.92,2976.0,2998.0,2959.0,2998.0,2998.0,2914.0,2890.0,2917.48,2890.61,2890.61,6,C,98.81,49.72,13.72,65.05,2932.16,2872.05,2960.4,+1.96σ,0.79,なし,通常,買い,底固め / アンチ,2,0.0,2914.0,3163.0,2.0,%K反転、%D方向改善、直近下落なし（B以下に制限）、直近安値切り上げ、BB幅収縮、RSI安値切り上げ、レンジ上限突破 / 信用需給: 信用データがデータなし、または売残0で信用倍率を算出不能,,https://finance.yahoo.co.jp/quote/5911.T,データなし,データなし,データなし,データなし,データなし,データなし,データなし,データなし,6.0,0,0,6.0,244,244,信用需給は判定不能,信用データがデータなし、または売残0で信用倍率を算出不能
2026-08-18,2734,サーラコーポレーション,プライム,1230.0,1.91,3.36,5.76,6.24,1.08,23.99,1220.0,1233.0,1207.0,1233.0,1233.0,1166.0,1120.0,1135.44,1109.73,1109.73,6,除外,96.51,66.35,8.74,74.76,1157.72,1073.04,1088.16,+2.68σ,0.82,なし,通常,買い,底固め / アンチ,2,0.0,1166.0,1358.0,2.0,%K反転、%D方向改善、直近下落なし（B以下に制限）、直近安値切り上げ、BB幅収縮、RSI安値切り上げ、レンジ上限突破 / 信用需給: 信用データがデータなし、または売残0で信用倍率を算出不能,急騰済み（高RSI、BB +2σ大幅超過）,https://finance.yahoo.co.jp/quote/2734.T,データなし,データなし,データなし,データなし,データなし,データなし,データなし,データなし,6.0,0,0,6.0,244,244,信用需給は判定不能,信用データがデータなし、または売残0で信用倍率を算出不能
2026-08-18,2670,エービーシー・マート,プライム,2778.5,-0.23,-1.56,-1.58,1.62,0.51,63.68,2847.0,2787.5,2755.0,2847.0,2847.0,2755.0,2598.0,2680.21,2608.84,2608.84,6,C,25.54,61.21,-0.16,52.06,2734.14,2713.77,2662.78,+0.38σ,0.59,陰線→陽線 / 2～5日下落後の陽線,なし,買い,底固め,1,0.0,2682.98,2969.53,2.0,直近2～5日まで下落、2～5日下落後の陽線、直近安値切り上げ、ATR低下、BB幅収縮、RSI安値切り上げ / 信用需給: 信用データがデータなし、または売残0で信用倍率を算出不能,,https://finance.yahoo.co.jp/quote/2670.T,データなし,データなし,データなし,データなし,データなし,データなし,データなし,データなし,6.0,0,0,6.0,244,244,信用需給は判定不能,信用データがデータなし、または売残0で信用倍率を算出不能
2026-08-18,2749,ＪＰホールディングス,プライム,653.0,1.56,-0.61,3.82,3.77,1.18,13.58,656.0,660.0,644.0,660.0,664.0,629.0,607.0,616.97,602.55,602.55,6,C,74.14,47.7,5.91,62.93,629.28,617.32,662.22,+1.50σ,0.93,なし,通常,買い,底固め / アンチ,2,0.0,629.0,701.0,2.0,%K反転、%D方向改善、直近下落なし（B以下に制限）、直近安値切り上げ、BB幅収縮、RSI安値切り上げ / 信用需給: 信用データがデータなし、または売残0で信用倍率を算出不能,,https://finance.yahoo.co.jp/quote/2749.T,データなし,データなし,データなし,データなし,データなし,データなし,データなし,データなし,6.0,0,0,6.0,244,244,信用需給は判定不能,信用データがデータなし、または売残0で信用倍率を算出不能
2026-08-18,2353,日本駐車場開発,プライム,265.0,0.38,3.52,4.74,2.95,0.9,5.54,264.0,266.0,261.0,266.0,266.0,253.0,244.0,249.78,243.31,243.31,6,C,95.0,65.85,22.64,60.31,257.4,251.2,264.3,+1.35σ,0.6,強気包み足,なし,買い,底固め,1,0.0,253.0,289.0,2.0,%D方向改善、陽の包み足、直近下落なし（B以下に制限）、直近安値切り上げ、RSI安値切り上げ、レンジ上限突破 / 信用需給: 信用データがデータなし、または売残0で信用倍率を算出不能,,https://finance.yahoo.co.jp/quote/2353.T,データなし,データなし,データなし,データなし,データなし,データなし,データなし,データなし,6.0,0,0,6.0,244,244,信用需給は判定不能,信用データがデータなし、または売残0で信用倍率を算出不能
2026-08-18,3196,ホットランドホールディングス,プライム,1632.0,0.43,0.06,2.13,0.96,1.12,28.66,1637.0,1642.0,1610.0,1642.0,1642.0,1578.0,1560.0,1589.21,1556.83,1556.83,6,C,85.29,49.89,14.11,55.1,1616.56,1600.36,1841.97,+0.32σ,0.95,長い下ヒゲ（ハンマー）,通常,買い,アンチ,1,0.0,1578.0,1740.0,2.0,%K反転、%D方向改善、長い下ヒゲ反転、直近下落なし（B以下に制限） / 信用需給: 信用データがデータなし、または売残0で信用倍率を算出不能,,https://finance.yahoo.co.jp/quote/3196.T,データなし,データなし,データなし,データなし,データなし,データなし,データなし,データなし,6.0,0,0,6.0,244,244,信用需給は判定不能,信用データがデータなし、または売残0で信用倍率を算出不能
2026-08-18,7981,タカラスタンダード,プライム,2983.0,-0.07,-2.04,-1.39,-3.08,0.41,64.13,3080.0,2999.0,2973.0,3080.0,3080.0,2973.0,2960.0,2986.82,2898.25,2898.25,6,C,8.93,34.76,6.93,41.95,3077.72,3032.03,2902.02,-1.04σ,0.85,陰線→陽線,通常,買い,アンチ,1,0.0,2886.8,3175.39,2.0,ストキャス売られ過ぎから反転、%K反転、直近下落なし（B以下に制限） / 信用需給: 信用データがデータなし、または売残0で信用倍率を算出不能,,https://finance.yahoo.co.jp/quote/7981.T,データなし,データなし,データなし,データなし,データなし,データなし,データなし,データなし,6.0,0,0,6.0,244,244,信用需給は判定不能,信用データがデータなし、または売残0で信用倍率を算出不能
2026-08-18,8078,阪和興業,プライム,1859.0,2.71,3.74,4.97,7.08,1.17,50.37,1873.0,1866.0,1807.0,1873.0,1873.0,1779.0,1658.0,1701.02,1650.75,1650.75,6,C,88.03,72.38,8.01,63.58,1736.04,1729.83,1601.78,+2.14σ,1.12,陰線→陽線 / 前日安値割れ反転,強,買い,アンチ,1,0.0,1779.0,2019.0,2.0,%K反転、%D方向改善、長い下ヒゲ反転、直近下落なし（B以下に制限） / 信用需給: 信用データがデータなし、または売残0で信用倍率を算出不能,,https://finance.yahoo.co.jp/quote/8078.T,データなし,データなし,データなし,データなし,データなし,データなし,データなし,データなし,6.0,0,0,6.0,244,244,信用需給は判定不能,信用データがデータなし、または売残0で信用倍率を算出不能
2026-08-18,7994,オカムラ,プライム,2342.0,0.34,-0.04,1.83,1.31,0.92,39.17,2368.0,2353.0,2317.0,2368.0,2368.0,2317.0,2256.0,2292.82,2264.83,2264.83,6,C,76.79,56.58,3.2,55.77,2311.68,2301.36,2373.88,+0.76σ,0.51,陰線→陽線 / 前日安値割れ反転,通常,買い,アンチ,1,0.0,2283.25,2459.5,2.0,%K反転、%D方向改善、長い下ヒゲ反転、直近下落なし（B以下に制限） / 信用需給: 信用データがデータなし、または売残0で信用倍率を算出不能,,https://finance.yahoo.co.jp/quote/7994.T,データなし,データなし,データなし,データなし,データなし,データなし,データなし,データなし,6.0,0,0,6.0,244,244,信用需給は判定不能,信用データがデータなし、または売残0で信用倍率を算出不能
2026-08-18,2962,テクニスコ,スタンダード,1659.0,22.08,16.42,30.94,28.66,0.07,133.76,1398.0,1659.0,1650.0,1659.0,1659.0,1261.0,1063.0,1148.35,1011.66,1011.66,6,除外,100.0,78.38,16.3,66.62,1289.48,1236.43,866.11,+2.74σ,1.49,なし,強,買い,底固め / アンチ,2,0.0,1261.0,2455.0,2.0,%K反転、%D方向改善、直近下落なし（B以下に制限）、直近安値切り上げ、ATR低下、BB幅収縮、出来高減少後の増加、RSI安値切り上げ、レンジ上限突破 / 信用需給: 信用データがデータなし、または売残0で信用倍率を算出不能,急騰済み（当日急騰、3営業日急騰、5営業日急騰、25日線上方乖離、BB +2σ大幅超過）,https://finance.yahoo.co.jp/quote/2962.T,データなし,データなし,データなし,データなし,データなし,データなし,データなし,データなし,6.0,0,0,6.0,244,244,信用需給は判定不能,信用データがデータなし、または売残0で信用倍率を算出不能
2026-08-18,3148,クリエイトＳＤホールディングス,プライム,3375.0,0.9,1.81,2.43,0.93,0.79,63.01,3355.0,3385.0,3335.0,3385.0,3385.0,3275.0,3210.0,3270.17,3199.09,3199.09,6,C,92.59,54.21,16.35,56.03,3344.0,3280.4,3286.12,+0.47σ,0.9,陰線→陽線 / 強気包み足,なし,買い,底固め,1,0.0,3275.0,3575.0,2.0,%D方向改善、陽の包み足、直近下落なし（B以下に制限）、直近安値切り上げ、RSI安値切り上げ、レンジ上限突破 / 信用需給: 信用データがデータなし、または売残0で信用倍率を算出不能,,https://finance.yahoo.co.jp/quote/3148.T,データなし,データなし,データなし,データなし,データなし,データなし,データなし,データなし,6.0,0,0,6.0,244,244,信用需給は判定不能,信用データがデータなし、または売残0で信用倍率を算出不能
2026-08-18,2874,横浜冷凍,プライム,2232.0,6.08,7.51,7.67,4.13,1.45,93.27,2164.0,2233.0,2098.0,2233.0,2233.0,2003.0,1991.0,2069.77,2007.14,2007.14,6,C,99.57,49.49,7.27,60.17,2143.44,2092.27,1651.97,+1.59σ,1.33,なし,通常,買い,底固め / アンチ,2,0.0,2003.0,2690.0,2.0,%K反転、%D方向改善、直近下落なし（B以下に制限）、BB幅収縮、RSI安値切り上げ、レンジ上限突破 / 信用需給: 信用データがデータなし、または売残0で信用倍率を算出不能,,https://finance.yahoo.co.jp/quote/2874.T,データなし,データなし,データなし,データなし,データなし,データなし,データなし,データなし,6.0,0,0,6.0,244,244,信用需給は判定不能,信用データがデータなし、または売残0で信用倍率を算出不能
2026-08-18,6240,ヤマシンフィルタ,プライム,545.0,0.37,2.64,2.25,1.6,0.72,16.66,557.0,546.0,534.0,557.0,557.0,527.0,514.0,532.37,523.15,523.15,5,C,59.46,53.39,1.62,54.33,536.4,535.71,569.32,+0.37σ,0.75,陰線→陽線 / 前日安値割れ反転,強,買い,アンチ,1,0.0,520.01,594.99,2.0,%K反転、長い下ヒゲ反転、直近下落なし（B以下に制限） / 信用需給: 信用データがデータなし、または売残0で信用倍率を算出不能,,https://finance.yahoo.co.jp/quote/6240.T,データなし,データなし,データなし,データなし,データなし,データなし,データなし,データなし,5.0,0,0,5.0,334,334,信用需給は判定不能,信用データがデータなし、または売残0で信用倍率を算出不能
2026-08-18,4593,ヘリオス,グロース,270.0,1.12,-3.23,4.65,7.26,1.04,15.39,290.0,276.0,260.0,290.0,296.0,249.0,208.0,231.09,213.92,213.92,5,C,50.94,74.54,1.25,56.72,251.72,278.56,347.3,+1.27σ,0.92,陰線→陽線 / 前日安値割れ反転,通常,買い,アンチ,1,0.0,246.92,316.17,2.0,%K反転、長い下ヒゲ反転、直近下落なし（B以下に制限） / 信用需給: 信用データがデータなし、または売残0で信用倍率を算出不能,,https://finance.yahoo.co.jp/quote/4593.T,データなし,データなし,データなし,データなし,データなし,データなし,データなし,データなし,5.0,0,0,5.0,334,334,信用需給は判定不能,信用データがデータなし、または売残0で信用倍率を算出不能
2026-08-18,4996,クミアイ化学工業,プライム,774.0,1.31,1.71,2.11,4.34,1.44,11.77,769.0,781.0,764.0,781.0,781.0,754.0,726.0,733.05,720.3,720.3,5,除外,78.79,77.54,2.82,71.18,741.8,741.88,728.18,+2.21σ,1.17,強気包み足,なし,買い,底固め,1,0.0,754.0,814.0,2.0,陽の包み足、直近下落なし（B以下に制限）、直近安値切り上げ、RSI安値切り上げ、レンジ上限突破 / 信用需給: 信用データがデータなし、または売残0で信用倍率を算出不能,急騰済み（BB +2σ大幅超過）,https://finance.yahoo.co.jp/quote/4996.T,データなし,データなし,データなし,データなし,データなし,データなし,データなし,データなし,5.0,0,0,5.0,334,334,信用需給は判定不能,信用データがデータなし、または売残0で信用倍率を算出不能
2026-08-18,9025,鴻池運輸,プライム,2918.0,-0.07,1.32,0.41,0.65,0.67,59.37,2943.0,2924.0,2884.0,2943.0,2943.0,2828.0,2788.0,2862.44,2809.32,2809.32,5,C,60.62,42.5,-0.85,55.12,2899.2,2784.0,3028.18,+0.05σ,0.57,陰線→陽線 / 長い下ヒゲ（ハンマー）,なし,買い,底固め,1,0.0,2828.0,3098.0,2.0,%D方向改善、長い下ヒゲ反転、直近下落なし（B以下に制限）、直近安値切り上げ、BB幅収縮、RSI安値切り上げ / 信用需給: 信用データがデータなし、または売残0で信用倍率を算出不能,,https://finance.yahoo.co.jp/quote/9025.T,データなし,データなし,データなし,データなし,データなし,データなし,データなし,データなし,5.0,0,0,5.0,334,334,信用需給は判定不能,信用データがデータなし、または売残0で信用倍率を算出不能
2026-08-18,2175,エス・エム・エス,プライム,2284.0,-0.09,-0.48,-0.44,-2.71,0.7,81.18,2323.0,2311.0,2254.0,2323.0,2361.0,2247.0,2075.0,2228.09,2143.93,2143.93,5,C,32.46,66.26,7.96,49.46,2347.6,2122.32,1762.66,-0.34σ,0.6,なし,なし,買い,底固め,1,0.0,2162.23,2527.55,2.0,直近2～5日まで下落、%D方向改善、直近安値切り上げ、BB幅収縮、RSI安値切り上げ / 信用需給: 信用データがデータなし、または売残0で信用倍率を算出不能,,https://finance.yahoo.co.jp/quote/2175.T,データなし,データなし,データなし,データなし,データなし,データなし,データなし,データなし,5.0,0,0,5.0,334,334,信用需給は判定不能,信用データがデータなし、または売残0で信用倍率を算出不能
2026-08-18,9418,Ｕ－ＮＥＸＴ　ＨＯＬＤＩＮＧＳ,プライム,1729.0,0.17,1.23,0.46,0.99,0.78,35.94,1737.0,1738.0,1710.0,1738.0,1738.0,1700.0,1645.0,1681.69,1648.33,1648.33,5,C,78.57,54.22,8.49,54.7,1712.0,1634.99,1782.11,+0.42σ,0.83,陰線→陽線 / 長い下ヒゲ（ハンマー） / 前日安値割れ反転,なし,買い,底固め,1,0.0,1675.09,1836.81,2.0,%D方向改善、長い下ヒゲ反転、直近下落なし（B以下に制限）、直近安値切り上げ、BB幅収縮、RSI安値切り上げ / 信用需給: 信用データがデータなし、または売残0で信用倍率を算出不能,,https://finance.yahoo.co.jp/quote/9418.T,データなし,データなし,データなし,データなし,データなし,データなし,データなし,データなし,5.0,0,0,5.0,334,334,信用需給は判定不能,信用データがデータなし、または売残0で信用倍率を算出不能
2026-08-18,2433,博報堂ＤＹホールディングス,プライム,1275.0,0.63,2.74,2.33,0.94,0.73,45.5,1306.5,1277.0,1244.0,1306.5,1306.5,1229.5,1120.0,1222.15,1173.7,1173.7,5,C,66.31,50.26,4.41,54.73,1263.14,1175.11,1145.53,+0.09σ,1.24,陰線→陽線 / 前日安値割れ反転,なし,買い,底固め,1,0.0,1206.75,1411.5,2.0,%D方向改善、長い下ヒゲ反転、直近下落なし（B以下に制限）、直近安値切り上げ、出来高減少後の増加、RSI安値切り上げ / 信用需給: 信用データがデータなし、または売残0で信用倍率を算出不能,,https://finance.yahoo.co.jp/quote/2433.T,データなし,データなし,データなし,データなし,データなし,データなし,データなし,データなし,5.0,0,0,5.0,334,334,信用需給は判定不能,信用データがデータなし、または売残0で信用倍率を算出不能
2026-08-18,8708,アイザワ証券グループ,プライム,1724.0,0.52,-0.06,1.59,3.6,0.56,37.65,1734.0,1737.0,1716.0,1737.0,1739.0,1680.0,1588.0,1644.41,1607.52,1607.52,5,C,74.58,64.12,-2.58,63.67,1664.04,1535.99,1465.66,+1.16σ,0.48,陰線→陽線,なし,買い,底固め,1,0.0,1667.53,1836.94,2.0,%K反転、直近下落なし（B以下に制限）、直近安値切り上げ、BB幅収縮、RSI安値切り上げ / 信用需給: 信用データがデータなし、または売残0で信用倍率を算出不能,,https://finance.yahoo.co.jp/quote/8708.T,データなし,データなし,データなし,データなし,データなし,データなし,データなし,データなし,5.0,0,0,5.0,334,334,信用需給は判定不能,信用データがデータなし、または売残0で信用倍率を算出不能
2026-08-18,2337,いちご,プライム,407.0,0.0,-0.49,2.01,-2.24,0.57,8.81,410.0,408.0,403.0,410.0,410.0,400.0,389.0,398.96,385.86,385.86,5,C,84.21,48.86,19.51,42.77,416.32,443.24,439.0,-0.39σ,0.6,陰線→陽線 / 長い下ヒゲ（ハンマー）,なし,買い,底固め,1,0.0,393.78,433.43,2.0,%D方向改善、長い下ヒゲ反転、直近下落なし（B以下に制限）、直近安値切り上げ、ATR低下、RSI安値切り上げ / 信用需給: 信用データがデータなし、または売残0で信用倍率を算出不能,,https://finance.yahoo.co.jp/quote/2337.T,データなし,データなし,データなし,データなし,データなし,データなし,データなし,データなし,5.0,0,0,5.0,334,334,信用需給は判定不能,信用データがデータなし、または売残0で信用倍率を算出不能
2026-08-18,6472,ＮＴＮ,プライム,391.4,1.35,0.38,1.72,2.07,1.49,13.98,392.9,410.5,389.6,410.5,410.5,384.0,354.2,375.71,366.93,366.93,5,C,35.47,62.55,-9.52,51.01,383.47,406.85,380.81,+0.79σ,1.05,なし,なし,買い,底固め,1,0.0,370.43,433.34,2.0,%K反転、直近下落なし（B以下に制限）、直近安値切り上げ、BB幅収縮、RSI安値切り上げ / 信用需給: 信用データがデータなし、または売残0で信用倍率を算出不能,,https://finance.yahoo.co.jp/quote/6472.T,データなし,データなし,データなし,データなし,データなし,データなし,データなし,データなし,5.0,0,0,5.0,334,334,信用需給は判定不能,信用データがデータなし、または売残0で信用倍率を算出不能
2026-08-18,6769,ザインエレクトロニクス,スタンダード,1154.0,1.23,5.77,8.05,11.56,0.98,54.19,1147.0,1175.0,1122.0,1175.0,1175.0,1054.0,902.0,977.57,914.69,914.69,5,除外,86.88,87.78,13.38,61.6,1034.4,1110.75,951.68,+1.81σ,0.49,長い下ヒゲ（ハンマー）,なし,買い,底固め,1,0.0,1054.0,1354.0,2.0,%D方向改善、長い下ヒゲ反転、直近下落なし（B以下に制限）、直近安値切り上げ、ATR低下、RSI安値切り上げ、レンジ上限突破 / 信用需給: 信用データがデータなし、または売残0で信用倍率を算出不能,急騰済み（25日線上方乖離）,https://finance.yahoo.co.jp/quote/6769.T,データなし,データなし,データなし,データなし,データなし,データなし,データなし,データなし,5.0,0,0,5.0,334,334,信用需給は判定不能,信用データがデータなし、または売残0で信用倍率を算出不能
2026-08-18,8729,ソニーフィナンシャルグループ,プライム,155.0,-0.39,0.78,-0.83,-0.63,0.66,3.48,158.2,156.8,154.5,158.2,158.2,152.5,149.8,153.63,151.03,151.03,5,C,37.5,40.49,3.2,52.45,155.98,147.06,151.43,-0.47σ,0.9,なし,なし,買い,底固め,1,0.0,149.78,165.45,2.0,直近2～5日まで下落、%D方向改善、直近安値切り上げ、BB幅収縮、RSI安値切り上げ / 信用需給: 信用データがデータなし、または売残0で信用倍率を算出不能,,https://finance.yahoo.co.jp/quote/8729.T,データなし,データなし,データなし,データなし,データなし,データなし,データなし,データなし,5.0,0,0,5.0,334,334,信用需給は判定不能,信用データがデータなし、または売残0で信用倍率を算出不能
2026-08-18,8061,西華産業,プライム,3070.0,0.99,-0.81,-3.61,10.23,0.83,132.66,3110.0,3165.0,3055.0,3165.0,3165.0,3005.0,2414.0,2598.17,2371.18,2371.18,5,除外,66.51,80.83,1.36,61.78,2784.96,2917.95,2663.92,+1.08σ,0.85,なし,通常,買い,アンチ,1,0.0,2871.01,3467.98,2.0,直近2～5日まで下落、%K反転 / 信用需給: 信用データがデータなし、または売残0で信用倍率を算出不能,急騰済み（25日線上方乖離）,https://finance.yahoo.co.jp/quote/8061.T,データなし,データなし,データなし,データなし,データなし,データなし,データなし,データなし,5.0,0,0,5.0,334,334,信用需給は判定不能,信用データがデータなし、または売残0で信用倍率を算出不能
2026-08-18,3569,セーレン,プライム,3530.0,0.71,-0.84,2.77,6.42,0.83,89.87,3560.0,3540.0,3465.0,3560.0,3560.0,3425.0,3145.0,3204.13,3067.01,3067.01,5,C,55.26,70.74,3.48,65.2,3317.2,3323.4,3251.55,+1.38σ,0.88,陰線→陽線 / 長い下ヒゲ（ハンマー） / 前日安値割れ反転,通常,買い,アンチ,1,0.0,3395.2,3799.6,2.0,%K反転、長い下ヒゲ反転、直近下落なし（B以下に制限） / 信用需給: 信用データがデータなし、または売残0で信用倍率を算出不能,,https://finance.yahoo.co.jp/quote/3569.T,データなし,データなし,データなし,データなし,データなし,データなし,データなし,データなし,5.0,0,0,5.0,334,334,信用需給は判定不能,信用データがデータなし、または売残0で信用倍率を算出不能
2026-08-18,4493,サイバーセキュリティクラウド,グロース,1921.0,1.0,-1.34,0.84,3.45,1.23,67.6,1925.0,1958.0,1875.0,1958.0,2013.0,1856.0,1751.0,1787.11,1720.57,1720.57,5,C,43.9,71.47,-1.8,56.29,1856.96,1767.68,1771.28,+1.01σ,1.23,陰線→陽線,なし,買い,底固め,1,0.0,1819.61,2123.79,2.0,%K反転、直近下落なし（B以下に制限）、直近安値切り上げ、BB幅収縮、RSI安値切り上げ / 信用需給: 信用データがデータなし、または売残0で信用倍率を算出不能,,https://finance.yahoo.co.jp/quote/4493.T,データなし,データなし,データなし,データなし,データなし,データなし,データなし,データなし,5.0,0,0,5.0,334,334,信用需給は判定不能,信用データがデータなし、または売残0で信用倍率を算出不能
2026-08-18,4732,ユー・エス・エス,プライム,1974.0,-1.1,-1.64,-1.55,-0.92,0.66,36.5,2026.5,1996.5,1972.5,2026.5,2026.5,1972.5,1918.5,1962.8,1931.41,1931.41,4,C,16.67,51.21,-2.11,48.98,1992.42,1884.36,1793.79,-0.64σ,0.82,なし,なし,買い,底固め,1,0.0,1919.24,2083.51,2.0,直近2～5日まで下落、直近安値切り上げ、BB幅収縮、RSI安値切り上げ / 信用需給: 信用データがデータなし、または売残0で信用倍率を算出不能,,https://finance.yahoo.co.jp/quote/4732.T,データなし,データなし,データなし,データなし,データなし,データなし,データなし,データなし,4.0,0,0,4.0,349,349,信用需給は判定不能,信用データがデータなし、または売残0で信用倍率を算出不能
2026-08-18,9147,ＮＩＰＰＯＮ　ＥＸＰＲＥＳＳホールディングス,プライム,5636.0,0.39,0.79,1.09,3.94,0.33,154.91,5651.0,5654.0,5603.0,5654.0,5702.0,5455.0,5037.0,5229.51,5038.31,5038.31,4,C,77.21,57.22,19.05,60.71,5422.24,5123.83,4119.31,+1.13σ,0.54,なし,通常,買い,アンチ,1,0.0,5403.63,6100.74,2.0,%K反転、%D方向改善、直近下落なし（B以下に制限） / 信用需給: 信用データがデータなし、または売残0で信用倍率を算出不能,,https://finance.yahoo.co.jp/quote/9147.T,データなし,データなし,データなし,データなし,データなし,データなし,データなし,データなし,4.0,0,0,4.0,349,349,信用需給は判定不能,信用データがデータなし、または売残0で信用倍率を算出不能
2026-08-18,6088,シグマクシス・ホールディングス,プライム,548.0,1.48,0.92,3.79,-3.1,0.75,18.7,553.0,553.0,539.0,553.0,557.0,529.0,501.0,531.98,501.15,501.15,4,C,80.43,41.64,8.15,47.34,565.56,562.84,681.14,-0.48σ,0.67,陰線→陽線 / はらみ足,通常,買い,アンチ,1,0.0,519.96,604.09,2.0,%K反転、%D方向改善、直近下落なし（B以下に制限） / 信用需給: 信用データがデータなし、または売残0で信用倍率を算出不能,,https://finance.yahoo.co.jp/quote/6088.T,データなし,データなし,データなし,データなし,データなし,データなし,データなし,データなし,4.0,0,0,4.0,349,349,信用需給は判定不能,信用データがデータなし、または売残0で信用倍率を算出不能
2026-08-18,9006,京浜急行電鉄,プライム,1534.5,1.22,0.72,2.03,-1.28,0.76,28.95,1525.5,1538.0,1516.0,1538.0,1538.0,1503.5,1478.5,1506.2,1462.47,1462.47,4,C,91.76,42.82,14.72,49.85,1554.32,1522.15,1525.65,-0.35σ,0.66,陰線→陽線,通常,買い,アンチ,1,0.0,1491.08,1621.35,2.0,%K反転、%D方向改善、直近下落なし（B以下に制限） / 信用需給: 信用データがデータなし、または売残0で信用倍率を算出不能,,https://finance.yahoo.co.jp/quote/9006.T,データなし,データなし,データなし,データなし,データなし,データなし,データなし,データなし,4.0,0,0,4.0,349,349,信用需給は判定不能,信用データがデータなし、または売残0で信用倍率を算出不能
2026-08-18,4385,メルカリ,プライム,4473.0,-2.97,-5.63,-7.62,-2.33,0.62,216.9,4893.0,4607.0,4473.0,4893.0,4933.0,4473.0,4163.0,4327.45,4103.26,4103.26,4,C,0.0,53.21,-2.18,48.01,4579.8,4218.23,3579.97,-0.35σ,0.77,なし,なし,買い,底固め,1,0.0,4147.66,5123.69,2.0,直近2～5日まで下落、直近安値切り上げ、BB幅収縮、RSI安値切り上げ / 信用需給: 信用データがデータなし、または売残0で信用倍率を算出不能,,https://finance.yahoo.co.jp/quote/4385.T,データなし,データなし,データなし,データなし,データなし,データなし,データなし,データなし,4.0,0,0,4.0,349,349,信用需給は判定不能,信用データがデータなし、または売残0で信用倍率を算出不能
2026-08-18,4666,パーク２４,プライム,1998.0,0.1,0.13,0.81,0.47,0.43,43.83,2011.5,2012.0,1993.0,2012.0,2022.0,1977.0,1931.0,1955.73,1924.34,1924.34,4,C,70.55,49.23,11.54,52.08,1988.62,1929.9,1970.23,+0.35σ,0.73,なし,通常,買い,アンチ,1,0.0,1932.26,2129.48,2.0,%K反転、%D方向改善、直近下落なし（B以下に制限） / 信用需給: 信用データがデータなし、または売残0で信用倍率を算出不能,,https://finance.yahoo.co.jp/quote/4666.T,データなし,データなし,データなし,データなし,データなし,データなし,データなし,データなし,4.0,0,0,4.0,349,349,信用需給は判定不能,信用データがデータなし、または売残0で信用倍率を算出不能
2026-08-18,4544,Ｈ．Ｕ．グループホールディングス,プライム,3579.0,1.04,-0.42,1.22,3.98,0.62,99.4,3620.0,3595.0,3533.0,3620.0,3651.0,3441.0,3273.0,3350.46,3239.67,3239.67,4,C,60.23,55.49,6.85,58.19,3442.0,3309.08,3346.47,+1.06σ,0.65,陰線→陽線 / はらみ足,通常,買い,アンチ,1,0.0,3429.89,3877.21,2.0,%K反転、%D方向改善、直近下落なし（B以下に制限） / 信用需給: 信用データがデータなし、または売残0で信用倍率を算出不能,,https://finance.yahoo.co.jp/quote/4544.T,データなし,データなし,データなし,データなし,データなし,データなし,データなし,データなし,4.0,0,0,4.0,349,349,信用需給は判定不能,信用データがデータなし、または売残0で信用倍率を算出不能
2026-08-18,4617,中国塗料,プライム,3590.0,-1.91,-2.31,-2.18,-1.42,0.91,121.24,3735.0,3690.0,3580.0,3735.0,3735.0,3580.0,3290.0,3572.58,3497.4,3497.4,4,C,5.56,62.45,-2.42,48.42,3641.8,3426.44,3864.82,-0.77σ,0.7,なし,なし,買い,底固め,1,0.0,3408.14,3953.72,2.0,直近2～5日まで下落、直近安値切り上げ、BB幅収縮、RSI安値切り上げ / 信用需給: 信用データがデータなし、または売残0で信用倍率を算出不能,,https://finance.yahoo.co.jp/quote/4617.T,データなし,データなし,データなし,データなし,データなし,データなし,データなし,データなし,4.0,0,0,4.0,349,349,信用需給は判定不能,信用データがデータなし、または売残0で信用倍率を算出不能
2026-08-18,4290,プレステージ・インターナショナル,プライム,725.0,0.69,1.12,3.13,4.93,0.78,12.87,725.0,728.0,718.0,728.0,728.0,701.0,649.0,672.15,648.55,648.55,4,C,92.11,59.38,6.48,67.89,690.96,665.93,679.9,+1.24σ,0.67,なし,通常,買い,アンチ,1,0.0,701.0,773.0,2.0,%K反転、%D方向改善、直近下落なし（B以下に制限） / 信用需給: 信用データがデータなし、または売残0で信用倍率を算出不能,,https://finance.yahoo.co.jp/quote/4290.T,データなし,データなし,データなし,データなし,データなし,データなし,データなし,データなし,4.0,0,0,4.0,349,349,信用需給は判定不能,信用データがデータなし、または売残0で信用倍率を算出不能
2026-08-18,4208,ＵＢＥ,プライム,3669.0,0.44,1.72,3.24,10.36,0.51,88.09,3665.0,3681.0,3636.0,3681.0,3693.0,3546.0,3089.0,3159.92,2968.48,2968.48,4,除外,89.72,80.67,20.41,74.24,3324.44,3052.93,2735.13,+1.66σ,0.75,なし,通常,買い,アンチ,1,0.0,3536.86,3933.27,2.0,%K反転、%D方向改善、直近下落なし（B以下に制限） / 信用需給: 信用データがデータなし、または売残0で信用倍率を算出不能,急騰済み（25日線上方乖離、高RSI）,https://finance.yahoo.co.jp/quote/4208.T,データなし,データなし,データなし,データなし,データなし,データなし,データなし,データなし,4.0,0,0,4.0,349,349,信用需給は判定不能,信用データがデータなし、または売残0で信用倍率を算出不能
2026-08-18,3046,ジンズホールディングス,プライム,6260.0,-2.8,-3.84,-3.1,-3.77,0.59,290.2,6660.0,6420.0,6250.0,6660.0,6660.0,6250.0,6170.0,6398.69,6225.38,6225.38,4,C,18.37,44.59,7.26,40.62,6505.2,7429.87,6403.58,-1.80σ,0.86,なし,なし,買い,底固め,1,0.0,5824.7,7130.61,2.0,直近2～5日まで下落、直近安値切り上げ、ATR低下、BB幅収縮、RSI安値切り上げ / 信用需給: 信用データがデータなし、または売残0で信用倍率を算出不能,,https://finance.yahoo.co.jp/quote/3046.T,データなし,データなし,データなし,データなし,データなし,データなし,データなし,データなし,4.0,0,0,4.0,349,349,信用需給は判定不能,信用データがデータなし、または売残0で信用倍率を算出不能
2026-08-18,3050,ＤＣＭホールディングス,プライム,1582.0,1.28,1.41,1.48,3.24,0.79,29.05,1582.0,1587.0,1564.0,1587.0,1587.0,1548.0,1480.0,1510.96,1478.38,1478.38,4,C,92.19,57.41,9.42,60.62,1532.28,1503.17,1558.88,+1.18σ,1.03,陰線→陽線,通常,買い,アンチ,1,0.0,1538.43,1669.14,2.0,%K反転、%D方向改善、直近下落なし（B以下に制限） / 信用需給: 信用データがデータなし、または売残0で信用倍率を算出不能,,https://finance.yahoo.co.jp/quote/3050.T,データなし,データなし,データなし,データなし,データなし,データなし,データなし,データなし,4.0,0,0,4.0,349,349,信用需給は判定不能,信用データがデータなし、または売残0で信用倍率を算出不能
2026-08-18,8242,エイチ・ツー・オー　リテイリング,プライム,2869.0,1.11,0.65,1.74,1.1,0.88,77.58,2867.5,2890.0,2821.5,2890.0,2890.0,2801.5,2681.5,2789.95,2740.01,2740.01,4,C,82.05,41.67,2.91,55.73,2837.7,2674.05,2403.61,+0.58σ,0.68,陰線→陽線,通常,買い,アンチ,1,0.0,2752.62,3101.75,2.0,%K反転、%D方向改善、直近下落なし（B以下に制限） / 信用需給: 信用データがデータなし、または売残0で信用倍率を算出不能,,https://finance.yahoo.co.jp/quote/8242.T,データなし,データなし,データなし,データなし,データなし,データなし,データなし,データなし,4.0,0,0,4.0,349,349,信用需給は判定不能,信用データがデータなし、または売残0で信用倍率を算出不能
2026-08-18,8439,東京センチュリー,プライム,2540.0,0.81,-0.94,1.91,-2.07,0.51,57.15,2562.5,2557.5,2528.5,2562.5,2582.5,2484.0,2435.0,2503.76,2419.43,2419.43,4,C,65.16,43.31,13.54,48.6,2593.74,2463.38,2210.84,-0.57σ,0.71,陰線→陽線 / はらみ足,通常,買い,アンチ,1,0.0,2454.28,2711.45,2.0,%K反転、%D方向改善、直近下落なし（B以下に制限） / 信用需給: 信用データがデータなし、または売残0で信用倍率を算出不能,,https://finance.yahoo.co.jp/quote/8439.T,データなし,データなし,データなし,データなし,データなし,データなし,データなし,データなし,4.0,0,0,4.0,349,349,信用需給は判定不能,信用データがデータなし、または売残0で信用倍率を算出不能
2026-08-18,8346,東邦銀行,プライム,1009.0,0.7,2.02,8.73,11.7,0.67,31.2,1015.0,1026.0,1005.0,1026.0,1026.0,926.0,821.0,870.44,820.57,820.57,4,除外,83.33,82.4,17.54,71.22,903.28,804.95,673.22,+1.78σ,0.77,陰線→陽線,通常,買い,アンチ,1,0.0,926.0,1175.0,2.0,%K反転、%D方向改善、直近下落なし（B以下に制限） / 信用需給: 信用データがデータなし、または売残0で信用倍率を算出不能,急騰済み（25日線上方乖離）,https://finance.yahoo.co.jp/quote/8346.T,データなし,データなし,データなし,データなし,データなし,データなし,データなし,データなし,4.0,0,0,4.0,349,349,信用需給は判定不能,信用データがデータなし、または売残0で信用倍率を算出不能
2026-08-18,8368,百五銀行,プライム,2341.0,1.56,2.77,13.64,11.54,0.57,89.73,2344.0,2382.0,2331.0,2382.0,2382.0,2078.0,1835.0,1988.09,1865.19,1865.19,4,除外,87.27,79.97,11.84,66.1,2098.72,1993.95,1585.04,+1.87σ,0.92,陰線→陽線,通常,買い,アンチ,1,0.0,2078.0,2867.0,2.0,%K反転、%D方向改善、直近下落なし（B以下に制限） / 信用需給: 信用データがデータなし、または売残0で信用倍率を算出不能,急騰済み（25日線上方乖離）,https://finance.yahoo.co.jp/quote/8368.T,データなし,データなし,データなし,データなし,データなし,データなし,データなし,データなし,4.0,0,0,4.0,349,349,信用需給は判定不能,信用データがデータなし、または売残0で信用倍率を算出不能
2026-08-18,8370,紀陽銀行,プライム,5080.0,0.4,1.2,7.4,5.6,0.57,141.31,5120.0,5160.0,5080.0,5160.0,5160.0,4765.0,4510.0,4711.05,4571.59,4571.59,4,C,82.02,72.09,16.98,64.21,4810.8,4540.8,3949.02,+1.65σ,0.43,なし,通常,買い,アンチ,1,0.0,4765.0,5710.0,2.0,%K反転、%D方向改善、直近下落なし（B以下に制限） / 信用需給: 信用データがデータなし、または売残0で信用倍率を算出不能,,https://finance.yahoo.co.jp/quote/8370.T,データなし,データなし,データなし,データなし,データなし,データなし,データなし,データなし,4.0,0,0,4.0,349,349,信用需給は判定不能,信用データがデータなし、または売残0で信用倍率を算出不能
2026-08-18,8387,四国銀行,プライム,3545.0,0.42,0.28,6.78,4.97,0.73,136.14,3605.0,3645.0,3545.0,3645.0,3645.0,3345.0,3105.0,3310.32,3197.88,3197.88,4,C,62.5,58.11,9.76,59.73,3377.2,3008.43,2383.49,+1.09σ,0.9,なし,通常,買い,アンチ,1,0.0,3340.79,3953.42,2.0,%K反転、%D方向改善、直近下落なし（B以下に制限） / 信用需給: 信用データがデータなし、または売残0で信用倍率を算出不能,,https://finance.yahoo.co.jp/quote/8387.T,データなし,データなし,データなし,データなし,データなし,データなし,データなし,データなし,4.0,0,0,4.0,349,349,信用需給は判定不能,信用データがデータなし、または売残0で信用倍率を算出不能
2026-08-18,8418,山口フィナンシャルグループ,プライム,3222.0,1.23,0.78,7.47,5.31,0.69,91.77,3261.0,3262.0,3199.0,3262.0,3279.0,3015.0,2850.5,2982.07,2893.13,2893.13,4,C,81.19,72.66,16.08,62.92,3059.58,2914.79,2533.42,+1.70σ,0.59,なし,通常,買い,アンチ,1,0.0,3015.0,3636.0,2.0,%K反転、%D方向改善、直近下落なし（B以下に制限） / 信用需給: 信用データがデータなし、または売残0で信用倍率を算出不能,,https://finance.yahoo.co.jp/quote/8418.T,データなし,データなし,データなし,データなし,データなし,データなし,データなし,データなし,4.0,0,0,4.0,349,349,信用需給は判定不能,信用データがデータなし、または売残0で信用倍率を算出不能
2026-08-18,2784,アルフレッサ　ホールディングス,プライム,2289.0,1.73,2.6,4.16,0.11,0.92,45.8,2263.5,2294.5,2252.5,2294.5,2294.5,2200.0,2131.5,2208.2,2125.33,2125.33,4,C,95.49,47.31,20.53,53.97,2286.5,2248.33,2367.33,-0.03σ,1.14,陰線→陽線,通常,買い,アンチ,1,0.0,2200.0,2467.0,2.0,%K反転、%D方向改善、直近下落なし（B以下に制限） / 信用需給: 信用データがデータなし、または売残0で信用倍率を算出不能,,https://finance.yahoo.co.jp/quote/2784.T,データなし,データなし,データなし,データなし,データなし,データなし,データなし,データなし,4.0,0,0,4.0,349,349,信用需給は判定不能,信用データがデータなし、または売残0で信用倍率を算出不能
2026-08-18,2780,コメ兵ホールディングス,スタンダード,5500.0,3.38,-2.31,3.0,5.21,1.43,230.08,5410.0,5590.0,5260.0,5590.0,5590.0,5030.0,4800.0,5006.89,4820.28,4820.28,4,C,70.15,71.6,7.58,58.36,5227.6,5220.13,4285.57,+1.64σ,1.73,なし,通常,買い,アンチ,1,0.0,5030.0,6440.0,2.0,%K反転、%D方向改善、直近下落なし（B以下に制限） / 信用需給: 信用データがデータなし、または売残0で信用倍率を算出不能,,https://finance.yahoo.co.jp/quote/2780.T,データなし,データなし,データなし,データなし,データなし,データなし,データなし,データなし,4.0,0,0,4.0,349,349,信用需給は判定不能,信用データがデータなし、または売残0で信用倍率を算出不能
2026-08-18,2752,フジオフードグループ本社,プライム,1120.0,1.17,0.45,1.36,1.32,0.85,21.17,1120.0,1127.0,1109.0,1127.0,1127.0,1072.0,1072.0,1082.97,1058.14,1058.14,4,C,87.27,42.3,7.8,53.04,1105.44,1120.92,1113.05,+0.49σ,0.54,陰線→陽線,通常,買い,アンチ,1,0.0,1072.0,1216.0,2.0,%K反転、%D方向改善、直近下落なし（B以下に制限） / 信用需給: 信用データがデータなし、または売残0で信用倍率を算出不能,,https://finance.yahoo.co.jp/quote/2752.T,データなし,データなし,データなし,データなし,データなし,データなし,データなし,データなし,4.0,0,0,4.0,349,349,信用需給は判定不能,信用データがデータなし、または売残0で信用倍率を算出不能
2026-08-18,5938,ＬＩＸＩＬ,プライム,1715.0,-1.78,-3.79,-5.67,-5.73,0.78,36.99,1764.5,1744.0,1715.0,1764.5,1781.5,1715.0,1689.0,1741.54,1677.35,1677.35,4,C,0.0,40.31,-4.14,38.2,1819.16,1754.6,1773.09,-1.41σ,1.25,なし,なし,買い,底固め,1,0.0,1659.51,1825.97,2.0,直近2～5日まで下落、直近安値切り上げ、出来高減少後の増加、RSI安値切り上げ / 信用需給: 信用データがデータなし、または売残0で信用倍率を算出不能,,https://finance.yahoo.co.jp/quote/5938.T,データなし,データなし,データなし,データなし,データなし,データなし,データなし,データなし,4.0,0,0,4.0,349,349,信用需給は判定不能,信用データがデータなし、または売残0で信用倍率を算出不能
2026-08-18,8714,池田泉州ホールディングス,プライム,1113.0,0.91,1.27,9.76,7.68,0.51,37.28,1113.0,1124.0,1105.0,1124.0,1131.0,1024.0,928.0,985.17,935.09,935.09,4,C,85.83,72.04,20.3,64.41,1033.64,994.12,885.91,+1.55σ,0.71,陰線→陽線,通常,買い,アンチ,1,0.0,1024.0,1291.0,2.0,%K反転、%D方向改善、直近下落なし（B以下に制限） / 信用需給: 信用データがデータなし、または売残0で信用倍率を算出不能,,https://finance.yahoo.co.jp/quote/8714.T,データなし,データなし,データなし,データなし,データなし,データなし,データなし,データなし,4.0,0,0,4.0,349,349,信用需給は判定不能,信用データがデータなし、または売残0で信用倍率を算出不能
2026-08-18,7971,東リ,スタンダード,697.0,0.72,2.5,2.2,4.44,0.72,15.26,700.0,699.0,688.0,700.0,700.0,676.0,638.0,656.19,641.23,641.23,4,C,91.89,67.61,10.23,61.68,667.4,642.68,685.7,+1.73σ,0.56,陰線→陽線 / はらみ足,通常,買い,アンチ,1,0.0,674.11,742.79,2.0,%K反転、%D方向改善、直近下落なし（B以下に制限） / 信用需給: 信用データがデータなし、または売残0で信用倍率を算出不能,,https://finance.yahoo.co.jp/quote/7971.T,データなし,データなし,データなし,データなし,データなし,データなし,データなし,データなし,4.0,0,0,4.0,349,349,信用需給は判定不能,信用データがデータなし、または売残0で信用倍率を算出不能
2026-08-18,3201,日本毛織,プライム,1959.0,-0.71,-2.05,-1.11,2.25,0.55,39.83,2003.0,1981.0,1959.0,2003.0,2003.0,1959.0,1839.0,1883.48,1837.32,1837.32,4,C,0.0,70.39,-4.98,60.43,1915.8,1818.53,1820.45,+0.64σ,0.57,なし,なし,買い,底固め,1,0.0,1899.25,2078.49,2.0,直近2～5日まで下落、直近安値切り上げ、BB幅収縮、RSI安値切り上げ / 信用需給: 信用データがデータなし、または売残0で信用倍率を算出不能,,https://finance.yahoo.co.jp/quote/3201.T,データなし,データなし,データなし,データなし,データなし,データなし,データなし,データなし,4.0,0,0,4.0,349,349,信用需給は判定不能,信用データがデータなし、または売残0で信用倍率を算出不能
2026-08-18,7241,フタバ産業,プライム,1108.0,1.0,3.84,5.22,7.61,0.85,20.05,1108.0,1114.0,1097.0,1114.0,1114.0,1041.0,988.0,1013.2,984.3,984.3,4,除外,92.41,77.93,3.83,75.88,1029.6,996.19,1016.22,+2.28σ,0.76,陰線→陽線,通常,買い,アンチ,1,0.0,1041.0,1242.0,2.0,%K反転、%D方向改善、直近下落なし（B以下に制限） / 信用需給: 信用データがデータなし、または売残0で信用倍率を算出不能,急騰済み（高RSI、BB +2σ大幅超過）,https://finance.yahoo.co.jp/quote/7241.T,データなし,データなし,データなし,データなし,データなし,データなし,データなし,データなし,4.0,0,0,4.0,349,349,信用需給は判定不能,信用データがデータなし、または売残0で信用倍率を算出不能
2026-08-18,7259,アイシン,プライム,2258.0,0.76,1.07,0.76,-1.14,0.38,64.37,2276.5,2272.5,2248.0,2276.5,2276.5,2200.0,2138.0,2190.16,2091.22,2091.22,4,C,66.67,42.59,9.89,48.3,2284.1,2311.99,2536.8,-0.31σ,0.65,陰線→陽線 / はらみ足,通常,買い,アンチ,1,0.0,2161.44,2451.11,2.0,%K反転、%D方向改善、直近下落なし（B以下に制限） / 信用需給: 信用データがデータなし、または売残0で信用倍率を算出不能,,https://finance.yahoo.co.jp/quote/7259.T,データなし,データなし,データなし,データなし,データなし,データなし,データなし,データなし,4.0,0,0,4.0,349,349,信用需給は判定不能,信用データがデータなし、または売残0で信用倍率を算出不能
2026-08-18,4005,住友化学,プライム,532.4,0.83,0.64,2.44,1.31,0.79,16.09,537.6,541.3,528.6,541.3,541.3,518.4,471.4,505.61,487.75,487.75,4,C,79.06,66.16,18.66,52.89,525.5,545.99,511.12,+0.50σ,0.71,なし,通常,買い,アンチ,1,0.0,508.26,580.67,2.0,%K反転、%D方向改善、直近下落なし（B以下に制限） / 信用需給: 信用データがデータなし、または売残0で信用倍率を算出不能,,https://finance.yahoo.co.jp/quote/4005.T,データなし,データなし,データなし,データなし,データなし,データなし,データなし,データなし,4.0,0,0,4.0,349,349,信用需給は判定不能,信用データがデータなし、または売残0で信用倍率を算出不能
2026-08-18,7283,愛三工業,プライム,2320.0,0.65,2.16,2.29,0.3,0.45,71.72,2343.0,2344.0,2312.0,2344.0,2344.0,2236.0,2216.0,2254.98,2209.01,2209.01,4,C,81.25,36.49,10.84,56.71,2313.0,2024.29,2076.54,+0.41σ,0.5,なし,通常,買い,アンチ,1,0.0,2212.43,2535.15,2.0,%K反転、%D方向改善、直近下落なし（B以下に制限） / 信用需給: 信用データがデータなし、または売残0で信用倍率を算出不能,,https://finance.yahoo.co.jp/quote/7283.T,データなし,データなし,データなし,データなし,データなし,データなし,データなし,データなし,4.0,0,0,4.0,349,349,信用需給は判定不能,信用データがデータなし、または売残0で信用倍率を算出不能
2026-08-18,4042,東ソー,プライム,2704.0,-1.06,-1.87,-1.33,-1.33,0.5,66.25,2759.5,2737.0,2704.0,2759.5,2790.0,2704.0,2548.0,2686.08,2632.53,2632.53,4,C,9.47,60.98,7.26,44.47,2740.5,2752.44,2538.15,-0.67σ,0.46,なし,なし,買い,底固め,1,0.0,2604.62,2902.76,2.0,直近2～5日まで下落、直近安値切り上げ、BB幅収縮、RSI安値切り上げ / 信用需給: 信用データがデータなし、または売残0で信用倍率を算出不能,,https://finance.yahoo.co.jp/quote/4042.T,データなし,データなし,データなし,データなし,データなし,データなし,データなし,データなし,4.0,0,0,4.0,349,349,信用需給は判定不能,信用データがデータなし、または売残0で信用倍率を算出不能
2026-08-18,7180,九州フィナンシャルグループ,プライム,1564.0,1.49,1.07,6.14,1.96,0.55,49.93,1581.5,1580.5,1553.0,1581.5,1586.5,1479.5,1429.5,1489.59,1445.33,1445.33,4,C,84.54,60.2,17.29,57.88,1533.98,1456.14,1241.1,+0.68σ,0.9,陰線→陽線 / はらみ足,通常,買い,アンチ,1,0.0,1479.5,1733.0,2.0,%K反転、%D方向改善、直近下落なし（B以下に制限） / 信用需給: 信用データがデータなし、または売残0で信用倍率を算出不能,,https://finance.yahoo.co.jp/quote/7180.T,データなし,データなし,データなし,データなし,データなし,データなし,データなし,データなし,4.0,0,0,4.0,349,349,信用需給は判定不能,信用データがデータなし、または売残0で信用倍率を算出不能
2026-08-18,7167,めぶきフィナンシャルグループ,プライム,1691.5,1.23,3.33,9.13,9.56,0.54,48.51,1692.0,1711.0,1685.0,1711.0,1711.0,1572.0,1430.0,1485.33,1416.84,1416.84,4,C,88.5,79.67,16.85,68.16,1543.9,1444.12,1254.65,+2.01σ,1.05,なし,通常,買い,アンチ,1,0.0,1572.0,1930.5,2.0,%K反転、%D方向改善、直近下落なし（B以下に制限） / 信用需給: 信用データがデータなし、または売残0で信用倍率を算出不能,,https://finance.yahoo.co.jp/quote/7167.T,データなし,データなし,データなし,データなし,データなし,データなし,データなし,データなし,4.0,0,0,4.0,349,349,信用需給は判定不能,信用データがデータなし、または売残0で信用倍率を算出不能
2026-08-18,7751,キヤノン,プライム,4500.0,-1.34,-1.64,-2.77,-0.33,0.55,97.66,4645.0,4529.0,4475.0,4645.0,4671.0,4475.0,4364.0,4461.6,4378.49,4378.49,4,C,12.76,53.98,8.16,50.27,4515.04,4330.61,4478.2,-0.54σ,0.63,なし,なし,買い,底固め,1,0.0,4353.52,4792.97,2.0,直近2～5日まで下落、直近安値切り上げ、BB幅収縮、RSI安値切り上げ / 信用需給: 信用データがデータなし、または売残0で信用倍率を算出不能,,https://finance.yahoo.co.jp/quote/7751.T,データなし,データなし,データなし,データなし,データなし,データなし,データなし,データなし,4.0,0,0,4.0,349,349,信用需給は判定不能,信用データがデータなし、または売残0で信用倍率を算出不能
2026-08-18,3544,サツドラホールディングス,スタンダード,1246.0,-0.16,-0.16,-0.4,-0.05,0.25,7.96,1250.0,1248.0,1246.0,1250.0,1252.0,1246.0,1245.0,1246.63,1241.65,1241.65,4,C,0.0,33.77,6.95,65.01,1246.64,1051.81,918.68,-1.13σ,0.07,なし,なし,買い,底固め,1,0.0,1234.07,1269.87,2.0,直近2～5日まで下落、直近安値切り上げ、ATR低下、BB幅収縮 / 信用需給: 信用データがデータなし、または売残0で信用倍率を算出不能,,https://finance.yahoo.co.jp/quote/3544.T,データなし,データなし,データなし,データなし,データなし,データなし,データなし,データなし,4.0,0,0,4.0,349,349,信用需給は判定不能,信用データがデータなし、または売残0で信用倍率を算出不能
2026-08-18,3676,デジタルハーツホールディングス,プライム,1059.0,0.09,0.09,0.57,28.51,0.08,24.78,1059.0,1060.0,1058.0,1060.0,1060.0,1056.0,715.0,705.39,563.48,563.48,4,除外,99.36,83.02,8.77,90.64,824.08,770.44,860.99,+1.49σ,2.15,なし,通常,買い,アンチ,1,0.0,1021.83,1133.34,2.0,%K反転、%D方向改善、直近下落なし（B以下に制限） / 信用需給: 信用データがデータなし、または売残0で信用倍率を算出不能,急騰済み（25日線上方乖離、高RSI）,https://finance.yahoo.co.jp/quote/3676.T,データなし,データなし,データなし,データなし,データなし,データなし,データなし,データなし,4.0,0,0,4.0,349,349,信用需給は判定不能,信用データがデータなし、または売残0で信用倍率を算出不能
2026-08-18,7381,ＣＣＩグループ,プライム,1302.0,2.52,3.58,7.96,12.02,0.99,43.49,1288.0,1314.0,1271.0,1314.0,1314.0,1206.0,1040.0,1119.47,1058.54,1058.54,4,除外,91.11,85.54,12.63,72.74,1162.28,1062.36,935.49,+2.00σ,0.84,なし,強,買い,アンチ,1,0.0,1206.0,1494.0,2.0,%K反転、%D方向改善、直近下落なし（B以下に制限） / 信用需給: 信用データがデータなし、または売残0で信用倍率を算出不能,急騰済み（25日線上方乖離、高RSI）,https://finance.yahoo.co.jp/quote/7381.T,データなし,データなし,データなし,データなし,データなし,データなし,データなし,データなし,4.0,0,0,4.0,349,349,信用需給は判定不能,信用データがデータなし、または売残0で信用倍率を算出不能
2026-08-18,7649,スギホールディングス,プライム,2709.0,-0.97,-4.11,-3.35,-5.23,0.46,84.19,2858.5,2730.5,2692.0,2858.5,2858.5,2692.0,2681.5,2752.66,2668.2,2668.2,4,C,10.21,43.78,4.09,36.83,2858.6,2964.69,3343.16,-1.52σ,1.62,なし,なし,買い,底固め,1,0.0,2582.71,2961.58,2.0,直近2～5日まで下落、直近安値切り上げ、BB幅収縮、RSI安値切り上げ / 信用需給: 信用データがデータなし、または売残0で信用倍率を算出不能,,https://finance.yahoo.co.jp/quote/7649.T,データなし,データなし,データなし,データなし,データなし,データなし,データなし,データなし,4.0,0,0,4.0,349,349,信用需給は判定不能,信用データがデータなし、または売残0で信用倍率を算出不能
2026-08-18,3791,ＩＧポート,スタンダード,1088.0,-0.91,-3.03,-3.72,-0.49,0.48,39.57,1116.0,1103.0,1084.0,1116.0,1134.0,1084.0,930.0,1006.61,949.23,949.23,4,C,14.55,72.95,-15.76,43.01,1093.36,1248.21,1300.59,+0.42σ,0.34,なし,なし,買い,底固め,1,0.0,1028.64,1206.72,2.0,直近2～5日まで下落、直近安値切り上げ、ATR低下、BB幅収縮 / 信用需給: 信用データがデータなし、または売残0で信用倍率を算出不能,,https://finance.yahoo.co.jp/quote/3791.T,データなし,データなし,データなし,データなし,データなし,データなし,データなし,データなし,4.0,0,0,4.0,349,349,信用需給は判定不能,信用データがデータなし、または売残0で信用倍率を算出不能
2026-08-18,7752,リコー,プライム,1596.0,-2.42,-3.33,-2.68,1.0,0.81,45.08,1678.5,1621.0,1584.5,1678.5,1684.0,1584.5,1500.0,1550.77,1504.81,1504.81,4,C,18.89,61.22,4.92,52.86,1580.16,1486.68,1423.01,-0.02σ,0.82,なし,なし,買い,底固め,1,0.0,1528.37,1731.25,2.0,直近2～5日まで下落、直近安値切り上げ、BB幅収縮、RSI安値切り上げ / 信用需給: 信用データがデータなし、または売残0で信用倍率を算出不能,,https://finance.yahoo.co.jp/quote/7752.T,データなし,データなし,データなし,データなし,データなし,データなし,データなし,データなし,4.0,0,0,4.0,349,349,信用需給は判定不能,信用データがデータなし、または売残0で信用倍率を算出不能
2026-08-18,1976,明星工業,プライム,1855.0,1.42,0.92,3.57,-1.71,0.58,58.95,1909.0,1861.0,1827.0,1909.0,1909.0,1778.0,1778.0,1821.34,1746.77,1746.77,4,C,58.78,33.44,1.75,48.86,1887.2,1817.08,1780.9,-0.55σ,1.16,陰線→陽線 / はらみ足,通常,買い,アンチ,1,0.0,1766.58,2031.84,2.0,%K反転、%D方向改善、直近下落なし（B以下に制限） / 信用需給: 信用データがデータなし、または売残0で信用倍率を算出不能,,https://finance.yahoo.co.jp/quote/1976.T,データなし,データなし,データなし,データなし,データなし,データなし,データなし,データなし,4.0,0,0,4.0,349,349,信用需給は判定不能,信用データがデータなし、または売残0で信用倍率を算出不能
2026-08-18,9934,因幡電機産業,プライム,3049.0,0.36,0.03,0.49,6.01,0.64,60.84,3084.0,3079.0,3040.0,3084.0,3084.0,2998.0,2741.5,2799.92,2690.38,2690.38,4,除外,68.8,79.08,4.18,77.24,2876.04,2768.93,2643.92,+1.27σ,0.72,はらみ足,通常,買い,アンチ,1,0.0,2957.74,3231.52,2.0,%K反転、%D方向改善、直近下落なし（B以下に制限） / 信用需給: 信用データがデータなし、または売残0で信用倍率を算出不能,急騰済み（高RSI）,https://finance.yahoo.co.jp/quote/9934.T,データなし,データなし,データなし,データなし,データなし,データなし,データなし,データなし,4.0,0,0,4.0,349,349,信用需給は判定不能,信用データがデータなし、または売残0で信用倍率を算出不能
2026-08-18,1822,大豊建設,スタンダード,807.0,-0.12,1.13,2.41,2.42,0.75,13.35,816.0,810.0,800.0,816.0,816.0,785.0,765.0,775.27,762.99,762.99,3,C,78.57,58.86,10.46,61.99,787.92,762.73,782.6,+1.58σ,0.82,陰線→陽線,なし,買い,底固め,1,0.0,785.0,851.0,2.0,%D方向改善、直近下落なし（B以下に制限）、直近安値切り上げ、BB幅収縮、RSI安値切り上げ / 信用需給: 信用データがデータなし、または売残0で信用倍率を算出不能,,https://finance.yahoo.co.jp/quote/1822.T,データなし,データなし,データなし,データなし,データなし,データなし,データなし,データなし,3.0,0,0,3.0,391,391,信用需給は判定不能,信用データがデータなし、または売残0で信用倍率を算出不能
2026-08-18,1860,戸田建設,プライム,1495.0,-0.43,0.44,2.33,-0.49,0.65,32.89,1512.0,1516.5,1495.0,1516.5,1516.5,1457.0,1455.5,1478.68,1456.78,1456.78,3,C,43.89,30.63,7.93,45.52,1502.3,1525.25,1414.64,-0.25σ,0.98,なし,なし,買い,底固め,1,0.0,1445.66,1593.68,2.0,%D方向改善、直近下落なし（B以下に制限）、直近安値切り上げ、BB幅収縮、RSI安値切り上げ / 信用需給: 信用データがデータなし、または売残0で信用倍率を算出不能,,https://finance.yahoo.co.jp/quote/1860.T,データなし,データなし,データなし,データなし,データなし,データなし,データなし,データなし,3.0,0,0,3.0,391,391,信用需給は判定不能,信用データがデータなし、または売残0で信用倍率を算出不能
2026-08-18,1879,新日本建設,プライム,2334.0,0.86,2.59,3.83,8.16,0.64,48.51,2326.0,2358.0,2327.0,2358.0,2358.0,2210.0,2044.0,2091.56,2001.36,2001.36,3,除外,83.78,84.41,5.76,72.4,2157.96,2159.92,2045.7,+1.69σ,0.8,なし,なし,買い,底固め,1,0.0,2210.0,2582.0,2.0,%D方向改善、直近下落なし（B以下に制限）、直近安値切り上げ、RSI安値切り上げ、レンジ上限突破 / 信用需給: 信用データがデータなし、または売残0で信用倍率を算出不能,急騰済み（高RSI）,https://finance.yahoo.co.jp/quote/1879.T,データなし,データなし,データなし,データなし,データなし,データなし,データなし,データなし,3.0,0,0,3.0,391,391,信用需給は判定不能,信用データがデータなし、または売残0で信用倍率を算出不能
2026-08-18,1882,東亜道路工業,プライム,1616.0,-0.25,-0.19,1.25,0.51,0.6,21.8,1635.0,1624.0,1611.0,1635.0,1635.0,1591.0,1571.0,1596.89,1581.02,1581.02,3,C,64.15,53.09,5.69,57.7,1607.76,1561.41,1656.58,+0.20σ,0.89,なし,なし,買い,底固め,1,0.0,1583.3,1681.4,2.0,%D方向改善、直近下落なし（B以下に制限）、直近安値切り上げ、BB幅収縮、RSI安値切り上げ / 信用需給: 信用データがデータなし、または売残0で信用倍率を算出不能,,https://finance.yahoo.co.jp/quote/1882.T,データなし,データなし,データなし,データなし,データなし,データなし,データなし,データなし,3.0,0,0,3.0,391,391,信用需給は判定不能,信用データがデータなし、または売残0で信用倍率を算出不能
2026-08-18,1887,日本国土開発,プライム,545.0,-0.73,4.01,4.21,4.29,0.93,9.72,551.0,550.0,541.0,551.0,551.0,520.0,507.0,512.56,502.77,502.77,3,除外,80.65,81.09,7.81,64.41,522.6,537.2,571.01,+2.31σ,1.07,はらみ足,なし,買い,底固め,1,0.0,520.0,595.0,2.0,%D方向改善、直近下落なし（B以下に制限）、直近安値切り上げ、ATR低下、BB幅収縮、RSI安値切り上げ / 信用需給: 信用データがデータなし、または売残0で信用倍率を算出不能,急騰済み（BB +2σ大幅超過）,https://finance.yahoo.co.jp/quote/1887.T,データなし,データなし,データなし,データなし,データなし,データなし,データなし,データなし,3.0,0,0,3.0,391,391,信用需給は判定不能,信用データがデータなし、または売残0で信用倍率を算出不能
2026-08-18,9716,乃村工藝社,プライム,1209.0,-0.25,2.2,2.54,1.86,0.66,24.26,1226.0,1223.0,1207.0,1226.0,1226.0,1175.0,1147.0,1171.85,1153.85,1153.85,3,C,68.52,58.82,16.26,60.6,1186.96,1134.96,1227.44,+1.06σ,0.65,なし,なし,買い,底固め,1,0.0,1172.62,1281.77,2.0,%D方向改善、直近下落なし（B以下に制限）、直近安値切り上げ、BB幅収縮、RSI安値切り上げ / 信用需給: 信用データがデータなし、または売残0で信用倍率を算出不能,,https://finance.yahoo.co.jp/quote/9716.T,データなし,データなし,データなし,データなし,データなし,データなし,データなし,データなし,3.0,0,0,3.0,391,391,信用需給は判定不能,信用データがデータなし、または売残0で信用倍率を算出不能
2026-08-18,9743,丹青社,プライム,1478.0,-0.07,1.09,3.94,3.94,0.66,27.13,1481.0,1490.0,1472.0,1490.0,1490.0,1432.0,1362.0,1398.99,1371.12,1371.12,3,C,86.96,71.44,17.47,67.71,1421.92,1387.19,1453.9,+1.84σ,0.46,なし,なし,買い,底固め,1,0.0,1432.0,1570.0,2.0,%D方向改善、直近下落なし（B以下に制限）、直近安値切り上げ、BB幅収縮、RSI安値切り上げ / 信用需給: 信用データがデータなし、または売残0で信用倍率を算出不能,,https://finance.yahoo.co.jp/quote/9743.T,データなし,データなし,データなし,データなし,データなし,データなし,データなし,データなし,3.0,0,0,3.0,391,391,信用需給は判定不能,信用データがデータなし、または売残0で信用倍率を算出不能
2026-08-18,9793,ダイセキ,プライム,3810.0,-1.04,-1.55,0.4,-0.1,0.79,69.65,3900.0,3865.0,3810.0,3900.0,3900.0,3785.0,3690.0,3758.55,3713.85,3713.85,3,C,50.0,59.04,8.09,47.13,3813.8,3968.93,3751.75,+0.15σ,0.67,なし,なし,買い,底固め,1,0.0,3705.52,4018.95,2.0,%D方向改善、直近下落なし（B以下に制限）、直近安値切り上げ、ATR低下、BB幅収縮、RSI安値切り上げ / 信用需給: 信用データがデータなし、または売残0で信用倍率を算出不能,,https://finance.yahoo.co.jp/quote/9793.T,データなし,データなし,データなし,データなし,データなし,データなし,データなし,データなし,3.0,0,0,3.0,391,391,信用需給は判定不能,信用データがデータなし、または売残0で信用倍率を算出不能
2026-08-18,1945,東京エネシス,プライム,2077.0,-0.48,0.58,2.06,3.0,1.06,69.61,2091.0,2138.0,2064.0,2138.0,2138.0,2001.0,1879.0,1974.49,1928.43,1928.43,3,C,63.69,69.58,1.63,52.58,2016.48,2168.15,1958.8,+1.23σ,1.18,なし,なし,買い,底固め,1,0.0,1972.59,2285.83,2.0,%D方向改善、直近下落なし（B以下に制限）、直近安値切り上げ、BB幅収縮、RSI安値切り上げ / 信用需給: 信用データがデータなし、または売残0で信用倍率を算出不能,,https://finance.yahoo.co.jp/quote/1945.T,データなし,データなし,データなし,データなし,データなし,データなし,データなし,データなし,3.0,0,0,3.0,391,391,信用需給は判定不能,信用データがデータなし、または売残0で信用倍率を算出不能
2026-08-18,1926,ライト工業,プライム,3775.0,-0.53,0.8,-0.13,-1.04,0.35,86.52,3820.0,3795.0,3765.0,3820.0,3820.0,3735.0,3660.0,3738.27,3677.3,3677.3,3,C,19.51,24.81,1.49,43.28,3814.8,3943.53,3760.32,-0.40σ,0.41,はらみ足,なし,買い,底固め,1,0.0,3645.22,4034.56,2.0,%D方向改善、直近下落なし（B以下に制限）、直近安値切り上げ、BB幅収縮、RSI安値切り上げ / 信用需給: 信用データがデータなし、または売残0で信用倍率を算出不能,,https://finance.yahoo.co.jp/quote/1926.T,データなし,データなし,データなし,データなし,データなし,データなし,データなし,データなし,3.0,0,0,3.0,391,391,信用需給は判定不能,信用データがデータなし、または売残0で信用倍率を算出不能
2026-08-18,1946,トーエネック,プライム,2129.0,-1.75,0.47,3.8,2.07,0.61,67.76,2168.0,2170.0,2129.0,2170.0,2170.0,2050.0,1948.0,2038.81,1993.53,1993.53,3,C,70.92,61.57,9.88,51.87,2085.88,2180.85,2061.51,+0.99σ,0.67,なし,なし,買い,底固め,1,0.0,2027.36,2332.27,2.0,%D方向改善、直近下落なし（B以下に制限）、直近安値切り上げ、BB幅収縮、RSI安値切り上げ / 信用需給: 信用データがデータなし、または売残0で信用倍率を算出不能,,https://finance.yahoo.co.jp/quote/1946.T,データなし,データなし,データなし,データなし,データなし,データなし,データなし,データなし,3.0,0,0,3.0,391,391,信用需給は判定不能,信用データがデータなし、または売残0で信用倍率を算出不能
2026-08-18,1951,エクシオグループ,プライム,2617.5,-1.6,-0.15,1.41,-0.26,0.71,65.43,2683.5,2663.5,2617.0,2683.5,2683.5,2578.5,2525.5,2586.86,2550.05,2550.05,3,C,23.54,37.97,3.55,46.88,2624.44,2747.17,2663.6,-0.17σ,0.44,なし,なし,買い,底固め,1,0.0,2519.35,2813.8,2.0,%D方向改善、直近下落なし（B以下に制限）、直近安値切り上げ、BB幅収縮、RSI安値切り上げ / 信用需給: 信用データがデータなし、または売残0で信用倍率を算出不能,,https://finance.yahoo.co.jp/quote/1951.T,データなし,データなし,データなし,データなし,データなし,データなし,データなし,データなし,3.0,0,0,3.0,391,391,信用需給は判定不能,信用データがデータなし、または売残0で信用倍率を算出不能
2026-08-18,3968,セグエグループ,プライム,625.0,-4.58,5.93,6.11,4.24,1.14,22.85,669.0,649.0,623.0,669.0,669.0,572.0,570.0,575.45,554.09,554.09,3,C,54.64,43.89,8.07,58.3,599.6,574.89,591.54,+1.32σ,1.33,なし,なし,買い,底固め,1,0.0,572.0,731.0,2.0,%D方向改善、直近下落なし（B以下に制限）、直近安値切り上げ、BB幅収縮、RSI安値切り上げ / 信用需給: 信用データがデータなし、または売残0で信用倍率を算出不能,,https://finance.yahoo.co.jp/quote/3968.T,データなし,データなし,データなし,データなし,データなし,データなし,データなし,データなし,3.0,0,0,3.0,391,391,信用需給は判定不能,信用データがデータなし、または売残0で信用倍率を算出不能
2026-08-18,1961,三機工業,プライム,2479.0,-1.9,2.35,4.6,2.37,0.87,119.48,2585.0,2559.0,2455.0,2585.0,2585.0,2355.0,2127.0,2294.81,2202.33,2202.33,3,C,68.07,71.45,13.05,51.13,2421.64,2526.53,2283.87,+0.99σ,0.64,なし,なし,買い,底固め,1,0.0,2299.77,2837.45,2.0,%D方向改善、直近下落なし（B以下に制限）、直近安値切り上げ、BB幅収縮、RSI安値切り上げ / 信用需給: 信用データがデータなし、または売残0で信用倍率を算出不能,,https://finance.yahoo.co.jp/quote/1961.T,データなし,データなし,データなし,データなし,データなし,データなし,データなし,データなし,3.0,0,0,3.0,391,391,信用需給は判定不能,信用データがデータなし、または売残0で信用倍率を算出不能
2026-08-18,1969,高砂熱学工業,プライム,4258.0,-2.63,-0.28,6.56,-2.52,0.95,168.69,4467.0,4419.0,4258.0,4467.0,4467.0,4029.0,3985.0,4155.0,4009.56,4009.56,3,C,56.64,47.5,12.1,44.86,4367.96,4592.12,4617.36,-0.29σ,0.9,なし,なし,買い,底固め,1,0.0,4004.96,4764.07,2.0,%D方向改善、直近下落なし（B以下に制限）、直近安値切り上げ、BB幅収縮、RSI安値切り上げ / 信用需給: 信用データがデータなし、または売残0で信用倍率を算出不能,,https://finance.yahoo.co.jp/quote/1969.T,データなし,データなし,データなし,データなし,データなし,データなし,データなし,データなし,3.0,0,0,3.0,391,391,信用需給は判定不能,信用データがデータなし、または売残0で信用倍率を算出不能
2026-08-18,1975,朝日工業社,プライム,3930.0,-0.25,3.15,5.22,-0.16,0.69,182.09,4130.0,4050.0,3925.0,4130.0,4130.0,3705.0,3575.0,3745.16,3608.58,3608.58,3,C,52.94,47.41,6.98,48.98,3936.4,4026.8,3782.32,+0.35σ,0.83,はらみ足,なし,買い,底固め,1,0.0,3656.86,4476.28,2.0,%D方向改善、直近下落なし（B以下に制限）、直近安値切り上げ、BB幅収縮、RSI安値切り上げ / 信用需給: 信用データがデータなし、または売残0で信用倍率を算出不能,,https://finance.yahoo.co.jp/quote/1975.T,データなし,データなし,データなし,データなし,データなし,データなし,データなし,データなし,3.0,0,0,3.0,391,391,信用需給は判定不能,信用データがデータなし、または売残0で信用倍率を算出不能
2026-08-18,9506,東北電力,プライム,1306.0,3.9,5.45,7.22,10.59,2.14,27.53,1265.0,1320.0,1261.0,1320.0,1320.0,1214.5,1126.5,1155.01,1112.67,1112.67,3,除外,87.16,84.05,7.95,85.83,1180.98,1088.17,1125.04,+2.57σ,1.53,なし,なし,買い,底固め,1,0.0,1214.5,1489.0,2.0,%D方向改善、直近下落なし（B以下に制限）、直近安値切り上げ、出来高減少後の増加、RSI安値切り上げ、レンジ上限突破 / 信用需給: 信用データがデータなし、または売残0で信用倍率を算出不能,急騰済み（25日線上方乖離、高RSI、BB +2σ大幅超過）,https://finance.yahoo.co.jp/quote/9506.T,データなし,データなし,データなし,データなし,データなし,データなし,データなし,データなし,3.0,0,0,3.0,391,391,信用需給は判定不能,信用データがデータなし、または売残0で信用倍率を算出不能
2026-08-18,9434,ソフトバンク,プライム,234.0,-0.38,0.26,2.45,3.38,1.06,4.98,237.2,236.2,230.9,237.2,237.2,228.8,218.3,223.03,217.8,217.8,3,C,66.67,63.98,11.08,61.57,226.34,218.88,217.51,+1.10σ,0.79,陰線→陽線,なし,買い,底固め,1,0.0,226.53,248.94,2.0,%D方向改善、直近下落なし（B以下に制限）、直近安値切り上げ、BB幅収縮、RSI安値切り上げ / 信用需給: 信用データがデータなし、または売残0で信用倍率を算出不能,,https://finance.yahoo.co.jp/quote/9434.T,データなし,データなし,データなし,データなし,データなし,データなし,データなし,データなし,3.0,0,0,3.0,391,391,信用需給は判定不能,信用データがデータなし、または売残0で信用倍率を算出不能
2026-08-18,3399,丸千代山岡家,スタンダード,3745.0,-1.45,-0.13,3.17,2.15,0.95,120.98,3840.0,3800.0,3685.0,3840.0,3860.0,3525.0,3400.0,3557.64,3470.27,3470.27,3,C,65.67,69.11,14.91,58.65,3666.2,3346.73,3269.12,+1.14σ,0.45,なし,なし,買い,底固め,1,0.0,3525.0,4185.0,2.0,%D方向改善、直近下落なし（B以下に制限）、直近安値切り上げ、BB幅収縮、RSI安値切り上げ / 信用需給: 信用データがデータなし、または売残0で信用倍率を算出不能,,https://finance.yahoo.co.jp/quote/3399.T,データなし,データなし,データなし,データなし,データなし,データなし,データなし,データなし,3.0,0,0,3.0,391,391,信用需給は判定不能,信用データがデータなし、または売残0で信用倍率を算出不能
2026-08-18,7327,第四北越フィナンシャルグループ,プライム,2555.0,1.43,2.45,9.14,8.44,0.87,64.32,2533.0,2588.0,2532.0,2588.0,2588.0,2366.0,2211.0,2286.54,2201.74,2201.74,3,C,87.96,82.39,14.95,70.91,2356.2,2176.76,1929.6,+2.17σ,0.82,陰線→陽線,なし,買い,底固め,1,0.0,2366.0,2933.0,2.0,%D方向改善、直近下落なし（B以下に制限）、直近安値切り上げ、BB幅収縮、RSI安値切り上げ、レンジ上限突破 / 信用需給: 信用データがデータなし、または売残0で信用倍率を算出不能,,https://finance.yahoo.co.jp/quote/7327.T,データなし,データなし,データなし,データなし,データなし,データなし,データなし,データなし,3.0,0,0,3.0,391,391,信用需給は判定不能,信用データがデータなし、または売残0で信用倍率を算出不能
2026-08-18,7389,あいちフィナンシャルグループ,プライム,1859.0,-0.16,6.23,18.18,8.09,0.72,86.45,1926.0,1915.0,1853.0,1926.0,1926.0,1586.0,1573.0,1649.8,1553.1,1553.1,3,除外,81.02,47.72,18.93,64.24,1719.8,1519.48,1267.58,+1.16σ,1.03,はらみ足,なし,買い,底固め,1,0.0,1586.0,2405.0,2.0,%D方向改善、直近下落なし（B以下に制限）、直近安値切り上げ、BB幅収縮、RSI安値切り上げ / 信用需給: 信用データがデータなし、または売残0で信用倍率を算出不能,急騰済み（5営業日急騰）,https://finance.yahoo.co.jp/quote/7389.T,データなし,データなし,データなし,データなし,データなし,データなし,データなし,データなし,3.0,0,0,3.0,391,391,信用需給は判定不能,信用データがデータなし、または売残0で信用倍率を算出不能
2026-08-18,7595,アルゴグラフィックス,プライム,1317.0,-1.42,0.0,2.09,0.19,0.79,27.88,1351.0,1330.0,1308.0,1351.0,1351.0,1297.0,1273.0,1288.07,1256.73,1256.73,3,C,50.0,47.16,3.24,52.5,1314.52,1288.09,1432.82,-0.08σ,0.78,なし,なし,買い,底固め,1,0.0,1275.18,1400.64,2.0,%D方向改善、直近下落なし（B以下に制限）、直近安値切り上げ、BB幅収縮、RSI安値切り上げ / 信用需給: 信用データがデータなし、または売残0で信用倍率を算出不能,,https://finance.yahoo.co.jp/quote/7595.T,データなし,データなし,データなし,データなし,データなし,データなし,データなし,データなし,3.0,0,0,3.0,391,391,信用需給は判定不能,信用データがデータなし、または売残0で信用倍率を算出不能
2026-08-18,7373,アイドマ・ホールディングス,グロース,942.0,-1.15,-0.95,0.75,-3.04,0.42,28.57,967.0,954.0,942.0,967.0,983.0,930.0,911.0,932.32,902.99,902.99,3,C,43.06,38.93,13.32,35.53,971.52,1115.61,1867.8,-0.67σ,0.64,なし,なし,買い,底固め,1,0.0,899.14,1027.72,2.0,%D方向改善、直近下落なし（B以下に制限）、直近安値切り上げ、ATR低下、BB幅収縮、RSI安値切り上げ / 信用需給: 信用データがデータなし、または売残0で信用倍率を算出不能,,https://finance.yahoo.co.jp/quote/7373.T,データなし,データなし,データなし,データなし,データなし,データなし,データなし,データなし,3.0,0,0,3.0,391,391,信用需給は判定不能,信用データがデータなし、または売残0で信用倍率を算出不能
2026-08-18,3608,ＴＳＩホールディングス,プライム,1255.0,-0.16,1.95,3.29,1.84,0.5,24.12,1282.0,1262.0,1250.0,1282.0,1282.0,1213.0,1197.0,1212.78,1189.37,1189.37,3,C,64.47,47.38,11.28,58.75,1232.36,1198.35,1127.03,+0.80σ,0.88,なし,なし,買い,底固め,1,0.0,1213.0,1339.0,2.0,%D方向改善、直近下落なし（B以下に制限）、直近安値切り上げ、BB幅収縮、RSI安値切り上げ / 信用需給: 信用データがデータなし、または売残0で信用倍率を算出不能,,https://finance.yahoo.co.jp/quote/3608.T,データなし,データなし,データなし,データなし,データなし,データなし,データなし,データなし,3.0,0,0,3.0,391,391,信用需給は判定不能,信用データがデータなし、または売残0で信用倍率を算出不能
2026-08-18,7746,岡本硝子,スタンダード,745.0,-2.99,2.76,1.78,-0.64,1.05,33.38,787.0,780.0,745.0,787.0,787.0,723.0,701.0,723.56,705.28,705.28,3,C,40.85,53.57,12.29,47.56,749.8,800.36,773.84,+0.17σ,1.39,はらみ足,なし,買い,底固め,1,0.0,694.93,845.14,2.0,%D方向改善、直近下落なし（B以下に制限）、直近安値切り上げ、ATR低下、BB幅収縮、RSI安値切り上げ / 信用需給: 信用データがデータなし、または売残0で信用倍率を算出不能,,https://finance.yahoo.co.jp/quote/7746.T,データなし,データなし,データなし,データなし,データなし,データなし,データなし,データなし,3.0,0,0,3.0,391,391,信用需給は判定不能,信用データがデータなし、または売残0で信用倍率を算出不能
2026-08-18,7735,ＳＣＲＥＥＮホールディングス,プライム,13695.0,-6.29,-3.11,3.95,-7.97,0.95,998.98,14730.0,14590.0,13640.0,14730.0,14730.0,13110.0,11370.0,12575.36,11056.48,11056.48,3,C,46.09,72.04,17.08,44.62,14880.4,14109.53,10696.62,-0.26σ,0.63,なし,なし,買い,底固め,1,0.0,12196.53,16691.94,2.0,%D方向改善、直近下落なし（B以下に制限）、直近安値切り上げ、ATR低下、RSI安値切り上げ / 信用需給: 信用データがデータなし、または売残0で信用倍率を算出不能,,https://finance.yahoo.co.jp/quote/7735.T,データなし,データなし,データなし,データなし,データなし,データなし,データなし,データなし,3.0,0,0,3.0,391,391,信用需給は判定不能,信用データがデータなし、または売残0で信用倍率を算出不能
2026-08-18,7730,マニー,プライム,1595.0,-1.18,-0.56,2.97,1.22,0.64,34.26,1620.0,1611.0,1589.0,1620.0,1621.0,1540.0,1489.0,1509.49,1469.59,1469.59,3,C,75.47,70.22,20.35,50.97,1575.8,1661.56,1583.96,+1.14σ,0.73,なし,なし,買い,底固め,1,0.0,1540.0,1705.0,2.0,%D方向改善、直近下落なし（B以下に制限）、直近安値切り上げ、ATR低下、BB幅収縮、RSI安値切り上げ / 信用需給: 信用データがデータなし、または売残0で信用倍率を算出不能,,https://finance.yahoo.co.jp/quote/7730.T,データなし,データなし,データなし,データなし,データなし,データなし,データなし,データなし,3.0,0,0,3.0,391,391,信用需給は判定不能,信用データがデータなし、または売残0で信用倍率を算出不能
2026-08-18,7599,ＩＤＯＭ,プライム,1290.0,-0.92,0.0,-0.62,-0.61,0.64,26.41,1318.0,1305.0,1288.0,1318.0,1318.0,1287.0,1258.0,1280.98,1266.92,1266.92,3,C,22.22,57.26,9.72,45.34,1297.88,1330.75,1331.14,-0.36σ,1.27,なし,なし,買い,底固め,1,0.0,1250.38,1369.23,2.0,%D方向改善、直近下落なし（B以下に制限）、直近安値切り上げ、ATR低下、BB幅収縮、出来高減少後の増加、RSI安値切り上げ / 信用需給: 信用データがデータなし、または売残0で信用倍率を算出不能,,https://finance.yahoo.co.jp/quote/7599.T,データなし,データなし,データなし,データなし,データなし,データなし,データなし,データなし,3.0,0,0,3.0,391,391,信用需給は判定不能,信用データがデータなし、または売残0で信用倍率を算出不能
2026-08-18,7779,ＣＹＢＥＲＤＹＮＥ,グロース,241.0,-0.41,-0.41,1.26,5.3,0.69,10.17,259.0,248.0,241.0,259.0,259.0,236.0,208.0,218.02,207.49,207.49,3,C,53.85,84.08,10.88,54.32,228.88,257.99,253.31,+1.18σ,0.66,はらみ足,なし,買い,底固め,1,0.0,225.74,271.52,2.0,%D方向改善、直近下落なし（B以下に制限）、直近安値切り上げ、ATR低下、RSI安値切り上げ / 信用需給: 信用データがデータなし、または売残0で信用倍率を算出不能,,https://finance.yahoo.co.jp/quote/7779.T,データなし,データなし,データなし,データなし,データなし,データなし,データなし,データなし,3.0,0,0,3.0,391,391,信用需給は判定不能,信用データがデータなし、または売残0で信用倍率を算出不能
2026-08-18,7220,武蔵精密工業,プライム,3620.0,-1.76,0.28,6.47,9.03,0.97,273.92,3770.0,3825.0,3560.0,3825.0,3825.0,3330.0,2860.0,3079.45,2849.91,2849.91,3,C,62.73,68.93,5.65,51.66,3320.2,4725.33,3588.04,+1.35σ,0.61,なし,なし,買い,底固め,1,0.0,3209.12,4441.76,2.0,%D方向改善、直近下落なし（B以下に制限）、直近安値切り上げ、ATR低下、BB幅収縮、RSI安値切り上げ / 信用需給: 信用データがデータなし、または売残0で信用倍率を算出不能,,https://finance.yahoo.co.jp/quote/7220.T,データなし,データなし,データなし,データなし,データなし,データなし,データなし,データなし,3.0,0,0,3.0,391,391,信用需給は判定不能,信用データがデータなし、または売残0で信用倍率を算出不能
2026-08-18,7226,極東開発工業,プライム,2350.0,-0.17,0.95,0.9,0.85,0.57,40.5,2362.0,2364.0,2341.0,2364.0,2365.0,2315.0,2266.0,2308.08,2281.26,2281.26,3,C,71.29,47.87,6.46,59.04,2330.28,2275.07,2738.59,+0.56σ,0.76,陰線→陽線,なし,買い,底固め,1,0.0,2289.25,2471.5,2.0,%D方向改善、直近下落なし（B以下に制限）、直近安値切り上げ、BB幅収縮、RSI安値切り上げ / 信用需給: 信用データがデータなし、または売残0で信用倍率を算出不能,,https://finance.yahoo.co.jp/quote/7226.T,データなし,データなし,データなし,データなし,データなし,データなし,データなし,データなし,3.0,0,0,3.0,391,391,信用需給は判定不能,信用データがデータなし、または売残0で信用倍率を算出不能
2026-08-18,7803,ブシロード,グロース,410.0,-1.91,5.94,5.94,5.19,0.85,21.25,418.0,420.0,402.0,420.0,431.0,372.0,356.0,371.82,357.5,357.5,3,C,64.41,55.58,6.82,65.52,389.76,308.84,294.65,+1.66σ,0.71,なし,なし,買い,底固め,1,0.0,372.0,486.0,2.0,%D方向改善、直近下落なし（B以下に制限）、直近安値切り上げ、BB幅収縮、RSI安値切り上げ / 信用需給: 信用データがデータなし、または売残0で信用倍率を算出不能,,https://finance.yahoo.co.jp/quote/7803.T,データなし,データなし,データなし,データなし,データなし,データなし,データなし,データなし,3.0,0,0,3.0,391,391,信用需給は判定不能,信用データがデータなし、または売残0で信用倍率を算出不能
2026-08-18,7794,イーディーピー,グロース,965.0,-0.52,5.23,5.93,4.75,0.66,49.84,981.0,978.0,945.0,981.0,981.0,890.0,812.0,863.0,822.36,822.36,3,C,88.89,76.98,19.97,52.48,921.28,1075.36,938.93,+1.51σ,0.9,はらみ足,なし,買い,底固め,1,0.0,890.0,1115.0,2.0,%D方向改善、直近下落なし（B以下に制限）、直近安値切り上げ、ATR低下、BB幅収縮、RSI安値切り上げ / 信用需給: 信用データがデータなし、または売残0で信用倍率を算出不能,,https://finance.yahoo.co.jp/quote/7794.T,データなし,データなし,データなし,データなし,データなし,データなし,データなし,データなし,3.0,0,0,3.0,391,391,信用需給は判定不能,信用データがデータなし、または売残0で信用倍率を算出不能
2026-08-18,7777,スリー・ディー・マトリックス,グロース,378.0,-2.07,3.85,7.39,8.65,0.99,16.18,388.0,389.0,373.0,389.0,389.0,352.0,306.0,327.66,308.76,308.76,3,C,80.36,85.63,14.53,59.1,347.92,390.27,420.5,+1.66σ,1.08,なし,なし,買い,底固め,1,0.0,352.0,430.0,2.0,%D方向改善、直近下落なし（B以下に制限）、直近安値切り上げ、ATR低下、RSI安値切り上げ / 信用需給: 信用データがデータなし、または売残0で信用倍率を算出不能,,https://finance.yahoo.co.jp/quote/7777.T,データなし,データなし,データなし,データなし,データなし,データなし,データなし,データなし,3.0,0,0,3.0,391,391,信用需給は判定不能,信用データがデータなし、または売残0で信用倍率を算出不能
2026-08-18,7868,広済堂ホールディングス,プライム,581.0,0.69,8.19,10.88,9.33,0.67,19.33,577.0,587.0,574.0,587.0,587.0,518.0,493.0,509.47,489.63,489.63,3,除外,93.26,84.01,21.61,67.21,531.44,563.65,506.04,+2.61σ,1.3,なし,なし,買い,底固め,1,0.0,518.0,707.0,2.0,%D方向改善、直近下落なし（B以下に制限）、直近安値切り上げ、ATR低下、RSI安値切り上げ、レンジ上限突破 / 信用需給: 信用データがデータなし、または売残0で信用倍率を算出不能,急騰済み（BB +2σ大幅超過）,https://finance.yahoo.co.jp/quote/7868.T,データなし,データなし,データなし,データなし,データなし,データなし,データなし,データなし,3.0,0,0,3.0,391,391,信用需給は判定不能,信用データがデータなし、または売残0で信用倍率を算出不能
2026-08-18,2982,ＡＤワークスグループ,プライム,420.0,-1.87,-0.94,3.7,1.76,1.24,11.28,429.0,430.0,416.0,430.0,430.0,406.0,391.0,405.25,397.71,397.71,3,C,74.36,64.4,10.99,56.09,412.72,403.96,427.29,+0.95σ,0.87,なし,なし,買い,底固め,1,0.0,403.08,453.84,2.0,%D方向改善、直近下落なし（B以下に制限）、直近安値切り上げ、BB幅収縮、RSI安値切り上げ / 信用需給: 信用データがデータなし、または売残0で信用倍率を算出不能,,https://finance.yahoo.co.jp/quote/2982.T,データなし,データなし,データなし,データなし,データなし,データなし,データなし,データなし,3.0,0,0,3.0,391,391,信用需給は判定不能,信用データがデータなし、または売残0で信用倍率を算出不能
2026-08-18,3387,クリエイト・レストランツ・ホールディングス,プライム,767.0,-0.78,0.13,1.32,-0.84,0.53,17.04,779.0,775.0,766.0,779.0,779.0,753.0,740.0,753.04,735.03,735.03,3,C,63.64,41.43,8.95,51.71,773.48,735.87,748.84,-0.22σ,1.01,なし,なし,買い,底固め,1,0.0,741.44,818.13,2.0,%D方向改善、直近下落なし（B以下に制限）、直近安値切り上げ、BB幅収縮、RSI安値切り上げ / 信用需給: 信用データがデータなし、または売残0で信用倍率を算出不能,,https://finance.yahoo.co.jp/quote/3387.T,データなし,データなし,データなし,データなし,データなし,データなし,データなし,データなし,3.0,0,0,3.0,391,391,信用需給は判定不能,信用データがデータなし、または売残0で信用倍率を算出不能
2026-08-18,3245,ディア・ライフ,プライム,1151.0,-0.6,3.23,5.4,5.06,0.63,22.15,1178.0,1162.0,1148.0,1178.0,1178.0,1077.0,1058.0,1072.36,1045.86,1045.86,3,C,73.79,60.73,7.73,70.46,1095.6,1038.36,1083.38,+1.97σ,0.96,なし,なし,買い,底固め,1,0.0,1077.0,1299.0,2.0,%D方向改善、直近下落なし（B以下に制限）、直近安値切り上げ、BB幅収縮、RSI安値切り上げ / 信用需給: 信用データがデータなし、または売残0で信用倍率を算出不能,,https://finance.yahoo.co.jp/quote/3245.T,データなし,データなし,データなし,データなし,データなし,データなし,データなし,データなし,3.0,0,0,3.0,391,391,信用需給は判定不能,信用データがデータなし、または売残0で信用倍率を算出不能
2026-08-18,7173,東京きらぼしフィナンシャルグループ,プライム,1806.0,0.44,1.52,7.56,4.05,0.89,61.87,1814.0,1855.0,1800.0,1855.0,1855.0,1695.0,1642.0,1702.14,1662.82,1662.82,3,C,72.47,60.72,15.87,59.96,1735.76,1594.46,1365.42,+1.64σ,0.71,なし,なし,買い,底固め,1,0.0,1695.0,2028.0,2.0,%D方向改善、直近下落なし（B以下に制限）、直近安値切り上げ、ATR低下、BB幅収縮、RSI安値切り上げ / 信用需給: 信用データがデータなし、または売残0で信用倍率を算出不能,,https://finance.yahoo.co.jp/quote/7173.T,データなし,データなし,データなし,データなし,データなし,データなし,データなし,データなし,3.0,0,0,3.0,391,391,信用需給は判定不能,信用データがデータなし、または売残0で信用倍率を算出不能
2026-08-18,3186,ネクステージ,プライム,3605.0,-0.55,0.42,2.56,3.93,0.5,131.09,3640.0,3660.0,3595.0,3660.0,3660.0,3530.0,3205.0,3372.57,3277.9,3277.9,3,C,83.33,83.72,12.26,54.03,3468.8,3645.47,3299.62,+1.45σ,0.53,なし,なし,買い,底固め,1,0.0,3408.36,3998.28,2.0,%D方向改善、直近下落なし（B以下に制限）、直近安値切り上げ、ATR低下、BB幅収縮、RSI安値切り上げ / 信用需給: 信用データがデータなし、または売残0で信用倍率を算出不能,,https://finance.yahoo.co.jp/quote/3186.T,データなし,データなし,データなし,データなし,データなし,データなし,データなし,データなし,3.0,0,0,3.0,391,391,信用需給は判定不能,信用データがデータなし、または売残0で信用倍率を算出不能
2026-08-18,7013,ＩＨＩ,プライム,2987.5,-0.78,0.42,8.28,5.81,0.99,129.82,3065.0,3098.0,2970.0,3098.0,3098.0,2770.0,2608.0,2728.96,2624.27,2624.27,3,C,77.45,61.55,15.45,58.94,2823.5,2769.81,3127.07,+1.47σ,0.66,陰線→陽線,なし,買い,底固め,1,0.0,2770.0,3422.5,2.0,%D方向改善、直近下落なし（B以下に制限）、直近安値切り上げ、BB幅収縮、RSI安値切り上げ / 信用需給: 信用データがデータなし、または売残0で信用倍率を算出不能,,https://finance.yahoo.co.jp/quote/7013.T,データなし,データなし,データなし,データなし,データなし,データなし,データなし,データなし,3.0,0,0,3.0,391,391,信用需給は判定不能,信用データがデータなし、または売残0で信用倍率を算出不能
2026-08-18,4062,イビデン,プライム,20875.0,-3.27,-3.18,5.01,15.71,0.83,1907.97,21610.0,22330.0,20755.0,22330.0,22500.0,19760.0,12980.0,15633.64,13171.79,13171.79,3,除外,62.43,79.65,8.41,55.76,18040.4,19371.2,12032.38,+1.13σ,0.83,なし,なし,買い,底固め,1,0.0,18013.05,26598.91,2.0,%D方向改善、直近下落なし（B以下に制限）、直近安値切り上げ、BB幅収縮、RSI安値切り上げ / 信用需給: 信用データがデータなし、または売残0で信用倍率を算出不能,急騰済み（25日線上方乖離）,https://finance.yahoo.co.jp/quote/4062.T,データなし,データなし,データなし,データなし,データなし,データなし,データなし,データなし,3.0,0,0,3.0,391,391,信用需給は判定不能,信用データがデータなし、または売残0で信用倍率を算出不能
2026-08-18,4021,日産化学,プライム,8059.0,-1.21,0.2,2.83,3.91,0.73,246.65,8158.0,8193.0,8013.0,8193.0,8193.0,7754.0,7210.0,7473.87,7226.59,7226.59,3,C,81.36,74.9,17.42,56.47,7755.96,7675.67,6499.4,+1.37σ,1.16,なし,なし,買い,底固め,1,0.0,7689.03,8798.94,2.0,%D方向改善、直近下落なし（B以下に制限）、直近安値切り上げ、BB幅収縮、RSI安値切り上げ / 信用需給: 信用データがデータなし、または売残0で信用倍率を算出不能,,https://finance.yahoo.co.jp/quote/4021.T,データなし,データなし,データなし,データなし,データなし,データなし,データなし,データなし,3.0,0,0,3.0,391,391,信用需給は判定不能,信用データがデータなし、または売残0で信用倍率を算出不能
2026-08-18,3994,マネーフォワード,プライム,5658.0,-5.7,-3.68,5.15,3.94,1.21,367.99,6420.0,6086.0,5640.0,6420.0,6584.0,5536.0,5030.0,5186.81,4841.36,4841.36,3,C,31.86,53.34,9.67,54.53,5443.76,4704.92,4281.28,+0.36σ,1.26,なし,なし,買い,底固め,1,0.0,5106.02,6761.96,2.0,%D方向改善、直近下落なし（B以下に制限）、直近安値切り上げ、BB幅収縮、RSI安値切り上げ / 信用需給: 信用データがデータなし、または売残0で信用倍率を算出不能,,https://finance.yahoo.co.jp/quote/3994.T,データなし,データなし,データなし,データなし,データなし,データなし,データなし,データなし,3.0,0,0,3.0,391,391,信用需給は判定不能,信用データがデータなし、または売残0で信用倍率を算出不能
2026-08-18,1663,Ｋ＆Ｏエナジーグループ,プライム,1930.0,-0.77,2.22,6.22,5.07,0.56,46.53,1949.0,1950.0,1924.0,1950.0,1950.0,1830.0,1765.0,1792.84,1746.68,1746.68,3,C,87.95,61.39,16.38,61.63,1836.8,1985.15,2094.42,+1.97σ,0.72,なし,なし,買い,底固め,1,0.0,1830.0,2130.0,2.0,%D方向改善、直近下落なし（B以下に制限）、直近安値切り上げ、BB幅収縮、RSI安値切り上げ / 信用需給: 信用データがデータなし、または売残0で信用倍率を算出不能,,https://finance.yahoo.co.jp/quote/1663.T,データなし,データなし,データなし,データなし,データなし,データなし,データなし,データなし,3.0,0,0,3.0,391,391,信用需給は判定不能,信用データがデータなし、または売残0で信用倍率を算出不能
2026-08-18,1721,コムシスホールディングス,プライム,5317.0,-1.85,0.21,0.99,0.99,0.98,132.66,5466.0,5409.0,5279.0,5466.0,5466.0,5220.0,5101.0,5219.95,5168.3,5168.3,3,C,52.37,53.31,7.29,51.1,5264.84,5395.99,5030.54,+0.88σ,0.69,なし,なし,買い,底固め,1,0.0,5118.01,5714.99,2.0,%D方向改善、直近下落なし（B以下に制限）、直近安値切り上げ、BB幅収縮、RSI安値切り上げ / 信用需給: 信用データがデータなし、または売残0で信用倍率を算出不能,,https://finance.yahoo.co.jp/quote/1721.T,データなし,データなし,データなし,データなし,データなし,データなし,データなし,データなし,3.0,0,0,3.0,391,391,信用需給は判定不能,信用データがデータなし、または売残0で信用倍率を算出不能
2026-08-18,9997,ベルーナ,プライム,1039.0,1.17,1.96,3.59,-0.31,0.98,22.36,1032.0,1052.0,1030.0,1052.0,1052.0,1005.0,967.0,999.84,960.03,960.03,3,C,79.37,52.57,14.18,54.95,1042.2,969.05,962.21,-0.02σ,1.03,なし,なし,買い,底固め,1,0.0,1005.0,1107.0,2.0,%D方向改善、直近下落なし（B以下に制限）、直近安値切り上げ、BB幅収縮、RSI安値切り上げ、レンジ上限突破 / 信用需給: 信用データがデータなし、または売残0で信用倍率を算出不能,,https://finance.yahoo.co.jp/quote/9997.T,データなし,データなし,データなし,データなし,データなし,データなし,データなし,データなし,3.0,0,0,3.0,391,391,信用需給は判定不能,信用データがデータなし、または売残0で信用倍率を算出不能
2026-08-18,9227,マイクロ波化学,グロース,960.0,-0.21,5.03,7.62,11.02,1.39,49.55,971.0,1015.0,946.0,1015.0,1015.0,880.0,773.0,824.93,774.3,774.3,3,除外,60.99,61.14,14.31,62.49,864.68,906.41,915.08,+1.67σ,0.74,なし,なし,買い,底固め,1,0.0,880.0,1120.0,2.0,%D方向改善、直近下落なし（B以下に制限）、直近安値切り上げ、BB幅収縮、RSI安値切り上げ / 信用需給: 信用データがデータなし、または売残0で信用倍率を算出不能,急騰済み（25日線上方乖離）,https://finance.yahoo.co.jp/quote/9227.T,データなし,データなし,データなし,データなし,データなし,データなし,データなし,データなし,3.0,0,0,3.0,391,391,信用需給は判定不能,信用データがデータなし、または売残0で信用倍率を算出不能
2026-08-18,9075,福山通運,プライム,6350.0,-0.31,2.75,4.96,5.15,0.63,205.33,6430.0,6430.0,6300.0,6430.0,6430.0,6010.0,5650.0,5873.25,5669.0,5669.0,3,C,86.67,57.59,21.72,62.09,6038.8,5988.53,5236.1,+1.33σ,0.98,はらみ足,なし,買い,底固め,1,0.0,6010.0,7030.0,2.0,%D方向改善、直近下落なし（B以下に制限）、直近安値切り上げ、BB幅収縮、RSI安値切り上げ / 信用需給: 信用データがデータなし、または売残0で信用倍率を算出不能,,https://finance.yahoo.co.jp/quote/9075.T,データなし,データなし,データなし,データなし,データなし,データなし,データなし,データなし,3.0,0,0,3.0,391,391,信用需給は判定不能,信用データがデータなし、または売残0で信用倍率を算出不能
2026-08-18,4375,セーフィー,グロース,657.0,-1.5,5.12,5.12,0.85,1.0,21.07,671.0,673.0,652.0,673.0,673.0,618.0,617.0,638.06,626.28,626.28,3,C,67.8,46.3,-0.43,51.72,651.48,676.77,770.06,+0.61σ,0.72,なし,なし,買い,底固め,1,0.0,618.0,735.0,2.0,%D方向改善、直近下落なし（B以下に制限）、直近安値切り上げ、BB幅収縮、RSI安値切り上げ / 信用需給: 信用データがデータなし、または売残0で信用倍率を算出不能,,https://finance.yahoo.co.jp/quote/4375.T,データなし,データなし,データなし,データなし,データなし,データなし,データなし,データなし,3.0,0,0,3.0,391,391,信用需給は判定不能,信用データがデータなし、または売残0で信用倍率を算出不能
2026-08-18,4373,シンプレクス・ホールディングス,プライム,1125.0,-1.83,-0.27,1.08,2.43,1.21,43.95,1176.0,1146.0,1093.0,1176.0,1182.0,1093.0,1002.0,1067.77,1024.99,1024.99,3,C,45.71,48.57,3.12,55.27,1098.36,1027.25,978.73,+0.34σ,0.6,なし,なし,買い,底固め,1,0.0,1059.08,1256.84,2.0,%D方向改善、直近下落なし（B以下に制限）、直近安値切り上げ、BB幅収縮、RSI安値切り上げ / 信用需給: 信用データがデータなし、または売残0で信用倍率を算出不能,,https://finance.yahoo.co.jp/quote/4373.T,データなし,データなし,データなし,データなし,データなし,データなし,データなし,データなし,3.0,0,0,3.0,391,391,信用需給は判定不能,信用データがデータなし、または売残0で信用倍率を算出不能
2026-08-18,4973,日本高純度化学,プライム,4855.0,-0.51,0.94,3.63,3.26,0.59,202.15,4915.0,4930.0,4810.0,4930.0,4930.0,4620.0,4125.0,4356.89,4075.02,4075.02,3,C,81.71,88.25,23.15,51.85,4701.6,5208.13,4565.55,+0.77σ,0.32,なし,なし,買い,底固め,1,0.0,4551.77,5461.46,2.0,%D方向改善、直近下落なし（B以下に制限）、直近安値切り上げ、ATR低下、RSI安値切り上げ / 信用需給: 信用データがデータなし、または売残0で信用倍率を算出不能,,https://finance.yahoo.co.jp/quote/4973.T,データなし,データなし,データなし,データなし,データなし,データなし,データなし,データなし,3.0,0,0,3.0,391,391,信用需給は判定不能,信用データがデータなし、または売残0で信用倍率を算出不能
2026-08-18,9104,商船三井,プライム,6881.0,3.8,9.59,9.59,15.47,1.73,176.14,6673.0,6950.0,6645.0,6950.0,6950.0,6137.0,5611.0,5767.99,5465.87,5465.87,3,除外,92.51,89.85,11.51,78.81,5959.12,5693.47,5411.23,+2.68σ,1.86,なし,なし,買い,底固め,1,0.0,6137.0,8369.0,2.0,%D方向改善、直近下落なし（B以下に制限）、直近安値切り上げ、RSI安値切り上げ、レンジ上限突破 / 信用需給: 信用データがデータなし、または売残0で信用倍率を算出不能,急騰済み（25日線上方乖離、高RSI、BB +2σ大幅超過）,https://finance.yahoo.co.jp/quote/9104.T,データなし,データなし,データなし,データなし,データなし,データなし,データなし,データなし,3.0,0,0,3.0,391,391,信用需給は判定不能,信用データがデータなし、または売残0で信用倍率を算出不能
2026-08-18,2157,コシダカホールディングス,プライム,1024.0,-0.19,0.2,0.39,-1.87,0.74,20.23,1033.0,1031.0,1016.0,1033.0,1039.0,1011.0,1003.0,1016.78,992.56,992.56,3,C,48.28,38.02,9.67,49.74,1043.52,991.09,1091.61,-0.70σ,1.2,陰線→陽線,なし,買い,底固め,1,0.0,993.65,1084.69,2.0,%D方向改善、直近下落なし（B以下に制限）、直近安値切り上げ、BB幅収縮、RSI安値切り上げ / 信用需給: 信用データがデータなし、または売残0で信用倍率を算出不能,,https://finance.yahoo.co.jp/quote/2157.T,データなし,データなし,データなし,データなし,データなし,データなし,データなし,データなし,3.0,0,0,3.0,391,391,信用需給は判定不能,信用データがデータなし、または売残0で信用倍率を算出不能
2026-08-18,2802,味の素,プライム,5535.0,-3.25,-1.79,4.99,5.23,0.95,232.38,5754.0,5663.0,5443.0,5754.0,5754.0,5391.0,4721.0,4938.98,4674.41,4674.41,3,C,71.03,80.5,14.76,55.63,5260.12,5350.25,4525.74,+1.25σ,0.88,なし,なし,買い,底固め,1,0.0,5186.44,6232.13,2.0,%D方向改善、直近下落なし（B以下に制限）、直近安値切り上げ、BB幅収縮、RSI安値切り上げ / 信用需給: 信用データがデータなし、または売残0で信用倍率を算出不能,,https://finance.yahoo.co.jp/quote/2802.T,データなし,データなし,データなし,データなし,データなし,データなし,データなし,データなし,3.0,0,0,3.0,391,391,信用需給は判定不能,信用データがデータなし、または売残0で信用倍率を算出不能
2026-08-18,2975,スター・マイカ・ホールディングス,プライム,1591.0,-1.67,-0.44,1.66,3.33,0.84,40.68,1625.0,1623.0,1589.0,1625.0,1625.0,1560.0,1462.0,1497.4,1455.66,1455.66,3,C,66.0,82.98,12.5,56.66,1539.72,1554.48,1486.71,+1.24σ,0.83,はらみ足,なし,買い,底固め,1,0.0,1529.99,1713.03,2.0,%D方向改善、直近下落なし（B以下に制限）、直近安値切り上げ、ATR低下、RSI安値切り上げ / 信用需給: 信用データがデータなし、または売残0で信用倍率を算出不能,,https://finance.yahoo.co.jp/quote/2975.T,データなし,データなし,データなし,データなし,データなし,データなし,データなし,データなし,3.0,0,0,3.0,391,391,信用需給は判定不能,信用データがデータなし、または売残0で信用倍率を算出不能
2026-08-18,3104,富士紡ホールディングス,プライム,3665.0,-3.17,-1.21,0.96,-2.19,0.92,200.48,3785.0,3835.0,3650.0,3835.0,3835.0,3575.0,3315.0,3525.34,3330.94,3330.94,3,C,34.62,50.95,5.76,46.21,3747.0,3969.73,3392.14,-0.28σ,0.48,なし,なし,買い,底固め,1,0.0,3364.29,4266.43,2.0,%D方向改善、直近下落なし（B以下に制限）、直近安値切り上げ、BB幅収縮、RSI安値切り上げ / 信用需給: 信用データがデータなし、または売残0で信用倍率を算出不能,,https://finance.yahoo.co.jp/quote/3104.T,データなし,データなし,データなし,データなし,データなし,データなし,データなし,データなし,3.0,0,0,3.0,391,391,信用需給は判定不能,信用データがデータなし、または売残0で信用倍率を算出不能
2026-08-18,2986,ＬＡホールディングス,グロース,2802.0,-1.06,-0.07,3.05,2.32,0.95,83.3,2858.0,2856.0,2777.0,2858.0,2873.0,2644.0,2635.0,2683.75,2633.4,2633.4,3,C,69.26,63.8,9.85,53.27,2738.52,2833.32,2879.25,+1.35σ,0.74,なし,なし,買い,底固め,1,0.0,2644.0,3118.0,2.0,%D方向改善、直近下落なし（B以下に制限）、直近安値切り上げ、BB幅収縮、RSI安値切り上げ / 信用需給: 信用データがデータなし、または売残0で信用倍率を算出不能,,https://finance.yahoo.co.jp/quote/2986.T,データなし,データなし,データなし,データなし,データなし,データなし,データなし,データなし,3.0,0,0,3.0,391,391,信用需給は判定不能,信用データがデータなし、または売残0で信用倍率を算出不能
2026-08-18,3110,日東紡績,プライム,3210.0,-6.69,-0.77,14.03,3.34,0.92,294.26,3500.0,3455.0,3185.0,3500.0,3500.0,2840.0,2520.0,2796.59,2545.48,2545.48,3,C,61.99,56.63,12.39,49.64,3106.16,3981.76,3600.4,+0.65σ,1.04,なし,なし,買い,底固め,1,0.0,2768.6,4092.79,2.0,%D方向改善、直近下落なし（B以下に制限）、直近安値切り上げ、BB幅収縮、RSI安値切り上げ / 信用需給: 信用データがデータなし、または売残0で信用倍率を算出不能,,https://finance.yahoo.co.jp/quote/3110.T,データなし,データなし,データなし,データなし,データなし,データなし,データなし,データなし,3.0,0,0,3.0,391,391,信用需給は判定不能,信用データがデータなし、または売残0で信用倍率を算出不能
2026-08-18,6908,イリソ電子工業,プライム,2814.0,-0.95,0.93,0.46,0.28,0.65,60.01,2845.0,2841.0,2802.0,2845.0,2845.0,2762.0,2706.0,2760.33,2728.06,2728.06,3,C,64.37,56.67,11.85,48.1,2806.2,3011.97,3231.49,+0.66σ,0.6,はらみ足,なし,買い,底固め,1,0.0,2723.99,2994.02,2.0,%D方向改善、直近下落なし（B以下に制限）、直近安値切り上げ、BB幅収縮、RSI安値切り上げ / 信用需給: 信用データがデータなし、または売残0で信用倍率を算出不能,,https://finance.yahoo.co.jp/quote/6908.T,データなし,データなし,データなし,データなし,データなし,データなし,データなし,データなし,3.0,0,0,3.0,391,391,信用需給は判定不能,信用データがデータなし、または売残0で信用倍率を算出不能
2026-08-18,3916,デジタル・インフォメーション・テクノロジー,プライム,960.0,-0.1,0.21,3.56,1.08,0.53,22.78,975.0,964.0,952.0,975.0,988.0,927.0,907.0,925.09,906.08,906.08,3,C,57.58,50.49,4.04,57.81,949.72,888.12,1065.3,+0.84σ,0.56,なし,なし,買い,底固め,1,0.0,925.83,1028.35,2.0,%D方向改善、直近下落なし（B以下に制限）、直近安値切り上げ、BB幅収縮、RSI安値切り上げ / 信用需給: 信用データがデータなし、または売残0で信用倍率を算出不能,,https://finance.yahoo.co.jp/quote/3916.T,データなし,データなし,データなし,データなし,データなし,データなし,データなし,データなし,3.0,0,0,3.0,391,391,信用需給は判定不能,信用データがデータなし、または売残0で信用倍率を算出不能
2026-08-18,6965,浜松ホトニクス,プライム,2543.0,-2.62,-0.18,6.07,5.9,1.07,121.24,2614.5,2646.5,2516.5,2646.5,2646.5,2339.0,2100.5,2266.79,2136.88,2136.88,3,C,71.13,77.87,11.44,54.56,2401.34,2528.45,2063.64,+1.13σ,0.76,なし,なし,買い,底固め,1,0.0,2339.0,2951.0,2.0,%D方向改善、直近下落なし（B以下に制限）、直近安値切り上げ、BB幅収縮、RSI安値切り上げ / 信用需給: 信用データがデータなし、または売残0で信用倍率を算出不能,,https://finance.yahoo.co.jp/quote/6965.T,データなし,データなし,データなし,データなし,データなし,データなし,データなし,データなし,3.0,0,0,3.0,391,391,信用需給は判定不能,信用データがデータなし、または売残0で信用倍率を算出不能
2026-08-18,6963,ローム,プライム,5040.0,-3.8,3.15,7.01,7.09,1.09,308.41,5239.0,5375.0,5040.0,5375.0,5375.0,4686.0,3775.0,4274.99,3929.02,3929.02,3,C,64.66,80.89,13.91,54.98,4706.28,4841.73,3495.74,+1.21σ,0.66,なし,なし,買い,底固め,1,0.0,4577.38,5965.23,2.0,%D方向改善、直近下落なし（B以下に制限）、直近安値切り上げ、ATR低下、RSI安値切り上げ / 信用需給: 信用データがデータなし、または売残0で信用倍率を算出不能,,https://finance.yahoo.co.jp/quote/6963.T,データなし,データなし,データなし,データなし,データなし,データなし,データなし,データなし,3.0,0,0,3.0,391,391,信用需給は判定不能,信用データがデータなし、または売残0で信用倍率を算出不能
2026-08-18,6962,大真空,プライム,811.0,-0.49,1.0,-1.46,5.3,0.74,44.56,832.0,840.0,807.0,840.0,843.0,756.0,673.0,730.77,693.29,693.29,3,C,63.22,73.94,4.96,51.83,770.16,863.63,704.2,+1.14σ,0.74,なし,なし,買い,底固め,1,0.0,744.16,944.68,2.0,%D方向改善、直近下落なし（B以下に制限）、直近安値切り上げ、ATR低下、BB幅収縮、RSI安値切り上げ / 信用需給: 信用データがデータなし、または売残0で信用倍率を算出不能,,https://finance.yahoo.co.jp/quote/6962.T,データなし,データなし,データなし,データなし,データなし,データなし,データなし,データなし,3.0,0,0,3.0,391,391,信用需給は判定不能,信用データがデータなし、または売残0で信用倍率を算出不能
2026-08-18,3946,トーモク,プライム,4720.0,0.11,2.16,2.16,5.12,0.69,101.85,4730.0,4740.0,4670.0,4740.0,4740.0,4535.0,4360.0,4466.96,4375.92,4375.92,3,C,91.11,60.79,12.5,70.45,4490.0,4066.93,3679.75,+1.78σ,0.55,陰線→陽線,なし,買い,底固め,1,0.0,4535.0,5090.0,2.0,%D方向改善、直近下落なし（B以下に制限）、直近安値切り上げ、BB幅収縮、RSI安値切り上げ / 信用需給: 信用データがデータなし、または売残0で信用倍率を算出不能,,https://finance.yahoo.co.jp/quote/3946.T,データなし,データなし,データなし,データなし,データなし,データなし,データなし,データなし,3.0,0,0,3.0,391,391,信用需給は判定不能,信用データがデータなし、または売残0で信用倍率を算出不能
2026-08-18,6387,サムコ,プライム,9970.0,-6.38,1.53,8.84,1.63,1.14,874.04,10700.0,10950.0,9950.0,10950.0,10950.0,8750.0,7130.0,8445.64,7573.78,7573.78,3,C,58.65,76.0,15.06,48.88,9810.0,11738.4,7980.68,+0.75σ,1.45,なし,なし,買い,底固め,1,0.0,8658.94,12592.13,2.0,%D方向改善、直近下落なし（B以下に制限）、直近安値切り上げ、ATR低下、出来高減少後の増加、RSI安値切り上げ / 信用需給: 信用データがデータなし、または売残0で信用倍率を算出不能,,https://finance.yahoo.co.jp/quote/6387.T,データなし,データなし,データなし,データなし,データなし,データなし,データなし,データなし,3.0,0,0,3.0,391,391,信用需給は判定不能,信用データがデータなし、または売残0で信用倍率を算出不能
2026-08-18,6779,日本電波工業,プライム,3065.0,-3.77,-3.16,3.34,7.45,1.26,296.62,3210.0,3400.0,3025.0,3400.0,3400.0,2760.0,2127.0,2545.83,2291.52,2291.52,3,C,55.03,74.73,6.66,51.86,2852.48,3166.45,1915.8,+1.04σ,0.85,なし,なし,買い,底固め,1,0.0,2620.08,3954.85,2.0,%D方向改善、直近下落なし（B以下に制限）、直近安値切り上げ、ATR低下、BB幅収縮、RSI安値切り上げ / 信用需給: 信用データがデータなし、または売残0で信用倍率を算出不能,,https://finance.yahoo.co.jp/quote/6779.T,データなし,データなし,データなし,データなし,データなし,データなし,データなし,データなし,3.0,0,0,3.0,391,391,信用需給は判定不能,信用データがデータなし、または売残0で信用倍率を算出不能
2026-08-18,6834,精工技研,スタンダード,25920.0,-6.09,4.6,23.02,21.61,1.2,2228.31,27600.0,28250.0,25570.0,28250.0,28250.0,21480.0,15660.0,18402.54,15421.09,15421.09,3,除外,70.24,80.51,12.01,58.04,21313.2,25878.4,20829.6,+1.52σ,1.26,なし,なし,買い,底固め,1,0.0,21480.0,34800.0,2.0,%D方向改善、直近下落なし（B以下に制限）、直近安値切り上げ、BB幅収縮、RSI安値切り上げ / 信用需給: 信用データがデータなし、または売残0で信用倍率を算出不能,急騰済み（5営業日急騰、25日線上方乖離）,https://finance.yahoo.co.jp/quote/6834.T,データなし,データなし,データなし,データなし,データなし,データなし,データなし,データなし,3.0,0,0,3.0,391,391,信用需給は判定不能,信用データがデータなし、または売残0で信用倍率を算出不能
2026-08-18,6674,ジーエス・ユアサ　コーポレーション,プライム,5519.0,-2.85,-1.66,1.27,-2.5,0.82,306.16,5715.0,5769.0,5519.0,5769.0,5769.0,5380.0,5044.0,5360.49,5122.43,5122.43,3,C,59.94,49.19,8.51,44.58,5660.24,6266.07,5196.2,-0.33σ,0.54,なし,なし,買い,底固め,1,0.0,5059.77,6437.47,2.0,%D方向改善、直近下落なし（B以下に制限）、直近安値切り上げ、BB幅収縮、RSI安値切り上げ / 信用需給: 信用データがデータなし、または売残0で信用倍率を算出不能,,https://finance.yahoo.co.jp/quote/6674.T,データなし,データなし,データなし,データなし,データなし,データなし,データなし,データなし,3.0,0,0,3.0,391,391,信用需給は判定不能,信用データがデータなし、または売残0で信用倍率を算出不能
2026-08-18,6754,アンリツ,プライム,3512.0,-4.95,-4.82,-2.39,-5.9,1.1,202.05,3709.0,3735.0,3512.0,3735.0,3735.0,3512.0,3344.0,3511.7,3345.85,3345.85,3,C,33.76,52.11,8.64,41.37,3732.12,4113.0,3141.76,-1.00σ,0.63,なし,なし,買い,底固め,1,0.0,3208.93,4118.15,2.0,%D方向改善、直近下落なし（B以下に制限）、直近安値切り上げ、BB幅収縮、RSI安値切り上げ / 信用需給: 信用データがデータなし、または売残0で信用倍率を算出不能,,https://finance.yahoo.co.jp/quote/6754.T,データなし,データなし,データなし,データなし,データなし,データなし,データなし,データなし,3.0,0,0,3.0,391,391,信用需給は判定不能,信用データがデータなし、または売残0で信用倍率を算出不能
2026-08-18,6800,ヨコオ,プライム,4225.0,-4.95,-2.2,0.84,-1.9,1.1,335.09,4460.0,4555.0,4185.0,4555.0,4555.0,4000.0,3435.0,3905.97,3617.94,3617.94,3,C,51.82,57.55,5.37,45.91,4307.0,4968.6,3530.74,+0.11σ,0.69,なし,なし,買い,底固め,1,0.0,3722.36,5230.28,2.0,%D方向改善、直近下落なし（B以下に制限）、直近安値切り上げ、BB幅収縮、RSI安値切り上げ / 信用需給: 信用データがデータなし、または売残0で信用倍率を算出不能,,https://finance.yahoo.co.jp/quote/6800.T,データなし,データなし,データなし,データなし,データなし,データなし,データなし,データなし,3.0,0,0,3.0,391,391,信用需給は判定不能,信用データがデータなし、または売残0で信用倍率を算出不能
2026-08-18,6619,ダブル・スコープ,プライム,162.0,0.0,0.62,1.89,3.03,0.81,8.63,162.0,168.0,161.0,168.0,168.0,156.0,139.0,147.89,141.68,141.68,3,C,70.0,78.82,15.03,48.08,157.24,211.99,201.64,+1.27σ,1.04,なし,なし,買い,底固め,1,0.0,149.06,187.89,2.0,%D方向改善、直近下落なし（B以下に制限）、直近安値切り上げ、ATR低下、BB幅収縮、RSI安値切り上げ / 信用需給: 信用データがデータなし、または売残0で信用倍率を算出不能,,https://finance.yahoo.co.jp/quote/6619.T,データなし,データなし,データなし,データなし,データなし,データなし,データなし,データなし,3.0,0,0,3.0,391,391,信用需給は判定不能,信用データがデータなし、または売残0で信用倍率を算出不能
2026-08-18,6617,東光高岳,プライム,7790.0,-0.38,1.43,2.5,1.43,0.77,456.54,7880.0,8140.0,7790.0,8140.0,8140.0,7380.0,6470.0,7170.06,6693.12,6693.12,3,C,51.25,52.85,2.5,52.14,7680.4,7704.93,5705.4,+0.30σ,0.64,なし,通常,買い,アンチ,1,0.0,7105.19,9159.63,2.0,%K反転、直近下落なし（B以下に制限） / 信用需給: 信用データがデータなし、または売残0で信用倍率を算出不能,,https://finance.yahoo.co.jp/quote/6617.T,データなし,データなし,データなし,データなし,データなし,データなし,データなし,データなし,3.0,0,0,3.0,391,391,信用需給は判定不能,信用データがデータなし、または売残0で信用倍率を算出不能
2026-08-18,8334,群馬銀行,プライム,2800.5,1.41,2.19,8.91,7.92,0.99,73.03,2788.0,2842.5,2770.0,2842.5,2842.5,2570.5,2440.0,2515.47,2423.04,2423.04,3,C,86.5,79.39,17.48,70.01,2595.04,2396.39,2103.17,+2.08σ,0.77,陰線→陽線,なし,買い,底固め,1,0.0,2570.5,3260.5,2.0,%D方向改善、直近下落なし（B以下に制限）、直近安値切り上げ、BB幅収縮、RSI安値切り上げ、レンジ上限突破 / 信用需給: 信用データがデータなし、または売残0で信用倍率を算出不能,,https://finance.yahoo.co.jp/quote/8334.T,データなし,データなし,データなし,データなし,データなし,データなし,データなし,データなし,3.0,0,0,3.0,391,391,信用需給は判定不能,信用データがデータなし、または売残0で信用倍率を算出不能
2026-08-18,8331,千葉銀行,プライム,2837.5,-0.21,-0.16,6.11,4.59,0.74,78.08,2864.5,2892.5,2835.0,2892.5,2892.5,2719.0,2504.0,2633.91,2554.09,2554.09,3,C,77.51,76.24,18.5,64.61,2713.04,2508.87,2145.31,+1.55σ,0.79,なし,なし,買い,底固め,1,0.0,2719.0,3074.5,2.0,%D方向改善、直近下落なし（B以下に制限）、直近安値切り上げ、BB幅収縮、RSI安値切り上げ / 信用需給: 信用データがデータなし、または売残0で信用倍率を算出不能,,https://finance.yahoo.co.jp/quote/8331.T,データなし,データなし,データなし,データなし,データなし,データなし,データなし,データなし,3.0,0,0,3.0,391,391,信用需給は判定不能,信用データがデータなし、または売残0で信用倍率を算出不能
2026-08-18,8316,三井住友フィナンシャルグループ,プライム,6900.0,-0.26,-0.99,4.09,0.16,0.6,177.39,7025.0,7004.0,6898.0,7025.0,7035.0,6726.0,6420.0,6683.38,6494.01,6494.01,3,C,69.32,65.79,18.3,53.76,6888.76,6410.76,5620.62,+0.14σ,0.68,はらみ足,なし,買い,底固め,1,0.0,6633.92,7432.16,2.0,%D方向改善、直近下落なし（B以下に制限）、直近安値切り上げ、BB幅収縮、RSI安値切り上げ / 信用需給: 信用データがデータなし、または売残0で信用倍率を算出不能,,https://finance.yahoo.co.jp/quote/8316.T,データなし,データなし,データなし,データなし,データなし,データなし,データなし,データなし,3.0,0,0,3.0,391,391,信用需給は判定不能,信用データがデータなし、または売残0で信用倍率を算出不能
2026-08-18,8604,野村ホールディングス,プライム,1554.0,-0.32,-1.74,0.26,-0.64,0.37,39.43,1563.5,1563.0,1548.5,1563.5,1589.5,1538.5,1455.5,1526.35,1490.12,1490.12,3,C,38.79,69.6,7.92,52.31,1564.08,1425.09,1331.82,-0.24σ,0.63,はらみ足,なし,買い,底固め,1,0.0,1494.85,1672.3,2.0,%D方向改善、直近下落なし（B以下に制限）、直近安値切り上げ、BB幅収縮、RSI安値切り上げ / 信用需給: 信用データがデータなし、または売残0で信用倍率を算出不能,,https://finance.yahoo.co.jp/quote/8604.T,データなし,データなし,データなし,データなし,データなし,データなし,データなし,データなし,3.0,0,0,3.0,391,391,信用需給は判定不能,信用データがデータなし、または売残0で信用倍率を算出不能
2026-08-18,6584,三櫻工業,プライム,840.0,-1.75,5.53,8.39,1.96,0.98,43.91,860.0,878.0,835.0,878.0,878.0,769.0,729.0,789.43,762.56,762.56,3,C,74.5,62.94,6.55,50.12,823.84,883.15,839.15,+0.88σ,0.78,なし,なし,買い,底固め,1,0.0,769.0,982.0,2.0,%D方向改善、直近下落なし（B以下に制限）、直近安値切り上げ、BB幅収縮、RSI安値切り上げ / 信用需給: 信用データがデータなし、または売残0で信用倍率を算出不能,,https://finance.yahoo.co.jp/quote/6584.T,データなし,データなし,データなし,データなし,データなし,データなし,データなし,データなし,3.0,0,0,3.0,391,391,信用需給は判定不能,信用データがデータなし、または売残0で信用倍率を算出不能
2026-08-18,8584,ジャックス,プライム,3720.0,-0.8,-1.59,-1.06,-0.5,0.9,66.79,3790.0,3775.0,3715.0,3790.0,3800.0,3715.0,3610.0,3680.78,3620.3,3620.3,3,C,38.46,60.95,8.86,50.53,3738.8,3660.73,3988.42,-0.35σ,1.22,なし,なし,買い,底固め,1,0.0,3619.82,3920.36,2.0,%D方向改善、直近下落なし（B以下に制限）、直近安値切り上げ、BB幅収縮、出来高減少後の増加、RSI安値切り上げ / 信用需給: 信用データがデータなし、または売残0で信用倍率を算出不能,,https://finance.yahoo.co.jp/quote/8584.T,データなし,データなし,データなし,データなし,データなし,データなし,データなし,データなし,3.0,0,0,3.0,391,391,信用需給は判定不能,信用データがデータなし、または売残0で信用倍率を算出不能
2026-08-18,6521,オキサイド,グロース,3360.0,-0.59,-2.33,4.84,1.59,0.83,229.82,3410.0,3490.0,3300.0,3490.0,3585.0,3140.0,2628.0,2967.09,2749.64,2749.64,3,C,57.94,77.32,9.69,45.8,3307.44,4544.15,3398.52,+0.81σ,0.85,なし,なし,買い,底固め,1,0.0,3015.26,4049.47,2.0,%D方向改善、直近下落なし（B以下に制限）、直近安値切り上げ、ATR低下、BB幅収縮、RSI安値切り上げ / 信用需給: 信用データがデータなし、または売残0で信用倍率を算出不能,,https://finance.yahoo.co.jp/quote/6521.T,データなし,データなし,データなし,データなし,データなし,データなし,データなし,データなし,3.0,0,0,3.0,391,391,信用需給は判定不能,信用データがデータなし、または売残0で信用倍率を算出不能
2026-08-18,6522,アスタリスク,グロース,2025.0,-2.69,6.52,13.89,18.92,0.73,229.39,2234.0,2103.0,1936.0,2234.0,2301.0,1717.0,1228.0,1488.46,1274.02,1274.02,3,除外,55.84,72.57,11.71,59.12,1702.76,1309.45,831.6,+1.50σ,0.69,なし,なし,買い,底固め,1,0.0,1680.91,2713.17,2.0,%D方向改善、直近下落なし（B以下に制限）、直近安値切り上げ、BB幅収縮、RSI安値切り上げ / 信用需給: 信用データがデータなし、または売残0で信用倍率を算出不能,急騰済み（25日線上方乖離）,https://finance.yahoo.co.jp/quote/6522.T,データなし,データなし,データなし,データなし,データなし,データなし,データなし,データなし,3.0,0,0,3.0,391,391,信用需給は判定不能,信用データがデータなし、または売残0で信用倍率を算出不能
2026-08-18,8359,八十二長野銀行,プライム,2730.0,0.31,1.85,7.71,5.15,0.75,78.49,2736.0,2779.5,2720.5,2779.5,2779.5,2552.0,2397.5,2524.89,2446.86,2446.86,3,C,80.78,75.3,19.87,63.49,2596.38,2434.93,2065.46,+1.63σ,0.74,なし,なし,買い,底固め,1,0.0,2552.0,3086.0,2.0,%D方向改善、直近下落なし（B以下に制限）、直近安値切り上げ、BB幅収縮、RSI安値切り上げ / 信用需給: 信用データがデータなし、または売残0で信用倍率を算出不能,,https://finance.yahoo.co.jp/quote/8359.T,データなし,データなし,データなし,データなし,データなし,データなし,データなし,データなし,3.0,0,0,3.0,391,391,信用需給は判定不能,信用データがデータなし、または売残0で信用倍率を算出不能
2026-08-18,8358,スルガ銀行,プライム,2943.0,1.38,2.19,6.82,8.15,1.13,86.88,2923.0,3015.0,2917.0,3015.0,3015.0,2679.0,2518.0,2636.02,2535.08,2535.08,3,除外,79.07,78.31,15.17,73.44,2721.12,2486.68,2102.84,+2.04σ,1.1,なし,なし,買い,底固め,1,0.0,2679.0,3471.0,2.0,%D方向改善、直近下落なし（B以下に制限）、直近安値切り上げ、BB幅収縮、RSI安値切り上げ / 信用需給: 信用データがデータなし、または売残0で信用倍率を算出不能,急騰済み（高RSI）,https://finance.yahoo.co.jp/quote/8358.T,データなし,データなし,データなし,データなし,データなし,データなし,データなし,データなし,3.0,0,0,3.0,391,391,信用需給は判定不能,信用データがデータなし、または売残0で信用倍率を算出不能
2026-08-18,8354,ふくおかフィナンシャルグループ,プライム,7763.0,0.15,0.77,6.9,3.26,0.87,222.87,7834.0,7920.0,7725.0,7920.0,7920.0,7331.0,7093.0,7387.86,7229.08,7229.08,3,C,79.56,71.44,17.17,59.72,7517.92,7031.21,6142.92,+1.36σ,0.87,なし,なし,買い,底固め,1,0.0,7331.0,8627.0,2.0,%D方向改善、直近下落なし（B以下に制限）、直近安値切り上げ、BB幅収縮、RSI安値切り上げ / 信用需給: 信用データがデータなし、または売残0で信用倍率を算出不能,,https://finance.yahoo.co.jp/quote/8354.T,データなし,データなし,データなし,データなし,データなし,データなし,データなし,データなし,3.0,0,0,3.0,391,391,信用需給は判定不能,信用データがデータなし、または売残0で信用倍率を算出不能
2026-08-18,8425,みずほリース,プライム,1351.0,-0.07,-0.37,0.37,1.24,0.68,22.1,1364.0,1361.0,1346.0,1364.0,1364.0,1346.0,1308.0,1326.88,1311.15,1311.15,3,C,48.28,49.17,7.07,56.23,1334.48,1317.32,1370.27,+0.53σ,0.95,陰線→陽線,なし,買い,底固め,1,0.0,1317.85,1417.3,2.0,%D方向改善、直近下落なし（B以下に制限）、直近安値切り上げ、BB幅収縮、RSI安値切り上げ / 信用需給: 信用データがデータなし、または売残0で信用倍率を算出不能,,https://finance.yahoo.co.jp/quote/8425.T,データなし,データなし,データなし,データなし,データなし,データなし,データなし,データなし,3.0,0,0,3.0,391,391,信用需給は判定不能,信用データがデータなし、または売残0で信用倍率を算出不能
2026-08-18,8524,北洋銀行,プライム,1324.0,0.99,1.46,9.97,9.08,0.78,43.66,1317.0,1351.0,1317.0,1351.0,1351.0,1216.0,1104.0,1165.5,1110.49,1110.49,3,C,81.76,74.61,21.27,67.69,1213.84,1093.51,973.49,+1.88σ,1.03,なし,なし,買い,底固め,1,0.0,1216.0,1540.0,2.0,%D方向改善、直近下落なし（B以下に制限）、直近安値切り上げ、RSI安値切り上げ、レンジ上限突破 / 信用需給: 信用データがデータなし、または売残0で信用倍率を算出不能,,https://finance.yahoo.co.jp/quote/8524.T,データなし,データなし,データなし,データなし,データなし,データなし,データなし,データなし,3.0,0,0,3.0,391,391,信用需給は判定不能,信用データがデータなし、または売残0で信用倍率を算出不能
2026-08-18,8923,トーセイ,プライム,1772.0,-1.01,0.34,1.78,-0.56,0.42,43.07,1811.0,1785.0,1767.0,1811.0,1811.0,1739.0,1721.0,1749.06,1721.22,1721.22,3,C,56.67,44.4,2.78,51.96,1781.96,1679.45,1661.92,-0.18σ,0.52,なし,なし,買い,底固め,1,0.0,1707.4,1901.21,2.0,%D方向改善、直近下落なし（B以下に制限）、直近安値切り上げ、BB幅収縮、RSI安値切り上げ / 信用需給: 信用データがデータなし、または売残0で信用倍率を算出不能,,https://finance.yahoo.co.jp/quote/8923.T,データなし,データなし,データなし,データなし,データなし,データなし,データなし,データなし,3.0,0,0,3.0,391,391,信用需給は判定不能,信用データがデータなし、または売残0で信用倍率を算出不能
2026-08-18,8995,誠建設工業,スタンダード,2380.0,20.2,85.94,109.51,119.14,0.0,181.67,1980.0,2380.0,2380.0,2380.0,2380.0,1101.0,790.0,754.49,355.32,355.32,3,除外,100.0,66.73,14.35,85.11,1086.04,982.8,1113.99,+3.07σ,0.13,なし,なし,買い,底固め,1,0.0,1101.0,4938.0,2.0,%D方向改善、直近下落なし（B以下に制限）、直近安値切り上げ、RSI安値切り上げ、レンジ上限突破 / 信用需給: 信用データがデータなし、または売残0で信用倍率を算出不能,急騰済み（当日急騰、3営業日急騰、5営業日急騰、25日線上方乖離、高RSI、BB +2σ大幅超過）,https://finance.yahoo.co.jp/quote/8995.T,データなし,データなし,データなし,データなし,データなし,データなし,データなし,データなし,3.0,0,0,3.0,391,391,信用需給は判定不能,信用データがデータなし、または売残0で信用倍率を算出不能
2026-08-18,5838,楽天銀行,プライム,6308.0,1.41,6.63,11.61,11.83,0.93,242.9,6291.0,6486.0,6260.0,6486.0,6486.0,5562.0,5192.0,5369.88,5091.92,5091.92,3,除外,81.72,77.58,14.93,68.64,5640.8,5498.55,6482.94,+2.37σ,1.08,なし,なし,買い,底固め,1,0.0,5562.0,7800.0,2.0,%D方向改善、直近下落なし（B以下に制限）、直近安値切り上げ、BB幅収縮、RSI安値切り上げ / 信用需給: 信用データがデータなし、または売残0で信用倍率を算出不能,急騰済み（25日線上方乖離、BB +2σ大幅超過）,https://finance.yahoo.co.jp/quote/5838.T,データなし,データなし,データなし,データなし,データなし,データなし,データなし,データなし,3.0,0,0,3.0,391,391,信用需給は判定不能,信用データがデータなし、または売残0で信用倍率を算出不能
2026-08-18,5832,ちゅうぎんフィナンシャルグループ,プライム,3545.0,0.42,0.28,6.87,5.38,0.67,97.01,3558.0,3610.0,3545.0,3610.0,3610.0,3354.0,3149.0,3300.89,3214.27,3214.27,3,C,78.76,71.48,12.01,64.75,3364.16,3160.21,2862.58,+1.82σ,0.63,なし,なし,買い,底固め,1,0.0,3354.0,3927.0,2.0,%D方向改善、直近下落なし（B以下に制限）、直近安値切り上げ、BB幅収縮、RSI安値切り上げ / 信用需給: 信用データがデータなし、または売残0で信用倍率を算出不能,,https://finance.yahoo.co.jp/quote/5832.T,データなし,データなし,データなし,データなし,データなし,データなし,データなし,データなし,3.0,0,0,3.0,391,391,信用需給は判定不能,信用データがデータなし、または売残0で信用倍率を算出不能
2026-08-18,5985,サンコール,スタンダード,2434.0,3.22,19.96,39.09,61.63,0.93,158.49,2359.0,2482.0,2335.0,2482.0,2482.0,1830.0,1055.0,1121.57,710.39,710.39,3,除外,96.03,93.41,9.75,79.49,1505.88,1640.28,1388.1,+2.19σ,1.67,なし,なし,買い,底固め,1,0.0,1830.0,3642.0,2.0,%D方向改善、直近下落なし（B以下に制限）、直近安値切り上げ、RSI安値切り上げ、レンジ上限突破 / 信用需給: 信用データがデータなし、または売残0で信用倍率を算出不能,急騰済み（3営業日急騰、5営業日急騰、25日線上方乖離、高RSI）,https://finance.yahoo.co.jp/quote/5985.T,データなし,データなし,データなし,データなし,データなし,データなし,データなし,データなし,3.0,0,0,3.0,391,391,信用需給は判定不能,信用データがデータなし、または売残0で信用倍率を算出不能
2026-08-18,6016,ジャパンエンジンコーポレーション,スタンダード,10190.0,2.41,3.77,10.76,10.25,0.82,582.23,10090.0,10490.0,10010.0,10490.0,10490.0,9150.0,8310.0,9010.31,8599.61,8599.61,3,除外,82.04,69.73,6.87,62.66,9242.4,9152.27,11755.75,+1.87σ,0.9,なし,なし,買い,底固め,1,0.0,9150.0,12270.0,2.0,%D方向改善、直近下落なし（B以下に制限）、直近安値切り上げ、BB幅収縮、RSI安値切り上げ、レンジ上限突破 / 信用需給: 信用データがデータなし、または売残0で信用倍率を算出不能,急騰済み（25日線上方乖離）,https://finance.yahoo.co.jp/quote/6016.T,データなし,データなし,データなし,データなし,データなし,データなし,データなし,データなし,3.0,0,0,3.0,391,391,信用需給は判定不能,信用データがデータなし、または売残0で信用倍率を算出不能
2026-08-18,2585,ライフドリンク　カンパニー,プライム,1658.0,-1.07,11.5,9.51,10.71,0.87,88.86,1896.0,1708.0,1631.0,1896.0,1896.0,1480.0,1388.0,1415.52,1323.8,1323.8,3,除外,44.78,64.29,6.18,59.65,1497.64,1541.52,1588.64,+1.64σ,1.28,なし,なし,買い,底固め,1,0.0,1480.0,2014.0,2.0,%D方向改善、直近下落なし（B以下に制限）、直近安値切り上げ、BB幅収縮、RSI安値切り上げ / 信用需給: 信用データがデータなし、または売残0で信用倍率を算出不能,急騰済み（25日線上方乖離）,https://finance.yahoo.co.jp/quote/2585.T,データなし,データなし,データなし,データなし,データなし,データなし,データなし,データなし,3.0,0,0,3.0,391,391,信用需給は判定不能,信用データがデータなし、または売残0で信用倍率を算出不能
2026-08-18,8795,Ｔ＆Ｄホールディングス,プライム,4929.0,-0.18,0.04,1.69,-1.18,0.43,125.84,4972.0,4950.0,4896.0,4972.0,4972.0,4878.0,4845.0,4924.27,4846.99,4846.99,3,C,33.47,32.55,-2.95,49.54,4987.76,4617.75,4061.28,-0.94σ,0.86,陰線→陽線 / はらみ足,なし,買い,底固め,1,0.0,4740.23,5306.53,2.0,%D方向改善、直近下落なし（B以下に制限）、直近安値切り上げ、BB幅収縮、RSI安値切り上げ / 信用需給: 信用データがデータなし、または売残0で信用倍率を算出不能,,https://finance.yahoo.co.jp/quote/8795.T,データなし,データなし,データなし,データなし,データなし,データなし,データなし,データなし,3.0,0,0,3.0,391,391,信用需給は判定不能,信用データがデータなし、または売残0で信用倍率を算出不能
2026-08-18,8818,京阪神ビルディング,プライム,1096.0,-0.63,0.27,4.58,0.03,0.57,31.74,1118.0,1114.0,1096.0,1118.0,1120.0,1040.0,1034.0,1070.06,1044.83,1044.83,3,C,72.09,36.3,5.69,50.88,1095.72,1079.02,1004.22,+0.03σ,0.61,はらみ足,なし,買い,底固め,1,0.0,1040.0,1208.0,2.0,%D方向改善、直近下落なし（B以下に制限）、直近安値切り上げ、BB幅収縮、RSI安値切り上げ / 信用需給: 信用データがデータなし、または売残0で信用倍率を算出不能,,https://finance.yahoo.co.jp/quote/8818.T,データなし,データなし,データなし,データなし,データなし,データなし,データなし,データなし,3.0,0,0,3.0,391,391,信用需給は判定不能,信用データがデータなし、または売残0で信用倍率を算出不能
2026-08-18,8914,エリアリンク,スタンダード,905.0,-1.63,-4.64,-0.66,-2.21,0.81,35.76,950.0,933.0,904.0,950.0,950.0,904.0,881.0,904.0,870.69,870.69,3,C,30.77,36.06,-0.22,46.98,925.48,914.81,1034.01,-0.97σ,0.55,なし,なし,買い,底固め,1,0.0,851.36,1012.28,2.0,%D方向改善、直近下落なし（B以下に制限）、直近安値切り上げ、BB幅収縮、RSI安値切り上げ / 信用需給: 信用データがデータなし、または売残0で信用倍率を算出不能,,https://finance.yahoo.co.jp/quote/8914.T,データなし,データなし,データなし,データなし,データなし,データなし,データなし,データなし,3.0,0,0,3.0,391,391,信用需給は判定不能,信用データがデータなし、または売残0で信用倍率を算出不能
2026-08-18,6356,日本ギア工業,スタンダード,1375.0,-2.34,-2.76,2.84,-0.65,0.73,68.58,1420.0,1425.0,1375.0,1425.0,1429.0,1335.0,1220.0,1298.28,1245.86,1245.86,3,C,44.33,73.78,11.74,48.01,1384.0,1470.24,1227.54,+0.46σ,0.42,なし,なし,買い,底固め,1,0.0,1272.13,1580.73,2.0,%D方向改善、直近下落なし（B以下に制限）、直近安値切り上げ、ATR低下、BB幅収縮、RSI安値切り上げ / 信用需給: 信用データがデータなし、または売残0で信用倍率を算出不能,,https://finance.yahoo.co.jp/quote/6356.T,データなし,データなし,データなし,データなし,データなし,データなし,データなし,データなし,3.0,0,0,3.0,391,391,信用需給は判定不能,信用データがデータなし、または売残0で信用倍率を算出不能
2026-08-18,4109,ステラ　ケミファ,プライム,5550.0,-3.14,0.18,4.72,1.87,0.8,274.09,5750.0,5770.0,5550.0,5770.0,5800.0,5290.0,4835.0,5137.58,4887.67,4887.67,3,C,69.88,64.43,17.23,48.68,5448.0,6280.53,5319.7,+0.65σ,0.78,なし,なし,買い,底固め,1,0.0,5138.86,6372.28,2.0,%D方向改善、直近下落なし（B以下に制限）、直近安値切り上げ、BB幅収縮、RSI安値切り上げ / 信用需給: 信用データがデータなし、または売残0で信用倍率を算出不能,,https://finance.yahoo.co.jp/quote/4109.T,データなし,データなし,データなし,データなし,データなし,データなし,データなし,データなし,3.0,0,0,3.0,391,391,信用需給は判定不能,信用データがデータなし、または売残0で信用倍率を算出不能
2026-08-18,4063,信越化学工業,プライム,6242.0,-2.24,-2.13,-0.7,-4.02,0.82,224.78,6408.0,6405.0,6221.0,6408.0,6508.0,6221.0,5636.0,5856.74,5435.12,5435.12,3,C,45.04,76.21,15.8,43.1,6503.44,6989.31,6048.88,-0.09σ,0.61,なし,なし,買い,底固め,1,0.0,5904.83,6916.35,2.0,%D方向改善、直近下落なし（B以下に制限）、直近安値切り上げ、ATR低下、RSI安値切り上げ / 信用需給: 信用データがデータなし、または売残0で信用倍率を算出不能,,https://finance.yahoo.co.jp/quote/4063.T,データなし,データなし,データなし,データなし,データなし,データなし,データなし,データなし,3.0,0,0,3.0,391,391,信用需給は判定不能,信用データがデータなし、または売残0で信用倍率を算出不能
2026-08-18,4107,伊勢化学工業,スタンダード,3800.0,-1.3,1.06,1.74,4.87,0.87,165.74,3850.0,3935.0,3790.0,3935.0,3935.0,3660.0,3225.0,3480.6,3342.69,3342.69,3,C,55.0,83.9,13.15,54.04,3623.6,4015.0,4633.7,+1.32σ,0.89,なし,なし,買い,底固め,1,0.0,3551.4,4297.21,2.0,%D方向改善、直近下落なし（B以下に制限）、直近安値切り上げ、ATR低下、BB幅収縮、RSI安値切り上げ / 信用需給: 信用データがデータなし、または売残0で信用倍率を算出不能,,https://finance.yahoo.co.jp/quote/4107.T,データなし,データなし,データなし,データなし,データなし,データなし,データなし,データなし,3.0,0,0,3.0,391,391,信用需給は判定不能,信用データがデータなし、または売残0で信用倍率を算出不能
2026-08-18,6309,巴工業,プライム,2001.0,0.55,3.09,2.99,4.21,1.19,37.03,2006.0,2024.0,1980.0,2024.0,2024.0,1931.0,1856.0,1889.85,1854.45,1854.45,3,C,77.0,73.09,11.69,68.0,1920.12,1820.07,1834.72,+2.14σ,1.02,なし,なし,買い,底固め,1,0.0,1931.0,2141.0,2.0,%D方向改善、直近下落なし（B以下に制限）、直近安値切り上げ、BB幅収縮、RSI安値切り上げ / 信用需給: 信用データがデータなし、または売残0で信用倍率を算出不能,,https://finance.yahoo.co.jp/quote/6309.T,データなし,データなし,データなし,データなし,データなし,データなし,データなし,データなし,3.0,0,0,3.0,391,391,信用需給は判定不能,信用データがデータなし、または売残0で信用倍率を算出不能
2026-08-18,6327,北川精機,スタンダード,3935.0,-1.25,8.1,22.59,5.81,0.8,515.04,4025.0,4110.0,3700.0,4110.0,4110.0,3110.0,2615.0,2996.26,2553.47,2553.47,3,除外,84.43,75.81,19.8,50.54,3718.84,4259.27,2366.1,+1.12σ,2.19,なし,なし,買い,底固め,1,0.0,3110.0,5585.0,2.0,%D方向改善、直近下落なし（B以下に制限）、直近安値切り上げ、ATR低下、BB幅収縮、RSI安値切り上げ / 信用需給: 信用データがデータなし、または売残0で信用倍率を算出不能,急騰済み（5営業日急騰）,https://finance.yahoo.co.jp/quote/6327.T,データなし,データなし,データなし,データなし,データなし,データなし,データなし,データなし,3.0,0,0,3.0,391,391,信用需給は判定不能,信用データがデータなし、または売残0で信用倍率を算出不能
2026-08-18,6331,三菱化工機,プライム,3330.0,-0.15,2.46,3.42,1.85,0.59,126.58,3355.0,3405.0,3330.0,3405.0,3405.0,3155.0,2937.0,3148.66,3052.08,3052.08,3,C,70.0,67.99,10.34,50.13,3269.4,3506.53,3380.54,+0.88σ,0.56,なし,なし,買い,底固め,1,0.0,3140.14,3709.73,2.0,%D方向改善、直近下落なし（B以下に制限）、直近安値切り上げ、BB幅収縮、RSI安値切り上げ / 信用需給: 信用データがデータなし、または売残0で信用倍率を算出不能,,https://finance.yahoo.co.jp/quote/6331.T,データなし,データなし,データなし,データなし,データなし,データなし,データなし,データなし,3.0,0,0,3.0,391,391,信用需給は判定不能,信用データがデータなし、または売残0で信用倍率を算出不能
2026-08-18,6269,三井海洋開発,プライム,10715.0,1.71,4.89,10.99,5.56,1.12,497.14,10920.0,11185.0,10630.0,11185.0,11185.0,9771.0,9436.0,9982.9,9739.95,9739.95,3,C,73.13,58.86,9.86,59.22,10150.2,10426.01,12345.2,+2.01σ,1.41,なし,なし,買い,底固め,1,0.0,9771.0,12603.0,2.0,%D方向改善、直近下落なし（B以下に制限）、直近安値切り上げ、BB幅収縮、RSI安値切り上げ / 信用需給: 信用データがデータなし、または売残0で信用倍率を算出不能,,https://finance.yahoo.co.jp/quote/6269.T,データなし,データなし,データなし,データなし,データなし,データなし,データなし,データなし,3.0,0,0,3.0,391,391,信用需給は判定不能,信用データがデータなし、または売残0で信用倍率を算出不能
2026-08-18,6217,津田駒工業,スタンダード,884.0,-4.74,11.06,9.81,16.68,0.69,72.58,956.0,927.0,877.0,956.0,956.0,785.0,629.0,692.34,622.48,622.48,3,除外,69.36,80.73,13.82,56.06,757.64,1124.43,757.8,+1.74σ,1.23,はらみ足,なし,買い,底固め,1,0.0,775.12,1101.75,2.0,%D方向改善、直近下落なし（B以下に制限）、直近安値切り上げ、ATR低下、BB幅収縮、RSI安値切り上げ / 信用需給: 信用データがデータなし、または売残0で信用倍率を算出不能,急騰済み（25日線上方乖離）,https://finance.yahoo.co.jp/quote/6217.T,データなし,データなし,データなし,データなし,データなし,データなし,データなし,データなし,3.0,0,0,3.0,391,391,信用需給は判定不能,信用データがデータなし、または売残0で信用倍率を算出不能
2026-08-18,6196,ストライクグループ,プライム,1329.0,-1.12,0.76,0.45,-0.71,0.49,28.52,1344.0,1342.0,1328.0,1344.0,1349.0,1312.0,1248.0,1312.85,1292.69,1292.69,3,C,58.33,61.86,6.87,50.86,1338.52,1280.63,1340.33,-0.20σ,0.62,はらみ足,なし,買い,底固め,1,0.0,1286.23,1414.55,2.0,%D方向改善、直近下落なし（B以下に制限）、直近安値切り上げ、BB幅収縮、RSI安値切り上げ / 信用需給: 信用データがデータなし、または売残0で信用倍率を算出不能,,https://finance.yahoo.co.jp/quote/6196.T,データなし,データなし,データなし,データなし,データなし,データなし,データなし,データなし,3.0,0,0,3.0,391,391,信用需給は判定不能,信用データがデータなし、または売残0で信用倍率を算出不能
2026-08-18,2334,イオレ,グロース,547.0,-0.91,-1.08,5.19,6.26,1.06,33.08,564.0,572.0,537.0,572.0,572.0,509.0,440.0,476.23,444.36,444.36,3,C,60.32,80.71,16.92,54.97,514.76,548.55,459.74,+1.22σ,1.23,なし,なし,買い,底固め,1,0.0,497.37,646.25,2.0,%D方向改善、直近下落なし（B以下に制限）、直近安値切り上げ、ATR低下、BB幅収縮、RSI安値切り上げ / 信用需給: 信用データがデータなし、または売残0で信用倍率を算出不能,,https://finance.yahoo.co.jp/quote/2334.T,データなし,データなし,データなし,データなし,データなし,データなし,データなし,データなし,3.0,0,0,3.0,391,391,信用需給は判定不能,信用データがデータなし、または売残0で信用倍率を算出不能
2026-08-18,8713,フィデアホールディングス,プライム,2770.0,2.4,5.4,14.13,22.59,1.0,84.62,2727.0,2800.0,2715.0,2800.0,2800.0,2423.0,2024.0,2079.14,1856.78,1856.78,3,除外,95.0,85.37,7.04,86.6,2259.64,2070.8,1965.74,+2.11σ,2.01,なし,なし,買い,底固め,1,0.0,2423.0,3464.0,2.0,%D方向改善、直近下落なし（B以下に制限）、直近安値切り上げ、RSI安値切り上げ、レンジ上限突破 / 信用需給: 信用データがデータなし、または売残0で信用倍率を算出不能,急騰済み（25日線上方乖離、高RSI）,https://finance.yahoo.co.jp/quote/8713.T,データなし,データなし,データなし,データなし,データなし,データなし,データなし,データなし,3.0,0,0,3.0,391,391,信用需給は判定不能,信用データがデータなし、または売残0で信用倍率を算出不能
2026-08-18,5831,しずおかフィナンシャルグループ,プライム,3566.0,0.51,2.47,6.51,7.06,0.62,102.44,3551.0,3618.0,3554.0,3618.0,3618.0,3350.0,3052.0,3213.31,3086.87,3086.87,3,C,83.85,76.19,20.31,66.94,3330.8,3100.94,2749.88,+1.79σ,0.94,なし,なし,買い,底固め,1,0.0,3350.0,3998.0,2.0,%D方向改善、直近下落なし（B以下に制限）、直近安値切り上げ、BB幅収縮、RSI安値切り上げ / 信用需給: 信用データがデータなし、または売残0で信用倍率を算出不能,,https://finance.yahoo.co.jp/quote/5831.T,データなし,データなし,データなし,データなし,データなし,データなし,データなし,データなし,3.0,0,0,3.0,391,391,信用需給は判定不能,信用データがデータなし、または売残0で信用倍率を算出不能
2026-08-18,5333,ＮＧＫ,プライム,5850.0,-4.43,-2.6,2.81,-1.57,1.06,313.75,6124.0,6162.0,5828.0,6162.0,6162.0,5574.0,5050.0,5510.21,5216.53,5216.53,3,C,53.36,68.52,12.55,46.01,5943.52,6262.77,4657.3,+0.16σ,0.65,なし,なし,買い,底固め,1,0.0,5379.38,6791.24,2.0,%D方向改善、直近下落なし（B以下に制限）、直近安値切り上げ、BB幅収縮、RSI安値切り上げ / 信用需給: 信用データがデータなし、または売残0で信用倍率を算出不能,,https://finance.yahoo.co.jp/quote/5333.T,データなし,データなし,データなし,データなし,データなし,データなし,データなし,データなし,3.0,0,0,3.0,391,391,信用需給は判定不能,信用データがデータなし、または売残0で信用倍率を算出不能
2026-08-18,1419,タマホーム,プライム,2970.0,-0.13,1.26,1.37,-0.42,0.65,55.67,2999.0,2997.0,2961.0,2999.0,2999.0,2910.0,2895.0,2921.08,2867.57,2867.57,3,C,67.42,35.51,9.83,49.56,2982.4,3101.32,3500.82,-0.09σ,0.51,なし,なし,買い,底固め,1,0.0,2886.5,3137.01,2.0,%D方向改善、直近下落なし（B以下に制限）、直近安値切り上げ、ATR低下、BB幅収縮、RSI安値切り上げ / 信用需給: 信用データがデータなし、または売残0で信用倍率を算出不能,,https://finance.yahoo.co.jp/quote/1419.T,データなし,データなし,データなし,データなし,データなし,データなし,データなし,データなし,3.0,0,0,3.0,391,391,信用需給は判定不能,信用データがデータなし、または売残0で信用倍率を算出不能
2026-08-18,5027,ＡｎｙＭｉｎｄ　Ｇｒｏｕｐ,グロース,771.0,6.64,31.12,35.98,33.97,1.83,36.67,723.0,780.0,713.0,780.0,780.0,569.0,516.0,521.3,461.3,461.3,3,除外,95.98,79.28,8.76,80.65,575.52,502.8,537.52,+3.16σ,4.67,なし,なし,買い,底固め,1,0.0,569.0,1175.0,2.0,%D方向改善、直近下落なし（B以下に制限）、直近安値切り上げ、BB幅収縮、RSI安値切り上げ、レンジ上限突破 / 信用需給: 信用データがデータなし、または売残0で信用倍率を算出不能,急騰済み（3営業日急騰、5営業日急騰、25日線上方乖離、高RSI、BB +2σ大幅超過）,https://finance.yahoo.co.jp/quote/5027.T,データなし,データなし,データなし,データなし,データなし,データなし,データなし,データなし,3.0,0,0,3.0,391,391,信用需給は判定不能,信用データがデータなし、または売残0で信用倍率を算出不能
2026-08-18,5631,日本製鋼所,プライム,8256.0,2.53,3.54,8.09,7.51,1.36,311.98,8077.0,8477.0,8054.0,8477.0,8477.0,7587.0,6989.0,7433.18,7197.06,7197.06,3,除外,75.17,78.91,6.69,62.16,7679.12,7919.63,8733.75,+2.48σ,1.83,なし,なし,買い,底固め,1,0.0,7587.0,9594.0,2.0,%D方向改善、直近下落なし（B以下に制限）、直近安値切り上げ、ATR低下、BB幅収縮、出来高減少後の増加、RSI安値切り上げ、レンジ上限突破 / 信用需給: 信用データがデータなし、または売残0で信用倍率を算出不能,急騰済み（BB +2σ大幅超過）,https://finance.yahoo.co.jp/quote/5631.T,データなし,データなし,データなし,データなし,データなし,データなし,データなし,データなし,3.0,0,0,3.0,391,391,信用需給は判定不能,信用データがデータなし、または売残0で信用倍率を算出不能
2026-08-18,5659,日本精線,プライム,1414.0,-1.67,1.29,1.29,0.5,0.88,43.22,1458.0,1447.0,1409.0,1458.0,1458.0,1378.0,1297.0,1338.34,1284.48,1284.48,3,C,52.17,77.97,19.81,51.49,1406.92,1418.33,1306.77,+0.40σ,0.36,なし,なし,買い,底固め,1,0.0,1349.18,1543.65,2.0,%D方向改善、直近下落なし（B以下に制限）、直近安値切り上げ、ATR低下、RSI安値切り上げ / 信用需給: 信用データがデータなし、または売残0で信用倍率を算出不能,,https://finance.yahoo.co.jp/quote/5659.T,データなし,データなし,データなし,データなし,データなし,データなし,データなし,データなし,3.0,0,0,3.0,391,391,信用需給は判定不能,信用データがデータなし、または売残0で信用倍率を算出不能
2026-08-18,5802,住友電気工業,プライム,2419.5,-2.16,3.64,11.96,4.78,1.08,167.94,2473.5,2584.0,2402.5,2584.0,2584.0,2101.0,1973.0,2137.02,1993.84,1993.84,3,C,68.76,64.94,19.28,51.81,2309.08,2703.87,2230.65,+0.97σ,1.07,なし,なし,買い,底固め,1,0.0,2101.0,3056.5,2.0,%D方向改善、直近下落なし（B以下に制限）、直近安値切り上げ、BB幅収縮、RSI安値切り上げ / 信用需給: 信用データがデータなし、または売残0で信用倍率を算出不能,,https://finance.yahoo.co.jp/quote/5802.T,データなし,データなし,データなし,データなし,データなし,データなし,データなし,データなし,3.0,0,0,3.0,391,391,信用需給は判定不能,信用データがデータなし、または売残0で信用倍率を算出不能
2026-08-18,5471,大同特殊鋼,プライム,2435.0,-3.7,1.99,5.02,3.49,1.38,111.93,2560.0,2586.5,2432.5,2586.5,2586.5,2271.0,2082.5,2241.24,2148.0,2148.0,3,C,51.98,72.17,12.75,53.27,2352.98,2293.69,1991.72,+1.08σ,1.52,なし,なし,買い,底固め,1,0.0,2267.1,2770.8,2.0,%D方向改善、直近下落なし（B以下に制限）、直近安値切り上げ、BB幅収縮、RSI安値切り上げ / 信用需給: 信用データがデータなし、または売残0で信用倍率を算出不能,,https://finance.yahoo.co.jp/quote/5471.T,データなし,データなし,データなし,データなし,データなし,データなし,データなし,データなし,3.0,0,0,3.0,391,391,信用需給は判定不能,信用データがデータなし、または売残0で信用倍率を算出不能
2026-08-18,5101,横浜ゴム,プライム,7647.0,-0.17,0.28,2.18,0.39,0.69,325.68,7866.0,7764.0,7539.0,7866.0,7995.0,7539.0,7113.0,7471.02,7321.44,7321.44,3,C,29.62,46.83,-4.14,51.31,7617.4,7254.33,6640.92,+0.18σ,0.45,陰線→陽線,なし,買い,底固め,1,0.0,7158.48,8624.04,2.0,%D方向改善、直近下落なし（B以下に制限）、直近安値切り上げ、BB幅収縮、RSI安値切り上げ / 信用需給: 信用データがデータなし、または売残0で信用倍率を算出不能,,https://finance.yahoo.co.jp/quote/5101.T,データなし,データなし,データなし,データなし,データなし,データなし,データなし,データなし,3.0,0,0,3.0,391,391,信用需給は判定不能,信用データがデータなし、または売残0で信用倍率を算出不能
2026-08-18,1885,東亜建設工業,プライム,2097.0,-0.62,1.99,4.54,2.47,0.88,76.4,2245.0,2148.0,2081.0,2245.0,2245.0,2006.0,1952.0,2015.59,1980.23,1980.23,2,C,40.8,45.32,-2.4,52.78,2046.44,2234.97,2779.53,+1.30σ,0.88,なし,なし,買い,底固め,1,0.0,1982.4,2326.2,2.0,直近下落なし（B以下に制限）、直近安値切り上げ、BB幅収縮、RSI安値切り上げ / 信用需給: 信用データがデータなし、または売残0で信用倍率を算出不能,,https://finance.yahoo.co.jp/quote/1885.T,データなし,データなし,データなし,データなし,データなし,データなし,データなし,データなし,2.0,0,0,2.0,508,508,信用需給は判定不能,信用データがデータなし、または売残0で信用倍率を算出不能
2026-08-18,1803,清水建設,プライム,2386.5,-1.53,-1.53,0.51,-1.62,0.72,84.08,2478.0,2447.0,2386.5,2478.0,2478.0,2360.5,2178.0,2363.55,2312.76,2312.76,2,C,24.38,62.3,1.48,44.89,2425.72,2586.39,2724.34,-0.55σ,0.56,なし,なし,買い,底固め,1,0.0,2260.38,2638.73,2.0,直近下落なし（B以下に制限）、直近安値切り上げ、BB幅収縮、RSI安値切り上げ / 信用需給: 信用データがデータなし、または売残0で信用倍率を算出不能,,https://finance.yahoo.co.jp/quote/1803.T,データなし,データなし,データなし,データなし,データなし,データなし,データなし,データなし,2.0,0,0,2.0,508,508,信用需給は判定不能,信用データがデータなし、または売残0で信用倍率を算出不能
2026-08-18,3853,アステリア,プライム,1147.0,-0.52,-1.97,2.96,4.65,0.87,63.09,1198.0,1201.0,1146.0,1201.0,1309.0,1117.0,989.0,1044.48,996.0,996.0,2,C,34.15,68.23,1.61,50.39,1096.0,1443.79,1329.38,+1.12σ,0.98,なし,なし,買い,底固め,1,0.0,1052.36,1336.28,2.0,直近下落なし（B以下に制限）、直近安値切り上げ、ATR低下、BB幅収縮、RSI安値切り上げ / 信用需給: 信用データがデータなし、または売残0で信用倍率を算出不能,,https://finance.yahoo.co.jp/quote/3853.T,データなし,データなし,データなし,データなし,データなし,データなし,データなし,データなし,2.0,0,0,2.0,508,508,信用需給は判定不能,信用データがデータなし、または売残0で信用倍率を算出不能
2026-08-18,7734,理研計器,プライム,3410.0,-2.01,1.04,0.89,-1.05,0.74,142.21,3515.0,3510.0,3405.0,3515.0,3515.0,3325.0,3235.0,3331.61,3209.22,3209.22,2,C,29.9,56.03,-12.32,46.08,3446.2,3550.13,3391.4,-0.36σ,0.84,なし,なし,買い,底固め,1,0.0,3196.68,3836.63,2.0,直近下落なし（B以下に制限）、直近安値切り上げ、BB幅収縮、RSI安値切り上げ / 信用需給: 信用データがデータなし、または売残0で信用倍率を算出不能,,https://finance.yahoo.co.jp/quote/7734.T,データなし,データなし,データなし,データなし,データなし,データなし,データなし,データなし,2.0,0,0,2.0,508,508,信用需給は判定不能,信用データがデータなし、または売残0で信用倍率を算出不能
2026-08-18,1950,日本電設工業,プライム,3860.0,-2.15,-1.53,0.39,-2.87,0.96,125.58,4010.0,3980.0,3860.0,4010.0,4010.0,3825.0,3730.0,3875.32,3790.65,3790.65,2,C,26.83,42.31,0.94,40.38,3974.0,4296.4,4096.59,-1.18σ,0.66,なし,なし,買い,底固め,1,0.0,3671.62,4236.75,2.0,直近下落なし（B以下に制限）、直近安値切り上げ、BB幅収縮、RSI安値切り上げ / 信用需給: 信用データがデータなし、または売残0で信用倍率を算出不能,,https://finance.yahoo.co.jp/quote/1950.T,データなし,データなし,データなし,データなし,データなし,データなし,データなし,データなし,2.0,0,0,2.0,508,508,信用需給は判定不能,信用データがデータなし、または売残0で信用倍率を算出不能
2026-08-18,3444,菊池製作所,スタンダード,1048.0,-3.59,4.17,5.97,7.42,1.42,59.94,1094.0,1130.0,1045.0,1130.0,1130.0,975.0,861.0,922.8,872.6,872.6,2,C,56.61,86.02,13.24,54.73,975.64,1111.24,874.36,+1.49σ,1.57,なし,なし,買い,底固め,1,0.0,958.09,1227.82,2.0,直近下落なし（B以下に制限）、直近安値切り上げ、ATR低下、BB幅収縮、出来高減少後の増加、RSI安値切り上げ / 信用需給: 信用データがデータなし、または売残0で信用倍率を算出不能,,https://finance.yahoo.co.jp/quote/3444.T,データなし,データなし,データなし,データなし,データなし,データなし,データなし,データなし,2.0,0,0,2.0,508,508,信用需給は判定不能,信用データがデータなし、または売残0で信用倍率を算出不能
2026-08-18,3436,ＳＵＭＣＯ,プライム,3788.0,-6.72,-1.51,8.63,-1.02,1.03,385.87,4073.0,4178.0,3782.0,4178.0,4245.0,3370.0,2760.0,3273.09,2964.33,2964.33,2,C,52.59,67.8,8.86,49.7,3827.16,3804.63,2427.9,+0.67σ,0.71,なし,なし,買い,底固め,1,0.0,3209.19,4945.62,2.0,直近下落なし（B以下に制限）、直近安値切り上げ、ATR低下、RSI安値切り上げ / 信用需給: 信用データがデータなし、または売残0で信用倍率を算出不能,,https://finance.yahoo.co.jp/quote/3436.T,データなし,データなし,データなし,データなし,データなし,データなし,データなし,データなし,2.0,0,0,2.0,508,508,信用需給は判定不能,信用データがデータなし、または売残0で信用倍率を算出不能
2026-08-18,7245,大同メタル工業,プライム,1374.0,-1.29,1.85,0.96,1.56,0.79,79.68,1399.0,1427.0,1364.0,1427.0,1427.0,1328.0,1211.0,1285.77,1214.25,1214.25,2,C,33.59,47.7,-12.86,49.38,1352.88,1281.87,1107.04,+0.23σ,0.73,なし,なし,買い,底固め,1,0.0,1254.47,1613.05,2.0,直近下落なし（B以下に制限）、直近安値切り上げ、BB幅収縮、RSI安値切り上げ / 信用需給: 信用データがデータなし、または売残0で信用倍率を算出不能,,https://finance.yahoo.co.jp/quote/7245.T,データなし,データなし,データなし,データなし,データなし,データなし,データなし,データなし,2.0,0,0,2.0,508,508,信用需給は判定不能,信用データがデータなし、または売残0で信用倍率を算出不能
2026-08-18,7224,新明和工業,プライム,2016.0,-0.35,-0.05,-0.35,1.15,0.67,47.87,2033.0,2042.0,2010.0,2042.0,2042.0,2001.0,1821.0,1969.49,1943.29,1943.29,2,C,40.82,77.62,-2.14,50.6,1993.0,2127.03,2171.25,+0.77σ,0.99,なし,なし,買い,底固め,1,0.0,1944.2,2159.6,2.0,直近下落なし（B以下に制限）、直近安値切り上げ、BB幅収縮、RSI安値切り上げ / 信用需給: 信用データがデータなし、または売残0で信用倍率を算出不能,,https://finance.yahoo.co.jp/quote/7224.T,データなし,データなし,データなし,データなし,データなし,データなし,データなし,データなし,2.0,0,0,2.0,508,508,信用需給は判定不能,信用データがデータなし、または売残0で信用倍率を算出不能
2026-08-18,3687,フィックスターズ,プライム,2226.0,-4.13,-2.41,1.41,1.35,0.85,130.42,2327.0,2336.0,2225.0,2336.0,2360.0,2146.0,1931.0,2092.53,2006.17,2006.17,2,C,41.74,73.11,5.51,49.6,2196.32,2191.17,1784.24,+0.55σ,0.65,なし,なし,買い,底固め,1,0.0,2030.37,2617.26,2.0,直近下落なし（B以下に制限）、直近安値切り上げ、ATR低下、BB幅収縮、RSI安値切り上げ / 信用需給: 信用データがデータなし、または売残0で信用倍率を算出不能,,https://finance.yahoo.co.jp/quote/3687.T,データなし,データなし,データなし,データなし,データなし,データなし,データなし,データなし,2.0,0,0,2.0,508,508,信用需給は判定不能,信用データがデータなし、または売残0で信用倍率を算出不能
2026-08-18,6838,多摩川ホールディングス,スタンダード,1514.0,-4.54,-0.07,2.71,6.77,0.77,96.93,1592.0,1580.0,1505.0,1592.0,1622.0,1452.0,1161.0,1305.43,1197.27,1197.27,2,C,51.13,81.72,4.57,50.55,1418.04,1783.96,1259.54,+0.93σ,0.65,なし,なし,買い,底固め,1,0.0,1368.61,1804.79,2.0,直近下落なし（B以下に制限）、直近安値切り上げ、ATR低下、BB幅収縮、RSI安値切り上げ / 信用需給: 信用データがデータなし、または売残0で信用倍率を算出不能,,https://finance.yahoo.co.jp/quote/6838.T,データなし,データなし,データなし,データなし,データなし,データなし,データなし,データなし,2.0,0,0,2.0,508,508,信用需給は判定不能,信用データがデータなし、または売残0で信用倍率を算出不能
2026-08-18,6905,コーセル,プライム,1375.0,-1.43,0.0,2.31,4.83,0.68,44.25,1406.0,1393.0,1363.0,1406.0,1406.0,1318.0,1188.0,1253.69,1198.54,1198.54,2,C,68.04,80.51,9.26,54.52,1311.64,1384.39,1267.48,+1.20σ,0.71,なし,なし,買い,底固め,1,0.0,1308.62,1507.76,2.0,直近下落なし（B以下に制限）、直近安値切り上げ、BB幅収縮、RSI安値切り上げ / 信用需給: 信用データがデータなし、または売残0で信用倍率を算出不能,,https://finance.yahoo.co.jp/quote/6905.T,データなし,データなし,データなし,データなし,データなし,データなし,データなし,データなし,2.0,0,0,2.0,508,508,信用需給は判定不能,信用データがデータなし、または売残0で信用倍率を算出不能
2026-08-18,4061,デンカ,プライム,3496.0,-3.05,-2.51,2.22,-3.46,0.82,188.79,3651.0,3639.0,3485.0,3651.0,3674.0,3444.0,3182.0,3402.67,3243.3,3243.3,2,C,19.31,48.72,-0.98,43.79,3621.44,3969.48,3380.84,-0.41σ,0.68,なし,なし,買い,底固め,1,0.0,3212.82,4062.36,2.0,直近下落なし（B以下に制限）、直近安値切り上げ、BB幅収縮、RSI安値切り上げ / 信用需給: 信用データがデータなし、または売残0で信用倍率を算出不能,,https://finance.yahoo.co.jp/quote/4061.T,データなし,データなし,データなし,データなし,データなし,データなし,データなし,データなし,2.0,0,0,2.0,508,508,信用需給は判定不能,信用データがデータなし、または売残0で信用倍率を算出不能
2026-08-18,6976,太陽誘電,プライム,9991.0,-11.54,-8.63,4.64,-8.04,1.25,1369.27,11295.0,11500.0,9784.0,11500.0,11500.0,9306.0,8601.0,9588.27,8592.55,8592.55,2,C,32.79,57.06,11.49,42.07,10864.0,12913.03,7368.48,-0.60σ,1.05,なし,なし,買い,底固め,1,0.0,7937.09,14098.81,2.0,直近下落なし（B以下に制限）、直近安値切り上げ、ATR低下、BB幅収縮、RSI安値切り上げ / 信用需給: 信用データがデータなし、または売残0で信用倍率を算出不能,,https://finance.yahoo.co.jp/quote/6976.T,データなし,データなし,データなし,データなし,データなし,データなし,データなし,データなし,2.0,0,0,2.0,508,508,信用需給は判定不能,信用データがデータなし、または売残0で信用倍率を算出不能
2026-08-18,6841,横河電機,プライム,5346.0,-4.52,-4.02,-1.96,-4.54,1.44,232.45,5696.0,5621.0,5286.0,5696.0,5801.0,5286.0,5172.0,5432.43,5244.96,5244.96,2,C,27.66,42.87,5.5,43.89,5600.32,5376.17,5223.74,-1.46σ,1.23,なし,なし,買い,底固め,1,0.0,4997.32,6043.35,2.0,直近下落なし（B以下に制限）、直近安値切り上げ、出来高減少後の増加、RSI安値切り上げ / 信用需給: 信用データがデータなし、または売残0で信用倍率を算出不能,,https://finance.yahoo.co.jp/quote/6841.T,データなし,データなし,データなし,データなし,データなし,データなし,データなし,データなし,2.0,0,0,2.0,508,508,信用需給は判定不能,信用データがデータなし、または売残0で信用倍率を算出不能
2026-08-18,6966,三井ハイテック,プライム,966.0,-1.13,2.44,-0.1,3.43,0.89,46.23,984.0,1002.0,961.0,1002.0,1002.0,939.0,821.0,888.31,850.07,850.07,2,C,52.0,71.4,4.82,53.41,933.96,902.27,802.9,+1.03σ,0.83,なし,なし,買い,底固め,1,0.0,896.65,1104.69,2.0,直近下落なし（B以下に制限）、直近安値切り上げ、ATR低下、BB幅収縮、RSI安値切り上げ / 信用需給: 信用データがデータなし、または売残0で信用倍率を算出不能,,https://finance.yahoo.co.jp/quote/6966.T,データなし,データなし,データなし,データなし,データなし,データなし,データなし,データなし,2.0,0,0,2.0,508,508,信用需給は判定不能,信用データがデータなし、または売残0で信用倍率を算出不能
2026-08-18,6616,トレックス・セミコンダクター,プライム,2044.0,-5.33,-3.45,0.39,6.17,0.98,125.13,2160.0,2166.0,2044.0,2166.0,2166.0,1989.0,1604.0,1768.62,1625.14,1625.14,2,C,44.97,78.83,2.22,50.99,1925.16,2264.55,1849.85,+0.92σ,1.07,なし,なし,買い,底固め,1,0.0,1856.31,2419.38,2.0,直近下落なし（B以下に制限）、直近安値切り上げ、BB幅収縮、RSI安値切り上げ / 信用需給: 信用データがデータなし、または売残0で信用倍率を算出不能,,https://finance.yahoo.co.jp/quote/6616.T,データなし,データなし,データなし,データなし,データなし,データなし,データなし,データなし,2.0,0,0,2.0,508,508,信用需給は判定不能,信用データがデータなし、または売残0で信用倍率を算出不能
2026-08-18,8253,クレディセゾン,プライム,4643.0,-1.32,-4.15,-0.11,-0.06,0.96,118.92,4732.0,4679.0,4565.0,4732.0,4886.0,4565.0,4357.0,4565.18,4479.66,4479.66,2,C,24.3,69.11,1.5,51.12,4645.88,4420.93,4283.65,-0.09σ,0.95,なし,なし,買い,底固め,1,0.0,4464.62,4999.76,2.0,直近下落なし（B以下に制限）、直近安値切り上げ、BB幅収縮、RSI安値切り上げ / 信用需給: 信用データがデータなし、または売残0で信用倍率を算出不能,,https://finance.yahoo.co.jp/quote/8253.T,データなし,データなし,データなし,データなし,データなし,データなし,データなし,データなし,2.0,0,0,2.0,508,508,信用需給は判定不能,信用データがデータなし、または売残0で信用倍率を算出不能
2026-08-18,6981,村田製作所,プライム,7496.0,-9.58,-9.81,2.66,-4.27,1.23,734.27,8321.0,8364.0,7460.0,8364.0,8540.0,7080.0,5861.0,6994.02,6365.04,6365.04,2,C,34.91,69.25,8.3,44.68,7830.32,8510.88,5387.7,-0.20σ,1.04,なし,なし,買い,底固め,1,0.0,6394.59,9698.82,2.0,直近下落なし（B以下に制限）、直近安値切り上げ、BB幅収縮、RSI安値切り上げ / 信用需給: 信用データがデータなし、または売残0で信用倍率を算出不能,,https://finance.yahoo.co.jp/quote/6981.T,データなし,データなし,データなし,データなし,データなし,データなし,データなし,データなし,2.0,0,0,2.0,508,508,信用需給は判定不能,信用データがデータなし、または売残0で信用倍率を算出不能
2026-08-18,6997,日本ケミコン,プライム,3000.0,-4.76,-2.6,3.45,-6.0,0.96,320.94,3200.0,3275.0,2966.0,3275.0,3275.0,2811.0,2466.0,2870.55,2642.34,2642.34,2,C,48.65,57.74,0.17,41.68,3191.4,3943.09,2459.53,-0.43σ,0.7,なし,なし,買い,底固め,1,0.0,2518.6,3962.81,2.0,直近下落なし（B以下に制限）、直近安値切り上げ、ATR低下、BB幅収縮、RSI安値切り上げ / 信用需給: 信用データがデータなし、または売残0で信用倍率を算出不能,,https://finance.yahoo.co.jp/quote/6997.T,データなし,データなし,データなし,データなし,データなし,データなし,データなし,データなし,2.0,0,0,2.0,508,508,信用需給は判定不能,信用データがデータなし、または売残0で信用倍率を算出不能
2026-08-18,6994,指月電機製作所,スタンダード,1229.0,-3.46,6.22,10.62,12.81,1.41,83.4,1276.0,1334.0,1216.0,1334.0,1334.0,1079.0,891.0,997.13,902.55,902.55,2,除外,58.82,63.43,3.16,57.17,1089.4,1160.13,993.4,+1.45σ,1.23,なし,なし,買い,底固め,1,0.0,1079.0,1529.0,2.0,直近下落なし（B以下に制限）、直近安値切り上げ、BB幅収縮、出来高減少後の増加、RSI安値切り上げ / 信用需給: 信用データがデータなし、または売残0で信用倍率を算出不能,急騰済み（25日線上方乖離）,https://finance.yahoo.co.jp/quote/6994.T,データなし,データなし,データなし,データなし,データなし,データなし,データなし,データなし,2.0,0,0,2.0,508,508,信用需給は判定不能,信用データがデータなし、または売残0で信用倍率を算出不能
2026-08-18,3915,テラスカイ,プライム,2351.0,-3.73,0.51,4.12,6.26,0.88,112.67,2452.0,2439.0,2340.0,2452.0,2452.0,2220.0,1974.0,2061.06,1926.72,1926.72,2,C,61.45,81.42,10.07,55.48,2212.6,2256.27,2056.84,+1.16σ,0.5,なし,なし,買い,底固め,1,0.0,2181.99,2689.02,2.0,直近下落なし（B以下に制限）、直近安値切り上げ、ATR低下、RSI安値切り上げ / 信用需給: 信用データがデータなし、または売残0で信用倍率を算出不能,,https://finance.yahoo.co.jp/quote/3915.T,データなし,データなし,データなし,データなし,データなし,データなし,データなし,データなし,2.0,0,0,2.0,508,508,信用需給は判定不能,信用データがデータなし、または売残0で信用倍率を算出不能
2026-08-18,8125,ワキタ,プライム,1940.0,-0.41,0.47,0.67,1.62,0.68,27.76,1959.0,1957.0,1938.0,1959.0,1959.0,1914.0,1867.0,1895.2,1871.25,1871.25,2,C,57.78,57.75,-4.36,64.51,1909.04,1788.2,1873.12,+0.87σ,0.67,はらみ足,なし,買い,底固め,1,0.0,1898.36,2023.28,2.0,直近下落なし（B以下に制限）、直近安値切り上げ、BB幅収縮、RSI安値切り上げ / 信用需給: 信用データがデータなし、または売残0で信用倍率を算出不能,,https://finance.yahoo.co.jp/quote/8125.T,データなし,データなし,データなし,データなし,データなし,データなし,データなし,データなし,2.0,0,0,2.0,508,508,信用需給は判定不能,信用データがデータなし、または売残0で信用倍率を算出不能
2026-08-18,8624,いちよし証券,プライム,1632.0,-0.43,-0.18,3.68,4.7,0.41,55.73,1668.0,1655.0,1632.0,1668.0,1677.0,1549.0,1423.0,1517.77,1470.99,1470.99,2,C,66.42,74.92,2.48,61.94,1558.68,1405.09,1277.35,+1.44σ,0.66,なし,なし,買い,底固め,1,0.0,1548.41,1799.18,2.0,直近下落なし（B以下に制限）、直近安値切り上げ、BB幅収縮、RSI安値切り上げ / 信用需給: 信用データがデータなし、または売残0で信用倍率を算出不能,,https://finance.yahoo.co.jp/quote/8624.T,データなし,データなし,データなし,データなし,データなし,データなし,データなし,データなし,2.0,0,0,2.0,508,508,信用需給は判定不能,信用データがデータなし、または売残0で信用倍率を算出不能
2026-08-18,6524,湖北工業,スタンダード,4930.0,-3.52,1.86,3.46,6.85,1.4,321.88,5150.0,5360.0,4910.0,5360.0,5360.0,4730.0,3715.0,4303.91,3990.82,3990.82,2,C,31.75,62.17,-5.79,53.01,4614.0,5427.8,4376.2,+1.00σ,1.27,なし,なし,買い,底固め,1,0.0,4447.18,5895.64,2.0,直近下落なし（B以下に制限）、直近安値切り上げ、BB幅収縮、出来高減少後の増加、RSI安値切り上げ / 信用需給: 信用データがデータなし、または売残0で信用倍率を算出不能,,https://finance.yahoo.co.jp/quote/6524.T,データなし,データなし,データなし,データなし,データなし,データなし,データなし,データなし,2.0,0,0,2.0,508,508,信用需給は判定不能,信用データがデータなし、または売残0で信用倍率を算出不能
2026-08-18,6516,山洋電気,プライム,5830.0,-3.16,-1.69,0.17,1.78,1.09,283.66,6070.0,6120.0,5810.0,6120.0,6120.0,5640.0,5000.0,5473.9,5234.79,5234.79,2,C,39.58,67.55,3.16,48.49,5728.0,6448.13,5155.45,+0.49σ,0.63,なし,なし,買い,底固め,1,0.0,5404.52,6680.97,2.0,直近下落なし（B以下に制限）、直近安値切り上げ、BB幅収縮、RSI安値切り上げ / 信用需給: 信用データがデータなし、または売残0で信用倍率を算出不能,,https://finance.yahoo.co.jp/quote/6516.T,データなし,データなし,データなし,データなし,データなし,データなし,データなし,データなし,2.0,0,0,2.0,508,508,信用需給は判定不能,信用データがデータなし、または売残0で信用倍率を算出不能
2026-08-18,6506,安川電機,プライム,5171.0,-5.5,-5.64,-3.62,-1.08,1.03,294.97,5484.0,5476.0,5171.0,5484.0,5639.0,5171.0,4465.0,4887.07,4615.08,4615.08,2,C,0.43,73.82,1.58,42.57,5227.56,6269.11,5301.58,+0.04σ,0.63,なし,なし,買い,底固め,1,0.0,4728.55,6055.9,2.0,直近下落なし（B以下に制限）、直近安値切り上げ、ATR低下、BB幅収縮、RSI安値切り上げ / 信用需給: 信用データがデータなし、または売残0で信用倍率を算出不能,,https://finance.yahoo.co.jp/quote/6506.T,データなし,データなし,データなし,データなし,データなし,データなし,データなし,データなし,2.0,0,0,2.0,508,508,信用需給は判定不能,信用データがデータなし、または売残0で信用倍率を算出不能
2026-08-18,6383,ダイフク,プライム,6164.0,-2.88,-2.5,0.16,-1.05,0.99,227.16,6347.0,6348.0,6123.0,6348.0,6406.0,6080.0,5584.0,5940.89,5736.93,5736.93,2,C,31.25,76.09,8.73,44.96,6229.72,6779.67,5990.72,+0.09σ,0.65,なし,なし,買い,底固め,1,0.0,5823.26,6845.48,2.0,直近下落なし（B以下に制限）、直近安値切り上げ、BB幅収縮、RSI安値切り上げ / 信用需給: 信用データがデータなし、または売残0で信用倍率を算出不能,,https://finance.yahoo.co.jp/quote/6383.T,データなし,データなし,データなし,データなし,データなし,データなし,データなし,データなし,2.0,0,0,2.0,508,508,信用需給は判定不能,信用データがデータなし、または売残0で信用倍率を算出不能
2026-08-18,6644,大崎電気工業,プライム,1558.0,-1.02,-0.06,2.91,2.95,1.28,50.64,1582.0,1618.0,1553.0,1618.0,1618.0,1512.0,1419.0,1481.69,1442.48,1442.48,2,C,60.26,61.05,4.27,54.5,1513.36,1593.67,1501.59,+0.95σ,1.52,なし,なし,買い,底固め,1,0.0,1482.04,1709.91,2.0,直近下落なし（B以下に制限）、直近安値切り上げ、出来高減少後の増加、RSI安値切り上げ / 信用需給: 信用データがデータなし、または売残0で信用倍率を算出不能,,https://finance.yahoo.co.jp/quote/6644.T,データなし,データなし,データなし,データなし,データなし,データなし,データなし,データなし,2.0,0,0,2.0,508,508,信用需給は判定不能,信用データがデータなし、または売残0で信用倍率を算出不能
2026-08-18,6762,ＴＤＫ,プライム,3139.0,-3.24,-2.97,3.09,2.13,1.13,159.57,3244.0,3300.0,3119.0,3300.0,3300.0,3007.0,2651.0,2932.23,2809.26,2809.26,2,C,54.78,63.05,4.89,48.86,3073.6,3361.69,2687.48,+0.68σ,0.59,なし,なし,買い,底固め,1,0.0,2899.64,3617.71,2.0,直近下落なし（B以下に制限）、直近安値切り上げ、BB幅収縮、RSI安値切り上げ / 信用需給: 信用データがデータなし、または売残0で信用倍率を算出不能,,https://finance.yahoo.co.jp/quote/6762.T,データなし,データなし,データなし,データなし,データなし,データなし,データなし,データなし,2.0,0,0,2.0,508,508,信用需給は判定不能,信用データがデータなし、または売残0で信用倍率を算出不能
2026-08-18,6777,ｓａｎｔｅｃ　Ｈｏｌｄｉｎｇｓ,スタンダード,19770.0,-3.65,-1.89,10.26,3.8,0.91,1646.33,20520.0,21260.0,19770.0,21260.0,21260.0,18080.0,14830.0,17108.93,15556.86,15556.86,2,C,57.18,66.1,5.7,49.3,19045.6,23907.6,18109.85,+0.71σ,0.98,なし,なし,買い,底固め,1,0.0,17300.51,24708.98,2.0,直近下落なし（B以下に制限）、直近安値切り上げ、BB幅収縮、RSI安値切り上げ / 信用需給: 信用データがデータなし、または売残0で信用倍率を算出不能,,https://finance.yahoo.co.jp/quote/6777.T,データなし,データなし,データなし,データなし,データなし,データなし,データなし,データなし,2.0,0,0,2.0,508,508,信用需給は判定不能,信用データがデータなし、または売残0で信用倍率を算出不能
2026-08-18,6638,ミマキエンジニアリング,プライム,1922.0,-2.19,-0.57,2.95,-7.95,0.5,89.23,2021.0,1958.0,1913.0,2021.0,2026.0,1851.0,1805.0,1957.37,1832.44,1832.44,2,C,26.41,43.42,-1.66,42.85,2088.08,1897.15,1749.87,-1.28σ,0.48,なし,なし,買い,底固め,1,0.0,1788.16,2189.68,2.0,直近下落なし（B以下に制限）、直近安値切り上げ、BB幅収縮、RSI安値切り上げ / 信用需給: 信用データがデータなし、または売残0で信用倍率を算出不能,,https://finance.yahoo.co.jp/quote/6638.T,データなし,データなし,データなし,データなし,データなし,データなし,データなし,データなし,2.0,0,0,2.0,508,508,信用需給は判定不能,信用データがデータなし、または売残0で信用倍率を算出不能
2026-08-18,6203,豊和工業,スタンダード,1498.0,-2.73,-0.2,-0.73,2.34,0.67,74.55,1545.0,1544.0,1494.0,1545.0,1545.0,1471.0,1296.0,1382.83,1322.46,1322.46,2,C,35.29,65.24,4.8,51.14,1463.72,1535.8,1469.33,+0.91σ,0.5,なし,なし,買い,底固め,1,0.0,1386.18,1721.64,2.0,直近下落なし（B以下に制限）、直近安値切り上げ、ATR低下、RSI安値切り上げ / 信用需給: 信用データがデータなし、または売残0で信用倍率を算出不能,,https://finance.yahoo.co.jp/quote/6203.T,データなし,データなし,データなし,データなし,データなし,データなし,データなし,データなし,2.0,0,0,2.0,508,508,信用需給は判定不能,信用データがデータなし、または売残0で信用倍率を算出不能
2026-08-18,6264,マルマエ,プライム,2200.0,-1.43,3.14,7.16,7.47,0.59,145.71,2240.0,2278.0,2192.0,2278.0,2278.0,1990.0,1675.0,1905.04,1777.44,1777.44,2,C,74.26,76.44,5.97,53.12,2047.0,2279.61,1701.08,+1.31σ,0.72,なし,なし,買い,底固め,1,0.0,1981.44,2637.13,2.0,直近下落なし（B以下に制限）、直近安値切り上げ、ATR低下、BB幅収縮、RSI安値切り上げ / 信用需給: 信用データがデータなし、または売残0で信用倍率を算出不能,,https://finance.yahoo.co.jp/quote/6264.T,データなし,データなし,データなし,データなし,データなし,データなし,データなし,データなし,2.0,0,0,2.0,508,508,信用需給は判定不能,信用データがデータなし、または売残0で信用倍率を算出不能
2026-08-18,6136,オーエスジー,プライム,3828.0,-3.21,-1.95,-1.62,-0.26,1.67,155.45,3982.0,4079.0,3819.0,4079.0,4079.0,3802.0,3514.0,3684.56,3554.23,3554.23,2,C,9.39,65.92,7.26,50.6,3837.88,3624.44,2937.8,+0.10σ,1.32,なし,なし,買い,底固め,1,0.0,3594.83,4294.35,2.0,直近下落なし（B以下に制限）、直近安値切り上げ、出来高減少後の増加、RSI安値切り上げ / 信用需給: 信用データがデータなし、または売残0で信用倍率を算出不能,,https://finance.yahoo.co.jp/quote/6136.T,データなし,データなし,データなし,データなし,データなし,データなし,データなし,データなし,2.0,0,0,2.0,508,508,信用需給は判定不能,信用データがデータなし、または売残0で信用倍率を算出不能
2026-08-18,5889,Ｊａｐａｎ　Ｅｙｅｗｅａｒ　Ｈｏｌｄｉｎｇｓ,プライム,2502.0,-1.34,-4.65,0.24,1.13,0.89,78.69,2581.0,2548.0,2478.0,2581.0,2627.0,2478.0,2368.0,2432.54,2371.79,2371.79,2,C,39.32,55.11,-0.63,53.16,2473.96,2307.07,2129.04,+0.14σ,0.96,なし,なし,買い,底固め,1,0.0,2383.97,2738.06,2.0,直近下落なし（B以下に制限）、直近安値切り上げ、BB幅収縮、RSI安値切り上げ / 信用需給: 信用データがデータなし、または売残0で信用倍率を算出不能,,https://finance.yahoo.co.jp/quote/5889.T,データなし,データなし,データなし,データなし,データなし,データなし,データなし,データなし,2.0,0,0,2.0,508,508,信用需給は判定不能,信用データがデータなし、または売残0で信用倍率を算出不能
2026-08-18,2432,ディー・エヌ・エー,プライム,2469.5,-1.61,0.1,0.53,0.19,0.64,63.62,2557.0,2494.0,2453.0,2557.0,2557.0,2440.0,2373.5,2428.05,2386.99,2386.99,2,C,45.31,54.69,-1.02,48.09,2464.7,2562.36,2564.42,+0.01σ,1.18,なし,なし,買い,底固め,1,0.0,2374.07,2660.37,2.0,直近下落なし（B以下に制限）、直近安値切り上げ、BB幅収縮、RSI安値切り上げ / 信用需給: 信用データがデータなし、または売残0で信用倍率を算出不能,,https://finance.yahoo.co.jp/quote/2432.T,データなし,データなし,データなし,データなし,データなし,データなし,データなし,データなし,2.0,0,0,2.0,508,508,信用需給は判定不能,信用データがデータなし、または売残0で信用倍率を算出不能
2026-08-18,8706,極東証券,プライム,1838.0,-0.11,-0.76,0.93,3.28,0.64,34.58,1863.0,1855.0,1833.0,1863.0,1871.0,1812.0,1725.0,1761.96,1727.98,1727.98,2,C,57.69,78.06,3.28,65.02,1779.6,1634.65,1669.47,+1.24σ,0.7,なし,なし,買い,底固め,1,0.0,1786.13,1941.75,2.0,直近下落なし（B以下に制限）、直近安値切り上げ、BB幅収縮、RSI安値切り上げ / 信用需給: 信用データがデータなし、または売残0で信用倍率を算出不能,,https://finance.yahoo.co.jp/quote/8706.T,データなし,データなし,データなし,データなし,データなし,データなし,データなし,データなし,2.0,0,0,2.0,508,508,信用需給は判定不能,信用データがデータなし、または売残0で信用倍率を算出不能
2026-08-18,6298,ワイエイシイホールディングス,プライム,1360.0,-1.31,5.92,12.12,12.15,0.88,59.97,1394.0,1381.0,1328.0,1394.0,1394.0,1229.0,1058.0,1131.02,1053.18,1053.18,2,除外,84.82,85.95,11.57,62.93,1212.64,1291.93,1149.06,+1.94σ,1.1,はらみ足,なし,買い,底固め,1,0.0,1229.0,1622.0,2.0,直近下落なし（B以下に制限）、直近安値切り上げ、ATR低下、BB幅収縮、RSI安値切り上げ / 信用需給: 信用データがデータなし、または売残0で信用倍率を算出不能,急騰済み（25日線上方乖離）,https://finance.yahoo.co.jp/quote/6298.T,データなし,データなし,データなし,データなし,データなし,データなし,データなし,データなし,2.0,0,0,2.0,508,508,信用需給は判定不能,信用データがデータなし、または売残0で信用倍率を算出不能
2026-08-18,5344,ＭＡＲＵＷＡ,プライム,59000.0,-4.81,-5.1,0.41,2.15,1.15,3942.6,61980.0,63550.0,59000.0,63550.0,64290.0,57400.0,47340.0,54376.48,51342.96,51342.96,2,C,47.98,74.74,1.6,48.62,57756.8,66110.67,56927.85,+0.52σ,0.68,なし,なし,買い,底固め,1,0.0,53086.11,70827.79,2.0,直近下落なし（B以下に制限）、直近安値切り上げ、BB幅収縮、RSI安値切り上げ / 信用需給: 信用データがデータなし、または売残0で信用倍率を算出不能,,https://finance.yahoo.co.jp/quote/5344.T,データなし,データなし,データなし,データなし,データなし,データなし,データなし,データなし,2.0,0,0,2.0,508,508,信用需給は判定不能,信用データがデータなし、または売残0で信用倍率を算出不能
2026-08-18,6194,アトラエ,プライム,899.0,-1.1,0.78,2.16,5.37,0.61,26.43,913.0,908.0,892.0,913.0,913.0,865.0,818.0,834.52,808.73,808.73,2,C,61.43,65.82,1.62,69.11,853.16,748.35,707.76,+1.50σ,0.92,はらみ足,なし,買い,底固め,1,0.0,859.36,978.28,2.0,直近下落なし（B以下に制限）、直近安値切り上げ、BB幅収縮、RSI安値切り上げ / 信用需給: 信用データがデータなし、または売残0で信用倍率を算出不能,,https://finance.yahoo.co.jp/quote/6194.T,データなし,データなし,データなし,データなし,データなし,データなし,データなし,データなし,2.0,0,0,2.0,508,508,信用需給は判定不能,信用データがデータなし、または売残0で信用倍率を算出不能
2026-08-18,6166,中村超硬,グロース,635.0,-3.79,-2.76,0.0,-1.93,0.75,39.9,670.0,659.0,629.0,670.0,670.0,617.0,572.0,610.72,586.24,586.24,2,C,26.74,64.17,3.22,47.53,647.48,627.05,567.46,-0.01σ,0.67,なし,なし,買い,底固め,1,0.0,575.14,754.71,2.0,直近下落なし（B以下に制限）、直近安値切り上げ、ATR低下、BB幅収縮、RSI安値切り上げ / 信用需給: 信用データがデータなし、または売残0で信用倍率を算出不能,,https://finance.yahoo.co.jp/quote/6166.T,データなし,データなし,データなし,データなし,データなし,データなし,データなし,データなし,2.0,0,0,2.0,508,508,信用需給は判定不能,信用データがデータなし、または売残0で信用倍率を算出不能
2026-08-18,4425,Ｋｕｄａｎ,グロース,1626.0,-4.18,-5.47,-1.51,-6.05,1.25,91.05,1697.0,1725.0,1611.0,1725.0,1730.0,1611.0,1500.0,1607.56,1527.37,1527.37,2,C,10.42,64.03,2.41,41.2,1730.76,1950.96,1761.6,-0.77σ,1.08,なし,なし,買い,底固め,1,0.0,1489.43,1899.14,2.0,直近下落なし（B以下に制限）、直近安値切り上げ、ATR低下、RSI安値切り上げ / 信用需給: 信用データがデータなし、または売残0で信用倍率を算出不能,,https://finance.yahoo.co.jp/quote/4425.T,データなし,データなし,データなし,データなし,データなし,データなし,データなし,データなし,2.0,0,0,2.0,508,508,信用需給は判定不能,信用データがデータなし、または売残0で信用倍率を算出不能
2026-08-18,5563,新日本電工,プライム,438.0,-1.35,3.3,-0.9,3.11,0.65,18.54,449.0,448.0,436.0,449.0,449.0,421.0,390.0,412.52,400.04,400.04,2,C,58.62,61.22,2.47,52.62,424.8,454.68,410.26,+1.04σ,0.44,なし,なし,買い,底固め,1,0.0,410.2,493.61,2.0,直近下落なし（B以下に制限）、直近安値切り上げ、BB幅収縮、RSI安値切り上げ / 信用需給: 信用データがデータなし、または売残0で信用倍率を算出不能,,https://finance.yahoo.co.jp/quote/5563.T,データなし,データなし,データなし,データなし,データなし,データなし,データなし,データなし,2.0,0,0,2.0,508,508,信用需給は判定不能,信用データがデータなし、または売残0で信用倍率を算出不能
2026-08-18,5393,ニチアス,プライム,3521.0,-1.76,-1.54,0.54,2.35,0.85,135.43,3602.0,3620.0,3505.0,3620.0,3743.0,3430.0,3109.0,3302.61,3165.76,3165.76,2,C,29.07,63.07,-2.39,49.96,3440.12,3557.12,2918.71,+0.60σ,0.57,なし,なし,買い,底固め,1,0.0,3317.86,3927.28,2.0,直近下落なし（B以下に制限）、直近安値切り上げ、BB幅収縮、RSI安値切り上げ / 信用需給: 信用データがデータなし、または売残0で信用倍率を算出不能,,https://finance.yahoo.co.jp/quote/5393.T,データなし,データなし,データなし,データなし,データなし,データなし,データなし,データなし,2.0,0,0,2.0,508,508,信用需給は判定不能,信用データがデータなし、または売残0で信用倍率を算出不能
2026-08-18,5367,ニッカトー,スタンダード,1261.0,-5.19,-3.0,5.79,4.57,1.14,102.38,1332.0,1376.0,1259.0,1376.0,1376.0,1175.0,950.0,1109.15,1013.0,1013.0,2,C,45.24,65.76,2.29,51.04,1205.84,1207.8,877.18,+0.58σ,0.52,なし,なし,買い,底固め,1,0.0,1107.43,1568.14,2.0,直近下落なし（B以下に制限）、直近安値切り上げ、ATR低下、BB幅収縮、RSI安値切り上げ / 信用需給: 信用データがデータなし、または売残0で信用倍率を算出不能,,https://finance.yahoo.co.jp/quote/5367.T,データなし,データなし,データなし,データなし,データなし,データなし,データなし,データなし,2.0,0,0,2.0,508,508,信用需給は判定不能,信用データがデータなし、または売残0で信用倍率を算出不能
2026-08-18,5706,三井金属,プライム,30060.0,-4.84,1.9,7.92,-3.69,1.15,2871.76,31780.0,33120.0,29820.0,33120.0,33120.0,27680.0,24780.0,28334.4,25999.31,25999.31,2,C,58.62,58.43,0.81,44.78,31212.0,40600.93,30519.38,-0.26σ,1.27,なし,なし,買い,底固め,1,0.0,25752.36,38675.28,2.0,直近下落なし（B以下に制限）、直近安値切り上げ、BB幅収縮、RSI安値切り上げ / 信用需給: 信用データがデータなし、または売残0で信用倍率を算出不能,,https://finance.yahoo.co.jp/quote/5706.T,データなし,データなし,データなし,データなし,データなし,データなし,データなし,データなし,2.0,0,0,2.0,508,508,信用需給は判定不能,信用データがデータなし、または売残0で信用倍率を算出不能
2026-08-18,5331,ノリタケ,プライム,3795.0,-2.69,-1.94,-1.68,7.4,0.95,178.36,3905.0,3950.0,3780.0,3950.0,3950.0,3730.0,3025.0,3329.11,3100.23,3100.23,2,C,46.21,70.7,-0.92,55.02,3533.6,3747.07,3274.2,+1.04σ,0.72,なし,なし,買い,底固め,1,0.0,3527.46,4330.08,2.0,直近下落なし（B以下に制限）、直近安値切り上げ、BB幅収縮、RSI安値切り上げ / 信用需給: 信用データがデータなし、または売残0で信用倍率を算出不能,,https://finance.yahoo.co.jp/quote/5331.T,データなし,データなし,データなし,データなし,データなし,データなし,データなし,データなし,2.0,0,0,2.0,508,508,信用需給は判定不能,信用データがデータなし、または売残0で信用倍率を算出不能
2026-08-18,4443,Ｓａｎｓａｎ,プライム,1992.0,-1.04,0.2,2.05,4.68,1.49,97.22,2105.0,2021.0,1876.0,2105.0,2143.0,1876.0,1708.0,1838.55,1747.5,1747.5,2,C,44.89,45.33,-1.23,59.32,1902.96,1631.19,1536.94,+0.69σ,0.81,陰線→陽線,なし,買い,底固め,1,0.0,1846.17,2283.66,2.0,直近下落なし（B以下に制限）、直近安値切り上げ、BB幅収縮、RSI安値切り上げ / 信用需給: 信用データがデータなし、または売残0で信用倍率を算出不能,,https://finance.yahoo.co.jp/quote/4443.T,データなし,データなし,データなし,データなし,データなし,データなし,データなし,データなし,2.0,0,0,2.0,508,508,信用需給は判定不能,信用データがデータなし、または売残0で信用倍率を算出不能
2026-08-18,4626,太陽ホールディングス,プライム,4790.0,-1.34,-1.38,-0.77,-0.14,1.34,77.68,4911.0,4880.0,4776.0,4911.0,4911.0,4776.0,4653.0,4731.43,4669.66,4669.66,2,C,10.37,50.69,-7.26,45.62,4796.8,4924.81,4887.96,-0.05σ,0.6,なし,なし,買い,底固め,1,0.0,4673.47,5023.05,2.0,直近下落なし（B以下に制限）、直近安値切り上げ、BB幅収縮、RSI安値切り上げ / 信用需給: 信用データがデータなし、または売残0で信用倍率を算出不能,,https://finance.yahoo.co.jp/quote/4626.T,データなし,データなし,データなし,データなし,データなし,データなし,データなし,データなし,2.0,0,0,2.0,508,508,信用需給は判定不能,信用データがデータなし、または売残0で信用倍率を算出不能
2026-08-18,4403,日油,プライム,2748.5,-0.43,-0.42,1.22,-0.26,0.58,72.25,2769.5,2779.5,2737.5,2779.5,2779.5,2728.0,2510.5,2724.53,2689.01,2689.01,2,C,41.87,65.3,2.88,49.61,2755.66,2777.13,2947.05,-0.33σ,0.75,なし,なし,買い,底固め,1,0.0,2640.13,2965.25,2.0,直近下落なし（B以下に制限）、直近安値切り上げ、BB幅収縮、RSI安値切り上げ / 信用需給: 信用データがデータなし、または売残0で信用倍率を算出不能,,https://finance.yahoo.co.jp/quote/4403.T,データなし,データなし,データなし,データなし,データなし,データなし,データなし,データなし,2.0,0,0,2.0,508,508,信用需給は判定不能,信用データがデータなし、または売残0で信用倍率を算出不能
2026-08-18,1801,大成建設,プライム,12695.0,-1.78,-1.59,0.47,-4.44,0.8,472.28,13210.0,13050.0,12670.0,13210.0,13210.0,12635.0,12445.0,12805.77,12430.55,12430.55,2,C,12.7,37.69,1.69,40.08,13285.2,14196.6,14956.28,-1.30σ,0.71,なし,なし,買い,底固め,1,0.0,11986.58,14111.84,2.0,直近下落なし（B以下に制限）、直近安値切り上げ、BB幅収縮、RSI安値切り上げ / 信用需給: 信用データがデータなし、または売残0で信用倍率を算出不能,,https://finance.yahoo.co.jp/quote/1801.T,データなし,データなし,データなし,データなし,データなし,データなし,データなし,データなし,2.0,0,0,2.0,508,508,信用需給は判定不能,信用データがデータなし、または売残0で信用倍率を算出不能
2026-08-18,1909,日本ドライケミカル,スタンダード,3700.0,0.0,-0.13,-0.13,0.1,0.42,12.01,3705.0,3705.0,3700.0,3705.0,3710.0,3700.0,3690.0,3692.63,3687.75,3687.75,2,C,0.0,36.33,-6.0,53.93,3696.2,3650.87,2961.16,+0.51σ,0.32,はらみ足,なし,買い,底固め,1,0.0,3681.99,3736.03,2.0,直近下落なし（B以下に制限）、直近安値切り上げ、ATR低下、BB幅収縮、RSI安値切り上げ / 信用需給: 信用データがデータなし、または売残0で信用倍率を算出不能,,https://finance.yahoo.co.jp/quote/1909.T,データなし,データなし,データなし,データなし,データなし,データなし,データなし,データなし,2.0,0,0,2.0,508,508,信用需給は判定不能,信用データがデータなし、または売残0で信用倍率を算出不能
2026-08-18,9424,日本通信,プライム,117.0,2.63,7.34,11.43,3.25,1.2,4.18,114.0,119.0,114.0,119.0,119.0,107.0,102.0,109.69,106.62,106.62,2,C,88.24,63.63,2.34,56.41,113.32,114.99,130.05,+1.39σ,2.67,なし,なし,買い,底固め,1,0.0,107.0,137.0,2.0,直近下落なし（B以下に制限）、直近安値切り上げ、BB幅収縮、RSI安値切り上げ、レンジ上限突破 / 信用需給: 信用データがデータなし、または売残0で信用倍率を算出不能,,https://finance.yahoo.co.jp/quote/9424.T,データなし,データなし,データなし,データなし,データなし,データなし,データなし,データなし,2.0,0,0,2.0,508,508,信用需給は判定不能,信用データがデータなし、または売残0で信用倍率を算出不能
2026-08-18,9412,スカパーＪＳＡＴ,プライム,2331.0,-1.44,-1.89,1.22,1.84,1.14,120.69,2376.0,2445.0,2307.0,2445.0,2445.0,2307.0,2007.0,2144.8,2029.65,2029.65,2,C,38.04,64.59,4.15,46.45,2288.92,3063.35,2642.28,+0.62σ,0.96,なし,なし,買い,底固め,1,0.0,2149.96,2693.08,2.0,直近下落なし（B以下に制限）、直近安値切り上げ、BB幅収縮、RSI安値切り上げ / 信用需給: 信用データがデータなし、または売残0で信用倍率を算出不能,,https://finance.yahoo.co.jp/quote/9412.T,データなし,データなし,データなし,データなし,データなし,データなし,データなし,データなし,2.0,0,0,2.0,508,508,信用需給は判定不能,信用データがデータなし、または売残0で信用倍率を算出不能
