シグナル日,コード,会社名,市場,現在値,前日比,直近3日騰落率,直近5日騰落率,25日線乖離率,ATR当日値幅,ATR14,前日高値,反転足高値,反転足安値,直近2日高値,直近3日高値,直近安値,直近支持線,BB-1σ,BB-2σ,BB下限,スコア,ランク,%K,%D,%D傾き,RSI14,MA25,MA75,MA200,BB位置,出来高倍率,ローソク足パターン,アンチ判定,買い・売り,シグナル種別,シグナル数,自社株買い比率,損切り候補,利確候補,RR,判定理由,除外理由,Yahoo Financeリンク
2026-08-13,4751,サイバーエージェント,プライム,1255.0,0.6,-16.28,-14.1,-13.62,0.61,59.67,1263.0,1264.5,1228.0,1264.5,1329.0,1228.0,1228.0,1350.29,1261.47,1261.47,23,S,9.61,28.93,-24.78,33.48,1452.88,1375.63,1383.42,-2.07σ,2.49,陰線→陽線 / 強気包み足 / 長い下ヒゲ（ハンマー） / 前日安値割れ反転 / 2～5日下落後の陽線,なし,買い,BB逆張り / BB＋RSI＋ストキャス,2,0.0,1165.5,1434.0,2.0,直近2～5日まで下落、RSI40以下から反転上昇、BB -2σ付近から反発、ストキャス売られ過ぎから反転、%K反転、陽の包み足、長い下ヒゲ反転、2～5日下落後の陽線、出来高増加を伴う反転,,https://finance.yahoo.co.jp/quote/4751.T
2026-08-13,1860,戸田建設,プライム,1488.5,1.05,-0.07,-0.27,-1.6,0.74,35.6,1475.0,1496.5,1470.0,1496.5,1499.5,1455.5,1455.5,1480.82,1458.86,1458.86,21,S,36.67,22.7,-11.75,43.06,1512.7,1521.37,1407.64,-0.65σ,1.3,強気包み足 / 2～5日下落後の陽線,なし,買い,BB逆張り,1,0.0,1435.11,1595.29,2.0,直近2～5日まで下落、RSI40以下から反転上昇、BB -1σ以下から反発、ストキャス売られ過ぎから反転、%K反転、%D方向改善、陽の包み足、2～5日下落後の陽線、出来高増加を伴う反転,,https://finance.yahoo.co.jp/quote/1860.T
2026-08-13,1968,太平電業,プライム,2384.0,0.25,-1.57,-3.79,-2.56,0.37,83.77,2387.0,2401.0,2370.0,2401.0,2418.0,2332.0,2326.0,2393.02,2353.04,2353.04,20,S,19.85,41.28,-9.47,40.29,2446.56,2622.47,2537.28,-1.23σ,0.91,強気包み足 / 2～5日下落後の陽線,なし,買い,BB逆張り / 底固め,2,0.0,2258.34,2635.32,2.0,直近2～5日まで下落、RSI40以下から反転上昇、BB -1σ以下から反発、ストキャス売られ過ぎから反転、%K反転、陽の包み足、2～5日下落後の陽線、直近安値切り上げ、BB幅収縮、RSI安値切り上げ,,https://finance.yahoo.co.jp/quote/1968.T
2026-08-13,4755,楽天グループ,プライム,761.4,2.2,-14.11,-9.36,-6.68,0.64,30.27,850.0,763.5,744.2,850.0,873.5,744.2,744.2,785.5,751.86,751.86,20,S,12.09,69.51,-18.36,41.16,815.9,773.32,853.33,-1.72σ,2.1,陰線→陽線 / 前日安値割れ反転 / 2～5日下落後の陽線,なし,買い,BB逆張り,1,0.0,716.0,852.2,2.0,直近2～5日まで下落、RSI40以下から反転上昇、BB -2σ付近から反発、ストキャス売られ過ぎから反転、%K反転、長い下ヒゲ反転、2～5日下落後の陽線、出来高増加を伴う反転,,https://finance.yahoo.co.jp/quote/4755.T
2026-08-13,3299,ムゲンエステート,スタンダード,1738.0,3.39,1.76,-7.45,-9.13,1.14,59.59,1691.0,1745.0,1677.0,1745.0,1745.0,1631.0,1631.0,1796.77,1687.74,1687.74,20,S,36.77,16.97,-9.93,36.03,1912.64,1877.47,2030.94,-1.54σ,1.19,強気包み足 / 2～5日下落後の陽線,なし,買い,BB逆張り / BB＋RSI＋ストキャス,2,0.0,1631.0,1952.0,2.0,直近2～5日まで下落、RSI40以下から反転上昇、BB -2σ付近から反発、ストキャス売られ過ぎから反転、%K反転、%D方向改善、陽の包み足、2～5日下落後の陽線,,https://finance.yahoo.co.jp/quote/3299.T
2026-08-13,6969,松尾電機,スタンダード,1055.0,10.01,-6.39,-12.95,-4.17,1.05,105.44,1261.0,1099.0,988.0,1261.0,1261.0,959.0,901.0,999.38,916.15,916.15,20,除外,31.79,63.23,8.09,44.44,1100.96,1464.17,1126.56,-0.33σ,6.2,陰線→陽線 / はらみ足 / 2～5日下落後の陽線,通常,買い,BB逆張り / 底固め / アンチ,3,0.0,896.84,1371.31,2.0,直近2～5日まで下落、RSI40以下から反転上昇、BB -1σ以下から反発、ストキャス売られ過ぎから反転、%K反転、%D方向改善、2～5日下落後の陽線、出来高増加を伴う反転、直近安値切り上げ、BB幅収縮、RSI安値切り上げ,急騰済み（当日急騰）,https://finance.yahoo.co.jp/quote/6969.T
2026-08-13,4975,ＪＣＵ,プライム,5670.0,0.53,2.16,-15.75,-8.95,0.29,346.1,5730.0,5730.0,5630.0,5730.0,5730.0,5430.0,5380.0,5675.75,5261.01,5261.01,19,S,17.52,43.74,-0.63,39.77,6227.2,6898.0,5939.6,-1.01σ,0.5,強気包み足 / はらみ足 / 2～5日下落後の陽線,なし,買い,BB逆張り / BB＋RSI＋ストキャス,2,0.0,5150.84,6708.31,2.0,直近2～5日まで下落、RSI40以下から反転上昇、BB -1σ以下から反発、ストキャス売られ過ぎから反転、%K反転、%D方向改善、陽の包み足、2～5日下落後の陽線,,https://finance.yahoo.co.jp/quote/4975.T
2026-08-13,4889,レナサイエンス,グロース,1165.0,0.87,-23.3,-24.5,-20.65,0.87,117.54,1273.0,1217.0,1115.0,1273.0,1532.0,1101.0,1101.0,1340.08,1218.42,1218.42,19,S,13.45,49.42,-4.43,32.11,1468.24,1488.79,1635.82,-2.44σ,1.85,陰線→陽線 / はらみ足 / 2～5日下落後の陽線,なし,買い,BB逆張り / BB＋RSI＋ストキャス,2,0.0,988.69,1517.62,2.0,直近2～5日まで下落、RSI40以下から反転上昇、BB -2σ付近から反発、ストキャス売られ過ぎから反転、%K反転、%D方向改善、2～5日下落後の陽線、出来高増加を伴う反転,,https://finance.yahoo.co.jp/quote/4889.T
2026-08-13,4971,メック,プライム,7860.0,2.21,-11.19,-20.93,-8.48,0.5,736.03,7830.0,7990.0,7620.0,7990.0,9100.0,7480.0,7130.0,7828.7,7175.91,7175.91,19,S,14.96,55.0,1.14,42.13,8588.4,9776.13,7348.32,-0.95σ,2.36,陰線→陽線 / 長い下ヒゲ（ハンマー） / 2～5日下落後の陽線,通常,買い,BB逆張り / 底固め / アンチ,3,0.0,6755.95,10068.1,2.0,直近2～5日まで下落、BB -1σ以下から反発、ストキャス売られ過ぎから反転、%K反転、%D方向改善、長い下ヒゲ反転、2～5日下落後の陽線、出来高増加を伴う反転、直近安値切り上げ、BB幅収縮、RSI安値切り上げ,,https://finance.yahoo.co.jp/quote/4971.T
2026-08-13,8848,レオパレス２１,プライム,624.0,0.81,-7.42,-7.28,-6.05,0.61,17.95,639.0,626.0,615.0,639.0,639.0,605.0,605.0,643.56,623.98,623.98,18,S,26.03,35.7,-13.56,38.33,664.2,645.12,661.16,-2.00σ,0.87,陰線→陽線 / 前日安値割れ反転 / 2～5日下落後の陽線,なし,買い,BB逆張り / BB＋RSI＋ストキャス,2,0.0,597.07,677.86,2.0,直近2～5日まで下落、RSI40以下から反転上昇、BB -2σ付近から反発、ストキャス売られ過ぎから反転、%K反転、長い下ヒゲ反転、2～5日下落後の陽線,,https://finance.yahoo.co.jp/quote/8848.T
2026-08-13,1952,新日本空調,プライム,3105.0,1.97,2.81,-10.9,-7.6,0.38,145.44,3050.0,3115.0,3060.0,3115.0,3115.0,2930.0,2930.0,3137.51,2963.76,2963.76,18,S,30.7,39.15,-0.62,39.86,3360.4,3447.8,3409.66,-1.19σ,0.75,長い下ヒゲ（ハンマー） / 2～5日下落後の陽線,なし,買い,BB逆張り / BB＋RSI＋ストキャス,2,0.0,2886.84,3541.31,2.0,直近2～5日まで下落、RSI40以下から反転上昇、BB -1σ以下から反発、ストキャス売られ過ぎから反転、%K反転、%D方向改善、長い下ヒゲ反転、2～5日下落後の陽線,,https://finance.yahoo.co.jp/quote/1952.T
2026-08-13,6544,ジャパンエレベーターサービスホールディングス,プライム,1517.0,1.37,2.09,-8.14,-9.87,0.81,55.36,1504.5,1525.5,1480.5,1525.5,1525.5,1432.0,1432.0,1560.74,1477.76,1477.76,18,S,35.71,29.87,-10.93,32.47,1683.08,1698.59,1717.14,-1.53σ,1.24,強気包み足 / 2～5日下落後の陽線,なし,買い,BB逆張り / BB＋RSI＋ストキャス,2,0.0,1432.0,1687.0,2.0,直近2～5日まで下落、RSI40以下から反転上昇、BB -1σ以下から反発、ストキャス売られ過ぎから反転、%K反転、陽の包み足、2～5日下落後の陽線,,https://finance.yahoo.co.jp/quote/6544.T
2026-08-13,1944,きんでん,プライム,6920.0,1.44,-0.73,-5.46,-5.15,0.49,283.63,6824.0,6954.0,6814.0,6954.0,6954.0,6661.0,6661.0,6951.3,6677.6,6677.6,18,S,31.28,23.79,-14.24,41.79,7295.56,7434.35,7161.66,-1.11σ,0.55,長い下ヒゲ（ハンマー） / 2～5日下落後の陽線,なし,買い,BB逆張り,1,0.0,6494.56,7770.88,2.0,直近2～5日まで下落、RSI40以下から反転上昇、BB -1σ以下から反発、ストキャス売られ過ぎから反転、%K反転、%D方向改善、長い下ヒゲ反転、2～5日下落後の陽線,,https://finance.yahoo.co.jp/quote/1944.T
2026-08-13,1969,高砂熱学工業,プライム,4270.0,3.26,3.79,-3.83,-3.57,0.8,173.46,4186.0,4293.0,4154.0,4293.0,4293.0,3985.0,3985.0,4154.19,3960.33,3960.33,18,S,62.09,35.4,2.21,44.97,4428.08,4592.56,4615.26,-0.40σ,1.36,2～5日下落後の陽線,なし,買い,BB逆張り,1,0.0,3985.0,4840.0,2.0,直近2～5日まで下落、RSI40以下から反転上昇、BB -1σ以下から反発、ストキャス売られ過ぎから反転、%K反転、%D方向改善、2～5日下落後の陽線、出来高増加を伴う反転,,https://finance.yahoo.co.jp/quote/1969.T
2026-08-13,8508,Ｊトラスト,スタンダード,809.0,0.0,-8.59,-6.9,-2.7,0.81,37.0,821.0,813.0,783.0,821.0,908.0,783.0,751.0,799.65,764.66,764.66,18,S,20.8,59.84,1.16,47.11,831.48,770.83,596.5,-0.73σ,1.73,強気包み足 / 長い下ヒゲ（ハンマー） / 2～5日下落後の陽線,通常,買い,アンチ,1,0.0,753.5,920.0,2.0,直近2～5日まで下落、ストキャス売られ過ぎから反転、%K反転、%D方向改善、陽の包み足、長い下ヒゲ反転、2～5日下落後の陽線、出来高増加を伴う反転,,https://finance.yahoo.co.jp/quote/8508.T
2026-08-13,4901,富士フイルムホールディングス,プライム,3277.0,2.47,1.27,-14.39,-9.56,0.72,130.36,3220.0,3303.0,3209.0,3303.0,3303.0,3127.0,3127.0,3409.42,3186.14,3186.14,18,S,19.21,45.31,-23.26,37.46,3623.52,3405.13,3298.57,-1.59σ,1.37,2～5日下落後の陽線,なし,買い,BB逆張り / BB＋RSI＋ストキャス,2,0.0,3081.47,3668.07,2.0,直近2～5日まで下落、RSI40以下から反転上昇、BB -2σ付近から反発、ストキャス売られ過ぎから反転、%K反転、2～5日下落後の陽線、出来高増加を伴う反転,,https://finance.yahoo.co.jp/quote/4901.T
2026-08-13,4275,カーリット,プライム,2064.0,0.83,-14.53,-15.38,-10.61,0.44,125.76,2114.0,2103.0,2048.0,2114.0,2254.0,2026.0,2026.0,2173.83,2052.1,2052.1,18,S,8.7,51.45,-14.19,38.56,2309.04,2366.25,2242.14,-1.90σ,1.47,陰線→陽線 / はらみ足 / 2～5日下落後の陽線,なし,買い,BB逆張り / BB＋RSI＋ストキャス,2,0.0,1875.37,2441.27,2.0,直近2～5日まで下落、RSI40以下から反転上昇、BB -2σ付近から反発、ストキャス売られ過ぎから反転、%K反転、2～5日下落後の陽線、出来高増加を伴う反転,,https://finance.yahoo.co.jp/quote/4275.T
2026-08-13,4047,関東電化工業,プライム,2659.0,0.95,-6.57,-13.67,-5.85,0.49,210.69,2685.0,2700.0,2597.0,2700.0,2934.0,2510.0,2369.0,2595.24,2418.88,2418.88,18,S,26.14,55.39,2.99,42.2,2824.08,3030.44,1940.98,-0.64σ,1.65,強気包み足 / 2～5日下落後の陽線,通常,買い,底固め / アンチ,2,0.0,2342.97,3291.06,2.0,直近2～5日まで下落、ストキャス売られ過ぎから反転、%K反転、%D方向改善、陽の包み足、2～5日下落後の陽線、出来高増加を伴う反転、直近安値切り上げ、BB幅収縮、RSI安値切り上げ,,https://finance.yahoo.co.jp/quote/4047.T
2026-08-13,3479,ＴＫＰ,グロース,1830.0,2.46,-0.71,-5.57,-0.25,0.93,56.86,1812.0,1830.0,1777.0,1830.0,1843.0,1777.0,1741.0,1797.19,1739.87,1739.87,17,S,27.75,43.46,-19.46,50.54,1834.52,1721.79,1844.35,-0.43σ,0.24,陰線→陽線 / 強気包み足 / 前日安値割れ反転 / 2～5日下落後の陽線,なし,買い,BB逆張り,1,0.0,1744.71,2000.58,2.0,直近2～5日まで下落、BB -1σ以下から反発、ストキャス売られ過ぎから反転、%K反転、陽の包み足、長い下ヒゲ反転、2～5日下落後の陽線,,https://finance.yahoo.co.jp/quote/3479.T
2026-08-13,7715,長野計器,プライム,4115.0,3.78,4.71,-2.49,6.8,1.74,221.25,4035.0,4145.0,3760.0,4145.0,4145.0,3760.0,3270.0,3635.37,3423.73,3423.73,17,S,73.96,70.96,10.26,56.09,3853.0,3714.59,3048.12,+1.27σ,3.67,強気包み足 / 前日安値割れ反転 / 2～5日下落後の陽線,強,買い,底固め / アンチ,2,0.0,3760.0,4825.0,2.0,直近2～5日まで下落、%K反転、%D方向改善、陽の包み足、長い下ヒゲ反転、2～5日下落後の陽線、出来高増加を伴う反転、直近安値切り上げ、BB幅収縮、RSI安値切り上げ,,https://finance.yahoo.co.jp/quote/7715.T
2026-08-13,6787,メイコー,プライム,18790.0,4.56,0.0,-24.23,-16.78,0.46,2281.09,17970.0,19080.0,18030.0,19080.0,19080.0,16440.0,16440.0,19085.84,16400.17,16400.17,16,S,27.26,42.92,0.68,38.78,22578.4,30194.13,21441.8,-1.11σ,0.99,2～5日下落後の陽線,通常,買い,BB逆張り / BB＋RSI＋ストキャス / アンチ,3,0.0,15368.36,25633.28,2.0,直近2～5日まで下落、RSI40以下から反転上昇、BB -1σ以下から反発、ストキャス売られ過ぎから反転、%K反転、%D方向改善、2～5日下落後の陽線,,https://finance.yahoo.co.jp/quote/6787.T
2026-08-13,6656,インスペック,スタンダード,897.0,2.05,-1.1,-11.97,-13.97,0.48,95.15,879.0,908.0,862.0,908.0,908.0,794.0,794.0,883.34,767.78,767.78,16,S,43.1,35.68,6.6,40.84,1042.6,1010.71,754.74,-0.88σ,0.44,強気包み足 / 2～5日下落後の陽線,なし,買い,BB逆張り,1,0.0,754.28,1182.44,2.0,直近2～5日まで下落、RSI40以下から反転上昇、BB -1σ以下から反発、%K反転、%D方向改善、陽の包み足、2～5日下落後の陽線,,https://finance.yahoo.co.jp/quote/6656.T
2026-08-13,6145,ＮＩＴＴＯＫＵ,スタンダード,2406.0,1.48,-12.09,-15.16,-9.01,0.45,136.47,2374.0,2422.0,2361.0,2422.0,2422.0,2269.0,2269.0,2465.59,2323.87,2323.87,16,S,22.53,56.42,-5.54,38.74,2644.32,2834.67,2549.44,-1.42σ,0.89,2～5日下落後の陽線,なし,買い,BB逆張り / BB＋RSI＋ストキャス,2,0.0,2201.29,2815.41,2.0,直近2～5日まで下落、RSI40以下から反転上昇、BB -1σ以下から反発、ストキャス売られ過ぎから反転、%K反転、%D方向改善、2～5日下落後の陽線,,https://finance.yahoo.co.jp/quote/6145.T
2026-08-13,6768,タムラ製作所,プライム,816.0,4.35,-1.81,-6.1,-4.93,0.51,49.35,807.0,823.0,798.0,823.0,841.0,771.0,726.0,790.14,734.57,734.57,16,S,38.79,43.74,0.32,44.48,858.36,925.48,741.58,-0.53σ,0.69,陰線→陽線 / 2～5日下落後の陽線,通常,買い,BB逆張り / アンチ,2,0.0,741.98,964.05,2.0,直近2～5日まで下落、RSI40以下から反転上昇、BB -1σ以下から反発、ストキャス売られ過ぎから反転、%K反転、%D方向改善、2～5日下落後の陽線,,https://finance.yahoo.co.jp/quote/6768.T
2026-08-13,7915,ＮＩＳＳＨＡ,プライム,1302.0,2.12,3.91,1.96,-1.42,0.91,39.58,1285.0,1311.0,1275.0,1311.0,1311.0,1223.0,1223.0,1284.19,1246.59,1246.59,16,S,61.72,31.77,-6.27,45.33,1320.8,1404.11,1324.92,-0.53σ,1.21,2～5日下落後の陽線,なし,買い,BB逆張り,1,0.0,1223.0,1460.0,2.0,直近2～5日まで下落、RSI40以下から反転上昇、BB -1σ以下から反発、ストキャス売られ過ぎから反転、%K反転、%D方向改善、2～5日下落後の陽線,,https://finance.yahoo.co.jp/quote/7915.T
2026-08-13,1959,クラフティア,プライム,8272.0,1.12,1.5,0.0,-3.72,0.38,286.49,8229.0,8339.0,8229.0,8339.0,8339.0,8012.0,7949.0,8205.59,7878.28,7878.28,16,S,60.05,26.66,-11.58,42.08,8591.36,9007.15,8730.92,-0.80σ,0.88,2～5日下落後の陽線,なし,買い,BB逆張り,1,0.0,7842.27,9131.46,2.0,直近2～5日まで下落、RSI40以下から反転上昇、BB -1σ以下から反発、ストキャス売られ過ぎから反転、%K反転、%D方向改善、2～5日下落後の陽線,,https://finance.yahoo.co.jp/quote/1959.T
2026-08-13,7760,ＩＭＶ,スタンダード,2069.0,4.44,6.38,-23.4,-11.45,0.44,173.52,1990.0,2078.0,2001.0,2078.0,2078.0,1871.0,1871.0,2083.06,1879.37,1879.37,16,S,23.21,44.76,-4.41,42.37,2336.44,2577.63,2668.78,-1.07σ,1.26,2～5日下落後の陽線,なし,買い,BB逆張り,1,0.0,1808.73,2589.55,2.0,直近2～5日まで下落、RSI40以下から反転上昇、BB -1σ以下から反発、ストキャス売られ過ぎから反転、%K反転、%D方向改善、2～5日下落後の陽線,,https://finance.yahoo.co.jp/quote/7760.T
2026-08-13,1815,鉄建建設,プライム,4300.0,1.9,0.82,-3.91,-3.2,0.61,131.85,4245.0,4325.0,4245.0,4325.0,4325.0,4190.0,4190.0,4302.31,4183.63,4183.63,16,S,29.33,29.22,-9.29,43.53,4442.2,4544.93,4514.77,-1.02σ,1.02,2～5日下落後の陽線,なし,買い,BB逆張り,1,0.0,4102.23,4695.54,2.0,直近2～5日まで下落、RSI40以下から反転上昇、BB -1σ以下から反発、ストキャス売られ過ぎから反転、%K反転、%D方向改善、2～5日下落後の陽線,,https://finance.yahoo.co.jp/quote/1815.T
2026-08-13,4078,堺化学工業,プライム,4055.0,3.97,2.27,-7.53,0.39,0.79,241.21,4060.0,4085.0,3895.0,4085.0,4150.0,3835.0,3655.0,3880.56,3730.38,3730.38,16,S,38.6,52.3,-3.69,48.24,4039.2,4255.73,3693.03,+0.16σ,0.79,陰線→陽線 / 強気包み足 / 2～5日下落後の陽線,なし,買い,底固め,1,0.0,3693.19,4778.62,2.0,直近2～5日まで下落、ストキャス売られ過ぎから反転、%K反転、%D方向改善、陽の包み足、2～5日下落後の陽線、直近安値切り上げ、ATR低下、BB幅収縮、RSI安値切り上げ,,https://finance.yahoo.co.jp/quote/4078.T
2026-08-13,4980,デクセリアルズ,プライム,3188.0,2.18,4.42,-3.13,-9.32,0.4,205.82,3159.0,3233.0,3150.0,3233.0,3233.0,3007.0,3007.0,3135.61,2874.92,2874.92,16,S,37.32,27.69,0.49,39.19,3515.8,3758.27,3032.47,-0.80σ,0.61,2～5日下落後の陽線,強,買い,BB逆張り / BB＋RSI＋ストキャス / アンチ,3,0.0,2879.26,3805.47,2.0,直近2～5日まで下落、RSI40以下から反転上昇、BB -1σ以下から反発、ストキャス売られ過ぎから反転、%K反転、%D方向改善、2～5日下落後の陽線,,https://finance.yahoo.co.jp/quote/4980.T
2026-08-13,4368,扶桑化学工業,プライム,3500.0,3.4,-8.14,-17.74,-8.86,0.46,280.65,3440.0,3550.0,3420.0,3550.0,3550.0,3250.0,3180.0,3504.32,3208.39,3208.39,16,S,24.15,50.6,0.26,42.4,3840.4,3992.31,3029.21,-1.01σ,1.15,陰線→陽線 / 2～5日下落後の陽線,通常,買い,BB逆張り / アンチ,2,0.0,3079.02,4341.96,2.0,直近2～5日まで下落、RSI40以下から反転上昇、BB -1σ以下から反発、ストキャス売られ過ぎから反転、%K反転、%D方向改善、2～5日下落後の陽線,,https://finance.yahoo.co.jp/quote/4368.T
2026-08-13,6703,沖電気工業,プライム,2960.0,5.75,7.36,-0.03,-4.89,0.51,175.32,2827.0,2970.0,2880.0,2970.0,2970.0,2736.0,2654.0,2807.24,2569.92,2569.92,16,S,70.22,30.21,-3.95,45.65,3112.04,3248.13,2683.33,-0.36σ,1.0,2～5日下落後の陽線,なし,買い,BB逆張り,1,0.0,2697.02,3485.96,2.0,直近2～5日まで下落、RSI40以下から反転上昇、BB -1σ以下から反発、ストキャス売られ過ぎから反転、%K反転、%D方向改善、2～5日下落後の陽線,,https://finance.yahoo.co.jp/quote/6703.T
2026-08-13,4935,リベルタ,スタンダード,224.0,4.19,-8.2,-5.88,-20.43,0.3,29.67,229.0,224.0,215.0,229.0,244.0,212.0,212.0,227.47,195.7,195.7,16,S,24.0,17.38,-3.62,41.93,281.52,261.88,309.5,-1.11σ,0.24,陰線→陽線 / はらみ足 / 2～5日下落後の陽線,なし,買い,BB逆張り,1,0.0,179.49,313.01,2.0,直近2～5日まで下落、RSI40以下から反転上昇、BB -1σ以下から反発、ストキャス売られ過ぎから反転、%K反転、%D方向改善、2～5日下落後の陽線,,https://finance.yahoo.co.jp/quote/4935.T
2026-08-13,6118,アイダエンジニアリング,プライム,1195.0,0.84,-4.55,-3.78,-0.84,0.5,33.86,1205.0,1199.0,1182.0,1205.0,1242.0,1172.0,1156.0,1181.59,1157.22,1157.22,15,S,28.4,55.43,-5.04,49.34,1205.12,1180.2,1153.7,-0.45σ,0.65,陰線→陽線 / はらみ足 / 長い下ヒゲ（ハンマー） / 2～5日下落後の陽線,なし,買い,底固め,1,0.0,1144.21,1296.58,2.0,直近2～5日まで下落、ストキャス売られ過ぎから反転、%K反転、%D方向改善、長い下ヒゲ反転、2～5日下落後の陽線、直近安値切り上げ、ATR低下、BB幅収縮,,https://finance.yahoo.co.jp/quote/6118.T
2026-08-13,6976,太陽誘電,プライム,10935.0,6.53,12.74,-2.06,-3.63,1.06,1425.74,10265.0,11680.0,10175.0,11680.0,11680.0,9167.0,8601.0,9634.94,8492.68,8492.68,15,除外,70.35,45.56,9.26,46.06,11346.96,12739.13,7261.59,+0.14σ,1.33,2～5日下落後の陽線,なし,買い,底固め,1,0.0,8796.4,15212.21,2.0,直近2～5日まで下落、ストキャス売られ過ぎから反転、%K反転、%D方向改善、2～5日下落後の陽線、出来高増加を伴う反転、直近安値切り上げ、ATR低下、BB幅収縮、RSI安値切り上げ,急騰済み（3営業日急騰）,https://finance.yahoo.co.jp/quote/6976.T
2026-08-13,6845,アズビル,プライム,1572.5,1.39,0.87,-8.26,-4.57,0.73,50.7,1564.0,1586.0,1549.0,1586.0,1586.0,1515.5,1515.5,1589.6,1540.53,1540.53,15,S,23.31,48.91,-13.76,40.43,1647.82,1603.9,1487.4,-1.35σ,1.0,陰線→陽線 / 2～5日下落後の陽線,なし,買い,BB逆張り,1,0.0,1496.45,1724.59,2.0,直近2～5日まで下落、RSI40以下から反転上昇、BB -1σ以下から反発、ストキャス売られ過ぎから反転、%K反転、2～5日下落後の陽線,,https://finance.yahoo.co.jp/quote/6845.T
2026-08-13,6458,新晃工業,プライム,1214.0,0.5,0.83,-2.18,-2.06,0.6,21.64,1219.0,1215.0,1202.0,1219.0,1219.0,1189.0,1189.0,1216.03,1196.86,1196.86,15,S,43.86,44.28,-4.12,42.96,1239.56,1241.68,1313.94,-1.11σ,1.17,強気包み足 / はらみ足 / 2～5日下落後の陽線,なし,買い,BB逆張り,1,0.0,1181.53,1278.93,2.0,直近2～5日まで下落、BB -1σ以下から反発、ストキャス売られ過ぎから反転、%K反転、陽の包み足、2～5日下落後の陽線,,https://finance.yahoo.co.jp/quote/6458.T
2026-08-13,6266,タツモ,プライム,3910.0,7.42,16.02,-14.72,-10.62,0.64,398.12,3910.0,4035.0,3780.0,4035.0,4035.0,3335.0,3335.0,3681.24,3144.72,3144.72,15,除外,45.45,36.06,5.1,46.25,4374.6,4042.52,2996.18,-0.57σ,1.52,陰線→陽線 / 2～5日下落後の陽線,強,買い,BB逆張り / アンチ,2,0.0,3312.82,5104.36,2.0,直近2～5日まで下落、BB -1σ以下から反発、ストキャス売られ過ぎから反転、%K反転、%D方向改善、2～5日下落後の陽線、出来高増加を伴う反転,急騰済み（3営業日急騰）,https://finance.yahoo.co.jp/quote/6266.T
2026-08-13,6209,リケンＮＰＲ,プライム,3925.0,2.35,-4.96,-3.33,-1.09,0.8,106.41,3925.0,3935.0,3850.0,3935.0,3935.0,3775.0,3775.0,3907.98,3824.97,3824.97,15,S,40.0,60.66,-13.67,46.66,3968.2,3916.67,3754.52,-0.80σ,1.05,陰線→陽線 / 2～5日下落後の陽線,なし,買い,BB逆張り,1,0.0,3765.38,4244.23,2.0,直近2～5日まで下落、RSI40以下から反転上昇、BB -1σ以下から反発、ストキャス売られ過ぎから反転、%K反転、2～5日下落後の陽線,,https://finance.yahoo.co.jp/quote/6209.T
2026-08-13,6807,日本航空電子工業,プライム,2335.0,1.48,-0.64,-1.23,-2.37,0.87,67.66,2346.0,2347.0,2288.0,2347.0,2359.0,2288.0,2284.0,2336.24,2268.42,2268.42,15,S,48.45,26.39,-11.47,44.99,2391.6,2406.45,2459.57,-1.02σ,1.13,陰線→陽線 / 前日安値割れ反転 / 2～5日下落後の陽線,なし,買い,BB逆張り,1,0.0,2233.51,2537.97,2.0,直近2～5日まで下落、BB -1σ以下から反発、ストキャス売られ過ぎから反転、%K反転、%D方向改善、長い下ヒゲ反転、2～5日下落後の陽線,,https://finance.yahoo.co.jp/quote/6807.T
2026-08-13,7917,ＺＡＣＲＯＳ,プライム,1280.0,0.79,0.16,-11.05,-5.41,0.37,45.91,1283.0,1288.0,1271.0,1288.0,1299.0,1257.0,1257.0,1313.08,1262.21,1262.21,15,S,10.95,42.18,-5.21,40.96,1353.28,1326.77,1269.9,-1.65σ,0.86,陰線→陽線 / 2～5日下落後の陽線,なし,買い,BB逆張り,1,0.0,1211.14,1417.73,2.0,直近2～5日まで下落、RSI40以下から反転上昇、BB -1σ以下から反発、ストキャス売られ過ぎから反転、%K反転、2～5日下落後の陽線,,https://finance.yahoo.co.jp/quote/7917.T
2026-08-13,1976,明星工業,プライム,1838.0,2.85,-0.11,-0.38,-2.47,0.94,60.87,1796.0,1867.0,1810.0,1867.0,1867.0,1778.0,1778.0,1825.31,1751.88,1751.88,15,S,63.16,31.69,-16.64,46.23,1884.56,1815.0,1777.82,-0.83σ,1.29,陰線→陽線 / 2～5日下落後の陽線,なし,買い,BB逆張り,1,0.0,1746.69,2020.62,2.0,直近2～5日まで下落、RSI40以下から反転上昇、BB -1σ以下から反発、ストキャス売られ過ぎから反転、%K反転、2～5日下落後の陽線,,https://finance.yahoo.co.jp/quote/1976.T
2026-08-13,1950,日本電設工業,プライム,3920.0,1.55,1.69,-1.88,-2.22,0.6,132.83,3890.0,3950.0,3870.0,3950.0,3950.0,3805.0,3730.0,3892.65,3807.81,3807.81,15,S,45.1,41.37,-3.21,42.83,4009.2,4335.6,4078.86,-0.68σ,0.7,2～5日下落後の陽線,なし,買い,BB逆張り / 底固め,2,0.0,3720.75,4318.5,2.0,直近2～5日まで下落、RSI40以下から反転上昇、BB -1σ以下から反発、%K反転、%D方向改善、2～5日下落後の陽線、直近安値切り上げ、BB幅収縮、RSI安値切り上げ,,https://finance.yahoo.co.jp/quote/1950.T
2026-08-13,5989,エイチワン,プライム,1457.0,1.46,2.75,-7.02,-6.06,0.42,47.93,1446.0,1460.0,1440.0,1460.0,1460.0,1396.0,1396.0,1481.62,1424.04,1424.04,15,S,26.18,34.22,-2.08,40.94,1551.04,1523.97,1416.1,-1.43σ,0.67,陰線→陽線 / 2～5日下落後の陽線,なし,買い,BB逆張り,1,0.0,1385.1,1600.8,2.0,直近2～5日まで下落、RSI40以下から反転上昇、BB -1σ以下から反発、ストキャス売られ過ぎから反転、%K反転、2～5日下落後の陽線,,https://finance.yahoo.co.jp/quote/5989.T
2026-08-13,9517,イーレックス,プライム,843.0,1.81,-2.54,0.84,-0.47,0.8,29.9,848.0,852.0,828.0,852.0,885.0,815.0,806.0,837.66,815.37,815.37,15,S,40.0,38.74,4.69,51.47,846.96,842.47,770.74,-0.76σ,0.53,陰線→陽線 / 長い下ヒゲ（ハンマー） / 2～5日下落後の陽線,強,買い,BB逆張り / アンチ,2,0.0,798.15,932.69,2.0,直近2～5日まで下落、BB -1σ以下から反発、ストキャス売られ過ぎから反転、%K反転、%D方向改善、長い下ヒゲ反転、2～5日下落後の陽線,,https://finance.yahoo.co.jp/quote/9517.T
2026-08-13,4548,生化学工業,プライム,706.0,1.15,1.29,-2.89,-2.96,0.56,12.58,703.0,708.0,701.0,708.0,708.0,688.0,688.0,709.72,690.44,690.44,15,S,39.13,23.43,-19.63,39.97,727.52,731.33,716.62,-1.19σ,0.92,陰線→陽線 / 2～5日下落後の陽線,なし,買い,BB逆張り / BB＋RSI＋ストキャス,2,0.0,687.12,743.75,2.0,直近2～5日まで下落、RSI40以下から反転上昇、BB -1σ以下から反発、ストキャス売られ過ぎから反転、%K反転、2～5日下落後の陽線,,https://finance.yahoo.co.jp/quote/4548.T
2026-08-13,3905,データセクション,グロース,1877.0,0.97,-0.79,-16.95,-19.66,0.38,243.11,1914.0,1946.0,1854.0,1946.0,1946.0,1761.0,1761.0,1894.68,1579.81,1579.81,14,A,17.96,30.02,0.86,34.01,2336.24,3267.81,2397.43,-1.06σ,1.2,なし,通常,買い,アンチ,1,0.0,1512.34,2606.33,2.0,直近2～5日まで下落、RSI40以下から反転上昇、BB -1σ以下から反発、ストキャス売られ過ぎから反転、%K反転、%D方向改善,,https://finance.yahoo.co.jp/quote/3905.T
2026-08-13,9006,京浜急行電鉄,プライム,1523.5,0.69,1.23,0.46,-2.16,0.71,32.18,1522.0,1526.5,1503.5,1526.5,1526.5,1478.5,1478.5,1515.54,1472.1,1472.1,14,A,70.87,28.1,-12.64,46.6,1557.08,1523.22,1524.2,-0.82σ,0.77,長い下ヒゲ（ハンマー） / 前日安値割れ反転 / 2～5日下落後の陽線,なし,買い,BB逆張り,1,0.0,1475.22,1620.05,2.0,直近2～5日まで下落、BB -1σ以下から反発、ストキャス売られ過ぎから反転、%K反転、長い下ヒゲ反転、2～5日下落後の陽線,,https://finance.yahoo.co.jp/quote/9006.T
2026-08-13,3837,アドソル日進,プライム,1472.0,3.52,5.22,-1.34,-0.42,1.22,49.02,1438.0,1497.0,1437.0,1497.0,1497.0,1357.0,1357.0,1434.86,1395.67,1395.67,14,A,64.97,44.36,-11.18,51.97,1478.28,1442.31,1527.17,-0.05σ,1.81,2～5日下落後の陽線,なし,買い,BB逆張り,1,0.0,1357.0,1702.0,2.0,直近2～5日まで下落、BB -1σ以下から反発、ストキャス売られ過ぎから反転、%K反転、2～5日下落後の陽線、出来高増加を伴う反転,,https://finance.yahoo.co.jp/quote/3837.T
2026-08-13,6806,ヒロセ電機,プライム,27715.0,2.57,2.67,0.62,1.4,0.79,1111.1,27020.0,27900.0,27020.0,27900.0,27900.0,26410.0,25145.0,26687.32,26025.64,26025.64,13,A,73.11,55.23,-3.13,52.25,27331.8,26633.47,22080.55,+0.55σ,0.9,2～5日下落後の陽線,なし,買い,底固め,1,0.0,26048.35,31048.29,2.0,直近2～5日まで下落、ストキャス売られ過ぎから反転、%K反転、%D方向改善、2～5日下落後の陽線、直近安値切り上げ、BB幅収縮、RSI安値切り上げ,,https://finance.yahoo.co.jp/quote/6806.T
2026-08-13,7012,川崎重工業,プライム,2818.0,1.55,1.42,-3.63,2.5,0.44,127.12,2775.0,2831.0,2775.0,2831.0,2831.0,2654.0,2521.0,2675.23,2601.72,2601.72,13,A,54.76,56.54,-2.15,51.41,2749.36,2933.05,2796.57,+0.94σ,0.85,2～5日下落後の陽線,なし,買い,底固め,1,0.0,2627.32,3199.36,2.0,直近2～5日まで下落、ストキャス売られ過ぎから反転、%K反転、%D方向改善、2～5日下落後の陽線、直近安値切り上げ、ATR低下、BB幅収縮、RSI安値切り上げ,,https://finance.yahoo.co.jp/quote/7012.T
2026-08-13,6638,ミマキエンジニアリング,プライム,1933.0,1.52,1.74,-13.2,-7.77,0.66,93.85,1927.0,1937.0,1875.0,1937.0,1937.0,1805.0,1805.0,1989.48,1871.67,1871.67,13,A,27.77,45.09,-7.01,42.71,2095.84,1879.01,1745.77,-1.48σ,0.78,2～5日下落後の陽線,なし,買い,BB逆張り,1,0.0,1792.22,2214.56,2.0,直近2～5日まで下落、BB -1σ以下から反発、ストキャス売られ過ぎから反転、%K反転、%D方向改善、2～5日下落後の陽線,,https://finance.yahoo.co.jp/quote/6638.T
2026-08-13,1942,関電工,プライム,5504.0,1.51,0.07,-3.17,-5.73,0.63,245.99,5461.0,5544.0,5388.0,5544.0,5544.0,5297.0,5033.0,5431.12,5138.33,5138.33,13,A,37.57,40.39,-1.57,40.53,5838.28,6265.28,5825.15,-0.75σ,0.57,強気包み足 / 2～5日下落後の陽線,なし,買い,BB逆張り,1,0.0,5135.01,6241.98,2.0,直近2～5日まで下落、RSI40以下から反転上昇、BB -1σ以下から反発、%D方向改善、陽の包み足、2～5日下落後の陽線,,https://finance.yahoo.co.jp/quote/1942.T
2026-08-13,7220,武蔵精密工業,プライム,3610.0,3.74,7.92,1.12,9.21,0.84,292.23,3510.0,3670.0,3425.0,3670.0,3670.0,3275.0,2860.0,3060.15,2864.29,2864.29,13,A,73.64,63.28,7.83,51.69,3305.6,4765.93,3580.6,+1.81σ,0.63,強気包み足 / 2～5日下落後の陽線,なし,買い,底固め,1,0.0,3171.65,4486.7,2.0,直近2～5日まで下落、%K反転、%D方向改善、陽の包み足、2～5日下落後の陽線、直近安値切り上げ、ATR低下、BB幅収縮、RSI安値切り上げ,,https://finance.yahoo.co.jp/quote/7220.T
2026-08-13,7245,大同メタル工業,プライム,1349.0,0.6,1.43,-11.89,-0.69,0.51,86.64,1367.0,1389.0,1345.0,1389.0,1389.0,1288.0,1211.0,1276.79,1204.27,1204.27,13,A,22.76,60.56,-3.88,47.37,1358.44,1261.57,1100.14,-0.00σ,0.65,陰線→陽線 / 2～5日下落後の陽線,なし,買い,底固め,1,0.0,1219.04,1608.93,2.0,直近2～5日まで下落、ストキャス売られ過ぎから反転、%K反転、%D方向改善、2～5日下落後の陽線、直近安値切り上げ、BB幅収縮、RSI安値切り上げ,,https://finance.yahoo.co.jp/quote/7245.T
2026-08-13,6997,日本ケミコン,プライム,3080.0,4.19,-2.53,-13.24,-6.41,0.39,350.52,2976.0,3160.0,3025.0,3160.0,3160.0,2730.0,2466.0,2874.37,2591.25,2591.25,13,A,41.92,57.57,5.1,42.82,3291.0,3910.35,2435.96,-0.27σ,0.72,2～5日下落後の陽線,通常,買い,底固め / アンチ,2,0.0,2554.22,4131.57,2.0,直近2～5日まで下落、ストキャス売られ過ぎから反転、%K反転、%D方向改善、2～5日下落後の陽線、直近安値切り上げ、ATR低下、BB幅収縮、RSI安値切り上げ,,https://finance.yahoo.co.jp/quote/6997.T
2026-08-13,1407,ウエストホールディングス,スタンダード,2803.0,4.94,4.55,3.85,7.77,0.88,158.57,2698.0,2810.0,2671.0,2810.0,2810.0,2562.0,2339.0,2604.57,2515.1,2515.1,13,A,97.18,55.16,11.69,59.99,2600.96,2608.19,1999.12,+1.22σ,0.46,強気包み足 / 2～5日下落後の陽線,なし,買い,底固め,1,0.0,2562.0,3285.0,2.0,直近2～5日まで下落、%K反転、%D方向改善、陽の包み足、2～5日下落後の陽線、直近安値切り上げ、BB幅収縮、RSI安値切り上げ,,https://finance.yahoo.co.jp/quote/1407.T
2026-08-13,4620,藤倉化成,スタンダード,961.0,3.78,10.33,3.33,3.92,1.2,45.81,932.0,969.0,914.0,969.0,969.0,834.0,817.0,863.01,814.93,814.93,13,A,94.07,62.18,23.74,53.53,924.76,1029.04,907.92,+1.04σ,1.25,強気包み足 / 2～5日下落後の陽線,通常,買い,底固め / アンチ,2,0.0,834.0,1215.0,2.0,直近2～5日まで下落、%K反転、%D方向改善、陽の包み足、2～5日下落後の陽線、直近安値切り上げ、RSI安値切り上げ、レンジ上限突破,,https://finance.yahoo.co.jp/quote/4620.T
2026-08-13,4626,太陽ホールディングス,プライム,4857.0,0.19,0.33,-1.68,1.08,0.62,75.62,4848.0,4875.0,4828.0,4875.0,4875.0,4780.0,4653.0,4730.55,4667.56,4667.56,13,A,50.2,57.95,10.77,51.45,4804.92,4922.69,4872.72,+1.01σ,0.58,強気包み足 / 2～5日下落後の陽線,通常,買い,底固め / アンチ,2,0.0,4743.57,5083.87,2.0,直近2～5日まで下落、%K反転、%D方向改善、陽の包み足、2～5日下落後の陽線、直近安値切り上げ、BB幅収縮、RSI安値切り上げ,,https://finance.yahoo.co.jp/quote/4626.T
2026-08-13,6622,ダイヘン,プライム,13980.0,2.95,1.08,-8.03,-2.39,0.24,960.5,13600.0,14070.0,13840.0,14070.0,14070.0,13150.0,11460.0,13170.35,12229.69,12229.69,13,A,33.07,50.94,-0.9,46.21,14322.8,15805.07,13035.45,-0.14σ,0.56,2～5日下落後の陽線,なし,買い,底固め,1,0.0,12539.24,16861.51,2.0,直近2～5日まで下落、ストキャス売られ過ぎから反転、%K反転、%D方向改善、2～5日下落後の陽線、直近安値切り上げ、BB幅収縮、RSI安値切り上げ,,https://finance.yahoo.co.jp/quote/6622.T
2026-08-13,6856,堀場製作所,プライム,24910.0,0.95,-2.96,-10.35,-5.24,0.6,1343.46,25120.0,25260.0,24455.0,25260.0,26485.0,24455.0,23030.0,24753.43,23371.35,23371.35,13,A,11.79,48.34,-6.26,44.21,26287.8,25853.2,20452.38,-0.89σ,1.33,前日安値割れ反転,なし,買い,BB逆張り,1,0.0,22894.81,28940.37,2.0,直近2～5日まで下落、BB -1σ以下から反発、ストキャス売られ過ぎから反転、%K反転、%D方向改善、長い下ヒゲ反転,,https://finance.yahoo.co.jp/quote/6856.T
2026-08-13,6996,ニチコン,プライム,3035.0,4.19,4.98,-7.47,-0.51,0.37,245.48,2913.0,3055.0,2965.0,3055.0,3055.0,2782.0,2451.0,2774.56,2583.23,2583.23,13,A,46.59,53.46,5.37,46.63,3050.52,3424.27,2372.12,+0.36σ,0.65,2～5日下落後の陽線,通常,買い,底固め / アンチ,2,0.0,2666.77,3771.45,2.0,直近2～5日まで下落、ストキャス売られ過ぎから反転、%K反転、%D方向改善、2～5日下落後の陽線、直近安値切り上げ、ATR低下、BB幅収縮、RSI安値切り上げ,,https://finance.yahoo.co.jp/quote/6996.T
2026-08-13,6961,エンプラス,プライム,11200.0,3.8,10.02,-9.68,-5.36,0.6,998.56,11160.0,11530.0,10930.0,11530.0,11530.0,10060.0,9620.0,10783.5,9872.0,9872.0,13,A,47.9,42.96,-3.06,46.2,11834.0,12921.73,11839.55,-0.54σ,0.61,2～5日下落後の陽線,なし,買い,BB逆張り,1,0.0,9702.16,14195.68,2.0,直近2～5日まで下落、BB -1σ以下から反発、ストキャス売られ過ぎから反転、%K反転、%D方向改善、2～5日下落後の陽線,,https://finance.yahoo.co.jp/quote/6961.T
2026-08-13,6368,オルガノ,プライム,14475.0,1.37,-0.55,-7.36,-2.35,0.41,870.53,14340.0,14640.0,14280.0,14640.0,14735.0,13905.0,12050.0,13862.65,13040.04,13040.04,13,A,32.2,57.58,1.85,46.82,14824.0,15881.33,14984.9,-0.26σ,0.68,長い下ヒゲ（ハンマー） / 2～5日下落後の陽線,通常,買い,アンチ,1,0.0,13169.21,17086.58,2.0,直近2～5日まで下落、ストキャス売られ過ぎから反転、%K反転、%D方向改善、長い下ヒゲ反転、2～5日下落後の陽線,,https://finance.yahoo.co.jp/quote/6368.T
2026-08-13,2874,横浜冷凍,プライム,2076.0,0.97,-1.94,0.19,-2.75,0.42,84.05,2074.0,2090.0,2055.0,2090.0,2102.0,2012.0,1991.0,2073.93,2004.31,2004.31,13,A,41.42,42.23,-4.96,47.45,2134.72,2071.28,1638.32,-0.97σ,0.63,陰線→陽線 / 長い下ヒゲ（ハンマー） / 2～5日下落後の陽線,なし,買い,BB逆張り / 底固め,2,0.0,1949.92,2328.16,2.0,直近2～5日まで下落、BB -1σ以下から反発、%K反転、長い下ヒゲ反転、2～5日下落後の陽線、直近安値切り上げ、BB幅収縮、RSI安値切り上げ,,https://finance.yahoo.co.jp/quote/2874.T
2026-08-13,6526,ソシオネクスト,プライム,1991.5,1.43,0.53,-4.71,-12.64,0.57,148.97,1973.0,2036.0,1951.5,2036.0,2036.0,1922.0,1817.0,1954.71,1728.63,1728.63,13,A,31.17,34.47,4.36,37.42,2279.64,2420.09,2261.95,-0.84σ,1.19,陰線→陽線 / 2～5日下落後の陽線,通常,買い,BB逆張り / アンチ,2,0.0,1768.04,2438.42,2.0,直近2～5日まで下落、RSI40以下から反転上昇、BB -1σ以下から反発、%K反転、%D方向改善、2～5日下落後の陽線,,https://finance.yahoo.co.jp/quote/6526.T
2026-08-13,7611,ハイデイ日高,プライム,2885.0,0.56,1.41,4.34,2.25,0.55,59.89,2900.0,2891.0,2858.0,2900.0,2900.0,2760.0,2732.0,2776.02,2714.6,2714.6,12,A,90.51,50.51,0.24,59.62,2821.64,2705.89,3039.06,+0.77σ,1.58,陰線→陽線 / 強気包み足 / 前日安値割れ反転,なし,買い,底固め,1,0.0,2760.0,3135.0,2.0,%K反転、陽の包み足、長い下ヒゲ反転、出来高増加を伴う反転、直近下落なし（B以下に制限）、直近安値切り上げ、BB幅収縮、RSI安値切り上げ,,https://finance.yahoo.co.jp/quote/7611.T
2026-08-13,9274,ＫＰＰグループホールディングス,プライム,1085.0,2.07,-2.95,-1.18,0.21,0.81,28.42,1071.0,1090.0,1067.0,1090.0,1121.0,1047.0,1040.0,1074.22,1055.64,1055.64,12,A,51.35,51.37,-13.85,52.5,1082.72,1018.8,909.73,-0.42σ,0.85,陰線→陽線 / 2～5日下落後の陽線,なし,買い,BB逆張り,1,0.0,1042.37,1170.25,2.0,直近2～5日まで下落、BB -1σ以下から反発、ストキャス売られ過ぎから反転、%K反転、2～5日下落後の陽線,,https://finance.yahoo.co.jp/quote/9274.T
2026-08-13,2120,ＬＩＦＵＬＬ,プライム,222.0,5.21,6.73,7.77,9.25,3.2,5.93,214.0,223.0,204.0,223.0,223.0,202.0,192.0,197.53,191.37,191.37,12,除外,95.24,88.17,9.18,78.14,203.2,196.04,190.97,+2.97σ,3.69,強気包み足 / 前日安値割れ反転,強,買い,底固め / アンチ,2,0.0,202.0,262.0,2.0,%K反転、%D方向改善、陽の包み足、長い下ヒゲ反転、出来高増加を伴う反転、直近下落なし（B以下に制限）、直近安値切り上げ、BB幅収縮、RSI安値切り上げ、レンジ上限突破,急騰済み（高RSI、BB +2σ大幅超過）,https://finance.yahoo.co.jp/quote/2120.T
2026-08-13,7860,エイベックス,プライム,1225.0,0.49,-0.89,-1.76,-3.66,0.49,26.37,1250.0,1230.0,1217.0,1250.0,1252.0,1194.0,1194.0,1239.66,1204.07,1204.07,12,A,34.07,32.47,-19.67,42.36,1271.6,1216.92,1210.88,-1.41σ,1.01,陰線→陽線 / はらみ足 / 2～5日下落後の陽線,なし,買い,BB逆張り,1,0.0,1185.44,1304.11,2.0,直近2～5日まで下落、BB -1σ以下から反発、ストキャス売られ過ぎから反転、%K反転、2～5日下落後の陽線,,https://finance.yahoo.co.jp/quote/7860.T
2026-08-13,8818,京阪神ビルディング,プライム,1093.0,3.21,2.92,1.3,-0.86,0.81,33.52,1065.0,1093.0,1066.0,1093.0,1093.0,1034.0,1034.0,1066.73,1040.71,1040.71,12,A,60.2,30.62,-16.12,50.57,1102.52,1070.71,1000.82,+0.01σ,0.8,2～5日下落後の陽線,なし,買い,BB逆張り,1,0.0,1034.0,1211.0,2.0,直近2～5日まで下落、BB -1σ以下から反発、ストキャス売られ過ぎから反転、%K反転、2～5日下落後の陽線,,https://finance.yahoo.co.jp/quote/8818.T
2026-08-13,7979,松風,プライム,2410.0,5.24,5.84,9.45,11.17,2.09,73.09,2317.0,2420.0,2267.0,2420.0,2420.0,2209.0,2017.0,2104.74,2022.24,2022.24,12,除外,97.15,69.3,15.04,72.96,2167.76,1966.93,1874.06,+2.70σ,1.79,陰線→陽線 / 強気包み足 / 前日安値割れ反転,通常,買い,底固め / アンチ,2,0.0,2209.0,2812.0,2.0,%K反転、%D方向改善、陽の包み足、長い下ヒゲ反転、出来高増加を伴う反転、直近下落なし（B以下に制限）、直近安値切り上げ、BB幅収縮、RSI安値切り上げ、レンジ上限突破,急騰済み（25日線上方乖離、高RSI、BB +2σ大幅超過）,https://finance.yahoo.co.jp/quote/7979.T
2026-08-13,8601,大和証券グループ本社,プライム,1818.0,0.64,-0.03,0.39,0.08,0.74,46.33,1828.5,1828.0,1793.5,1828.5,1828.5,1785.5,1741.5,1795.04,1762.64,1762.64,12,A,64.97,49.2,-3.74,55.56,1816.54,1634.13,1505.84,-0.29σ,0.81,陰線→陽線 / 長い下ヒゲ（ハンマー） / 前日安値割れ反転 / 2～5日下落後の陽線,なし,買い,底固め,1,0.0,1748.51,1956.99,2.0,直近2～5日まで下落、%K反転、%D方向改善、長い下ヒゲ反転、2～5日下落後の陽線、直近安値切り上げ、BB幅収縮、RSI安値切り上げ,,https://finance.yahoo.co.jp/quote/8601.T
2026-08-13,2157,コシダカホールディングス,プライム,1022.0,0.1,-0.29,1.19,-1.45,0.79,21.38,1029.0,1028.0,1011.0,1029.0,1032.0,1009.0,1003.0,1021.29,996.68,996.68,12,A,65.52,28.35,-9.68,49.39,1037.0,990.13,1094.71,-0.97σ,1.05,強気包み足 / 前日安値割れ反転,なし,買い,BB逆張り / 底固め,2,0.0,989.92,1086.15,2.0,BB -1σ以下から反発、%K反転、陽の包み足、長い下ヒゲ反転、直近下落なし（B以下に制限）、直近安値切り上げ、BB幅収縮、RSI安値切り上げ,,https://finance.yahoo.co.jp/quote/2157.T
2026-08-13,1938,日本リーテック,プライム,2436.0,1.42,2.61,-2.72,-2.12,0.51,77.21,2425.0,2448.0,2409.0,2448.0,2448.0,2359.0,2330.0,2405.72,2343.94,2343.94,12,A,34.07,42.88,0.38,43.63,2488.72,2671.24,2505.59,-0.51σ,0.71,陰線→陽線 / 長い下ヒゲ（ハンマー） / 2～5日下落後の陽線,通常,買い,BB逆張り / アンチ,2,0.0,2320.18,2667.64,2.0,直近2～5日まで下落、BB -1σ以下から反発、%K反転、%D方向改善、長い下ヒゲ反転、2～5日下落後の陽線,,https://finance.yahoo.co.jp/quote/1938.T
2026-08-13,6330,東洋エンジニアリング,プライム,2500.0,10.13,20.66,18.76,25.15,1.99,142.93,2349.0,2500.0,2216.0,2500.0,2500.0,1978.0,1712.0,1834.67,1661.73,1661.73,12,除外,100.0,64.28,7.68,68.79,1997.6,2060.59,2847.86,+2.85σ,2.09,陰線→陽線 / 強気包み足 / 前日安値割れ反転,通常,買い,底固め / アンチ,2,0.0,1978.0,3544.0,2.0,%K反転、%D方向改善、陽の包み足、長い下ヒゲ反転、出来高増加を伴う反転、直近下落なし（B以下に制限）、直近安値切り上げ、RSI安値切り上げ、レンジ上限突破,急騰済み（当日急騰、3営業日急騰、5営業日急騰、25日線上方乖離、BB +2σ大幅超過、ストップ高に近い急騰）,https://finance.yahoo.co.jp/quote/6330.T
2026-08-13,6378,木村化工機,スタンダード,1299.0,2.12,3.67,1.01,6.13,1.61,45.9,1289.0,1302.0,1228.0,1302.0,1323.0,1228.0,1159.0,1195.52,1159.14,1159.14,12,A,80.49,73.15,7.36,61.0,1223.92,1225.39,1267.14,+1.84σ,1.26,陰線→陽線 / 長い下ヒゲ（ハンマー） / 前日安値割れ反転 / 2～5日下落後の陽線,強,買い,底固め / アンチ,2,0.0,1228.0,1441.0,2.0,直近2～5日まで下落、%K反転、%D方向改善、長い下ヒゲ反転、2～5日下落後の陽線、直近安値切り上げ、出来高減少後の増加、RSI安値切り上げ,,https://finance.yahoo.co.jp/quote/6378.T
2026-08-13,6674,ジーエス・ユアサ　コーポレーション,プライム,5612.0,1.67,7.39,-6.62,-2.02,0.47,329.66,5596.0,5685.0,5529.0,5685.0,5685.0,5145.0,5044.0,5367.39,5101.18,5101.18,12,A,39.95,40.67,2.32,46.37,5727.92,6292.13,5169.74,-0.08σ,0.54,長い下ヒゲ（ハンマー） / 2～5日下落後の陽線,通常,買い,底固め / アンチ,2,0.0,5117.51,6600.97,2.0,直近2～5日まで下落、%K反転、%D方向改善、長い下ヒゲ反転、2～5日下落後の陽線、直近安値切り上げ、BB幅収縮、RSI安値切り上げ,,https://finance.yahoo.co.jp/quote/6674.T
2026-08-13,6707,サンケン電気,プライム,8707.0,2.0,3.33,-3.95,-4.8,0.48,500.05,8849.0,8738.0,8500.0,8849.0,8854.0,8196.0,7660.0,8296.48,7723.77,7723.77,12,A,56.53,51.84,13.3,45.55,9145.76,9415.52,7869.7,-0.28σ,0.97,陰線→陽線 / はらみ足 / 長い下ヒゲ（ハンマー） / 2～5日下落後の陽線,強,買い,底固め / アンチ,2,0.0,7956.93,10207.14,2.0,直近2～5日まで下落、%K反転、%D方向改善、長い下ヒゲ反転、2～5日下落後の陽線、直近安値切り上げ、ATR低下、RSI安値切り上げ,,https://finance.yahoo.co.jp/quote/6707.T
2026-08-13,6981,村田製作所,プライム,8311.0,10.25,14.43,6.16,3.84,0.99,771.56,7548.0,8455.0,7694.0,8455.0,8455.0,6936.0,5861.0,6978.54,6278.53,6278.53,12,除外,91.45,60.96,13.1,51.89,8003.96,8386.13,5310.9,+0.90σ,1.3,2～5日下落後の陽線,なし,買い,底固め,1,0.0,6936.0,11061.0,2.0,直近2～5日まで下落、%K反転、%D方向改善、2～5日下落後の陽線、出来高増加を伴う反転、直近安値切り上げ、RSI安値切り上げ、レンジ上限突破,急騰済み（当日急騰、3営業日急騰）,https://finance.yahoo.co.jp/quote/6981.T
2026-08-13,7059,コプロ・ホールディングス,プライム,928.0,14.0,15.14,13.73,14.73,1.92,21.88,822.0,928.0,886.0,928.0,928.0,799.0,783.0,786.76,759.82,759.82,12,除外,100.0,59.83,0.1,80.24,808.88,790.45,907.01,+4.24σ,10.26,2～5日下落後の陽線,なし,買い,底固め,1,0.0,799.0,1186.0,2.0,直近2～5日まで下落、%K反転、%D方向改善、2～5日下落後の陽線、出来高増加を伴う反転、直近安値切り上げ、BB幅収縮、RSI安値切り上げ、レンジ上限突破,急騰済み（当日急騰、3営業日急騰、25日線上方乖離、高RSI、BB +2σ大幅超過、ストップ高に近い急騰）,https://finance.yahoo.co.jp/quote/7059.T
2026-08-13,6951,日本電子,プライム,9002.0,5.97,8.44,3.19,10.28,1.02,355.23,8495.0,9030.0,8667.0,9030.0,9030.0,8264.0,7537.0,7984.8,7668.55,7668.55,12,除外,97.01,70.1,14.4,65.22,8162.52,7303.43,6268.61,+2.22σ,1.48,2～5日下落後の陽線,なし,買い,底固め,1,0.0,8264.0,10478.0,2.0,直近2～5日まで下落、%K反転、%D方向改善、2～5日下落後の陽線、出来高増加を伴う反転、直近安値切り上げ、BB幅収縮、出来高減少後の増加、RSI安値切り上げ、レンジ上限突破,急騰済み（25日線上方乖離、BB +2σ大幅超過）,https://finance.yahoo.co.jp/quote/6951.T
2026-08-13,6777,ｓａｎｔｅｃ　Ｈｏｌｄｉｎｇｓ,スタンダード,20150.0,3.6,5.22,-6.06,5.36,0.59,1691.23,19490.0,20560.0,19570.0,20560.0,20560.0,17780.0,14830.0,17051.38,15362.27,15362.27,12,A,63.03,60.39,11.75,50.62,19125.6,24291.87,17937.4,+0.83σ,1.28,長い下ヒゲ（ハンマー） / 2～5日下落後の陽線,なし,買い,底固め,1,0.0,17613.16,25223.68,2.0,直近2～5日まで下落、%K反転、%D方向改善、長い下ヒゲ反転、2～5日下落後の陽線、直近安値切り上げ、BB幅収縮、RSI安値切り上げ,,https://finance.yahoo.co.jp/quote/6777.T
2026-08-13,4674,クレスコ,プライム,1898.0,2.32,5.15,14.68,16.67,1.49,51.1,1877.0,1904.0,1828.0,1904.0,1904.0,1620.0,1521.0,1532.72,1416.83,1416.83,12,除外,97.89,84.94,2.46,82.38,1626.8,1532.59,1566.9,+2.15σ,2.11,陰線→陽線 / 強気包み足 / 前日安値割れ反転,通常,買い,底固め / アンチ,2,0.0,1620.0,2454.0,2.0,%K反転、陽の包み足、長い下ヒゲ反転、出来高増加を伴う反転、直近下落なし（B以下に制限）、直近安値切り上げ、RSI安値切り上げ、レンジ上限突破,急騰済み（25日線上方乖離、高RSI）,https://finance.yahoo.co.jp/quote/4674.T
2026-08-13,3245,ディア・ライフ,プライム,1115.0,1.83,2.39,4.11,2.71,2.16,19.48,1097.0,1119.0,1077.0,1119.0,1119.0,1060.0,1058.0,1075.56,1062.08,1062.08,12,A,93.22,53.0,3.08,64.92,1085.6,1034.24,1083.19,+1.92σ,2.39,強気包み足 / 前日安値割れ反転,なし,買い,底固め,1,0.0,1060.0,1225.0,2.0,%K反転、%D方向改善、陽の包み足、長い下ヒゲ反転、出来高増加を伴う反転、直近下落なし（B以下に制限）、直近安値切り上げ、BB幅収縮、RSI安値切り上げ,,https://finance.yahoo.co.jp/quote/3245.T
2026-08-13,5208,有沢製作所,プライム,2900.0,9.06,5.45,5.07,13.99,1.33,133.41,2686.0,2909.0,2732.0,2909.0,2909.0,2586.0,2249.0,2405.05,2250.35,2250.35,12,除外,98.06,72.54,10.48,64.7,2544.0,2463.24,2175.66,+2.20σ,1.52,2～5日下落後の陽線,強,買い,底固め / アンチ,2,0.0,2586.0,3528.0,2.0,直近2～5日まで下落、%K反転、%D方向改善、2～5日下落後の陽線、出来高増加を伴う反転、直近安値切り上げ、RSI安値切り上げ、レンジ上限突破,急騰済み（当日急騰、25日線上方乖離）,https://finance.yahoo.co.jp/quote/5208.T
2026-08-13,5105,ＴＯＹＯ　ＴＩＲＥ,プライム,3794.0,0.8,5.33,-8.47,-5.6,0.34,153.86,3858.0,3815.0,3762.0,3858.0,3949.0,3598.0,3598.0,3864.88,3684.81,3684.81,12,A,26.52,40.62,-22.14,42.47,4019.2,3850.09,4074.02,-1.39σ,1.02,前日安値割れ反転,なし,買い,BB逆張り,1,0.0,3563.21,4255.58,2.0,直近2～5日まで下落、BB -1σ以下から反発、ストキャス売られ過ぎから反転、%K反転、長い下ヒゲ反転,,https://finance.yahoo.co.jp/quote/5105.T
2026-08-13,5232,住友大阪セメント,プライム,5709.0,0.04,-1.86,-1.02,1.85,0.46,265.38,5840.0,5761.0,5640.0,5840.0,5840.0,5640.0,5153.0,5478.43,5314.25,5314.25,12,A,59.72,53.58,4.4,51.79,5605.24,5340.12,4495.77,+0.40σ,0.57,陰線→陽線 / 長い下ヒゲ（ハンマー） / 前日安値割れ反転 / 2～5日下落後の陽線,通常,買い,底固め / アンチ,2,0.0,5310.93,6505.14,2.0,直近2～5日まで下落、%K反転、%D方向改善、長い下ヒゲ反転、2～5日下落後の陽線、直近安値切り上げ、BB幅収縮、RSI安値切り上げ,,https://finance.yahoo.co.jp/quote/5232.T
2026-08-13,3482,ロードスターキャピタル,プライム,2609.0,1.01,0.31,-3.76,-3.05,0.63,71.24,2602.0,2614.0,2569.0,2614.0,2614.0,2560.0,2560.0,2628.57,2564.74,2564.74,12,A,23.22,26.31,-16.62,43.17,2691.12,2804.69,2986.48,-1.31σ,1.01,2～5日下落後の陽線,なし,買い,BB逆張り,1,0.0,2502.13,2822.73,2.0,直近2～5日まで下落、BB -1σ以下から反発、ストキャス売られ過ぎから反転、%K反転、2～5日下落後の陽線,,https://finance.yahoo.co.jp/quote/3482.T
2026-08-13,1833,奥村組,プライム,5690.0,1.43,-1.56,-0.87,-0.43,0.94,116.62,5680.0,5710.0,5600.0,5710.0,5710.0,5540.0,5530.0,5660.26,5588.53,5588.53,12,A,48.39,40.09,-14.9,47.69,5714.4,5739.47,6033.08,-0.59σ,1.27,陰線→陽線 / 2～5日下落後の陽線,なし,買い,BB逆張り,1,0.0,5515.08,6039.85,2.0,直近2～5日まで下落、BB -1σ以下から反発、ストキャス売られ過ぎから反転、%K反転、2～5日下落後の陽線,,https://finance.yahoo.co.jp/quote/1833.T
2026-08-13,1419,タマホーム,プライム,2933.0,0.17,0.34,0.48,-1.8,0.44,59.22,2930.0,2937.0,2911.0,2937.0,2945.0,2910.0,2895.0,2921.53,2868.02,2868.02,12,A,46.34,25.69,-16.32,45.32,2986.84,3124.53,3509.32,-0.79σ,0.49,陰線→陽線 / 強気包み足 / 長い下ヒゲ（ハンマー）,なし,買い,底固め,1,0.0,2844.17,3110.67,2.0,ストキャス売られ過ぎから反転、%K反転、陽の包み足、長い下ヒゲ反転、直近下落なし（B以下に制限）、直近安値切り上げ、ATR低下、BB幅収縮、RSI安値切り上げ,,https://finance.yahoo.co.jp/quote/1419.T
2026-08-13,3632,グリーホールディングス,プライム,426.0,0.24,5.97,7.85,6.71,1.16,9.49,426.0,426.0,415.0,426.0,426.0,393.0,385.0,390.21,380.13,380.13,11,除外,100.0,65.71,4.78,70.93,399.2,394.37,395.16,+2.55σ,1.28,強気包み足 / 前日安値割れ反転,なし,買い,底固め,1,0.0,393.0,492.0,2.0,%K反転、%D方向改善、陽の包み足、長い下ヒゲ反転、直近下落なし（B以下に制限）、直近安値切り上げ、BB幅収縮、RSI安値切り上げ,急騰済み（BB +2σ大幅超過）,https://finance.yahoo.co.jp/quote/3632.T
2026-08-13,9021,西日本旅客鉄道,プライム,2869.5,0.3,-1.93,-0.85,-3.3,0.64,73.83,2906.5,2882.0,2834.5,2906.5,2930.5,2782.5,2782.5,2881.19,2786.65,2786.65,11,A,44.5,30.15,-18.24,45.65,2967.36,2784.07,3025.8,-1.12σ,1.0,陰線→陽線 / 長い下ヒゲ（ハンマー） / 前日安値割れ反転 / 2～5日下落後の陽線,なし,買い,BB逆張り,1,0.0,2758.76,3090.99,2.0,直近2～5日まで下落、BB -1σ以下から反発、%K反転、長い下ヒゲ反転、2～5日下落後の陽線,,https://finance.yahoo.co.jp/quote/9021.T
2026-08-13,1514,住石ホールディングス,スタンダード,640.0,2.4,7.2,7.56,8.78,1.25,23.15,631.0,650.0,621.0,650.0,650.0,576.0,551.0,573.86,554.62,554.62,11,除外,87.01,69.23,9.61,67.96,588.36,604.15,680.78,+2.44σ,1.36,陰線→陽線 / 強気包み足,なし,買い,底固め,1,0.0,576.0,768.0,2.0,%K反転、%D方向改善、陽の包み足、出来高増加を伴う反転、直近下落なし（B以下に制限）、直近安値切り上げ、BB幅収縮、RSI安値切り上げ、レンジ上限突破,急騰済み（BB +2σ大幅超過）,https://finance.yahoo.co.jp/quote/1514.T
2026-08-13,9166,ＧＥＮＤＡ,グロース,707.0,3.82,6.96,9.1,16.5,0.96,31.28,687.0,711.0,681.0,711.0,711.0,620.0,567.0,573.82,535.59,535.59,11,除外,96.85,76.83,9.61,71.84,606.88,571.77,639.14,+2.48σ,1.45,強気包み足,なし,買い,底固め,1,0.0,620.0,881.0,2.0,%K反転、%D方向改善、陽の包み足、出来高増加を伴う反転、直近下落なし（B以下に制限）、直近安値切り上げ、出来高減少後の増加、RSI安値切り上げ、レンジ上限突破,急騰済み（25日線上方乖離、BB +2σ大幅超過）,https://finance.yahoo.co.jp/quote/9166.T
2026-08-13,1447,ＳＡＡＦホールディングス,グロース,369.0,1.37,3.94,3.94,-1.53,0.62,22.47,367.0,369.0,355.0,369.0,369.0,348.0,328.0,349.41,330.72,330.72,11,A,100.0,40.68,1.51,54.13,374.72,320.32,322.56,+0.05σ,0.15,長い下ヒゲ（ハンマー）,なし,買い,底固め,1,0.0,335.3,436.4,2.0,ストキャス売られ過ぎから反転、%K反転、%D方向改善、長い下ヒゲ反転、直近下落なし（B以下に制限）、直近安値切り上げ、ATR低下、BB幅収縮、RSI安値切り上げ,,https://finance.yahoo.co.jp/quote/1447.T
2026-08-13,9552,クオンツ総研ホールディングス,プライム,1012.0,2.02,3.58,4.12,10.87,1.05,42.03,1000.0,1016.0,972.0,1016.0,1016.0,954.0,838.0,876.19,825.54,825.54,11,除外,94.2,85.0,-1.96,65.95,912.8,886.09,949.11,+1.68σ,1.24,強気包み足 / 前日安値割れ反転,なし,買い,底固め,1,0.0,948.95,1138.1,2.0,%K反転、%D方向改善、陽の包み足、長い下ヒゲ反転、直近下落なし（B以下に制限）、直近安値切り上げ、出来高減少後の増加、RSI安値切り上げ、レンジ上限突破,急騰済み（25日線上方乖離）,https://finance.yahoo.co.jp/quote/9552.T
2026-08-13,6742,京三製作所,プライム,1069.0,6.9,15.69,7.98,17.11,1.36,56.81,1018.0,1069.0,992.0,1069.0,1069.0,910.0,804.0,860.41,798.13,798.13,11,除外,100.0,73.32,12.97,65.29,912.8,865.97,719.52,+2.35σ,1.43,陰線→陽線 / 強気包み足,なし,買い,底固め,1,0.0,910.0,1387.0,2.0,%K反転、%D方向改善、陽の包み足、出来高増加を伴う反転、直近下落なし（B以下に制限）、直近安値切り上げ、RSI安値切り上げ、レンジ上限突破,急騰済み（3営業日急騰、25日線上方乖離、BB +2σ大幅超過）,https://finance.yahoo.co.jp/quote/6742.T
2026-08-13,6480,日本トムソン,プライム,1890.0,3.5,3.45,-9.91,1.58,0.64,145.91,1858.0,1920.0,1827.0,1920.0,1965.0,1757.0,1516.0,1683.24,1544.39,1544.39,11,A,35.19,61.05,6.27,49.85,1860.56,1907.88,1253.73,+0.49σ,0.95,陰線→陽線 / 2～5日下落後の陽線,通常,買い,アンチ,1,0.0,1671.14,2327.72,2.0,直近2～5日まで下落、ストキャス売られ過ぎから反転、%K反転、%D方向改善、2～5日下落後の陽線,,https://finance.yahoo.co.jp/quote/6480.T
2026-08-13,6479,ミネベアミツミ,プライム,3801.0,1.28,2.9,-7.2,-2.96,0.39,194.36,3753.0,3842.0,3767.0,3842.0,3842.0,3619.0,3429.0,3656.38,3486.26,3486.26,11,A,35.9,46.4,1.78,44.82,3916.76,4135.55,3463.5,-0.15σ,0.66,なし,通常,買い,底固め / アンチ,2,0.0,3509.46,4384.07,2.0,直近2～5日まで下落、ストキャス売られ過ぎから反転、%K反転、%D方向改善、直近安値切り上げ、BB幅収縮、RSI安値切り上げ,,https://finance.yahoo.co.jp/quote/6479.T
2026-08-13,6418,日本金銭機械,プライム,1263.0,4.29,5.25,11.87,13.59,1.76,32.38,1233.0,1263.0,1206.0,1263.0,1263.0,1127.0,1037.0,1064.14,1004.84,1004.84,11,除外,100.0,85.25,-1.76,78.66,1111.92,1014.4,1035.36,+2.35σ,3.02,陰線→陽線 / 強気包み足,なし,買い,底固め,1,0.0,1127.0,1535.0,2.0,%K反転、%D方向改善、陽の包み足、出来高増加を伴う反転、直近下落なし（B以下に制限）、直近安値切り上げ、RSI安値切り上げ、レンジ上限突破,急騰済み（25日線上方乖離、高RSI、BB +2σ大幅超過）,https://finance.yahoo.co.jp/quote/6418.T
2026-08-13,5246,ＥＬＥＭＥＮＴＳ,グロース,840.0,3.96,4.35,5.4,12.57,1.3,37.6,822.0,843.0,794.0,843.0,843.0,780.0,695.0,732.09,697.04,697.04,11,除外,96.91,66.32,8.31,74.55,746.2,660.89,651.4,+2.08σ,0.82,陰線→陽線 / 強気包み足 / 前日安値割れ反転,なし,買い,底固め,1,0.0,780.0,960.0,2.0,%K反転、%D方向改善、陽の包み足、長い下ヒゲ反転、直近下落なし（B以下に制限）、直近安値切り上げ、BB幅収縮、RSI安値切り上げ、レンジ上限突破,急騰済み（25日線上方乖離、高RSI）,https://finance.yahoo.co.jp/quote/5246.T
2026-08-13,4996,クミアイ化学工業,プライム,761.0,0.26,0.66,2.56,3.33,0.69,11.58,762.0,762.0,754.0,762.0,763.0,744.0,717.0,728.95,718.05,718.05,11,A,92.31,74.72,6.06,65.38,736.44,741.44,727.32,+1.94σ,0.71,陰線→陽線 / 強気包み足 / はらみ足 / 長い下ヒゲ（ハンマー）,なし,買い,底固め,1,0.0,743.63,795.73,2.0,%K反転、%D方向改善、陽の包み足、長い下ヒゲ反転、直近下落なし（B以下に制限）、直近安値切り上げ、ATR低下、RSI安値切り上げ,,https://finance.yahoo.co.jp/quote/4996.T
2026-08-13,9227,マイクロ波化学,グロース,914.0,1.78,0.44,2.35,6.73,0.99,47.58,901.0,927.0,880.0,927.0,929.0,869.0,753.0,809.59,764.43,764.43,11,A,81.93,46.83,-1.51,56.34,856.36,910.99,912.98,+1.31σ,0.58,強気包み足 / 前日安値割れ反転,なし,買い,底固め,1,0.0,842.63,1056.73,2.0,%K反転、%D方向改善、陽の包み足、長い下ヒゲ反転、直近下落なし（B以下に制限）、直近安値切り上げ、BB幅収縮、RSI安値切り上げ,,https://finance.yahoo.co.jp/quote/9227.T
2026-08-13,5706,三井金属,プライム,29500.0,1.72,-8.44,-16.62,-7.18,0.56,3004.28,29015.0,30960.0,29265.0,30960.0,30960.0,25725.0,24780.0,28471.49,25962.74,25962.74,11,A,38.86,57.62,4.29,42.86,31782.2,40917.8,30272.22,-0.59σ,1.41,なし,通常,買い,底固め / アンチ,2,0.0,24993.58,38512.84,2.0,直近2～5日まで下落、ストキャス売られ過ぎから反転、%K反転、%D方向改善、直近安値切り上げ、BB幅収縮、RSI安値切り上げ,,https://finance.yahoo.co.jp/quote/5706.T
2026-08-13,4588,オンコリスバイオファーマ,グロース,3370.0,17.42,18.33,24.22,28.65,2.68,196.74,3020.0,3370.0,2842.0,3370.0,3370.0,2604.0,2280.0,2417.34,2190.77,2190.77,11,除外,100.0,85.74,5.86,74.41,2619.44,2693.11,2086.48,+3.20σ,4.25,陰線→陽線 / 強気包み足,強,買い,底固め / アンチ,2,0.0,2604.0,4902.0,2.0,%K反転、%D方向改善、陽の包み足、出来高増加を伴う反転、直近下落なし（B以下に制限）、直近安値切り上げ、BB幅収縮、RSI安値切り上げ、レンジ上限突破,急騰済み（当日急騰、3営業日急騰、5営業日急騰、25日線上方乖離、高RSI、BB +2σ大幅超過、ストップ高に近い急騰）,https://finance.yahoo.co.jp/quote/4588.T
2026-08-13,4480,メドレー,プライム,2177.0,1.92,4.16,3.47,5.17,1.09,73.6,2150.0,2198.0,2118.0,2198.0,2198.0,2059.0,1915.0,2016.05,1957.15,1957.15,11,A,89.39,71.17,7.7,58.77,2069.96,2116.76,2184.28,+1.73σ,1.43,強気包み足,なし,買い,底固め,1,0.0,2059.0,2413.0,2.0,%K反転、%D方向改善、陽の包み足、出来高増加を伴う反転、直近下落なし（B以下に制限）、直近安値切り上げ、出来高減少後の増加、RSI安値切り上げ,,https://finance.yahoo.co.jp/quote/4480.T
2026-08-13,6920,レーザーテック,プライム,40490.0,3.87,8.09,-13.26,-3.56,0.41,3497.06,39460.0,41580.0,40140.0,41580.0,41580.0,37040.0,33200.0,37501.5,33487.51,33487.51,11,A,35.1,48.26,2.36,47.42,41983.2,43618.67,36445.65,-0.26σ,0.76,陰線→陽線 / 2～5日下落後の陽線,通常,買い,アンチ,1,0.0,35244.4,50981.19,2.0,直近2～5日まで下落、ストキャス売られ過ぎから反転、%K反転、%D方向改善、2～5日下落後の陽線,,https://finance.yahoo.co.jp/quote/6920.T
2026-08-13,3284,フージャースホールディングス,プライム,1279.0,1.27,5.27,5.35,3.26,1.26,19.87,1268.0,1285.0,1260.0,1285.0,1285.0,1212.0,1209.0,1221.6,1202.41,1202.41,11,A,92.11,40.91,-0.84,66.51,1238.64,1196.95,1254.97,+1.99σ,1.73,強気包み足,なし,買い,底固め,1,0.0,1212.0,1413.0,2.0,%K反転、%D方向改善、陽の包み足、出来高増加を伴う反転、直近下落なし（B以下に制限）、直近安値切り上げ、BB幅収縮、RSI安値切り上げ、レンジ上限突破,,https://finance.yahoo.co.jp/quote/3284.T
2026-08-13,6995,東海理化電機製作所,プライム,3055.0,0.99,0.83,0.66,-1.66,0.74,74.65,3080.0,3065.0,3010.0,3080.0,3080.0,3010.0,2960.0,3030.53,2934.86,2934.86,11,A,79.17,26.73,-12.68,47.71,3106.56,2982.56,3024.62,-0.74σ,0.81,陰線→陽線 / 前日安値割れ反転 / 2～5日下落後の陽線,なし,買い,BB逆張り,1,0.0,2943.03,3278.94,2.0,直近2～5日まで下落、BB -1σ以下から反発、%K反転、長い下ヒゲ反転、2～5日下落後の陽線,,https://finance.yahoo.co.jp/quote/6995.T
2026-08-13,7003,三井Ｅ＆Ｓ,プライム,4281.0,0.42,1.88,0.05,-5.93,0.63,250.63,4275.0,4408.0,4250.0,4408.0,4408.0,4084.0,4026.0,4268.1,3985.6,3985.6,11,A,66.75,26.8,-7.79,44.65,4551.04,4621.75,5660.94,-0.95σ,0.56,なし,なし,買い,底固め,1,0.0,3905.05,5032.9,2.0,BB -1σ以下から反発、ストキャス売られ過ぎから反転、%K反転、%D方向改善、直近下落なし（B以下に制限）、直近安値切り上げ、BB幅収縮、RSI安値切り上げ,,https://finance.yahoo.co.jp/quote/7003.T
2026-08-13,7600,日本エム・ディ・エム,プライム,897.0,1.7,-2.5,-0.66,-1.74,0.86,44.07,882.0,905.0,867.0,905.0,930.0,853.0,804.0,874.52,839.4,839.4,11,A,56.25,56.47,9.41,50.47,912.84,806.8,629.35,-0.36σ,0.54,強気包み足 / 2～5日下落後の陽線,通常,買い,アンチ,1,0.0,830.9,1029.2,2.0,直近2～5日まで下落、%K反転、%D方向改善、陽の包み足、2～5日下落後の陽線,,https://finance.yahoo.co.jp/quote/7600.T
2026-08-13,1979,大氣社,プライム,4065.0,0.49,0.25,-6.87,-7.66,0.44,157.96,4080.0,4095.0,4025.0,4095.0,4095.0,3875.0,3875.0,4136.16,3935.82,3935.82,11,A,33.93,33.82,0.77,34.7,4402.2,4342.47,3746.63,-1.36σ,0.86,なし,強,買い,アンチ,1,0.0,3828.06,4538.88,2.0,直近2～5日まで下落、RSI40以下から反転上昇、BB -1σ以下から反発、%K反転、%D方向改善,,https://finance.yahoo.co.jp/quote/1979.T
2026-08-13,7972,イトーキ,プライム,2662.0,1.95,4.27,-8.21,-5.57,0.88,98.94,2615.0,2662.0,2575.0,2662.0,2662.0,2485.0,2485.0,2697.51,2576.91,2576.91,10,B,39.51,45.17,-17.22,42.45,2818.96,2728.96,2777.42,-1.29σ,0.93,強気包み足,なし,買い,BB逆張り,1,0.0,2485.0,3016.0,2.0,RSI40以下から反転上昇、BB -1σ以下から反発、ストキャス売られ過ぎから反転、%K反転、陽の包み足、直近下落なし（B以下に制限）,,https://finance.yahoo.co.jp/quote/7972.T
2026-08-13,7803,ブシロード,グロース,387.0,0.52,1.04,2.65,1.74,0.76,18.4,400.0,390.0,376.0,400.0,400.0,373.0,356.0,371.67,356.14,356.14,10,B,70.45,48.76,4.99,60.37,380.4,302.71,293.04,-0.01σ,1.49,陰線→陽線 / 長い下ヒゲ（ハンマー） / 前日安値割れ反転,通常,買い,底固め / アンチ,2,0.0,359.4,442.21,2.0,%K反転、%D方向改善、長い下ヒゲ反転、出来高増加を伴う反転、直近下落なし（B以下に制限）、直近安値切り上げ、BB幅収縮、出来高減少後の増加、RSI安値切り上げ,,https://finance.yahoo.co.jp/quote/7803.T
2026-08-13,7004,カナデビア,プライム,1233.0,1.73,-0.8,0.0,1.51,0.59,44.16,1265.0,1242.0,1216.0,1265.0,1284.0,1186.0,1142.0,1184.37,1159.38,1159.38,10,B,55.26,60.9,4.54,50.07,1214.68,1288.19,1132.57,+0.95σ,0.93,陰線→陽線 / はらみ足 / 2～5日下落後の陽線,通常,買い,底固め / アンチ,2,0.0,1166.76,1365.49,2.0,直近2～5日まで下落、%K反転、%D方向改善、2～5日下落後の陽線、直近安値切り上げ、BB幅収縮、RSI安値切り上げ,,https://finance.yahoo.co.jp/quote/7004.T
2026-08-13,7717,ブイ・テクノロジー,プライム,5810.0,3.75,6.41,-4.91,-5.54,0.64,482.76,5670.0,5940.0,5630.0,5940.0,5940.0,5380.0,4860.0,5348.03,4735.32,4735.32,10,B,55.13,48.01,10.71,45.07,6150.6,6238.93,4624.52,-0.25σ,0.64,2～5日下落後の陽線,強,買い,底固め / アンチ,2,0.0,5085.86,7258.28,2.0,直近2～5日まで下落、%K反転、%D方向改善、2～5日下落後の陽線、直近安値切り上げ、ATR低下、RSI安値切り上げ,,https://finance.yahoo.co.jp/quote/7717.T
2026-08-13,6994,指月電機製作所,スタンダード,1157.0,5.09,3.86,-8.1,7.52,0.54,81.82,1113.0,1161.0,1117.0,1161.0,1161.0,1079.0,891.0,989.98,913.06,913.06,10,B,47.35,60.26,3.99,53.63,1076.08,1150.85,983.18,+1.17σ,0.72,2～5日下落後の陽線,通常,買い,底固め / アンチ,2,0.0,1034.27,1402.46,2.0,直近2～5日まで下落、%K反転、%D方向改善、2～5日下落後の陽線、直近安値切り上げ、BB幅収縮、RSI安値切り上げ,,https://finance.yahoo.co.jp/quote/6994.T
2026-08-13,6999,ＫＯＡ,プライム,2549.0,3.66,4.9,-4.35,4.77,0.55,185.89,2483.0,2580.0,2478.0,2580.0,2580.0,2383.0,1996.0,2244.18,2068.91,2068.91,10,B,60.06,53.1,9.34,52.14,2432.84,2480.97,1879.76,+0.74σ,0.38,2～5日下落後の陽線,通常,買い,底固め / アンチ,2,0.0,2270.17,3106.66,2.0,直近2～5日まで下落、%K反転、%D方向改善、2～5日下落後の陽線、直近安値切り上げ、BB幅収縮、RSI安値切り上げ,,https://finance.yahoo.co.jp/quote/6999.T
2026-08-13,6971,京セラ,プライム,3905.0,3.03,2.98,1.01,5.41,0.88,142.81,3831.0,3937.0,3811.0,3937.0,3937.0,3734.0,3471.0,3604.54,3498.08,3498.08,10,B,91.77,66.94,8.21,59.14,3704.64,3453.06,2762.13,+1.82σ,0.72,陰線→陽線 / 2～5日下落後の陽線,通常,買い,底固め / アンチ,2,0.0,3690.78,4333.43,2.0,直近2～5日まで下落、%K反転、%D方向改善、2～5日下落後の陽線、直近安値切り上げ、BB幅収縮、RSI安値切り上げ、レンジ上限突破,,https://finance.yahoo.co.jp/quote/6971.T
2026-08-13,6962,大真空,プライム,803.0,1.65,4.02,-0.62,3.92,0.61,47.4,813.0,825.0,796.0,825.0,833.0,756.0,673.0,728.01,693.92,693.92,10,B,69.7,68.98,12.18,50.82,772.72,860.77,700.8,+1.20σ,1.06,2～5日下落後の陽線,通常,買い,底固め / アンチ,2,0.0,731.9,945.2,2.0,直近2～5日まで下落、%K反転、%D方向改善、2～5日下落後の陽線、直近安値切り上げ、ATR低下、BB幅収縮、RSI安値切り上げ,,https://finance.yahoo.co.jp/quote/6962.T
2026-08-13,6905,コーセル,プライム,1375.0,3.85,3.38,0.15,5.14,0.95,48.37,1344.0,1375.0,1329.0,1375.0,1375.0,1309.0,1188.0,1250.64,1203.57,1203.57,10,B,88.99,71.25,14.9,55.5,1307.8,1378.79,1264.94,+1.64σ,0.78,陰線→陽線 / 2～5日下落後の陽線,強,買い,底固め / アンチ,2,0.0,1302.44,1520.12,2.0,直近2～5日まで下落、%K反転、%D方向改善、2～5日下落後の陽線、直近安値切り上げ、BB幅収縮、RSI安値切り上げ,,https://finance.yahoo.co.jp/quote/6905.T
2026-08-13,6800,ヨコオ,プライム,4320.0,3.72,7.06,-7.0,-1.53,0.35,340.99,4220.0,4380.0,4260.0,4380.0,4380.0,3870.0,3435.0,3895.06,3530.61,3530.61,10,B,53.25,52.18,10.78,47.04,4387.0,4977.33,3488.9,+0.17σ,0.57,2～5日下落後の陽線,強,買い,底固め / アンチ,2,0.0,3808.51,5342.97,2.0,直近2～5日まで下落、%K反転、%D方向改善、2～5日下落後の陽線、直近安値切り上げ、BB幅収縮、RSI安値切り上げ,,https://finance.yahoo.co.jp/quote/6800.T
2026-08-13,4587,ペプチドリーム,プライム,1046.0,3.87,6.05,7.43,7.05,2.41,37.58,1020.0,1063.0,972.5,1063.0,1063.0,953.0,906.4,939.25,911.19,911.19,10,除外,87.81,69.93,18.66,63.54,977.15,1040.31,1333.58,+2.80σ,2.54,陰線→陽線 / 強気包み足 / 前日安値割れ反転,なし,買い,底固め,1,0.0,953.0,1232.0,2.0,%D方向改善、陽の包み足、長い下ヒゲ反転、出来高増加を伴う反転、直近下落なし（B以下に制限）、直近安値切り上げ、RSI安値切り上げ、レンジ上限突破,急騰済み（BB +2σ大幅超過）,https://finance.yahoo.co.jp/quote/4587.T
2026-08-13,2531,宝ホールディングス,プライム,2050.0,1.11,-0.49,1.28,-3.15,0.94,70.02,2038.0,2057.5,1992.0,2057.5,2057.5,1916.0,1916.0,2047.94,1983.43,1983.43,10,B,61.19,34.35,4.54,44.52,2116.78,2075.61,1782.1,-0.97σ,0.7,陰線→陽線 / 強気包み足 / 前日安値割れ反転,なし,買い,BB逆張り,1,0.0,1916.0,2318.0,2.0,BB -1σ以下から反発、%K反転、%D方向改善、陽の包み足、長い下ヒゲ反転、直近下落なし（B以下に制限）,,https://finance.yahoo.co.jp/quote/2531.T
2026-08-13,1945,東京エネシス,プライム,2065.0,1.82,0.88,-1.57,2.43,0.56,70.88,2031.0,2078.0,2038.0,2078.0,2078.0,1970.0,1879.0,1966.06,1921.43,1921.43,10,B,67.86,67.96,2.43,51.58,2016.08,2157.27,1953.44,+1.22σ,0.46,2～5日下落後の陽線,通常,買い,底固め / アンチ,2,0.0,1958.68,2277.63,2.0,直近2～5日まで下落、%K反転、%D方向改善、2～5日下落後の陽線、直近安値切り上げ、BB幅収縮、RSI安値切り上げ,,https://finance.yahoo.co.jp/quote/1945.T
2026-08-13,1926,ライト工業,プライム,3745.0,0.27,-2.35,0.81,-2.69,0.57,96.51,3800.0,3795.0,3740.0,3800.0,3835.0,3735.0,3660.0,3749.75,3683.75,3683.75,10,B,20.55,23.32,-5.99,38.76,3848.4,3944.47,3751.75,-1.07σ,0.79,陰線→陽線 / はらみ足,なし,買い,BB逆張り / BB＋RSI＋ストキャス,2,0.0,3600.23,4034.53,2.0,RSI40以下から反転上昇、BB -1σ以下から反発、ストキャス売られ過ぎから反転、%K反転、直近下落なし（B以下に制限）,,https://finance.yahoo.co.jp/quote/1926.T
2026-08-13,1946,トーエネック,プライム,2119.0,2.02,2.71,-0.89,1.22,0.54,73.58,2092.0,2130.0,2090.0,2130.0,2130.0,2029.0,1948.0,2035.09,1991.13,1991.13,10,B,60.4,51.69,-2.65,51.44,2093.36,2175.41,2050.83,+0.91σ,0.91,2～5日下落後の陽線,なし,買い,底固め,1,0.0,2008.63,2339.74,2.0,直近2～5日まで下落、%K反転、%D方向改善、2～5日下落後の陽線、直近安値切り上げ、BB幅収縮、RSI安値切り上げ,,https://finance.yahoo.co.jp/quote/1946.T
2026-08-13,1377,サカタのタネ,プライム,4400.0,0.11,0.0,2.8,0.57,0.42,83.41,4430.0,4400.0,4365.0,4430.0,4430.0,4280.0,4265.0,4325.02,4266.79,4266.79,10,B,81.82,37.24,-7.8,55.45,4375.2,4228.2,4194.77,+0.29σ,0.65,陰線→陽線 / 強気包み足 / 長い下ヒゲ（ハンマー） / 前日安値割れ反転,なし,買い,底固め,1,0.0,4274.88,4650.24,2.0,%K反転、陽の包み足、長い下ヒゲ反転、直近下落なし（B以下に制限）、直近安値切り上げ、BB幅収縮、RSI安値切り上げ,,https://finance.yahoo.co.jp/quote/1377.T
2026-08-13,9880,イノテック,プライム,3655.0,2.67,1.39,-2.4,6.02,0.62,210.87,3585.0,3705.0,3575.0,3705.0,3800.0,3300.0,2906.0,3217.68,3007.85,3007.85,10,B,68.93,77.24,12.17,53.39,3447.6,3752.29,2828.49,+1.08σ,1.0,2～5日下落後の陽線,通常,買い,底固め / アンチ,2,0.0,3300.0,4365.0,2.0,直近2～5日まで下落、%K反転、%D方向改善、2～5日下落後の陽線、直近安値切り上げ、BB幅収縮、RSI安値切り上げ,,https://finance.yahoo.co.jp/quote/9880.T
2026-08-13,3993,ＰＫＳＨＡ　Ｔｅｃｈｎｏｌｏｇｙ,プライム,2951.0,-1.96,3.15,-0.17,3.58,0.96,107.87,3035.0,2988.0,2884.0,3035.0,3035.0,2835.0,2700.0,2784.83,2708.06,2708.06,10,B,58.0,69.56,13.8,56.91,2848.96,2889.01,3153.34,+1.16σ,1.9,強気包み足 / 長い下ヒゲ（ハンマー）,なし,買い,底固め,1,0.0,2789.19,3274.61,2.0,%D方向改善、陽の包み足、長い下ヒゲ反転、出来高増加を伴う反転、直近下落なし（B以下に制限）、直近安値切り上げ、BB幅収縮、RSI安値切り上げ,,https://finance.yahoo.co.jp/quote/3993.T
2026-08-13,9008,京王電鉄,プライム,760.4,0.09,0.8,0.93,-2.45,0.53,17.78,764.1,763.0,753.5,764.1,764.1,742.1,742.1,760.39,735.16,735.16,10,B,34.59,25.44,-20.38,45.72,779.48,755.86,777.81,-1.00σ,0.6,長い下ヒゲ（ハンマー） / 前日安値割れ反転,なし,買い,BB逆張り,1,0.0,733.73,813.74,2.0,BB -1σ以下から反発、ストキャス売られ過ぎから反転、%K反転、長い下ヒゲ反転、直近下落なし（B以下に制限）,,https://finance.yahoo.co.jp/quote/9008.T
2026-08-13,3687,フィックスターズ,プライム,2281.0,2.75,1.83,0.4,4.07,0.85,137.22,2257.0,2344.0,2228.0,2344.0,2344.0,2130.0,1931.0,2087.29,1999.78,1999.78,10,B,73.31,67.6,14.11,53.57,2191.88,2150.89,1779.56,+1.21σ,1.1,2～5日下落後の陽線,なし,買い,底固め,1,0.0,2075.17,2692.65,2.0,直近2～5日まで下落、%K反転、%D方向改善、2～5日下落後の陽線、直近安値切り上げ、ATR低下、BB幅収縮、RSI安値切り上げ,,https://finance.yahoo.co.jp/quote/3687.T
2026-08-13,8616,東海東京フィナンシャル・ホールディングス,プライム,840.0,2.69,2.19,2.56,4.7,1.03,19.5,830.0,844.0,824.0,844.0,844.0,814.0,766.0,796.13,782.67,782.67,10,除外,90.7,70.23,7.45,68.86,802.32,748.16,718.3,+2.26σ,1.03,陰線→陽線 / 2～5日下落後の陽線,通常,買い,底固め / アンチ,2,0.0,810.75,898.49,2.0,直近2～5日まで下落、%K反転、%D方向改善、2～5日下落後の陽線、直近安値切り上げ、BB幅収縮、RSI安値切り上げ、レンジ上限突破,急騰済み（BB +2σ大幅超過）,https://finance.yahoo.co.jp/quote/8616.T
2026-08-13,8697,日本取引所グループ,プライム,2289.0,1.64,1.1,-0.13,2.86,0.63,70.21,2285.0,2302.0,2257.5,2302.0,2302.0,2236.5,2101.5,2194.27,2149.81,2149.81,10,B,80.65,55.26,-1.42,57.44,2225.36,2070.31,1903.56,+1.13σ,0.6,陰線→陽線 / 2～5日下落後の陽線,なし,買い,底固め,1,0.0,2183.69,2499.63,2.0,直近2～5日まで下落、%K反転、%D方向改善、2～5日下落後の陽線、直近安値切り上げ、BB幅収縮、RSI安値切り上げ,,https://finance.yahoo.co.jp/quote/8697.T
2026-08-13,4028,石原産業,プライム,3105.0,1.64,-1.58,-0.16,5.8,0.64,116.8,3065.0,3140.0,3065.0,3140.0,3140.0,2890.0,2719.0,2881.43,2784.42,2784.42,10,B,74.14,69.05,0.84,57.63,2934.88,2963.59,2923.15,+1.30σ,0.61,長い下ヒゲ（ハンマー） / 2～5日下落後の陽線,強,買い,アンチ,1,0.0,2890.0,3535.0,2.0,直近2～5日まで下落、%K反転、%D方向改善、長い下ヒゲ反転、2～5日下落後の陽線,,https://finance.yahoo.co.jp/quote/4028.T
2026-08-13,3395,サンマルクホールディングス,プライム,2411.0,0.42,2.6,-1.91,-4.35,0.55,52.72,2408.0,2426.0,2397.0,2426.0,2426.0,2290.0,2290.0,2419.02,2325.34,2325.34,10,B,59.9,27.12,-13.51,39.46,2520.68,2528.11,2713.04,-1.09σ,1.05,強気包み足,なし,買い,BB逆張り,1,0.0,2290.0,2653.0,2.0,RSI40以下から反転上昇、BB -1σ以下から反発、%K反転、陽の包み足、直近下落なし（B以下に制限）,,https://finance.yahoo.co.jp/quote/3395.T
2026-08-13,7995,バルカー,プライム,6990.0,2.19,0.72,-7.29,4.89,0.5,358.51,6910.0,7090.0,6910.0,7090.0,7110.0,6760.0,5830.0,6309.97,5953.44,5953.44,10,B,38.24,63.54,1.93,53.04,6664.0,7036.13,5401.7,+0.91σ,0.66,陰線→陽線 / 2～5日下落後の陽線,通常,買い,底固め / アンチ,2,0.0,6452.23,8065.53,2.0,直近2～5日まで下落、%K反転、%D方向改善、2～5日下落後の陽線、直近安値切り上げ、BB幅収縮、RSI安値切り上げ,,https://finance.yahoo.co.jp/quote/7995.T
2026-08-13,3436,ＳＵＭＣＯ,プライム,3846.0,5.46,10.84,2.4,-2.09,0.53,391.82,3707.0,3959.0,3750.0,3959.0,3959.0,3281.0,2760.0,3185.94,2698.37,2698.37,10,B,83.33,58.94,15.95,51.38,3928.2,3738.17,2394.59,+0.35σ,0.76,2～5日下落後の陽線,なし,買い,底固め,1,0.0,3258.27,5021.46,2.0,直近2～5日まで下落、%K反転、%D方向改善、2～5日下落後の陽線、直近安値切り上げ、ATR低下、RSI安値切り上げ,,https://finance.yahoo.co.jp/quote/3436.T
2026-08-13,8167,リテールパートナーズ,プライム,1419.0,0.85,2.16,6.93,3.97,1.53,34.08,1428.0,1440.0,1388.0,1440.0,1440.0,1329.0,1285.0,1331.49,1298.79,1298.79,10,B,83.33,58.91,4.02,61.34,1364.88,1326.11,1326.24,+1.68σ,2.56,陰線→陽線 / 強気包み足 / 前日安値割れ反転,通常,買い,アンチ,1,0.0,1329.0,1599.0,2.0,%K反転、陽の包み足、長い下ヒゲ反転、出来高増加を伴う反転、直近下落なし（B以下に制限）,,https://finance.yahoo.co.jp/quote/8167.T
2026-08-13,8253,クレディセゾン,プライム,4844.0,2.45,2.32,5.58,4.44,1.58,116.29,4766.0,4849.0,4665.0,4849.0,4849.0,4598.0,4357.0,4557.46,4473.37,4473.37,10,除外,98.57,67.61,13.01,63.17,4638.04,4405.63,4269.59,+2.41σ,1.88,長い下ヒゲ（ハンマー） / 前日安値割れ反転,なし,買い,底固め,1,0.0,4598.0,5336.0,2.0,%K反転、%D方向改善、長い下ヒゲ反転、出来高増加を伴う反転、直近下落なし（B以下に制限）、直近安値切り上げ、BB幅収縮、出来高減少後の増加、RSI安値切り上げ、レンジ上限突破,急騰済み（BB +2σ大幅超過）,https://finance.yahoo.co.jp/quote/8253.T
2026-08-13,8366,滋賀銀行,プライム,2691.0,5.08,5.41,3.22,1.84,0.96,114.88,2578.0,2697.0,2587.0,2697.0,2697.0,2466.0,2297.0,2474.46,2358.56,2358.56,10,B,97.77,56.85,10.22,56.89,2642.32,2331.93,1864.32,+0.87σ,0.72,2～5日下落後の陽線,なし,買い,底固め,1,0.0,2466.0,3141.0,2.0,直近2～5日まで下落、%K反転、%D方向改善、2～5日下落後の陽線、直近安値切り上げ、RSI安値切り上げ、レンジ上限突破,,https://finance.yahoo.co.jp/quote/8366.T
2026-08-13,8368,百五銀行,プライム,2278.0,5.95,7.4,5.12,10.05,0.98,93.76,2161.0,2280.0,2188.0,2280.0,2280.0,2060.0,1835.0,1976.52,1883.24,1883.24,10,除外,99.17,68.13,3.07,63.29,2069.96,1968.95,1564.24,+2.23σ,1.16,2～5日下落後の陽線,なし,買い,底固め,1,0.0,2060.0,2714.0,2.0,直近2～5日まで下落、%K反転、%D方向改善、2～5日下落後の陽線、直近安値切り上げ、RSI安値切り上げ、レンジ上限突破,急騰済み（25日線上方乖離、BB +2σ大幅超過）,https://finance.yahoo.co.jp/quote/8368.T
2026-08-13,3778,さくらインターネット,プライム,3685.0,7.12,7.12,3.66,19.88,1.1,196.09,3495.0,3715.0,3500.0,3715.0,3715.0,3285.0,2726.0,2863.6,2591.74,2591.74,10,除外,94.64,71.67,2.06,67.27,3074.0,3019.03,3003.42,+2.02σ,1.09,2～5日下落後の陽線,なし,買い,底固め,1,0.0,3285.0,4485.0,2.0,直近2～5日まで下落、%K反転、%D方向改善、2～5日下落後の陽線、直近安値切り上げ、RSI安値切り上げ、レンジ上限突破,急騰済み（25日線上方乖離）,https://finance.yahoo.co.jp/quote/3778.T
2026-08-13,3864,三菱製紙,プライム,1151.0,1.59,-1.62,-1.96,2.85,0.52,46.02,1149.0,1161.0,1137.0,1161.0,1164.0,1109.0,1035.0,1105.67,1070.33,1070.33,10,B,34.15,50.03,1.07,55.78,1119.12,1054.52,849.76,+0.28σ,0.36,陰線→陽線 / 長い下ヒゲ（ハンマー） / 2～5日下落後の陽線,通常,買い,アンチ,1,0.0,1081.97,1289.06,2.0,直近2～5日まで下落、%K反転、%D方向改善、長い下ヒゲ反転、2～5日下落後の陽線,,https://finance.yahoo.co.jp/quote/3864.T
2026-08-13,6440,ＪＵＫＩ,プライム,654.0,1.71,2.35,1.08,16.39,0.57,30.05,656.0,657.0,640.0,657.0,677.0,620.0,485.0,509.93,449.91,449.91,10,除外,82.84,81.51,15.74,65.43,561.92,584.61,570.44,+1.40σ,0.56,陰線→陽線 / 長い下ヒゲ（ハンマー） / 2～5日下落後の陽線,通常,買い,アンチ,1,0.0,608.93,744.15,2.0,直近2～5日まで下落、%K反転、%D方向改善、長い下ヒゲ反転、2～5日下落後の陽線,急騰済み（25日線上方乖離）,https://finance.yahoo.co.jp/quote/6440.T
2026-08-13,6433,ヒーハイスト,スタンダード,967.0,1.47,2.33,0.31,-0.65,0.55,79.77,976.0,996.0,952.0,996.0,996.0,901.0,803.0,885.12,808.4,808.4,10,B,34.83,53.25,10.84,47.77,973.32,1194.12,1149.74,+0.07σ,0.51,強気包み足 / 2～5日下落後の陽線,なし,買い,底固め,1,0.0,847.34,1206.31,2.0,直近2～5日まで下落、%D方向改善、陽の包み足、2～5日下落後の陽線、直近安値切り上げ、ATR低下、RSI安値切り上げ,,https://finance.yahoo.co.jp/quote/6433.T
2026-08-13,1961,三機工業,プライム,2422.0,1.81,3.06,-1.38,-0.82,0.87,123.49,2418.0,2483.0,2375.0,2483.0,2483.0,2253.0,2127.0,2288.89,2178.17,2178.17,10,B,74.62,58.4,14.71,47.87,2442.04,2519.68,2271.52,+0.20σ,0.88,2～5日下落後の陽線,なし,買い,底固め,1,0.0,2236.77,2792.46,2.0,直近2～5日まで下落、%K反転、%D方向改善、2～5日下落後の陽線、直近安値切り上げ、BB幅収縮、RSI安値切り上げ,,https://finance.yahoo.co.jp/quote/1961.T
2026-08-13,5202,日本板硝子,プライム,483.0,0.42,0.21,0.0,0.13,1.12,1.79,483.0,483.0,481.0,483.0,483.0,478.0,478.0,481.59,480.72,480.72,10,B,100.0,37.67,-3.17,56.69,482.36,479.23,517.1,+0.64σ,0.8,陰線→陽線 / はらみ足 / 2～5日下落後の陽線,なし,買い,BB逆張り,1,0.0,478.0,493.0,2.0,直近2～5日まで下落、BB -1σ以下から反発、%K反転、%D方向改善、2～5日下落後の陽線,,https://finance.yahoo.co.jp/quote/5202.T
2026-08-13,6383,ダイフク,プライム,6322.0,2.13,2.36,1.18,0.52,0.63,238.08,6214.0,6366.0,6217.0,6366.0,6366.0,6054.0,5584.0,5925.59,5668.44,5668.44,10,B,90.07,67.35,17.83,49.65,6289.4,6785.63,5969.18,+0.54σ,1.04,2～5日下落後の陽線,なし,買い,底固め,1,0.0,5964.87,7036.25,2.0,直近2～5日まで下落、%K反転、%D方向改善、2～5日下落後の陽線、直近安値切り上げ、RSI安値切り上げ、レンジ上限突破,,https://finance.yahoo.co.jp/quote/6383.T
2026-08-13,6387,サムコ,プライム,9820.0,6.74,11.21,-0.41,-2.08,0.62,899.61,9460.0,9990.0,9430.0,9990.0,9990.0,8580.0,7130.0,8328.46,7174.41,7174.41,10,B,88.44,60.94,19.58,47.88,10028.4,11771.47,7886.95,+0.29σ,0.93,2～5日下落後の陽線,なし,買い,底固め,1,0.0,8470.59,12518.82,2.0,直近2～5日まで下落、%K反転、%D方向改善、2～5日下落後の陽線、直近安値切り上げ、ATR低下、RSI安値切り上げ,,https://finance.yahoo.co.jp/quote/6387.T
2026-08-13,6331,三菱化工機,プライム,3250.0,2.04,1.09,-0.15,-1.43,0.48,135.22,3235.0,3260.0,3195.0,3260.0,3260.0,3155.0,2937.0,3139.09,3031.19,3031.19,10,B,75.47,57.65,5.92,45.65,3297.2,3502.87,3376.08,+0.03σ,0.59,陰線→陽線 / 2～5日下落後の陽線,通常,買い,底固め / アンチ,2,0.0,3047.18,3655.65,2.0,直近2～5日まで下落、%K反転、%D方向改善、2～5日下落後の陽線、直近安値切り上げ、BB幅収縮、RSI安値切り上げ,,https://finance.yahoo.co.jp/quote/6331.T
2026-08-13,6356,日本ギア工業,スタンダード,1414.0,3.51,5.92,1.8,1.26,0.73,75.51,1379.0,1422.0,1367.0,1422.0,1422.0,1332.0,1220.0,1286.98,1206.47,1206.47,10,B,93.7,62.04,20.64,51.91,1396.4,1478.95,1217.71,+0.58σ,0.75,2～5日下落後の陽線,なし,買い,底固め,1,0.0,1300.73,1640.53,2.0,直近2～5日まで下落、%K反転、%D方向改善、2～5日下落後の陽線、直近安値切り上げ、ATR低下、RSI安値切り上げ、レンジ上限突破,,https://finance.yahoo.co.jp/quote/6356.T
2026-08-13,5802,住友電気工業,プライム,2334.5,2.84,9.63,-1.56,0.99,0.6,178.23,2287.0,2401.5,2295.0,2401.5,2401.5,2057.5,1973.0,2130.31,1985.41,1985.41,10,B,81.18,45.66,12.05,48.91,2311.72,2707.75,2211.22,+0.41σ,1.04,2～5日下落後の陽線,なし,買い,底固め,1,0.0,2057.5,2888.5,2.0,直近2～5日まで下落、%K反転、%D方向改善、2～5日下落後の陽線、直近安値切り上げ、BB幅収縮、RSI安値切り上げ,,https://finance.yahoo.co.jp/quote/5802.T
2026-08-13,9449,ＧＭＯインターネットグループ,プライム,4228.0,0.83,1.17,1.05,3.7,0.87,124.35,4239.0,4228.0,4120.0,4239.0,4250.0,4120.0,3860.0,4024.94,3926.09,3926.09,10,B,70.13,66.2,-5.96,66.77,4077.32,3528.31,3486.5,+1.05σ,0.93,陰線→陽線 / 強気包み足 / 前日安値割れ反転,なし,買い,底固め,1,0.0,4041.48,4601.05,2.0,%K反転、陽の包み足、長い下ヒゲ反転、直近下落なし（B以下に制限）、直近安値切り上げ、BB幅収縮、RSI安値切り上げ,,https://finance.yahoo.co.jp/quote/9449.T
2026-08-13,1786,オリエンタル白石,プライム,351.0,1.15,-8.59,-3.04,-3.01,0.84,10.73,352.0,351.0,342.0,352.0,354.0,342.0,342.0,353.88,344.46,344.46,10,B,19.15,45.4,-25.81,45.61,361.88,348.0,386.04,-1.31σ,1.49,強気包み足 / 前日安値割れ反転,なし,買い,BB逆張り,1,0.0,334.9,383.2,2.0,BB -1σ以下から反発、ストキャス売られ過ぎから反転、%K反転、陽の包み足、長い下ヒゲ反転、出来高増加を伴う反転、直近下落なし（B以下に制限）,,https://finance.yahoo.co.jp/quote/1786.T
2026-08-13,6337,テセック,スタンダード,3530.0,5.22,9.63,1.88,30.26,1.28,211.47,3445.0,3620.0,3350.0,3620.0,3620.0,3085.0,2151.0,2313.04,1832.64,1832.64,10,除外,85.78,83.89,7.12,70.19,2709.88,2638.89,2476.5,+1.53σ,0.89,2～5日下落後の陽線,強,買い,底固め / アンチ,2,0.0,3085.0,4420.0,2.0,直近2～5日まで下落、%K反転、%D方向改善、2～5日下落後の陽線、直近安値切り上げ、RSI安値切り上げ、レンジ上限突破,急騰済み（25日線上方乖離）,https://finance.yahoo.co.jp/quote/6337.T
2026-08-13,5930,文化シヤッター,プライム,1835.0,0.27,0.82,2.57,-3.45,0.51,40.97,1835.0,1838.0,1817.0,1838.0,1838.0,1790.0,1768.0,1837.18,1779.82,1779.82,10,B,42.68,27.57,-15.26,41.71,1900.56,1873.48,1968.86,-1.04σ,1.34,長い下ヒゲ（ハンマー）,なし,買い,BB逆張り,1,0.0,1773.55,1957.9,2.0,BB -1σ以下から反発、ストキャス売られ過ぎから反転、%K反転、長い下ヒゲ反転、出来高増加を伴う反転、直近下落なし（B以下に制限）,,https://finance.yahoo.co.jp/quote/5930.T
2026-08-13,6146,ディスコ,プライム,65830.0,4.56,12.65,3.28,2.5,0.49,4605.1,63230.0,67230.0,64960.0,67230.0,67230.0,57520.0,49400.0,56849.76,51158.52,51158.52,10,除外,85.58,69.43,21.17,51.17,64225.6,70565.07,63771.35,+0.58σ,0.78,2～5日下落後の陽線,通常,買い,底固め / アンチ,2,0.0,57520.0,82450.0,2.0,直近2～5日まで下落、%K反転、%D方向改善、2～5日下落後の陽線、直近安値切り上げ、RSI安値切り上げ、レンジ上限突破,急騰済み（3営業日急騰）,https://finance.yahoo.co.jp/quote/6146.T
2026-08-13,6264,マルマエ,プライム,2133.0,2.25,4.76,-2.25,4.46,0.46,160.07,2118.0,2194.0,2120.0,2194.0,2194.0,1975.0,1675.0,1896.83,1779.41,1779.41,10,B,68.7,70.46,11.02,50.51,2041.92,2267.89,1682.57,+1.01σ,0.5,2～5日下落後の陽線,通常,買い,底固め / アンチ,2,0.0,1892.9,2613.2,2.0,直近2～5日まで下落、%K反転、%D方向改善、2～5日下落後の陽線、直近安値切り上げ、ATR低下、BB幅収縮、RSI安値切り上げ,,https://finance.yahoo.co.jp/quote/6264.T
2026-08-13,5367,ニッカトー,スタンダード,1300.0,7.17,9.06,1.33,8.14,0.83,109.77,1237.0,1318.0,1227.0,1318.0,1318.0,1166.0,950.0,1099.95,1008.8,1008.8,10,B,73.22,63.47,11.09,54.27,1202.12,1186.99,866.06,+1.19σ,0.67,2～5日下落後の陽線,強,買い,底固め / アンチ,2,0.0,1135.35,1629.31,2.0,直近2～5日まで下落、%K反転、%D方向改善、2～5日下落後の陽線、直近安値切り上げ、BB幅収縮、RSI安値切り上げ,,https://finance.yahoo.co.jp/quote/5367.T
2026-08-13,2288,丸大食品,プライム,2184.0,0.92,1.77,-0.5,-3.3,0.63,44.51,2173.0,2200.0,2172.0,2200.0,2200.0,2102.0,2102.0,2178.68,2102.06,2102.06,10,B,53.25,22.94,-14.71,42.45,2258.52,2237.61,2220.66,-0.93σ,1.07,陰線→陽線,なし,買い,BB逆張り,1,0.0,2102.0,2348.0,2.0,RSI40以下から反転上昇、BB -1σ以下から反発、ストキャス売られ過ぎから反転、%K反転、直近下落なし（B以下に制限）,,https://finance.yahoo.co.jp/quote/2288.T
2026-08-13,2471,エスプール,プライム,296.0,2.42,7.25,11.28,8.65,1.66,7.82,291.0,296.0,283.0,296.0,296.0,263.0,261.0,265.27,257.44,257.44,10,除外,100.0,63.46,5.44,75.04,272.44,252.87,261.12,+2.93σ,1.15,強気包み足 / 前日安値割れ反転,なし,買い,底固め,1,0.0,263.0,362.0,2.0,%K反転、陽の包み足、長い下ヒゲ反転、直近下落なし（B以下に制限）、直近安値切り上げ、BB幅収縮、RSI安値切り上げ、レンジ上限突破,急騰済み（高RSI、BB +2σ大幅超過）,https://finance.yahoo.co.jp/quote/2471.T
2026-08-13,5121,藤倉コンポジット,プライム,2736.0,1.79,-1.9,-0.47,6.33,1.1,86.93,2712.0,2744.0,2648.0,2744.0,2798.0,2549.0,2380.0,2452.97,2331.28,2331.28,10,B,74.56,81.36,14.26,62.76,2573.2,2541.47,2346.52,+1.33σ,1.27,陰線→陽線 / 長い下ヒゲ（ハンマー） / 2～5日下落後の陽線,通常,買い,アンチ,1,0.0,2549.0,3110.0,2.0,直近2～5日まで下落、%K反転、%D方向改善、長い下ヒゲ反転、2～5日下落後の陽線,,https://finance.yahoo.co.jp/quote/5121.T
2026-08-13,6369,トーヨーカネツ,プライム,2469.0,2.83,-1.24,-1.04,1.12,1.14,64.12,2439.0,2479.0,2406.0,2479.0,2479.0,2311.0,2311.0,2404.89,2369.78,2369.78,10,B,69.0,69.24,-3.09,53.45,2441.76,2430.92,2540.31,+0.83σ,1.03,陰線→陽線 / 2～5日下落後の陽線,なし,買い,BB逆張り,1,0.0,2311.0,2785.0,2.0,直近2～5日まで下落、BB -1σ以下から反発、%K反転、%D方向改善、2～5日下落後の陽線,,https://finance.yahoo.co.jp/quote/6369.T
2026-08-13,6779,日本電波工業,プライム,3165.0,10.66,13.16,6.46,10.51,0.85,297.04,2917.0,3235.0,2984.0,3235.0,3235.0,2655.0,2127.0,2534.94,2289.03,2289.03,10,除外,89.2,68.07,15.99,54.77,2863.88,3114.41,1886.18,+1.56σ,1.27,陰線→陽線 / 2～5日下落後の陽線,強,買い,底固め / アンチ,2,0.0,2655.0,4185.0,2.0,直近2～5日まで下落、%K反転、%D方向改善、2～5日下落後の陽線、直近安値切り上げ、ATR低下、RSI安値切り上げ,急騰済み（当日急騰、3営業日急騰、25日線上方乖離）,https://finance.yahoo.co.jp/quote/6779.T
2026-08-13,6794,フォスター電機,プライム,2970.0,3.2,0.68,-1.98,3.51,1.22,116.31,2952.0,2972.0,2830.0,2972.0,3035.0,2811.0,2620.0,2782.98,2697.95,2697.95,10,B,61.39,68.2,4.92,55.39,2869.4,2904.39,2860.72,+1.20σ,1.78,陰線→陽線 / 2～5日下落後の陽線,通常,買い,アンチ,1,0.0,2795.53,3318.94,2.0,直近2～5日まで下落、%K反転、%D方向改善、2～5日下落後の陽線、出来高増加を伴う反転,,https://finance.yahoo.co.jp/quote/6794.T
2026-08-13,6762,ＴＤＫ,プライム,3235.0,3.89,8.27,2.7,4.6,0.74,170.25,3125.0,3269.0,3143.0,3269.0,3269.0,2944.0,2651.0,2922.95,2805.39,2805.39,10,B,89.54,58.15,8.19,53.37,3092.64,3341.38,2674.9,+1.65σ,0.75,2～5日下落後の陽線,強,買い,底固め / アンチ,2,0.0,2944.0,3817.0,2.0,直近2～5日まで下落、%K反転、%D方向改善、2～5日下落後の陽線、直近安値切り上げ、BB幅収縮、RSI安値切り上げ,,https://finance.yahoo.co.jp/quote/6762.T
2026-08-13,6859,エスペック,プライム,4220.0,1.44,1.56,0.6,4.45,0.49,184.84,4180.0,4265.0,4175.0,4265.0,4290.0,3910.0,3665.0,3921.93,3770.36,3770.36,10,B,82.42,62.47,13.42,56.0,4040.4,3951.47,3623.26,+0.97σ,0.47,2～5日下落後の陽線,なし,買い,底固め,1,0.0,3910.0,4840.0,2.0,直近2～5日まで下落、%K反転、%D方向改善、2～5日下落後の陽線、直近安値切り上げ、BB幅収縮、RSI安値切り上げ,,https://finance.yahoo.co.jp/quote/6859.T
2026-08-13,7719,東京衡機,スタンダード,444.0,3.26,4.23,-0.89,0.4,0.52,25.09,438.0,444.0,431.0,444.0,444.0,424.0,390.0,411.96,382.02,382.02,10,B,76.92,70.75,18.31,51.2,442.24,474.45,428.82,+0.07σ,0.26,陰線→陽線 / 2～5日下落後の陽線,強,買い,底固め / アンチ,2,0.0,406.36,519.28,2.0,直近2～5日まで下落、%K反転、%D方向改善、2～5日下落後の陽線、直近安値切り上げ、ATR低下、RSI安値切り上げ,,https://finance.yahoo.co.jp/quote/7719.T
2026-08-13,7779,ＣＹＢＥＲＤＹＮＥ,グロース,242.0,1.26,5.68,8.04,6.91,0.67,8.96,242.0,242.0,236.0,242.0,242.0,220.0,208.0,218.57,211.14,211.14,10,B,100.0,73.21,17.99,58.5,226.36,260.35,252.44,+2.15σ,1.3,はらみ足 / 長い下ヒゲ（ハンマー）,通常,買い,底固め / アンチ,2,0.0,220.0,286.0,2.0,%K反転、%D方向改善、長い下ヒゲ反転、出来高増加を伴う反転、直近下落なし（B以下に制限）、直近安値切り上げ、ATR低下、BB幅収縮、出来高減少後の増加、RSI安値切り上げ,,https://finance.yahoo.co.jp/quote/7779.T
2026-08-13,7966,リンテック,プライム,6130.0,0.49,0.99,-11.42,-4.47,0.37,326.02,6150.0,6200.0,6080.0,6200.0,6200.0,5910.0,5770.0,6073.11,5744.23,5744.23,9,B,17.32,37.7,1.39,45.26,6416.8,6039.07,5096.12,-0.83σ,0.36,なし,通常,買い,アンチ,1,0.0,5640.98,7108.05,2.0,直近2～5日まで下落、ストキャス売られ過ぎから反転、%K反転、%D方向改善,,https://finance.yahoo.co.jp/quote/7966.T
2026-08-13,4182,三菱瓦斯化学,プライム,4085.0,0.86,-8.37,-12.92,-6.44,0.5,273.47,4050.0,4149.0,4011.0,4149.0,4149.0,3814.0,3711.0,4021.93,3743.4,3743.4,9,B,29.39,51.71,0.53,43.16,4366.28,4755.23,3896.63,-0.77σ,1.4,なし,通常,買い,アンチ,1,0.0,3674.8,4905.4,2.0,直近2～5日まで下落、ストキャス売られ過ぎから反転、%K反転、%D方向改善,,https://finance.yahoo.co.jp/quote/4182.T
2026-08-13,8628,松井証券,プライム,1108.0,1.19,3.17,5.73,3.37,0.71,25.43,1108.0,1108.0,1090.0,1108.0,1108.0,1046.0,1023.0,1054.52,1026.84,1026.84,9,B,100.0,43.94,8.55,64.02,1071.88,991.33,922.44,+0.93σ,0.61,陰線→陽線 / 強気包み足 / はらみ足,通常,買い,底固め / アンチ,2,0.0,1046.0,1232.0,2.0,%K反転、%D方向改善、陽の包み足、直近下落なし（B以下に制限）、直近安値切り上げ、BB幅収縮、RSI安値切り上げ,,https://finance.yahoo.co.jp/quote/8628.T
2026-08-13,9793,ダイセキ,プライム,3870.0,0.78,2.93,3.61,1.25,0.67,74.45,3860.0,3870.0,3820.0,3870.0,3870.0,3720.0,3690.0,3756.3,3712.59,3712.59,9,B,100.0,50.95,2.87,54.44,3822.4,3981.67,3741.1,+1.60σ,0.76,強気包み足,なし,買い,底固め,1,0.0,3720.0,4170.0,2.0,%K反転、%D方向改善、陽の包み足、直近下落なし（B以下に制限）、直近安値切り上げ、ATR低下、RSI安値切り上げ,,https://finance.yahoo.co.jp/quote/9793.T
2026-08-13,3399,丸千代山岡家,スタンダード,3750.0,2.6,4.75,6.23,3.64,1.16,120.26,3675.0,3750.0,3610.0,3750.0,3750.0,3520.0,3400.0,3552.15,3456.05,3456.05,9,B,100.0,54.2,13.0,60.56,3618.4,3319.0,3255.84,+1.06σ,0.7,強気包み足,通常,買い,底固め / アンチ,2,0.0,3520.0,4210.0,2.0,%K反転、%D方向改善、陽の包み足、直近下落なし（B以下に制限）、直近安値切り上げ、BB幅収縮、RSI安値切り上げ,,https://finance.yahoo.co.jp/quote/3399.T
2026-08-13,8103,明和産業,プライム,960.0,0.63,5.38,7.99,5.12,0.7,18.55,964.0,963.0,950.0,964.0,964.0,890.0,877.0,895.43,876.06,876.06,9,除外,94.94,56.69,0.71,68.45,913.2,887.04,879.38,+2.33σ,0.77,強気包み足 / はらみ足,通常,買い,底固め / アンチ,2,0.0,890.0,1100.0,2.0,%K反転、%D方向改善、陽の包み足、直近下落なし（B以下に制限）、直近安値切り上げ、BB幅収縮、RSI安値切り上げ,急騰済み（BB +2σ大幅超過）,https://finance.yahoo.co.jp/quote/8103.T
2026-08-13,2607,不二製油,プライム,4531.0,2.07,10.35,16.66,12.22,0.97,152.56,4480.0,4558.0,4410.0,4558.0,4591.0,3903.0,3760.0,3832.78,3627.21,3627.21,9,除外,92.58,59.47,2.54,71.32,4037.68,3754.85,3680.26,+2.40σ,1.65,陰線→陽線 / 強気包み足,通常,買い,アンチ,1,0.0,3903.0,5787.0,2.0,%K反転、%D方向改善、陽の包み足、出来高増加を伴う反転、直近下落なし（B以下に制限）,急騰済み（25日線上方乖離、BB +2σ大幅超過）,https://finance.yahoo.co.jp/quote/2607.T
2026-08-13,9551,メタウォーター,プライム,3200.0,1.27,-0.78,-4.05,0.43,0.47,106.99,3195.0,3220.0,3170.0,3220.0,3220.0,3085.0,2838.0,3106.4,3032.79,3032.79,9,B,40.35,67.05,0.91,48.81,3186.2,3302.4,3417.19,+0.27σ,0.66,陰線→陽線 / 長い下ヒゲ（ハンマー） / 2～5日下落後の陽線,なし,買い,底固め,1,0.0,3039.52,3520.97,2.0,直近2～5日まで下落、%D方向改善、長い下ヒゲ反転、2～5日下落後の陽線、直近安値切り上げ、BB幅収縮、RSI安値切り上げ,,https://finance.yahoo.co.jp/quote/9551.T
2026-08-13,5889,Ｊａｐａｎ　Ｅｙｅｗｅａｒ　Ｈｏｌｄｉｎｇｓ,プライム,2624.0,2.14,6.28,7.98,6.52,1.22,81.24,2580.0,2625.0,2526.0,2625.0,2625.0,2414.0,2307.0,2402.72,2336.59,2336.59,9,除外,99.53,55.74,-1.97,66.69,2463.4,2293.81,2122.72,+2.35σ,0.92,強気包み足,なし,買い,底固め,1,0.0,2414.0,3044.0,2.0,%K反転、%D方向改善、陽の包み足、直近下落なし（B以下に制限）、直近安値切り上げ、BB幅収縮、RSI安値切り上げ、レンジ上限突破,急騰済み（BB +2σ大幅超過）,https://finance.yahoo.co.jp/quote/5889.T
2026-08-13,9304,澁澤倉庫,プライム,1955.0,3.38,2.84,3.49,3.63,1.04,78.79,1956.0,1969.0,1887.0,1969.0,1969.0,1855.0,1662.0,1774.44,1668.89,1668.89,9,B,90.67,77.52,19.77,61.57,1886.52,1601.93,1393.48,+0.71σ,0.73,強気包み足,強,買い,底固め / アンチ,2,0.0,1836.81,2191.37,2.0,%K反転、%D方向改善、陽の包み足、直近下落なし（B以下に制限）、直近安値切り上げ、BB幅収縮、RSI安値切り上げ,,https://finance.yahoo.co.jp/quote/9304.T
2026-08-13,9743,丹青社,プライム,1462.0,1.04,3.47,3.32,3.57,1.07,27.94,1448.0,1462.0,1432.0,1462.0,1462.0,1398.0,1362.0,1396.48,1376.11,1376.11,9,除外,100.0,53.97,-1.54,64.82,1411.56,1385.99,1452.31,+2.22σ,0.46,強気包み足,なし,買い,底固め,1,0.0,1398.0,1590.0,2.0,%K反転、%D方向改善、陽の包み足、直近下落なし（B以下に制限）、直近安値切り上げ、BB幅収縮、RSI安値切り上げ,急騰済み（BB +2σ大幅超過）,https://finance.yahoo.co.jp/quote/9743.T
2026-08-13,6055,ジャパンマテリアル,プライム,2227.0,0.81,1.32,-8.39,-4.45,0.7,141.46,2245.0,2309.0,2210.0,2309.0,2309.0,2142.0,1939.0,2131.86,1993.73,1993.73,9,B,27.16,56.81,2.04,46.31,2330.8,2248.24,1941.55,-0.31σ,0.75,なし,通常,買い,アンチ,1,0.0,2014.81,2651.38,2.0,直近2～5日まで下落、ストキャス売られ過ぎから反転、%K反転、%D方向改善,,https://finance.yahoo.co.jp/quote/6055.T
2026-08-13,6071,ＩＢＪ,プライム,857.0,0.59,3.63,4.9,2.77,0.68,17.6,856.0,858.0,846.0,858.0,858.0,811.0,796.0,812.75,794.59,794.59,9,B,97.87,63.13,15.16,63.13,833.92,797.92,771.62,+1.44σ,0.96,強気包み足,なし,買い,底固め,1,0.0,811.0,949.0,2.0,%K反転、%D方向改善、陽の包み足、直近下落なし（B以下に制限）、ATR低下、BB幅収縮、RSI安値切り上げ、レンジ上限突破,,https://finance.yahoo.co.jp/quote/6071.T
2026-08-13,6425,ユニバーサルエンターテインメント,スタンダード,784.0,2.62,13.46,15.29,15.1,1.3,33.08,780.0,789.0,746.0,789.0,789.0,660.0,625.0,635.12,591.99,591.99,9,除外,96.12,78.45,7.66,74.76,681.16,705.03,747.49,+2.45σ,1.24,強気包み足,通常,買い,底固め / アンチ,2,0.0,660.0,1032.0,2.0,%K反転、%D方向改善、陽の包み足、直近下落なし（B以下に制限）、直近安値切り上げ、RSI安値切り上げ、レンジ上限突破,急騰済み（3営業日急騰、25日線上方乖離、高RSI、BB +2σ大幅超過）,https://finance.yahoo.co.jp/quote/6425.T
2026-08-13,5288,アジアパイルホールディングス,プライム,1510.0,0.0,0.13,-1.44,0.19,1.69,38.43,1542.0,1521.0,1456.0,1542.0,1542.0,1456.0,1453.0,1494.4,1475.91,1475.91,9,B,59.34,54.96,4.72,50.29,1507.16,1515.83,1457.84,-0.16σ,2.37,陰線→陽線 / 2～5日下落後の陽線,なし,買い,底固め,1,0.0,1452.35,1625.3,2.0,直近2～5日まで下落、%D方向改善、2～5日下落後の陽線、出来高増加を伴う反転、直近安値切り上げ、BB幅収縮、RSI安値切り上げ,,https://finance.yahoo.co.jp/quote/5288.T
2026-08-13,5243,ｎｏｔｅ,グロース,2532.0,2.39,11.35,10.66,17.39,0.91,154.91,2490.0,2543.0,2402.0,2543.0,2543.0,2202.0,1875.0,1996.76,1833.47,1833.47,9,除外,97.99,71.96,10.88,66.94,2157.0,2076.67,2051.33,+2.28σ,0.84,強気包み足,なし,買い,底固め,1,0.0,2202.0,3192.0,2.0,%K反転、%D方向改善、陽の包み足、直近下落なし（B以下に制限）、直近安値切り上げ、BB幅収縮、RSI安値切り上げ、レンジ上限突破,急騰済み（25日線上方乖離、BB +2σ大幅超過）,https://finance.yahoo.co.jp/quote/5243.T
2026-08-13,6507,シンフォニアテクノロジー,プライム,13100.0,0.77,1.63,-11.61,-4.66,0.58,985.83,13030.0,13530.0,12960.0,13530.0,13740.0,11950.0,11530.0,12729.76,11915.02,11915.02,9,B,36.98,52.28,1.64,45.16,13740.4,14388.0,12160.7,-0.55σ,0.86,なし,通常,買い,アンチ,1,0.0,11621.26,16057.49,2.0,直近2～5日まで下落、ストキャス売られ過ぎから反転、%K反転、%D方向改善,,https://finance.yahoo.co.jp/quote/6507.T
2026-08-13,6376,日機装,プライム,3875.0,3.75,-2.15,-4.67,0.69,0.55,190.63,3865.0,3915.0,3810.0,3915.0,3985.0,3670.0,3480.0,3722.8,3561.59,3561.59,9,B,41.84,55.89,2.32,50.87,3848.6,3511.4,2538.69,-0.06σ,0.89,なし,通常,買い,アンチ,1,0.0,3589.05,4446.89,2.0,直近2～5日まで下落、ストキャス売られ過ぎから反転、%K反転、%D方向改善,,https://finance.yahoo.co.jp/quote/6376.T
2026-08-13,5201,ＡＧＣ,プライム,5968.0,1.15,2.7,3.52,-2.83,0.55,208.27,5974.0,6049.0,5934.0,6049.0,6049.0,5698.0,5581.0,5836.85,5600.24,5600.24,9,B,65.15,34.76,6.1,42.47,6142.12,6525.68,5920.46,-0.45σ,0.66,なし,なし,買い,底固め,1,0.0,5655.59,6592.82,2.0,RSI40以下から反転上昇、%K反転、%D方向改善、直近下落なし（B以下に制限）、直近安値切り上げ、BB幅収縮、RSI安値切り上げ,,https://finance.yahoo.co.jp/quote/5201.T
2026-08-13,6834,精工技研,スタンダード,24780.0,4.56,13.83,2.69,18.34,0.96,2161.64,23700.0,25990.0,23910.0,25990.0,25990.0,20420.0,15660.0,18288.58,16029.16,16029.16,9,除外,82.02,68.5,15.23,57.36,20939.6,26072.8,20570.85,+1.87σ,2.57,2～5日下落後の陽線,なし,買い,底固め,1,0.0,20420.0,33500.0,2.0,直近2～5日まで下落、%D方向改善、2～5日下落後の陽線、出来高増加を伴う反転、直近安値切り上げ、BB幅収縮、RSI安値切り上げ、レンジ上限突破,急騰済み（3営業日急騰、25日線上方乖離）,https://finance.yahoo.co.jp/quote/6834.T
2026-08-13,6666,リバーエレテック,スタンダード,823.0,-3.29,1.23,-6.69,6.23,0.79,64.34,859.0,831.0,780.0,859.0,888.0,780.0,632.0,705.73,640.47,640.47,9,B,40.37,71.71,15.03,50.53,774.72,956.04,698.12,+0.80σ,1.48,2～5日下落後の陽線,なし,買い,底固め,1,0.0,726.48,1016.03,2.0,直近2～5日まで下落、%D方向改善、2～5日下落後の陽線、出来高増加を伴う反転、直近安値切り上げ、BB幅収縮、出来高減少後の増加、RSI安値切り上げ,,https://finance.yahoo.co.jp/quote/6666.T
2026-08-13,3201,日本毛織,プライム,2000.0,0.7,1.42,4.06,5.29,0.83,43.45,2000.0,2000.0,1964.0,2000.0,2000.0,1926.0,1812.0,1862.77,1813.99,1813.99,9,B,100.0,75.37,5.19,71.83,1899.48,1809.83,1814.86,+1.81σ,0.58,強気包み足 / はらみ足,なし,買い,底固め,1,0.0,1926.0,2148.0,2.0,%K反転、%D方向改善、陽の包み足、直近下落なし（B以下に制限）、直近安値切り上げ、BB幅収縮、RSI安値切り上げ,,https://finance.yahoo.co.jp/quote/3201.T
2026-08-13,2334,イオレ,グロース,553.0,3.17,6.35,6.55,7.26,1.03,32.1,546.0,555.0,522.0,555.0,555.0,511.0,440.0,475.11,443.53,443.53,9,B,97.89,63.78,20.51,57.1,515.56,543.51,455.78,+1.47σ,1.04,強気包み足,なし,買い,底固め,1,0.0,504.84,649.31,2.0,%K反転、%D方向改善、陽の包み足、直近下落なし（B以下に制限）、直近安値切り上げ、ATR低下、RSI安値切り上げ、レンジ上限突破,,https://finance.yahoo.co.jp/quote/2334.T
2026-08-13,7777,スリー・ディー・マトリックス,グロース,364.0,1.39,8.01,5.2,5.52,0.62,16.07,364.0,367.0,357.0,367.0,367.0,333.0,306.0,328.72,314.14,314.14,9,B,91.18,71.09,24.01,55.83,344.96,395.99,419.02,+1.42σ,0.97,強気包み足,通常,買い,底固め / アンチ,2,0.0,333.0,426.0,2.0,%K反転、%D方向改善、陽の包み足、直近下落なし（B以下に制限）、直近安値切り上げ、ATR低下、RSI安値切り上げ,,https://finance.yahoo.co.jp/quote/7777.T
2026-08-13,7198,ＳＢＩアルヒ,プライム,844.0,0.24,3.05,4.98,4.19,1.65,13.94,845.0,853.0,830.0,853.0,853.0,803.0,790.0,797.43,784.01,784.01,9,除外,83.93,63.24,4.35,66.38,810.04,809.32,850.04,+2.47σ,2.02,強気包み足 / 長い下ヒゲ（ハンマー）,なし,買い,底固め,1,0.0,803.0,926.0,2.0,陽の包み足、長い下ヒゲ反転、出来高増加を伴う反転、直近下落なし（B以下に制限）、直近安値切り上げ、BB幅収縮、RSI安値切り上げ,急騰済み（BB +2σ大幅超過）,https://finance.yahoo.co.jp/quote/7198.T
2026-08-13,7014,名村造船所,スタンダード,4420.0,0.8,2.08,2.79,6.86,0.65,244.88,4445.0,4545.0,4385.0,4545.0,4545.0,4110.0,3650.0,4034.96,3855.68,3855.68,9,B,57.38,47.25,-6.49,60.41,4136.4,3922.93,4275.6,+1.15σ,0.72,強気包み足,なし,買い,底固め,1,0.0,4052.69,5154.63,2.0,%K反転、%D方向改善、陽の包み足、直近下落なし（B以下に制限）、直近安値切り上げ、BB幅収縮、RSI安値切り上げ,,https://finance.yahoo.co.jp/quote/7014.T
2026-08-13,7746,岡本硝子,スタンダード,725.0,0.28,-3.07,-2.29,-3.65,0.46,32.61,732.0,738.0,723.0,738.0,738.0,716.0,701.0,721.57,698.14,698.14,9,B,23.08,41.28,4.79,42.36,752.48,808.64,766.43,-0.85σ,0.63,陰線→陽線 / 2～5日下落後の陽線,なし,買い,BB逆張り / 底固め,2,0.0,676.08,822.84,2.0,直近2～5日まで下落、BB -1σ以下から反発、%D方向改善、2～5日下落後の陽線、直近安値切り上げ、ATR低下、BB幅収縮、RSI安値切り上げ,,https://finance.yahoo.co.jp/quote/7746.T
2026-08-13,7794,イーディーピー,グロース,917.0,1.55,5.4,2.23,-1.9,0.73,49.61,919.0,929.0,893.0,929.0,929.0,837.0,812.0,859.42,814.84,814.84,9,B,86.96,57.01,20.23,45.63,934.76,1092.76,932.02,+0.29σ,1.23,陰線→陽線 / 強気包み足,通常,買い,底固め / アンチ,2,0.0,837.0,1077.0,2.0,%K反転、%D方向改善、陽の包み足、直近下落なし（B以下に制限）、直近安値切り上げ、ATR低下、BB幅収縮、出来高減少後の増加、RSI安値切り上げ,,https://finance.yahoo.co.jp/quote/7794.T
2026-08-13,2158,ＦＲＯＮＴＥＯ,グロース,650.0,0.93,2.85,0.93,2.58,0.83,19.38,644.0,651.0,635.0,651.0,651.0,628.0,601.0,620.86,606.01,606.01,9,B,96.88,64.67,18.64,56.16,633.68,641.19,787.0,+0.96σ,0.8,強気包み足,なし,買い,底固め,1,0.0,620.93,708.13,2.0,%K反転、%D方向改善、陽の包み足、直近下落なし（B以下に制限）、直近安値切り上げ、BB幅収縮、RSI安値切り上げ、レンジ上限突破,,https://finance.yahoo.co.jp/quote/2158.T
2026-08-13,1975,朝日工業社,プライム,3810.0,1.2,0.66,-4.15,-4.92,0.68,184.92,3790.0,3920.0,3795.0,3920.0,3920.0,3705.0,3575.0,3743.68,3567.1,3567.1,9,B,40.43,40.42,0.42,43.45,4007.2,4011.87,3768.88,-0.62σ,0.73,なし,強,買い,アンチ,1,0.0,3532.62,4364.75,2.0,直近2～5日まで下落、ストキャス売られ過ぎから反転、%K反転、%D方向改善,,https://finance.yahoo.co.jp/quote/1975.T
2026-08-13,4392,ＦＩＧ,プライム,900.0,2.51,0.0,-3.54,-7.74,0.77,85.24,921.0,962.0,896.0,962.0,962.0,811.0,811.0,857.6,762.41,762.41,9,B,58.94,47.67,16.52,42.09,975.52,1134.87,624.6,-0.55σ,2.34,なし,通常,買い,アンチ,1,0.0,772.14,1155.72,2.0,直近2～5日まで下落、RSI40以下から反転上昇、%K反転、%D方向改善,,https://finance.yahoo.co.jp/quote/4392.T
2026-08-13,9508,九州電力,プライム,1858.5,2.12,3.57,3.68,4.03,0.68,45.63,1837.5,1858.5,1827.5,1858.5,1858.5,1781.0,1739.5,1774.04,1745.68,1745.68,8,B,76.73,40.81,-12.95,63.97,1786.52,1715.67,1719.84,+1.98σ,0.89,陰線→陽線,なし,買い,底固め,1,0.0,1781.0,2013.5,2.0,ストキャス売られ過ぎから反転、%K反転、直近下落なし（B以下に制限）、直近安値切り上げ、BB幅収縮、RSI安値切り上げ,,https://finance.yahoo.co.jp/quote/9508.T
2026-08-13,8739,スパークス・グループ,プライム,2504.0,2.29,1.29,0.76,7.67,0.9,58.92,2489.0,2504.0,2451.0,2504.0,2523.0,2434.0,2195.0,2237.92,2133.99,2133.99,8,B,86.23,81.17,11.27,70.44,2325.52,2192.19,1914.2,+1.56σ,1.1,陰線→陽線 / 2～5日下落後の陽線,強,買い,アンチ,1,0.0,2415.62,2680.76,2.0,直近2～5日まで下落、%K反転、%D方向改善、2～5日下落後の陽線,,https://finance.yahoo.co.jp/quote/8739.T
2026-08-13,8338,筑波銀行,プライム,724.0,8.22,10.2,8.38,11.59,1.44,34.12,688.0,724.0,675.0,724.0,724.0,647.0,588.0,624.46,594.42,594.42,8,除外,100.0,57.22,2.36,62.42,648.8,634.63,547.36,+2.31σ,1.64,陰線→陽線,通常,買い,底固め / アンチ,2,0.0,647.0,878.0,2.0,%K反転、%D方向改善、出来高増加を伴う反転、直近下落なし（B以下に制限）、直近安値切り上げ、RSI安値切り上げ、レンジ上限突破,急騰済み（当日急騰、25日線上方乖離、BB +2σ大幅超過）,https://finance.yahoo.co.jp/quote/8338.T
2026-08-13,3445,ＲＳ　Ｔｅｃｈｎｏｌｏｇｉｅｓ,プライム,7100.0,4.41,6.77,-1.11,3.38,0.62,536.23,6880.0,7210.0,6880.0,7210.0,7210.0,6460.0,5440.0,6147.05,5654.6,5654.6,8,B,76.19,61.27,11.14,53.16,6867.6,6876.93,4993.7,+0.94σ,0.84,陰線→陽線 / 2～5日下落後の陽線,強,買い,アンチ,1,0.0,6295.66,8708.69,2.0,直近2～5日まで下落、%K反転、%D方向改善、2～5日下落後の陽線,,https://finance.yahoo.co.jp/quote/3445.T
2026-08-13,8012,長瀬産業,プライム,1258.0,1.53,0.28,-1.14,6.18,0.72,39.09,1260.0,1258.0,1230.0,1260.0,1277.0,1227.0,1100.5,1146.69,1100.2,1100.2,8,B,67.34,60.45,9.24,61.79,1184.82,1167.52,1083.07,+1.39σ,0.91,陰線→陽線 / はらみ足 / 2～5日下落後の陽線,通常,買い,アンチ,1,0.0,1199.36,1375.27,2.0,直近2～5日まで下落、%K反転、%D方向改善、2～5日下落後の陽線,,https://finance.yahoo.co.jp/quote/8012.T
2026-08-13,8399,琉球銀行,プライム,3195.0,4.58,3.23,6.89,9.07,1.44,107.63,3120.0,3215.0,3060.0,3215.0,3215.0,2989.0,2681.0,2867.18,2763.36,2763.36,8,B,93.71,66.96,-0.3,69.34,2929.36,2671.51,2273.58,+2.16σ,1.43,陰線→陽線,なし,買い,底固め,1,0.0,2989.0,3607.0,2.0,%K反転、%D方向改善、出来高増加を伴う反転、直近下落なし（B以下に制限）、直近安値切り上げ、BB幅収縮、出来高減少後の増加、RSI安値切り上げ、レンジ上限突破,,https://finance.yahoo.co.jp/quote/8399.T
2026-08-13,3853,アステリア,プライム,1170.0,3.36,9.35,5.98,7.4,0.88,57.04,1147.0,1180.0,1130.0,1180.0,1180.0,1063.0,989.0,1042.33,1000.01,1000.01,8,B,92.65,66.63,18.18,53.5,1089.36,1460.84,1332.17,+2.02σ,1.59,陰線→陽線,なし,買い,底固め,1,0.0,1063.0,1384.0,2.0,%K反転、%D方向改善、出来高増加を伴う反転、直近下落なし（B以下に制限）、直近安値切り上げ、ATR低下、RSI安値切り上げ、レンジ上限突破,,https://finance.yahoo.co.jp/quote/3853.T
2026-08-13,6324,ハーモニック・ドライブ・システムズ,プライム,6750.0,5.47,-5.73,-8.66,-0.48,0.74,594.24,6510.0,6800.0,6360.0,6800.0,7160.0,6230.0,5260.0,6037.44,5484.38,5484.38,8,B,41.6,59.65,5.46,49.31,6782.8,6900.73,4866.04,+0.29σ,0.79,陰線→陽線 / 2～5日下落後の陽線,通常,買い,アンチ,1,0.0,5858.64,8532.72,2.0,直近2～5日まで下落、%K反転、%D方向改善、2～5日下落後の陽線,,https://finance.yahoo.co.jp/quote/6324.T
2026-08-13,5831,しずおかフィナンシャルグループ,プライム,3480.0,2.29,1.96,8.04,5.33,0.82,109.55,3436.0,3480.0,3390.0,3480.0,3480.0,3239.0,3052.0,3200.75,3099.36,3099.36,8,B,100.0,55.87,7.67,63.14,3304.04,3066.34,2727.02,+1.75σ,1.05,長い下ヒゲ（ハンマー）,なし,買い,底固め,1,0.0,3239.0,3962.0,2.0,%K反転、%D方向改善、長い下ヒゲ反転、直近下落なし（B以下に制限）、直近安値切り上げ、BB幅収縮、RSI安値切り上げ、レンジ上限突破,,https://finance.yahoo.co.jp/quote/5831.T
2026-08-13,4997,日本農薬,プライム,1184.0,2.69,4.59,10.55,11.53,1.15,29.65,1181.0,1184.0,1150.0,1184.0,1184.0,1064.0,970.0,1024.55,974.34,974.34,8,除外,100.0,68.54,5.49,75.59,1061.56,1021.43,997.25,+2.18σ,1.07,陰線→陽線 / 前日安値割れ反転,通常,買い,底固め / アンチ,2,0.0,1064.0,1424.0,2.0,%K反転、%D方向改善、長い下ヒゲ反転、直近下落なし（B以下に制限）、直近安値切り上げ、RSI安値切り上げ、レンジ上限突破,急騰済み（25日線上方乖離、高RSI）,https://finance.yahoo.co.jp/quote/4997.T
2026-08-13,6361,荏原製作所,プライム,5906.0,3.2,3.87,-1.88,4.04,0.65,332.94,5733.0,5957.0,5740.0,5957.0,5957.0,5521.0,4708.0,5295.31,4973.72,4973.72,8,B,73.06,69.3,10.51,53.78,5676.84,5726.31,4980.5,+0.90σ,0.8,2～5日下落後の陽線,強,買い,アンチ,1,0.0,5406.59,6904.83,2.0,直近2～5日まで下落、%K反転、%D方向改善、2～5日下落後の陽線,,https://finance.yahoo.co.jp/quote/6361.T
2026-08-13,6481,ＴＨＫ,プライム,7443.0,2.75,3.46,-0.17,5.95,0.53,441.61,7281.0,7566.0,7331.0,7566.0,7566.0,6958.0,5850.0,6525.45,6103.19,6103.19,8,B,55.1,62.65,6.91,55.34,7024.84,7147.35,5526.84,+1.17σ,0.87,2～5日下落後の陽線,通常,買い,アンチ,1,0.0,6780.58,8767.83,2.0,直近2～5日まで下落、%K反転、%D方向改善、2～5日下落後の陽線,,https://finance.yahoo.co.jp/quote/6481.T
2026-08-13,2986,ＬＡホールディングス,グロース,2804.0,1.41,5.65,3.32,2.0,0.95,88.54,2829.0,2809.0,2725.0,2829.0,2829.0,2642.0,2622.0,2678.47,2631.95,2631.95,8,B,86.63,53.95,9.16,54.11,2749.0,2842.84,2875.1,+1.70σ,1.45,はらみ足,なし,買い,底固め,1,0.0,2642.0,3128.0,2.0,%K反転、%D方向改善、出来高増加を伴う反転、直近下落なし（B以下に制限）、直近安値切り上げ、ATR低下、BB幅収縮、RSI安値切り上げ,,https://finance.yahoo.co.jp/quote/2986.T
2026-08-13,6472,ＮＴＮ,プライム,389.9,0.44,-0.56,0.59,1.61,0.43,14.28,389.9,391.2,385.0,391.2,395.8,380.9,354.2,373.9,364.53,364.53,8,B,64.05,72.07,6.97,50.04,383.73,404.98,380.07,+0.71σ,0.68,長い下ヒゲ（ハンマー）,通常,買い,底固め / アンチ,2,0.0,368.48,432.73,2.0,%K反転、%D方向改善、長い下ヒゲ反転、直近下落なし（B以下に制限）、直近安値切り上げ、BB幅収縮、RSI安値切り上げ,,https://finance.yahoo.co.jp/quote/6472.T
2026-08-13,6309,巴工業,プライム,1941.0,0.15,-0.1,2.81,1.84,0.45,35.45,1949.0,1949.0,1933.0,1949.0,1966.0,1895.0,1856.0,1891.86,1869.81,1869.81,8,B,76.19,61.4,8.53,59.64,1905.92,1812.45,1829.1,+1.23σ,0.53,陰線→陽線 / はらみ足 / 長い下ヒゲ（ハンマー）,通常,買い,底固め / アンチ,2,0.0,1887.82,2047.35,2.0,%K反転、%D方向改善、長い下ヒゲ反転、直近下落なし（B以下に制限）、直近安値切り上げ、BB幅収縮、RSI安値切り上げ,,https://finance.yahoo.co.jp/quote/6309.T
2026-08-13,5985,サンコール,スタンダード,2029.0,1.76,39.93,41.69,44.15,1.24,149.7,2067.0,2078.0,1892.0,2078.0,2078.0,1272.0,1055.0,1142.0,893.69,893.69,8,除外,93.92,83.66,24.82,72.07,1407.52,1613.55,1368.24,+2.57σ,2.15,長い下ヒゲ（ハンマー）,通常,買い,アンチ,1,0.0,1272.0,3543.0,2.0,%K反転、%D方向改善、長い下ヒゲ反転、出来高増加を伴う反転、直近下落なし（B以下に制限）,急騰済み（3営業日急騰、5営業日急騰、25日線上方乖離、高RSI、BB +2σ大幅超過）,https://finance.yahoo.co.jp/quote/5985.T
2026-08-13,4575,キャンバス,グロース,767.0,3.09,1.86,3.79,4.67,1.28,38.15,757.0,773.0,724.0,773.0,773.0,720.0,668.0,711.33,686.42,686.42,8,B,88.68,71.95,10.72,59.71,732.76,655.57,760.52,+1.23σ,0.87,陰線→陽線 / 長い下ヒゲ（ハンマー） / 前日安値割れ反転,通常,買い,底固め / アンチ,2,0.0,709.78,881.44,2.0,%K反転、%D方向改善、長い下ヒゲ反転、直近下落なし（B以下に制限）、直近安値切り上げ、BB幅収縮、RSI安値切り上げ、レンジ上限突破,,https://finance.yahoo.co.jp/quote/4575.T
2026-08-13,6923,スタンレー電気,プライム,3648.0,1.0,2.91,4.11,3.61,1.13,89.94,3661.0,3657.0,3555.0,3661.0,3661.0,3483.0,3367.0,3465.38,3405.21,3405.21,8,B,95.58,52.96,1.35,59.94,3520.8,3489.21,3219.71,+2.04σ,0.74,陰線→陽線 / 強気包み足 / 前日安値割れ反転,通常,買い,アンチ,1,0.0,3483.0,3978.0,2.0,%K反転、陽の包み足、長い下ヒゲ反転、直近下落なし（B以下に制限）,,https://finance.yahoo.co.jp/quote/6923.T
2026-08-13,3810,サイバーステップホールディングス,スタンダード,190.0,7.34,4.4,7.34,8.87,1.46,15.12,184.0,197.0,175.0,197.0,197.0,168.0,146.0,155.52,142.83,142.83,8,B,75.86,67.43,11.02,56.93,174.52,211.99,264.98,+1.72σ,1.56,陰線→陽線,強,買い,底固め / アンチ,2,0.0,167.32,235.36,2.0,%K反転、%D方向改善、出来高増加を伴う反転、直近下落なし（B以下に制限）、直近安値切り上げ、ATR低下、出来高減少後の増加、RSI安値切り上げ,,https://finance.yahoo.co.jp/quote/3810.T
2026-08-13,8267,イオン,プライム,1396.0,0.18,0.36,5.36,0.99,0.48,44.08,1411.5,1398.5,1377.5,1411.5,1411.5,1325.5,1306.5,1344.15,1313.5,1313.5,8,B,83.42,49.41,1.82,52.78,1382.32,1408.01,1928.72,+0.69σ,0.82,陰線→陽線 / 長い下ヒゲ（ハンマー） / 前日安値割れ反転,通常,買い,底固め / アンチ,2,0.0,1325.5,1537.0,2.0,%K反転、%D方向改善、長い下ヒゲ反転、直近下落なし（B以下に制限）、直近安値切り上げ、BB幅収縮、RSI安値切り上げ,,https://finance.yahoo.co.jp/quote/8267.T
2026-08-13,8316,三井住友フィナンシャルグループ,プライム,6969.0,1.63,2.76,4.55,1.37,0.78,193.65,6871.0,6980.0,6829.0,6980.0,6980.0,6595.0,6420.0,6675.23,6473.47,6473.47,8,B,97.83,47.5,6.43,56.3,6874.92,6348.28,5577.04,+0.46σ,0.9,長い下ヒゲ（ハンマー）,なし,買い,底固め,1,0.0,6595.0,7717.0,2.0,%K反転、%D方向改善、長い下ヒゲ反転、直近下落なし（B以下に制限）、直近安値切り上げ、BB幅収縮、RSI安値切り上げ、レンジ上限突破,,https://finance.yahoo.co.jp/quote/8316.T
2026-08-13,3465,ケイアイスター不動産,プライム,3825.0,4.08,5.81,8.82,5.28,1.32,106.27,3765.0,3885.0,3745.0,3885.0,3885.0,3535.0,3395.0,3524.94,3433.63,3433.63,8,除外,86.96,52.73,14.76,62.96,3633.0,3551.27,3346.35,+2.29σ,2.81,陰線→陽線,通常,買い,底固め / アンチ,2,0.0,3535.0,4405.0,2.0,%K反転、%D方向改善、出来高増加を伴う反転、直近下落なし（B以下に制限）、直近安値切り上げ、RSI安値切り上げ、レンジ上限突破,急騰済み（BB +2σ大幅超過）,https://finance.yahoo.co.jp/quote/3465.T
2026-08-13,2220,亀田製菓,プライム,1315.0,0.54,1.15,6.82,3.89,1.15,32.04,1309.0,1318.0,1281.0,1318.0,1318.0,1235.0,1208.0,1233.32,1204.39,1204.39,8,B,97.17,63.69,6.99,61.54,1265.72,1268.64,1325.83,+1.82σ,1.16,強気包み足 / 前日安値割れ反転,なし,買い,底固め,1,0.0,1235.0,1475.0,2.0,%D方向改善、陽の包み足、長い下ヒゲ反転、直近下落なし（B以下に制限）、直近安値切り上げ、BB幅収縮、RSI安値切り上げ、レンジ上限突破,,https://finance.yahoo.co.jp/quote/2220.T
2026-08-13,9042,阪急阪神ホールディングス,プライム,4644.0,0.41,0.85,4.2,-1.21,0.48,128.3,4640.0,4695.0,4633.0,4695.0,4695.0,4456.0,4428.0,4539.08,4373.65,4373.65,8,B,80.9,31.98,-11.03,50.22,4700.96,4572.28,4375.0,-0.37σ,0.6,なし,なし,買い,底固め,1,0.0,4451.54,5028.91,2.0,ストキャス売られ過ぎから反転、%K反転、直近下落なし（B以下に制限）、直近安値切り上げ、BB幅収縮、RSI安値切り上げ,,https://finance.yahoo.co.jp/quote/9042.T
2026-08-13,7685,ＢｕｙＳｅｌｌ　Ｔｅｃｈｎｏｌｏｇｉｅｓ,グロース,3305.0,-0.3,8.01,5.59,1.69,0.59,152.18,3340.0,3320.0,3230.0,3340.0,3340.0,2968.0,2910.0,2990.87,2810.24,2810.24,8,B,90.93,50.97,21.09,53.73,3250.2,3452.53,2879.96,+0.74σ,1.25,強気包み足 / はらみ足 / 長い下ヒゲ（ハンマー）,なし,買い,底固め,1,0.0,2968.0,3979.0,2.0,%D方向改善、陽の包み足、長い下ヒゲ反転、直近下落なし（B以下に制限）、直近安値切り上げ、ATR低下、RSI安値切り上げ,,https://finance.yahoo.co.jp/quote/7685.T
2026-08-13,7181,かんぽ生命保険,プライム,1676.5,1.61,-6.24,-2.59,-1.5,0.63,54.82,1657.0,1678.5,1644.0,1678.5,1678.5,1603.0,1597.0,1663.36,1608.38,1608.38,8,B,39.73,44.97,-19.07,49.3,1701.98,1580.35,1555.87,-0.76σ,1.07,なし,なし,買い,BB逆張り,1,0.0,1594.26,1840.97,2.0,BB -1σ以下から反発、ストキャス売られ過ぎから反転、%K反転、直近下落なし（B以下に制限）,,https://finance.yahoo.co.jp/quote/7181.T
2026-08-13,2489,アドウェイズ,スタンダード,386.0,10.29,24.12,22.54,22.15,2.9,15.53,378.0,395.0,350.0,395.0,395.0,306.0,302.0,300.35,282.16,282.16,8,除外,89.89,72.42,3.43,81.55,316.0,291.49,281.73,+3.71σ,7.83,強気包み足,強,買い,アンチ,1,0.0,306.0,546.0,2.0,%K反転、陽の包み足、出来高増加を伴う反転、直近下落なし（B以下に制限）,急騰済み（当日急騰、3営業日急騰、5営業日急騰、25日線上方乖離、高RSI、BB +2σ大幅超過、ストップ高に近い急騰）,https://finance.yahoo.co.jp/quote/2489.T
2026-08-13,7537,丸文,プライム,1844.0,2.79,4.71,2.84,8.89,0.63,77.56,1843.0,1852.0,1803.0,1852.0,1852.0,1724.0,1515.0,1629.81,1555.12,1555.12,8,B,97.04,76.77,12.21,60.76,1693.4,1617.33,1369.98,+1.87σ,1.35,陰線→陽線,通常,買い,底固め / アンチ,2,0.0,1724.0,2084.0,2.0,%K反転、%D方向改善、出来高増加を伴う反転、直近下落なし（B以下に制限）、直近安値切り上げ、RSI安値切り上げ、レンジ上限突破,,https://finance.yahoo.co.jp/quote/7537.T
2026-08-13,2168,パソナグループ,プライム,1629.0,-0.37,1.88,4.22,3.68,0.86,36.06,1643.0,1639.0,1608.0,1643.0,1643.0,1559.0,1514.0,1553.47,1527.49,1527.49,8,B,85.11,55.71,4.02,63.43,1571.2,1574.56,1809.64,+1.91σ,0.77,強気包み足 / 長い下ヒゲ（ハンマー）,なし,買い,底固め,1,0.0,1559.0,1769.0,2.0,%D方向改善、陽の包み足、長い下ヒゲ反転、直近下落なし（B以下に制限）、直近安値切り上げ、BB幅収縮、RSI安値切り上げ,,https://finance.yahoo.co.jp/quote/2168.T
2026-08-13,7721,東京計器,プライム,7450.0,2.05,3.33,0.0,9.78,0.83,411.81,7800.0,7580.0,7240.0,7800.0,7800.0,7050.0,5940.0,6478.56,6075.61,6075.61,8,B,65.35,71.34,5.16,61.32,6786.4,6547.07,6674.88,+1.41σ,0.83,陰線→陽線 / はらみ足 / 2～5日下落後の陽線,通常,買い,アンチ,1,0.0,6832.28,8685.44,2.0,直近2～5日まで下落、%K反転、%D方向改善、2～5日下落後の陽線,,https://finance.yahoo.co.jp/quote/7721.T
2026-08-13,4099,四国化成ホールディングス,プライム,3025.0,4.56,2.44,-3.66,7.77,0.87,225.0,3025.0,3180.0,2985.0,3180.0,3180.0,2770.0,2112.0,2560.33,2336.86,2336.86,8,B,61.17,71.94,10.67,54.16,2807.0,2980.93,2268.34,+1.08σ,1.95,なし,通常,買い,底固め / アンチ,2,0.0,2687.51,3699.99,2.0,直近2～5日まで下落、%K反転、%D方向改善、直近安値切り上げ、BB幅収縮、RSI安値切り上げ,,https://finance.yahoo.co.jp/quote/4099.T
2026-08-13,6958,日本シイエムケイ,プライム,762.0,2.42,8.39,13.73,16.39,0.73,37.04,760.0,774.0,747.0,774.0,774.0,677.0,564.0,610.93,562.75,562.75,8,除外,91.95,77.19,19.93,67.84,654.68,678.12,585.98,+2.14σ,0.99,長い下ヒゲ（ハンマー）,なし,買い,底固め,1,0.0,677.0,932.0,2.0,%K反転、%D方向改善、長い下ヒゲ反転、直近下落なし（B以下に制限）、直近安値切り上げ、RSI安値切り上げ、レンジ上限突破,急騰済み（25日線上方乖離）,https://finance.yahoo.co.jp/quote/6958.T
2026-08-13,4506,住友ファーマ,プライム,1362.5,0.93,5.21,6.99,3.72,0.45,52.22,1350.0,1367.0,1343.5,1367.0,1367.0,1259.5,1188.0,1260.8,1227.82,1227.82,8,B,97.49,68.98,12.87,53.4,1313.68,1482.21,1954.86,+2.08σ,0.63,長い下ヒゲ（ハンマー）,なし,買い,底固め,1,0.0,1259.5,1568.5,2.0,%K反転、%D方向改善、長い下ヒゲ反転、直近下落なし（B以下に制限）、直近安値切り上げ、BB幅収縮、RSI安値切り上げ、レンジ上限突破,,https://finance.yahoo.co.jp/quote/4506.T
2026-08-13,2395,新日本科学,プライム,1497.0,0.81,1.84,10.89,12.93,0.7,49.88,1497.0,1499.0,1464.0,1499.0,1524.0,1350.0,1224.0,1257.08,1173.56,1173.56,8,除外,91.0,61.2,1.25,75.28,1325.64,1242.03,1479.61,+1.87σ,0.71,陰線→陽線 / 長い下ヒゲ（ハンマー）,通常,買い,底固め / アンチ,2,0.0,1350.0,1791.0,2.0,%K反転、%D方向改善、長い下ヒゲ反転、直近下落なし（B以下に制限）、直近安値切り上げ、BB幅収縮、RSI安値切り上げ,急騰済み（25日線上方乖離、高RSI）,https://finance.yahoo.co.jp/quote/2395.T
2026-08-13,6890,フェローテック,スタンダード,9230.0,3.24,6.58,-1.49,11.04,0.55,702.93,9160.0,9540.0,9150.0,9540.0,9540.0,8350.0,6750.0,7536.65,6788.3,6788.3,8,除外,75.59,66.72,9.85,55.71,8312.0,8745.6,6803.78,+1.26σ,0.52,なし,通常,買い,底固め / アンチ,2,0.0,8175.6,11338.79,2.0,直近2～5日まで下落、%K反転、%D方向改善、直近安値切り上げ、BB幅収縮、RSI安値切り上げ,急騰済み（25日線上方乖離）,https://finance.yahoo.co.jp/quote/6890.T
2026-08-13,4169,ＥＮＥＣＨＡＮＧＥ,グロース,313.0,13.41,25.7,29.34,34.29,2.49,22.11,331.0,328.0,273.0,331.0,331.0,212.0,208.0,213.61,188.32,188.32,8,除外,84.87,82.96,8.21,77.15,233.08,235.15,265.44,+2.93σ,5.17,陰線→陽線 / 前日安値割れ反転,強,買い,アンチ,1,0.0,212.0,515.0,2.0,%K反転、%D方向改善、長い下ヒゲ反転、出来高増加を伴う反転、直近下落なし（B以下に制限）,急騰済み（当日急騰、3営業日急騰、5営業日急騰、25日線上方乖離、高RSI、BB +2σ大幅超過、ストップ高に近い急騰）,https://finance.yahoo.co.jp/quote/4169.T
2026-08-13,6858,小野測器,スタンダード,858.0,1.9,2.88,0.0,1.39,0.41,31.34,850.0,858.0,845.0,858.0,858.0,825.0,753.0,805.29,768.88,768.88,8,B,92.0,66.5,23.2,52.19,846.24,852.56,770.35,+0.45σ,0.26,陰線→陽線 / 2～5日下落後の陽線,通常,買い,アンチ,1,0.0,810.98,952.03,2.0,直近2～5日まで下落、%K反転、%D方向改善、2～5日下落後の陽線,,https://finance.yahoo.co.jp/quote/6858.T
2026-08-13,3103,ユニチカ,スタンダード,1350.0,22.5,32.09,33.8,43.18,2.17,126.98,1183.0,1370.0,1095.0,1370.0,1370.0,909.0,741.0,790.82,632.79,632.79,8,除外,96.06,70.41,19.0,63.74,942.88,1312.64,1013.12,+2.54σ,5.03,陰線→陽線,強,買い,底固め / アンチ,2,0.0,909.0,2232.0,2.0,%K反転、%D方向改善、出来高増加を伴う反転、直近下落なし（B以下に制限）、直近安値切り上げ、RSI安値切り上げ、レンジ上限突破,急騰済み（当日急騰、3営業日急騰、5営業日急騰、25日線上方乖離、BB +2σ大幅超過、ストップ高に近い急騰）,https://finance.yahoo.co.jp/quote/3103.T
2026-08-13,6855,日本電子材料,スタンダード,6940.0,3.74,7.6,-4.67,7.14,0.45,572.92,6770.0,7040.0,6780.0,7040.0,7200.0,6230.0,4860.0,5753.12,5174.74,5174.74,8,B,68.64,66.56,12.45,53.24,6477.6,7253.07,5969.35,+1.05σ,0.89,2～5日下落後の陽線,強,買い,アンチ,1,0.0,6080.63,8658.75,2.0,直近2～5日まで下落、%K反転、%D方向改善、2～5日下落後の陽線,,https://finance.yahoo.co.jp/quote/6855.T
2026-08-13,5384,フジミインコーポレーテッド,プライム,4100.0,2.24,4.73,-8.69,1.98,0.42,259.85,4030.0,4135.0,4025.0,4135.0,4135.0,3845.0,3425.0,3770.3,3541.35,3541.35,8,B,36.96,50.56,3.67,51.32,4020.4,3956.41,3148.1,+0.44σ,0.8,2～5日下落後の陽線,通常,買い,アンチ,1,0.0,3710.23,4879.55,2.0,直近2～5日まで下落、%K反転、%D方向改善、2～5日下落後の陽線,,https://finance.yahoo.co.jp/quote/5384.T
2026-08-13,3176,三洋貿易,プライム,1125.0,5.34,5.24,13.87,25.13,1.59,35.94,1099.0,1128.0,1071.0,1128.0,1128.0,989.0,809.0,819.45,717.96,717.96,8,除外,98.24,90.1,1.98,85.05,899.04,819.32,809.52,+2.01σ,1.84,陰線→陽線,強,買い,底固め / アンチ,2,0.0,989.0,1397.0,2.0,%K反転、%D方向改善、出来高増加を伴う反転、直近下落なし（B以下に制限）、直近安値切り上げ、RSI安値切り上げ、レンジ上限突破,急騰済み（25日線上方乖離、高RSI）,https://finance.yahoo.co.jp/quote/3176.T
2026-08-13,6594,ニデック,プライム,2778.0,1.61,2.43,-0.25,5.97,0.56,101.99,2768.0,2811.0,2754.0,2811.0,2811.0,2665.0,2406.0,2514.72,2408.09,2408.09,8,B,80.0,76.97,2.15,59.26,2621.44,2650.57,2365.35,+1.47σ,0.42,陰線→陽線 / 2～5日下落後の陽線,強,買い,アンチ,1,0.0,2625.01,3083.98,2.0,直近2～5日まで下落、%K反転、%D方向改善、2～5日下落後の陽線,,https://finance.yahoo.co.jp/quote/6594.T
2026-08-13,4593,ヘリオス,グロース,279.0,9.84,12.96,10.28,11.8,1.81,13.8,261.0,280.0,255.0,280.0,280.0,243.0,208.0,230.74,213.54,213.54,8,除外,97.83,73.29,24.2,61.41,249.56,281.76,350.4,+1.80σ,2.89,陰線→陽線,通常,買い,底固め / アンチ,2,0.0,243.0,351.0,2.0,%K反転、%D方向改善、出来高増加を伴う反転、直近下落なし（B以下に制限）、直近安値切り上げ、出来高減少後の増加、RSI安値切り上げ、レンジ上限突破,急騰済み（当日急騰、3営業日急騰、25日線上方乖離、ストップ高に近い急騰）,https://finance.yahoo.co.jp/quote/4593.T
2026-08-13,3101,東洋紡,プライム,1639.0,1.49,1.36,-3.08,0.02,0.49,79.75,1632.0,1658.0,1619.0,1658.0,1658.0,1500.0,1437.0,1536.87,1459.54,1459.54,8,B,55.82,54.06,10.8,50.71,1638.72,1657.45,1460.88,+0.32σ,0.63,2～5日下落後の陽線,強,買い,アンチ,1,0.0,1500.0,1917.0,2.0,直近2～5日まで下落、%K反転、%D方向改善、2～5日下落後の陽線,,https://finance.yahoo.co.jp/quote/3101.T
2026-08-13,6619,ダブル・スコープ,プライム,161.0,2.55,5.23,2.55,1.28,0.43,9.27,159.0,161.0,157.0,161.0,162.0,148.0,139.0,147.01,138.97,138.97,8,B,92.86,63.79,23.92,46.85,158.96,214.69,202.86,+0.74σ,0.91,陰線→陽線 / 長い下ヒゲ（ハンマー）,通常,買い,底固め / アンチ,2,0.0,147.09,188.81,2.0,%K反転、%D方向改善、長い下ヒゲ反転、直近下落なし（B以下に制限）、直近安値切り上げ、ATR低下、RSI安値切り上げ,,https://finance.yahoo.co.jp/quote/6619.T
2026-08-13,8194,ライフコーポレーション,プライム,2599.0,0.08,-0.91,5.05,3.53,0.39,63.79,2620.0,2608.0,2583.0,2620.0,2629.0,2553.0,2418.0,2459.39,2394.38,2394.38,7,C,73.66,62.93,-2.26,56.61,2510.28,2532.0,2548.34,+1.15σ,0.63,陰線→陽線 / はらみ足 / 長い下ヒゲ（ハンマー）,なし,買い,底固め,1,0.0,2503.32,2790.36,2.0,%K反転、長い下ヒゲ反転、直近下落なし（B以下に制限）、直近安値切り上げ、BB幅収縮、RSI安値切り上げ,,https://finance.yahoo.co.jp/quote/8194.T
2026-08-13,8060,キヤノンマーケティングジャパン,プライム,3682.0,0.14,0.44,2.14,2.88,0.6,73.3,3700.0,3689.0,3645.0,3700.0,3700.0,3594.0,3420.0,3543.79,3490.88,3490.88,7,C,90.16,80.34,3.57,63.83,3579.04,3562.93,3465.65,+1.61σ,0.72,陰線→陽線 / 前日安値割れ反転,通常,買い,底固め / アンチ,2,0.0,3572.05,3901.91,2.0,%K反転、長い下ヒゲ反転、直近下落なし（B以下に制限）、直近安値切り上げ、BB幅収縮、RSI安値切り上げ,,https://finance.yahoo.co.jp/quote/8060.T
2026-08-13,9031,西日本鉄道,プライム,3023.0,0.77,1.0,3.69,-1.47,0.78,69.6,3048.0,3048.0,2994.0,3048.0,3048.0,2922.5,2903.5,2995.02,2908.34,2908.34,7,C,67.71,29.91,-12.09,49.57,3068.2,2919.87,2867.64,-0.68σ,0.93,前日安値割れ反転,なし,買い,底固め,1,0.0,2918.6,3231.79,2.0,%K反転、長い下ヒゲ反転、直近下落なし（B以下に制限）、直近安値切り上げ、BB幅収縮、RSI安値切り上げ,,https://finance.yahoo.co.jp/quote/9031.T
2026-08-13,9009,京成電鉄,プライム,1273.5,-0.24,-1.09,1.47,0.46,0.63,31.55,1291.0,1277.5,1257.5,1291.0,1291.0,1246.5,1213.5,1251.72,1229.76,1229.76,7,C,66.94,49.24,-9.03,56.37,1267.64,1157.49,1221.25,-0.01σ,0.71,陰線→陽線 / 長い下ヒゲ（ハンマー）,なし,買い,底固め,1,0.0,1226.18,1368.14,2.0,%K反転、長い下ヒゲ反転、直近下落なし（B以下に制限）、直近安値切り上げ、BB幅収縮、RSI安値切り上げ,,https://finance.yahoo.co.jp/quote/9009.T
2026-08-13,9470,学研ホールディングス,プライム,1028.0,0.1,2.49,3.42,0.95,0.67,16.36,1032.0,1030.0,1019.0,1032.0,1043.0,991.0,989.0,1004.18,991.11,991.11,7,C,71.7,42.7,-0.01,56.45,1018.28,989.56,1035.38,+0.82σ,0.73,前日安値割れ反転,なし,買い,底固め,1,0.0,991.0,1102.0,2.0,%K反転、長い下ヒゲ反転、直近下落なし（B以下に制限）、直近安値切り上げ、BB幅収縮、RSI安値切り上げ,,https://finance.yahoo.co.jp/quote/9470.T
2026-08-13,8129,東邦ホールディングス,プライム,3817.0,1.03,0.5,5.65,-4.12,0.52,122.32,3831.0,3824.0,3760.0,3831.0,3837.0,3672.0,3574.0,3802.63,3624.61,3624.61,7,C,59.12,30.39,-12.5,43.0,3981.12,4068.11,4487.33,-0.92σ,0.68,陰線→陽線 / 前日安値割れ反転,なし,買い,BB逆張り,1,0.0,3633.52,4183.96,2.0,BB -1σ以下から反発、%K反転、長い下ヒゲ反転、直近下落なし（B以下に制限）,,https://finance.yahoo.co.jp/quote/8129.T
2026-08-13,8572,アコム,スタンダード,484.2,0.31,0.21,2.04,0.01,1.05,8.48,485.2,487.7,478.8,487.7,487.7,471.5,469.2,477.92,471.45,471.45,7,C,78.13,38.93,-1.97,54.46,484.14,470.99,479.14,-0.03σ,1.0,前日安値割れ反転,なし,買い,底固め,1,0.0,471.47,509.65,2.0,%K反転、長い下ヒゲ反転、直近下落なし（B以下に制限）、直近安値切り上げ、BB幅収縮、RSI安値切り上げ,,https://finance.yahoo.co.jp/quote/8572.T
2026-08-13,3915,テラスカイ,プライム,2339.0,2.1,5.46,1.43,6.09,0.57,113.76,2314.0,2366.0,2301.0,2366.0,2366.0,2190.0,1974.0,2063.39,1955.39,1955.39,7,C,86.89,71.36,22.04,57.02,2204.68,2231.16,2052.43,+1.55σ,0.59,2～5日下落後の陽線,なし,買い,底固め,1,0.0,2168.36,2680.27,2.0,直近2～5日まで下落、%D方向改善、2～5日下落後の陽線、直近安値切り上げ、ATR低下、RSI安値切り上げ、レンジ上限突破,,https://finance.yahoo.co.jp/quote/3915.T
2026-08-13,9861,吉野家ホールディングス,プライム,3774.0,0.67,0.08,1.4,2.68,0.42,94.68,3796.0,3782.0,3742.0,3796.0,3796.0,3706.0,3473.0,3601.75,3475.45,3475.45,7,C,56.65,40.1,-15.27,60.34,3675.52,3325.28,3203.92,+0.36σ,0.86,陰線→陽線 / はらみ足 / 長い下ヒゲ（ハンマー）,なし,買い,底固め,1,0.0,3631.98,4058.04,2.0,%K反転、長い下ヒゲ反転、直近下落なし（B以下に制限）、直近安値切り上げ、BB幅収縮、RSI安値切り上げ,,https://finance.yahoo.co.jp/quote/9861.T
2026-08-13,3946,トーモク,プライム,4620.0,0.87,1.09,3.94,4.62,0.81,105.52,4685.0,4620.0,4535.0,4685.0,4685.0,4435.0,4200.0,4379.64,4266.28,4266.28,7,C,80.0,48.29,-6.84,66.19,4415.8,4016.8,3658.68,+1.12σ,0.68,陰線→陽線 / 前日安値割れ反転,なし,買い,底固め,1,0.0,4435.0,4990.0,2.0,%K反転、長い下ヒゲ反転、直近下落なし（B以下に制限）、直近安値切り上げ、BB幅収縮、RSI安値切り上げ,,https://finance.yahoo.co.jp/quote/3946.T
2026-08-13,2201,森永製菓,プライム,2553.5,0.61,-0.74,1.59,-3.61,0.47,59.6,2572.0,2556.0,2528.0,2572.0,2589.5,2474.5,2474.5,2564.47,2490.19,2490.19,7,C,56.83,26.04,-12.91,42.87,2649.0,2593.11,2666.66,-1.15σ,0.91,前日安値割れ反転,なし,買い,BB逆張り,1,0.0,2464.11,2732.29,2.0,BB -1σ以下から反発、%K反転、長い下ヒゲ反転、直近下落なし（B以下に制限）,,https://finance.yahoo.co.jp/quote/2201.T
2026-08-13,6814,古野電気,プライム,7730.0,0.78,0.26,-2.03,5.93,0.59,356.49,7880.0,7840.0,7630.0,7880.0,7990.0,7580.0,6780.0,7159.77,6877.53,6877.53,7,C,67.47,64.58,7.59,59.55,7297.6,6608.93,7299.9,+1.02σ,0.41,陰線→陽線 / はらみ足 / 2～5日下落後の陽線,なし,買い,底固め,1,0.0,7195.26,8799.48,2.0,直近2～5日まで下落、%D方向改善、2～5日下落後の陽線、直近安値切り上げ、BB幅収縮、RSI安値切り上げ,,https://finance.yahoo.co.jp/quote/6814.T
2026-08-13,4732,ユー・エス・エス,プライム,2007.0,0.53,1.01,3.21,0.73,0.71,38.86,2016.5,2018.5,1991.0,2018.5,2018.5,1957.5,1918.5,1962.06,1930.72,1930.72,7,C,88.5,53.32,-2.37,56.17,1992.4,1871.69,1789.36,+0.43σ,0.73,陰線→陽線 / 長い下ヒゲ（ハンマー）,なし,買い,底固め,1,0.0,1948.71,2123.58,2.0,%K反転、長い下ヒゲ反転、直近下落なし（B以下に制限）、直近安値切り上げ、BB幅収縮、RSI安値切り上げ,,https://finance.yahoo.co.jp/quote/4732.T
2026-08-13,4478,フリー,グロース,2844.0,1.14,4.1,6.8,13.08,0.97,134.77,2821.0,2876.0,2745.0,2876.0,2876.0,2517.0,2262.0,2430.69,2287.09,2287.09,7,除外,91.77,76.22,-0.39,72.55,2515.0,2259.36,2543.53,+1.88σ,1.84,強気包み足,なし,買い,底固め,1,0.0,2517.0,3498.0,2.0,陽の包み足、出来高増加を伴う反転、直近下落なし（B以下に制限）、直近安値切り上げ、BB幅収縮、RSI安値切り上げ、レンジ上限突破,急騰済み（25日線上方乖離、高RSI）,https://finance.yahoo.co.jp/quote/4478.T
2026-08-13,4403,日油,プライム,2760.0,0.33,-0.45,3.47,0.06,0.82,79.13,2778.5,2792.5,2728.0,2792.5,2792.5,2584.5,2510.5,2722.6,2686.13,2686.13,7,C,80.61,62.42,-3.69,50.79,2758.24,2793.25,2945.92,+0.03σ,0.97,前日安値割れ反転,なし,買い,底固め,1,0.0,2584.5,3111.0,2.0,%K反転、長い下ヒゲ反転、直近下落なし（B以下に制限）、直近安値切り上げ、BB幅収縮、RSI安値切り上げ,,https://finance.yahoo.co.jp/quote/4403.T
2026-08-13,7226,極東開発工業,プライム,2328.0,0.13,-0.3,2.37,0.42,0.52,43.82,2342.0,2338.0,2315.0,2342.0,2357.0,2278.0,2266.0,2305.58,2279.27,2279.27,7,C,52.34,41.41,-4.87,55.5,2318.28,2290.2,2743.08,-0.15σ,1.14,前日安値割れ反転,なし,買い,底固め,1,0.0,2262.27,2459.45,2.0,%K反転、長い下ヒゲ反転、直近下落なし（B以下に制限）、直近安値切り上げ、BB幅収縮、RSI安値切り上げ,,https://finance.yahoo.co.jp/quote/7226.T
2026-08-13,4272,日本化薬,プライム,2127.5,1.07,4.67,4.88,7.03,0.6,49.11,2130.0,2129.5,2100.0,2130.0,2130.0,2019.0,1858.0,1932.78,1875.92,1875.92,7,除外,99.08,68.55,16.4,70.67,1987.74,2002.51,1818.72,+2.42σ,0.67,強気包み足 / はらみ足,通常,買い,アンチ,1,0.0,2019.0,2344.5,2.0,%K反転、%D方向改善、陽の包み足、直近下落なし（B以下に制限）,急騰済み（BB +2σ大幅超過）,https://finance.yahoo.co.jp/quote/4272.T
2026-08-13,7242,カヤバ,プライム,4545.0,0.22,0.0,2.48,4.2,0.68,117.81,4675.0,4595.0,4515.0,4675.0,4675.0,4410.0,4130.0,4299.58,4176.66,4176.66,7,C,54.05,59.81,-10.93,62.97,4362.0,4179.6,4379.58,+1.00σ,0.62,前日安値割れ反転,なし,買い,底固め,1,0.0,4368.29,4898.43,2.0,%K反転、長い下ヒゲ反転、直近下落なし（B以下に制限）、直近安値切り上げ、BB幅収縮、RSI安値切り上げ,,https://finance.yahoo.co.jp/quote/7242.T
2026-08-13,7071,アンビスホールディングス,プライム,389.0,0.52,-1.27,2.37,2.99,0.84,14.26,395.0,392.0,380.0,395.0,399.0,377.0,360.0,371.97,363.49,363.49,7,C,60.0,57.57,4.04,57.49,377.72,364.69,432.48,+1.01σ,1.24,前日安値割れ反転,強,買い,底固め / アンチ,2,0.0,367.61,431.77,2.0,%K反転、長い下ヒゲ反転、直近下落なし（B以下に制限）、直近安値切り上げ、BB幅収縮、RSI安値切り上げ,,https://finance.yahoo.co.jp/quote/7071.T
2026-08-13,3034,クオールホールディングス,プライム,2470.0,1.77,17.96,22.46,16.28,1.34,86.82,2474.0,2500.0,2384.0,2500.0,2563.0,2016.0,1997.0,2012.79,1881.43,1881.43,7,除外,83.57,41.54,-2.96,78.46,2124.12,1933.67,1997.82,+2.48σ,0.95,長い下ヒゲ（ハンマー）,なし,買い,底固め,1,0.0,2016.0,3378.0,2.0,%K反転、長い下ヒゲ反転、直近下落なし（B以下に制限）、直近安値切り上げ、BB幅収縮、RSI安値切り上げ,急騰済み（3営業日急騰、5営業日急騰、25日線上方乖離、高RSI、BB +2σ大幅超過）,https://finance.yahoo.co.jp/quote/3034.T
2026-08-13,5240,ｍｏｎｏＡＩ　ｔｅｃｈｎｏｌｏｇｙ,グロース,213.0,2.4,3.9,-1.84,7.16,0.45,24.25,211.0,219.0,208.0,219.0,231.0,205.0,158.0,182.51,160.23,160.23,7,C,37.04,36.67,-10.38,55.63,198.76,157.19,201.56,+0.37σ,0.14,なし,なし,買い,底固め,1,0.0,176.62,285.75,2.0,直近2～5日まで下落、%K反転、直近安値切り上げ、BB幅収縮、RSI安値切り上げ,,https://finance.yahoo.co.jp/quote/5240.T
2026-08-13,6592,マブチモーター,プライム,1697.0,0.77,2.94,2.63,3.4,0.53,35.6,1694.5,1697.0,1678.0,1697.0,1697.0,1639.0,1567.5,1617.98,1586.73,1586.73,7,C,100.0,60.58,5.92,62.0,1641.16,1592.41,1539.4,+1.53σ,1.12,陰線→陽線 / 強気包み足,通常,買い,アンチ,1,0.0,1639.0,1813.0,2.0,%K反転、%D方向改善、陽の包み足、直近下落なし（B以下に制限）,,https://finance.yahoo.co.jp/quote/6592.T
2026-08-13,5714,ＤＯＷＡホールディングス,プライム,9571.0,0.76,4.75,11.82,12.75,0.8,353.43,9662.0,9669.0,9388.0,9669.0,9669.0,8602.0,7685.0,8010.73,7495.97,7495.97,7,除外,93.78,77.62,14.67,65.99,8488.68,9333.75,8580.0,+2.03σ,0.69,強気包み足,通常,買い,アンチ,1,0.0,8602.0,11509.0,2.0,%K反転、%D方向改善、陽の包み足、直近下落なし（B以下に制限）,急騰済み（25日線上方乖離）,https://finance.yahoo.co.jp/quote/5714.T
2026-08-13,5393,ニチアス,プライム,3576.0,1.33,1.97,-1.95,3.48,0.42,139.74,3538.0,3603.0,3545.0,3603.0,3603.0,3430.0,3109.0,3282.85,3151.8,3151.8,7,C,55.45,65.45,2.14,53.51,3455.64,3539.41,2892.43,+1.24σ,0.49,陰線→陽線 / 2～5日下落後の陽線,なし,買い,底固め,1,0.0,3366.38,3995.23,2.0,直近2～5日まで下落、%D方向改善、2～5日下落後の陽線、直近安値切り上げ、BB幅収縮、RSI安値切り上げ,,https://finance.yahoo.co.jp/quote/5393.T
2026-08-13,1801,大成建設,プライム,12900.0,0.51,0.08,-0.73,-3.88,0.36,506.97,12835.0,13015.0,12835.0,13015.0,13015.0,12575.0,12445.0,12892.39,12467.79,12467.79,7,C,29.95,35.99,-5.65,42.21,13420.4,14319.67,14924.02,-0.98σ,0.89,2～5日下落後の陽線,なし,買い,BB逆張り,1,0.0,12139.54,14420.91,2.0,直近2～5日まで下落、BB -1σ以下から反発、%D方向改善、2～5日下落後の陽線,,https://finance.yahoo.co.jp/quote/1801.T
2026-08-13,9511,沖縄電力,プライム,1102.0,0.82,3.09,3.86,12.48,0.87,25.34,1093.0,1104.0,1082.0,1104.0,1104.0,1057.0,911.0,922.35,848.34,848.34,7,除外,95.74,78.55,1.27,76.2,979.76,942.37,1028.62,+1.43σ,0.68,強気包み足,強,買い,アンチ,1,0.0,1057.0,1192.0,2.0,%K反転、%D方向改善、陽の包み足、直近下落なし（B以下に制限）,急騰済み（25日線上方乖離、高RSI）,https://finance.yahoo.co.jp/quote/9511.T
2026-08-13,9506,東北電力,プライム,1238.5,1.27,1.77,4.65,6.82,0.72,25.74,1234.5,1240.5,1222.0,1240.5,1240.5,1174.5,1111.5,1142.57,1109.32,1109.32,6,除外,96.97,76.1,1.37,78.08,1159.4,1082.19,1122.08,+1.88σ,0.77,陰線→陽線,なし,買い,底固め,1,0.0,1174.5,1366.5,2.0,%K反転、%D方向改善、直近下落なし（B以下に制限）、直近安値切り上げ、RSI安値切り上げ、レンジ上限突破,急騰済み（高RSI）,https://finance.yahoo.co.jp/quote/9506.T
2026-08-13,9072,ニッコンホールディングス,プライム,5364.0,1.21,0.49,2.31,1.79,0.76,176.44,5397.0,5428.0,5294.0,5428.0,5491.0,5099.0,4910.0,5090.8,4950.5,4950.5,6,C,73.81,63.54,19.78,51.52,5269.88,5587.72,4499.42,+0.95σ,0.54,なし,通常,買い,底固め / アンチ,2,0.0,5099.0,5894.0,2.0,%K反転、%D方向改善、直近下落なし（B以下に制限）、直近安値切り上げ、BB幅収縮、RSI安値切り上げ,,https://finance.yahoo.co.jp/quote/9072.T
2026-08-13,1719,安藤・間,プライム,1881.5,0.97,1.46,3.07,2.95,0.58,35.31,1872.5,1884.0,1863.5,1884.0,1884.0,1809.0,1772.0,1809.23,1787.53,1787.53,6,除外,96.48,58.11,6.48,65.27,1827.52,1816.55,1884.78,+2.33σ,0.91,なし,なし,買い,底固め,1,0.0,1809.0,2026.5,2.0,%K反転、%D方向改善、直近下落なし（B以下に制限）、直近安値切り上げ、BB幅収縮、RSI安値切り上げ,急騰済み（BB +2σ大幅超過）,https://finance.yahoo.co.jp/quote/1719.T
2026-08-13,1721,コムシスホールディングス,プライム,5306.0,0.0,1.14,0.91,0.79,0.6,134.42,5306.0,5358.0,5277.0,5358.0,5358.0,5151.0,5083.0,5212.5,5167.05,5167.05,6,C,48.9,46.03,-2.9,51.23,5264.16,5405.01,5006.94,+1.06σ,0.85,強気包み足,なし,買い,底固め,1,0.0,5104.37,5709.25,2.0,%D方向改善、陽の包み足、直近下落なし（B以下に制限）、直近安値切り上げ、BB幅収縮、RSI安値切り上げ,,https://finance.yahoo.co.jp/quote/1721.T
2026-08-13,8934,サンフロンティア不動産,プライム,2491.0,1.59,1.34,2.34,-0.35,0.89,51.94,2485.0,2497.0,2451.0,2497.0,2497.0,2371.0,2371.0,2451.94,2404.54,2404.54,6,C,95.24,39.7,-3.55,52.02,2499.76,2450.4,2485.39,-0.18σ,0.81,陰線→陽線,なし,買い,BB逆張り,1,0.0,2371.0,2731.0,2.0,BB -1σ以下から反発、%K反転、%D方向改善、直近下落なし（B以下に制限）,,https://finance.yahoo.co.jp/quote/8934.T
2026-08-13,1822,大豊建設,スタンダード,798.0,0.88,2.97,4.18,1.18,0.73,13.63,793.0,800.0,790.0,800.0,800.0,772.0,765.0,775.3,765.95,765.95,6,C,94.29,48.4,7.24,59.07,788.68,760.11,782.47,+1.43σ,0.86,なし,なし,買い,底固め,1,0.0,772.0,850.0,2.0,%K反転、%D方向改善、直近下落なし（B以下に制限）、直近安値切り上げ、BB幅収縮、RSI安値切り上げ、レンジ上限突破,,https://finance.yahoo.co.jp/quote/1822.T
2026-08-13,1852,淺沼組,プライム,926.0,0.0,1.54,6.93,6.2,0.78,18.06,934.0,928.0,914.0,934.0,934.0,872.0,843.0,855.48,832.92,832.92,6,除外,89.33,62.82,7.34,73.57,871.96,852.76,958.01,+2.12σ,1.09,強気包み足,なし,買い,底固め,1,0.0,872.0,1034.0,2.0,%D方向改善、陽の包み足、直近下落なし（B以下に制限）、直近安値切り上げ、BB幅収縮、RSI安値切り上げ,急騰済み（高RSI）,https://finance.yahoo.co.jp/quote/1852.T
2026-08-13,8789,フィンテック　グローバル,スタンダード,149.0,7.97,11.19,12.03,12.33,2.41,3.32,141.0,150.0,142.0,150.0,150.0,133.0,126.0,129.12,124.93,124.93,6,除外,94.74,78.0,3.35,81.16,132.64,128.76,132.96,+3.75σ,7.75,なし,強,買い,底固め / アンチ,2,0.0,133.0,181.0,2.0,%K反転、%D方向改善、直近下落なし（B以下に制限）、直近安値切り上げ、BB幅収縮、RSI安値切り上げ、レンジ上限突破,急騰済み（25日線上方乖離、高RSI、BB +2σ大幅超過、ストップ高に近い急騰）,https://finance.yahoo.co.jp/quote/8789.T
2026-08-13,8714,池田泉州ホールディングス,プライム,1099.0,5.77,6.6,7.32,7.4,1.34,40.28,1042.0,1104.0,1050.0,1104.0,1104.0,1004.0,928.0,981.39,939.18,939.18,6,C,96.38,51.74,4.42,62.64,1023.24,985.81,879.07,+1.79σ,1.45,なし,なし,買い,底固め,1,0.0,1004.0,1289.0,2.0,%K反転、%D方向改善、直近下落なし（B以下に制限）、直近安値切り上げ、出来高減少後の増加、RSI安値切り上げ、レンジ上限突破,,https://finance.yahoo.co.jp/quote/8714.T
2026-08-13,8707,岩井コスモホールディングス,プライム,4415.0,1.85,2.56,2.91,3.84,0.7,114.74,4350.0,4430.0,4350.0,4430.0,4430.0,4260.0,3955.0,4166.08,4066.66,4066.66,6,C,94.44,72.69,14.4,62.78,4251.8,3982.67,3612.1,+1.50σ,0.72,陰線→陽線,なし,買い,底固め,1,0.0,4242.89,4759.21,2.0,%K反転、%D方向改善、直近下落なし（B以下に制限）、直近安値切り上げ、BB幅収縮、RSI安値切り上げ、レンジ上限突破,,https://finance.yahoo.co.jp/quote/8707.T
2026-08-13,8624,いちよし証券,プライム,1635.0,4.47,4.74,7.64,6.36,1.02,60.04,1597.0,1635.0,1574.0,1635.0,1635.0,1523.0,1423.0,1513.35,1473.64,1473.64,6,C,100.0,72.45,14.98,63.78,1537.28,1395.64,1265.45,+2.06σ,0.83,陰線→陽線,強,買い,底固め / アンチ,2,0.0,1523.0,1859.0,2.0,%K反転、%D方向改善、直近下落なし（B以下に制限）、直近安値切り上げ、BB幅収縮、RSI安値切り上げ、レンジ上限突破,,https://finance.yahoo.co.jp/quote/8624.T
2026-08-13,8614,東洋証券,プライム,687.0,2.69,2.38,3.0,3.38,1.15,15.67,678.0,687.0,669.0,687.0,687.0,665.0,633.0,660.59,651.17,651.17,6,C,100.0,65.06,7.04,62.22,664.52,637.49,658.71,+1.81σ,0.97,陰線→陽線,通常,買い,底固め / アンチ,2,0.0,663.49,734.02,2.0,%K反転、%D方向改善、直近下落なし（B以下に制限）、直近安値切り上げ、BB幅収縮、RSI安値切り上げ、レンジ上限突破,,https://finance.yahoo.co.jp/quote/8614.T
2026-08-13,3989,シェアリングテクノロジー,グロース,1466.0,-0.61,5.01,6.08,4.02,0.87,46.86,1476.0,1494.0,1453.0,1494.0,1494.0,1373.0,1308.0,1365.18,1323.12,1323.12,6,C,80.28,63.13,14.9,65.14,1409.36,1196.85,1158.98,+1.40σ,0.73,強気包み足,なし,買い,底固め,1,0.0,1373.0,1652.0,2.0,%D方向改善、陽の包み足、直近下落なし（B以下に制限）、直近安値切り上げ、BB幅収縮、RSI安値切り上げ,,https://finance.yahoo.co.jp/quote/3989.T
2026-08-13,3964,オークネット,プライム,1477.0,0.82,0.48,0.48,4.72,0.77,48.09,1485.0,1478.0,1441.0,1485.0,1490.0,1434.0,1303.0,1363.21,1314.77,1314.77,6,C,76.1,52.14,9.97,62.14,1410.44,1386.83,1200.71,+1.35σ,0.92,陰線→陽線 / 前日安値割れ反転,通常,買い,アンチ,1,0.0,1404.86,1621.28,2.0,%K反転、%D方向改善、長い下ヒゲ反転、直近下落なし（B以下に制限）,,https://finance.yahoo.co.jp/quote/3964.T
2026-08-13,3962,チェンジホールディングス,プライム,993.0,1.12,4.31,4.42,4.32,0.87,21.86,984.0,993.0,974.0,993.0,993.0,940.0,907.0,935.32,914.89,914.89,6,C,100.0,67.91,12.19,62.18,951.88,934.01,987.42,+1.82σ,1.07,なし,なし,買い,底固め,1,0.0,940.0,1099.0,2.0,%K反転、%D方向改善、直近下落なし（B以下に制限）、直近安値切り上げ、BB幅収縮、RSI安値切り上げ、レンジ上限突破,,https://finance.yahoo.co.jp/quote/3962.T
2026-08-13,6135,牧野フライス製作所,プライム,14680.0,1.1,0.55,-3.61,0.44,1.03,505.55,14590.0,15000.0,14480.0,15000.0,15000.0,14340.0,12620.0,14236.31,13901.62,13901.62,6,C,37.96,65.16,3.53,51.27,14615.2,14114.4,12353.75,+0.33σ,0.71,なし,通常,買い,アンチ,1,0.0,13921.68,16196.64,2.0,直近2～5日まで下落、%K反転、%D方向改善,,https://finance.yahoo.co.jp/quote/6135.T
2026-08-13,6047,Ｇｕｎｏｓｙ,スタンダード,397.0,1.79,8.77,7.3,1.82,1.18,13.5,390.0,400.0,384.0,400.0,400.0,364.0,345.0,346.54,321.19,321.19,6,C,91.89,75.36,17.14,52.39,389.92,449.19,513.31,+0.99σ,0.53,強気包み足,なし,買い,底固め,1,0.0,364.0,463.0,2.0,%D方向改善、陽の包み足、直近下落なし（B以下に制限）、直近安値切り上げ、ATR低下、RSI安値切り上げ、レンジ上限突破,,https://finance.yahoo.co.jp/quote/6047.T
2026-08-13,5991,日本発條,プライム,3659.0,1.47,2.98,-2.76,0.75,0.57,174.9,3606.0,3710.0,3611.0,3710.0,3710.0,3490.0,3252.0,3475.9,3355.54,3355.54,6,C,53.65,55.23,3.02,50.58,3631.84,3593.87,3025.38,+0.52σ,0.61,なし,通常,買い,アンチ,1,0.0,3396.64,4183.71,2.0,直近2～5日まで下落、%K反転、%D方向改善,,https://finance.yahoo.co.jp/quote/5991.T
2026-08-13,5844,京都フィナンシャルグループ,プライム,5000.0,5.06,7.11,6.91,7.78,1.7,133.19,4764.0,5000.0,4773.0,5000.0,5000.0,4578.0,4300.0,4487.98,4354.96,4354.96,6,除外,100.0,67.34,7.6,67.13,4638.96,4543.29,4016.55,+2.85σ,1.59,なし,なし,買い,底固め,1,0.0,4578.0,5844.0,2.0,%K反転、%D方向改善、直近下落なし（B以下に制限）、直近安値切り上げ、出来高減少後の増加、RSI安値切り上げ、レンジ上限突破,急騰済み（BB +2σ大幅超過）,https://finance.yahoo.co.jp/quote/5844.T
2026-08-13,5838,楽天銀行,プライム,5916.0,3.97,2.41,6.56,5.89,0.83,224.11,5730.0,5916.0,5729.0,5916.0,5916.0,5481.0,5173.0,5371.02,5200.74,5200.74,6,除外,100.0,62.65,6.16,60.99,5586.76,5497.92,6512.3,+2.20σ,1.17,なし,なし,買い,底固め,1,0.0,5481.0,6786.0,2.0,%K反転、%D方向改善、直近下落なし（B以下に制限）、直近安値切り上げ、BB幅収縮、RSI安値切り上げ、レンジ上限突破,急騰済み（BB +2σ大幅超過）,https://finance.yahoo.co.jp/quote/5838.T
2026-08-13,5832,ちゅうぎんフィナンシャルグループ,プライム,3535.0,3.91,4.43,5.59,6.11,0.97,103.67,3426.0,3541.0,3440.0,3541.0,3541.0,3304.0,3103.0,3266.41,3185.06,3185.06,6,除外,98.05,59.47,1.45,64.8,3331.48,3131.49,2841.2,+2.30σ,1.03,なし,なし,買い,底固め,1,0.0,3304.0,3997.0,2.0,%K反転、%D方向改善、直近下落なし（B以下に制限）、直近安値切り上げ、BB幅収縮、RSI安値切り上げ、レンジ上限突破,急騰済み（BB +2σ大幅超過）,https://finance.yahoo.co.jp/quote/5832.T
2026-08-13,8604,野村ホールディングス,プライム,1581.5,0.99,1.25,1.48,1.3,0.78,43.19,1567.0,1586.5,1553.0,1586.5,1586.5,1531.5,1455.5,1525.04,1483.9,1483.9,6,C,94.62,61.68,6.55,56.95,1561.24,1414.31,1324.31,+0.37σ,0.69,なし,なし,買い,底固め,1,0.0,1516.71,1711.08,2.0,%K反転、%D方向改善、直近下落なし（B以下に制限）、直近安値切り上げ、BB幅収縮、RSI安値切り上げ,,https://finance.yahoo.co.jp/quote/8604.T
2026-08-13,8600,トモニホールディングス,プライム,1105.0,5.64,2.5,8.55,11.48,1.43,37.01,1066.0,1109.0,1056.0,1109.0,1109.0,1015.0,903.0,965.21,921.06,921.06,6,除外,96.61,58.14,-3.82,69.12,991.24,916.36,856.58,+2.17σ,1.15,陰線→陽線,なし,買い,底固め,1,0.0,1015.0,1285.0,2.0,%K反転、%D方向改善、直近下落なし（B以下に制限）、直近安値切り上げ、RSI安値切り上げ、レンジ上限突破,急騰済み（25日線上方乖離）,https://finance.yahoo.co.jp/quote/8600.T
2026-08-13,8570,イオンフィナンシャルサービス,プライム,1645.0,1.01,1.67,6.37,4.99,0.97,33.38,1644.5,1653.5,1621.0,1653.5,1653.5,1541.5,1515.5,1541.43,1508.57,1508.57,6,C,93.44,65.1,2.56,69.61,1566.76,1530.09,1588.42,+2.15σ,0.87,なし,通常,買い,底固め / アンチ,2,0.0,1541.5,1852.0,2.0,%K反転、%D方向改善、直近下落なし（B以下に制限）、直近安値切り上げ、BB幅収縮、RSI安値切り上げ、レンジ上限突破,,https://finance.yahoo.co.jp/quote/8570.T
2026-08-13,8558,東和銀行,プライム,1487.0,6.82,7.36,12.48,8.26,1.27,63.99,1400.0,1492.0,1411.0,1492.0,1492.0,1322.0,1275.0,1337.6,1291.0,1291.0,6,除外,97.7,52.76,10.25,61.01,1373.52,1334.4,1166.02,+2.21σ,1.16,なし,なし,買い,底固め,1,0.0,1322.0,1817.0,2.0,%K反転、%D方向改善、直近下落なし（B以下に制限）、直近安値切り上げ、BB幅収縮、RSI安値切り上げ、レンジ上限突破,急騰済み（BB +2σ大幅超過）,https://finance.yahoo.co.jp/quote/8558.T
2026-08-13,8550,栃木銀行,プライム,1080.0,5.47,5.06,7.25,8.26,1.13,45.02,1035.0,1084.0,1033.0,1084.0,1084.0,1000.0,908.0,961.17,919.89,919.89,6,C,96.99,55.41,5.02,62.29,997.56,965.03,863.46,+1.88σ,0.98,なし,なし,買い,底固め,1,0.0,1000.0,1240.0,2.0,%K反転、%D方向改善、直近下落なし（B以下に制限）、直近安値切り上げ、RSI安値切り上げ、レンジ上限突破,,https://finance.yahoo.co.jp/quote/8550.T
2026-08-13,8541,愛媛銀行,プライム,3040.0,7.23,6.55,11.56,16.53,1.38,121.46,2883.0,3045.0,2877.0,3045.0,3045.0,2741.0,2272.0,2489.71,2289.76,2289.76,6,除外,98.92,57.3,-0.59,70.38,2608.8,2181.56,1787.47,+1.75σ,0.57,なし,なし,買い,底固め,1,0.0,2741.0,3638.0,2.0,%K反転、%D方向改善、直近下落なし（B以下に制限）、直近安値切り上げ、RSI安値切り上げ、レンジ上限突破,急騰済み（25日線上方乖離）,https://finance.yahoo.co.jp/quote/8541.T
2026-08-13,8524,北洋銀行,プライム,1305.0,5.07,6.88,7.32,9.05,0.97,47.24,1245.0,1305.0,1259.0,1305.0,1305.0,1203.0,1095.0,1157.43,1112.81,1112.81,6,除外,100.0,53.34,3.99,66.18,1196.72,1078.39,964.4,+2.31σ,0.87,なし,なし,買い,底固め,1,0.0,1203.0,1509.0,2.0,%K反転、%D方向改善、直近下落なし（B以下に制限）、直近安値切り上げ、BB幅収縮、RSI安値切り上げ、レンジ上限突破,急騰済み（BB +2σ大幅超過）,https://finance.yahoo.co.jp/quote/8524.T
2026-08-13,8522,名古屋銀行,プライム,6910.0,4.38,7.13,6.47,5.03,0.79,252.17,6640.0,6910.0,6710.0,6910.0,6910.0,6370.0,6130.0,6394.18,6195.35,6195.35,6,C,100.0,49.46,3.6,62.78,6579.2,6150.8,5360.3,+1.59σ,1.03,なし,なし,買い,底固め,1,0.0,6370.0,7990.0,2.0,%K反転、%D方向改善、直近下落なし（B以下に制限）、直近安値切り上げ、BB幅収縮、RSI安値切り上げ、レンジ上限突破,,https://finance.yahoo.co.jp/quote/8522.T
2026-08-13,8511,日本証券金融,プライム,2530.0,1.36,-0.78,3.05,4.02,0.93,61.27,2559.0,2541.0,2484.0,2559.0,2580.0,2452.0,2322.0,2392.15,2338.25,2338.25,6,C,75.09,55.44,2.54,62.35,2432.24,2330.04,2167.01,+1.56σ,0.76,陰線→陽線 / 前日安値割れ反転,通常,買い,アンチ,1,0.0,2438.1,2713.81,2.0,%K反転、%D方向改善、長い下ヒゲ反転、直近下落なし（B以下に制限）,,https://finance.yahoo.co.jp/quote/8511.T
2026-08-13,8418,山口フィナンシャルグループ,プライム,3197.0,5.06,3.97,5.93,5.24,1.03,94.57,3076.0,3197.0,3100.0,3197.0,3197.0,2976.0,2850.5,2966.5,2888.95,2888.95,6,C,100.0,56.58,4.89,62.15,3037.72,2889.94,2511.09,+1.97σ,1.36,なし,なし,買い,底固め,1,0.0,2976.0,3639.0,2.0,%K反転、%D方向改善、直近下落なし（B以下に制限）、直近安値切り上げ、BB幅収縮、出来高減少後の増加、RSI安値切り上げ、レンジ上限突破,,https://finance.yahoo.co.jp/quote/8418.T
2026-08-13,6323,ローツェ,プライム,4253.0,3.73,7.56,-5.45,-0.74,0.75,356.23,4124.0,4503.0,4236.0,4503.0,4503.0,3890.0,3320.0,3838.46,3459.32,3459.32,6,C,57.26,53.17,7.65,50.31,4284.52,4201.87,3287.32,+0.09σ,0.93,なし,強,買い,アンチ,1,0.0,3718.66,5321.68,2.0,直近2～5日まで下落、%K反転、%D方向改善,,https://finance.yahoo.co.jp/quote/6323.T
2026-08-13,5715,古河機械金属,プライム,4030.0,1.26,5.36,3.07,9.84,0.71,169.1,4005.0,4075.0,3955.0,4075.0,4075.0,3790.0,3230.0,3490.4,3291.54,3291.54,6,C,92.56,74.66,17.47,60.89,3669.0,3847.2,4163.54,+1.71σ,1.44,陰線→陽線,通常,買い,アンチ,1,0.0,3776.35,4537.29,2.0,%K反転、%D方向改善、出来高増加を伴う反転、直近下落なし（B以下に制限）,,https://finance.yahoo.co.jp/quote/5715.T
2026-08-13,5713,住友金属鉱山,プライム,9823.0,1.44,9.16,14.71,23.87,1.03,525.03,10220.0,10010.0,9470.0,10220.0,10230.0,8800.0,6578.0,7168.62,6237.54,6237.54,6,除外,83.17,82.76,7.19,66.96,7929.96,8606.37,8092.43,+1.85σ,1.07,陰線→陽線 / 前日安値割れ反転,通常,買い,アンチ,1,0.0,8800.0,11869.0,2.0,%K反転、%D方向改善、長い下ヒゲ反転、直近下落なし（B以下に制限）,急騰済み（25日線上方乖離）,https://finance.yahoo.co.jp/quote/5713.T
2026-08-13,5631,日本製鋼所,プライム,7974.0,2.94,2.97,4.06,3.9,0.9,316.33,7762.0,8032.0,7746.0,8032.0,8032.0,7587.0,6989.0,7424.12,7231.74,7231.74,6,C,91.47,72.22,12.63,57.35,7674.6,7989.68,8761.38,+1.86σ,0.77,なし,なし,買い,底固め,1,0.0,7499.5,8923.0,2.0,%K反転、%D方向改善、直近下落なし（B以下に制限）、直近安値切り上げ、RSI安値切り上げ、レンジ上限突破,,https://finance.yahoo.co.jp/quote/5631.T
2026-08-13,5471,大同特殊鋼,プライム,2387.5,2.4,3.62,1.47,1.04,0.72,108.06,2336.0,2423.5,2346.0,2423.5,2423.5,2271.0,2082.5,2239.53,2153.75,2153.75,6,C,82.52,59.41,10.7,51.57,2363.02,2268.49,1974.58,+0.73σ,1.18,なし,なし,買い,底固め,1,0.0,2225.41,2711.68,2.0,%K反転、%D方向改善、直近下落なし（B以下に制限）、直近安値切り上げ、BB幅収縮、RSI安値切り上げ,,https://finance.yahoo.co.jp/quote/5471.T
2026-08-13,5344,ＭＡＲＵＷＡ,プライム,62170.0,2.47,11.82,3.19,7.74,0.48,4051.84,62000.0,62270.0,60320.0,62270.0,62270.0,54120.0,47340.0,54067.18,51027.86,51027.86,6,C,98.77,73.14,15.78,54.76,57704.8,66608.13,56613.9,+1.67σ,0.84,なし,なし,買い,底固め,1,0.0,54120.0,78270.0,2.0,%K反転、%D方向改善、直近下落なし（B以下に制限）、直近安値切り上げ、BB幅収縮、RSI安値切り上げ、レンジ上限突破,,https://finance.yahoo.co.jp/quote/5344.T
2026-08-13,5331,ノリタケ,プライム,3870.0,2.79,8.71,5.59,10.23,0.54,193.37,3860.0,3945.0,3840.0,3945.0,4185.0,3460.0,3025.0,3292.19,3093.88,3093.88,6,除外,56.55,71.62,5.19,58.75,3511.0,3726.07,3251.61,+1.91σ,1.07,なし,通常,買い,底固め / アンチ,2,0.0,3460.0,4690.0,2.0,%K反転、%D方向改善、直近下落なし（B以下に制限）、直近安値切り上げ、BB幅収縮、RSI安値切り上げ,急騰済み（25日線上方乖離）,https://finance.yahoo.co.jp/quote/5331.T
2026-08-13,6287,サトー,プライム,2920.0,12.09,12.61,14.87,17.12,1.44,68.68,2632.0,2950.0,2851.0,2950.0,2950.0,2546.0,2405.0,2409.83,2301.32,2301.32,6,除外,93.84,84.74,3.28,86.34,2493.2,2324.52,2321.79,+3.70σ,4.44,なし,通常,買い,底固め / アンチ,2,0.0,2546.0,3668.0,2.0,%K反転、%D方向改善、直近下落なし（B以下に制限）、直近安値切り上げ、RSI安値切り上げ、レンジ上限突破,急騰済み（当日急騰、3営業日急騰、25日線上方乖離、高RSI、BB +2σ大幅超過）,https://finance.yahoo.co.jp/quote/6287.T
2026-08-13,6250,やまびこ,プライム,4310.0,2.13,-0.92,3.73,9.74,0.9,145.01,4415.0,4330.0,4200.0,4415.0,4470.0,4095.0,3620.0,3748.86,3530.97,3530.97,6,C,69.52,79.4,1.29,66.07,3927.6,3822.27,3437.5,+1.58σ,0.7,陰線→陽線 / はらみ足 / 長い下ヒゲ（ハンマー）,通常,買い,アンチ,1,0.0,4092.49,4745.03,2.0,%K反転、%D方向改善、長い下ヒゲ反転、直近下落なし（B以下に制限）,,https://finance.yahoo.co.jp/quote/6250.T
2026-08-13,6235,オプトラン,プライム,3235.0,2.21,2.21,-2.56,-0.13,0.52,232.14,3290.0,3330.0,3210.0,3330.0,3355.0,2998.0,2680.0,2963.41,2765.17,2765.17,6,C,66.39,61.03,12.28,48.29,3239.32,3712.11,2824.73,+0.37σ,0.55,なし,通常,買い,アンチ,1,0.0,2886.79,3931.42,2.0,直近2～5日まで下落、%K反転、%D方向改善,,https://finance.yahoo.co.jp/quote/6235.T
2026-08-13,6504,富士電機,プライム,14970.0,3.31,2.32,-0.2,11.86,0.44,735.12,14725.0,15085.0,14760.0,15085.0,15190.0,14055.0,11675.0,12537.11,11570.48,11570.48,6,除外,83.28,73.05,5.08,61.68,13383.2,14064.6,12384.72,+1.52σ,0.63,なし,強,買い,アンチ,1,0.0,13867.32,17175.35,2.0,直近2～5日まで下落、%K反転、%D方向改善,急騰済み（25日線上方乖離）,https://finance.yahoo.co.jp/quote/6504.T
2026-08-13,6464,ツバキ・ナカシマ,プライム,323.0,-5.0,-18.02,-16.75,-14.4,0.88,22.83,349.0,340.0,320.0,349.0,401.0,320.0,320.0,348.73,327.26,327.26,6,C,3.7,62.14,3.82,34.63,377.32,376.28,359.72,-2.20σ,3.62,なし,通常,買い,アンチ,1,0.0,288.75,391.5,2.0,ストキャス売られ過ぎから反転、%K反転、直近下落なし（B以下に制限）,,https://finance.yahoo.co.jp/quote/6464.T
2026-08-13,5262,日本ヒューム,プライム,1163.0,3.29,9.41,10.13,10.88,1.45,30.27,1146.0,1164.0,1120.0,1164.0,1164.0,1036.0,988.0,1012.88,973.51,973.51,6,除外,99.22,62.08,7.79,75.63,1048.88,1066.24,1301.91,+2.81σ,1.74,なし,通常,買い,底固め / アンチ,2,0.0,1036.0,1417.0,2.0,%K反転、%D方向改善、直近下落なし（B以下に制限）、直近安値切り上げ、RSI安値切り上げ、レンジ上限突破,急騰済み（25日線上方乖離、高RSI、BB +2σ大幅超過）,https://finance.yahoo.co.jp/quote/5262.T
2026-08-13,5074,テスホールディングス,プライム,799.0,3.23,3.77,2.3,6.38,0.47,57.18,780.0,803.0,776.0,803.0,803.0,752.0,612.0,682.62,620.18,620.18,6,C,81.51,64.2,20.65,52.54,751.08,893.8,616.41,+0.86σ,0.48,陰線→陽線,なし,買い,底固め,1,0.0,713.23,970.53,2.0,%K反転、%D方向改善、直近下落なし（B以下に制限）、直近安値切り上げ、ATR低下、BB幅収縮、RSI安値切り上げ,,https://finance.yahoo.co.jp/quote/5074.T
2026-08-13,6407,ＣＫＤ,プライム,6310.0,2.27,-0.32,-6.52,-1.08,0.78,497.06,6300.0,6470.0,6080.0,6470.0,6530.0,5830.0,4975.0,5755.41,5256.31,5256.31,6,C,44.86,57.89,7.28,48.7,6379.2,6641.07,4946.7,+0.11σ,1.77,なし,通常,買い,アンチ,1,0.0,5564.41,7801.19,2.0,直近2～5日まで下落、%K反転、%D方向改善,,https://finance.yahoo.co.jp/quote/6407.T
2026-08-13,6371,椿本チエイン,プライム,2728.0,0.81,1.04,4.32,3.65,0.67,59.53,2722.0,2730.0,2690.0,2730.0,2730.0,2615.0,2499.0,2591.12,2543.89,2543.89,6,C,98.88,68.42,4.48,62.86,2631.92,2593.49,2433.43,+1.90σ,0.88,陰線→陽線,通常,買い,底固め / アンチ,2,0.0,2615.0,2954.0,2.0,%K反転、%D方向改善、直近下落なし（B以下に制限）、直近安値切り上げ、RSI安値切り上げ、レンジ上限突破,,https://finance.yahoo.co.jp/quote/6371.T
2026-08-13,8411,みずほフィナンシャルグループ,プライム,8775.0,3.21,3.9,3.6,4.96,0.85,282.92,8510.0,8775.0,8534.0,8775.0,8775.0,8206.0,7761.0,8102.68,7838.27,7838.27,6,C,100.0,60.05,8.05,60.61,8360.4,7713.28,6718.4,+1.54σ,0.96,なし,なし,買い,底固め,1,0.0,8206.0,9913.0,2.0,%K反転、%D方向改善、直近下落なし（B以下に制限）、直近安値切り上げ、BB幅収縮、RSI安値切り上げ、レンジ上限突破,,https://finance.yahoo.co.jp/quote/8411.T
2026-08-13,8393,宮崎銀行,プライム,2502.0,3.65,4.73,4.38,6.51,0.78,103.91,2414.0,2524.0,2443.0,2524.0,2524.0,2300.0,2119.0,2287.14,2196.43,2196.43,6,C,90.76,51.45,-1.42,59.84,2349.12,2133.65,1730.67,+1.37σ,1.29,なし,なし,買い,底固め,1,0.0,2300.0,2906.0,2.0,%K反転、%D方向改善、直近下落なし（B以下に制限）、直近安値切り上げ、出来高減少後の増加、RSI安値切り上げ、レンジ上限突破,,https://finance.yahoo.co.jp/quote/8393.T
2026-08-13,8392,大分銀行,プライム,2855.0,5.7,5.27,7.41,8.18,1.26,121.84,2730.0,2875.0,2722.0,2875.0,2875.0,2598.0,2396.0,2554.31,2444.77,2444.77,6,C,94.29,55.82,3.6,62.34,2639.16,2393.01,1864.2,+1.75σ,1.5,なし,なし,買い,底固め,1,0.0,2598.0,3369.0,2.0,%K反転、%D方向改善、直近下落なし（B以下に制限）、直近安値切り上げ、BB幅収縮、出来高減少後の増加、RSI安値切り上げ、レンジ上限突破,,https://finance.yahoo.co.jp/quote/8392.T
2026-08-13,8388,阿波銀行,プライム,9390.0,4.8,5.15,8.18,12.88,1.29,333.74,9000.0,9480.0,9050.0,9480.0,9480.0,8660.0,7490.0,8071.27,7650.03,7650.03,6,除外,92.74,56.4,3.01,72.73,8318.8,7291.2,5828.15,+2.13σ,1.93,なし,なし,買い,底固め,1,0.0,8660.0,10850.0,2.0,%K反転、%D方向改善、直近下落なし（B以下に制限）、直近安値切り上げ、RSI安値切り上げ、レンジ上限突破,急騰済み（25日線上方乖離、高RSI）,https://finance.yahoo.co.jp/quote/8388.T
2026-08-13,8386,百十四銀行,プライム,3090.0,6.4,7.59,6.99,9.7,0.99,118.23,2937.0,3115.0,2998.0,3115.0,3115.0,2815.0,2581.0,2752.75,2651.21,2651.21,6,除外,92.45,49.12,-2.05,66.39,2816.8,2590.91,2158.79,+2.32σ,1.49,なし,なし,買い,底固め,1,0.0,2815.0,3640.0,2.0,%K反転、%D方向改善、直近下落なし（B以下に制限）、直近安値切り上げ、RSI安値切り上げ、レンジ上限突破,急騰済み（BB +2σ大幅超過）,https://finance.yahoo.co.jp/quote/8386.T
2026-08-13,8381,山陰合同銀行,プライム,2579.0,3.24,3.0,5.96,5.25,0.72,82.13,2546.0,2591.0,2532.0,2591.0,2591.0,2415.0,2293.0,2381.76,2312.82,2312.82,6,C,94.87,54.41,3.71,63.66,2450.28,2210.27,1823.2,+1.86σ,1.19,陰線→陽線,なし,買い,底固め,1,0.0,2415.0,2907.0,2.0,%K反転、%D方向改善、直近下落なし（B以下に制限）、直近安値切り上げ、BB幅収縮、RSI安値切り上げ、レンジ上限突破,,https://finance.yahoo.co.jp/quote/8381.T
2026-08-13,8377,ほくほくフィナンシャルグループ,プライム,8458.0,4.15,5.03,7.02,10.23,0.86,321.77,8167.0,8499.0,8222.0,8499.0,8499.0,7755.0,6820.0,7383.97,7059.69,7059.69,6,除外,95.53,60.06,1.96,66.74,7673.0,6880.21,5798.86,+2.31σ,0.79,なし,なし,買い,底固め,1,0.0,7755.0,9864.0,2.0,%K反転、%D方向改善、直近下落なし（B以下に制限）、直近安値切り上げ、BB幅収縮、RSI安値切り上げ、レンジ上限突破,急騰済み（25日線上方乖離、BB +2σ大幅超過）,https://finance.yahoo.co.jp/quote/8377.T
2026-08-13,8370,紀陽銀行,プライム,5020.0,3.61,3.61,6.24,5.52,1.02,152.6,4870.0,5050.0,4895.0,5050.0,5050.0,4715.0,4485.0,4668.64,4547.03,4547.03,6,C,93.41,55.11,1.91,62.52,4757.4,4493.6,3916.47,+1.89σ,0.87,なし,なし,買い,底固め,1,0.0,4715.0,5630.0,2.0,%K反転、%D方向改善、直近下落なし（B以下に制限）、直近安値切り上げ、RSI安値切り上げ、レンジ上限突破,,https://finance.yahoo.co.jp/quote/8370.T
2026-08-13,8361,大垣共立銀行,プライム,8040.0,5.65,6.35,7.49,4.77,0.98,336.55,7620.0,8050.0,7720.0,8050.0,8050.0,7270.0,6780.0,7256.85,6895.71,6895.71,6,C,99.03,48.62,5.13,58.11,7674.0,7440.53,6111.05,+1.17σ,1.03,なし,なし,買い,底固め,1,0.0,7270.0,9580.0,2.0,%K反転、%D方向改善、直近下落なし（B以下に制限）、直近安値切り上げ、RSI安値切り上げ、レンジ上限突破,,https://finance.yahoo.co.jp/quote/8361.T
2026-08-13,8360,山梨中央銀行,プライム,7440.0,5.68,5.23,6.13,10.03,1.34,313.71,7070.0,7520.0,7100.0,7520.0,7520.0,6840.0,6040.0,6500.14,6182.28,6182.28,6,除外,91.11,60.86,4.82,63.75,6762.0,6180.8,5131.85,+1.96σ,1.62,なし,なし,買い,底固め,1,0.0,6840.0,8640.0,2.0,%K反転、%D方向改善、直近下落なし（B以下に制限）、直近安値切り上げ、出来高減少後の増加、RSI安値切り上げ、レンジ上限突破,急騰済み（25日線上方乖離）,https://finance.yahoo.co.jp/quote/8360.T
2026-08-13,8359,八十二長野銀行,プライム,2680.5,2.94,2.82,3.9,3.94,0.89,83.53,2604.0,2680.5,2606.5,2680.5,2680.5,2522.0,2397.5,2511.36,2442.47,2442.47,6,C,100.0,55.43,4.64,60.43,2578.9,2407.33,2046.42,+1.46σ,1.12,なし,なし,買い,底固め,1,0.0,2522.0,2997.5,2.0,%K反転、%D方向改善、直近下落なし（B以下に制限）、直近安値切り上げ、BB幅収縮、RSI安値切り上げ、レンジ上限突破,,https://finance.yahoo.co.jp/quote/8359.T
2026-08-13,8358,スルガ銀行,プライム,2880.0,2.75,5.3,6.16,7.31,0.97,87.37,2803.0,2893.0,2808.0,2893.0,2893.0,2671.0,2516.0,2623.45,2545.99,2545.99,6,除外,95.31,63.14,6.54,70.04,2683.92,2459.4,2081.52,+2.31σ,1.27,なし,なし,買い,底固め,1,0.0,2671.0,3298.0,2.0,%K反転、%D方向改善、直近下落なし（B以下に制限）、直近安値切り上げ、BB幅収縮、RSI安値切り上げ、レンジ上限突破,急騰済み（BB +2σ大幅超過）,https://finance.yahoo.co.jp/quote/8358.T
2026-08-13,8354,ふくおかフィナンシャルグループ,プライム,7704.0,2.43,2.12,2.65,3.08,0.77,234.13,7577.0,7704.0,7523.0,7704.0,7704.0,7152.0,6991.0,7328.97,7163.54,7163.54,6,C,100.0,54.27,-0.75,58.34,7474.08,6965.75,6092.19,+1.27σ,0.97,なし,なし,買い,底固め,1,0.0,7152.0,8808.0,2.0,%K反転、%D方向改善、直近下落なし（B以下に制限）、直近安値切り上げ、BB幅収縮、レンジ上限突破,,https://finance.yahoo.co.jp/quote/8354.T
2026-08-13,8346,東邦銀行,プライム,989.0,5.78,4.99,6.8,12.14,1.27,32.41,950.0,989.0,948.0,989.0,989.0,924.0,799.0,853.37,810.84,810.84,6,除外,100.0,64.86,4.14,69.21,881.96,790.83,664.9,+2.19σ,1.29,陰線→陽線,なし,買い,底固め,1,0.0,924.0,1119.0,2.0,%K反転、%D方向改善、直近下落なし（B以下に制限）、直近安値切り上げ、RSI安値切り上げ、レンジ上限突破,急騰済み（25日線上方乖離）,https://finance.yahoo.co.jp/quote/8346.T
2026-08-13,8345,岩手銀行,プライム,2474.0,4.7,4.92,8.8,11.32,0.97,96.62,2367.0,2506.0,2412.0,2506.0,2506.0,2282.0,2024.0,2154.43,2056.66,2056.66,6,除外,90.42,62.64,3.21,66.01,2222.48,2051.97,1671.0,+2.27σ,1.19,なし,なし,買い,底固め,1,0.0,2282.0,2858.0,2.0,%K反転、%D方向改善、直近下落なし（B以下に制限）、直近安値切り上げ、RSI安値切り上げ、レンジ上限突破,急騰済み（25日線上方乖離、BB +2σ大幅超過）,https://finance.yahoo.co.jp/quote/8345.T
2026-08-13,2802,味の素,プライム,5636.0,3.3,8.47,5.68,6.88,0.81,230.68,5531.0,5704.0,5516.0,5704.0,5704.0,4998.0,4721.0,4940.72,4710.95,4710.95,6,C,92.17,65.74,22.93,61.13,5273.4,5314.41,4505.46,+2.03σ,0.96,陰線→陽線,なし,買い,底固め,1,0.0,4998.0,6912.0,2.0,%K反転、%D方向改善、直近下落なし（B以下に制限）、直近安値切り上げ、RSI安値切り上げ、レンジ上限突破,,https://finance.yahoo.co.jp/quote/2802.T
2026-08-13,2734,サーラコーポレーション,プライム,1190.0,2.06,2.94,4.75,3.46,0.85,24.75,1187.0,1196.0,1175.0,1196.0,1196.0,1121.0,1120.0,1138.39,1124.93,1124.93,6,除外,92.0,57.62,6.92,67.36,1150.2,1066.13,1086.4,+2.83σ,1.22,陰線→陽線,通常,買い,底固め / アンチ,2,0.0,1121.0,1328.0,2.0,%K反転、%D方向改善、直近下落なし（B以下に制限）、BB幅収縮、出来高減少後の増加、RSI安値切り上げ、レンジ上限突破,急騰済み（BB +2σ大幅超過）,https://finance.yahoo.co.jp/quote/2734.T
2026-08-13,2685,アンドエスティＨＤ,プライム,3440.0,-0.15,-0.86,-0.58,-0.54,0.51,78.21,3460.0,3450.0,3410.0,3460.0,3485.0,3410.0,3285.0,3390.64,3340.54,3340.54,6,C,27.27,66.81,-4.07,49.64,3458.8,3331.44,3054.01,-0.01σ,1.38,長い下ヒゲ（ハンマー）,なし,買い,底固め,1,0.0,3322.68,3674.64,2.0,長い下ヒゲ反転、出来高増加を伴う反転、直近下落なし（B以下に制限）、直近安値切り上げ、BB幅収縮、RSI安値切り上げ,,https://finance.yahoo.co.jp/quote/2685.T
2026-08-13,6508,明電舎,プライム,11880.0,4.21,9.49,5.6,24.43,1.07,579.05,11420.0,11970.0,11350.0,11970.0,11970.0,10670.0,7800.0,8514.68,7329.86,7329.86,6,除外,95.0,83.55,13.9,70.09,9547.2,9683.2,7807.25,+1.84σ,1.19,なし,なし,買い,底固め,1,0.0,10670.0,14300.0,2.0,%K反転、%D方向改善、直近下落なし（B以下に制限）、直近安値切り上げ、RSI安値切り上げ、レンジ上限突破,急騰済み（25日線上方乖離）,https://finance.yahoo.co.jp/quote/6508.T
2026-08-13,8344,山形銀行,プライム,4585.0,7.88,8.39,13.91,16.44,1.39,201.75,4280.0,4600.0,4320.0,4600.0,4600.0,4030.0,3555.0,3755.71,3528.92,3528.92,6,除外,98.48,62.35,5.53,70.01,3937.8,3381.16,2620.5,+2.66σ,1.1,なし,なし,買い,底固め,1,0.0,4030.0,5695.0,2.0,%K反転、%D方向改善、直近下落なし（B以下に制限）、直近安値切り上げ、BB幅収縮、RSI安値切り上げ、レンジ上限突破,急騰済み（25日線上方乖離、BB +2σ大幅超過）,https://finance.yahoo.co.jp/quote/8344.T
2026-08-13,8343,秋田銀行,プライム,8450.0,5.23,5.23,12.52,13.37,1.3,306.6,8110.0,8500.0,8100.0,8500.0,8500.0,7570.0,6740.0,7137.58,6747.16,6747.16,6,除外,96.18,64.91,5.68,72.84,7453.6,6552.53,5310.05,+2.36σ,1.13,陰線→陽線,なし,買い,底固め,1,0.0,7570.0,10210.0,2.0,%K反転、%D方向改善、直近下落なし（B以下に制限）、直近安値切り上げ、RSI安値切り上げ、レンジ上限突破,急騰済み（25日線上方乖離、高RSI、BB +2σ大幅超過）,https://finance.yahoo.co.jp/quote/8343.T
2026-08-13,8341,七十七銀行,プライム,3834.0,2.57,4.73,6.5,7.56,0.77,119.97,3749.0,3843.0,3751.0,3843.0,3843.0,3584.0,3262.0,3457.79,3342.57,3342.57,6,除外,97.57,61.76,2.98,65.73,3564.56,3330.75,2968.52,+2.27σ,1.25,なし,なし,買い,底固め,1,0.0,3584.0,4334.0,2.0,%K反転、%D方向改善、直近下落なし（B以下に制限）、直近安値切り上げ、BB幅収縮、RSI安値切り上げ、レンジ上限突破,急騰済み（BB +2σ大幅超過）,https://finance.yahoo.co.jp/quote/8341.T
2026-08-13,8337,千葉興業銀行,プライム,2764.0,2.29,7.34,6.14,4.07,0.67,95.8,2719.0,2778.0,2714.0,2778.0,2778.0,2536.0,2428.0,2562.71,2484.43,2484.43,6,C,94.62,51.9,5.2,62.5,2655.8,2425.21,2095.18,+1.57σ,0.97,なし,なし,買い,底固め,1,0.0,2536.0,3220.0,2.0,%K反転、%D方向改善、直近下落なし（B以下に制限）、直近安値切り上げ、BB幅収縮、RSI安値切り上げ、レンジ上限突破,,https://finance.yahoo.co.jp/quote/8337.T
2026-08-13,8336,武蔵野銀行,プライム,2776.0,4.36,4.6,5.51,4.8,1.14,84.01,2668.0,2776.0,2680.0,2776.0,2776.0,2601.0,2470.0,2582.79,2508.58,2508.58,6,C,100.0,52.52,4.32,61.13,2648.76,2522.57,2080.37,+1.60σ,1.02,なし,なし,買い,底固め,1,0.0,2601.0,3126.0,2.0,%K反転、%D方向改善、直近下落なし（B以下に制限）、直近安値切り上げ、RSI安値切り上げ、レンジ上限突破,,https://finance.yahoo.co.jp/quote/8336.T
2026-08-13,8334,群馬銀行,プライム,2740.5,2.87,5.61,6.72,6.99,1.01,75.82,2675.5,2748.0,2671.5,2748.0,2748.0,2531.5,2407.0,2505.69,2437.83,2437.83,6,除外,97.19,61.91,7.04,66.91,2561.56,2366.67,2084.94,+2.46σ,1.24,なし,なし,買い,底固め,1,0.0,2531.5,3158.5,2.0,%K反転、%D方向改善、直近下落なし（B以下に制限）、直近安値切り上げ、BB幅収縮、RSI安値切り上げ、レンジ上限突破,急騰済み（BB +2σ大幅超過）,https://finance.yahoo.co.jp/quote/8334.T
2026-08-13,8331,千葉銀行,プライム,2842.0,3.46,6.6,8.23,5.17,0.95,84.57,2787.0,2842.0,2761.5,2842.0,2842.0,2634.5,2497.0,2615.88,2542.63,2542.63,6,C,100.0,57.74,6.09,65.95,2702.42,2476.78,2124.82,+2.09σ,1.08,なし,なし,買い,底固め,1,0.0,2634.5,3257.0,2.0,%K反転、%D方向改善、直近下落なし（B以下に制限）、直近安値切り上げ、BB幅収縮、RSI安値切り上げ、レンジ上限突破,,https://finance.yahoo.co.jp/quote/8331.T
2026-08-13,8309,三井住友トラストグループ,プライム,1753.0,2.82,4.31,5.54,4.6,0.95,43.26,1718.0,1753.5,1712.5,1753.5,1753.5,1646.0,1573.5,1649.25,1616.05,1616.05,6,C,99.65,56.49,4.33,67.41,1675.96,1519.94,1333.26,+2.12σ,1.02,なし,なし,買い,底固め,1,0.0,1646.0,1967.0,2.0,%K反転、%D方向改善、直近下落なし（B以下に制限）、直近安値切り上げ、BB幅収縮、RSI安値切り上げ、レンジ上限突破,,https://finance.yahoo.co.jp/quote/8309.T
2026-08-13,8308,りそなホールディングス,プライム,2446.5,4.37,5.77,7.16,5.84,1.1,77.99,2364.5,2448.5,2362.5,2448.5,2448.5,2273.0,2153.0,2227.97,2156.21,2156.21,6,C,99.25,55.11,9.77,62.39,2311.4,2159.99,1877.26,+2.05σ,1.07,なし,なし,買い,底固め,1,0.0,2273.0,2793.5,2.0,%K反転、%D方向改善、直近下落なし（B以下に制限）、直近安値切り上げ、BB幅収縮、RSI安値切り上げ、レンジ上限突破,,https://finance.yahoo.co.jp/quote/8308.T
2026-08-13,8306,三菱ＵＦＪフィナンシャル・グループ,プライム,3709.0,2.86,4.07,4.74,3.32,0.81,101.8,3616.0,3709.0,3627.0,3709.0,3709.0,3479.0,3411.0,3522.9,3431.05,3431.05,6,C,100.0,47.59,2.93,60.53,3589.76,3257.63,2871.92,+1.03σ,0.87,なし,なし,買い,底固め,1,0.0,3479.0,4169.0,2.0,%K反転、%D方向改善、直近下落なし（B以下に制限）、直近安値切り上げ、BB幅収縮、RSI安値切り上げ、レンジ上限突破,,https://finance.yahoo.co.jp/quote/8306.T
2026-08-13,8304,あおぞら銀行,プライム,3395.0,2.94,4.17,5.4,10.33,1.13,84.08,3347.0,3410.0,3315.0,3410.0,3410.0,3200.0,2847.5,2978.78,2840.47,2840.47,6,除外,94.64,78.28,1.68,80.34,3077.06,2829.79,2633.69,+2.01σ,0.89,陰線→陽線,通常,買い,底固め / アンチ,2,0.0,3200.0,3785.0,2.0,%K反転、%D方向改善、直近下落なし（B以下に制限）、直近安値切り上げ、RSI安値切り上げ、レンジ上限突破,急騰済み（25日線上方乖離、高RSI）,https://finance.yahoo.co.jp/quote/8304.T
2026-08-13,8233,高島屋,プライム,2326.0,2.31,1.15,3.61,-0.0,1.16,75.41,2319.0,2361.0,2273.5,2361.0,2361.0,2259.0,2192.0,2240.95,2153.42,2153.42,6,C,77.05,43.1,6.67,52.15,2326.1,2172.04,1965.89,-0.03σ,1.05,陰線→陽線,通常,買い,底固め / アンチ,2,0.0,2212.88,2552.24,2.0,%K反転、%D方向改善、直近下落なし（B以下に制限）、直近安値切り上げ、BB幅収縮、RSI安値切り上げ,,https://finance.yahoo.co.jp/quote/8233.T
2026-08-13,8185,チヨダ,プライム,1030.0,0.39,1.18,3.62,2.77,0.87,12.64,1026.0,1032.0,1021.0,1032.0,1032.0,997.0,984.0,991.65,978.81,978.81,6,C,95.56,59.68,2.55,66.53,1002.28,973.92,1022.24,+1.98σ,1.09,強気包み足,なし,買い,底固め,1,0.0,997.0,1096.0,2.0,%D方向改善、陽の包み足、直近下落なし（B以下に制限）、直近安値切り上げ、BB幅収縮、RSI安値切り上げ、レンジ上限突破,,https://finance.yahoo.co.jp/quote/8185.T
2026-08-13,3186,ネクステージ,プライム,3590.0,0.84,3.76,1.7,3.58,0.35,143.35,3605.0,3600.0,3550.0,3605.0,3605.0,3330.0,3205.0,3371.65,3291.3,3291.3,6,C,94.74,71.47,15.37,53.53,3465.8,3635.73,3284.02,+1.72σ,0.3,はらみ足,なし,買い,底固め,1,0.0,3330.0,4110.0,2.0,%K反転、%D方向改善、直近下落なし（B以下に制限）、直近安値切り上げ、ATR低下、BB幅収縮、RSI安値切り上げ,,https://finance.yahoo.co.jp/quote/3186.T
2026-08-13,3167,ＴＯＫＡＩホールディングス,プライム,1239.0,0.9,1.64,12.03,6.47,0.66,27.35,1247.0,1239.0,1221.0,1247.0,1250.0,1104.0,1104.0,1126.5,1087.55,1087.55,6,C,92.47,54.66,1.08,65.89,1163.68,1137.8,1125.54,+1.89σ,0.99,陰線→陽線 / 前日安値割れ反転,通常,買い,アンチ,1,0.0,1104.0,1509.0,2.0,%K反転、%D方向改善、長い下ヒゲ反転、直近下落なし（B以下に制限）,,https://finance.yahoo.co.jp/quote/3167.T
2026-08-13,6752,パナソニック　ホールディングス,プライム,4679.0,2.3,8.51,3.61,11.65,0.51,227.33,4638.0,4725.0,4609.0,4725.0,4725.0,4259.0,3364.0,3823.64,3501.92,3501.92,6,除外,92.27,81.61,23.18,62.45,4190.68,3917.69,2872.24,+1.66σ,0.69,なし,なし,買い,底固め,1,0.0,4259.0,5519.0,2.0,%K反転、%D方向改善、直近下落なし（B以下に制限）、直近安値切り上げ、RSI安値切り上げ、レンジ上限突破,急騰済み（25日線上方乖離）,https://finance.yahoo.co.jp/quote/6752.T
2026-08-13,6627,テラプローブ,スタンダード,12000.0,1.95,3.45,-7.19,6.62,0.46,995.86,11870.0,12440.0,11980.0,12440.0,12440.0,11250.0,8320.0,10031.0,8925.5,8925.5,6,C,54.12,63.67,11.95,53.63,11254.8,11441.73,8881.1,+0.78σ,1.36,なし,通常,買い,アンチ,1,0.0,10506.21,14987.58,2.0,直近2～5日まで下落、%K反転、%D方向改善,,https://finance.yahoo.co.jp/quote/6627.T
2026-08-13,2962,テクニスコ,スタンダード,1425.0,8.28,14.0,11.42,12.44,1.03,118.71,1351.0,1443.0,1321.0,1443.0,1443.0,1137.0,1063.0,1160.49,1051.98,1051.98,6,除外,94.12,62.08,24.02,58.3,1267.36,1214.59,849.75,+1.44σ,0.97,なし,なし,買い,底固め,1,0.0,1137.0,2001.0,2.0,%K反転、%D方向改善、直近下落なし（B以下に制限）、直近安値切り上げ、ATR低下、BB幅収縮、RSI安値切り上げ、レンジ上限突破,急騰済み（当日急騰、3営業日急騰、25日線上方乖離）,https://finance.yahoo.co.jp/quote/2962.T
2026-08-13,8008,ヨンドシーホールディングス,プライム,2085.0,0.77,1.46,3.58,0.67,0.8,40.06,2075.0,2088.0,2056.0,2088.0,2088.0,2010.0,1997.0,2029.82,1990.25,1990.25,6,C,96.59,56.99,15.72,57.2,2071.08,1927.45,1846.69,+0.39σ,0.87,なし,なし,買い,底固め,1,0.0,2010.0,2235.0,2.0,%K反転、%D方向改善、直近下落なし（B以下に制限）、直近安値切り上げ、BB幅収縮、RSI安値切り上げ,,https://finance.yahoo.co.jp/quote/8008.T
2026-08-13,8005,スクロール,プライム,1875.0,0.27,-0.21,3.65,6.47,0.6,38.44,1896.0,1880.0,1857.0,1896.0,1915.0,1801.0,1688.0,1704.55,1637.84,1637.84,6,除外,66.39,70.21,6.49,72.36,1761.0,1651.03,1430.22,+1.56σ,0.65,陰線→陽線 / 長い下ヒゲ（ハンマー） / 前日安値割れ反転,通常,買い,アンチ,1,0.0,1801.0,2023.0,2.0,%K反転、%D方向改善、長い下ヒゲ反転、直近下落なし（B以下に制限）,急騰済み（高RSI）,https://finance.yahoo.co.jp/quote/8005.T
2026-08-13,3444,菊池製作所,スタンダード,1006.0,0.4,4.03,1.62,3.45,0.44,59.34,1003.0,1018.0,992.0,1018.0,1018.0,941.0,861.0,923.53,883.71,883.71,6,C,87.1,72.79,20.86,51.29,972.44,1133.61,863.34,+1.07σ,0.75,強気包み足,なし,買い,底固め,1,0.0,916.98,1184.03,2.0,%D方向改善、陽の包み足、直近下落なし（B以下に制限）、直近安値切り上げ、ATR低下、BB幅収縮、RSI安値切り上げ、レンジ上限突破,,https://finance.yahoo.co.jp/quote/3444.T
2026-08-13,3443,川田テクノロジーズ,プライム,1372.0,3.55,3.31,3.86,4.47,1.15,37.5,1361.0,1380.0,1337.0,1380.0,1404.0,1310.0,1250.0,1284.8,1260.85,1260.85,6,除外,73.55,67.04,2.33,62.04,1313.28,1315.11,1455.52,+2.64σ,1.2,陰線→陽線,強,買い,底固め / アンチ,2,0.0,1310.0,1496.0,2.0,%K反転、%D方向改善、直近下落なし（B以下に制限）、直近安値切り上げ、BB幅収縮、RSI安値切り上げ,急騰済み（BB +2σ大幅超過）,https://finance.yahoo.co.jp/quote/3443.T
2026-08-13,3401,帝人,プライム,1788.5,0.48,2.08,9.66,5.43,0.74,49.6,1824.0,1796.0,1759.5,1824.0,1824.0,1631.0,1567.0,1652.16,1603.85,1603.85,6,C,84.15,55.49,14.45,65.62,1696.4,1648.37,1535.79,+1.82σ,0.88,はらみ足,通常,買い,底固め / アンチ,2,0.0,1631.0,2103.5,2.0,%K反転、%D方向改善、直近下落なし（B以下に制限）、直近安値切り上げ、BB幅収縮、RSI安値切り上げ,,https://finance.yahoo.co.jp/quote/3401.T
2026-08-13,3350,メタプラネット,スタンダード,223.0,0.9,1.36,5.19,-3.18,0.45,15.4,226.0,228.0,221.0,228.0,236.0,214.0,210.0,217.1,205.85,205.85,6,C,50.0,40.37,11.54,47.64,230.32,259.43,344.89,-0.48σ,0.67,なし,通常,買い,底固め / アンチ,2,0.0,199.9,269.2,2.0,%K反転、%D方向改善、直近下落なし（B以下に制限）、直近安値切り上げ、BB幅収縮、RSI安値切り上げ,,https://finance.yahoo.co.jp/quote/3350.T
2026-08-13,4042,東ソー,プライム,2755.5,0.69,1.23,3.9,0.63,0.64,73.18,2777.5,2782.5,2735.5,2782.5,2782.5,2651.5,2548.0,2689.34,2634.94,2634.94,6,C,88.49,53.72,10.87,50.9,2738.28,2738.25,2530.76,+0.22σ,0.61,陰線→陽線,通常,買い,底固め / アンチ,2,0.0,2645.73,2975.05,2.0,%K反転、%D方向改善、直近下落なし（B以下に制限）、直近安値切り上げ、BB幅収縮、RSI安値切り上げ,,https://finance.yahoo.co.jp/quote/4042.T
2026-08-13,4008,住友精化,プライム,1550.0,2.72,0.52,23.11,17.77,1.06,57.51,1545.0,1564.0,1503.0,1564.0,1566.0,1251.0,1195.0,1209.62,1092.64,1092.64,6,除外,93.06,61.01,18.85,73.09,1316.16,1286.2,1198.94,+1.91σ,1.54,陰線→陽線,通常,買い,アンチ,1,0.0,1251.0,2148.0,2.0,%K反転、%D方向改善、出来高増加を伴う反転、直近下落なし（B以下に制限）,急騰済み（5営業日急騰、25日線上方乖離、高RSI）,https://finance.yahoo.co.jp/quote/4008.T
2026-08-13,3994,マネーフォワード,プライム,5874.0,1.35,8.86,13.66,10.55,0.74,324.36,5828.0,5910.0,5670.0,5910.0,5910.0,5098.0,4630.0,5141.8,4880.8,4880.8,6,除外,95.67,43.68,0.31,64.63,5313.52,4655.13,4267.38,+1.81σ,0.55,強気包み足,なし,買い,底固め,1,0.0,5098.0,7426.0,2.0,%D方向改善、陽の包み足、直近下落なし（B以下に制限）、直近安値切り上げ、BB幅収縮、RSI安値切り上げ,急騰済み（25日線上方乖離）,https://finance.yahoo.co.jp/quote/3994.T
2026-08-13,6875,メガチップス,プライム,11440.0,1.87,3.06,21.06,15.67,0.56,502.56,11350.0,11510.0,11230.0,11510.0,11510.0,9620.0,8440.0,8939.95,8103.39,8103.39,6,除外,97.12,74.56,21.01,68.23,9890.0,10749.33,9285.35,+1.99σ,0.86,陰線→陽線 / 長い下ヒゲ（ハンマー）,通常,買い,アンチ,1,0.0,9620.0,15080.0,2.0,%K反転、%D方向改善、長い下ヒゲ反転、直近下落なし（B以下に制限）,急騰済み（5営業日急騰、25日線上方乖離）,https://finance.yahoo.co.jp/quote/6875.T
2026-08-13,6871,日本マイクロニクス,プライム,14460.0,3.66,5.47,-9.17,-2.19,0.57,1328.37,14240.0,15090.0,14330.0,15090.0,15090.0,13210.0,10820.0,13049.03,11672.56,11672.56,6,C,44.48,52.61,4.65,49.31,14784.0,14863.2,11219.7,+0.03σ,2.54,なし,通常,買い,アンチ,1,0.0,12467.44,18445.12,2.0,直近2～5日まで下落、%K反転、%D方向改善,,https://finance.yahoo.co.jp/quote/6871.T
2026-08-13,6754,アンリツ,プライム,3690.0,2.79,4.65,-3.73,-2.7,0.5,217.89,3652.0,3769.0,3659.0,3769.0,3769.0,3381.0,3344.0,3528.25,3338.4,3338.4,6,C,62.8,43.47,4.88,46.37,3792.4,4113.85,3115.23,-0.15σ,0.73,なし,通常,買い,アンチ,1,0.0,3363.16,4343.68,2.0,直近2～5日まで下落、%K反転、%D方向改善,,https://finance.yahoo.co.jp/quote/6754.T
2026-08-13,7912,大日本印刷,プライム,3302.0,1.79,8.98,11.2,6.55,1.16,94.16,3273.0,3330.0,3221.0,3330.0,3330.0,2910.0,2833.5,2965.91,2844.09,2844.09,6,C,93.77,54.75,21.17,69.57,3099.1,2927.53,2855.04,+1.76σ,1.15,陰線→陽線,なし,買い,底固め,1,0.0,2910.0,4086.0,2.0,%K反転、%D方向改善、直近下落なし（B以下に制限）、直近安値切り上げ、BB幅収縮、RSI安値切り上げ、レンジ上限突破,,https://finance.yahoo.co.jp/quote/7912.T
2026-08-13,2222,寿スピリッツ,プライム,2687.5,3.9,3.01,5.81,4.56,0.72,85.14,2648.5,2692.0,2630.5,2692.0,2692.0,2550.0,2352.5,2496.53,2431.96,2431.96,6,C,98.08,74.17,4.84,64.63,2570.2,2321.57,2048.56,+1.96σ,0.87,陰線→陽線,強,買い,底固め / アンチ,2,0.0,2550.0,2962.5,2.0,%K反転、%D方向改善、直近下落なし（B以下に制限）、直近安値切り上げ、BB幅収縮、RSI安値切り上げ、レンジ上限突破,,https://finance.yahoo.co.jp/quote/2222.T
2026-08-13,4109,ステラ　ケミファ,プライム,5540.0,2.03,4.92,-3.48,1.44,0.34,292.77,5480.0,5620.0,5520.0,5620.0,5620.0,4970.0,4835.0,5125.71,4859.93,4859.93,6,C,68.67,47.19,12.31,48.8,5461.6,6257.47,5296.65,+0.56σ,0.96,なし,なし,買い,底固め,1,0.0,4970.0,6680.0,2.0,%K反転、%D方向改善、直近下落なし（B以下に制限）、直近安値切り上げ、BB幅収縮、RSI安値切り上げ,,https://finance.yahoo.co.jp/quote/4109.T
2026-08-13,1982,日比谷総合設備,プライム,2984.0,1.95,6.15,2.72,3.52,0.57,129.1,2954.0,3005.0,2932.0,3005.0,3005.0,2811.0,2675.0,2786.12,2708.4,2708.4,6,C,45.88,43.63,-4.88,54.16,2882.48,2997.21,2751.64,+1.55σ,0.68,なし,なし,買い,底固め,1,0.0,2790.36,3371.29,2.0,%K反転、%D方向改善、直近下落なし（B以下に制限）、直近安値切り上げ、BB幅収縮、RSI安値切り上げ,,https://finance.yahoo.co.jp/quote/1982.T
2026-08-13,7752,リコー,プライム,1651.0,0.73,2.17,7.66,5.7,0.58,44.2,1652.0,1654.5,1629.0,1654.5,1654.5,1521.5,1480.5,1528.68,1479.21,1479.21,6,C,97.68,56.3,2.57,64.07,1562.02,1473.83,1418.51,+1.47σ,0.57,陰線→陽線 / 前日安値割れ反転,通常,買い,アンチ,1,0.0,1521.5,1910.0,2.0,%K反転、%D方向改善、長い下ヒゲ反転、直近下落なし（B以下に制限）,,https://finance.yahoo.co.jp/quote/7752.T
2026-08-13,7751,キヤノン,プライム,4575.0,0.24,-1.29,2.6,2.04,0.48,98.65,4638.0,4588.0,4541.0,4638.0,4658.0,4472.0,4364.0,4434.12,4345.29,4345.29,6,C,68.91,45.81,3.45,56.1,4483.64,4313.03,4476.73,+0.59σ,0.6,陰線→陽線 / 前日安値割れ反転,通常,買い,アンチ,1,0.0,4427.03,4870.94,2.0,%K反転、%D方向改善、長い下ヒゲ反転、直近下落なし（B以下に制限）,,https://finance.yahoo.co.jp/quote/7751.T
2026-08-13,7744,ノーリツ鋼機,プライム,2126.0,2.51,3.81,4.01,6.18,1.19,53.92,2115.0,2136.0,2072.0,2136.0,2136.0,2010.0,1910.0,1960.0,1913.15,1913.15,6,除外,94.48,74.43,12.11,66.21,2002.28,2028.64,1998.31,+2.54σ,1.08,陰線→陽線,通常,買い,底固め / アンチ,2,0.0,2010.0,2358.0,2.0,%K反転、%D方向改善、直近下落なし（B以下に制限）、直近安値切り上げ、RSI安値切り上げ、レンジ上限突破,急騰済み（BB +2σ大幅超過）,https://finance.yahoo.co.jp/quote/7744.T
2026-08-13,7730,マニー,プライム,1604.0,0.06,5.25,5.74,1.14,0.69,36.27,1603.0,1620.0,1595.0,1620.0,1620.0,1508.0,1489.0,1500.12,1446.64,1446.64,6,C,87.79,49.87,22.93,53.67,1585.92,1668.09,1582.23,+0.94σ,0.76,強気包み足,なし,買い,底固め,1,0.0,1508.0,1796.0,2.0,%D方向改善、陽の包み足、直近下落なし（B以下に制限）、直近安値切り上げ、ATR低下、RSI安値切り上げ、レンジ上限突破,,https://finance.yahoo.co.jp/quote/7730.T
2026-08-13,6882,三社電機製作所,スタンダード,1240.0,3.16,4.11,4.38,7.28,0.75,54.48,1218.0,1249.0,1208.0,1249.0,1249.0,1154.0,1028.0,1103.06,1056.41,1056.41,6,C,91.96,75.16,16.5,58.51,1155.8,1252.16,1074.76,+1.94σ,0.77,なし,なし,買い,底固め,1,0.0,1154.0,1412.0,2.0,%K反転、%D方向改善、直近下落なし（B以下に制限）、直近安値切り上げ、BB幅収縮、RSI安値切り上げ、レンジ上限突破,,https://finance.yahoo.co.jp/quote/6882.T
2026-08-13,3040,ソリトンシステムズ,プライム,2444.0,6.31,21.83,23.43,21.37,1.99,78.03,2334.0,2488.0,2333.0,2488.0,2488.0,1961.0,1875.0,1900.93,1778.25,1778.25,6,除外,91.74,74.48,15.69,81.43,2013.64,2016.61,1933.8,+3.43σ,5.43,なし,通常,買い,底固め / アンチ,2,0.0,1961.0,3410.0,2.0,%K反転、%D方向改善、直近下落なし（B以下に制限）、直近安値切り上げ、RSI安値切り上げ、レンジ上限突破,急騰済み（3営業日急騰、5営業日急騰、25日線上方乖離、高RSI、BB +2σ大幅超過）,https://finance.yahoo.co.jp/quote/3040.T
2026-08-13,4689,ＬＩＮＥヤフー,プライム,499.5,-0.04,3.29,8.33,9.29,0.97,14.17,499.9,501.3,487.6,501.3,501.3,458.1,429.9,440.24,420.91,420.91,6,除外,96.43,70.41,8.87,73.27,457.02,430.06,418.03,+2.06σ,1.11,強気包み足,なし,買い,底固め,1,0.0,458.1,582.3,2.0,%D方向改善、陽の包み足、直近下落なし（B以下に制限）、直近安値切り上げ、BB幅収縮、RSI安値切り上げ,急騰済み（高RSI）,https://finance.yahoo.co.jp/quote/4689.T
2026-08-13,4668,明光ネットワークジャパン,プライム,776.0,0.13,1.17,2.51,1.56,0.57,10.46,776.0,777.0,771.0,777.0,777.0,760.0,743.0,765.59,753.24,753.24,6,C,95.0,33.17,-2.71,60.97,764.08,710.6,712.74,-0.16σ,0.8,なし,なし,買い,底固め,1,0.0,760.0,808.0,2.0,%K反転、%D方向改善、直近下落なし（B以下に制限）、直近安値切り上げ、BB幅収縮、RSI安値切り上げ,,https://finance.yahoo.co.jp/quote/4668.T
2026-08-13,4634,ａｒｔｉｅｎｃｅ,プライム,5110.0,1.79,7.35,10.61,12.16,0.64,125.08,5060.0,5120.0,5040.0,5120.0,5120.0,4640.0,4340.0,4432.38,4250.76,4250.76,6,除外,98.53,72.31,13.64,81.99,4556.0,4276.67,3879.62,+2.73σ,1.18,なし,なし,買い,底固め,1,0.0,4640.0,6050.0,2.0,%K反転、%D方向改善、直近下落なし（B以下に制限）、直近安値切り上げ、RSI安値切り上げ、レンジ上限突破,急騰済み（25日線上方乖離、高RSI、BB +2σ大幅超過）,https://finance.yahoo.co.jp/quote/4634.T
2026-08-13,4396,システムサポートホールディングス,プライム,1401.0,10.49,23.0,25.65,25.12,2.53,44.62,1300.0,1413.0,1300.0,1413.0,1413.0,1111.0,1065.0,1060.9,987.26,987.26,6,除外,96.37,69.43,2.95,85.99,1119.76,1052.33,1234.12,+3.62σ,3.39,なし,通常,買い,底固め / アンチ,2,0.0,1111.0,1981.0,2.0,%K反転、%D方向改善、直近下落なし（B以下に制限）、直近安値切り上げ、BB幅収縮、RSI安値切り上げ、レンジ上限突破,急騰済み（当日急騰、3営業日急騰、5営業日急騰、25日線上方乖離、高RSI、BB +2σ大幅超過、ストップ高に近い急騰）,https://finance.yahoo.co.jp/quote/4396.T
2026-08-13,4228,積水化成品工業,プライム,643.0,4.05,4.72,9.35,18.11,1.19,25.99,636.0,643.0,612.0,643.0,643.0,583.0,486.0,504.29,456.67,456.67,6,除外,100.0,87.84,14.9,72.12,544.4,530.33,464.22,+1.91σ,1.32,陰線→陽線,通常,買い,アンチ,1,0.0,583.0,763.0,2.0,%K反転、%D方向改善、出来高増加を伴う反転、直近下落なし（B以下に制限）,急騰済み（25日線上方乖離、高RSI）,https://finance.yahoo.co.jp/quote/4228.T
2026-08-13,4194,ビジョナル,プライム,9050.0,-1.93,0.56,4.08,4.2,0.96,309.23,9434.0,9121.0,8823.0,9434.0,9434.0,8589.0,8143.0,8453.49,8136.88,8136.88,6,C,54.56,53.59,-3.61,59.93,8684.88,7968.08,8563.29,+0.88σ,1.65,長い下ヒゲ（ハンマー）,なし,買い,底固め,1,0.0,8586.16,9977.69,2.0,長い下ヒゲ反転、出来高増加を伴う反転、直近下落なし（B以下に制限）、直近安値切り上げ、BB幅収縮、RSI安値切り上げ,,https://finance.yahoo.co.jp/quote/4194.T
2026-08-13,7381,ＣＣＩグループ,プライム,1257.0,3.46,3.54,7.8,10.78,0.68,44.35,1241.0,1257.0,1227.0,1257.0,1257.0,1166.0,1040.0,1106.63,1057.87,1057.87,6,除外,100.0,72.91,6.46,68.55,1134.72,1047.95,925.98,+2.08σ,0.77,陰線→陽線,通常,買い,底固め / アンチ,2,0.0,1166.0,1439.0,2.0,%K反転、%D方向改善、直近下落なし（B以下に制限）、直近安値切り上げ、BB幅収縮、RSI安値切り上げ、レンジ上限突破,急騰済み（25日線上方乖離）,https://finance.yahoo.co.jp/quote/7381.T
2026-08-13,7380,十六フィナンシャルグループ,プライム,2579.0,6.39,6.75,8.18,5.19,1.38,97.76,2433.0,2596.0,2461.0,2596.0,2596.0,2347.0,2265.0,2355.69,2267.28,2267.28,6,C,93.7,48.63,1.29,60.42,2451.64,2260.83,1834.23,+1.53σ,1.31,なし,なし,買い,底固め,1,0.0,2347.0,3043.0,2.0,%K反転、%D方向改善、直近下落なし（B以下に制限）、直近安値切り上げ、出来高減少後の増加、RSI安値切り上げ、レンジ上限突破,,https://finance.yahoo.co.jp/quote/7380.T
2026-08-13,7337,ひろぎんホールディングス,プライム,2350.0,2.78,3.62,5.88,4.83,0.86,62.35,2302.0,2354.5,2301.0,2354.5,2354.5,2218.5,2111.0,2194.35,2141.59,2141.59,6,C,97.9,56.68,4.32,62.95,2241.62,2101.44,1841.26,+1.95σ,0.84,なし,なし,買い,底固め,1,0.0,2218.5,2613.0,2.0,%K反転、%D方向改善、直近下落なし（B以下に制限）、直近安値切り上げ、BB幅収縮、RSI安値切り上げ、レンジ上限突破,,https://finance.yahoo.co.jp/quote/7337.T
2026-08-13,7327,第四北越フィナンシャルグループ,プライム,2494.0,2.8,5.14,5.99,7.32,0.81,66.91,2431.0,2496.0,2442.0,2496.0,2496.0,2314.0,2181.0,2274.85,2211.99,2211.99,6,除外,99.1,67.44,7.51,67.2,2323.84,2149.37,1913.53,+2.49σ,0.96,なし,なし,買い,底固め,1,0.0,2314.0,2854.0,2.0,%K反転、%D方向改善、直近下落なし（B以下に制限）、直近安値切り上げ、BB幅収縮、RSI安値切り上げ、レンジ上限突破,急騰済み（BB +2σ大幅超過）,https://finance.yahoo.co.jp/quote/7327.T
2026-08-13,7280,ミツバ,プライム,1231.0,3.27,4.06,4.41,4.59,1.1,40.18,1207.0,1234.0,1190.0,1234.0,1234.0,1167.0,1122.0,1157.35,1135.45,1135.45,6,除外,97.3,71.11,5.37,59.92,1177.0,1177.65,1162.96,+2.36σ,0.79,陰線→陽線,強,買い,底固め / アンチ,2,0.0,1167.0,1359.0,2.0,%K反転、%D方向改善、直近下落なし（B以下に制限）、直近安値切り上げ、BB幅収縮、RSI安値切り上げ、レンジ上限突破,急騰済み（BB +2σ大幅超過）,https://finance.yahoo.co.jp/quote/7280.T
2026-08-13,7189,西日本フィナンシャルホールディングス,プライム,4781.0,3.04,5.49,7.7,8.91,0.88,149.71,4640.0,4781.0,4650.0,4781.0,4781.0,4377.0,4049.0,4248.45,4094.39,4094.39,6,除外,100.0,63.05,5.16,65.79,4389.68,4178.24,3758.12,+2.46σ,1.06,なし,なし,買い,底固め,1,0.0,4377.0,5589.0,2.0,%K反転、%D方向改善、直近下落なし（B以下に制限）、直近安値切り上げ、RSI安値切り上げ、レンジ上限突破,急騰済み（BB +2σ大幅超過）,https://finance.yahoo.co.jp/quote/7189.T
2026-08-13,7186,横浜フィナンシャルグループ,プライム,1927.0,2.8,4.79,3.88,2.37,0.81,57.51,1887.5,1927.0,1880.5,1927.0,1927.0,1786.0,1750.0,1827.22,1775.07,1775.07,6,C,100.0,48.7,3.69,59.33,1882.32,1729.75,1505.6,+0.91σ,0.89,なし,なし,買い,底固め,1,0.0,1786.0,2209.0,2.0,%K反転、%D方向改善、直近下落なし（B以下に制限）、直近安値切り上げ、BB幅収縮、RSI安値切り上げ、レンジ上限突破,,https://finance.yahoo.co.jp/quote/7186.T
2026-08-13,7184,富山第一銀行,プライム,3265.0,7.4,6.87,8.47,11.08,1.44,146.23,3065.0,3295.0,3085.0,3295.0,3295.0,2945.0,2631.0,2869.75,2745.8,2745.8,6,除外,92.56,57.01,-0.87,64.15,2939.44,2675.81,2321.3,+2.19σ,0.98,陰線→陽線,なし,買い,底固め,1,0.0,2945.0,3905.0,2.0,%K反転、%D方向改善、直近下落なし（B以下に制限）、直近安値切り上げ、BB幅収縮、RSI安値切り上げ、レンジ上限突破,急騰済み（25日線上方乖離）,https://finance.yahoo.co.jp/quote/7184.T
2026-08-13,7167,めぶきフィナンシャルグループ,プライム,1637.0,2.73,3.61,7.56,7.03,0.84,50.28,1604.5,1638.5,1596.5,1638.5,1638.5,1541.5,1408.0,1474.39,1422.67,1422.67,6,C,99.11,62.82,1.07,63.7,1529.5,1426.4,1243.19,+2.14σ,0.81,なし,なし,買い,底固め,1,0.0,1541.5,1828.0,2.0,%K反転、%D方向改善、直近下落なし（B以下に制限）、直近安値切り上げ、BB幅収縮、RSI安値切り上げ、レンジ上限突破,,https://finance.yahoo.co.jp/quote/7167.T
2026-08-13,7164,全国保証,プライム,3132.0,0.58,1.1,3.09,0.94,0.72,53.9,3119.0,3132.0,3093.0,3132.0,3132.0,3032.0,3009.0,3052.6,3003.14,3003.14,6,C,100.0,47.79,-0.76,55.85,3102.76,3022.45,3103.34,+0.61σ,0.94,なし,なし,買い,底固め,1,0.0,3032.0,3332.0,2.0,%K反転、%D方向改善、直近下落なし（B以下に制限）、直近安値切り上げ、BB幅収縮、RSI安値切り上げ,,https://finance.yahoo.co.jp/quote/7164.T
2026-08-13,7011,三菱重工業,プライム,4256.0,3.96,5.24,6.4,9.55,0.98,155.56,4094.0,4275.0,4123.0,4275.0,4275.0,3925.0,3621.0,3766.32,3623.98,3623.98,6,除外,96.63,64.39,12.76,66.49,3884.84,3945.45,4271.54,+2.44σ,1.21,なし,なし,買い,底固め,1,0.0,3925.0,4918.0,2.0,%K反転、%D方向改善、直近下落なし（B以下に制限）、直近安値切り上げ、RSI安値切り上げ、レンジ上限突破,急騰済み（BB +2σ大幅超過）,https://finance.yahoo.co.jp/quote/7011.T
2026-08-13,6952,カシオ計算機,プライム,2488.5,5.22,13.04,6.76,26.97,1.04,92.13,2381.0,2490.5,2395.0,2490.5,2490.5,2186.0,1697.5,1718.64,1449.47,1449.47,6,除外,99.45,86.05,18.27,76.29,1959.86,1829.31,1556.55,+1.86σ,1.23,なし,なし,買い,底固め,1,0.0,2186.0,3093.5,2.0,%K反転、%D方向改善、直近下落なし（B以下に制限）、直近安値切り上げ、RSI安値切り上げ、レンジ上限突破,急騰済み（3営業日急騰、25日線上方乖離、高RSI）,https://finance.yahoo.co.jp/quote/6952.T
2026-08-13,4565,ネクセラファーマ,プライム,1087.0,8.48,25.66,23.66,19.94,1.69,44.26,1012.0,1095.0,1020.0,1095.0,1095.0,849.0,833.0,852.03,797.16,797.16,6,除外,96.89,56.12,25.0,72.8,906.28,986.99,923.06,+3.28σ,3.03,なし,なし,買い,底固め,1,0.0,849.0,1563.0,2.0,%K反転、%D方向改善、直近下落なし（B以下に制限）、直近安値切り上げ、RSI安値切り上げ、レンジ上限突破,急騰済み（当日急騰、3営業日急騰、5営業日急騰、25日線上方乖離、高RSI、BB +2σ大幅超過）,https://finance.yahoo.co.jp/quote/4565.T
2026-08-13,4552,ＪＣＲファーマ,プライム,527.0,3.54,5.4,7.77,5.12,0.9,17.72,512.0,528.0,512.0,528.0,528.0,484.0,453.0,490.33,472.6,472.6,6,C,98.51,51.57,10.46,62.86,501.32,493.85,592.28,+1.07σ,0.95,なし,通常,買い,底固め / アンチ,2,0.0,484.0,613.0,2.0,%K反転、%D方向改善、直近下落なし（B以下に制限）、直近安値切り上げ、BB幅収縮、RSI安値切り上げ、レンジ上限突破,,https://finance.yahoo.co.jp/quote/4552.T
2026-08-13,4543,テルモ,プライム,2620.5,0.85,10.43,14.53,13.7,0.8,80.75,2625.5,2636.0,2571.0,2636.0,2636.0,2280.0,2133.0,2189.27,2054.64,2054.64,6,除外,95.65,64.34,4.46,72.34,2304.7,2234.96,2233.01,+2.20σ,1.27,陰線→陽線 / 長い下ヒゲ（ハンマー）,通常,買い,アンチ,1,0.0,2280.0,3301.5,2.0,%K反転、%D方向改善、長い下ヒゲ反転、直近下落なし（B以下に制限）,急騰済み（25日線上方乖離、高RSI、BB +2σ大幅超過）,https://finance.yahoo.co.jp/quote/4543.T
2026-08-13,4475,ＨＥＮＮＧＥ,グロース,1444.0,-0.07,-2.17,-4.94,8.27,0.8,71.37,1530.0,1457.0,1400.0,1530.0,1530.0,1400.0,1232.0,1281.43,1199.32,1199.32,6,C,55.67,59.41,0.68,62.17,1333.68,1165.23,1169.86,+0.98σ,0.85,陰線→陽線 / 2～5日下落後の陽線,なし,買い,底固め,1,0.0,1336.95,1658.11,2.0,直近2～5日まで下落、2～5日下落後の陽線、直近安値切り上げ、BB幅収縮、RSI安値切り上げ,,https://finance.yahoo.co.jp/quote/4475.T
2026-08-13,4425,Ｋｕｄａｎ,グロース,1720.0,0.0,2.14,0.0,-2.35,0.55,93.11,1755.0,1755.0,1704.0,1755.0,1755.0,1620.0,1500.0,1610.44,1496.84,1496.84,6,C,76.67,61.63,20.26,47.39,1761.4,1989.01,1751.75,-0.04σ,0.96,強気包み足 / はらみ足,なし,買い,底固め,1,0.0,1580.33,1999.33,2.0,%D方向改善、陽の包み足、直近下落なし（B以下に制限）、直近安値切り上げ、ATR低下、RSI安値切り上げ,,https://finance.yahoo.co.jp/quote/4425.T
2026-08-13,4418,ＪＤＳＣ,グロース,801.0,0.75,3.62,2.04,-1.08,0.4,42.19,800.0,807.0,790.0,807.0,807.0,754.0,728.0,763.59,708.99,708.99,6,C,81.03,50.91,16.01,53.0,809.76,753.77,971.8,-0.31σ,0.26,なし,なし,買い,底固め,1,0.0,737.71,927.57,2.0,%K反転、%D方向改善、直近下落なし（B以下に制限）、直近安値切り上げ、BB幅収縮、RSI安値切り上げ,,https://finance.yahoo.co.jp/quote/4418.T
2026-08-13,2269,明治ホールディングス,プライム,4192.0,0.12,2.0,16.12,8.82,0.76,121.1,4275.0,4220.0,4128.0,4275.0,4275.0,3730.0,3598.0,3680.05,3498.05,3498.05,6,C,87.74,57.79,3.5,67.15,3852.16,3757.92,3642.14,+1.81σ,0.76,前日安値割れ反転,通常,買い,アンチ,1,0.0,3730.0,5116.0,2.0,%K反転、%D方向改善、長い下ヒゲ反転、直近下落なし（B以下に制限）,,https://finance.yahoo.co.jp/quote/2269.T
2026-08-13,8897,ＭＩＲＡＲＴＨホールディングス,プライム,452.0,2.26,9.98,12.44,8.74,1.33,9.01,448.0,454.0,442.0,454.0,454.0,404.0,402.0,403.43,390.21,390.21,6,除外,96.15,42.03,6.86,73.46,415.68,410.24,402.08,+2.67σ,3.46,陰線→陽線,通常,買い,アンチ,1,0.0,404.0,548.0,2.0,%K反転、%D方向改善、出来高増加を伴う反転、直近下落なし（B以下に制限）,急騰済み（高RSI、BB +2σ大幅超過）,https://finance.yahoo.co.jp/quote/8897.T
2026-08-13,3668,コロプラ,プライム,415.0,-0.24,2.22,7.24,5.61,0.8,11.22,416.0,417.0,408.0,417.0,417.0,398.0,376.0,383.62,372.99,372.99,6,C,93.55,65.82,6.04,64.4,392.96,387.88,420.66,+1.95σ,1.0,強気包み足,なし,買い,底固め,1,0.0,398.0,449.0,2.0,%D方向改善、陽の包み足、直近下落なし（B以下に制限）、直近安値切り上げ、BB幅収縮、RSI安値切り上げ,,https://finance.yahoo.co.jp/quote/3668.T
2026-08-13,9984,ソフトバンクグループ,プライム,5575.0,1.0,0.41,-6.43,-1.08,0.28,406.38,5554.0,5682.0,5568.0,5682.0,5682.0,5321.0,4500.0,5105.06,4706.56,4706.56,6,C,54.4,59.89,11.62,48.32,5635.96,6220.88,5122.65,+0.18σ,0.54,なし,通常,買い,アンチ,1,0.0,4965.43,6794.14,2.0,直近2～5日まで下落、%K反転、%D方向改善,,https://finance.yahoo.co.jp/quote/9984.T
2026-08-13,8892,エスコン,プライム,1106.0,1.28,2.88,3.17,0.59,1.04,20.23,1096.0,1106.0,1085.0,1106.0,1106.0,1069.0,1047.0,1077.76,1060.11,1060.11,6,C,100.0,50.07,5.28,56.42,1099.56,1105.84,1107.04,+0.60σ,0.78,陰線→陽線,なし,買い,底固め,1,0.0,1069.0,1180.0,2.0,%K反転、%D方向改善、直近下落なし（B以下に制限）、直近安値切り上げ、BB幅収縮、RSI安値切り上げ,,https://finance.yahoo.co.jp/quote/8892.T
2026-08-13,5830,いよぎんホールディングス,プライム,3979.0,3.89,4.35,10.19,12.42,0.91,142.28,3873.0,3987.0,3857.0,3987.0,3987.0,3610.0,3137.0,3424.52,3250.49,3250.49,6,除外,98.32,63.95,-0.41,70.56,3539.56,3249.95,2963.96,+2.19σ,0.87,なし,なし,買い,底固め,1,0.0,3610.0,4717.0,2.0,%K反転、%D方向改善、直近下落なし（B以下に制限）、直近安値切り上げ、RSI安値切り上げ、レンジ上限突破,急騰済み（25日線上方乖離）,https://finance.yahoo.co.jp/quote/5830.T
2026-08-13,5805,ＳＷＣＣ,プライム,13930.0,2.58,7.48,9.25,19.19,0.62,833.51,13740.0,14280.0,13760.0,14280.0,14280.0,11400.0,10070.0,10680.63,9620.76,9620.76,6,除外,88.26,78.81,10.25,63.71,11687.2,13534.13,12438.2,+2.07σ,0.92,なし,通常,買い,底固め / アンチ,2,0.0,11400.0,18990.0,2.0,%K反転、%D方向改善、直近下落なし（B以下に制限）、直近安値切り上げ、BB幅収縮、RSI安値切り上げ,急騰済み（25日線上方乖離）,https://finance.yahoo.co.jp/quote/5805.T
2026-08-13,9107,川崎汽船,プライム,2903.5,1.13,1.7,6.96,5.23,0.55,75.48,2948.5,2912.0,2870.5,2948.5,2948.5,2685.0,2626.0,2734.96,2663.59,2663.59,6,C,82.92,67.35,1.67,63.22,2759.1,2614.52,2437.07,+1.36σ,0.93,陰線→陽線 / はらみ足 / 長い下ヒゲ（ハンマー）,通常,買い,アンチ,1,0.0,2685.0,3340.5,2.0,%K反転、%D方向改善、長い下ヒゲ反転、直近下落なし（B以下に制限）,,https://finance.yahoo.co.jp/quote/9107.T
2026-08-13,1963,日揮ホールディングス,プライム,2291.0,0.53,0.26,-1.55,0.0,0.49,80.25,2307.0,2320.0,2280.5,2320.0,2320.0,2162.0,2149.0,2246.41,2209.16,2209.16,6,C,66.67,56.0,0.61,45.08,2290.9,2478.36,2221.06,+0.20σ,0.71,なし,通常,買い,アンチ,1,0.0,2162.0,2549.0,2.0,直近2～5日まで下落、%K反転、%D方向改善,,https://finance.yahoo.co.jp/quote/1963.T
2026-08-13,9722,藤田観光,プライム,2370.0,1.46,6.04,23.82,18.34,0.79,87.11,2382.0,2371.0,2302.0,2382.0,2382.0,1945.0,1882.0,1877.63,1725.91,1725.91,6,除外,97.46,58.59,3.27,77.29,2002.64,1924.96,2179.08,+2.25σ,0.94,陰線→陽線 / はらみ足 / 長い下ヒゲ（ハンマー）,通常,買い,アンチ,1,0.0,1945.0,3220.0,2.0,%K反転、%D方向改善、長い下ヒゲ反転、直近下落なし（B以下に制限）,急騰済み（5営業日急騰、25日線上方乖離、高RSI、BB +2σ大幅超過）,https://finance.yahoo.co.jp/quote/9722.T
2026-08-13,1951,エクシオグループ,プライム,2621.5,-0.4,-2.04,0.98,-0.34,0.68,70.24,2643.5,2655.5,2607.5,2655.5,2655.5,2569.0,2516.0,2582.71,2544.04,2544.04,5,C,36.7,34.41,-12.52,47.21,2630.38,2755.83,2656.32,+0.00σ,0.88,強気包み足,なし,買い,底固め,1,0.0,2516.15,2832.21,2.0,陽の包み足、直近下落なし（B以下に制限）、直近安値切り上げ、BB幅収縮、RSI安値切り上げ,,https://finance.yahoo.co.jp/quote/1951.T
2026-08-13,5817,ＪＭＡＣＳ,スタンダード,1015.0,-0.88,1.6,-1.26,7.76,0.41,58.55,1035.0,1030.0,1006.0,1035.0,1068.0,962.0,860.0,917.26,865.37,865.37,5,C,55.08,69.04,17.2,57.1,941.88,1033.04,1056.21,+0.88σ,0.22,はらみ足,なし,買い,底固め,1,0.0,927.18,1190.65,2.0,直近2～5日まで下落、%D方向改善、直近安値切り上げ、ATR低下、BB幅収縮、RSI安値切り上げ,,https://finance.yahoo.co.jp/quote/5817.T
2026-08-13,9348,ｉｓｐａｃｅ,グロース,421.0,0.0,1.45,-0.24,-0.37,0.46,15.3,424.0,424.0,417.0,424.0,424.0,409.0,397.0,405.14,395.23,395.23,5,C,85.0,61.49,17.37,47.06,422.56,481.52,497.56,+0.60σ,0.56,はらみ足,なし,買い,底固め,1,0.0,398.05,466.89,2.0,直近2～5日まで下落、%D方向改善、直近安値切り上げ、ATR低下、RSI安値切り上げ,,https://finance.yahoo.co.jp/quote/9348.T
2026-08-13,4222,児玉化学工業,スタンダード,692.0,11.43,13.82,12.89,12.93,1.28,32.91,629.0,721.0,679.0,721.0,721.0,590.0,538.0,571.2,538.99,538.99,5,除外,80.79,70.26,22.48,65.42,612.76,754.76,848.24,+2.75σ,16.0,陰線→陽線,なし,買い,底固め,1,0.0,590.0,896.0,2.0,%D方向改善、出来高増加を伴う反転、直近下落なし（B以下に制限）、直近安値切り上げ、RSI安値切り上げ、レンジ上限突破,急騰済み（当日急騰、3営業日急騰、25日線上方乖離、BB +2σ大幅超過）,https://finance.yahoo.co.jp/quote/4222.T
2026-08-13,7701,島津製作所,プライム,4266.0,0.92,4.61,3.77,3.2,0.61,111.62,4227.0,4266.0,4198.0,4266.0,4266.0,3850.0,3850.0,4069.25,3996.9,3996.9,5,C,100.0,60.12,12.43,61.0,4133.68,3917.73,4058.72,+1.72σ,0.91,長い下ヒゲ（ハンマー）,なし,買い,底固め,1,0.0,3850.0,5098.0,2.0,%D方向改善、長い下ヒゲ反転、直近下落なし（B以下に制限）、BB幅収縮、RSI安値切り上げ、レンジ上限突破,,https://finance.yahoo.co.jp/quote/7701.T
2026-08-13,6966,三井ハイテック,プライム,943.0,-0.63,-1.15,-3.18,1.12,0.55,49.41,973.0,966.0,939.0,973.0,975.0,927.0,821.0,884.27,844.9,844.9,5,C,47.47,66.58,9.2,50.63,932.52,890.37,799.98,+0.49σ,0.54,なし,なし,買い,底固め,1,0.0,868.88,1091.24,2.0,直近2～5日まで下落、%D方向改善、直近安値切り上げ、ATR低下、BB幅収縮、RSI安値切り上げ,,https://finance.yahoo.co.jp/quote/6966.T
2026-08-13,3676,デジタルハーツホールディングス,プライム,1058.0,0.09,17.17,40.69,34.8,0.07,30.45,1060.0,1059.0,1057.0,1060.0,1060.0,747.0,715.0,684.0,569.69,569.69,5,除外,99.36,74.24,5.27,90.61,784.88,761.72,859.4,+2.27σ,2.1,陰線→陽線 / はらみ足,通常,買い,アンチ,1,0.0,747.0,1680.0,2.0,%K反転、出来高増加を伴う反転、直近下落なし（B以下に制限）,急騰済み（3営業日急騰、5営業日急騰、25日線上方乖離、高RSI、BB +2σ大幅超過）,https://finance.yahoo.co.jp/quote/3676.T
2026-08-13,2590,ダイドーグループホールディングス,プライム,2927.0,-0.61,-0.58,4.39,0.28,0.46,73.93,2972.0,2944.0,2910.0,2972.0,2972.0,2835.0,2766.0,2876.46,2810.61,2810.61,5,C,78.16,45.82,-5.19,54.09,2918.72,2696.0,2610.89,-0.23σ,0.35,陰線→陽線 / はらみ足,なし,買い,底固め,1,0.0,2816.11,3148.78,2.0,%K反転、直近下落なし（B以下に制限）、直近安値切り上げ、BB幅収縮、RSI安値切り上げ,,https://finance.yahoo.co.jp/quote/2590.T
2026-08-13,7241,フタバ産業,プライム,1067.0,2.2,2.69,2.3,5.23,0.94,20.29,1058.0,1069.0,1050.0,1069.0,1069.0,1035.0,967.0,1002.71,980.23,980.23,5,C,95.83,74.1,-0.28,68.1,1013.96,989.96,1014.03,+1.86σ,1.08,陰線→陽線,なし,買い,底固め,1,0.0,1035.0,1131.0,2.0,%K反転、直近下落なし（B以下に制限）、直近安値切り上げ、RSI安値切り上げ、レンジ上限突破,,https://finance.yahoo.co.jp/quote/7241.T
2026-08-13,7224,新明和工業,プライム,2017.0,0.65,-0.1,1.05,1.46,0.43,53.88,2045.0,2024.0,2001.0,2045.0,2045.0,1982.0,1821.0,1964.61,1938.41,1938.41,5,C,74.77,79.75,9.76,50.93,1987.96,2145.8,2169.34,+1.00σ,0.65,前日安値割れ反転,なし,買い,底固め,1,0.0,1936.18,2178.64,2.0,%D方向改善、長い下ヒゲ反転、直近下落なし（B以下に制限）、直近安値切り上げ、BB幅収縮、RSI安値切り上げ,,https://finance.yahoo.co.jp/quote/7224.T
2026-08-13,7202,いすゞ自動車,プライム,2234.5,-1.74,-2.4,0.07,-4.16,0.86,78.06,2332.5,2285.0,2217.5,2332.5,2332.5,2217.5,2176.0,2257.06,2185.64,2185.64,5,C,37.38,38.58,-16.55,42.9,2331.38,2260.12,2350.34,-1.32σ,0.84,なし,なし,買い,底固め,1,0.0,2117.41,2468.67,2.0,%K反転、直近下落なし（B以下に制限）、直近安値切り上げ、BB幅収縮、RSI安値切り上げ,,https://finance.yahoo.co.jp/quote/7202.T
2026-08-13,7476,アズワン,プライム,2365.5,-1.21,-0.98,2.03,-2.88,0.63,63.28,2424.0,2390.5,2350.5,2424.0,2424.0,2340.0,2310.5,2370.42,2300.44,2300.44,5,C,48.46,31.63,-15.55,46.73,2435.62,2248.42,2325.92,-1.07σ,0.71,なし,なし,買い,底固め,1,0.0,2270.58,2555.34,2.0,%K反転、直近下落なし（B以下に制限）、直近安値切り上げ、BB幅収縮、RSI安値切り上げ,,https://finance.yahoo.co.jp/quote/7476.T
2026-08-13,7609,ダイトロン,プライム,4585.0,0.33,8.39,6.01,24.82,1.03,214.58,4570.0,4680.0,4460.0,4680.0,4680.0,4040.0,3030.0,3243.93,2754.36,2754.36,5,除外,89.14,80.91,19.43,72.08,3673.4,3614.27,2966.84,+1.74σ,0.87,長い下ヒゲ（ハンマー）,なし,買い,底固め,1,0.0,4040.0,5675.0,2.0,%D方向改善、長い下ヒゲ反転、直近下落なし（B以下に制限）、直近安値切り上げ、RSI安値切り上げ、レンジ上限突破,急騰済み（25日線上方乖離、高RSI）,https://finance.yahoo.co.jp/quote/7609.T
2026-08-13,7616,コロワイド,プライム,2089.0,1.78,2.43,6.07,4.46,1.24,53.43,2069.5,2123.0,2056.5,2123.0,2123.0,1991.5,1910.0,1960.15,1899.77,1899.77,5,C,78.95,52.44,-5.93,62.16,1999.72,1877.27,1828.85,+1.13σ,1.3,陰線→陽線,なし,買い,底固め,1,0.0,1991.5,2284.0,2.0,%K反転、直近下落なし（B以下に制限）、直近安値切り上げ、出来高減少後の増加、RSI安値切り上げ,,https://finance.yahoo.co.jp/quote/7616.T
2026-08-13,6232,ＡＣＳＬ,グロース,1715.0,-2.45,-0.69,-6.28,-0.07,0.49,104.97,1770.0,1756.0,1705.0,1770.0,1800.0,1694.0,1462.0,1601.38,1494.16,1494.16,5,C,41.86,61.04,15.96,48.15,1716.28,2079.73,1542.7,+0.06σ,0.54,なし,なし,買い,底固め,1,0.0,1557.54,2029.92,2.0,直近2～5日まで下落、%D方向改善、直近安値切り上げ、ATR低下、RSI安値切り上げ,,https://finance.yahoo.co.jp/quote/6232.T
2026-08-13,6166,中村超硬,グロース,653.0,1.71,2.67,1.4,-1.5,1.06,43.55,648.0,698.0,652.0,698.0,698.0,612.0,572.0,609.46,577.92,577.92,5,C,52.63,60.94,19.01,50.86,662.96,631.83,562.16,+0.38σ,0.92,なし,なし,買い,底固め,1,0.0,587.68,783.64,2.0,直近2～5日まで下落、%D方向改善、直近安値切り上げ、ATR低下、BB幅収縮、RSI安値切り上げ、レンジ上限突破,,https://finance.yahoo.co.jp/quote/6166.T
2026-08-13,6203,豊和工業,スタンダード,1501.0,0.2,0.87,1.76,1.77,0.64,82.34,1541.0,1524.0,1471.0,1541.0,1541.0,1416.0,1296.0,1372.0,1301.39,1301.39,5,C,61.54,60.43,13.65,52.18,1474.92,1535.32,1466.56,+0.83σ,0.33,陰線→陽線 / 前日安値割れ反転,なし,買い,底固め,1,0.0,1377.49,1748.03,2.0,%D方向改善、長い下ヒゲ反転、直近下落なし（B以下に制限）、直近安値切り上げ、ATR低下、RSI安値切り上げ,,https://finance.yahoo.co.jp/quote/6203.T
2026-08-13,8584,ジャックス,プライム,3780.0,0.13,0.93,4.42,1.39,0.76,72.03,3790.0,3800.0,3745.0,3800.0,3800.0,3620.0,3610.0,3681.49,3621.98,3621.98,5,C,89.47,52.09,9.35,57.81,3728.0,3672.33,3993.72,+0.66σ,0.6,前日安値割れ反転,なし,買い,底固め,1,0.0,3620.0,4100.0,2.0,%D方向改善、長い下ヒゲ反転、直近下落なし（B以下に制限）、直近安値切り上げ、BB幅収縮、RSI安値切り上げ,,https://finance.yahoo.co.jp/quote/8584.T
2026-08-13,8439,東京センチュリー,プライム,2564.0,1.6,1.63,3.49,-1.25,0.65,61.24,2534.0,2574.5,2535.0,2574.5,2574.5,2460.5,2435.0,2520.57,2437.56,2437.56,5,C,92.47,29.78,-11.84,50.85,2596.46,2445.99,2200.12,-0.48σ,0.56,なし,なし,買い,BB逆張り,1,0.0,2460.5,2771.0,2.0,BB -1σ以下から反発、%K反転、直近下落なし（B以下に制限）,,https://finance.yahoo.co.jp/quote/8439.T
2026-08-13,3891,ニッポン高度紙工業,スタンダード,7150.0,0.56,4.99,-2.19,0.94,0.7,638.67,7160.0,7510.0,7060.0,7510.0,7510.0,6650.0,5310.0,6330.98,5748.95,5748.95,5,C,47.62,58.42,10.07,48.51,7083.2,7730.33,5021.24,+0.41σ,0.87,なし,なし,買い,底固め,1,0.0,6191.99,9066.01,2.0,直近2～5日まで下落、%D方向改善、直近安値切り上げ、BB幅収縮、RSI安値切り上げ,,https://finance.yahoo.co.jp/quote/3891.T
2026-08-13,1814,大末建設,プライム,3670.0,0.0,-0.54,-3.42,2.47,0.41,122.71,3800.0,3705.0,3655.0,3800.0,3835.0,3650.0,3385.0,3507.48,3408.96,3408.96,5,C,57.47,51.64,2.05,56.33,3581.4,3375.13,3602.8,+0.65σ,0.63,なし,なし,買い,底固め,1,0.0,3485.93,4038.14,2.0,直近2～5日まで下落、%D方向改善、直近安値切り上げ、BB幅収縮、RSI安値切り上げ,,https://finance.yahoo.co.jp/quote/1814.T
2026-08-13,1333,Ｕｍｉｏｓ,プライム,1282.5,0.35,0.94,2.11,-2.22,0.47,23.4,1286.0,1288.0,1277.0,1288.0,1288.0,1254.0,1230.0,1278.19,1245.33,1245.33,5,C,73.94,32.13,-10.26,44.14,1311.58,1291.55,1330.19,-0.87σ,0.98,陰線→陽線,なし,買い,BB逆張り,1,0.0,1247.39,1352.71,2.0,BB -1σ以下から反発、%K反転、直近下落なし（B以下に制限）,,https://finance.yahoo.co.jp/quote/1333.T
2026-08-13,6532,ベイカレント,プライム,7359.0,-0.27,3.33,5.55,6.95,0.8,311.8,7471.0,7426.0,7175.0,7471.0,7471.0,6843.0,6137.0,6527.67,6137.28,6137.28,5,C,83.06,53.18,-0.78,63.1,6880.48,6061.53,5926.05,+1.13σ,0.61,強気包み足,なし,買い,底固め,1,0.0,6843.0,8391.0,2.0,陽の包み足、直近下落なし（B以下に制限）、直近安値切り上げ、BB幅収縮、RSI安値切り上げ,,https://finance.yahoo.co.jp/quote/6532.T
2026-08-13,7984,コクヨ,プライム,872.8,-0.72,-0.3,0.89,0.41,0.56,17.33,882.2,878.0,868.3,882.2,882.2,860.2,839.1,858.02,841.64,841.64,5,C,51.7,44.99,-16.06,53.61,869.25,831.28,869.92,-0.10σ,0.63,なし,なし,買い,底固め,1,0.0,846.8,924.8,2.0,%K反転、直近下落なし（B以下に制限）、直近安値切り上げ、BB幅収縮、RSI安値切り上げ,,https://finance.yahoo.co.jp/quote/7984.T
2026-08-13,6613,ＱＤレーザ,グロース,1746.0,0.63,0.11,-2.18,-5.77,0.61,207.31,1824.0,1869.0,1743.0,1869.0,1973.0,1650.0,1208.0,1441.16,1198.03,1198.03,5,C,52.31,64.87,19.31,45.56,1852.88,2211.49,1237.52,+0.25σ,1.22,なし,なし,買い,底固め,1,0.0,1435.04,2367.93,2.0,直近2～5日まで下落、%D方向改善、直近安値切り上げ、ATR低下、RSI安値切り上げ,,https://finance.yahoo.co.jp/quote/6613.T
2026-08-13,4617,中国塗料,プライム,3675.0,-0.27,-1.08,-0.41,1.14,0.82,128.74,3710.0,3745.0,3640.0,3745.0,3760.0,3640.0,3290.0,3568.93,3491.11,3491.11,5,C,75.36,64.87,2.56,54.13,3633.4,3411.77,3866.44,+0.36σ,0.63,なし,なし,買い,底固め,1,0.0,3481.89,4061.22,2.0,直近2～5日まで下落、%D方向改善、直近安値切り上げ、BB幅収縮、RSI安値切り上げ,,https://finance.yahoo.co.jp/quote/4617.T
2026-08-13,6838,多摩川ホールディングス,スタンダード,1515.0,1.61,5.43,-0.07,7.08,0.45,99.97,1506.0,1548.0,1503.0,1548.0,1548.0,1401.0,1161.0,1300.54,1207.02,1207.02,5,C,81.46,77.15,19.48,51.5,1414.84,1790.17,1247.22,+1.29σ,0.54,なし,なし,買い,底固め,1,0.0,1365.04,1814.91,2.0,直近2～5日まで下落、%D方向改善、直近安値切り上げ、ATR低下、BB幅収縮、RSI安値切り上げ,,https://finance.yahoo.co.jp/quote/6838.T
2026-08-13,4828,ビジネスエンジニアリング,プライム,1361.0,3.5,13.42,14.37,14.22,0.98,46.0,1405.0,1364.0,1319.0,1405.0,1405.0,1183.0,1127.0,1152.82,1093.8,1093.8,5,除外,80.7,46.51,-1.79,76.7,1191.52,1126.19,1300.84,+2.53σ,1.97,はらみ足,なし,買い,底固め,1,0.0,1183.0,1717.0,2.0,%K反転、直近下落なし（B以下に制限）、直近安値切り上げ、BB幅収縮、RSI安値切り上げ,急騰済み（3営業日急騰、25日線上方乖離、高RSI、BB +2σ大幅超過）,https://finance.yahoo.co.jp/quote/4828.T
2026-08-13,4819,デジタルガレージ,プライム,2325.0,-0.04,-0.68,0.91,1.63,0.95,89.57,2337.0,2345.0,2260.0,2345.0,2368.0,2260.0,2177.0,2261.27,2204.58,2204.58,5,C,66.14,46.78,-3.09,55.86,2287.76,2179.43,2425.46,+0.12σ,0.97,強気包み足,なし,買い,底固め,1,0.0,2190.65,2593.7,2.0,陽の包み足、直近下落なし（B以下に制限）、直近安値切り上げ、BB幅収縮、RSI安値切り上げ,,https://finance.yahoo.co.jp/quote/4819.T
2026-08-13,4118,カネカ,プライム,6107.0,0.13,2.26,5.8,5.76,1.44,120.69,6099.0,6175.0,6001.0,6175.0,6175.0,5772.0,5538.0,5664.62,5520.08,5520.08,5,C,87.05,64.89,8.47,70.59,5774.6,5535.27,4974.28,+2.06σ,2.0,前日安値割れ反転,なし,買い,底固め,1,0.0,5772.0,6777.0,2.0,%D方向改善、長い下ヒゲ反転、直近下落なし（B以下に制限）、直近安値切り上げ、RSI安値切り上げ、レンジ上限突破,,https://finance.yahoo.co.jp/quote/4118.T
2026-08-13,4091,日本酸素ホールディングス,プライム,6149.0,0.21,1.67,3.59,2.7,1.07,185.06,6184.0,6198.0,6000.0,6198.0,6198.0,5921.0,5521.0,5820.63,5682.27,5682.27,5,C,91.54,67.2,14.85,59.75,5987.32,5874.28,5477.06,+1.37σ,0.83,長い下ヒゲ（ハンマー） / 前日安値割れ反転,なし,買い,底固め,1,0.0,5871.42,6704.17,2.0,%D方向改善、長い下ヒゲ反転、直近下落なし（B以下に制限）、直近安値切り上げ、BB幅収縮、RSI安値切り上げ,,https://finance.yahoo.co.jp/quote/4091.T
2026-08-13,3569,セーレン,プライム,3560.0,3.34,3.79,5.01,8.39,1.62,95.61,3510.0,3615.0,3460.0,3615.0,3615.0,3400.0,3140.0,3178.75,3060.26,3060.26,5,除外,81.03,67.26,4.85,70.07,3284.4,3308.47,3244.22,+2.22σ,3.19,陰線→陽線,なし,買い,底固め,1,0.0,3400.0,3880.0,2.0,%D方向改善、出来高増加を伴う反転、直近下落なし（B以下に制限）、直近安値切り上げ、RSI安値切り上げ、レンジ上限突破,急騰済み（BB +2σ大幅超過）,https://finance.yahoo.co.jp/quote/3569.T
2026-08-13,2127,日本Ｍ＆Ａセンターホールディングス,プライム,662.0,-0.21,3.05,4.17,-0.54,0.69,16.02,663.4,664.2,653.2,664.2,664.2,631.3,612.0,642.95,623.24,623.24,5,C,93.7,52.2,2.55,51.72,665.56,654.16,686.42,-0.03σ,0.92,強気包み足,なし,買い,底固め,1,0.0,631.3,723.4,2.0,陽の包み足、直近下落なし（B以下に制限）、直近安値切り上げ、BB幅収縮、RSI安値切り上げ,,https://finance.yahoo.co.jp/quote/2127.T
2026-08-13,7735,ＳＣＲＥＥＮホールディングス,プライム,14135.0,2.84,8.02,3.25,-7.55,0.65,1063.03,13850.0,14460.0,13770.0,14460.0,14460.0,12810.0,11370.0,12554.14,10432.79,10432.79,5,C,85.29,54.96,21.87,47.07,15288.6,13965.07,10586.47,-0.25σ,0.74,長い下ヒゲ（ハンマー）,なし,買い,底固め,1,0.0,12540.46,17324.08,2.0,%D方向改善、長い下ヒゲ反転、直近下落なし（B以下に制限）、直近安値切り上げ、RSI安値切り上げ、レンジ上限突破,,https://finance.yahoo.co.jp/quote/7735.T
2026-08-13,3099,三越伊勢丹ホールディングス,プライム,3695.0,0.49,1.76,1.68,-1.19,3.23,131.94,3708.0,3909.0,3483.0,3909.0,3909.0,3483.0,3438.0,3555.84,3412.38,3412.38,5,C,54.56,52.99,15.45,49.62,3739.44,3576.36,3016.12,-0.03σ,6.45,前日安値割れ反転,なし,買い,底固め,1,0.0,3483.0,4119.0,2.0,%D方向改善、長い下ヒゲ反転、直近下落なし（B以下に制限）、直近安値切り上げ、出来高減少後の増加、RSI安値切り上げ,,https://finance.yahoo.co.jp/quote/3099.T
2026-08-13,5445,東京鐵鋼,プライム,2001.0,0.15,2.35,2.41,2.96,0.56,32.37,1998.0,2007.0,1989.0,2007.0,2007.0,1942.0,1895.0,1928.73,1905.76,1905.76,5,C,93.48,64.86,-0.03,64.0,1943.44,1868.27,1954.81,+2.15σ,0.87,強気包み足,なし,買い,底固め,1,0.0,1942.0,2119.0,2.0,陽の包み足、直近下落なし（B以下に制限）、直近安値切り上げ、BB幅収縮、RSI安値切り上げ、レンジ上限突破,,https://finance.yahoo.co.jp/quote/5445.T
2026-08-13,8043,スターゼン,プライム,1489.0,7.12,9.08,14.45,12.01,3.3,34.29,1397.0,1503.0,1390.0,1503.0,1503.0,1311.0,1281.0,1288.88,1239.42,1239.42,5,除外,93.27,57.81,1.02,77.22,1329.36,1218.15,1243.71,+3.05σ,2.72,なし,通常,買い,底固め / アンチ,2,0.0,1311.0,1845.0,2.0,%K反転、直近下落なし（B以下に制限）、直近安値切り上げ、BB幅収縮、出来高減少後の増加、RSI安値切り上げ、レンジ上限突破,急騰済み（25日線上方乖離、高RSI、BB +2σ大幅超過）,https://finance.yahoo.co.jp/quote/8043.T
2026-08-13,6524,湖北工業,スタンダード,4840.0,1.26,-2.52,-2.91,5.88,0.55,315.93,4910.0,4965.0,4790.0,4965.0,5070.0,4705.0,3715.0,4264.99,3974.72,3974.72,5,C,47.24,67.96,7.79,51.92,4571.0,5437.6,4351.75,+0.98σ,0.66,なし,なし,買い,底固め,1,0.0,4366.11,5787.78,2.0,直近2～5日まで下落、%D方向改善、直近安値切り上げ、BB幅収縮、RSI安値切り上げ,,https://finance.yahoo.co.jp/quote/6524.T
2026-08-13,6516,山洋電気,プライム,5930.0,2.07,1.19,-2.63,3.4,0.54,297.63,5830.0,6010.0,5850.0,6010.0,6010.0,5640.0,5000.0,5448.57,5213.64,5213.64,5,C,61.19,64.39,8.72,51.59,5735.2,6444.4,5119.38,+1.05σ,0.45,なし,なし,買い,底固め,1,0.0,5483.56,6822.89,2.0,直近2～5日まで下落、%D方向改善、直近安値切り上げ、BB幅収縮、RSI安値切り上げ,,https://finance.yahoo.co.jp/quote/6516.T
2026-08-13,2784,アルフレッサ　ホールディングス,プライム,2231.0,0.77,1.41,4.23,-2.2,0.52,49.36,2225.0,2236.0,2210.5,2236.0,2236.0,2131.5,2131.5,2215.01,2133.1,2133.1,5,C,71.84,26.78,-13.21,46.32,2281.26,2253.04,2365.75,-0.80σ,1.05,陰線→陽線,なし,買い,BB逆張り,1,0.0,2131.5,2430.0,2.0,BB -1σ以下から反発、%K反転、直近下落なし（B以下に制限）,,https://finance.yahoo.co.jp/quote/2784.T
2026-08-13,2809,キユーピー,プライム,4658.0,0.43,0.26,4.65,1.96,0.63,119.91,4653.0,4679.0,4604.0,4679.0,4679.0,4480.0,4395.0,4492.61,4396.21,4396.21,5,C,91.63,49.28,4.47,56.59,4568.4,4281.15,4289.84,+0.72σ,0.65,陰線→陽線 / 長い下ヒゲ（ハンマー）,なし,買い,底固め,1,0.0,4478.13,5017.74,2.0,%D方向改善、長い下ヒゲ反転、直近下落なし（B以下に制限）、直近安値切り上げ、BB幅収縮、RSI安値切り上げ,,https://finance.yahoo.co.jp/quote/2809.T
2026-08-13,6298,ワイエイシイホールディングス,プライム,1284.0,1.58,7.36,4.22,7.02,0.81,56.56,1277.0,1310.0,1264.0,1310.0,1310.0,1170.0,1058.0,1135.57,1082.29,1082.29,5,C,81.43,74.38,19.81,57.12,1199.76,1284.93,1141.96,+1.79σ,1.81,陰線→陽線,なし,買い,底固め,1,0.0,1170.0,1512.0,2.0,%D方向改善、出来高増加を伴う反転、直近下落なし（B以下に制限）、直近安値切り上げ、ATR低下、BB幅収縮、出来高減少後の増加、RSI安値切り上げ、レンジ上限突破,,https://finance.yahoo.co.jp/quote/6298.T
2026-08-13,5016,ＪＸ金属,プライム,3861.0,-1.0,-0.64,-11.24,1.15,0.53,277.53,3900.0,4002.0,3856.0,4002.0,4002.0,3742.0,3218.0,3558.56,3308.08,3308.08,5,C,19.57,60.97,0.48,49.06,3817.08,4128.48,3292.57,+0.21σ,0.86,なし,なし,買い,底固め,1,0.0,3444.7,4693.59,2.0,直近2～5日まで下落、%D方向改善、直近安値切り上げ、BB幅収縮、RSI安値切り上げ,,https://finance.yahoo.co.jp/quote/5016.T
2026-08-13,8708,アイザワ証券グループ,プライム,1725.0,1.77,1.53,2.68,4.87,0.8,40.12,1711.0,1725.0,1693.0,1725.0,1725.0,1671.0,1578.0,1625.33,1585.86,1585.86,5,C,75.0,66.7,-3.21,65.37,1644.96,1524.01,1459.88,+1.53σ,0.77,陰線→陽線,なし,買い,底固め,1,0.0,1664.82,1845.37,2.0,%K反転、直近下落なし（B以下に制限）、直近安値切り上げ、BB幅収縮、RSI安値切り上げ,,https://finance.yahoo.co.jp/quote/8708.T
2026-08-13,8771,イー・ギャランティ,プライム,1844.0,0.88,-0.86,1.93,-0.2,0.77,40.23,1850.0,1846.0,1815.0,1850.0,1850.0,1753.0,1753.0,1825.36,1801.62,1801.62,5,C,77.78,52.15,2.07,53.94,1847.64,1754.97,1740.71,-0.21σ,1.0,陰線→陽線 / 前日安値割れ反転,通常,買い,アンチ,1,0.0,1753.0,2026.0,2.0,%K反転、長い下ヒゲ反転、直近下落なし（B以下に制限）,,https://finance.yahoo.co.jp/quote/8771.T
2026-08-13,2206,江崎グリコ,プライム,5168.0,0.62,1.75,5.15,0.87,0.51,122.82,5210.0,5171.0,5108.0,5210.0,5210.0,4685.0,4685.0,4988.76,4885.27,4885.27,4,C,92.0,46.86,7.16,51.53,5123.56,5340.93,5500.72,+0.73σ,0.61,陰線→陽線 / はらみ足,通常,買い,アンチ,1,0.0,4685.0,6134.0,2.0,%K反転、%D方向改善、直近下落なし（B以下に制限）,,https://finance.yahoo.co.jp/quote/2206.T
2026-08-13,9101,日本郵船,プライム,6211.0,1.35,1.57,7.12,6.41,0.49,151.49,6217.0,6215.0,6141.0,6217.0,6218.0,5735.0,5480.0,5760.82,5569.85,5569.85,4,C,98.55,69.89,0.27,65.47,5836.96,5565.43,5401.2,+1.36σ,0.75,陰線→陽線 / はらみ足,通常,買い,アンチ,1,0.0,5735.0,7163.0,2.0,%K反転、%D方向改善、直近下落なし（B以下に制限）,,https://finance.yahoo.co.jp/quote/9101.T
2026-08-13,3769,ＧＭＯペイメントゲートウェイ,プライム,10185.0,0.1,1.24,4.0,3.42,1.04,321.31,10455.0,10250.0,9915.0,10455.0,10455.0,9691.0,9141.0,9620.73,9374.95,9374.95,4,C,68.97,57.11,-2.79,61.39,9847.72,8867.35,8852.44,+1.30σ,1.03,前日安値割れ反転,なし,買い,底固め,1,0.0,9691.0,11173.0,2.0,長い下ヒゲ反転、直近下落なし（B以下に制限）、直近安値切り上げ、BB幅収縮、RSI安値切り上げ,,https://finance.yahoo.co.jp/quote/3769.T
2026-08-13,9934,因幡電機産業,プライム,3048.0,0.56,1.4,3.2,7.51,0.78,65.29,3055.0,3060.0,3009.0,3060.0,3088.0,2942.0,2688.0,2763.34,2659.94,2659.94,4,除外,80.44,74.9,4.2,79.58,2835.06,2751.77,2629.52,+1.75σ,0.86,なし,通常,買い,アンチ,1,0.0,2942.0,3260.0,2.0,%K反転、%D方向改善、直近下落なし（B以下に制限）,急騰済み（高RSI）,https://finance.yahoo.co.jp/quote/9934.T
2026-08-13,9119,飯野海運,プライム,1569.0,0.38,-0.63,-0.44,3.51,0.48,43.99,1575.0,1579.0,1558.0,1579.0,1605.0,1539.0,1454.0,1488.3,1454.21,1454.21,4,C,45.27,52.18,-6.68,61.05,1515.76,1502.33,1516.42,+1.37σ,0.61,なし,なし,買い,底固め,1,0.0,1503.01,1700.98,2.0,直近2～5日まで下落、直近安値切り上げ、BB幅収縮、RSI安値切り上げ,,https://finance.yahoo.co.jp/quote/9119.T
2026-08-13,9104,商船三井,プライム,6279.0,1.83,1.5,5.18,8.09,0.84,157.47,6247.0,6324.0,6192.0,6324.0,6324.0,5900.0,5495.0,5695.99,5484.14,5484.14,4,C,91.36,78.34,3.48,67.35,5808.8,5665.64,5377.06,+1.75σ,0.99,陰線→陽線,通常,買い,アンチ,1,0.0,5900.0,7037.0,2.0,%K反転、%D方向改善、直近下落なし（B以下に制限）,,https://finance.yahoo.co.jp/quote/9104.T
2026-08-13,2384,ＳＢＳホールディングス,プライム,4845.0,0.31,5.33,14.4,8.67,0.9,172.33,4855.0,4885.0,4730.0,4885.0,4985.0,4200.0,4200.0,4330.65,4140.55,4140.55,4,C,82.17,50.1,10.72,63.42,4458.6,4469.53,4107.25,+1.71σ,0.6,なし,通常,買い,アンチ,1,0.0,4200.0,6135.0,2.0,%K反転、%D方向改善、直近下落なし（B以下に制限）,,https://finance.yahoo.co.jp/quote/2384.T
2026-08-13,8841,テーオーシー,スタンダード,974.0,0.62,0.31,3.73,4.7,0.75,30.48,997.0,987.0,964.0,997.0,999.0,933.0,866.0,896.46,866.07,866.07,4,C,81.2,76.33,9.24,57.56,930.32,978.61,905.71,+1.55σ,1.11,はらみ足,通常,買い,アンチ,1,0.0,928.28,1065.43,2.0,%K反転、%D方向改善、直近下落なし（B以下に制限）,,https://finance.yahoo.co.jp/quote/8841.T
2026-08-13,2371,カカクコム,プライム,3714.0,-0.16,0.08,0.38,1.38,0.4,32.71,3739.0,3718.0,3705.0,3739.0,3739.0,3700.0,3590.0,3630.28,3588.86,3588.86,4,除外,47.92,78.66,-6.51,72.49,3663.56,3386.37,2632.32,+1.02σ,0.56,陰線→陽線 / 長い下ヒゲ（ハンマー）,なし,買い,底固め,1,0.0,3664.94,3812.12,2.0,長い下ヒゲ反転、直近下落なし（B以下に制限）、直近安値切り上げ、ATR低下、BB幅収縮、RSI安値切り上げ,急騰済み（高RSI）,https://finance.yahoo.co.jp/quote/2371.T
2026-08-13,6986,双葉電子工業,プライム,653.0,1.08,2.51,3.49,9.16,0.73,19.26,652.0,655.0,641.0,655.0,657.0,621.0,551.0,578.39,550.64,550.64,4,C,90.48,87.4,9.05,71.08,598.2,617.31,642.18,+1.69σ,0.89,陰線→陽線,強,買い,アンチ,1,0.0,621.0,717.0,2.0,%K反転、%D方向改善、直近下落なし（B以下に制限）,,https://finance.yahoo.co.jp/quote/6986.T
2026-08-13,7610,テイツー,スタンダード,142.0,0.0,0.71,0.71,-2.66,0.55,3.61,143.0,142.0,140.0,143.0,144.0,139.0,139.0,142.25,139.0,139.0,4,C,50.0,27.19,3.19,44.46,145.88,140.97,142.6,-1.08σ,0.27,なし,通常,買い,アンチ,1,0.0,136.59,152.83,2.0,%K反転、%D方向改善、直近下落なし（B以下に制限）,,https://finance.yahoo.co.jp/quote/7610.T
2026-08-13,7409,ＡｅｒｏＥｄｇｅ,グロース,1531.0,-5.02,-5.2,-7.27,-1.03,1.92,110.67,1636.0,1695.0,1482.0,1695.0,1695.0,1482.0,1317.0,1438.67,1349.88,1349.88,4,C,23.0,73.08,5.61,45.13,1546.96,1770.37,1688.72,+0.04σ,10.21,なし,なし,買い,底固め,1,0.0,1365.0,1863.0,2.0,直近2～5日まで下落、直近安値切り上げ、BB幅収縮、RSI安値切り上げ,,https://finance.yahoo.co.jp/quote/7409.T
2026-08-13,4183,三井化学,プライム,2236.5,0.29,2.71,4.53,3.87,0.51,64.06,2264.5,2250.0,2217.5,2264.5,2264.5,2073.5,2034.0,2120.69,2076.77,2076.77,4,C,86.17,56.26,11.89,61.15,2153.12,2103.61,2050.33,+1.64σ,0.73,陰線→陽線 / はらみ足,通常,買い,アンチ,1,0.0,2073.5,2562.5,2.0,%K反転、%D方向改善、直近下落なし（B以下に制限）,,https://finance.yahoo.co.jp/quote/4183.T
2026-08-13,7240,ＮＯＫ,プライム,3114.0,1.17,2.91,4.48,4.19,0.45,64.62,3114.0,3114.0,3085.0,3114.0,3114.0,2956.0,2866.0,2958.21,2909.06,2909.06,4,C,100.0,56.46,5.88,63.33,2988.78,2927.99,2906.59,+2.17σ,0.61,陰線→陽線 / はらみ足,通常,買い,アンチ,1,0.0,2956.0,3430.0,2.0,%K反転、%D方向改善、直近下落なし（B以下に制限）,,https://finance.yahoo.co.jp/quote/7240.T
2026-08-13,2768,双日,プライム,5606.0,0.21,-1.09,4.07,5.04,0.74,148.12,5733.0,5669.0,5560.0,5733.0,5733.0,5362.0,4996.0,5228.13,5066.17,5066.17,4,C,78.55,67.88,3.18,60.7,5336.88,5412.88,5449.84,+1.33σ,0.71,はらみ足,通常,買い,アンチ,1,0.0,5362.0,6094.0,2.0,%K反転、%D方向改善、直近下落なし（B以下に制限）,,https://finance.yahoo.co.jp/quote/2768.T
2026-08-13,6486,イーグル工業,プライム,3085.0,0.82,1.65,4.22,4.32,0.31,64.18,3100.0,3090.0,3070.0,3100.0,3100.0,2938.0,2834.0,2928.36,2876.38,2876.38,4,C,92.75,61.29,3.82,62.57,2957.12,2899.93,2931.71,+2.01σ,0.89,陰線→陽線 / はらみ足,通常,買い,アンチ,1,0.0,2938.0,3379.0,2.0,%K反転、%D方向改善、直近下落なし（B以下に制限）,,https://finance.yahoo.co.jp/quote/6486.T
2026-08-13,5310,東洋炭素,プライム,7480.0,2.05,3.6,3.03,8.77,1.07,364.65,7390.0,7670.0,7280.0,7670.0,7670.0,6990.0,5870.0,6436.39,6024.77,6024.77,4,C,81.55,77.2,14.71,58.66,6876.8,7198.0,5988.85,+1.54σ,0.73,なし,通常,買い,アンチ,1,0.0,6933.03,8573.94,2.0,%K反転、%D方向改善、直近下落なし（B以下に制限）,,https://finance.yahoo.co.jp/quote/5310.T
2026-08-13,5707,東邦亜鉛,プライム,1028.0,2.19,7.98,7.31,18.98,0.88,53.46,1050.0,1045.0,998.0,1050.0,1050.0,936.0,742.0,802.39,726.33,726.33,4,除外,88.42,78.97,7.32,68.2,864.04,940.44,1088.48,+1.97σ,1.25,はらみ足,通常,買い,アンチ,1,0.0,936.0,1212.0,2.0,%K反転、%D方向改善、直近下落なし（B以下に制限）,急騰済み（25日線上方乖離）,https://finance.yahoo.co.jp/quote/5707.T
2026-08-13,3105,日清紡ホールディングス,プライム,2420.0,1.32,-0.02,5.33,6.54,0.48,131.2,2480.0,2452.0,2389.0,2480.0,2571.5,2240.0,2032.0,2161.39,2044.74,2044.74,4,C,55.82,60.21,9.9,57.17,2271.4,2270.11,1752.19,+1.22σ,0.62,陰線→陽線 / はらみ足,通常,買い,アンチ,1,0.0,2223.19,2813.61,2.0,%K反転、%D方向改善、直近下落なし（B以下に制限）,,https://finance.yahoo.co.jp/quote/3105.T
2026-08-13,6914,オプテックスグループ,プライム,3460.0,-2.4,-3.49,-8.22,-3.74,1.35,173.8,3600.0,3670.0,3435.0,3670.0,3680.0,3435.0,3175.0,3414.14,3272.28,3272.28,4,C,6.85,56.42,1.14,40.96,3594.4,3868.64,3083.92,-0.68σ,1.43,なし,なし,買い,底固め,1,0.0,3199.3,3981.39,2.0,直近2～5日まで下落、直近安値切り上げ、BB幅収縮、出来高減少後の増加、RSI安値切り上げ,,https://finance.yahoo.co.jp/quote/6914.T
2026-08-13,4813,ＡＣＣＥＳＳ,プライム,420.0,2.69,10.24,13.51,17.42,0.99,27.35,424.0,430.0,403.0,430.0,448.0,370.0,318.0,329.45,297.71,297.71,4,除外,73.33,62.12,1.43,62.02,357.68,424.27,518.72,+1.85σ,0.74,陰線→陽線,通常,買い,アンチ,1,0.0,370.0,520.0,2.0,%K反転、%D方向改善、直近下落なし（B以下に制限）,急騰済み（25日線上方乖離）,https://finance.yahoo.co.jp/quote/4813.T
2026-08-13,7976,三菱鉛筆,プライム,2917.0,0.03,-0.58,4.36,6.95,0.64,77.58,2985.0,2954.0,2904.0,2985.0,2987.0,2796.0,2532.0,2614.64,2496.58,2496.58,4,C,78.72,81.99,10.5,67.48,2727.32,2610.88,2394.37,+1.56σ,0.53,はらみ足,通常,買い,アンチ,1,0.0,2796.0,3159.0,2.0,%K反転、%D方向改善、直近下落なし（B以下に制限）,,https://finance.yahoo.co.jp/quote/7976.T
2026-08-13,4894,クオリプス,グロース,5280.0,1.93,5.39,6.77,13.6,0.64,299.01,5350.0,5340.0,5150.0,5350.0,5490.0,4825.0,4090.0,4258.39,3877.03,3877.03,4,除外,78.35,71.11,20.41,61.32,4648.0,4870.07,6250.42,+1.68σ,0.74,陰線→陽線 / はらみ足,通常,買い,アンチ,1,0.0,4825.0,6190.0,2.0,%K反転、%D方向改善、直近下落なし（B以下に制限）,急騰済み（25日線上方乖離）,https://finance.yahoo.co.jp/quote/4894.T
2026-08-13,8032,日本紙パルプ商事,プライム,1263.0,0.72,4.9,11.28,10.65,0.81,30.83,1274.0,1268.0,1243.0,1274.0,1275.0,1127.0,1097.0,1100.97,1049.93,1049.93,4,除外,92.77,78.92,14.12,73.9,1141.48,1123.56,1003.71,+2.18σ,1.01,陰線→陽線 / はらみ足,通常,買い,アンチ,1,0.0,1127.0,1535.0,2.0,%K反転、%D方向改善、直近下落なし（B以下に制限）,急騰済み（25日線上方乖離、高RSI）,https://finance.yahoo.co.jp/quote/8032.T
2026-08-13,6741,日本信号,プライム,1852.0,0.87,-1.02,3.58,11.7,0.52,58.06,1907.0,1866.0,1836.0,1907.0,1910.0,1795.0,1518.0,1547.14,1422.78,1422.78,4,除外,81.29,84.1,11.51,70.16,1658.0,1616.75,1518.02,+1.45σ,0.7,陰線→陽線 / はらみ足,通常,買い,アンチ,1,0.0,1764.91,2026.17,2.0,%K反転、%D方向改善、直近下落なし（B以下に制限）,急騰済み（25日線上方乖離）,https://finance.yahoo.co.jp/quote/6741.T
2026-08-13,6098,リクルートホールディングス,プライム,16790.0,0.78,27.54,32.0,28.6,0.74,631.23,16950.0,16980.0,16510.0,16980.0,16980.0,12490.0,11905.0,11801.81,10380.38,10380.38,4,除外,96.03,66.81,7.49,84.1,13056.0,10980.69,8917.57,+2.51σ,1.12,なし,通常,買い,アンチ,1,0.0,12490.0,25390.0,2.0,%K反転、%D方向改善、直近下落なし（B以下に制限）,急騰済み（3営業日急騰、5営業日急騰、25日線上方乖離、高RSI、BB +2σ大幅超過）,https://finance.yahoo.co.jp/quote/6098.T
2026-08-13,6339,新東工業,プライム,1254.0,2.12,6.63,7.0,6.2,0.68,33.85,1256.0,1254.0,1231.0,1256.0,1272.0,1174.0,1109.0,1138.16,1100.96,1100.96,4,C,85.48,75.25,15.14,62.01,1180.76,1166.91,1098.96,+2.11σ,1.27,陰線→陽線 / はらみ足,強,買い,アンチ,1,0.0,1174.0,1414.0,2.0,%K反転、%D方向改善、直近下落なし（B以下に制限）,,https://finance.yahoo.co.jp/quote/6339.T
2026-08-13,7741,ＨＯＹＡ,プライム,26560.0,2.11,3.59,2.55,5.75,0.6,799.07,26010.0,26680.0,26200.0,26680.0,26680.0,24950.0,23340.0,24377.85,23595.69,23595.69,4,C,81.52,70.6,18.2,60.35,25116.6,26281.67,26017.05,+1.79σ,0.79,なし,通常,買い,アンチ,1,0.0,24950.0,29780.0,2.0,%K反転、%D方向改善、直近下落なし（B以下に制限）,,https://finance.yahoo.co.jp/quote/7741.T
2026-08-13,2267,ヤクルト本社,プライム,2884.5,0.07,1.19,5.12,1.96,0.6,77.3,2927.0,2895.5,2849.5,2927.0,2927.0,2760.0,2675.0,2772.49,2722.85,2722.85,4,C,77.57,64.25,2.32,57.44,2829.18,2772.22,2624.42,+1.26σ,0.62,陰線→陽線 / 長い下ヒゲ（ハンマー） / 前日安値割れ反転,なし,買い,底固め,1,0.0,2760.0,3133.5,2.0,長い下ヒゲ反転、直近下落なし（B以下に制限）、直近安値切り上げ、BB幅収縮、RSI安値切り上げ,,https://finance.yahoo.co.jp/quote/2267.T
2026-08-13,4722,フューチャー,プライム,2445.0,0.0,-0.04,-0.12,9.19,0.02,54.41,2446.0,2446.0,2445.0,2446.0,2446.0,2444.0,1958.0,2207.56,2076.81,2076.81,4,除外,25.0,62.67,-19.26,80.81,2239.12,1780.28,1844.7,+0.82σ,0.47,はらみ足,なし,買い,底固め,1,0.0,2363.38,2608.23,2.0,直近2～5日まで下落、直近安値切り上げ、ATR低下、BB幅収縮,急騰済み（高RSI）,https://finance.yahoo.co.jp/quote/4722.T
2026-08-13,8613,丸三証券,プライム,1219.0,1.5,0.0,2.35,4.88,0.82,24.5,1229.0,1219.0,1199.0,1229.0,1232.0,1181.0,1125.0,1141.16,1108.12,1108.12,4,C,74.51,73.26,10.19,67.17,1162.32,1088.75,1046.3,+1.36σ,0.52,陰線→陽線 / はらみ足,強,買い,アンチ,1,0.0,1181.0,1295.0,2.0,%K反転、%D方向改善、直近下落なし（B以下に制限）,,https://finance.yahoo.co.jp/quote/8613.T
2026-08-13,5857,ＡＲＥホールディングス,プライム,3720.0,1.64,7.2,13.07,17.83,0.88,130.08,3765.0,3780.0,3665.0,3780.0,3780.0,3380.0,2863.0,2963.63,2725.25,2725.25,4,除外,92.05,75.1,9.64,74.7,3157.08,3286.04,3349.38,+2.17σ,1.3,なし,通常,買い,アンチ,1,0.0,3380.0,4400.0,2.0,%K反転、%D方向改善、直近下落なし（B以下に制限）,急騰済み（25日線上方乖離、高RSI）,https://finance.yahoo.co.jp/quote/5857.T
2026-08-13,8622,水戸証券,プライム,860.0,1.18,1.3,3.37,10.73,0.53,26.47,874.0,860.0,846.0,874.0,874.0,825.0,700.0,753.36,708.12,708.12,4,除外,80.0,79.54,1.33,72.42,776.68,694.61,639.45,+1.36σ,0.51,陰線→陽線 / はらみ足,強,買い,アンチ,1,0.0,820.29,939.42,2.0,%K反転、%D方向改善、直近下落なし（B以下に制限）,急騰済み（25日線上方乖離、高RSI）,https://finance.yahoo.co.jp/quote/8622.T
2026-08-13,6072,地盤ネットホールディングス,スタンダード,1120.0,-4.68,21.21,17.03,16.33,1.37,84.41,1224.0,1200.0,1084.0,1224.0,1224.0,908.0,828.0,865.82,781.25,781.25,3,除外,67.09,76.2,18.4,59.53,962.8,1115.17,723.88,+2.01σ,1.84,なし,なし,買い,底固め,1,0.0,908.0,1544.0,2.0,%D方向改善、直近下落なし（B以下に制限）、直近安値切り上げ、ATR低下、RSI安値切り上げ,急騰済み（3営業日急騰、25日線上方乖離）,https://finance.yahoo.co.jp/quote/6072.T
2026-08-13,1663,Ｋ＆Ｏエナジーグループ,プライム,1888.0,2.5,4.89,5.77,3.4,1.25,46.58,1858.0,1938.0,1880.0,1938.0,1938.0,1771.0,1762.0,1794.58,1766.16,1766.16,3,除外,70.06,45.01,3.86,57.32,1825.96,2001.86,2090.27,+2.29σ,2.5,なし,なし,買い,底固め,1,0.0,1771.0,2122.0,2.0,%D方向改善、直近下落なし（B以下に制限）、直近安値切り上げ、BB幅収縮、RSI安値切り上げ、レンジ上限突破,急騰済み（BB +2σ大幅超過）,https://finance.yahoo.co.jp/quote/1663.T
2026-08-13,8367,南都銀行,プライム,1925.0,4.05,6.47,7.6,4.68,1.1,65.38,1850.0,1937.0,1865.0,1937.0,1937.0,1773.0,1671.0,1754.91,1676.36,1676.36,3,C,94.59,54.13,6.51,60.28,1839.0,1740.36,1458.58,+1.17σ,0.74,なし,なし,買い,底固め,1,0.0,1773.0,2229.0,2.0,%D方向改善、直近下落なし（B以下に制限）、直近安値切り上げ、RSI安値切り上げ、レンジ上限突破,,https://finance.yahoo.co.jp/quote/8367.T
2026-08-13,5563,新日本電工,プライム,424.0,-1.17,-2.75,2.91,0.32,0.41,19.41,442.0,432.0,424.0,442.0,450.0,402.0,390.0,411.32,400.34,400.34,3,C,41.27,58.75,6.15,47.55,422.64,453.91,408.82,+0.15σ,0.64,なし,なし,買い,底固め,1,0.0,394.89,482.22,2.0,%D方向改善、直近下落なし（B以下に制限）、直近安値切り上げ、BB幅収縮、RSI安値切り上げ,,https://finance.yahoo.co.jp/quote/5563.T
2026-08-13,6501,日立製作所,プライム,5702.0,0.58,1.46,4.13,12.16,0.68,157.8,5697.0,5764.0,5657.0,5764.0,5764.0,5424.0,4616.0,4826.5,4486.2,4486.2,3,除外,86.28,90.18,2.63,77.94,5083.6,4948.19,4968.4,+1.57σ,0.73,なし,なし,買い,底固め,1,0.0,5424.0,6258.0,2.0,%D方向改善、直近下落なし（B以下に制限）、直近安値切り上げ、RSI安値切り上げ、レンジ上限突破,急騰済み（25日線上方乖離、高RSI）,https://finance.yahoo.co.jp/quote/6501.T
2026-08-13,3825,リミックスポイント,スタンダード,222.0,-0.45,9.36,11.56,10.03,0.8,10.0,225.0,226.0,218.0,226.0,226.0,197.0,185.0,193.31,184.07,184.07,3,除外,87.1,76.79,22.92,63.53,201.76,200.65,237.62,+2.11σ,1.21,なし,なし,買い,底固め,1,0.0,197.0,272.0,2.0,%D方向改善、直近下落なし（B以下に制限）、直近安値切り上げ、ATR低下、BB幅収縮、RSI安値切り上げ,急騰済み（25日線上方乖離）,https://finance.yahoo.co.jp/quote/3825.T
2026-08-13,3791,ＩＧポート,スタンダード,1122.0,-1.06,1.72,1.72,-0.34,0.67,43.06,1135.0,1135.0,1106.0,1135.0,1135.0,1080.0,930.0,980.4,896.44,896.44,3,C,76.36,88.72,7.31,47.94,1125.88,1256.81,1305.72,+0.69σ,0.23,なし,なし,買い,底固め,1,0.0,1057.41,1251.18,2.0,%D方向改善、直近下落なし（B以下に制限）、直近安値切り上げ、ATR低下、RSI安値切り上げ,,https://finance.yahoo.co.jp/quote/3791.T
2026-08-13,3878,巴川コーポレーション,スタンダード,897.0,-1.86,4.55,5.78,10.59,1.38,34.7,919.0,935.0,887.0,935.0,935.0,815.0,730.0,775.66,727.52,727.52,3,除外,68.33,76.44,12.35,63.6,811.12,831.09,819.99,+1.52σ,1.21,なし,なし,買い,底固め,1,0.0,815.0,1061.0,2.0,%D方向改善、直近下落なし（B以下に制限）、直近安値切り上げ、出来高減少後の増加、RSI安値切り上げ,急騰済み（25日線上方乖離）,https://finance.yahoo.co.jp/quote/3878.T
2026-08-13,6857,アドバンテスト,プライム,35940.0,4.02,11.65,6.58,18.49,0.59,2357.2,35130.0,37040.0,35650.0,37040.0,37040.0,31110.0,24135.0,27805.16,24952.31,24952.31,3,除外,84.2,84.34,21.16,63.25,30331.6,29189.8,25027.02,+1.85σ,0.8,なし,なし,買い,底固め,1,0.0,31110.0,45600.0,2.0,%D方向改善、直近下落なし（B以下に制限）、直近安値切り上げ、RSI安値切り上げ、レンジ上限突破,急騰済み（25日線上方乖離）,https://finance.yahoo.co.jp/quote/6857.T
2026-08-13,7868,広済堂ホールディングス,プライム,537.0,-1.1,2.87,3.47,1.37,0.63,19.19,545.0,545.0,533.0,545.0,545.0,498.0,493.0,512.1,501.66,501.66,3,C,82.98,62.4,11.58,53.42,529.72,561.49,503.86,+1.38σ,0.36,はらみ足,なし,買い,底固め,1,0.0,498.0,615.0,2.0,%D方向改善、直近下落なし（B以下に制限）、直近安値切り上げ、ATR低下、RSI安値切り上げ,,https://finance.yahoo.co.jp/quote/7868.T
2026-08-13,4095,日本パーカライジング,プライム,1727.0,0.0,1.05,2.8,2.99,0.83,32.39,1741.0,1742.0,1715.0,1742.0,1760.0,1680.0,1622.0,1652.96,1625.67,1625.67,3,C,70.8,68.97,2.67,61.4,1676.88,1625.65,1515.89,+1.71σ,1.0,なし,なし,買い,底固め,1,0.0,1678.41,1824.17,2.0,%D方向改善、直近下落なし（B以下に制限）、直近安値切り上げ、ATR低下、BB幅収縮、RSI安値切り上げ,,https://finance.yahoo.co.jp/quote/4095.T
2026-08-13,3558,ジェイドグループ,グロース,1723.0,-0.4,2.8,1.47,4.17,0.65,43.23,1730.0,1731.0,1703.0,1731.0,1731.0,1673.0,1594.0,1629.73,1594.56,1594.56,3,C,90.8,72.96,18.87,59.36,1653.96,1763.59,1658.02,+1.65σ,0.76,なし,なし,買い,底固め,1,0.0,1658.16,1852.69,2.0,%D方向改善、直近下落なし（B以下に制限）、直近安値切り上げ、BB幅収縮、RSI安値切り上げ,,https://finance.yahoo.co.jp/quote/3558.T
2026-08-13,3544,サツドラホールディングス,スタンダード,1248.0,-0.08,0.08,0.08,0.16,0.22,9.2,1252.0,1250.0,1248.0,1252.0,1252.0,1246.0,1221.0,1237.05,1226.0,1226.0,3,C,42.86,26.82,-2.65,67.29,1246.04,1036.43,912.14,-0.01σ,0.31,はらみ足,なし,買い,底固め,1,0.0,1234.2,1275.61,2.0,%D方向改善、直近下落なし（B以下に制限）、直近安値切り上げ、ATR低下、BB幅収縮,,https://finance.yahoo.co.jp/quote/3544.T
2026-08-13,4044,セントラル硝子,プライム,4630.0,-0.43,8.18,9.2,9.69,0.88,146.94,4720.0,4695.0,4565.0,4720.0,4790.0,4205.0,3980.0,4048.42,3866.1,3866.1,3,C,78.81,66.81,8.18,70.24,4220.8,4148.53,3878.65,+2.19σ,0.66,はらみ足,なし,買い,底固め,1,0.0,4205.0,5480.0,2.0,%D方向改善、直近下落なし（B以下に制限）、直近安値切り上げ、BB幅収縮、RSI安値切り上げ,,https://finance.yahoo.co.jp/quote/4044.T
2026-08-13,2931,ユーグレナ,プライム,352.0,-0.85,3.53,6.02,2.02,0.87,10.32,366.0,357.0,348.0,366.0,373.0,333.0,332.0,336.1,328.01,328.01,3,C,48.78,32.29,4.37,54.93,345.04,354.37,385.98,+0.96σ,1.29,なし,なし,買い,底固め,1,0.0,333.0,390.0,2.0,%D方向改善、直近下落なし（B以下に制限）、直近安値切り上げ、BB幅収縮、RSI安値切り上げ,,https://finance.yahoo.co.jp/quote/2931.T
2026-08-13,7236,ティラド,プライム,1535.0,-1.1,0.59,0.39,1.93,0.81,55.89,1552.0,1577.0,1532.0,1577.0,1577.0,1504.0,1421.0,1484.42,1456.64,1456.64,3,C,73.08,66.16,9.28,54.43,1505.88,1438.35,1093.82,+0.82σ,0.75,なし,なし,買い,底固め,1,0.0,1451.17,1702.67,2.0,%D方向改善、直近下落なし（B以下に制限）、直近安値切り上げ、BB幅収縮、RSI安値切り上げ,,https://finance.yahoo.co.jp/quote/7236.T
2026-08-13,7138,ＴＯＲＩＣＯ,グロース,123.0,-2.38,0.82,-1.6,-7.93,0.32,9.29,126.0,126.0,123.0,126.0,126.0,122.0,120.0,120.06,107.12,107.12,3,C,5.88,16.84,2.78,44.2,133.6,147.07,217.58,-0.77σ,0.12,はらみ足,なし,買い,底固め,1,0.0,109.06,150.88,2.0,%D方向改善、直近下落なし（B以下に制限）、直近安値切り上げ、ATR低下、RSI安値切り上げ,,https://finance.yahoo.co.jp/quote/7138.T
2026-08-13,4202,ダイセル,プライム,1478.0,-0.5,0.0,2.39,1.61,1.04,35.98,1496.5,1503.5,1466.0,1503.5,1503.5,1444.5,1377.5,1447.18,1428.28,1428.28,3,C,73.16,55.57,9.17,59.62,1454.58,1341.01,1369.56,+0.63σ,0.58,なし,なし,買い,底固め,1,0.0,1424.03,1585.93,2.0,%D方向改善、直近下落なし（B以下に制限）、直近安値切り上げ、BB幅収縮、RSI安値切り上げ,,https://finance.yahoo.co.jp/quote/4202.T
2026-08-13,7599,ＩＤＯＭ,プライム,1290.0,-0.46,-0.08,0.47,-1.7,0.66,28.8,1301.0,1307.0,1288.0,1307.0,1307.0,1281.0,1245.0,1276.84,1261.17,1261.17,3,C,52.78,47.54,2.23,45.16,1312.28,1332.63,1329.24,-0.16σ,0.67,なし,なし,買い,底固め,1,0.0,1246.8,1376.4,2.0,%D方向改善、直近下落なし（B以下に制限）、直近安値切り上げ、ATR低下、BB幅収縮、RSI安値切り上げ,,https://finance.yahoo.co.jp/quote/7599.T
2026-08-13,4381,ビープラッツ,グロース,400.0,-15.61,0.5,-8.05,-0.16,1.33,62.41,474.0,483.0,400.0,483.0,483.0,376.0,271.0,322.48,240.56,240.56,3,C,21.43,53.33,14.97,52.5,400.64,331.45,455.5,-0.05σ,1.42,なし,なし,買い,底固め,1,0.0,306.38,587.24,2.0,%D方向改善、直近下落なし（B以下に制限）、直近安値切り上げ、BB幅収縮、出来高減少後の増加、RSI安値切り上げ,,https://finance.yahoo.co.jp/quote/4381.T
2026-08-13,4680,ラウンドワン,プライム,1308.5,3.07,-1.39,4.47,4.19,1.06,71.01,1409.0,1357.0,1282.0,1409.0,1409.0,1184.5,1150.5,1209.78,1163.06,1163.06,3,C,55.23,59.2,0.88,58.69,1255.9,1065.12,1040.53,+1.11σ,1.04,はらみ足,通常,買い,アンチ,1,0.0,1184.5,1556.5,2.0,%K反転、直近下落なし（B以下に制限）,,https://finance.yahoo.co.jp/quote/4680.T
2026-08-13,9468,ＫＡＤＯＫＡＷＡ,プライム,3579.0,-0.64,-0.22,3.5,-0.56,0.8,95.58,3602.0,3609.0,3533.0,3609.0,3609.0,3489.0,3356.0,3478.07,3400.53,3400.53,3,C,87.9,55.33,12.93,52.87,3599.32,3450.2,3340.88,+0.30σ,0.64,なし,なし,買い,底固め,1,0.0,3435.63,3865.74,2.0,%D方向改善、直近下落なし（B以下に制限）、直近安値切り上げ、BB幅収縮、RSI安値切り上げ,,https://finance.yahoo.co.jp/quote/9468.T
2026-08-13,5801,古河電気工業,プライム,4111.0,-2.63,6.61,4.9,16.82,0.65,369.17,4234.0,4335.0,4095.0,4335.0,4335.0,3436.0,2646.0,3098.15,2693.2,2693.2,3,除外,80.18,74.85,20.29,57.8,3519.2,4368.43,2822.67,+1.50σ,1.44,なし,なし,買い,底固め,1,0.0,3436.0,5461.0,2.0,%D方向改善、直近下落なし（B以下に制限）、直近安値切り上げ、BB幅収縮、RSI安値切り上げ,急騰済み（25日線上方乖離）,https://finance.yahoo.co.jp/quote/5801.T
2026-08-13,4483,ＪＭＤＣ,プライム,3415.0,-2.43,1.19,11.24,5.4,0.98,142.8,3505.0,3470.0,3330.0,3505.0,3520.0,3310.0,2985.0,3103.66,2956.82,2956.82,3,C,74.14,46.36,6.66,58.5,3240.0,2986.85,3541.7,+1.12σ,0.8,なし,なし,買い,底固め,1,0.0,3200.8,3843.4,2.0,%D方向改善、直近下落なし（B以下に制限）、直近安値切り上げ、BB幅収縮、RSI安値切り上げ,,https://finance.yahoo.co.jp/quote/4483.T
2026-08-13,9678,カナモト,プライム,5410.0,-0.18,0.19,1.5,3.89,0.67,135.1,5500.0,5490.0,5400.0,5500.0,5500.0,5330.0,5020.0,5103.68,4972.85,4972.85,3,C,74.29,75.86,8.05,61.51,5207.6,5110.07,4403.55,+1.34σ,0.63,はらみ足,なし,買い,底固め,1,0.0,5207.35,5815.3,2.0,%D方向改善、直近下落なし（B以下に制限）、直近安値切り上げ、BB幅収縮、RSI安値切り上げ,,https://finance.yahoo.co.jp/quote/9678.T
2026-08-13,6963,ローム,プライム,4886.0,1.94,6.89,2.88,2.78,0.43,311.32,4881.0,4985.0,4850.0,4985.0,4985.0,4427.0,3775.0,4262.17,3928.79,3928.79,3,C,83.8,66.97,19.72,53.17,4754.0,4781.87,3454.7,+0.87σ,0.57,なし,なし,買い,底固め,1,0.0,4419.01,5819.97,2.0,%D方向改善、直近下落なし（B以下に制限）、直近安値切り上げ、RSI安値切り上げ、レンジ上限突破,,https://finance.yahoo.co.jp/quote/6963.T
2026-08-13,4188,三菱ケミカルグループ,プライム,1227.0,-1.56,0.66,6.28,3.48,1.07,42.81,1246.5,1263.0,1217.0,1263.0,1263.0,1155.5,1100.5,1153.43,1118.17,1118.17,3,C,77.29,60.5,13.05,57.66,1185.74,1097.27,1003.34,+1.09σ,0.71,なし,なし,買い,底固め,1,0.0,1155.5,1370.0,2.0,%D方向改善、直近下落なし（B以下に制限）、直近安値切り上げ、BB幅収縮、RSI安値切り上げ,,https://finance.yahoo.co.jp/quote/4188.T
2026-08-13,4592,サンバイオ,グロース,1014.0,-0.29,2.22,4.43,3.23,0.53,49.23,1031.0,1022.0,996.0,1031.0,1033.0,946.0,874.0,929.56,878.97,878.97,3,C,84.03,66.78,23.76,51.35,982.28,1281.09,1771.19,+0.67σ,0.75,なし,なし,買い,底固め,1,0.0,940.16,1161.69,2.0,%D方向改善、直近下落なし（B以下に制限）、直近安値切り上げ、ATR低下、RSI安値切り上げ,,https://finance.yahoo.co.jp/quote/4592.T
2026-08-13,7456,松田産業,プライム,7060.0,2.32,20.68,21.93,23.52,0.7,298.99,6990.0,7180.0,6970.0,7180.0,7180.0,5800.0,5040.0,5184.06,4639.62,4639.62,3,除外,93.58,75.77,17.93,76.23,5715.6,6219.87,6005.78,+2.45σ,1.37,なし,なし,買い,底固め,1,0.0,5800.0,9580.0,2.0,%D方向改善、直近下落なし（B以下に制限）、直近安値切り上げ、RSI安値切り上げ、レンジ上限突破,急騰済み（3営業日急騰、5営業日急騰、25日線上方乖離、高RSI、BB +2σ大幅超過）,https://finance.yahoo.co.jp/quote/7456.T
2026-08-13,6327,北川精機,スタンダード,3640.0,2.54,13.22,7.69,-6.99,0.77,544.83,3630.0,3900.0,3480.0,3900.0,3900.0,2986.0,2615.0,2925.03,2301.01,2301.01,3,除外,75.56,56.01,22.29,46.16,3913.64,4191.03,2320.6,+0.15σ,2.07,なし,なし,買い,底固め,1,0.0,2822.76,5274.48,2.0,%D方向改善、直近下落なし（B以下に制限）、直近安値切り上げ、ATR低下、出来高減少後の増加、RSI安値切り上げ、レンジ上限突破,急騰済み（3営業日急騰）,https://finance.yahoo.co.jp/quote/6327.T
2026-08-13,6522,アスタリスク,グロース,1901.0,5.96,3.88,14.38,11.44,0.81,222.36,1886.0,2079.0,1898.0,2079.0,2079.0,1601.0,1228.0,1455.39,1286.13,1286.13,3,除外,71.24,60.86,6.17,58.18,1705.92,1274.97,805.66,+1.63σ,2.15,なし,なし,買い,底固め,1,0.0,1567.46,2568.09,2.0,%D方向改善、直近下落なし（B以下に制限）、直近安値切り上げ、ATR低下、BB幅収縮、出来高減少後の増加、RSI安値切り上げ、レンジ上限突破,急騰済み（25日線上方乖離）,https://finance.yahoo.co.jp/quote/6522.T
2026-08-13,6521,オキサイド,グロース,3440.0,5.2,9.55,5.36,1.04,0.98,243.67,3350.0,3550.0,3310.0,3550.0,3550.0,3050.0,2628.0,2940.79,2655.03,2655.03,3,C,82.29,67.63,23.96,47.98,3404.64,4595.61,3377.04,+0.75σ,0.85,なし,なし,買い,底固め,1,0.0,3050.0,4220.0,2.0,%D方向改善、直近下落なし（B以下に制限）、直近安値切り上げ、ATR低下、RSI安値切り上げ、レンジ上限突破,,https://finance.yahoo.co.jp/quote/6521.T
2026-08-13,8252,丸井グループ,プライム,2977.0,-0.35,0.42,4.07,0.57,0.87,61.6,2990.0,2998.0,2944.5,2998.0,2998.0,2866.0,2835.5,2901.11,2842.39,2842.39,3,C,87.08,45.01,1.35,54.11,2960.06,2884.27,3019.87,+0.29σ,0.8,なし,なし,買い,底固め,1,0.0,2866.0,3199.0,2.0,%D方向改善、直近下落なし（B以下に制限）、直近安値切り上げ、BB幅収縮、RSI安値切り上げ,,https://finance.yahoo.co.jp/quote/8252.T
2026-08-13,6572,オープングループ,プライム,249.0,0.0,1.63,7.33,4.34,0.44,9.14,251.0,250.0,246.0,251.0,252.0,230.0,216.0,232.55,220.95,220.95,3,C,88.89,52.07,20.79,61.78,238.64,216.72,251.42,+0.42σ,0.24,はらみ足,なし,買い,底固め,1,0.0,230.0,287.0,2.0,%D方向改善、直近下落なし（B以下に制限）、直近安値切り上げ、BB幅収縮、RSI安値切り上げ,,https://finance.yahoo.co.jp/quote/6572.T
2026-08-13,3002,グンゼ,プライム,4205.0,-0.36,1.08,3.06,4.0,0.65,61.56,4220.0,4220.0,4180.0,4220.0,4220.0,4110.0,3900.0,3967.81,3880.62,3880.62,3,C,94.0,76.52,0.37,69.71,4043.4,3847.13,4075.55,+1.72σ,0.83,はらみ足,なし,買い,底固め,1,0.0,4110.0,4395.0,2.0,%D方向改善、直近下落なし（B以下に制限）、直近安値切り上げ、BB幅収縮、RSI安値切り上げ,,https://finance.yahoo.co.jp/quote/3002.T
2026-08-13,3276,ＪＰＭＣ,プライム,2244.0,0.0,0.0,-0.04,20.26,0.02,55.21,2245.0,2245.0,2244.0,2245.0,2245.0,2244.0,1632.0,1732.6,1516.4,1516.4,3,除外,95.65,91.4,8.85,95.0,1865.96,1496.96,1373.26,+1.37σ,0.94,はらみ足,なし,買い,底固め,1,0.0,2161.19,2409.63,2.0,%D方向改善、直近下落なし（B以下に制限）、直近安値切り上げ、BB幅収縮、RSI安値切り上げ,急騰済み（25日線上方乖離、高RSI）,https://finance.yahoo.co.jp/quote/3276.T
2026-08-13,3168,ＭＥＲＦ,スタンダード,1532.0,-1.23,3.51,9.82,15.94,1.43,78.85,1624.0,1559.0,1446.0,1624.0,1624.0,1386.0,1155.0,1201.12,1077.94,1077.94,3,除外,73.26,81.48,10.62,66.08,1321.4,1390.32,1135.11,+1.69σ,0.85,なし,なし,買い,底固め,1,0.0,1386.0,1824.0,2.0,%D方向改善、直近下落なし（B以下に制限）、直近安値切り上げ、ATR低下、RSI安値切り上げ,急騰済み（25日線上方乖離）,https://finance.yahoo.co.jp/quote/3168.T
2026-08-13,7911,ＴＯＰＰＡＮホールディングス,プライム,5448.0,10.78,15.96,15.89,13.79,1.19,218.9,4918.0,5618.0,5358.0,5618.0,5618.0,4577.0,4162.0,4444.64,4191.59,4191.59,3,除外,85.24,70.82,22.01,68.32,4787.6,4771.33,4648.24,+2.96σ,4.1,なし,なし,買い,底固め,1,0.0,4577.0,7190.0,2.0,%D方向改善、直近下落なし（B以下に制限）、直近安値切り上げ、出来高減少後の増加、RSI安値切り上げ、レンジ上限突破,急騰済み（当日急騰、3営業日急騰、25日線上方乖離、BB +2σ大幅超過）,https://finance.yahoo.co.jp/quote/7911.T
2026-08-13,4914,高砂香料工業,プライム,1272.0,-1.09,2.33,8.16,5.91,1.15,26.94,1290.0,1288.0,1257.0,1290.0,1290.0,1182.0,1165.0,1178.14,1145.78,1145.78,3,C,85.25,62.65,3.36,68.14,1201.0,1156.2,1316.25,+1.90σ,0.79,なし,なし,買い,底固め,1,0.0,1182.0,1452.0,2.0,%D方向改善、直近下落なし（B以下に制限）、直近安値切り上げ、BB幅収縮、RSI安値切り上げ,,https://finance.yahoo.co.jp/quote/4914.T
2026-08-13,6769,ザインエレクトロニクス,スタンダード,1091.0,0.46,4.6,0.74,6.63,0.56,57.0,1100.0,1107.0,1075.0,1107.0,1107.0,1015.0,902.0,967.27,913.55,913.55,3,C,82.8,74.4,17.87,55.31,1023.2,1109.69,947.02,+1.30σ,0.48,なし,なし,買い,底固め,1,0.0,1005.5,1262.0,2.0,%D方向改善、直近下落なし（B以下に制限）、直近安値切り上げ、ATR低下、BB幅収縮、RSI安値切り上げ,,https://finance.yahoo.co.jp/quote/6769.T
2026-08-13,4973,日本高純度化学,プライム,4810.0,0.84,3.55,2.78,1.81,0.38,225.27,4775.0,4855.0,4770.0,4855.0,4855.0,4520.0,4125.0,4353.1,4055.95,4055.95,3,C,91.35,65.09,23.45,50.68,4724.6,5213.8,4538.18,+0.54σ,0.38,なし,なし,買い,底固め,1,0.0,4472.1,5485.8,2.0,%D方向改善、直近下落なし（B以下に制限）、直近安値切り上げ、ATR低下、RSI安値切り上げ、レンジ上限突破,,https://finance.yahoo.co.jp/quote/4973.T
2026-08-13,6645,オムロン,プライム,7002.0,2.22,5.58,18.06,20.83,0.53,326.86,6850.0,7148.0,6975.0,7148.0,7148.0,6451.0,5015.0,5174.58,4548.2,4548.2,3,除外,91.8,77.8,18.56,69.94,5794.76,5768.61,4879.35,+1.92σ,1.35,なし,なし,買い,底固め,1,0.0,6451.0,8104.0,2.0,%D方向改善、直近下落なし（B以下に制限）、直近安値切り上げ、RSI安値切り上げ、レンジ上限突破,急騰済み（5営業日急騰、25日線上方乖離）,https://finance.yahoo.co.jp/quote/6645.T
2026-08-13,6616,トレックス・セミコンダクター,プライム,2117.0,3.77,9.24,5.8,9.51,0.98,131.2,2060.0,2219.0,2090.0,2219.0,2219.0,1893.0,1604.0,1759.02,1630.95,1630.95,3,C,73.37,76.62,20.89,56.34,1933.12,2257.47,1841.54,+1.80σ,2.44,なし,なし,買い,底固め,1,0.0,1893.0,2565.0,2.0,%D方向改善、直近下落なし（B以下に制限）、直近安値切り上げ、BB幅収縮、RSI安値切り上げ、レンジ上限突破,,https://finance.yahoo.co.jp/quote/6616.T
2026-08-13,6862,ミナトホールディングス,スタンダード,3450.0,17.03,53.2,48.01,64.95,0.0,208.79,2948.0,3450.0,3450.0,3450.0,3450.0,2189.0,1521.0,1684.61,1251.42,1251.42,3,除外,100.0,93.25,24.34,79.72,2091.52,2322.12,1931.7,+3.08σ,0.08,なし,なし,買い,底固め,1,0.0,2189.0,5972.0,2.0,%D方向改善、直近下落なし（B以下に制限）、直近安値切り上げ、RSI安値切り上げ、レンジ上限突破,急騰済み（当日急騰、3営業日急騰、5営業日急騰、25日線上方乖離、高RSI、BB +2σ大幅超過）,https://finance.yahoo.co.jp/quote/6862.T
2026-08-13,7826,フルヤ金属,プライム,8590.0,-1.26,8.46,17.67,21.89,0.63,555.71,8940.0,8740.0,8390.0,8940.0,8940.0,6860.0,5660.0,6229.37,5423.24,5423.24,3,除外,85.48,78.46,19.84,63.38,7047.6,8157.6,6065.08,+1.93σ,0.92,はらみ足,なし,買い,底固め,1,0.0,6860.0,12050.0,2.0,%D方向改善、直近下落なし（B以下に制限）、直近安値切り上げ、BB幅収縮、RSI安値切り上げ,急騰済み（25日線上方乖離）,https://finance.yahoo.co.jp/quote/7826.T
2026-08-13,7906,ヨネックス,スタンダード,2824.0,0.14,9.16,12.87,9.34,1.04,109.22,2955.0,2890.0,2776.0,2955.0,2955.0,2452.0,2452.0,2522.73,2436.62,2436.62,3,除外,73.96,50.46,5.39,70.74,2582.68,2487.48,3070.26,+2.50σ,1.4,はらみ足,通常,買い,アンチ,1,0.0,2452.0,3568.0,2.0,%K反転、直近下落なし（B以下に制限）,急騰済み（BB +2σ大幅超過）,https://finance.yahoo.co.jp/quote/7906.T
2026-08-13,4107,伊勢化学工業,スタンダード,3760.0,-0.79,2.04,2.45,3.92,0.48,165.25,3820.0,3840.0,3760.0,3840.0,3840.0,3600.0,3225.0,3466.01,3340.02,3340.02,3,C,79.49,70.75,12.8,52.87,3618.0,4067.93,4620.21,+1.33σ,0.83,なし,なし,買い,底固め,1,0.0,3512.13,4255.74,2.0,%D方向改善、直近下落なし（B以下に制限）、直近安値切り上げ、ATR低下、BB幅収縮、RSI安値切り上げ,,https://finance.yahoo.co.jp/quote/4107.T
2026-08-13,4165,プレイド,グロース,594.0,-2.14,1.54,2.77,3.25,1.01,23.74,612.0,612.0,588.0,612.0,612.0,565.0,533.0,564.11,548.32,548.32,3,C,67.86,68.78,9.26,56.77,575.28,544.52,671.54,+0.89σ,1.07,陰線→陽線,なし,買い,底固め,1,0.0,558.39,665.22,2.0,%D方向改善、直近下落なし（B以下に制限）、直近安値切り上げ、ATR低下、BB幅収縮、RSI安値切り上げ,,https://finance.yahoo.co.jp/quote/4165.T
2026-08-13,4062,イビデン,プライム,21560.0,5.27,12.82,6.05,20.67,0.79,1988.0,20800.0,22515.0,20950.0,22515.0,22515.0,18150.0,12980.0,15362.89,13170.77,13170.77,3,除外,85.91,71.25,20.43,58.98,17867.6,19012.6,11791.84,+1.83σ,1.22,なし,なし,買い,底固め,1,0.0,18150.0,28380.0,2.0,%D方向改善、直近下落なし（B以下に制限）、直近安値切り上げ、BB幅収縮、RSI安値切り上げ、レンジ上限突破,急騰済み（3営業日急騰、25日線上方乖離）,https://finance.yahoo.co.jp/quote/4062.T
2026-08-13,7762,シチズン時計,プライム,2671.0,2.93,11.62,8.36,16.61,1.03,107.33,2609.0,2707.0,2596.0,2707.0,2707.0,2339.0,1975.0,2126.04,1951.54,1951.54,3,除外,92.04,80.55,21.34,68.06,2290.52,2236.8,1743.62,+2.12σ,1.34,なし,なし,買い,底固め,1,0.0,2339.0,3335.0,2.0,%D方向改善、直近下落なし（B以下に制限）、直近安値切り上げ、RSI安値切り上げ、レンジ上限突破,急騰済み（25日線上方乖離）,https://finance.yahoo.co.jp/quote/7762.T
2026-08-13,2175,エス・エム・エス,プライム,2295.0,-0.69,0.09,2.59,-2.51,0.81,81.44,2332.0,2313.0,2247.0,2332.0,2332.0,2231.0,2075.0,2233.37,2126.4,2126.4,3,C,78.11,58.3,18.17,51.04,2354.08,2101.81,1751.18,-0.42σ,0.67,なし,なし,買い,底固め,1,0.0,2172.84,2539.32,2.0,%D方向改善、直近下落なし（B以下に制限）、直近安値切り上げ、BB幅収縮、RSI安値切り上げ,,https://finance.yahoo.co.jp/quote/2175.T
2026-08-13,2229,カルビー,プライム,3041.0,0.23,1.84,7.27,1.82,0.55,74.2,3069.0,3057.0,3016.0,3069.0,3069.0,2852.5,2826.0,2897.89,2814.93,2814.93,3,C,88.48,43.22,0.73,55.76,2986.54,2931.33,2980.74,+0.73σ,0.72,陰線→陽線 / はらみ足,通常,買い,アンチ,1,0.0,2852.5,3418.0,2.0,%K反転、直近下落なし（B以下に制限）,,https://finance.yahoo.co.jp/quote/2229.T
2026-08-13,3086,Ｊ．フロント　リテイリング,プライム,2974.5,-0.07,1.14,1.88,-3.12,0.65,100.52,3015.0,3002.0,2937.0,3015.0,3015.0,2901.5,2814.0,2907.58,2773.77,2773.77,3,C,79.85,43.49,11.35,48.71,3070.16,2694.67,2489.71,-0.50σ,0.89,なし,なし,買い,底固め,1,0.0,2823.72,3276.06,2.0,%D方向改善、直近下落なし（B以下に制限）、直近安値切り上げ、BB幅収縮、RSI安値切り上げ,,https://finance.yahoo.co.jp/quote/3086.T
2026-08-13,2801,キッコーマン,プライム,1779.0,0.59,1.08,11.61,6.73,0.67,63.58,1819.5,1808.0,1765.5,1819.5,1819.5,1714.5,1555.0,1604.06,1535.77,1535.77,3,C,84.69,57.99,4.06,63.03,1666.9,1554.41,1464.88,+1.56σ,0.85,陰線→陽線 / はらみ足,通常,買い,アンチ,1,0.0,1683.63,1969.75,2.0,%K反転、直近下落なし（B以下に制限）,,https://finance.yahoo.co.jp/quote/2801.T
2026-08-13,6027,弁護士ドットコム,プライム,3150.0,18.87,31.91,31.8,32.25,3.2,122.69,2650.0,3150.0,2757.0,3150.0,3150.0,2340.0,2169.0,2183.02,1984.38,1984.38,3,除外,100.0,78.73,12.57,82.6,2381.92,2388.2,2689.52,+3.87σ,10.97,なし,なし,買い,底固め,1,0.0,2340.0,4770.0,2.0,%D方向改善、直近下落なし（B以下に制限）、直近安値切り上げ、BB幅収縮、RSI安値切り上げ、レンジ上限突破,急騰済み（当日急騰、3営業日急騰、5営業日急騰、25日線上方乖離、高RSI、BB +2σ大幅超過、ストップ高に近い急騰）,https://finance.yahoo.co.jp/quote/6027.T
2026-08-13,6217,津田駒工業,スタンダード,796.0,-1.0,8.3,3.51,6.31,0.28,68.66,812.0,815.0,796.0,815.0,818.0,721.0,629.0,695.1,647.21,647.21,3,C,80.87,66.91,20.6,49.5,748.76,1170.11,749.74,+1.11σ,0.33,なし,なし,買い,底固め,1,0.0,693.02,1001.97,2.0,%D方向改善、直近下落なし（B以下に制限）、直近安値切り上げ、ATR低下、BB幅収縮、RSI安値切り上げ,,https://finance.yahoo.co.jp/quote/6217.T
2026-08-13,2975,スター・マイカ・ホールディングス,プライム,1598.0,0.82,3.1,3.5,4.4,0.48,41.49,1585.0,1601.0,1581.0,1601.0,1601.0,1525.0,1462.0,1496.33,1459.8,1459.8,3,C,97.54,70.48,24.9,59.91,1530.68,1556.87,1480.04,+1.78σ,1.11,なし,なし,買い,底固め,1,0.0,1525.0,1744.0,2.0,%D方向改善、直近下落なし（B以下に制限）、直近安値切り上げ、ATR低下、BB幅収縮、RSI安値切り上げ、レンジ上限突破,,https://finance.yahoo.co.jp/quote/2975.T
2026-08-13,5381,マイポックス,スタンダード,973.0,3.95,12.75,7.28,13.7,0.9,58.58,951.0,988.0,935.0,988.0,988.0,836.0,673.0,765.93,692.2,692.2,3,除外,92.39,75.64,23.83,58.98,855.76,1011.76,795.86,+1.81σ,0.85,なし,なし,買い,底固め,1,0.0,836.0,1247.0,2.0,%D方向改善、直近下落なし（B以下に制限）、直近安値切り上げ、RSI安値切り上げ、レンジ上限突破,急騰済み（3営業日急騰、25日線上方乖離）,https://finance.yahoo.co.jp/quote/5381.T
2026-08-13,6506,安川電機,プライム,5480.0,0.48,4.06,1.82,1.45,0.47,313.88,5484.0,5591.0,5445.0,5591.0,5591.0,5161.0,4465.0,4883.67,4607.0,4607.0,3,C,82.9,72.23,20.48,48.74,5401.56,6264.96,5286.21,+1.16σ,0.52,なし,なし,買い,底固め,1,0.0,5009.19,6421.63,2.0,%D方向改善、直近下落なし（B以下に制限）、直近安値切り上げ、ATR低下、BB幅収縮、RSI安値切り上げ,,https://finance.yahoo.co.jp/quote/6506.T
2026-08-13,6525,ＫＯＫＵＳＡＩ　ＥＬＥＣＴＲＩＣ,プライム,9015.0,4.14,10.8,6.21,2.57,0.78,855.0,8657.0,9421.0,8757.0,9421.0,9421.0,7716.0,5936.0,7314.29,6265.14,6265.14,3,C,77.63,64.24,18.52,53.15,8789.12,8439.49,6652.86,+0.62σ,1.1,なし,なし,買い,底固め,1,0.0,7716.0,11613.0,2.0,%D方向改善、直近下落なし（B以下に制限）、直近安値切り上げ、RSI安値切り上げ、レンジ上限突破,,https://finance.yahoo.co.jp/quote/6525.T
2026-08-13,8117,中央自動車工業,スタンダード,2171.0,-0.96,-0.6,1.26,2.4,0.75,61.52,2275.0,2203.0,2157.0,2275.0,2275.0,2125.0,2010.0,2061.88,2005.16,2005.16,3,C,56.49,64.03,13.57,58.13,2120.12,2026.81,1976.01,+0.92σ,1.7,なし,なし,買い,底固め,1,0.0,2078.71,2355.57,2.0,%D方向改善、直近下落なし（B以下に制限）、直近安値切り上げ、BB幅収縮、RSI安値切り上げ,,https://finance.yahoo.co.jp/quote/8117.T
2026-08-13,4023,クレハ,プライム,4495.0,-1.53,1.7,4.17,5.03,1.42,98.56,4635.0,4595.0,4455.0,4635.0,4635.0,4320.0,4095.0,4214.38,4109.0,4109.0,3,C,65.43,71.48,2.68,66.38,4279.8,3993.53,4107.95,+1.66σ,0.96,なし,なし,買い,底固め,1,0.0,4320.0,4845.0,2.0,%D方向改善、直近下落なし（B以下に制限）、直近安値切り上げ、BB幅収縮、RSI安値切り上げ,,https://finance.yahoo.co.jp/quote/4023.T
2026-08-13,7199,プレミアグループ,プライム,2146.0,-1.78,0.75,0.42,2.74,0.89,58.26,2265.0,2175.0,2123.0,2265.0,2265.0,2092.0,1973.0,2039.49,1991.78,1991.78,2,C,46.88,75.13,5.32,57.54,2088.72,2005.83,1910.24,+1.23σ,1.33,なし,なし,買い,底固め,1,0.0,2058.61,2320.79,2.0,直近下落なし（B以下に制限）、直近安値切り上げ、BB幅収縮、RSI安値切り上げ,,https://finance.yahoo.co.jp/quote/7199.T
2026-08-13,7458,第一興商,プライム,1814.0,-0.98,-1.41,4.76,1.24,0.82,40.97,1849.5,1840.0,1806.5,1849.5,1849.5,1733.0,1717.5,1757.16,1716.41,1716.41,2,C,71.75,47.74,-3.61,54.98,1791.8,1708.06,1685.18,+0.40σ,0.61,なし,なし,買い,底固め,1,0.0,1733.0,1976.0,2.0,直近下落なし（B以下に制限）、直近安値切り上げ、BB幅収縮、RSI安値切り上げ,,https://finance.yahoo.co.jp/quote/7458.T
2026-08-13,4204,積水化学工業,プライム,2676.0,-0.34,-0.32,1.79,0.42,0.91,48.68,2711.0,2689.0,2644.5,2711.0,2711.0,2630.0,2536.0,2635.08,2596.25,2596.25,2,C,73.48,58.4,-3.16,54.97,2664.9,2497.3,2635.6,+0.05σ,0.84,なし,なし,買い,底固め,1,0.0,2602.98,2822.04,2.0,直近下落なし（B以下に制限）、直近安値切り上げ、BB幅収縮、RSI安値切り上げ,,https://finance.yahoo.co.jp/quote/4204.T
2026-08-13,4373,シンプレクス・ホールディングス,プライム,1128.0,-1.14,3.11,5.52,3.79,0.6,43.19,1149.0,1141.0,1115.0,1149.0,1149.0,1072.0,1002.0,1053.8,1010.64,1010.64,2,C,77.66,45.45,-5.54,58.69,1086.84,1017.68,976.41,+0.72σ,0.71,なし,なし,買い,底固め,1,0.0,1063.21,1257.57,2.0,直近下落なし（B以下に制限）、直近安値切り上げ、BB幅収縮、RSI安値切り上げ,,https://finance.yahoo.co.jp/quote/4373.T
2026-08-13,4385,メルカリ,プライム,4740.0,0.15,-5.77,7.48,3.38,0.49,215.85,4908.0,4811.0,4705.0,4908.0,5111.0,4684.0,4163.0,4336.63,4119.36,4119.36,2,C,58.17,55.4,1.68,57.59,4585.12,4190.83,3544.99,+0.86σ,0.65,陰線→陽線 / はらみ足,なし,買い,底固め,1,0.0,4416.23,5387.54,2.0,直近下落なし（B以下に制限）、直近安値切り上げ、BB幅収縮、RSI安値切り上げ,,https://finance.yahoo.co.jp/quote/4385.T
2026-08-13,4413,ボードルア,プライム,2754.0,-2.44,2.08,3.46,-6.75,1.07,135.02,2835.0,2879.0,2735.0,2879.0,2879.0,2611.0,2604.0,2731.26,2563.17,2563.17,2,C,54.55,36.22,2.28,46.07,2953.28,2564.79,2368.96,-0.86σ,0.48,なし,なし,買い,底固め,1,0.0,2551.46,3159.07,2.0,直近下落なし（B以下に制限）、直近安値切り上げ、BB幅収縮、RSI安値切り上げ,,https://finance.yahoo.co.jp/quote/4413.T
2026-08-13,7545,西松屋チェーン,プライム,2009.0,-0.54,-0.35,1.88,0.44,0.78,40.83,2055.0,2029.0,1997.0,2055.0,2055.0,1973.0,1913.0,1965.15,1933.75,1933.75,2,C,51.58,48.99,0.39,52.67,2000.2,1971.4,2075.11,+0.40σ,0.87,なし,なし,買い,底固め,1,0.0,1947.75,2131.5,2.0,直近下落なし（B以下に制限）、直近安値切り上げ、BB幅収縮、RSI安値切り上げ,,https://finance.yahoo.co.jp/quote/7545.T
2026-08-13,3660,アイスタイル,プライム,437.0,-1.8,-0.23,2.58,3.3,0.84,11.87,448.0,444.0,434.0,448.0,448.0,426.0,396.0,415.44,402.78,402.78,2,C,57.69,63.28,-1.81,59.86,423.04,404.04,436.75,+0.70σ,1.63,なし,なし,買い,底固め,1,0.0,419.19,472.62,2.0,直近下落なし（B以下に制限）、直近安値切り上げ、BB幅収縮、RSI安値切り上げ,,https://finance.yahoo.co.jp/quote/3660.T
2026-08-13,3608,ＴＳＩホールディングス,プライム,1231.0,0.08,1.15,2.16,0.34,0.72,23.58,1235.0,1238.0,1221.0,1238.0,1238.0,1198.0,1197.0,1209.38,1187.85,1187.85,2,C,82.93,36.1,-7.19,54.1,1226.8,1203.68,1122.83,+0.00σ,0.79,なし,なし,買い,底固め,1,0.0,1195.62,1301.75,2.0,直近下落なし（B以下に制限）、直近安値切り上げ、BB幅収縮、RSI安値切り上げ,,https://finance.yahoo.co.jp/quote/3608.T
2026-08-13,9997,ベルーナ,プライム,1019.0,-0.59,2.31,4.94,-1.93,0.43,23.49,1028.0,1027.0,1017.0,1028.0,1028.0,975.0,967.0,1002.52,962.54,962.54,2,C,85.25,38.4,-1.54,50.3,1039.04,961.32,961.79,-0.59σ,0.49,はらみ足,なし,買い,底固め,1,0.0,975.0,1107.0,2.0,直近下落なし（B以下に制限）、直近安値切り上げ、BB幅収縮、RSI安値切り上げ,,https://finance.yahoo.co.jp/quote/9997.T
2026-08-13,9983,ファーストリテイリング,プライム,77350.0,-0.9,-2.47,0.62,-2.66,0.45,2180.99,79520.0,78330.0,77350.0,79520.0,79520.0,77050.0,75440.0,77409.88,76262.76,76262.76,2,C,17.6,45.68,-7.37,43.37,79461.6,78625.87,67830.85,-1.05σ,0.77,はらみ足,なし,買い,底固め,1,0.0,74078.51,83892.97,2.0,直近下落なし（B以下に制限）、直近安値切り上げ、BB幅収縮、RSI安値切り上げ,,https://finance.yahoo.co.jp/quote/9983.T
2026-08-13,9900,サガミホールディングス,プライム,2184.0,-0.95,-0.41,4.5,10.65,1.48,60.7,2218.0,2250.0,2160.0,2250.0,2250.0,2073.0,1756.0,1875.63,1726.01,1726.01,2,除外,65.98,75.76,-3.84,73.86,1973.84,1759.52,1809.82,+1.06σ,1.82,なし,なし,買い,底固め,1,0.0,2073.0,2406.0,2.0,直近下落なし（B以下に制限）、直近安値切り上げ、出来高減少後の増加、RSI安値切り上げ,急騰済み（25日線上方乖離、高RSI）,https://finance.yahoo.co.jp/quote/9900.T
2026-08-13,8876,リログループ,プライム,2169.0,-0.69,1.71,8.48,5.46,0.89,53.41,2184.0,2198.5,2151.0,2198.5,2198.5,1996.0,1948.5,1983.3,1919.03,1919.03,2,C,88.2,55.6,1.45,64.91,2056.68,1953.88,1857.82,+1.89σ,0.62,なし,なし,買い,底固め,1,0.0,1996.0,2515.0,2.0,直近下落なし（B以下に制限）、直近安値切り上げ、BB幅収縮、RSI安値切り上げ,,https://finance.yahoo.co.jp/quote/8876.T
2026-08-13,9201,日本航空,プライム,3029.0,-0.23,-0.69,-0.2,2.3,0.6,66.06,3088.0,3035.0,2995.5,3088.0,3088.0,2995.5,2728.0,2884.96,2809.62,2809.62,2,C,65.99,77.63,-7.21,58.09,2961.0,2777.58,2834.03,+0.91σ,1.0,なし,なし,買い,底固め,1,0.0,2929.9,3227.19,2.0,直近下落なし（B以下に制限）、直近安値切り上げ、BB幅収縮、RSI安値切り上げ,,https://finance.yahoo.co.jp/quote/9201.T
2026-08-13,9418,Ｕ－ＮＥＸＴ　ＨＯＬＤＩＮＧＳ,プライム,1708.0,-1.44,-0.7,1.91,-0.18,0.9,37.95,1735.0,1734.0,1700.0,1735.0,1735.0,1683.0,1645.0,1675.5,1641.25,1641.25,2,C,57.81,45.73,-3.95,51.48,1711.04,1628.75,1787.22,-0.05σ,1.21,なし,なし,買い,底固め,1,0.0,1651.07,1821.85,2.0,直近下落なし（B以下に制限）、直近安値切り上げ、BB幅収縮、RSI安値切り上げ,,https://finance.yahoo.co.jp/quote/9418.T
2026-08-13,2327,日鉄ソリューションズ,プライム,3822.0,-0.8,1.03,4.37,0.26,0.91,105.56,3873.0,3869.0,3773.0,3873.0,3873.0,3643.0,3617.0,3735.4,3652.04,3652.04,2,C,80.08,47.55,-2.17,55.18,3812.12,3576.45,3825.73,+0.04σ,0.68,なし,なし,買い,底固め,1,0.0,3643.0,4180.0,2.0,直近下落なし（B以下に制限）、直近安値切り上げ、BB幅収縮、RSI安値切り上げ,,https://finance.yahoo.co.jp/quote/2327.T
2026-08-13,9716,乃村工藝社,プライム,1183.0,-0.42,0.6,0.68,0.55,0.62,24.07,1195.0,1195.0,1180.0,1195.0,1195.0,1168.0,1147.0,1168.72,1153.29,1153.29,2,C,73.91,42.55,-2.79,55.61,1176.52,1132.55,1224.66,-0.07σ,0.57,はらみ足,なし,買い,底固め,1,0.0,1146.9,1255.21,2.0,直近下落なし（B以下に制限）、直近安値切り上げ、BB幅収縮、RSI安値切り上げ,,https://finance.yahoo.co.jp/quote/9716.T
2026-08-13,7453,良品計画,プライム,4480.0,-0.33,1.54,5.16,5.87,0.41,155.58,4625.0,4509.0,4445.0,4625.0,4625.0,4360.0,4040.0,4189.75,4076.7,4076.7,2,C,69.21,62.22,3.82,64.72,4231.44,3801.76,3468.16,+1.57σ,0.53,陰線→陽線 / はらみ足,なし,買い,底固め,1,0.0,4246.62,4946.75,2.0,直近下落なし（B以下に制限）、直近安値切り上げ、BB幅収縮、RSI安値切り上げ,,https://finance.yahoo.co.jp/quote/7453.T
2026-08-13,3661,エムアップホールディングス,プライム,814.0,-2.28,1.37,4.09,5.45,0.68,25.08,845.0,827.0,810.0,845.0,845.0,783.0,718.0,747.98,718.37,718.37,2,C,55.07,65.21,-6.72,62.74,771.92,710.0,775.16,+1.23σ,0.85,なし,なし,買い,底固め,1,0.0,776.37,889.25,2.0,直近下落なし（B以下に制限）、直近安値切り上げ、BB幅収縮、RSI安値切り上げ,,https://finance.yahoo.co.jp/quote/3661.T
2026-08-13,2501,サッポロビール,プライム,2006.0,-1.38,2.35,5.0,-0.17,0.95,82.88,2091.0,2049.5,1970.5,2091.0,2091.0,1909.5,1881.0,1945.62,1883.75,1883.75,2,C,59.52,32.87,-9.42,52.85,2009.44,1830.03,1719.02,-0.02σ,1.33,なし,なし,買い,底固め,1,0.0,1881.69,2254.63,2.0,直近下落なし（B以下に制限）、直近安値切り上げ、BB幅収縮、RSI安値切り上げ,,https://finance.yahoo.co.jp/quote/2501.T
2026-08-13,2492,インフォマート,プライム,582.0,-1.52,-0.51,1.22,9.7,0.75,33.47,615.0,600.0,575.0,615.0,615.0,559.0,458.0,507.26,472.26,472.26,2,C,68.27,66.53,-4.89,63.56,530.56,440.72,414.72,+1.14σ,0.94,なし,なし,買い,底固め,1,0.0,531.79,682.42,2.0,直近下落なし（B以下に制限）、直近安値切り上げ、BB幅収縮、RSI安値切り上げ,,https://finance.yahoo.co.jp/quote/2492.T
2026-08-13,4544,Ｈ．Ｕ．グループホールディングス,プライム,3594.0,-2.34,3.42,7.9,5.08,1.71,103.08,3717.0,3700.0,3524.0,3717.0,3717.0,3316.0,3273.0,3330.46,3230.87,3230.87,2,C,70.22,48.64,-4.31,61.12,3420.12,3294.03,3350.71,+1.65σ,1.63,はらみ足,なし,買い,底固め,1,0.0,3316.0,4150.0,2.0,直近下落なし（B以下に制限）、直近安値切り上げ、BB幅収縮、RSI安値切り上げ,,https://finance.yahoo.co.jp/quote/4544.T
2026-08-13,2585,ライフドリンク　カンパニー,プライム,1487.0,-1.72,-1.72,1.5,0.69,0.64,62.24,1561.0,1520.0,1480.0,1561.0,1561.0,1455.0,1388.0,1435.43,1402.16,1402.16,2,C,50.0,58.12,-1.97,48.47,1476.88,1531.07,1594.72,+0.55σ,1.33,なし,なし,買い,底固め,1,0.0,1393.64,1673.71,2.0,直近下落なし（B以下に制限）、直近安値切り上げ、ATR低下、BB幅収縮、出来高減少後の増加、RSI安値切り上げ,,https://finance.yahoo.co.jp/quote/2585.T
2026-08-13,4676,フジ・メディア・ホールディングス,プライム,4129.0,-0.98,1.85,1.1,0.9,0.78,118.52,4170.0,4158.0,4065.0,4170.0,4170.0,3960.0,3851.0,3993.78,3901.62,3901.62,2,C,87.15,50.07,-1.98,53.67,4092.28,3977.13,3804.18,+0.47σ,0.77,なし,なし,買い,底固め,1,0.0,3951.22,4484.56,2.0,直近下落なし（B以下に制限）、直近安値切り上げ、BB幅収縮、RSI安値切り上げ,,https://finance.yahoo.co.jp/quote/4676.T
2026-08-13,7564,ワークマン,スタンダード,6230.0,-1.58,1.14,1.8,5.08,0.59,202.86,6400.0,6350.0,6230.0,6400.0,6410.0,6060.0,5530.0,5686.62,5448.75,5448.75,2,C,59.09,70.62,-0.12,53.24,5928.8,6792.67,6647.65,+1.28σ,0.58,なし,なし,買い,底固め,1,0.0,5925.71,6838.59,2.0,直近下落なし（B以下に制限）、直近安値切り上げ、ATR低下、BB幅収縮、RSI安値切り上げ,,https://finance.yahoo.co.jp/quote/7564.T
2026-08-13,4324,電通グループ,プライム,3717.0,-2.18,1.7,7.33,5.42,0.83,116.81,3806.0,3803.0,3706.0,3806.0,3806.0,3442.0,3307.0,3413.75,3263.8,3263.8,2,C,76.52,54.13,-1.98,60.7,3525.8,3223.72,3142.96,+1.02σ,1.03,なし,なし,買い,底固め,1,0.0,3442.0,4267.0,2.0,直近下落なし（B以下に制限）、直近安値切り上げ、BB幅収縮、RSI安値切り上げ,,https://finance.yahoo.co.jp/quote/4324.T
2026-08-13,4816,東映アニメーション,スタンダード,2822.0,-1.4,-2.29,3.94,0.89,0.68,128.81,3045.0,2870.0,2783.0,3045.0,3045.0,2740.0,2611.0,2715.82,2606.28,2606.28,2,C,38.21,45.8,-12.54,53.03,2797.24,2591.76,2652.68,-0.03σ,0.97,なし,なし,買い,底固め,1,0.0,2628.78,3208.43,2.0,直近下落なし（B以下に制限）、直近安値切り上げ、BB幅収縮、RSI安値切り上げ,,https://finance.yahoo.co.jp/quote/4816.T
2026-08-13,3391,ツルハホールディングス,プライム,2390.5,-1.3,-0.91,1.27,-0.22,1.01,70.12,2436.5,2434.0,2363.0,2436.5,2436.5,2356.0,2294.5,2350.27,2283.85,2283.85,2,C,54.68,39.83,-9.1,53.51,2395.86,2162.29,2425.9,-0.39σ,1.03,なし,なし,買い,底固め,1,0.0,2285.33,2600.85,2.0,直近下落なし（B以下に制限）、直近安値切り上げ、BB幅収縮、RSI安値切り上げ,,https://finance.yahoo.co.jp/quote/3391.T
2026-08-13,7988,ニフコ,プライム,5038.0,-1.35,-0.69,0.76,-1.29,1.21,140.9,5154.0,5177.0,5006.0,5177.0,5177.0,4980.0,4884.0,5012.3,4906.11,4906.11,2,C,48.13,40.12,-12.22,49.79,5103.6,4715.71,4767.16,-0.76σ,0.78,なし,なし,買い,底固め,1,0.0,4826.65,5460.7,2.0,直近下落なし（B以下に制限）、直近安値切り上げ、BB幅収縮、RSI安値切り上げ,,https://finance.yahoo.co.jp/quote/7988.T
2026-08-13,4812,電通総研,プライム,2689.0,-0.33,-0.22,-0.11,-0.09,0.43,48.73,2708.0,2697.0,2676.0,2708.0,2711.0,2668.0,2634.0,2670.3,2650.15,2650.15,2,C,50.0,47.65,-7.33,63.4,2691.52,2327.63,2316.84,-0.07σ,0.38,なし,なし,買い,底固め,1,0.0,2615.91,2835.18,2.0,直近下落なし（B以下に制限）、直近安値切り上げ、ATR低下、BB幅収縮、RSI安値切り上げ,,https://finance.yahoo.co.jp/quote/4812.T
2026-08-13,7867,タカラトミー,プライム,3609.0,-1.45,0.19,7.12,2.47,0.49,130.11,3717.0,3646.0,3582.0,3717.0,3717.0,3424.0,3338.0,3458.06,3347.71,3347.71,2,C,71.5,64.51,3.87,56.37,3522.08,3125.64,2945.01,+0.37σ,0.48,なし,なし,買い,底固め,1,0.0,3413.84,3999.33,2.0,直近下落なし（B以下に制限）、直近安値切り上げ、BB幅収縮、RSI安値切り上げ,,https://finance.yahoo.co.jp/quote/7867.T
2026-08-13,3498,霞ヶ関キャピタル,プライム,8110.0,2.4,4.51,2.01,11.39,0.61,311.51,7990.0,8290.0,8100.0,8290.0,8290.0,7610.0,6650.0,6950.42,6496.35,6496.35,2,除外,73.53,82.12,-1.96,71.8,7280.4,6571.73,7173.15,+1.55σ,1.37,なし,なし,買い,底固め,1,0.0,7610.0,9110.0,2.0,直近下落なし（B以下に制限）、直近安値切り上げ、出来高減少後の増加、RSI安値切り上げ、レンジ上限突破,急騰済み（25日線上方乖離）,https://finance.yahoo.co.jp/quote/3498.T
2026-08-13,2181,パーソルホールディングス,プライム,282.8,-0.42,7.41,9.19,6.98,0.72,6.96,287.4,283.8,278.8,287.4,287.4,255.6,252.6,257.41,248.61,248.61,2,C,86.78,49.57,1.39,66.7,264.36,249.0,257.28,+1.89σ,1.13,陰線→陽線,なし,買い,底固め,1,0.0,255.6,337.2,2.0,直近下落なし（B以下に制限）、直近安値切り上げ、BB幅収縮、RSI安値切り上げ,,https://finance.yahoo.co.jp/quote/2181.T
2026-08-13,4776,サイボウズ,プライム,2780.0,-1.1,1.05,1.87,4.89,0.64,92.17,2820.0,2800.0,2741.0,2820.0,2820.0,2664.0,2431.0,2561.18,2459.95,2459.95,2,C,74.52,55.5,-3.08,60.91,2650.28,2443.75,2527.76,+1.16σ,1.17,なし,なし,買い,底固め,1,0.0,2641.74,3056.51,2.0,直近下落なし（B以下に制限）、直近安値切り上げ、BB幅収縮、RSI安値切り上げ,,https://finance.yahoo.co.jp/quote/4776.T
2026-08-13,6902,デンソー,プライム,1901.5,-2.01,-1.45,-0.91,-3.77,0.62,52.02,1952.0,1922.0,1890.0,1952.0,1952.0,1890.0,1884.0,1901.06,1815.84,1815.84,2,C,25.74,25.16,-18.61,43.09,1975.96,1918.43,2029.1,-0.99σ,1.45,なし,なし,買い,底固め,1,0.0,1823.47,2057.55,2.0,直近下落なし（B以下に制限）、直近安値切り上げ、出来高減少後の増加、RSI安値切り上げ,,https://finance.yahoo.co.jp/quote/6902.T
2026-08-13,4704,トレンドマイクロ,プライム,6851.0,-1.65,1.77,5.94,5.61,0.89,215.41,6982.0,6904.0,6712.0,6982.0,6982.0,6480.0,6121.0,6314.26,6087.16,6087.16,2,C,77.57,61.8,2.85,61.84,6487.2,6106.68,6299.63,+1.36σ,1.04,なし,なし,買い,底固め,1,0.0,6480.0,7593.0,2.0,直近下落なし（B以下に制限）、直近安値切り上げ、BB幅収縮、RSI安値切り上げ,,https://finance.yahoo.co.jp/quote/4704.T
2026-08-13,4088,エア・ウォーター,プライム,2518.0,-1.25,-2.25,-1.18,-1.98,0.73,82.6,2586.0,2564.0,2504.0,2586.0,2600.0,2504.0,2480.0,2528.59,2493.13,2493.13,2,C,8.81,29.69,-13.77,43.02,2568.88,2492.83,2325.89,-1.30σ,0.76,なし,なし,買い,底固め,1,0.0,2394.1,2765.8,2.0,直近下落なし（B以下に制限）、直近安値切り上げ、BB幅収縮、RSI安値切り上げ,,https://finance.yahoo.co.jp/quote/4088.T
2026-08-13,4180,Ａｐｐｉｅｒ　Ｇｒｏｕｐ,プライム,982.0,-0.1,1.13,0.61,5.09,0.91,37.3,1001.0,1006.0,972.0,1006.0,1006.0,955.0,840.0,901.38,862.4,862.4,2,C,52.94,68.03,-5.75,61.51,934.44,904.28,973.88,+1.07σ,1.56,なし,なし,買い,底固め,1,0.0,926.06,1093.89,2.0,直近下落なし（B以下に制限）、直近安値切り上げ、BB幅収縮、出来高減少後の増加、RSI安値切り上げ,,https://finance.yahoo.co.jp/quote/4180.T
2026-08-13,2670,エービーシー・マート,プライム,2822.5,-0.04,1.09,2.84,3.65,0.54,66.5,2843.5,2835.0,2799.0,2843.5,2843.5,2750.5,2598.0,2655.4,2581.47,2581.47,2,C,86.58,61.37,-0.56,58.29,2723.2,2712.17,2661.54,+1.26σ,0.71,陰線→陽線 / はらみ足,なし,買い,底固め,1,0.0,2722.76,3021.99,2.0,直近下落なし（B以下に制限）、直近安値切り上げ、BB幅収縮、RSI安値切り上げ,,https://finance.yahoo.co.jp/quote/2670.T
2026-08-13,5027,ＡｎｙＭｉｎｄ　Ｇｒｏｕｐ,グロース,588.0,-1.67,3.52,1.91,5.89,0.59,26.92,598.0,595.0,579.0,598.0,598.0,555.0,516.0,538.88,520.56,520.56,2,C,83.33,70.52,0.38,60.58,555.28,490.33,537.43,+1.68σ,1.44,はらみ足,なし,買い,底固め,1,0.0,547.62,668.77,2.0,直近下落なし（B以下に制限）、直近安値切り上げ、BB幅収縮、RSI安値切り上げ,,https://finance.yahoo.co.jp/quote/5027.T
2026-08-13,5032,ＡＮＹＣＯＬＯＲ,プライム,2757.0,-1.89,1.03,2.34,7.34,0.64,93.48,2841.0,2790.0,2730.0,2841.0,2841.0,2670.0,2410.0,2483.35,2359.6,2359.6,2,C,65.0,74.02,-0.3,64.21,2568.56,2601.39,3865.52,+1.21σ,1.05,なし,なし,買い,底固め,1,0.0,2616.78,3037.44,2.0,直近下落なし（B以下に制限）、直近安値切り上げ、BB幅収縮、RSI安値切り上げ,,https://finance.yahoo.co.jp/quote/5032.T
2026-08-13,5101,横浜ゴム,プライム,7626.0,-0.87,-2.13,1.05,0.28,0.8,335.61,8291.0,7839.0,7572.0,8291.0,8291.0,7376.0,7113.0,7467.99,7325.82,7325.82,2,C,34.03,50.96,-1.97,51.5,7604.92,7198.49,6606.76,+0.11σ,0.73,なし,なし,買い,底固め,1,0.0,7122.58,8632.83,2.0,直近下落なし（B以下に制限）、直近安値切り上げ、BB幅収縮、RSI安値切り上げ,,https://finance.yahoo.co.jp/quote/5101.T
2026-08-13,5253,カバー,グロース,1526.0,-6.38,-6.5,-0.33,-3.82,1.34,99.84,1630.0,1636.0,1502.0,1636.0,1658.0,1502.0,1336.0,1484.24,1395.13,1395.13,2,C,39.45,58.69,1.7,48.24,1586.56,1515.88,1583.45,-0.53σ,1.83,なし,なし,買い,底固め,1,0.0,1376.24,1825.52,2.0,直近下落なし（B以下に制限）、直近安値切り上げ、BB幅収縮、出来高減少後の増加、RSI安値切り上げ,,https://finance.yahoo.co.jp/quote/5253.T
2026-08-13,2749,ＪＰホールディングス,プライム,657.0,4.12,6.31,7.35,5.15,3.0,12.34,634.0,668.0,631.0,668.0,668.0,609.0,607.0,614.69,602.03,602.03,2,除外,81.97,41.78,-4.38,68.05,624.8,617.8,661.86,+2.34σ,2.49,なし,なし,買い,底固め,1,0.0,609.0,753.0,2.0,直近下落なし（B以下に制限）、直近安値切り上げ、BB幅収縮、レンジ上限突破,急騰済み（BB +2σ大幅超過）,https://finance.yahoo.co.jp/quote/2749.T
2026-08-13,6196,ストライクグループ,プライム,1319.0,-0.3,0.92,1.46,-1.51,0.5,30.08,1333.0,1327.0,1312.0,1333.0,1333.0,1297.0,1248.0,1313.07,1289.49,1289.49,2,C,55.0,54.99,1.71,49.18,1339.2,1279.33,1341.04,-0.75σ,0.65,はらみ足,なし,買い,底固め,1,0.0,1273.88,1409.25,2.0,直近下落なし（B以下に制限）、直近安値切り上げ、BB幅収縮、RSI安値切り上げ,,https://finance.yahoo.co.jp/quote/6196.T
2026-08-13,8425,みずほリース,プライム,1356.0,-0.15,0.0,2.65,2.04,0.79,24.01,1366.0,1366.0,1347.0,1366.0,1366.0,1318.0,1288.0,1314.61,1294.31,1294.31,2,C,81.13,42.1,-6.77,58.35,1328.88,1319.55,1369.12,+1.04σ,0.79,なし,なし,買い,底固め,1,0.0,1318.0,1432.0,2.0,直近下落なし（B以下に制限）、直近安値切り上げ、BB幅収縮、RSI安値切り上げ,,https://finance.yahoo.co.jp/quote/8425.T
2026-08-13,6178,日本郵政,プライム,2379.0,0.72,-1.45,0.93,-0.63,0.58,59.67,2371.0,2387.5,2353.0,2387.5,2397.0,2315.0,2267.5,2349.79,2293.81,2293.81,2,C,56.2,38.27,-7.82,52.11,2394.06,2190.07,1901.64,-0.48σ,0.68,なし,なし,買い,底固め,1,0.0,2289.5,2558.0,2.0,直近下落なし（B以下に制限）、直近安値切り上げ、BB幅収縮、RSI安値切り上げ,,https://finance.yahoo.co.jp/quote/6178.T
2026-08-13,8706,極東証券,プライム,1852.0,1.04,2.72,4.87,5.47,0.72,36.3,1836.0,1858.0,1832.0,1858.0,1858.0,1770.0,1687.0,1749.78,1718.61,1718.61,2,除外,93.48,74.78,7.82,69.5,1755.92,1624.21,1665.31,+2.28σ,0.8,なし,なし,買い,底固め,1,0.0,1770.0,2016.0,2.0,直近下落なし（B以下に制限）、直近安値切り上げ、BB幅収縮、RSI安値切り上げ、レンジ上限突破,急騰済み（BB +2σ大幅超過）,https://finance.yahoo.co.jp/quote/8706.T
2026-08-13,3923,ラクス,プライム,1094.0,-0.05,3.94,6.06,5.65,0.96,40.6,1111.0,1114.0,1075.0,1114.0,1114.0,1025.0,930.0,995.16,953.13,953.13,2,C,80.2,54.54,-2.88,62.7,1035.47,962.37,974.04,+1.35σ,0.9,陰線→陽線,なし,買い,底固め,1,0.0,1025.0,1232.0,2.0,直近下落なし（B以下に制限）、直近安値切り上げ、BB幅収縮、RSI安値切り上げ,,https://finance.yahoo.co.jp/quote/3923.T
2026-08-13,3865,北越コーポレーション,プライム,903.0,-0.66,-2.9,0.78,-1.35,0.66,28.59,958.0,914.0,895.0,958.0,958.0,895.0,888.0,908.17,890.74,890.74,2,C,21.43,37.75,-5.11,47.08,915.4,901.56,912.86,-1.30σ,0.86,なし,なし,買い,底固め,1,0.0,860.11,988.77,2.0,直近下落なし（B以下に制限）、直近安値切り上げ、BB幅収縮、RSI安値切り上げ,,https://finance.yahoo.co.jp/quote/3865.T
2026-08-13,9023,東京地下鉄,プライム,1456.0,-0.55,-0.88,1.39,-0.34,0.52,28.79,1471.0,1468.0,1453.0,1471.0,1473.0,1433.0,1415.0,1440.05,1418.71,1418.71,2,C,67.21,48.09,-0.26,50.37,1460.9,1453.84,1561.96,-0.25σ,0.57,なし,なし,買い,底固め,1,0.0,1412.82,1542.36,2.0,直近下落なし（B以下に制限）、直近安値切り上げ、BB幅収縮、RSI安値切り上げ,,https://finance.yahoo.co.jp/quote/9023.T
2026-08-13,9069,センコーグループホールディングス,プライム,2296.5,1.55,2.16,4.58,5.2,2.17,50.83,2303.5,2378.5,2268.0,2378.5,2378.5,2193.5,2114.0,2171.18,2129.98,2129.98,2,除外,57.73,57.06,1.16,72.43,2183.08,2008.49,1960.68,+2.04σ,1.43,なし,なし,買い,底固め,1,0.0,2193.5,2502.5,2.0,直近下落なし（B以下に制限）、直近安値切り上げ、BB幅収縮、RSI安値切り上げ,急騰済み（高RSI）,https://finance.yahoo.co.jp/quote/9069.T
2026-08-13,9024,西武ホールディングス,プライム,3242.0,-4.98,-2.96,-0.28,-7.49,0.99,151.53,3426.0,3386.0,3236.0,3426.0,3426.0,3211.0,3177.0,3333.57,3174.24,3174.24,2,C,20.12,29.7,-16.36,42.5,3504.36,3304.91,4091.54,-1.57σ,1.76,なし,なし,買い,底固め,1,0.0,3014.7,3696.6,2.0,直近下落なし（B以下に制限）、直近安値切り上げ、BB幅収縮、出来高減少後の増加、RSI安値切り上げ,,https://finance.yahoo.co.jp/quote/9024.T
2026-08-13,1909,日本ドライケミカル,スタンダード,3705.0,0.0,0.0,0.27,0.26,0.37,13.37,3710.0,3710.0,3705.0,3710.0,3715.0,3695.0,3685.0,3690.61,3685.23,3685.23,2,C,40.0,42.33,-6.0,58.28,3695.4,3608.23,2937.1,+1.67σ,0.23,はらみ足,なし,買い,底固め,1,0.0,3684.95,3745.11,2.0,直近下落なし（B以下に制限）、直近安値切り上げ、ATR低下、BB幅収縮、RSI安値切り上げ,,https://finance.yahoo.co.jp/quote/1909.T
2026-08-13,1887,日本国土開発,プライム,524.0,-0.38,0.0,0.77,0.44,0.56,9.0,526.0,529.0,524.0,529.0,529.0,518.0,507.0,512.25,505.76,505.76,2,C,58.33,73.28,4.66,51.25,521.72,538.67,570.86,+0.81σ,0.42,なし,なし,買い,底固め,1,0.0,510.5,551.01,2.0,直近下落なし（B以下に制限）、直近安値切り上げ、ATR低下、RSI安値切り上げ,,https://finance.yahoo.co.jp/quote/1887.T
