シグナル日,コード,会社名,市場,現在値,前日比,直近3日騰落率,直近5日騰落率,25日線乖離率,ATR当日値幅,ATR14,前日高値,反転足高値,反転足安値,直近2日高値,直近3日高値,直近安値,直近支持線,BB-1σ,BB-2σ,BB下限,スコア,ランク,%K,%D,%D傾き,RSI14,MA25,MA75,MA200,BB位置,出来高倍率,ローソク足パターン,アンチ判定,買い・売り,シグナル種別,シグナル数,自社株買い比率,損切り候補,利確候補,RR,判定理由,除外理由,Yahoo Financeリンク,売残,買残,売残前週比,買残前週比,信用倍率,基準日,取得元URL,取得日時,テクニカルスコア,信用需給による減点,信用需給スコア,総合調整後スコア,テクニカル順位,調整後順位,信用需給判定,信用需給判定理由
2026-08-21,6145,ＮＩＴＴＯＫＵ,スタンダード,2400.0,1.87,-0.95,-1.64,-5.97,0.87,118.19,2365.0,2400.0,2297.0,2400.0,2401.0,2297.0,2269.0,2373.24,2216.58,2216.58,24,S,45.37,30.87,-18.18,41.81,2552.36,2834.67,2550.68,-0.83σ,1.61,強気包み足 / 前日安値割れ反転 / 2～5日下落後の陽線,なし,買い,BB逆張り / 底固め,2,0.0,2222.72,2754.56,2.0,直近2～5日まで下落、RSI40以下から反転上昇、BB -1σ以下から反発、ストキャス売られ過ぎから反転、%K反転、陽の包み足、長い下ヒゲ反転、2～5日下落後の陽線、出来高増加を伴う反転、直近安値切り上げ、出来高減少後の増加、RSI安値切り上げ / 信用需給: 信用データがデータなし、または売残0で信用倍率を算出不能,,https://finance.yahoo.co.jp/quote/6145.T,データなし,データなし,データなし,データなし,データなし,データなし,データなし,データなし,24.0,0,0,24.0,1,1,信用需給は判定不能,信用データがデータなし、または売残0で信用倍率を算出不能
2026-08-21,6013,タクマ,プライム,3105.0,0.32,-4.02,-3.57,-6.23,0.56,88.9,3110.0,3105.0,3055.0,3110.0,3200.0,3055.0,3055.0,3169.99,3046.73,3046.73,20,S,22.22,15.48,-15.51,33.38,3311.4,3358.53,2907.14,-1.53σ,0.76,強気包み足 / 前日安値割れ反転 / 2～5日下落後の陽線,なし,買い,BB逆張り / BB＋RSI＋ストキャス,2,0.0,2971.64,3371.71,2.0,直近2～5日まで下落、RSI40以下から反転上昇、BB -1σ以下から反発、ストキャス売られ過ぎから反転、%K反転、陽の包み足、長い下ヒゲ反転、2～5日下落後の陽線 / 信用需給: 信用データがデータなし、または売残0で信用倍率を算出不能,,https://finance.yahoo.co.jp/quote/6013.T,データなし,データなし,データなし,データなし,データなし,データなし,データなし,データなし,20.0,0,0,20.0,2,2,信用需給は判定不能,信用データがデータなし、または売残0で信用倍率を算出不能
2026-08-21,9960,東テク,プライム,3695.0,0.41,-2.51,-2.89,-5.12,0.48,124.47,3690.0,3700.0,3640.0,3700.0,3745.0,3630.0,3630.0,3720.97,3577.95,3577.95,20,S,24.53,23.38,-19.15,40.82,3894.2,3910.93,3861.88,-1.18σ,0.52,強気包み足 / 長い下ヒゲ（ハンマー） / 2～5日下落後の陽線,なし,買い,BB逆張り,1,0.0,3508.3,4068.4,2.0,直近2～5日まで下落、RSI40以下から反転上昇、BB -1σ以下から反発、ストキャス売られ過ぎから反転、%K反転、陽の包み足、長い下ヒゲ反転、2～5日下落後の陽線 / 信用需給: 信用データがデータなし、または売残0で信用倍率を算出不能,,https://finance.yahoo.co.jp/quote/9960.T,データなし,データなし,データなし,データなし,データなし,データなし,データなし,データなし,20.0,0,0,20.0,2,2,信用需給は判定不能,信用データがデータなし、または売残0で信用倍率を算出不能
2026-08-21,8795,Ｔ＆Ｄホールディングス,プライム,4795.0,2.26,-2.72,-2.66,-3.32,1.1,131.78,4776.0,4824.0,4679.0,4824.0,4897.0,4678.0,4678.0,4838.07,4719.15,4719.15,20,S,39.8,26.15,-6.4,44.37,4959.44,4656.08,4081.24,-1.36σ,1.11,陰線→陽線 / 強気包み足 / 2～5日下落後の陽線,なし,買い,BB逆張り,1,0.0,4597.33,5190.34,2.0,直近2～5日まで下落、RSI40以下から反転上昇、BB -2σ付近から反発、ストキャス売られ過ぎから反転、%K反転、%D方向改善、陽の包み足、2～5日下落後の陽線 / 信用需給: 信用データがデータなし、または売残0で信用倍率を算出不能,,https://finance.yahoo.co.jp/quote/8795.T,データなし,データなし,データなし,データなし,データなし,データなし,データなし,データなし,20.0,0,0,20.0,2,2,信用需給は判定不能,信用データがデータなし、または売残0で信用倍率を算出不能
2026-08-21,7532,パン・パシフィック・インターナショナルホールディングス,プライム,818.2,0.99,-10.63,-11.68,-8.31,0.52,29.94,834.3,822.0,806.3,834.3,854.5,806.3,806.3,856.2,815.02,815.02,20,S,9.45,47.83,-3.52,36.12,892.37,862.37,921.7,-1.92σ,1.38,陰線→陽線 / 前日安値割れ反転 / 2～5日下落後の陽線,なし,買い,BB逆張り / BB＋RSI＋ストキャス,2,0.0,773.3,908.01,2.0,直近2～5日まで下落、RSI40以下から反転上昇、BB -2σ付近から反発、ストキャス売られ過ぎから反転、%K反転、長い下ヒゲ反転、2～5日下落後の陽線、出来高増加を伴う反転 / 信用需給: 信用データがデータなし、または売残0で信用倍率を算出不能,,https://finance.yahoo.co.jp/quote/7532.T,データなし,データなし,データなし,データなし,データなし,データなし,データなし,データなし,20.0,0,0,20.0,2,2,信用需給は判定不能,信用データがデータなし、または売残0で信用倍率を算出不能
2026-08-21,8591,オリックス,プライム,6115.0,1.56,-2.86,-4.09,-4.15,0.88,156.14,6034.0,6142.0,6005.0,6142.0,6295.0,5956.0,5956.0,6193.85,6033.7,6033.7,19,S,29.72,31.1,-15.67,41.8,6379.96,6236.92,5250.43,-1.49σ,0.67,強気包み足 / 2～5日下落後の陽線,なし,買い,BB逆張り,1,0.0,5880.79,6583.42,2.0,直近2～5日まで下落、RSI40以下から反転上昇、BB -2σ付近から反発、ストキャス売られ過ぎから反転、%K反転、陽の包み足、2～5日下落後の陽線 / 信用需給: 信用データがデータなし、または売残0で信用倍率を算出不能,,https://finance.yahoo.co.jp/quote/8591.T,データなし,データなし,データなし,データなし,データなし,データなし,データなし,データなし,19.0,0,0,19.0,6,6,信用需給は判定不能,信用データがデータなし、または売残0で信用倍率を算出不能
2026-08-21,9364,上組,プライム,4856.0,0.37,-0.63,-1.96,-4.17,0.59,93.79,4849.0,4875.0,4820.0,4875.0,4902.0,4788.0,4788.0,4912.51,4775.43,4775.43,19,S,25.19,26.1,2.72,34.23,5067.32,4983.97,5165.06,-1.41σ,0.79,強気包み足 / 2～5日下落後の陽線,なし,買い,BB逆張り / BB＋RSI＋ストキャス,2,0.0,4715.32,5137.36,2.0,直近2～5日まで下落、RSI40以下から反転上昇、BB -1σ以下から反発、ストキャス売られ過ぎから反転、%K反転、%D方向改善、陽の包み足、2～5日下落後の陽線 / 信用需給: 信用データがデータなし、または売残0で信用倍率を算出不能,,https://finance.yahoo.co.jp/quote/9364.T,データなし,データなし,データなし,データなし,データなし,データなし,データなし,データなし,19.0,0,0,19.0,6,6,信用需給は判定不能,信用データがデータなし、または売残0で信用倍率を算出不能
2026-08-21,8750,第一ライフグループ,プライム,1788.5,1.19,-2.88,-4.56,-4.64,1.02,47.57,1782.5,1801.5,1753.0,1801.5,1819.0,1750.0,1750.0,1825.88,1773.24,1773.24,19,S,27.02,28.75,-14.81,41.39,1875.44,1764.67,1510.66,-1.71σ,0.58,陰線→陽線 / 強気包み足 / 2～5日下落後の陽線,なし,買い,BB逆張り,1,0.0,1717.14,1931.22,2.0,直近2～5日まで下落、RSI40以下から反転上昇、BB -2σ付近から反発、ストキャス売られ過ぎから反転、%K反転、陽の包み足、2～5日下落後の陽線 / 信用需給: 信用データがデータなし、または売残0で信用倍率を算出不能,,https://finance.yahoo.co.jp/quote/8750.T,データなし,データなし,データなし,データなし,データなし,データなし,データなし,データなし,19.0,0,0,19.0,6,6,信用需給は判定不能,信用データがデータなし、または売残0で信用倍率を算出不能
2026-08-21,8766,東京海上ホールディングス,プライム,7347.0,1.58,-0.33,-2.56,-5.64,0.95,186.49,7328.0,7383.0,7206.0,7383.0,7410.0,7186.0,7186.0,7443.08,7099.55,7099.55,19,S,34.7,15.59,2.19,39.73,7786.44,7499.61,6683.3,-1.28σ,0.93,陰線→陽線 / 強気包み足 / 2～5日下落後の陽線,なし,買い,BB逆張り / BB＋RSI＋ストキャス,2,0.0,7067.27,7906.46,2.0,直近2～5日まで下落、RSI40以下から反転上昇、BB -1σ以下から反発、ストキャス売られ過ぎから反転、%K反転、%D方向改善、陽の包み足、2～5日下落後の陽線 / 信用需給: 信用データがデータなし、または売残0で信用倍率を算出不能,,https://finance.yahoo.co.jp/quote/8766.T,データなし,データなし,データなし,データなし,データなし,データなし,データなし,データなし,19.0,0,0,19.0,6,6,信用需給は判定不能,信用データがデータなし、または売残0で信用倍率を算出不能
2026-08-21,7157,ライフネット生命保険,プライム,1529.0,2.69,1.8,1.66,-5.59,0.97,61.93,1511.0,1537.0,1477.0,1537.0,1537.0,1428.0,1428.0,1519.93,1430.01,1430.01,18,S,54.89,30.97,-11.86,42.61,1619.6,1668.96,1894.15,-0.90σ,1.25,強気包み足 / 2～5日下落後の陽線,なし,買い,BB逆張り,1,0.0,1428.0,1731.0,2.0,直近2～5日まで下落、RSI40以下から反転上昇、BB -1σ以下から反発、ストキャス売られ過ぎから反転、%K反転、陽の包み足、2～5日下落後の陽線 / 信用需給: 信用データがデータなし、または売残0で信用倍率を算出不能,,https://finance.yahoo.co.jp/quote/7157.T,データなし,データなし,データなし,データなし,データなし,データなし,データなし,データなし,18.0,0,0,18.0,10,10,信用需給は判定不能,信用データがデータなし、または売残0で信用倍率を算出不能
2026-08-21,3407,旭化成,プライム,1641.5,0.46,-2.61,-3.55,-5.74,0.5,48.41,1639.0,1644.0,1620.0,1644.0,1655.0,1605.0,1558.5,1631.21,1550.24,1550.24,18,S,24.58,46.34,-0.91,39.45,1741.38,1756.59,1592.22,-0.87σ,0.5,陰線→陽線 / 強気包み足 / 2～5日下落後の陽線,なし,買い,BB逆張り / BB＋RSI＋ストキャス,2,0.0,1568.88,1786.74,2.0,直近2～5日まで下落、RSI40以下から反転上昇、BB -1σ以下から反発、ストキャス売られ過ぎから反転、%K反転、陽の包み足、2～5日下落後の陽線 / 信用需給: 信用データがデータなし、または売残0で信用倍率を算出不能,,https://finance.yahoo.co.jp/quote/3407.T,データなし,データなし,データなし,データなし,データなし,データなし,データなし,データなし,18.0,0,0,18.0,10,10,信用需給は判定不能,信用データがデータなし、または売残0で信用倍率を算出不能
2026-08-21,4975,ＪＣＵ,プライム,5450.0,0.18,-0.18,-2.68,-7.93,0.57,299.1,5480.0,5490.0,5320.0,5490.0,5490.0,5160.0,5160.0,5415.99,5028.48,5028.48,18,S,46.77,19.47,-15.69,39.33,5919.2,6821.33,5966.45,-0.91σ,0.65,強気包み足 / 2～5日下落後の陽線,なし,買い,BB逆張り / BB＋RSI＋ストキャス,2,0.0,5001.35,6347.31,2.0,直近2～5日まで下落、RSI40以下から反転上昇、BB -1σ以下から反発、ストキャス売られ過ぎから反転、%K反転、陽の包み足、2～5日下落後の陽線 / 信用需給: 信用データがデータなし、または売残0で信用倍率を算出不能,,https://finance.yahoo.co.jp/quote/4975.T,データなし,データなし,データなし,データなし,データなし,データなし,データなし,データなし,18.0,0,0,18.0,10,10,信用需給は判定不能,信用データがデータなし、または売残0で信用倍率を算出不能
2026-08-21,6383,ダイフク,プライム,5900.0,1.06,-4.28,-6.39,-3.77,0.79,224.4,5896.0,5949.0,5771.0,5949.0,5984.0,5766.0,5584.0,5866.44,5662.53,5662.53,18,S,20.94,54.52,-21.57,39.47,6130.96,6744.13,6004.59,-0.84σ,0.87,陰線→陽線 / 強気包み足 / 2～5日下落後の陽線,なし,買い,BB逆張り / BB＋RSI＋ストキャス,2,0.0,5563.4,6573.2,2.0,直近2～5日まで下落、RSI40以下から反転上昇、BB -1σ以下から反発、ストキャス売られ過ぎから反転、%K反転、陽の包み足、2～5日下落後の陽線 / 信用需給: 信用データがデータなし、または売残0で信用倍率を算出不能,,https://finance.yahoo.co.jp/quote/6383.T,データなし,データなし,データなし,データなし,データなし,データなし,データなし,データなし,18.0,0,0,18.0,10,10,信用需給は判定不能,信用データがデータなし、または売残0で信用倍率を算出不能
2026-08-21,1861,熊谷組,プライム,1287.0,0.08,-0.85,-1.23,-7.08,0.77,36.35,1286.0,1291.0,1263.0,1291.0,1291.0,1249.0,1249.0,1294.61,1224.01,1224.01,18,S,48.72,26.73,-0.69,34.53,1385.12,1413.75,1550.78,-1.11σ,1.08,強気包み足 / 2～5日下落後の陽線,なし,買い,BB逆張り / BB＋RSI＋ストキャス,2,0.0,1232.47,1396.06,2.0,直近2～5日まで下落、RSI40以下から反転上昇、BB -1σ以下から反発、ストキャス売られ過ぎから反転、%K反転、陽の包み足、2～5日下落後の陽線 / 信用需給: 信用データがデータなし、または売残0で信用倍率を算出不能,,https://finance.yahoo.co.jp/quote/1861.T,データなし,データなし,データなし,データなし,データなし,データなし,データなし,データなし,18.0,0,0,18.0,10,10,信用需給は判定不能,信用データがデータなし、または売残0で信用倍率を算出不能
2026-08-21,8715,アニコム　ホールディングス,プライム,1135.0,1.52,-0.7,-0.35,-3.75,0.8,45.14,1133.0,1146.0,1110.0,1146.0,1162.0,1086.0,1086.0,1132.49,1089.37,1089.37,18,S,64.47,24.86,-7.07,43.28,1179.2,1239.85,1169.96,-0.94σ,0.5,陰線→陽線 / 強気包み足 / 前日安値割れ反転 / 2～5日下落後の陽線,なし,買い,BB逆張り,1,0.0,1067.29,1270.43,2.0,直近2～5日まで下落、BB -1σ以下から反発、ストキャス売られ過ぎから反転、%K反転、%D方向改善、陽の包み足、長い下ヒゲ反転、2～5日下落後の陽線 / 信用需給: 信用データがデータなし、または売残0で信用倍率を算出不能,,https://finance.yahoo.co.jp/quote/8715.T,データなし,データなし,データなし,データなし,データなし,データなし,データなし,データなし,18.0,0,0,18.0,10,10,信用需給は判定不能,信用データがデータなし、または売残0で信用倍率を算出不能
2026-08-21,6806,ヒロセ電機,プライム,25665.0,0.37,-1.27,-6.02,-5.1,0.44,987.38,25630.0,25665.0,25230.0,25665.0,25665.0,24990.0,24990.0,26049.93,25156.86,25156.86,18,S,21.88,31.3,-17.93,39.82,27045.0,26992.47,22267.68,-1.43σ,0.79,強気包み足 / 2～5日下落後の陽線,なし,買い,BB逆張り / BB＋RSI＋ストキャス,2,0.0,24183.93,28627.13,2.0,直近2～5日まで下落、RSI40以下から反転上昇、BB -1σ以下から反発、ストキャス売られ過ぎから反転、%K反転、陽の包み足、2～5日下落後の陽線 / 信用需給: 信用データがデータなし、または売残0で信用倍率を算出不能,,https://finance.yahoo.co.jp/quote/6806.T,データなし,データなし,データなし,データなし,データなし,データなし,データなし,データなし,18.0,0,0,18.0,10,10,信用需給は判定不能,信用データがデータなし、または売残0で信用倍率を算出不能
2026-08-21,7419,ノジマ,プライム,1280.0,0.16,-1.16,-2.88,-4.66,0.45,35.18,1298.0,1280.0,1264.0,1298.0,1298.0,1264.0,1264.0,1275.83,1214.6,1214.6,18,S,23.19,40.71,0.98,38.16,1342.52,1379.36,1237.78,-0.93σ,0.66,陰線→陽線 / 前日安値割れ反転 / 2～5日下落後の陽線,なし,買い,BB逆張り / BB＋RSI＋ストキャス,2,0.0,1227.23,1385.54,2.0,直近2～5日まで下落、RSI40以下から反転上昇、BB -1σ以下から反発、ストキャス売られ過ぎから反転、%K反転、%D方向改善、長い下ヒゲ反転、2～5日下落後の陽線 / 信用需給: 信用データがデータなし、または売残0で信用倍率を算出不能,,https://finance.yahoo.co.jp/quote/7419.T,データなし,データなし,データなし,データなし,データなし,データなし,データなし,データなし,18.0,0,0,18.0,10,10,信用需給は判定不能,信用データがデータなし、または売残0で信用倍率を算出不能
2026-08-21,6728,アルバック,プライム,7594.0,0.26,-2.85,-18.95,-14.15,0.41,522.4,7574.0,7595.0,7382.0,7595.0,7595.0,7280.0,7280.0,7888.45,7189.55,7189.55,18,S,12.71,38.72,-20.51,36.33,8845.48,9389.76,8714.6,-1.42σ,1.28,強気包み足 / 2～5日下落後の陽線,なし,買い,BB逆張り / BB＋RSI＋ストキャス,2,0.0,6810.39,9161.21,2.0,直近2～5日まで下落、RSI40以下から反転上昇、BB -1σ以下から反発、ストキャス売られ過ぎから反転、%K反転、陽の包み足、2～5日下落後の陽線 / 信用需給: 信用データがデータなし、または売残0で信用倍率を算出不能,,https://finance.yahoo.co.jp/quote/6728.T,データなし,データなし,データなし,データなし,データなし,データなし,データなし,データなし,18.0,0,0,18.0,10,10,信用需給は判定不能,信用データがデータなし、または売残0で信用倍率を算出不能
2026-08-21,6859,エスペック,プライム,3915.0,1.69,-5.66,-7.67,-3.78,1.03,175.5,3865.0,3920.0,3740.0,3920.0,4000.0,3740.0,3665.0,3883.31,3722.62,3722.62,17,S,32.11,59.86,-18.1,43.41,4068.8,4011.47,3641.53,-0.80σ,0.81,陰線→陽線 / 強気包み足 / 前日安値割れ反転 / 2～5日下落後の陽線,なし,買い,BB逆張り,1,0.0,3651.75,4441.5,2.0,直近2～5日まで下落、BB -1σ以下から反発、ストキャス売られ過ぎから反転、%K反転、陽の包み足、長い下ヒゲ反転、2～5日下落後の陽線 / 信用需給: 信用データがデータなし、または売残0で信用倍率を算出不能,,https://finance.yahoo.co.jp/quote/6859.T,データなし,データなし,データなし,データなし,データなし,データなし,データなし,データなし,17.0,0,0,17.0,19,19,信用需給は判定不能,信用データがデータなし、または売残0で信用倍率を算出不能
2026-08-21,7745,Ａ＆Ｄホロンホールディングス,プライム,2796.0,0.5,-2.71,-4.12,-4.22,1.01,117.93,2782.0,2822.0,2703.0,2822.0,2822.0,2703.0,2703.0,2802.94,2671.13,2671.13,17,S,36.61,18.32,-15.25,44.03,2919.32,2849.28,2531.86,-1.05σ,0.72,強気包み足 / 前日安値割れ反転 / 2～5日下落後の陽線,なし,買い,BB逆張り,1,0.0,2619.1,3149.8,2.0,直近2～5日まで下落、BB -1σ以下から反発、ストキャス売られ過ぎから反転、%K反転、陽の包み足、長い下ヒゲ反転、2～5日下落後の陽線 / 信用需給: 信用データがデータなし、または売残0で信用倍率を算出不能,,https://finance.yahoo.co.jp/quote/7745.T,データなし,データなし,データなし,データなし,データなし,データなし,データなし,データなし,17.0,0,0,17.0,19,19,信用需給は判定不能,信用データがデータなし、または売残0で信用倍率を算出不能
2026-08-21,7173,東京きらぼしフィナンシャルグループ,プライム,1713.0,1.24,-5.15,-3.76,-1.13,0.65,61.38,1717.0,1722.0,1682.0,1722.0,1767.0,1679.0,1642.0,1694.1,1652.5,1652.5,17,S,19.32,50.21,-10.51,48.57,1732.56,1603.79,1377.4,-0.55σ,0.88,陰線→陽線 / 強気包み足 / 2～5日下落後の陽線,なし,買い,BB逆張り / 底固め,2,0.0,1620.92,1897.15,2.0,直近2～5日まで下落、BB -1σ以下から反発、ストキャス売られ過ぎから反転、%K反転、陽の包み足、2～5日下落後の陽線、直近安値切り上げ、ATR低下、BB幅収縮 / 信用需給: 信用データがデータなし、または売残0で信用倍率を算出不能,,https://finance.yahoo.co.jp/quote/7173.T,データなし,データなし,データなし,データなし,データなし,データなし,データなし,データなし,17.0,0,0,17.0,19,19,信用需給は判定不能,信用データがデータなし、または売残0で信用倍率を算出不能
2026-08-21,6762,ＴＤＫ,プライム,3041.0,1.0,-3.12,-5.26,-0.25,0.61,148.22,3023.0,3041.0,2951.0,3041.0,3052.0,2951.0,2651.0,2921.34,2799.38,2799.38,17,S,25.79,48.0,-15.05,45.33,3048.6,3371.23,2695.69,-0.02σ,0.63,強気包み足 / 前日安値割れ反転 / 2～5日下落後の陽線,なし,買い,底固め,1,0.0,2818.67,3485.66,2.0,直近2～5日まで下落、ストキャス売られ過ぎから反転、%K反転、陽の包み足、長い下ヒゲ反転、2～5日下落後の陽線、直近安値切り上げ、BB幅収縮、RSI安値切り上げ / 信用需給: 信用データがデータなし、または売残0で信用倍率を算出不能,,https://finance.yahoo.co.jp/quote/6762.T,データなし,データなし,データなし,データなし,データなし,データなし,データなし,データなし,17.0,0,0,17.0,19,19,信用需給は判定不能,信用データがデータなし、または売残0で信用倍率を算出不能
2026-08-21,1723,日本電技,スタンダード,2071.0,0.53,-2.17,-2.08,-4.84,0.46,119.02,2075.0,2073.0,2018.0,2075.0,2080.0,1994.0,1994.0,2057.58,1929.67,1929.67,17,S,30.08,22.54,-14.45,44.13,2176.44,2281.16,2253.0,-0.90σ,0.75,強気包み足 / 長い下ヒゲ（ハンマー） / 前日安値割れ反転 / 2～5日下落後の陽線,なし,買い,BB逆張り,1,0.0,1892.47,2428.06,2.0,直近2～5日まで下落、BB -1σ以下から反発、ストキャス売られ過ぎから反転、%K反転、陽の包み足、長い下ヒゲ反転、2～5日下落後の陽線 / 信用需給: 信用データがデータなし、または売残0で信用倍率を算出不能,,https://finance.yahoo.co.jp/quote/1723.T,データなし,データなし,データなし,データなし,データなし,データなし,データなし,データなし,17.0,0,0,17.0,19,19,信用需給は判定不能,信用データがデータなし、または売残0で信用倍率を算出不能
2026-08-21,6368,オルガノ,プライム,13575.0,1.12,-2.9,-8.18,-6.13,0.84,806.01,13450.0,13625.0,12950.0,13625.0,13625.0,12950.0,12050.0,13493.61,12724.22,12724.22,17,S,28.15,31.8,-19.72,42.28,14461.6,15720.4,15034.52,-0.89σ,0.89,強気包み足 / 前日安値割れ反転 / 2～5日下落後の陽線,なし,買い,BB逆張り,1,0.0,12365.98,15993.04,2.0,直近2～5日まで下落、BB -1σ以下から反発、ストキャス売られ過ぎから反転、%K反転、陽の包み足、長い下ヒゲ反転、2～5日下落後の陽線 / 信用需給: 信用データがデータなし、または売残0で信用倍率を算出不能,,https://finance.yahoo.co.jp/quote/6368.T,データなし,データなし,データなし,データなし,データなし,データなし,データなし,データなし,17.0,0,0,17.0,19,19,信用需給は判定不能,信用データがデータなし、または売残0で信用倍率を算出不能
2026-08-21,5991,日本発條,プライム,3479.0,0.4,-5.41,-6.3,-2.95,0.71,158.55,3465.0,3496.0,3383.0,3496.0,3568.0,3383.0,3252.0,3456.01,3334.78,3334.78,17,S,23.19,44.27,-19.27,43.48,3584.64,3657.88,3049.93,-0.81σ,0.84,強気包み足 / 前日安値割れ反転 / 2～5日下落後の陽線,なし,買い,BB逆張り,1,0.0,3241.17,3954.66,2.0,直近2～5日まで下落、BB -1σ以下から反発、ストキャス売られ過ぎから反転、%K反転、陽の包み足、長い下ヒゲ反転、2～5日下落後の陽線 / 信用需給: 信用データがデータなし、または売残0で信用倍率を算出不能,,https://finance.yahoo.co.jp/quote/5991.T,データなし,データなし,データなし,データなし,データなし,データなし,データなし,データなし,17.0,0,0,17.0,19,19,信用需給は判定不能,信用データがデータなし、または売残0で信用倍率を算出不能
2026-08-21,5463,丸一鋼管,プライム,1718.0,0.26,-3.13,-2.69,-3.73,0.7,50.13,1760.5,1718.0,1683.0,1760.5,1770.0,1683.0,1683.0,1740.49,1703.67,1703.67,17,S,26.52,41.48,-12.87,40.55,1784.62,1753.77,1573.45,-1.61σ,0.78,陰線→陽線 / 前日安値割れ反転 / 2～5日下落後の陽線,なし,買い,BB逆張り,1,0.0,1642.8,1868.39,2.0,直近2～5日まで下落、RSI40以下から反転上昇、BB -1σ以下から反発、ストキャス売られ過ぎから反転、%K反転、長い下ヒゲ反転、2～5日下落後の陽線 / 信用需給: 信用データがデータなし、または売残0で信用倍率を算出不能,,https://finance.yahoo.co.jp/quote/5463.T,データなし,データなし,データなし,データなし,データなし,データなし,データなし,データなし,17.0,0,0,17.0,19,19,信用需給は判定不能,信用データがデータなし、または売残0で信用倍率を算出不能
2026-08-21,6471,日本精工,プライム,1117.5,0.18,-4.49,-4.89,-2.25,0.71,37.57,1115.5,1117.5,1091.0,1117.5,1124.0,1089.0,1073.5,1115.26,1083.36,1083.36,17,S,26.51,38.61,-11.0,43.6,1143.18,1176.59,1119.28,-0.93σ,0.6,強気包み足 / 前日安値割れ反転 / 2～5日下落後の陽線,なし,買い,BB逆張り,1,0.0,1061.14,1230.21,2.0,直近2～5日まで下落、BB -1σ以下から反発、ストキャス売られ過ぎから反転、%K反転、陽の包み足、長い下ヒゲ反転、2～5日下落後の陽線 / 信用需給: 信用データがデータなし、または売残0で信用倍率を算出不能,,https://finance.yahoo.co.jp/quote/6471.T,データなし,データなし,データなし,データなし,データなし,データなし,データなし,データなし,17.0,0,0,17.0,19,19,信用需給は判定不能,信用データがデータなし、または売残0で信用倍率を算出不能
2026-08-21,6472,ＮＴＮ,プライム,374.0,0.56,-4.45,-4.2,-2.22,0.51,13.49,375.8,374.9,368.0,375.8,386.0,368.0,354.2,372.8,362.88,362.88,17,S,14.12,41.08,-21.47,43.07,382.49,406.61,381.12,-0.88σ,0.48,陰線→陽線 / 強気包み足 / 前日安値割れ反転 / 2～5日下落後の陽線,なし,買い,BB逆張り,1,0.0,353.76,414.47,2.0,直近2～5日まで下落、BB -1σ以下から反発、ストキャス売られ過ぎから反転、%K反転、陽の包み足、長い下ヒゲ反転、2～5日下落後の陽線 / 信用需給: 信用データがデータなし、または売残0で信用倍率を算出不能,,https://finance.yahoo.co.jp/quote/6472.T,データなし,データなし,データなし,データなし,データなし,データなし,データなし,データなし,17.0,0,0,17.0,19,19,信用需給は判定不能,信用データがデータなし、または売残0で信用倍率を算出不能
2026-08-21,5367,ニッカトー,スタンダード,1231.0,1.15,-2.38,-4.2,2.23,0.65,91.06,1235.0,1239.0,1180.0,1239.0,1259.0,1180.0,950.0,1111.43,1016.81,1016.81,17,S,26.02,48.27,-17.49,49.19,1204.2,1222.29,887.11,+0.26σ,0.23,陰線→陽線 / 強気包み足 / 前日安値割れ反転 / 2～5日下落後の陽線,なし,買い,底固め,1,0.0,1094.42,1504.17,2.0,直近2～5日まで下落、ストキャス売られ過ぎから反転、%K反転、陽の包み足、長い下ヒゲ反転、2～5日下落後の陽線、直近安値切り上げ、ATR低下、RSI安値切り上げ / 信用需給: 信用データがデータなし、または売残0で信用倍率を算出不能,,https://finance.yahoo.co.jp/quote/5367.T,データなし,データなし,データなし,データなし,データなし,データなし,データなし,データなし,17.0,0,0,17.0,19,19,信用需給は判定不能,信用データがデータなし、または売残0で信用倍率を算出不能
2026-08-21,6674,ジーエス・ユアサ　コーポレーション,プライム,5273.0,0.67,-4.46,-6.72,-5.24,0.56,290.52,5256.0,5278.0,5115.0,5278.0,5339.0,5099.0,5044.0,5267.31,5035.21,5035.21,17,S,25.97,35.27,-13.92,41.18,5564.6,6224.88,5215.19,-0.98σ,0.76,強気包み足 / 長い下ヒゲ（ハンマー） / 2～5日下落後の陽線,なし,買い,BB逆張り,1,0.0,4837.22,6144.57,2.0,直近2～5日まで下落、BB -1σ以下から反発、ストキャス売られ過ぎから反転、%K反転、陽の包み足、長い下ヒゲ反転、2～5日下落後の陽線 / 信用需給: 信用データがデータなし、または売残0で信用倍率を算出不能,,https://finance.yahoo.co.jp/quote/6674.T,データなし,データなし,データなし,データなし,データなし,データなし,データなし,データなし,17.0,0,0,17.0,19,19,信用需給は判定不能,信用データがデータなし、または売残0で信用倍率を算出不能
2026-08-21,7004,カナデビア,プライム,1189.0,0.59,-5.93,-4.57,-1.73,0.59,42.5,1185.0,1189.0,1164.0,1189.0,1243.0,1157.0,1145.0,1180.08,1149.37,1149.37,17,S,28.32,53.06,-19.08,44.15,1209.88,1288.63,1135.72,-0.71σ,0.71,強気包み足 / 前日安値割れ反転 / 2～5日下落後の陽線,なし,買い,BB逆張り,1,0.0,1125.25,1316.51,2.0,直近2～5日まで下落、BB -1σ以下から反発、ストキャス売られ過ぎから反転、%K反転、陽の包み足、長い下ヒゲ反転、2～5日下落後の陽線 / 信用需給: 信用データがデータなし、または売残0で信用倍率を算出不能,,https://finance.yahoo.co.jp/quote/7004.T,データなし,データなし,データなし,データなし,データなし,データなし,データなし,データなし,17.0,0,0,17.0,19,19,信用需給は判定不能,信用データがデータなし、または売残0で信用倍率を算出不能
2026-08-21,6677,エスケーエレクトロニクス,スタンダード,3175.0,0.47,-5.37,-5.65,-7.72,0.69,130.15,3215.0,3200.0,3110.0,3215.0,3320.0,3110.0,3110.0,3261.02,3064.54,3064.54,17,S,15.12,18.82,-26.82,37.73,3440.8,3394.53,3273.06,-1.44σ,0.96,陰線→陽線 / 長い下ヒゲ（ハンマー） / 前日安値割れ反転 / 2～5日下落後の陽線,なし,買い,BB逆張り / BB＋RSI＋ストキャス,2,0.0,2979.77,3565.45,2.0,直近2～5日まで下落、RSI40以下から反転上昇、BB -1σ以下から反発、ストキャス売られ過ぎから反転、%K反転、長い下ヒゲ反転、2～5日下落後の陽線 / 信用需給: 信用データがデータなし、または売残0で信用倍率を算出不能,,https://finance.yahoo.co.jp/quote/6677.T,データなし,データなし,データなし,データなし,データなし,データなし,データなし,データなし,17.0,0,0,17.0,19,19,信用需給は判定不能,信用データがデータなし、または売残0で信用倍率を算出不能
2026-08-21,7972,イトーキ,プライム,2565.0,0.27,0.04,-4.0,-7.06,0.55,86.06,2558.0,2570.0,2523.0,2570.0,2574.0,2482.0,2482.0,2583.9,2421.9,2421.9,17,S,38.43,29.37,-8.28,39.34,2759.96,2678.72,2780.52,-1.12σ,0.44,長い下ヒゲ（ハンマー） / 2～5日下落後の陽線,なし,買い,BB逆張り / BB＋RSI＋ストキャス,2,0.0,2435.92,2823.17,2.0,直近2～5日まで下落、RSI40以下から反転上昇、BB -1σ以下から反発、ストキャス売られ過ぎから反転、%K反転、長い下ヒゲ反転、2～5日下落後の陽線 / 信用需給: 信用データがデータなし、または売残0で信用倍率を算出不能,,https://finance.yahoo.co.jp/quote/7972.T,データなし,データなし,データなし,データなし,データなし,データなし,データなし,データなし,17.0,0,0,17.0,19,19,信用需給は判定不能,信用データがデータなし、または売残0で信用倍率を算出不能
2026-08-21,4109,ステラ　ケミファ,プライム,5500.0,1.29,-0.9,-3.51,1.74,0.71,251.88,5440.0,5550.0,5370.0,5550.0,5550.0,5340.0,4835.0,5126.02,4890.04,4890.04,16,S,34.78,53.31,-11.11,48.26,5406.0,6282.8,5337.48,+0.58σ,0.53,強気包み足 / 2～5日下落後の陽線,なし,買い,底固め,1,0.0,5122.18,6255.64,2.0,直近2～5日まで下落、ストキャス売られ過ぎから反転、%K反転、%D方向改善、陽の包み足、2～5日下落後の陽線、直近安値切り上げ、BB幅収縮、RSI安値切り上げ / 信用需給: 信用データがデータなし、または売残0で信用倍率を算出不能,,https://finance.yahoo.co.jp/quote/4109.T,データなし,データなし,データなし,データなし,データなし,データなし,データなし,データなし,16.0,0,0,16.0,34,34,信用需給は判定不能,信用データがデータなし、または売残0で信用倍率を算出不能
2026-08-21,8031,三井物産,プライム,4899.0,2.62,0.53,1.53,0.87,1.08,120.73,4796.0,4899.0,4769.0,4899.0,4899.0,4735.0,4662.0,4793.33,4721.11,4721.11,16,S,75.58,54.97,2.99,53.9,4856.64,4990.52,5082.25,+0.46σ,0.8,強気包み足 / 2～5日下落後の陽線,なし,買い,BB逆張り,1,0.0,4717.91,5261.19,2.0,直近2～5日まで下落、BB -1σ以下から反発、ストキャス売られ過ぎから反転、%K反転、%D方向改善、陽の包み足、2～5日下落後の陽線 / 信用需給: 信用データがデータなし、または売残0で信用倍率を算出不能,,https://finance.yahoo.co.jp/quote/8031.T,データなし,データなし,データなし,データなし,データなし,データなし,データなし,データなし,16.0,0,0,16.0,34,34,信用需給は判定不能,信用データがデータなし、または売残0で信用倍率を算出不能
2026-08-21,9735,セコム,プライム,6413.0,0.8,0.77,-1.51,-3.9,0.43,161.55,6431.0,6426.0,6357.0,6431.0,6431.0,6252.0,6252.0,6413.7,6164.34,6164.34,16,S,55.33,29.34,7.29,42.74,6673.44,6477.68,6008.38,-1.00σ,0.59,陰線→陽線 / 強気包み足 / はらみ足 / 2～5日下落後の陽線,なし,買い,BB逆張り,1,0.0,6170.67,6897.66,2.0,直近2～5日まで下落、BB -1σ以下から反発、ストキャス売られ過ぎから反転、%K反転、%D方向改善、陽の包み足、2～5日下落後の陽線 / 信用需給: 信用データがデータなし、または売残0で信用倍率を算出不能,,https://finance.yahoo.co.jp/quote/9735.T,データなし,データなし,データなし,データなし,データなし,データなし,データなし,データなし,16.0,0,0,16.0,34,34,信用需給は判定不能,信用データがデータなし、または売残0で信用倍率を算出不能
2026-08-21,8002,丸紅,プライム,4893.0,0.76,-0.91,-0.75,-3.5,0.57,145.71,4864.0,4908.0,4825.0,4908.0,4908.0,4745.0,4745.0,4864.33,4686.02,4686.02,16,S,46.98,39.77,4.35,44.48,5070.52,5075.33,5054.58,-0.84σ,0.58,強気包み足 / 2～5日下落後の陽線,なし,買い,BB逆張り,1,0.0,4674.43,5330.14,2.0,直近2～5日まで下落、BB -1σ以下から反発、ストキャス売られ過ぎから反転、%K反転、%D方向改善、陽の包み足、2～5日下落後の陽線 / 信用需給: 信用データがデータなし、または売残0で信用倍率を算出不能,,https://finance.yahoo.co.jp/quote/8002.T,データなし,データなし,データなし,データなし,データなし,データなし,データなし,データなし,16.0,0,0,16.0,34,34,信用需給は判定不能,信用データがデータなし、または売残0で信用倍率を算出不能
2026-08-21,3861,王子ホールディングス,プライム,866.7,0.62,0.03,-1.02,-0.24,0.8,16.54,868.0,873.5,860.2,873.5,873.5,848.4,842.5,861.68,850.22,850.22,16,S,62.03,50.61,-1.14,53.23,868.8,824.26,851.9,-0.56σ,0.54,陰線→陽線 / 強気包み足 / 2～5日下落後の陽線,なし,買い,BB逆張り,1,0.0,841.89,916.32,2.0,直近2～5日まで下落、BB -1σ以下から反発、ストキャス売られ過ぎから反転、%K反転、%D方向改善、陽の包み足、2～5日下落後の陽線 / 信用需給: 信用データがデータなし、または売残0で信用倍率を算出不能,,https://finance.yahoo.co.jp/quote/3861.T,データなし,データなし,データなし,データなし,データなし,データなし,データなし,データなし,16.0,0,0,16.0,34,34,信用需給は判定不能,信用データがデータなし、または売残0で信用倍率を算出不能
2026-08-21,1833,奥村組,プライム,5730.0,1.06,0.17,0.0,0.07,0.85,105.99,5680.0,5750.0,5660.0,5750.0,5750.0,5590.0,5540.0,5672.92,5605.84,5605.84,16,S,60.87,45.26,2.07,51.5,5726.0,5709.33,6056.55,-0.15σ,0.72,強気包み足 / 2～5日下落後の陽線,なし,買い,BB逆張り,1,0.0,5571.02,6047.97,2.0,直近2～5日まで下落、BB -1σ以下から反発、ストキャス売られ過ぎから反転、%K反転、%D方向改善、陽の包み足、2～5日下落後の陽線 / 信用需給: 信用データがデータなし、または売残0で信用倍率を算出不能,,https://finance.yahoo.co.jp/quote/1833.T,データなし,データなし,データなし,データなし,データなし,データなし,データなし,データなし,16.0,0,0,16.0,34,34,信用需給は判定不能,信用データがデータなし、または売残0で信用倍率を算出不能
2026-08-21,3288,オープンハウスグループ,プライム,8136.0,0.28,2.03,-1.35,-2.83,0.65,196.25,8119.0,8200.0,8072.0,8200.0,8200.0,7800.0,7800.0,8102.15,7864.51,7864.51,16,S,68.15,40.35,11.1,43.53,8373.2,8529.17,9121.89,-0.86σ,1.22,強気包み足 / 2～5日下落後の陽線,なし,買い,BB逆張り,1,0.0,7800.0,8808.0,2.0,直近2～5日まで下落、BB -1σ以下から反発、ストキャス売られ過ぎから反転、%K反転、%D方向改善、陽の包み足、2～5日下落後の陽線 / 信用需給: 信用データがデータなし、または売残0で信用倍率を算出不能,,https://finance.yahoo.co.jp/quote/3288.T,データなし,データなし,データなし,データなし,データなし,データなし,データなし,データなし,16.0,0,0,16.0,34,34,信用需給は判定不能,信用データがデータなし、または売残0で信用倍率を算出不能
2026-08-21,2175,エス・エム・エス,プライム,2366.0,3.82,3.59,0.55,1.84,1.54,82.26,2289.0,2374.0,2247.0,2374.0,2374.0,2211.0,2075.0,2224.61,2158.47,2158.47,16,S,95.09,65.6,-0.66,57.0,2323.32,2143.52,1773.4,+1.14σ,1.22,強気包み足 / 2～5日下落後の陽線,なし,買い,底固め,1,0.0,2211.0,2676.0,2.0,直近2～5日まで下落、ストキャス売られ過ぎから反転、%K反転、%D方向改善、陽の包み足、2～5日下落後の陽線、BB幅収縮、出来高減少後の増加、レンジ上限突破 / 信用需給: 信用データがデータなし、または売残0で信用倍率を算出不能,,https://finance.yahoo.co.jp/quote/2175.T,データなし,データなし,データなし,データなし,データなし,データなし,データなし,データなし,16.0,0,0,16.0,34,34,信用需給は判定不能,信用データがデータなし、または売残0で信用倍率を算出不能
2026-08-21,8060,キヤノンマーケティングジャパン,プライム,3609.0,1.6,1.49,-2.35,0.3,1.04,71.79,3552.0,3609.0,3534.0,3609.0,3609.0,3494.0,3420.0,3559.32,3509.54,3509.54,15,S,53.74,57.19,-11.9,52.73,3598.08,3558.69,3482.63,-0.00σ,0.82,強気包み足 / 2～5日下落後の陽線,なし,買い,BB逆張り,1,0.0,3494.0,3839.0,2.0,直近2～5日まで下落、BB -1σ以下から反発、ストキャス売られ過ぎから反転、%K反転、陽の包み足、2～5日下落後の陽線 / 信用需給: 信用データがデータなし、または売残0で信用倍率を算出不能,,https://finance.yahoo.co.jp/quote/8060.T,データなし,データなし,データなし,データなし,データなし,データなし,データなし,データなし,15.0,0,0,15.0,42,42,信用需給は判定不能,信用データがデータなし、または売残0で信用倍率を算出不能
2026-08-21,4005,住友化学,プライム,559.8,7.18,5.15,5.52,6.6,1.94,18.47,532.9,560.8,525.0,560.8,560.8,508.8,471.4,503.85,486.36,486.36,15,除外,98.08,72.81,6.65,60.96,525.14,546.83,512.06,+2.20σ,1.74,陰線→陽線 / 2～5日下落後の陽線,なし,買い,底固め,1,0.0,508.8,661.8,2.0,直近2～5日まで下落、ストキャス売られ過ぎから反転、%K反転、%D方向改善、2～5日下落後の陽線、出来高増加を伴う反転、直近安値切り上げ、出来高減少後の増加、RSI安値切り上げ、レンジ上限突破 / 信用需給: 信用データがデータなし、または売残0で信用倍率を算出不能,急騰済み（BB +2σ大幅超過）,https://finance.yahoo.co.jp/quote/4005.T,データなし,データなし,データなし,データなし,データなし,データなし,データなし,データなし,15.0,0,0,15.0,42,42,信用需給は判定不能,信用データがデータなし、または売残0で信用倍率を算出不能
2026-08-21,6254,野村マイクロ・サイエンス,プライム,3635.0,1.25,-3.58,-6.79,-8.24,0.62,281.13,3610.0,3695.0,3520.0,3695.0,3695.0,3470.0,3380.0,3619.24,3317.49,3317.49,15,S,28.7,25.04,-22.18,42.14,3961.4,4389.8,3704.08,-0.95σ,0.68,強気包み足 / 2～5日下落後の陽線,なし,買い,BB逆張り,1,0.0,3213.3,4478.39,2.0,直近2～5日まで下落、BB -1σ以下から反発、ストキャス売られ過ぎから反転、%K反転、陽の包み足、2～5日下落後の陽線 / 信用需給: 信用データがデータなし、または売残0で信用倍率を算出不能,,https://finance.yahoo.co.jp/quote/6254.T,データなし,データなし,データなし,データなし,データなし,データなし,データなし,データなし,15.0,0,0,15.0,42,42,信用需給は判定不能,信用データがデータなし、または売残0で信用倍率を算出不能
2026-08-21,4183,三井化学,プライム,2143.0,1.42,-2.81,-3.97,-0.9,0.99,62.93,2124.5,2149.0,2087.0,2149.0,2175.0,2083.0,2034.0,2110.84,2062.1,2062.1,15,S,35.93,58.5,-10.72,48.24,2162.4,2124.43,2059.74,-0.34σ,0.81,陰線→陽線 / 強気包み足 / 2～5日下落後の陽線,なし,買い,BB逆張り,1,0.0,2048.61,2331.78,2.0,直近2～5日まで下落、BB -1σ以下から反発、ストキャス売られ過ぎから反転、%K反転、陽の包み足、2～5日下落後の陽線 / 信用需給: 信用データがデータなし、または売残0で信用倍率を算出不能,,https://finance.yahoo.co.jp/quote/4183.T,データなし,データなし,データなし,データなし,データなし,データなし,データなし,データなし,15.0,0,0,15.0,42,42,信用需給は判定不能,信用データがデータなし、または売残0で信用倍率を算出不能
2026-08-21,1975,朝日工業社,プライム,3835.0,0.39,-2.42,0.0,-1.37,0.57,174.45,3840.0,3835.0,3735.0,3840.0,3915.0,3710.0,3575.0,3722.69,3600.13,3600.13,15,S,29.76,35.32,-12.09,46.09,3888.2,4028.93,3793.52,-0.08σ,0.62,強気包み足 / はらみ足 / 2～5日下落後の陽線,なし,買い,底固め,1,0.0,3573.33,4358.34,2.0,直近2～5日まで下落、ストキャス売られ過ぎから反転、%K反転、陽の包み足、2～5日下落後の陽線、直近安値切り上げ、BB幅収縮、RSI安値切り上げ / 信用需給: 信用データがデータなし、または売残0で信用倍率を算出不能,,https://finance.yahoo.co.jp/quote/1975.T,データなし,データなし,データなし,データなし,データなし,データなし,データなし,データなし,15.0,0,0,15.0,42,42,信用需給は判定不能,信用データがデータなし、または売残0で信用倍率を算出不能
2026-08-21,6432,竹内製作所,プライム,7370.0,0.96,-2.77,-3.66,-1.79,0.61,260.69,7340.0,7400.0,7240.0,7400.0,7400.0,7100.0,7090.0,7359.11,7166.73,7166.73,15,S,39.13,43.47,-17.99,47.13,7504.0,7297.33,6951.8,-0.94σ,0.72,強気包み足 / 2～5日下落後の陽線,なし,買い,BB逆張り,1,0.0,6978.96,8152.07,2.0,直近2～5日まで下落、BB -1σ以下から反発、ストキャス売られ過ぎから反転、%K反転、陽の包み足、2～5日下落後の陽線 / 信用需給: 信用データがデータなし、または売残0で信用倍率を算出不能,,https://finance.yahoo.co.jp/quote/6432.T,データなし,データなし,データなし,データなし,データなし,データなし,データなし,データなし,15.0,0,0,15.0,42,42,信用需給は判定不能,信用データがデータなし、または売残0で信用倍率を算出不能
2026-08-21,6146,ディスコ,プライム,61360.0,1.72,-1.59,-6.28,-1.19,0.56,3930.38,60360.0,61360.0,59140.0,61360.0,61580.0,58620.0,49400.0,56648.42,52685.35,52685.35,15,S,28.84,56.09,-20.11,45.78,62097.6,69668.27,64071.15,+0.19σ,0.51,強気包み足 / 2～5日下落後の陽線,なし,買い,底固め,1,0.0,55464.43,73151.14,2.0,直近2～5日まで下落、ストキャス売られ過ぎから反転、%K反転、陽の包み足、2～5日下落後の陽線、直近安値切り上げ、ATR低下、BB幅収縮、RSI安値切り上げ / 信用需給: 信用データがデータなし、または売残0で信用倍率を算出不能,,https://finance.yahoo.co.jp/quote/6146.T,データなし,データなし,データなし,データなし,データなし,データなし,データなし,データなし,15.0,0,0,15.0,42,42,信用需給は判定不能,信用データがデータなし、または売残0で信用倍率を算出不能
2026-08-21,8601,大和証券グループ本社,プライム,1779.0,1.25,0.45,-1.22,-1.8,1.01,42.56,1758.5,1785.5,1742.5,1785.5,1785.5,1719.0,1719.0,1770.48,1737.49,1737.49,15,S,55.05,38.31,-4.82,50.17,1811.66,1657.02,1524.12,-0.74σ,0.74,強気包み足 / 2～5日下落後の陽線,なし,買い,BB逆張り,1,0.0,1715.16,1906.69,2.0,直近2～5日まで下落、BB -1σ以下から反発、ストキャス売られ過ぎから反転、%K反転、陽の包み足、2～5日下落後の陽線 / 信用需給: 信用データがデータなし、または売残0で信用倍率を算出不能,,https://finance.yahoo.co.jp/quote/8601.T,データなし,データなし,データなし,データなし,データなし,データなし,データなし,データなし,15.0,0,0,15.0,42,42,信用需給は判定不能,信用データがデータなし、または売残0で信用倍率を算出不能
2026-08-21,9433,ＫＤＤＩ,プライム,2915.5,1.9,2.15,1.32,0.56,0.96,72.94,2888.5,2930.0,2860.0,2930.0,2930.0,2809.0,2779.0,2831.65,2756.38,2756.38,15,S,88.93,44.49,14.9,54.95,2899.12,2766.67,2696.82,+0.11σ,1.33,陰線→陽線 / 強気包み足 / 2～5日下落後の陽線,なし,買い,底固め,1,0.0,2806.09,3134.33,2.0,直近2～5日まで下落、%K反転、%D方向改善、陽の包み足、2～5日下落後の陽線、出来高増加を伴う反転、直近安値切り上げ、BB幅収縮、出来高減少後の増加、RSI安値切り上げ / 信用需給: 信用データがデータなし、または売残0で信用倍率を算出不能,,https://finance.yahoo.co.jp/quote/9433.T,データなし,データなし,データなし,データなし,データなし,データなし,データなし,データなし,15.0,0,0,15.0,42,42,信用需給は判定不能,信用データがデータなし、または売残0で信用倍率を算出不能
2026-08-21,9551,メタウォーター,プライム,3110.0,0.97,-1.74,-3.42,-1.84,0.81,98.46,3095.0,3130.0,3050.0,3130.0,3160.0,3015.0,2838.0,3080.39,2997.02,2997.02,15,S,38.0,42.0,-20.79,44.64,3168.2,3278.2,3422.08,-0.64σ,0.51,強気包み足 / 2～5日下落後の陽線,なし,買い,BB逆張り,1,0.0,2962.32,3405.37,2.0,直近2～5日まで下落、BB -1σ以下から反発、ストキャス売られ過ぎから反転、%K反転、陽の包み足、2～5日下落後の陽線 / 信用需給: 信用データがデータなし、または売残0で信用倍率を算出不能,,https://finance.yahoo.co.jp/quote/9551.T,データなし,データなし,データなし,データなし,データなし,データなし,データなし,データなし,15.0,0,0,15.0,42,42,信用需給は判定不能,信用データがデータなし、または売残0で信用倍率を算出不能
2026-08-21,8411,みずほフィナンシャルグループ,プライム,8110.0,0.31,-4.93,-5.92,-2.85,0.71,265.68,8145.0,8201.0,8012.0,8201.0,8288.0,7966.0,7761.0,8085.94,7835.12,7835.12,15,S,16.88,51.63,-18.47,45.71,8348.08,7848.15,6823.38,-0.90σ,0.72,強気包み足 / 2～5日下落後の陽線,なし,買い,BB逆張り,1,0.0,7711.48,8907.04,2.0,直近2～5日まで下落、BB -1σ以下から反発、ストキャス売られ過ぎから反転、%K反転、陽の包み足、2～5日下落後の陽線 / 信用需給: 信用データがデータなし、または売残0で信用倍率を算出不能,,https://finance.yahoo.co.jp/quote/8411.T,データなし,データなし,データなし,データなし,データなし,データなし,データなし,データなし,15.0,0,0,15.0,42,42,信用需給は判定不能,信用データがデータなし、または売残0で信用倍率を算出不能
2026-08-21,7734,理研計器,プライム,3290.0,1.54,-3.52,-5.05,-3.73,0.91,147.76,3250.0,3305.0,3170.0,3305.0,3305.0,3135.0,3135.0,3285.5,3138.0,3138.0,15,S,40.79,34.59,-21.44,43.51,3417.4,3543.73,3386.4,-0.97σ,0.81,強気包み足 / 2～5日下落後の陽線,なし,買い,BB逆張り,1,0.0,3068.36,3733.28,2.0,直近2～5日まで下落、BB -1σ以下から反発、ストキャス売られ過ぎから反転、%K反転、陽の包み足、2～5日下落後の陽線 / 信用需給: 信用データがデータなし、または売残0で信用倍率を算出不能,,https://finance.yahoo.co.jp/quote/7734.T,データなし,データなし,データなし,データなし,データなし,データなし,データなし,データなし,15.0,0,0,15.0,42,42,信用需給は判定不能,信用データがデータなし、または売残0で信用倍率を算出不能
2026-08-21,8337,千葉興業銀行,プライム,2698.0,1.5,-3.75,-4.16,1.49,0.65,93.76,2680.0,2714.0,2653.0,2714.0,2779.0,2622.0,2485.0,2589.92,2509.59,2509.59,15,S,31.15,62.63,-5.6,53.45,2658.36,2479.15,2127.78,+0.35σ,0.55,強気包み足 / 2～5日下落後の陽線,なし,買い,底固め,1,0.0,2557.35,2979.29,2.0,直近2～5日まで下落、ストキャス売られ過ぎから反転、%K反転、陽の包み足、2～5日下落後の陽線、直近安値切り上げ、BB幅収縮、RSI安値切り上げ / 信用需給: 信用データがデータなし、または売残0で信用倍率を算出不能,,https://finance.yahoo.co.jp/quote/8337.T,データなし,データなし,データなし,データなし,データなし,データなし,データなし,データなし,15.0,0,0,15.0,42,42,信用需給は判定不能,信用データがデータなし、または売残0で信用倍率を算出不能
2026-08-21,8306,三菱ＵＦＪフィナンシャル・グループ,プライム,3508.0,1.27,-4.0,-4.83,-2.61,0.81,99.24,3483.0,3524.0,3444.0,3524.0,3603.0,3415.0,3415.0,3505.57,3413.44,3413.44,15,S,28.44,57.58,-5.5,47.41,3602.16,3319.9,2911.0,-0.97σ,0.64,強気包み足 / 2～5日下落後の陽線,なし,買い,BB逆張り,1,0.0,3359.15,3805.71,2.0,直近2～5日まで下落、BB -1σ以下から反発、ストキャス売られ過ぎから反転、%K反転、陽の包み足、2～5日下落後の陽線 / 信用需給: 信用データがデータなし、または売残0で信用倍率を算出不能,,https://finance.yahoo.co.jp/quote/8306.T,データなし,データなし,データなし,データなし,データなし,データなし,データなし,データなし,15.0,0,0,15.0,42,42,信用需給は判定不能,信用データがデータなし、または売残0で信用倍率を算出不能
2026-08-21,8316,三井住友フィナンシャルグループ,プライム,6606.0,0.92,-4.26,-5.21,-3.38,0.75,180.28,6589.0,6629.0,6493.0,6629.0,6700.0,6467.0,6420.0,6605.92,6412.58,6412.58,15,S,24.47,58.04,-7.76,44.79,6837.04,6451.01,5658.42,-1.00σ,0.61,陰線→陽線 / 強気包み足 / 2～5日下落後の陽線,なし,買い,BB逆張り,1,0.0,6335.58,7146.84,2.0,直近2～5日まで下落、BB -1σ以下から反発、ストキャス売られ過ぎから反転、%K反転、陽の包み足、2～5日下落後の陽線 / 信用需給: 信用データがデータなし、または売残0で信用倍率を算出不能,,https://finance.yahoo.co.jp/quote/8316.T,データなし,データなし,データなし,データなし,データなし,データなし,データなし,データなし,15.0,0,0,15.0,42,42,信用需給は判定不能,信用データがデータなし、または売残0で信用倍率を算出不能
2026-08-21,1414,ショーボンドホールディングス,プライム,1258.0,0.04,-0.71,-0.75,-2.4,0.64,20.3,1276.0,1262.0,1249.0,1276.0,1276.0,1249.0,1249.0,1264.83,1236.76,1236.76,14,A,20.22,20.45,0.71,40.76,1288.98,1275.85,1324.96,-1.24σ,0.88,陰線→陽線 / 長い下ヒゲ（ハンマー） / 前日安値割れ反転 / 2～5日下落後の陽線,なし,買い,BB逆張り,1,0.0,1227.56,1318.89,2.0,直近2～5日まで下落、BB -1σ以下から反発、ストキャス売られ過ぎから反転、%K反転、長い下ヒゲ反転、2～5日下落後の陽線 / 信用需給: 信用データがデータなし、または売残0で信用倍率を算出不能,,https://finance.yahoo.co.jp/quote/1414.T,データなし,データなし,データなし,データなし,データなし,データなし,データなし,データなし,14.0,0,0,14.0,57,57,信用需給は判定不能,信用データがデータなし、または売残0で信用倍率を算出不能
2026-08-21,6971,京セラ,プライム,3608.0,1.15,-5.03,-7.68,-3.0,0.86,137.09,3665.0,3608.0,3490.0,3665.0,3702.0,3490.0,3490.0,3613.29,3494.54,3494.54,14,A,24.03,51.85,-21.94,44.61,3719.6,3535.51,2811.46,-1.04σ,0.85,陰線→陽線 / 前日安値割れ反転 / 2～5日下落後の陽線,なし,買い,BB逆張り,1,0.0,3402.36,4019.28,2.0,直近2～5日まで下落、BB -1σ以下から反発、ストキャス売られ過ぎから反転、%K反転、長い下ヒゲ反転、2～5日下落後の陽線 / 信用需給: 信用データがデータなし、または売残0で信用倍率を算出不能,,https://finance.yahoo.co.jp/quote/6971.T,データなし,データなし,データなし,データなし,データなし,データなし,データなし,データなし,14.0,0,0,14.0,57,57,信用需給は判定不能,信用データがデータなし、または売残0で信用倍率を算出不能
2026-08-21,7181,かんぽ生命保険,プライム,1651.5,0.98,-2.97,-2.68,-3.29,0.65,50.71,1640.5,1661.0,1628.0,1661.0,1694.0,1614.0,1603.0,1657.79,1602.44,1602.44,14,A,37.5,40.95,-0.92,47.07,1707.76,1592.68,1565.18,-1.11σ,0.65,2～5日下落後の陽線,なし,買い,BB逆張り / 底固め,2,0.0,1575.43,1803.64,2.0,直近2～5日まで下落、BB -1σ以下から反発、ストキャス売られ過ぎから反転、%K反転、2～5日下落後の陽線、直近安値切り上げ、BB幅収縮、RSI安値切り上げ / 信用需給: 信用データがデータなし、または売残0で信用倍率を算出不能,,https://finance.yahoo.co.jp/quote/7181.T,データなし,データなし,データなし,データなし,データなし,データなし,データなし,データなし,14.0,0,0,14.0,57,57,信用需給は判定不能,信用データがデータなし、または売残0で信用倍率を算出不能
2026-08-21,2501,サッポロビール,プライム,1916.5,0.24,-0.85,-6.51,-3.89,0.34,74.88,1952.0,1934.0,1908.5,1952.0,1963.0,1885.0,1881.0,1919.67,1849.04,1849.04,13,A,18.0,35.87,1.79,44.96,1994.14,1846.65,1731.45,-1.04σ,0.65,陰線→陽線 / はらみ足 / 2～5日下落後の陽線,なし,買い,BB逆張り,1,0.0,1804.19,2141.13,2.0,直近2～5日まで下落、BB -1σ以下から反発、ストキャス売られ過ぎから反転、%K反転、%D方向改善、2～5日下落後の陽線 / 信用需給: 信用データがデータなし、または売残0で信用倍率を算出不能,,https://finance.yahoo.co.jp/quote/2501.T,データなし,データなし,データなし,データなし,データなし,データなし,データなし,データなし,13.0,0,0,13.0,60,60,信用需給は判定不能,信用データがデータなし、または売残0で信用倍率を算出不能
2026-08-21,8059,第一実業,プライム,3640.0,1.82,1.39,1.53,4.79,0.68,95.99,3585.0,3640.0,3575.0,3640.0,3640.0,3470.0,3125.0,3395.29,3300.58,3300.58,13,A,100.0,80.75,-0.79,63.63,3473.6,3202.49,3167.0,+1.58σ,1.01,強気包み足 / 2～5日下落後の陽線,なし,買い,底固め,1,0.0,3470.0,3980.0,2.0,直近2～5日まで下落、%K反転、%D方向改善、陽の包み足、2～5日下落後の陽線、直近安値切り上げ、BB幅収縮、RSI安値切り上げ、レンジ上限突破 / 信用需給: 信用データがデータなし、または売残0で信用倍率を算出不能,,https://finance.yahoo.co.jp/quote/8059.T,データなし,データなし,データなし,データなし,データなし,データなし,データなし,データなし,13.0,0,0,13.0,60,60,信用需給は判定不能,信用データがデータなし、または売残0で信用倍率を算出不能
2026-08-21,8057,内田洋行,プライム,2200.0,1.66,2.33,0.69,3.39,0.82,44.92,2174.0,2200.0,2163.0,2200.0,2200.0,2122.0,2030.0,2083.98,2032.22,2032.22,13,A,100.0,74.39,20.2,61.65,2127.92,2053.41,2070.62,+1.24σ,0.52,強気包み足 / 2～5日下落後の陽線,なし,買い,底固め,1,0.0,2122.0,2356.0,2.0,直近2～5日まで下落、%K反転、%D方向改善、陽の包み足、2～5日下落後の陽線、直近安値切り上げ、RSI安値切り上げ、レンジ上限突破 / 信用需給: 信用データがデータなし、または売残0で信用倍率を算出不能,,https://finance.yahoo.co.jp/quote/8057.T,データなし,データなし,データなし,データなし,データなし,データなし,データなし,データなし,13.0,0,0,13.0,60,60,信用需給は判定不能,信用データがデータなし、または売残0で信用倍率を算出不能
2026-08-21,8424,芙蓉総合リース,プライム,4386.0,0.78,0.21,-2.4,-1.11,0.54,72.85,4380.0,4395.0,4356.0,4395.0,4395.0,4326.0,4326.0,4376.28,4307.37,4307.37,13,A,31.25,42.53,2.44,48.78,4435.2,4310.99,4309.84,-0.86σ,1.08,陰線→陽線 / 2～5日下落後の陽線,なし,買い,BB逆張り,1,0.0,4276.73,4604.54,2.0,直近2～5日まで下落、BB -1σ以下から反発、ストキャス売られ過ぎから反転、%K反転、%D方向改善、2～5日下落後の陽線 / 信用需給: 信用データがデータなし、または売残0で信用倍率を算出不能,,https://finance.yahoo.co.jp/quote/8424.T,データなし,データなし,データなし,データなし,データなし,データなし,データなし,データなし,13.0,0,0,13.0,60,60,信用需給は判定不能,信用データがデータなし、または売残0で信用倍率を算出不能
2026-08-21,8725,ＭＳ＆ＡＤインシュアランスグループホールディングス,プライム,4945.0,3.6,-0.8,2.25,1.96,1.52,125.96,4894.0,4957.0,4766.0,4957.0,4995.0,4755.0,4702.0,4800.4,4710.85,4710.85,13,A,48.59,46.91,1.82,58.32,4849.96,4545.47,4108.7,+0.61σ,0.83,陰線→陽線 / 2～5日下落後の陽線,なし,買い,BB逆張り,1,0.0,4755.0,5325.0,2.0,直近2～5日まで下落、BB -1σ以下から反発、ストキャス売られ過ぎから反転、%K反転、%D方向改善、2～5日下落後の陽線 / 信用需給: 信用データがデータなし、または売残0で信用倍率を算出不能,,https://finance.yahoo.co.jp/quote/8725.T,データなし,データなし,データなし,データなし,データなし,データなし,データなし,データなし,13.0,0,0,13.0,60,60,信用需給は判定不能,信用データがデータなし、または売残0で信用倍率を算出不能
2026-08-21,8595,ジャフコ　グループ,プライム,2299.0,0.46,0.74,0.13,0.99,0.43,31.07,2300.5,2299.5,2286.0,2300.5,2300.5,2265.5,2198.5,2245.76,2223.55,2223.55,13,A,90.54,76.91,14.79,55.13,2276.42,2270.94,2339.3,+1.40σ,0.61,強気包み足 / はらみ足 / 2～5日下落後の陽線,なし,買い,底固め,1,0.0,2252.4,2392.21,2.0,直近2～5日まで下落、%K反転、%D方向改善、陽の包み足、2～5日下落後の陽線、直近安値切り上げ、ATR低下、BB幅収縮、RSI安値切り上げ / 信用需給: 信用データがデータなし、または売残0で信用倍率を算出不能,,https://finance.yahoo.co.jp/quote/8595.T,データなし,データなし,データなし,データなし,データなし,データなし,データなし,データなし,13.0,0,0,13.0,60,60,信用需給は判定不能,信用データがデータなし、または売残0で信用倍率を算出不能
2026-08-21,8227,しまむら,プライム,3329.0,1.19,-1.68,-1.68,-1.41,0.69,80.69,3399.0,3350.0,3294.0,3399.0,3399.0,3272.0,3272.0,3315.67,3245.8,3245.8,13,A,42.22,43.51,3.03,47.03,3376.52,3310.13,6072.92,-0.81σ,1.04,陰線→陽線 / はらみ足 / 2～5日下落後の陽線,なし,買い,BB逆張り,1,0.0,3207.97,3571.06,2.0,直近2～5日まで下落、BB -1σ以下から反発、ストキャス売られ過ぎから反転、%K反転、%D方向改善、2～5日下落後の陽線 / 信用需給: 信用データがデータなし、または売残0で信用倍率を算出不能,,https://finance.yahoo.co.jp/quote/8227.T,データなし,データなし,データなし,データなし,データなし,データなし,データなし,データなし,13.0,0,0,13.0,60,60,信用需給は判定不能,信用データがデータなし、または売残0で信用倍率を算出不能
2026-08-21,8058,三菱商事,プライム,4794.0,2.09,0.33,0.52,0.65,0.81,125.35,4732.0,4794.0,4693.0,4794.0,4794.0,4628.0,4581.0,4711.28,4641.27,4641.27,13,A,62.64,52.64,-3.26,53.5,4762.84,4834.01,4576.19,+0.18σ,0.83,2～5日下落後の陽線,なし,買い,BB逆張り,1,0.0,4605.98,5170.05,2.0,直近2～5日まで下落、BB -1σ以下から反発、ストキャス売られ過ぎから反転、%K反転、%D方向改善、2～5日下落後の陽線 / 信用需給: 信用データがデータなし、または売残0で信用倍率を算出不能,,https://finance.yahoo.co.jp/quote/8058.T,データなし,データなし,データなし,データなし,データなし,データなし,データなし,データなし,13.0,0,0,13.0,60,60,信用需給は判定不能,信用データがデータなし、または売残0で信用倍率を算出不能
2026-08-21,8593,三菱ＨＣキャピタル,プライム,1395.0,0.47,0.94,-0.43,-2.16,0.55,26.16,1389.0,1397.5,1383.0,1397.5,1397.5,1364.5,1353.5,1387.05,1347.8,1347.8,13,A,55.96,42.31,9.34,47.88,1425.76,1367.17,1364.25,-0.80σ,0.68,強気包み足 / 2～5日下落後の陽線,なし,買い,BB逆張り,1,0.0,1355.76,1473.47,2.0,直近2～5日まで下落、BB -1σ以下から反発、%K反転、%D方向改善、陽の包み足、2～5日下落後の陽線 / 信用需給: 信用データがデータなし、または売残0で信用倍率を算出不能,,https://finance.yahoo.co.jp/quote/8593.T,データなし,データなし,データなし,データなし,データなし,データなし,データなし,データなし,13.0,0,0,13.0,60,60,信用需給は判定不能,信用データがデータなし、または売残0で信用倍率を算出不能
2026-08-21,7283,愛三工業,プライム,2305.0,-0.13,-0.65,-0.65,0.24,0.5,71.54,2318.0,2316.0,2280.0,2318.0,2318.0,2224.0,2216.0,2253.21,2205.47,2205.47,12,A,67.5,49.46,12.97,54.08,2299.56,2045.65,2078.86,+0.08σ,0.35,強気包み足 / はらみ足 / 長い下ヒゲ（ハンマー） / 2～5日下落後の陽線,なし,買い,底固め,1,0.0,2197.69,2519.62,2.0,直近2～5日まで下落、%D方向改善、陽の包み足、長い下ヒゲ反転、2～5日下落後の陽線、直近安値切り上げ、ATR低下、BB幅収縮 / 信用需給: 信用データがデータなし、または売残0で信用倍率を算出不能,,https://finance.yahoo.co.jp/quote/7283.T,データなし,データなし,データなし,データなし,データなし,データなし,データなし,データなし,12.0,0,0,12.0,69,69,信用需給は判定不能,信用データがデータなし、または売残0で信用倍率を算出不能
2026-08-21,9793,ダイセキ,プライム,3805.0,0.13,-0.13,-1.3,0.08,0.52,67.43,3830.0,3825.0,3790.0,3830.0,3835.0,3740.0,3690.0,3762.21,3718.67,3718.67,12,A,40.62,60.6,1.56,47.2,3801.8,3952.0,3761.12,-0.02σ,0.43,前日安値割れ反転,なし,買い,底固め,1,0.0,3703.85,4007.3,2.0,直近2～5日まで下落、ストキャス売られ過ぎから反転、%K反転、長い下ヒゲ反転、直近安値切り上げ、ATR低下、BB幅収縮、RSI安値切り上げ / 信用需給: 信用データがデータなし、または売残0で信用倍率を算出不能,,https://finance.yahoo.co.jp/quote/9793.T,データなし,データなし,データなし,データなし,データなし,データなし,データなし,データなし,12.0,0,0,12.0,69,69,信用需給は判定不能,信用データがデータなし、または売残0で信用倍率を算出不能
2026-08-21,9830,トラスコ中山,プライム,2360.0,0.68,-0.3,-1.46,-0.92,0.86,53.26,2347.0,2373.0,2327.0,2373.0,2373.0,2307.0,2260.0,2360.03,2329.71,2329.71,12,A,38.69,46.63,-8.71,49.09,2381.92,2290.99,2355.54,-1.00σ,0.63,強気包み足 / 2～5日下落後の陽線,なし,買い,BB逆張り,1,0.0,2280.11,2519.78,2.0,直近2～5日まで下落、BB -1σ以下から反発、%K反転、陽の包み足、2～5日下落後の陽線 / 信用需給: 信用データがデータなし、または売残0で信用倍率を算出不能,,https://finance.yahoo.co.jp/quote/9830.T,データなし,データなし,データなし,データなし,データなし,データなし,データなし,データなし,12.0,0,0,12.0,69,69,信用需給は判定不能,信用データがデータなし、または売残0で信用倍率を算出不能
2026-08-21,9531,東京瓦斯,プライム,6090.0,1.35,0.64,1.25,-0.05,0.74,120.8,6055.0,6100.0,6011.0,6100.0,6100.0,5934.0,5876.0,5966.25,5845.6,5845.6,12,A,93.98,51.25,17.36,51.16,6093.16,6232.4,6546.82,+0.03σ,1.31,陰線→陽線 / 2～5日下落後の陽線,なし,買い,底固め,1,0.0,5908.8,6452.4,2.0,直近2～5日まで下落、%K反転、%D方向改善、2～5日下落後の陽線、出来高増加を伴う反転、直近安値切り上げ、出来高減少後の増加、RSI安値切り上げ / 信用需給: 信用データがデータなし、または売残0で信用倍率を算出不能,,https://finance.yahoo.co.jp/quote/9531.T,データなし,データなし,データなし,データなし,データなし,データなし,データなし,データなし,12.0,0,0,12.0,69,69,信用需給は判定不能,信用データがデータなし、または売残0で信用倍率を算出不能
2026-08-21,7581,サイゼリヤ,プライム,7350.0,0.14,-1.34,-2.0,-2.96,0.58,257.47,7480.0,7380.0,7230.0,7480.0,7500.0,7230.0,7150.0,7398.99,7140.47,7140.47,12,A,24.49,20.63,-0.1,53.32,7574.0,6074.13,6002.78,-1.19σ,0.61,前日安値割れ反転,なし,買い,BB逆張り,1,0.0,6963.8,8122.41,2.0,直近2～5日まで下落、BB -1σ以下から反発、ストキャス売られ過ぎから反転、%K反転、長い下ヒゲ反転 / 信用需給: 信用データがデータなし、または売残0で信用倍率を算出不能,,https://finance.yahoo.co.jp/quote/7581.T,データなし,データなし,データなし,データなし,データなし,データなし,データなし,データなし,12.0,0,0,12.0,69,69,信用需給は判定不能,信用データがデータなし、または売残0で信用倍率を算出不能
2026-08-21,7184,富山第一銀行,プライム,3175.0,1.6,-4.22,-4.08,4.1,0.91,142.19,3155.0,3230.0,3100.0,3230.0,3245.0,3045.0,2765.0,2958.72,2829.05,2829.05,12,A,37.68,63.3,-8.41,56.65,3050.0,2729.01,2373.52,+0.67σ,0.78,強気包み足 / 2～5日下落後の陽線,なし,買い,底固め,1,0.0,2961.71,3601.57,2.0,直近2～5日まで下落、%K反転、陽の包み足、2～5日下落後の陽線、直近安値切り上げ、BB幅収縮、RSI安値切り上げ / 信用需給: 信用データがデータなし、または売残0で信用倍率を算出不能,,https://finance.yahoo.co.jp/quote/7184.T,データなし,データなし,データなし,データなし,データなし,データなし,データなし,データなし,12.0,0,0,12.0,69,69,信用需給は判定不能,信用データがデータなし、または売残0で信用倍率を算出不能
2026-08-21,3231,野村不動産ホールディングス,プライム,928.5,0.61,2.0,1.04,-0.35,0.79,14.85,922.9,932.1,920.4,932.1,932.1,901.7,890.9,897.82,869.53,869.53,12,A,88.16,59.94,17.37,51.05,931.74,934.52,980.77,+0.08σ,0.77,強気包み足,なし,買い,底固め,1,0.0,901.7,982.1,2.0,ストキャス売られ過ぎから反転、%K反転、%D方向改善、陽の包み足、直近下落なし（B以下に制限）、直近安値切り上げ、ATR低下、RSI安値切り上げ、レンジ上限突破 / 信用需給: 信用データがデータなし、または売残0で信用倍率を算出不能,,https://finance.yahoo.co.jp/quote/3231.T,データなし,データなし,データなし,データなし,データなし,データなし,データなし,データなし,12.0,0,0,12.0,69,69,信用需給は判定不能,信用データがデータなし、または売残0で信用倍率を算出不能
2026-08-21,2002,日清製粉グループ本社,プライム,2068.0,1.2,2.94,1.9,1.92,1.06,44.25,2063.0,2068.0,2021.0,2068.0,2068.0,1981.5,1906.0,1968.49,1909.71,1909.71,12,A,100.0,76.01,23.1,57.95,2029.1,1991.18,1985.92,+0.69σ,1.42,陰線→陽線 / 強気包み足 / 前日安値割れ反転,なし,買い,底固め,1,0.0,1981.5,2241.0,2.0,%K反転、%D方向改善、陽の包み足、長い下ヒゲ反転、出来高増加を伴う反転、直近下落なし（B以下に制限）、直近安値切り上げ、RSI安値切り上げ、レンジ上限突破 / 信用需給: 信用データがデータなし、または売残0で信用倍率を算出不能,,https://finance.yahoo.co.jp/quote/2002.T,データなし,データなし,データなし,データなし,データなし,データなし,データなし,データなし,12.0,0,0,12.0,69,69,信用需給は判定不能,信用データがデータなし、または売残0で信用倍率を算出不能
2026-08-21,1407,ウエストホールディングス,スタンダード,2845.0,4.52,3.83,8.84,5.54,1.22,169.03,2735.0,2885.0,2679.0,2885.0,2885.0,2541.0,2434.0,2594.44,2501.84,2501.84,12,A,88.37,61.91,-4.66,57.84,2695.72,2611.6,2030.47,+1.71σ,1.22,強気包み足,なし,買い,底固め,1,0.0,2541.0,3453.0,2.0,ストキャス売られ過ぎから反転、%K反転、%D方向改善、陽の包み足、直近下落なし（B以下に制限）、BB幅収縮、出来高減少後の増加、レンジ上限突破 / 信用需給: 信用データがデータなし、または売残0で信用倍率を算出不能,,https://finance.yahoo.co.jp/quote/1407.T,データなし,データなし,データなし,データなし,データなし,データなし,データなし,データなし,12.0,0,0,12.0,69,69,信用需給は判定不能,信用データがデータなし、または売残0で信用倍率を算出不能
2026-08-21,4188,三菱ケミカルグループ,プライム,1147.5,0.31,-3.04,-5.05,-2.96,0.66,38.62,1162.5,1153.5,1128.0,1162.5,1165.0,1128.0,1100.5,1141.95,1104.58,1104.58,12,A,14.44,49.85,-11.07,45.69,1182.46,1117.85,1013.1,-0.85σ,0.63,陰線→陽線 / はらみ足 / 2～5日下落後の陽線,なし,買い,BB逆張り,1,0.0,1089.56,1263.37,2.0,直近2～5日まで下落、BB -1σ以下から反発、ストキャス売られ過ぎから反転、%K反転、2～5日下落後の陽線 / 信用需給: 信用データがデータなし、または売残0で信用倍率を算出不能,,https://finance.yahoo.co.jp/quote/4188.T,データなし,データなし,データなし,データなし,データなし,データなし,データなし,データなし,12.0,0,0,12.0,69,69,信用需給は判定不能,信用データがデータなし、または売残0で信用倍率を算出不能
2026-08-21,5406,神戸製鋼所,プライム,2024.5,0.75,-1.24,1.94,0.64,0.6,46.93,2014.0,2025.5,1997.5,2025.5,2042.5,1975.5,1919.5,1989.55,1956.13,1956.13,12,A,62.96,49.04,-1.51,53.97,2011.6,1956.48,2007.0,+0.05σ,0.45,陰線→陽線 / 強気包み足,なし,買い,底固め,1,0.0,1954.11,2165.28,2.0,ストキャス売られ過ぎから反転、%K反転、%D方向改善、陽の包み足、直近下落なし（B以下に制限）、直近安値切り上げ、BB幅収縮、RSI安値切り上げ / 信用需給: 信用データがデータなし、または売残0で信用倍率を算出不能,,https://finance.yahoo.co.jp/quote/5406.T,データなし,データなし,データなし,データなし,データなし,データなし,データなし,データなし,12.0,0,0,12.0,69,69,信用需給は判定不能,信用データがデータなし、または売残0で信用倍率を算出不能
2026-08-21,2607,不二製油,プライム,4612.0,2.76,2.85,1.45,11.04,0.96,145.2,4579.0,4698.0,4558.0,4698.0,4698.0,4425.0,3760.0,3945.47,3674.54,3674.54,12,除外,70.14,71.3,4.21,71.05,4153.56,3851.61,3716.33,+1.46σ,1.63,陰線→陽線 / 2～5日下落後の陽線,なし,買い,底固め,1,0.0,4394.2,5047.61,2.0,直近2～5日まで下落、%K反転、%D方向改善、2～5日下落後の陽線、出来高増加を伴う反転、直近安値切り上げ、出来高減少後の増加、RSI安値切り上げ / 信用需給: 信用データがデータなし、または売残0で信用倍率を算出不能,急騰済み（25日線上方乖離）,https://finance.yahoo.co.jp/quote/2607.T,データなし,データなし,データなし,データなし,データなし,データなし,データなし,データなし,12.0,0,0,12.0,69,69,信用需給は判定不能,信用データがデータなし、または売残0で信用倍率を算出不能
2026-08-21,8630,ＳＯＭＰＯホールディングス,プライム,6757.0,1.84,0.25,-3.62,-2.6,1.12,166.08,6667.0,6765.0,6579.0,6765.0,6769.0,6555.0,6555.0,6759.36,6548.91,6548.91,12,A,35.63,37.3,-2.73,47.82,6937.68,6421.05,5846.49,-1.01σ,1.07,2～5日下落後の陽線,なし,買い,BB逆張り,1,0.0,6507.87,7255.25,2.0,直近2～5日まで下落、BB -1σ以下から反発、ストキャス売られ過ぎから反転、%K反転、2～5日下落後の陽線 / 信用需給: 信用データがデータなし、または売残0で信用倍率を算出不能,,https://finance.yahoo.co.jp/quote/8630.T,データなし,データなし,データなし,データなし,データなし,データなし,データなし,データなし,12.0,0,0,12.0,69,69,信用需給は判定不能,信用データがデータなし、または売残0で信用倍率を算出不能
2026-08-21,4443,Ｓａｎｓａｎ,プライム,2231.0,0.5,12.0,5.94,14.45,0.5,98.06,2226.0,2233.0,2184.0,2233.0,2233.0,1876.0,1744.0,1879.45,1773.39,1773.39,11,除外,99.44,66.25,20.92,71.72,1949.24,1666.92,1542.12,+2.31σ,1.01,強気包み足 / 長い下ヒゲ（ハンマー）,なし,買い,底固め,1,0.0,1876.0,2941.0,2.0,%K反転、%D方向改善、陽の包み足、長い下ヒゲ反転、直近下落なし（B以下に制限）、直近安値切り上げ、BB幅収縮、RSI安値切り上げ、レンジ上限突破 / 信用需給: 信用データがデータなし、または売残0で信用倍率を算出不能,急騰済み（25日線上方乖離、BB +2σ大幅超過）,https://finance.yahoo.co.jp/quote/4443.T,データなし,データなし,データなし,データなし,データなし,データなし,データなし,データなし,11.0,0,0,11.0,82,82,信用需給は判定不能,信用データがデータなし、または売残0で信用倍率を算出不能
2026-08-21,1860,戸田建設,プライム,1493.0,0.23,-0.13,0.4,-0.39,0.65,31.72,1491.5,1500.0,1479.5,1500.0,1500.0,1462.0,1455.5,1474.73,1455.99,1455.99,11,A,56.88,34.86,4.23,46.76,1498.9,1527.55,1421.0,-0.03σ,0.88,長い下ヒゲ（ハンマー）,なし,買い,底固め,1,0.0,1445.41,1588.17,2.0,ストキャス売られ過ぎから反転、%K反転、%D方向改善、長い下ヒゲ反転、直近下落なし（B以下に制限）、直近安値切り上げ、BB幅収縮、RSI安値切り上げ / 信用需給: 信用データがデータなし、または売残0で信用倍率を算出不能,,https://finance.yahoo.co.jp/quote/1860.T,データなし,データなし,データなし,データなし,データなし,データなし,データなし,データなし,11.0,0,0,11.0,82,82,信用需給は判定不能,信用データがデータなし、または売残0で信用倍率を算出不能
2026-08-21,7085,カーブスホールディングス,プライム,970.0,1.04,2.32,1.57,2.05,0.88,18.19,969.0,974.0,958.0,974.0,974.0,946.0,916.0,932.6,913.44,913.44,11,A,88.89,68.77,19.97,59.99,950.48,900.28,825.04,+0.95σ,1.31,強気包み足,なし,買い,底固め,1,0.0,942.71,1024.58,2.0,%K反転、%D方向改善、陽の包み足、出来高増加を伴う反転、直近下落なし（B以下に制限）、直近安値切り上げ、ATR低下、BB幅収縮、RSI安値切り上げ、レンジ上限突破 / 信用需給: 信用データがデータなし、または売残0で信用倍率を算出不能,,https://finance.yahoo.co.jp/quote/7085.T,データなし,データなし,データなし,データなし,データなし,データなし,データなし,データなし,11.0,0,0,11.0,82,82,信用需給は判定不能,信用データがデータなし、または売残0で信用倍率を算出不能
2026-08-21,4784,ＧＭＯインターネット,プライム,603.0,5.42,3.25,5.98,10.71,1.54,30.42,587.0,613.0,566.0,613.0,613.0,531.0,495.0,525.45,501.41,501.41,11,除外,87.8,58.03,3.0,61.69,544.68,527.25,682.5,+2.22σ,2.25,強気包み足,なし,買い,底固め,1,0.0,531.0,747.0,2.0,%K反転、%D方向改善、陽の包み足、出来高増加を伴う反転、直近下落なし（B以下に制限）、直近安値切り上げ、BB幅収縮、RSI安値切り上げ、レンジ上限突破 / 信用需給: 信用データがデータなし、または売残0で信用倍率を算出不能,急騰済み（25日線上方乖離、BB +2σ大幅超過）,https://finance.yahoo.co.jp/quote/4784.T,データなし,データなし,データなし,データなし,データなし,データなし,データなし,データなし,11.0,0,0,11.0,82,82,信用需給は判定不能,信用データがデータなし、または売残0で信用倍率を算出不能
2026-08-21,8273,イズミ,プライム,1037.0,1.27,1.97,1.77,3.02,0.86,19.81,1031.0,1040.0,1023.0,1040.0,1040.0,999.0,967.0,988.85,967.8,967.8,11,A,93.02,75.55,21.41,61.35,1006.64,964.85,993.41,+1.29σ,1.87,強気包み足,なし,買い,底固め,1,0.0,999.0,1113.0,2.0,%K反転、%D方向改善、陽の包み足、出来高増加を伴う反転、直近下落なし（B以下に制限）、直近安値切り上げ、RSI安値切り上げ、レンジ上限突破 / 信用需給: 信用データがデータなし、または売残0で信用倍率を算出不能,,https://finance.yahoo.co.jp/quote/8273.T,データなし,データなし,データなし,データなし,データなし,データなし,データなし,データなし,11.0,0,0,11.0,82,82,信用需給は判定不能,信用データがデータなし、または売残0で信用倍率を算出不能
2026-08-21,1969,高砂熱学工業,プライム,4220.0,-0.96,-0.89,-2.72,-2.14,0.32,161.49,4282.0,4220.0,4168.0,4282.0,4282.0,4080.0,3985.0,4134.48,4010.71,4010.71,10,B,36.18,44.22,-3.28,44.63,4312.44,4578.68,4616.2,-0.31σ,0.42,強気包み足 / 2～5日下落後の陽線,なし,買い,底固め,1,0.0,3977.76,4704.47,2.0,直近2～5日まで下落、%D方向改善、陽の包み足、2～5日下落後の陽線、直近安値切り上げ、BB幅収縮、RSI安値切り上げ / 信用需給: 信用データがデータなし、または売残0で信用倍率を算出不能,,https://finance.yahoo.co.jp/quote/1969.T,データなし,データなし,データなし,データなし,データなし,データなし,データなし,データなし,10.0,0,0,10.0,87,87,信用需給は判定不能,信用データがデータなし、または売残0で信用倍率を算出不能
2026-08-21,6178,日本郵政,プライム,2336.0,0.95,-2.79,-1.68,-2.4,0.91,60.1,2328.5,2345.5,2291.0,2345.5,2381.0,2282.0,2267.5,2330.39,2271.32,2271.32,10,B,37.76,48.62,-4.36,47.42,2393.54,2234.9,1929.2,-0.90σ,1.12,強気包み足,なし,買い,BB逆張り,1,0.0,2245.85,2516.3,2.0,BB -1σ以下から反発、ストキャス売られ過ぎから反転、%K反転、陽の包み足、直近下落なし（B以下に制限） / 信用需給: 信用データがデータなし、または売残0で信用倍率を算出不能,,https://finance.yahoo.co.jp/quote/6178.T,データなし,データなし,データなし,データなし,データなし,データなし,データなし,データなし,10.0,0,0,10.0,87,87,信用需給は判定不能,信用データがデータなし、または売残0で信用倍率を算出不能
2026-08-21,6183,ベルシステム２４ホールディングス,プライム,1411.0,1.44,2.17,0.28,2.74,0.92,23.95,1408.0,1413.0,1391.0,1413.0,1413.0,1369.0,1310.0,1346.44,1319.88,1319.88,10,B,95.45,80.68,19.48,59.34,1373.32,1390.91,1409.92,+1.43σ,0.88,2～5日下落後の陽線,なし,買い,底固め,1,0.0,1369.0,1495.0,2.0,直近2～5日まで下落、%K反転、%D方向改善、2～5日下落後の陽線、直近安値切り上げ、RSI安値切り上げ、レンジ上限突破 / 信用需給: 信用データがデータなし、または売残0で信用倍率を算出不能,,https://finance.yahoo.co.jp/quote/6183.T,データなし,データなし,データなし,データなし,データなし,データなし,データなし,データなし,10.0,0,0,10.0,87,87,信用需給は判定不能,信用データがデータなし、または売残0で信用倍率を算出不能
2026-08-21,8572,アコム,スタンダード,488.8,1.12,1.75,1.08,1.03,0.6,7.31,484.3,488.9,484.5,488.9,488.9,477.0,469.2,476.7,470.66,470.66,10,B,99.16,60.33,12.9,58.85,483.82,469.69,480.16,+1.00σ,0.78,2～5日下落後の陽線,なし,買い,底固め,1,0.0,477.0,512.4,2.0,直近2～5日まで下落、%K反転、%D方向改善、2～5日下落後の陽線、直近安値切り上げ、BB幅収縮、レンジ上限突破 / 信用需給: 信用データがデータなし、または売残0で信用倍率を算出不能,,https://finance.yahoo.co.jp/quote/8572.T,データなし,データなし,データなし,データなし,データなし,データなし,データなし,データなし,10.0,0,0,10.0,87,87,信用需給は判定不能,信用データがデータなし、または売残0で信用倍率を算出不能
2026-08-21,1808,長谷工コーポレーション,プライム,2856.5,2.09,1.89,2.05,2.65,0.78,58.61,2812.5,2862.0,2816.5,2862.0,2862.0,2746.0,2632.5,2712.87,2648.6,2648.6,10,B,95.26,75.27,18.73,58.81,2782.88,2754.94,2913.49,+1.23σ,1.24,陰線→陽線 / 2～5日下落後の陽線,なし,買い,底固め,1,0.0,2746.0,3077.5,2.0,直近2～5日まで下落、%K反転、%D方向改善、2～5日下落後の陽線、直近安値切り上げ、出来高減少後の増加、RSI安値切り上げ、レンジ上限突破 / 信用需給: 信用データがデータなし、または売残0で信用倍率を算出不能,,https://finance.yahoo.co.jp/quote/1808.T,データなし,データなし,データなし,データなし,データなし,データなし,データなし,データなし,10.0,0,0,10.0,87,87,信用需給は判定不能,信用データがデータなし、または売残0で信用倍率を算出不能
2026-08-21,1882,東亜道路工業,プライム,1619.0,-0.06,0.19,-0.12,0.45,0.51,21.56,1621.0,1622.0,1611.0,1622.0,1622.0,1589.0,1571.0,1596.9,1580.61,1580.61,10,B,65.22,59.71,6.63,56.85,1611.72,1562.13,1657.13,+0.36σ,0.94,強気包み足 / 2～5日下落後の陽線,なし,買い,底固め,1,0.0,1586.66,1683.68,2.0,直近2～5日まで下落、%D方向改善、陽の包み足、2～5日下落後の陽線、直近安値切り上げ、BB幅収縮、RSI安値切り上げ / 信用需給: 信用データがデータなし、または売残0で信用倍率を算出不能,,https://finance.yahoo.co.jp/quote/1882.T,データなし,データなし,データなし,データなし,データなし,データなし,データなし,データなし,10.0,0,0,10.0,87,87,信用需給は判定不能,信用データがデータなし、または売残0で信用倍率を算出不能
2026-08-21,7389,あいちフィナンシャルグループ,プライム,1803.0,-0.33,-3.01,-3.48,3.05,0.75,87.81,1870.0,1834.0,1768.0,1870.0,1870.0,1751.0,1573.0,1648.15,1554.79,1554.79,10,B,43.84,59.85,12.12,57.96,1749.56,1531.28,1283.3,+0.66σ,0.57,強気包み足 / はらみ足 / 2～5日下落後の陽線,なし,買い,底固め,1,0.0,1671.28,2066.44,2.0,直近2～5日まで下落、%D方向改善、陽の包み足、2～5日下落後の陽線、直近安値切り上げ、BB幅収縮、RSI安値切り上げ / 信用需給: 信用データがデータなし、または売残0で信用倍率を算出不能,,https://finance.yahoo.co.jp/quote/7389.T,データなし,データなし,データなし,データなし,データなし,データなし,データなし,データなし,10.0,0,0,10.0,87,87,信用需給は判定不能,信用データがデータなし、または売残0で信用倍率を算出不能
2026-08-21,3387,クリエイト・レストランツ・ホールディングス,プライム,783.0,1.16,2.09,0.77,1.37,0.38,15.75,777.0,783.0,777.0,783.0,783.0,761.0,740.0,753.53,736.21,736.21,10,B,100.0,63.93,22.51,57.67,772.44,738.12,749.03,+0.70σ,1.03,2～5日下落後の陽線,なし,買い,底固め,1,0.0,759.37,830.25,2.0,直近2～5日まで下落、%K反転、%D方向改善、2～5日下落後の陽線、直近安値切り上げ、ATR低下、BB幅収縮、RSI安値切り上げ、レンジ上限突破 / 信用需給: 信用データがデータなし、または売残0で信用倍率を算出不能,,https://finance.yahoo.co.jp/quote/3387.T,データなし,データなし,データなし,データなし,データなし,データなし,データなし,データなし,10.0,0,0,10.0,87,87,信用需給は判定不能,信用データがデータなし、または売残0で信用倍率を算出不能
2026-08-21,8214,ＡＯＫＩホールディングス,プライム,1737.0,0.58,1.58,1.94,1.17,0.76,29.05,1735.0,1740.0,1718.0,1740.0,1740.0,1690.0,1621.0,1698.35,1676.84,1676.84,9,B,94.83,70.43,19.4,58.66,1716.84,1654.65,1698.81,+0.80σ,0.76,強気包み足,なし,買い,底固め,1,0.0,1690.0,1831.0,2.0,%K反転、%D方向改善、陽の包み足、直近下落なし（B以下に制限）、直近安値切り上げ、BB幅収縮、RSI安値切り上げ / 信用需給: 信用データがデータなし、または売残0で信用倍率を算出不能,,https://finance.yahoo.co.jp/quote/8214.T,データなし,データなし,データなし,データなし,データなし,データなし,データなし,データなし,9.0,0,0,9.0,95,95,信用需給は判定不能,信用データがデータなし、または売残0で信用倍率を算出不能
2026-08-21,8541,愛媛銀行,プライム,3260.0,3.49,-1.81,6.36,15.43,1.15,135.13,3270.0,3280.0,3125.0,3280.0,3320.0,3080.0,2540.0,2717.14,2512.34,2512.34,9,除外,81.84,81.79,11.75,69.63,2824.24,2297.08,1847.18,+1.65σ,0.55,陰線→陽線 / 強気包み足,なし,買い,底固め,1,0.0,3057.31,3665.39,2.0,%K反転、%D方向改善、陽の包み足、直近下落なし（B以下に制限）、直近安値切り上げ、BB幅収縮、RSI安値切り上げ / 信用需給: 信用データがデータなし、または売残0で信用倍率を算出不能,急騰済み（25日線上方乖離）,https://finance.yahoo.co.jp/quote/8541.T,データなし,データなし,データなし,データなし,データなし,データなし,データなし,データなし,9.0,0,0,9.0,95,95,信用需給は判定不能,信用データがデータなし、または売残0で信用倍率を算出不能
2026-08-21,8125,ワキタ,プライム,1972.0,0.92,1.65,1.86,2.69,1.15,27.85,1954.0,1974.0,1942.0,1974.0,1974.0,1916.0,1870.0,1907.93,1886.41,1886.41,9,B,96.55,62.79,5.04,68.51,1920.28,1793.64,1875.04,+1.98σ,0.71,強気包み足,なし,買い,底固め,1,0.0,1916.0,2084.0,2.0,%K反転、%D方向改善、陽の包み足、直近下落なし（B以下に制限）、直近安値切り上げ、BB幅収縮、レンジ上限突破 / 信用需給: 信用データがデータなし、または売残0で信用倍率を算出不能,,https://finance.yahoo.co.jp/quote/8125.T,データなし,データなし,データなし,データなし,データなし,データなし,データなし,データなし,9.0,0,0,9.0,95,95,信用需給は判定不能,信用データがデータなし、または売残0で信用倍率を算出不能
2026-08-21,5020,ＥＮＥＯＳホールディングス,プライム,1331.0,2.15,0.95,3.1,2.35,0.89,36.5,1306.5,1332.0,1299.5,1332.0,1332.0,1274.0,1265.0,1281.11,1260.42,1260.42,9,B,98.44,43.31,8.34,56.69,1300.44,1279.57,1255.71,+1.41σ,1.07,なし,なし,買い,底固め,1,0.0,1274.0,1445.0,2.0,ストキャス売られ過ぎから反転、%K反転、%D方向改善、直近下落なし（B以下に制限）、直近安値切り上げ、BB幅収縮、RSI安値切り上げ / 信用需給: 信用データがデータなし、または売残0で信用倍率を算出不能,,https://finance.yahoo.co.jp/quote/5020.T,データなし,データなし,データなし,データなし,データなし,データなし,データなし,データなし,9.0,0,0,9.0,95,95,信用需給は判定不能,信用データがデータなし、または売残0で信用倍率を算出不能
2026-08-21,5911,横河ブリッジホールディングス,プライム,2985.0,0.54,-0.4,1.22,1.41,0.69,39.14,2996.0,2988.0,2961.0,2996.0,2996.0,2944.0,2890.0,2924.35,2897.35,2897.35,9,B,84.52,62.62,12.9,60.23,2943.44,2872.11,2961.1,+1.25σ,0.39,陰線→陽線 / 強気包み足 / はらみ足,なし,買い,底固め,1,0.0,2926.29,3102.42,2.0,%K反転、%D方向改善、陽の包み足、直近下落なし（B以下に制限）、直近安値切り上げ、ATR低下、BB幅収縮、RSI安値切り上げ / 信用需給: 信用データがデータなし、または売残0で信用倍率を算出不能,,https://finance.yahoo.co.jp/quote/5911.T,データなし,データなし,データなし,データなし,データなし,データなし,データなし,データなし,9.0,0,0,9.0,95,95,信用需給は判定不能,信用データがデータなし、または売残0で信用倍率を算出不能
2026-08-21,6412,平和,プライム,2230.0,1.23,0.95,2.39,5.17,0.81,39.44,2213.0,2230.0,2198.0,2230.0,2230.0,2175.0,2006.0,2092.98,2043.76,2043.76,9,B,100.0,78.78,20.59,70.05,2120.32,2032.29,1998.79,+1.78σ,0.84,強気包み足,なし,買い,底固め,1,0.0,2170.85,2348.31,2.0,%K反転、%D方向改善、陽の包み足、直近下落なし（B以下に制限）、直近安値切り上げ、RSI安値切り上げ、レンジ上限突破 / 信用需給: 信用データがデータなし、または売残0で信用倍率を算出不能,,https://finance.yahoo.co.jp/quote/6412.T,データなし,データなし,データなし,データなし,データなし,データなし,データなし,データなし,9.0,0,0,9.0,95,95,信用需給は判定不能,信用データがデータなし、または売残0で信用倍率を算出不能
2026-08-21,6521,オキサイド,グロース,3345.0,-0.15,-0.45,-1.62,3.78,0.83,230.18,3350.0,3365.0,3175.0,3365.0,3470.0,3140.0,2628.0,2961.35,2754.41,2754.41,9,B,46.07,62.2,-15.12,46.65,3223.24,4488.68,3419.17,+0.85σ,0.81,強気包み足 / 2～5日下落後の陽線,なし,買い,底固め,1,0.0,2999.74,4035.53,2.0,直近2～5日まで下落、陽の包み足、2～5日下落後の陽線、直近安値切り上げ、ATR低下、BB幅収縮、RSI安値切り上げ / 信用需給: 信用データがデータなし、または売残0で信用倍率を算出不能,,https://finance.yahoo.co.jp/quote/6521.T,データなし,データなし,データなし,データなし,データなし,データなし,データなし,データなし,9.0,0,0,9.0,95,95,信用需給は判定不能,信用データがデータなし、または売残0で信用倍率を算出不能
2026-08-21,4043,トクヤマ,プライム,4039.0,-0.79,-3.72,-4.83,-3.87,0.52,181.81,4076.0,4057.0,3962.0,4076.0,4082.0,3962.0,3714.0,3883.33,3673.86,3673.86,9,B,16.96,51.75,-6.8,42.24,4201.64,4623.92,4241.54,-0.26σ,0.42,強気包み足 / 2～5日下落後の陽線,なし,買い,底固め,1,0.0,3766.29,4584.42,2.0,直近2～5日まで下落、陽の包み足、2～5日下落後の陽線、直近安値切り上げ、ATR低下、RSI安値切り上げ / 信用需給: 信用データがデータなし、または売残0で信用倍率を算出不能,,https://finance.yahoo.co.jp/quote/4043.T,データなし,データなし,データなし,データなし,データなし,データなし,データなし,データなし,9.0,0,0,9.0,95,95,信用需給は判定不能,信用データがデータなし、または売残0で信用倍率を算出不能
2026-08-21,5019,出光興産,プライム,1383.5,2.52,0.95,5.89,6.03,1.21,35.9,1361.0,1383.5,1340.0,1383.5,1383.5,1310.5,1228.0,1272.68,1236.19,1236.19,9,B,100.0,77.44,18.66,63.35,1304.82,1305.73,1308.26,+2.04σ,1.15,強気包み足,なし,買い,底固め,1,0.0,1310.5,1529.5,2.0,%K反転、%D方向改善、陽の包み足、直近下落なし（B以下に制限）、直近安値切り上げ、BB幅収縮、RSI安値切り上げ、レンジ上限突破 / 信用需給: 信用データがデータなし、または売残0で信用倍率を算出不能,,https://finance.yahoo.co.jp/quote/5019.T,データなし,データなし,データなし,データなし,データなし,データなし,データなし,データなし,9.0,0,0,9.0,95,95,信用需給は判定不能,信用データがデータなし、または売残0で信用倍率を算出不能
2026-08-21,7211,三菱自動車工業,プライム,362.4,2.43,3.84,5.72,0.48,0.83,12.84,354.8,362.4,351.7,362.4,362.4,335.6,335.6,341.07,327.05,327.05,9,B,100.0,44.0,18.4,54.74,360.68,347.02,360.68,+0.52σ,0.79,なし,なし,買い,底固め,1,0.0,335.6,416.0,2.0,ストキャス売られ過ぎから反転、%K反転、%D方向改善、直近下落なし（B以下に制限）、ATR低下、BB幅収縮、レンジ上限突破 / 信用需給: 信用データがデータなし、または売残0で信用倍率を算出不能,,https://finance.yahoo.co.jp/quote/7211.T,データなし,データなし,データなし,データなし,データなし,データなし,データなし,データなし,9.0,0,0,9.0,95,95,信用需給は判定不能,信用データがデータなし、または売残0で信用倍率を算出不能
2026-08-21,8173,Ｊｏｓｈｉｎ,プライム,4295.0,0.82,1.06,4.0,8.06,0.66,151.88,4280.0,4320.0,4220.0,4320.0,4320.0,4045.0,3655.0,3938.11,3820.48,3820.48,9,B,92.75,61.36,6.47,66.4,3974.8,3605.79,3069.72,+2.03σ,0.64,強気包み足,なし,買い,底固め,1,0.0,4045.0,4795.0,2.0,%K反転、%D方向改善、陽の包み足、直近下落なし（B以下に制限）、直近安値切り上げ、BB幅収縮、RSI安値切り上げ / 信用需給: 信用データがデータなし、または売残0で信用倍率を算出不能,,https://finance.yahoo.co.jp/quote/8173.T,データなし,データなし,データなし,データなし,データなし,データなし,データなし,データなし,9.0,0,0,9.0,95,95,信用需給は判定不能,信用データがデータなし、または売残0で信用倍率を算出不能
2026-08-21,2986,ＬＡホールディングス,グロース,2823.0,0.0,0.75,-0.11,2.98,0.41,76.53,2824.0,2831.0,2800.0,2831.0,2831.0,2744.0,2635.0,2686.96,2629.82,2629.82,9,B,66.22,66.1,2.3,54.71,2741.36,2824.78,2882.01,+1.38σ,0.35,強気包み足 / 2～5日下落後の陽線,なし,買い,底固め,1,0.0,2708.21,3052.58,2.0,直近2～5日まで下落、陽の包み足、2～5日下落後の陽線、直近安値切り上げ、BB幅収縮、RSI安値切り上げ / 信用需給: 信用データがデータなし、または売残0で信用倍率を算出不能,,https://finance.yahoo.co.jp/quote/2986.T,データなし,データなし,データなし,データなし,データなし,データなし,データなし,データなし,9.0,0,0,9.0,95,95,信用需給は判定不能,信用データがデータなし、または売残0で信用倍率を算出不能
2026-08-21,2918,わらべや日洋ホールディングス,プライム,2871.0,1.09,2.72,1.27,3.29,0.96,43.7,2840.0,2871.0,2829.0,2871.0,2871.0,2781.0,2699.0,2750.31,2702.57,2702.57,9,B,100.0,72.9,19.12,66.26,2779.44,2680.64,3016.86,+1.53σ,1.0,強気包み足,なし,買い,底固め,1,0.0,2781.0,3051.0,2.0,%K反転、%D方向改善、陽の包み足、直近下落なし（B以下に制限）、直近安値切り上げ、BB幅収縮、RSI安値切り上げ、レンジ上限突破 / 信用需給: 信用データがデータなし、または売残0で信用倍率を算出不能,,https://finance.yahoo.co.jp/quote/2918.T,データなし,データなし,データなし,データなし,データなし,データなし,データなし,データなし,9.0,0,0,9.0,95,95,信用需給は判定不能,信用データがデータなし、または売残0で信用倍率を算出不能
2026-08-21,1982,日比谷総合設備,プライム,2933.0,-0.71,-2.23,-1.58,1.71,0.54,117.4,2956.0,2933.0,2870.0,2956.0,2956.0,2860.0,2677.0,2807.68,2723.0,2723.0,9,B,26.55,37.86,-11.35,50.39,2883.68,2997.85,2775.53,+0.48σ,0.58,強気包み足 / 2～5日下落後の陽線,なし,買い,底固め,1,0.0,2756.89,3285.21,2.0,直近2～5日まで下落、陽の包み足、2～5日下落後の陽線、直近安値切り上げ、BB幅収縮、RSI安値切り上げ / 信用需給: 信用データがデータなし、または売残0で信用倍率を算出不能,,https://finance.yahoo.co.jp/quote/1982.T,データなし,データなし,データなし,データなし,データなし,データなし,データなし,データなし,9.0,0,0,9.0,95,95,信用需給は判定不能,信用データがデータなし、または売残0で信用倍率を算出不能
2026-08-21,3222,ユナイテッド・スーパーマーケット・ホールディングス,スタンダード,846.0,1.81,3.3,2.3,3.43,1.05,16.2,836.0,848.0,831.0,848.0,848.0,808.0,784.0,801.23,783.52,783.52,9,B,95.65,72.42,26.12,60.67,817.96,816.8,865.7,+1.53σ,1.05,強気包み足,なし,買い,底固め,1,0.0,808.0,922.0,2.0,%K反転、%D方向改善、陽の包み足、直近下落なし（B以下に制限）、直近安値切り上げ、RSI安値切り上げ、レンジ上限突破 / 信用需給: 信用データがデータなし、または売残0で信用倍率を算出不能,,https://finance.yahoo.co.jp/quote/3222.T,データなし,データなし,データなし,データなし,データなし,データなし,データなし,データなし,9.0,0,0,9.0,95,95,信用需給は判定不能,信用データがデータなし、または売残0で信用倍率を算出不能
2026-08-21,4587,ペプチドリーム,プライム,1114.5,1.18,8.68,8.05,13.04,0.73,43.7,1114.0,1124.5,1092.5,1124.5,1124.5,983.8,906.4,938.19,885.68,885.68,9,除外,93.42,75.13,0.47,69.48,985.98,1031.6,1315.62,+2.36σ,1.01,強気包み足,なし,買い,底固め,1,0.0,983.8,1375.9,2.0,%K反転、%D方向改善、陽の包み足、直近下落なし（B以下に制限）、直近安値切り上げ、RSI安値切り上げ、レンジ上限突破 / 信用需給: 信用データがデータなし、または売残0で信用倍率を算出不能,急騰済み（25日線上方乖離、BB +2σ大幅超過）,https://finance.yahoo.co.jp/quote/4587.T,データなし,データなし,データなし,データなし,データなし,データなし,データなし,データなし,9.0,0,0,9.0,95,95,信用需給は判定不能,信用データがデータなし、または売残0で信用倍率を算出不能
2026-08-21,4419,Ｆｉｎａｔｅｘｔホールディングス,グロース,1380.0,0.8,5.02,-1.0,-9.05,0.58,100.89,1388.0,1435.0,1376.0,1435.0,1435.0,1257.0,1252.0,1365.07,1238.59,1238.59,9,B,69.95,40.11,-11.67,44.97,1517.32,1382.32,1129.76,-0.88σ,0.72,なし,なし,買い,BB逆張り,1,0.0,1228.67,1682.66,2.0,BB -1σ以下から反発、ストキャス売られ過ぎから反転、%K反転、%D方向改善、直近下落なし（B以下に制限） / 信用需給: 信用データがデータなし、または売残0で信用倍率を算出不能,,https://finance.yahoo.co.jp/quote/4419.T,データなし,データなし,データなし,データなし,データなし,データなし,データなし,データなし,9.0,0,0,9.0,95,95,信用需給は判定不能,信用データがデータなし、または売残0で信用倍率を算出不能
2026-08-21,4403,日油,プライム,2782.0,0.78,1.22,1.9,0.94,0.72,69.1,2767.5,2811.0,2761.0,2811.0,2811.0,2698.0,2510.5,2723.21,2685.89,2685.89,9,B,74.34,64.45,-0.85,53.49,2756.22,2757.71,2946.86,+0.58σ,1.27,なし,なし,買い,底固め,1,0.0,2678.34,2989.31,2.0,ストキャス売られ過ぎから反転、%K反転、%D方向改善、直近下落なし（B以下に制限）、直近安値切り上げ、BB幅収縮、出来高減少後の増加 / 信用需給: 信用データがデータなし、または売残0で信用倍率を算出不能,,https://finance.yahoo.co.jp/quote/4403.T,データなし,データなし,データなし,データなし,データなし,データなし,データなし,データなし,9.0,0,0,9.0,95,95,信用需給は判定不能,信用データがデータなし、または売残0で信用倍率を算出不能
2026-08-21,1377,サカタのタネ,プライム,4525.0,0.56,1.46,3.67,2.86,0.72,76.08,4510.0,4525.0,4470.0,4525.0,4525.0,4360.0,4265.0,4334.18,4263.37,4263.37,9,B,100.0,74.45,23.56,64.8,4399.0,4253.2,4210.27,+1.69σ,0.79,強気包み足,なし,買い,底固め,1,0.0,4360.0,4855.0,2.0,%K反転、%D方向改善、陽の包み足、直近下落なし（B以下に制限）、直近安値切り上げ、BB幅収縮、RSI安値切り上げ、レンジ上限突破 / 信用需給: 信用データがデータなし、または売残0で信用倍率を算出不能,,https://finance.yahoo.co.jp/quote/1377.T,データなし,データなし,データなし,データなし,データなし,データなし,データなし,データなし,9.0,0,0,9.0,95,95,信用需給は判定不能,信用データがデータなし、または売残0で信用倍率を算出不能
2026-08-21,9025,鴻池運輸,プライム,2942.0,0.86,0.82,1.1,1.12,0.77,55.62,2923.0,2960.0,2917.0,2960.0,2960.0,2871.0,2788.0,2868.8,2817.05,2817.05,9,B,86.36,57.3,14.8,57.44,2909.32,2786.89,3023.4,+0.41σ,0.58,強気包み足,なし,買い,底固め,1,0.0,2858.56,3108.87,2.0,%K反転、%D方向改善、陽の包み足、直近下落なし（B以下に制限）、直近安値切り上げ、BB幅収縮、RSI安値切り上げ / 信用需給: 信用データがデータなし、または売残0で信用倍率を算出不能,,https://finance.yahoo.co.jp/quote/9025.T,データなし,データなし,データなし,データなし,データなし,データなし,データなし,データなし,9.0,0,0,9.0,95,95,信用需給は判定不能,信用データがデータなし、または売残0で信用倍率を算出不能
2026-08-21,9506,東北電力,プライム,1330.5,1.41,1.88,6.1,10.39,1.1,29.02,1319.5,1330.5,1298.5,1330.5,1330.5,1249.0,1133.5,1170.26,1118.52,1118.52,9,除外,100.0,88.5,4.45,80.98,1205.28,1096.39,1128.16,+2.10σ,1.1,強気包み足,なし,買い,底固め,1,0.0,1249.0,1493.5,2.0,%K反転、%D方向改善、陽の包み足、直近下落なし（B以下に制限）、直近安値切り上げ、RSI安値切り上げ、レンジ上限突破 / 信用需給: 信用データがデータなし、または売残0で信用倍率を算出不能,急騰済み（25日線上方乖離、高RSI）,https://finance.yahoo.co.jp/quote/9506.T,データなし,データなし,データなし,データなし,データなし,データなし,データなし,データなし,9.0,0,0,9.0,95,95,信用需給は判定不能,信用データがデータなし、または売残0で信用倍率を算出不能
2026-08-21,9831,ヤマダホールディングス,プライム,720.3,2.1,1.78,3.95,2.23,1.05,20.78,715.8,722.9,701.1,722.9,722.9,677.9,650.5,679.7,655.06,655.06,9,B,94.22,68.51,21.95,59.74,704.61,656.72,571.16,+0.65σ,1.27,陰線→陽線 / 強気包み足,なし,買い,底固め,1,0.0,677.9,805.1,2.0,%K反転、%D方向改善、陽の包み足、直近下落なし（B以下に制限）、直近安値切り上げ、BB幅収縮、出来高減少後の増加、RSI安値切り上げ、レンジ上限突破 / 信用需給: 信用データがデータなし、または売残0で信用倍率を算出不能,,https://finance.yahoo.co.jp/quote/9831.T,データなし,データなし,データなし,データなし,データなし,データなし,データなし,データなし,9.0,0,0,9.0,95,95,信用需給は判定不能,信用データがデータなし、または売残0で信用倍率を算出不能
2026-08-21,9743,丹青社,プライム,1498.0,0.54,1.35,2.46,4.58,0.59,25.36,1493.0,1498.0,1483.0,1498.0,1498.0,1450.0,1362.0,1406.93,1374.16,1374.16,9,B,100.0,83.56,12.11,71.03,1432.36,1389.85,1455.56,+1.78σ,0.44,強気包み足,なし,買い,底固め,1,0.0,1450.0,1594.0,2.0,%K反転、%D方向改善、陽の包み足、直近下落なし（B以下に制限）、直近安値切り上げ、RSI安値切り上げ、レンジ上限突破 / 信用需給: 信用データがデータなし、または売残0で信用倍率を算出不能,,https://finance.yahoo.co.jp/quote/9743.T,データなし,データなし,データなし,データなし,データなし,データなし,データなし,データなし,9.0,0,0,9.0,95,95,信用需給は判定不能,信用データがデータなし、または売残0で信用倍率を算出不能
2026-08-21,9508,九州電力,プライム,1963.5,2.19,2.69,4.86,7.43,1.1,50.09,1947.5,1968.0,1913.0,1968.0,1968.0,1851.5,1761.5,1792.54,1744.64,1744.64,9,除外,96.8,65.36,15.23,69.66,1827.74,1730.91,1731.44,+2.57σ,0.89,強気包み足,なし,買い,底固め,1,0.0,1851.5,2187.5,2.0,%K反転、%D方向改善、陽の包み足、直近下落なし（B以下に制限）、直近安値切り上げ、BB幅収縮、RSI安値切り上げ、レンジ上限突破 / 信用需給: 信用データがデータなし、または売残0で信用倍率を算出不能,急騰済み（BB +2σ大幅超過）,https://finance.yahoo.co.jp/quote/9508.T,データなし,データなし,データなし,データなし,データなし,データなし,データなし,データなし,9.0,0,0,9.0,95,95,信用需給は判定不能,信用データがデータなし、または売残0で信用倍率を算出不能
2026-08-21,9832,オートバックスセブン,プライム,1554.0,0.65,1.04,1.24,1.81,0.58,20.52,1551.0,1555.0,1543.0,1555.0,1555.0,1520.0,1471.0,1505.69,1480.29,1480.29,9,B,97.14,78.74,22.56,61.2,1526.36,1494.45,1573.92,+0.90σ,0.48,強気包み足,なし,買い,底固め,1,0.0,1520.0,1622.0,2.0,%K反転、%D方向改善、陽の包み足、直近下落なし（B以下に制限）、直近安値切り上げ、RSI安値切り上げ、レンジ上限突破 / 信用需給: 信用データがデータなし、または売残0で信用倍率を算出不能,,https://finance.yahoo.co.jp/quote/9832.T,データなし,データなし,データなし,データなし,データなし,データなし,データなし,データなし,9.0,0,0,9.0,95,95,信用需給は判定不能,信用データがデータなし、または売残0で信用倍率を算出不能
2026-08-21,9889,ＪＢＣＣホールディングス,プライム,1757.0,1.15,3.41,1.27,8.41,0.53,48.89,1738.0,1763.0,1737.0,1763.0,1763.0,1679.0,1404.0,1595.81,1525.57,1525.57,9,B,94.12,61.81,2.6,70.79,1620.64,1364.65,1392.35,+1.29σ,1.23,なし,なし,買い,底固め,1,0.0,1679.0,1913.0,2.0,ストキャス売られ過ぎから反転、%K反転、%D方向改善、直近下落なし（B以下に制限）、直近安値切り上げ、出来高減少後の増加、レンジ上限突破 / 信用需給: 信用データがデータなし、または売残0で信用倍率を算出不能,,https://finance.yahoo.co.jp/quote/9889.T,データなし,データなし,データなし,データなし,データなし,データなし,データなし,データなし,9.0,0,0,9.0,95,95,信用需給は判定不能,信用データがデータなし、または売残0で信用倍率を算出不能
2026-08-21,8818,京阪神ビルディング,プライム,1119.0,1.18,2.1,1.27,2.22,0.75,29.42,1107.0,1124.0,1102.0,1124.0,1124.0,1078.0,1034.0,1070.97,1045.49,1045.49,9,B,91.38,57.56,21.25,56.43,1094.68,1085.63,1007.62,+0.89σ,0.69,強気包み足,なし,買い,底固め,1,0.0,1074.87,1207.26,2.0,%K反転、%D方向改善、陽の包み足、直近下落なし（B以下に制限）、直近安値切り上げ、BB幅収縮、RSI安値切り上げ / 信用需給: 信用データがデータなし、または売残0で信用倍率を算出不能,,https://finance.yahoo.co.jp/quote/8818.T,データなし,データなし,データなし,データなし,データなし,データなし,データなし,データなし,9.0,0,0,9.0,95,95,信用需給は判定不能,信用データがデータなし、または売残0で信用倍率を算出不能
2026-08-21,9519,レノバ,プライム,960.0,4.12,-0.41,2.13,0.98,1.4,42.0,940.0,970.0,911.0,970.0,970.0,894.0,864.0,904.36,869.02,869.02,9,B,81.48,62.1,4.96,52.38,950.68,1022.47,871.76,+0.57σ,1.32,なし,なし,買い,底固め,1,0.0,894.0,1092.0,2.0,ストキャス売られ過ぎから反転、%K反転、%D方向改善、直近下落なし（B以下に制限）、直近安値切り上げ、ATR低下、RSI安値切り上げ / 信用需給: 信用データがデータなし、または売残0で信用倍率を算出不能,,https://finance.yahoo.co.jp/quote/9519.T,データなし,データなし,データなし,データなし,データなし,データなし,データなし,データなし,9.0,0,0,9.0,95,95,信用需給は判定不能,信用データがデータなし、または売残0で信用倍率を算出不能
2026-08-21,7760,ＩＭＶ,スタンダード,1969.0,0.41,-5.61,-6.9,-11.22,0.7,149.49,1974.0,2031.0,1926.0,2031.0,2031.0,1905.0,1871.0,1964.78,1750.06,1750.06,9,B,20.38,28.41,-15.53,41.18,2217.92,2465.51,2672.26,-0.98σ,0.39,強気包み足 / 2～5日下落後の陽線,なし,買い,BB逆張り,1,0.0,1744.76,2417.48,2.0,直近2～5日まで下落、BB -1σ以下から反発、陽の包み足、2～5日下落後の陽線 / 信用需給: 信用データがデータなし、または売残0で信用倍率を算出不能,,https://finance.yahoo.co.jp/quote/7760.T,データなし,データなし,データなし,データなし,データなし,データなし,データなし,データなし,9.0,0,0,9.0,95,95,信用需給は判定不能,信用データがデータなし、または売残0で信用倍率を算出不能
2026-08-21,7611,ハイデイ日高,プライム,2991.0,1.32,2.75,2.64,4.48,1.1,57.46,2980.0,3015.0,2952.0,3015.0,3015.0,2864.0,2742.0,2814.07,2748.39,2748.39,9,B,84.71,79.93,21.79,67.5,2862.64,2711.47,3024.01,+1.69σ,0.9,陰線→陽線 / 強気包み足,なし,買い,底固め,1,0.0,2864.0,3245.0,2.0,%K反転、%D方向改善、陽の包み足、直近下落なし（B以下に制限）、直近安値切り上げ、BB幅収縮、RSI安値切り上げ、レンジ上限突破 / 信用需給: 信用データがデータなし、または売残0で信用倍率を算出不能,,https://finance.yahoo.co.jp/quote/7611.T,データなし,データなし,データなし,データなし,データなし,データなし,データなし,データなし,9.0,0,0,9.0,95,95,信用需給は判定不能,信用データがデータなし、または売残0で信用倍率を算出不能
2026-08-21,9505,北陸電力,プライム,990.8,0.63,0.66,2.46,4.33,0.7,23.95,993.7,994.0,977.3,994.0,994.0,954.0,909.3,930.34,906.14,906.14,8,B,94.77,69.59,23.02,63.08,949.66,895.42,961.71,+1.50σ,0.72,陰線→陽線 / 長い下ヒゲ（ハンマー）,なし,買い,底固め,1,0.0,954.0,1064.4,2.0,%K反転、%D方向改善、長い下ヒゲ反転、直近下落なし（B以下に制限）、直近安値切り上げ、BB幅収縮、RSI安値切り上げ / 信用需給: 信用データがデータなし、または売残0で信用倍率を算出不能,,https://finance.yahoo.co.jp/quote/9505.T,データなし,データなし,データなし,データなし,データなし,データなし,データなし,データなし,8.0,0,0,8.0,125,125,信用需給は判定不能,信用データがデータなし、または売残0で信用倍率を算出不能
2026-08-21,8698,マネックスグループ,プライム,729.0,1.96,5.19,5.35,1.96,1.21,18.93,715.0,729.0,706.0,729.0,729.0,679.0,677.0,688.16,671.18,671.18,8,B,100.0,53.99,15.8,59.59,714.96,676.91,701.88,+1.40σ,1.49,強気包み足,なし,買い,底固め,1,0.0,679.0,829.0,2.0,%D方向改善、陽の包み足、出来高増加を伴う反転、直近下落なし（B以下に制限）、直近安値切り上げ、ATR低下、BB幅収縮、出来高減少後の増加、レンジ上限突破 / 信用需給: 信用データがデータなし、または売残0で信用倍率を算出不能,,https://finance.yahoo.co.jp/quote/8698.T,データなし,データなし,データなし,データなし,データなし,データなし,データなし,データなし,8.0,0,0,8.0,125,125,信用需給は判定不能,信用データがデータなし、または売残0で信用倍率を算出不能
2026-08-21,7459,メディパルホールディングス,プライム,2917.5,1.07,1.96,3.18,2.0,0.61,68.45,2918.5,2933.0,2891.0,2933.0,2933.0,2801.0,2690.5,2781.68,2699.48,2699.48,8,B,90.61,68.33,22.79,59.72,2860.3,2751.42,2788.09,+0.65σ,1.0,陰線→陽線 / 長い下ヒゲ（ハンマー）,なし,買い,底固め,1,0.0,2801.0,3150.5,2.0,%K反転、%D方向改善、長い下ヒゲ反転、直近下落なし（B以下に制限）、直近安値切り上げ、BB幅収縮、RSI安値切り上げ / 信用需給: 信用データがデータなし、または売残0で信用倍率を算出不能,,https://finance.yahoo.co.jp/quote/7459.T,データなし,データなし,データなし,データなし,データなし,データなし,データなし,データなし,8.0,0,0,8.0,125,125,信用需給は判定不能,信用データがデータなし、または売残0で信用倍率を算出不能
2026-08-21,8354,ふくおかフィナンシャルグループ,プライム,7564.0,0.76,-2.56,-2.15,0.55,0.74,219.54,7543.0,7593.0,7430.0,7593.0,7707.0,7410.0,7093.0,7387.17,7232.04,7232.04,8,B,30.2,62.27,-9.18,52.79,7522.64,7072.61,6190.25,+0.14σ,0.49,強気包み足,なし,買い,底固め,1,0.0,7234.69,8222.61,2.0,%K反転、陽の包み足、直近下落なし（B以下に制限）、直近安値切り上げ、BB幅収縮、RSI安値切り上げ / 信用需給: 信用データがデータなし、または売残0で信用倍率を算出不能,,https://finance.yahoo.co.jp/quote/8354.T,データなし,データなし,データなし,データなし,データなし,データなし,データなし,データなし,8.0,0,0,8.0,125,125,信用需給は判定不能,信用データがデータなし、または売残0で信用倍率を算出不能
2026-08-21,6963,ローム,プライム,4699.0,-1.18,-6.77,-6.32,1.06,0.47,290.99,4807.0,4732.0,4596.0,4807.0,4874.0,4596.0,3775.0,4272.57,3928.43,3928.43,8,B,13.22,62.54,-18.34,47.44,4649.84,4894.81,3531.96,+0.24σ,0.55,陰線→陽線 / 長い下ヒゲ（ハンマー） / 2～5日下落後の陽線,なし,買い,底固め,1,0.0,4262.52,5571.96,2.0,直近2～5日まで下落、長い下ヒゲ反転、2～5日下落後の陽線、直近安値切り上げ、ATR低下、BB幅収縮、RSI安値切り上げ / 信用需給: 信用データがデータなし、または売残0で信用倍率を算出不能,,https://finance.yahoo.co.jp/quote/6963.T,データなし,データなし,データなし,データなし,データなし,データなし,データなし,データなし,8.0,0,0,8.0,125,125,信用需給は判定不能,信用データがデータなし、または売残0で信用倍率を算出不能
2026-08-21,4972,綜研化学,スタンダード,3345.0,0.15,-3.74,0.0,0.24,0.48,144.92,3440.0,3370.0,3300.0,3440.0,3480.0,3300.0,2906.0,3088.28,2903.76,2903.76,8,B,22.5,72.56,-9.19,49.79,3337.04,3399.75,3093.58,+0.39σ,0.58,陰線→陽線 / 長い下ヒゲ（ハンマー） / 前日安値割れ反転 / 2～5日下落後の陽線,なし,買い,底固め,1,0.0,3127.63,3779.75,2.0,直近2～5日まで下落、長い下ヒゲ反転、2～5日下落後の陽線、直近安値切り上げ、ATR低下、RSI安値切り上げ / 信用需給: 信用データがデータなし、または売残0で信用倍率を算出不能,,https://finance.yahoo.co.jp/quote/4972.T,データなし,データなし,データなし,データなし,データなし,データなし,データなし,データなし,8.0,0,0,8.0,125,125,信用需給は判定不能,信用データがデータなし、または売残0で信用倍率を算出不能
2026-08-21,3539,ＪＭホールディングス,プライム,1483.0,0.68,1.51,3.49,6.81,0.71,30.85,1488.0,1492.0,1470.0,1492.0,1492.0,1422.0,1322.0,1363.1,1319.89,1319.89,8,除外,90.62,82.38,22.0,75.02,1388.48,1302.6,1494.54,+1.78σ,0.4,陰線→陽線 / 長い下ヒゲ（ハンマー）,なし,買い,底固め,1,0.0,1422.0,1605.0,2.0,%K反転、%D方向改善、長い下ヒゲ反転、直近下落なし（B以下に制限）、直近安値切り上げ、BB幅収縮、RSI安値切り上げ / 信用需給: 信用データがデータなし、または売残0で信用倍率を算出不能,急騰済み（高RSI）,https://finance.yahoo.co.jp/quote/3539.T,データなし,データなし,データなし,データなし,データなし,データなし,データなし,データなし,8.0,0,0,8.0,125,125,信用需給は判定不能,信用データがデータなし、または売残0で信用倍率を算出不能
2026-08-21,6264,マルマエ,プライム,2045.0,-1.87,-7.05,-4.75,0.58,0.6,138.99,2084.0,2075.0,1991.0,2084.0,2117.0,1991.0,1675.0,1911.08,1783.66,1783.66,8,B,18.82,55.21,-21.23,46.48,2033.2,2282.6,1716.46,+0.05σ,0.7,長い下ヒゲ（ハンマー） / 2～5日下落後の陽線,なし,買い,底固め,1,0.0,1836.51,2461.98,2.0,直近2～5日まで下落、長い下ヒゲ反転、2～5日下落後の陽線、直近安値切り上げ、ATR低下、BB幅収縮 / 信用需給: 信用データがデータなし、または売残0で信用倍率を算出不能,,https://finance.yahoo.co.jp/quote/6264.T,データなし,データなし,データなし,データなし,データなし,データなし,データなし,データなし,8.0,0,0,8.0,125,125,信用需給は判定不能,信用データがデータなし、または売残0で信用倍率を算出不能
2026-08-21,4107,伊勢化学工業,スタンダード,3905.0,1.96,2.76,4.69,7.27,0.96,156.82,3855.0,3920.0,3770.0,3920.0,3920.0,3660.0,3225.0,3516.36,3363.97,3363.97,8,B,89.09,78.82,-5.08,58.92,3640.4,3961.47,4645.48,+1.55σ,1.07,強気包み足,なし,買い,底固め,1,0.0,3660.0,4395.0,2.0,%K反転、陽の包み足、直近下落なし（B以下に制限）、直近安値切り上げ、ATR低下、BB幅収縮、RSI安値切り上げ / 信用需給: 信用データがデータなし、または売残0で信用倍率を算出不能,,https://finance.yahoo.co.jp/quote/4107.T,データなし,データなし,データなし,データなし,データなし,データなし,データなし,データなし,8.0,0,0,8.0,125,125,信用需給は判定不能,信用データがデータなし、または売残0で信用倍率を算出不能
2026-08-21,2685,アンドエスティＨＤ,プライム,3535.0,1.29,1.58,2.46,2.59,0.8,75.26,3510.0,3535.0,3475.0,3535.0,3535.0,3400.0,3285.0,3408.91,3365.56,3365.56,8,B,100.0,58.88,-0.64,58.76,3445.6,3367.04,3074.75,+1.91σ,1.53,陰線→陽線,なし,買い,底固め,1,0.0,3400.0,3805.0,2.0,%K反転、%D方向改善、出来高増加を伴う反転、直近下落なし（B以下に制限）、直近安値切り上げ、ATR低下、BB幅収縮、レンジ上限突破 / 信用需給: 信用データがデータなし、または売残0で信用倍率を算出不能,,https://finance.yahoo.co.jp/quote/2685.T,データなし,データなし,データなし,データなし,データなし,データなし,データなし,データなし,8.0,0,0,8.0,125,125,信用需給は判定不能,信用データがデータなし、または売残0で信用倍率を算出不能
2026-08-21,1963,日揮ホールディングス,プライム,2233.0,-1.69,-4.53,-4.78,-2.27,0.42,79.32,2275.0,2247.5,2214.5,2275.0,2322.5,2205.5,2162.0,2246.35,2204.38,2204.38,8,B,12.76,54.75,-14.19,41.25,2284.86,2471.64,2243.47,-1.32σ,1.22,長い下ヒゲ（ハンマー） / 2～5日下落後の陽線,なし,買い,底固め,1,0.0,2114.02,2470.97,2.0,直近2～5日まで下落、長い下ヒゲ反転、2～5日下落後の陽線、直近安値切り上げ、BB幅収縮、出来高減少後の増加 / 信用需給: 信用データがデータなし、または売残0で信用倍率を算出不能,,https://finance.yahoo.co.jp/quote/1963.T,データなし,データなし,データなし,データなし,データなし,データなし,データなし,データなし,8.0,0,0,8.0,125,125,信用需給は判定不能,信用データがデータなし、または売残0で信用倍率を算出不能
2026-08-21,1938,日本リーテック,プライム,2463.0,0.12,-0.65,0.9,0.09,0.88,74.89,2465.0,2476.0,2410.0,2476.0,2476.0,2392.0,2330.0,2401.94,2356.88,2356.88,8,B,55.47,43.29,-7.77,47.65,2460.84,2655.64,2519.12,+0.36σ,1.17,強気包み足,なし,買い,底固め,1,0.0,2350.66,2687.67,2.0,%K反転、陽の包み足、直近下落なし（B以下に制限）、直近安値切り上げ、BB幅収縮、RSI安値切り上げ / 信用需給: 信用データがデータなし、または売残0で信用倍率を算出不能,,https://finance.yahoo.co.jp/quote/1938.T,データなし,データなし,データなし,データなし,データなし,データなし,データなし,データなし,8.0,0,0,8.0,125,125,信用需給は判定不能,信用データがデータなし、または売残0で信用倍率を算出不能
2026-08-21,1333,Ｕｍｉｏｓ,プライム,1311.0,0.73,0.69,1.35,0.24,0.75,22.59,1314.0,1314.0,1297.0,1314.0,1315.0,1280.0,1230.0,1271.23,1239.26,1239.26,8,B,90.91,68.36,19.12,53.9,1307.8,1289.18,1334.93,+0.24σ,1.25,陰線→陽線 / 前日安値割れ反転,なし,買い,底固め,1,0.0,1277.11,1378.78,2.0,%K反転、%D方向改善、長い下ヒゲ反転、直近下落なし（B以下に制限）、直近安値切り上げ、出来高減少後の増加、RSI安値切り上げ / 信用需給: 信用データがデータなし、または売残0で信用倍率を算出不能,,https://finance.yahoo.co.jp/quote/1333.T,データなし,データなし,データなし,データなし,データなし,データなし,データなし,データなし,8.0,0,0,8.0,125,125,信用需給は判定不能,信用データがデータなし、または売残0で信用倍率を算出不能
2026-08-21,9267,Ｇｅｎｋｙ　ＤｒｕｇＳｔｏｒｅｓ,プライム,3740.0,1.22,4.03,4.18,0.95,1.18,122.67,3705.0,3800.0,3655.0,3800.0,3800.0,3475.0,3475.0,3530.77,3365.05,3365.05,8,B,81.54,50.29,24.23,54.89,3704.8,3567.13,4153.98,+0.26σ,1.54,強気包み足,なし,買い,底固め,1,0.0,3475.0,4270.0,2.0,%D方向改善、陽の包み足、出来高増加を伴う反転、直近下落なし（B以下に制限）、出来高減少後の増加、RSI安値切り上げ、レンジ上限突破 / 信用需給: 信用データがデータなし、または売残0で信用倍率を算出不能,,https://finance.yahoo.co.jp/quote/9267.T,データなし,データなし,データなし,データなし,データなし,データなし,データなし,データなし,8.0,0,0,8.0,125,125,信用需給は判定不能,信用データがデータなし、または売残0で信用倍率を算出不能
2026-08-21,7730,マニー,プライム,1603.0,-0.56,0.5,-1.05,2.85,0.72,33.54,1624.0,1615.0,1591.0,1624.0,1624.0,1571.0,1489.0,1510.57,1467.09,1467.09,7,C,60.38,81.12,10.9,52.31,1558.56,1657.33,1585.36,+1.13σ,0.58,2～5日下落後の陽線,なし,買い,底固め,1,0.0,1552.69,1703.62,2.0,直近2～5日まで下落、%D方向改善、2～5日下落後の陽線、直近安値切り上げ、ATR低下、BB幅収縮、RSI安値切り上げ / 信用需給: 信用データがデータなし、または売残0で信用倍率を算出不能,,https://finance.yahoo.co.jp/quote/7730.T,データなし,データなし,データなし,データなし,データなし,データなし,データなし,データなし,7.0,0,0,7.0,139,139,信用需給は判定不能,信用データがデータなし、または売残0で信用倍率を算出不能
2026-08-21,8600,トモニホールディングス,プライム,1083.0,0.28,-4.16,-3.13,4.7,0.52,34.33,1094.0,1092.0,1074.0,1094.0,1122.0,1066.0,965.0,1008.06,963.92,963.92,6,C,27.55,66.08,-7.46,60.21,1034.36,934.2,869.5,+0.70σ,0.55,陰線→陽線 / はらみ足 / 2～5日下落後の陽線,なし,買い,底固め,1,0.0,1031.5,1186.0,2.0,直近2～5日まで下落、2～5日下落後の陽線、直近安値切り上げ、BB幅収縮、RSI安値切り上げ / 信用需給: 信用データがデータなし、または売残0で信用倍率を算出不能,,https://finance.yahoo.co.jp/quote/8600.T,データなし,データなし,データなし,データなし,データなし,データなし,データなし,データなし,6.0,0,0,6.0,140,140,信用需給は判定不能,信用データがデータなし、または売残0で信用倍率を算出不能
2026-08-21,9502,中部電力,プライム,2906.5,1.1,1.98,3.14,2.68,0.72,84.19,2886.0,2921.0,2860.5,2921.0,2921.0,2774.5,2563.0,2703.01,2605.77,2605.77,6,C,91.55,76.95,13.81,54.89,2830.52,2873.37,2601.32,+1.09σ,1.01,強気包み足,なし,買い,底固め,1,0.0,2774.5,3170.5,2.0,%D方向改善、陽の包み足、直近下落なし（B以下に制限）、直近安値切り上げ、ATR低下、BB幅収縮、RSI安値切り上げ、レンジ上限突破 / 信用需給: 信用データがデータなし、または売残0で信用倍率を算出不能,,https://finance.yahoo.co.jp/quote/9502.T,データなし,データなし,データなし,データなし,データなし,データなし,データなし,データなし,6.0,0,0,6.0,140,140,信用需給は判定不能,信用データがデータなし、または売残0で信用倍率を算出不能
2026-08-21,8233,高島屋,プライム,2383.0,1.19,5.19,3.61,2.72,1.1,70.42,2359.5,2397.5,2320.0,2397.5,2397.5,2227.5,2192.0,2246.59,2201.18,2201.18,6,C,91.47,55.24,12.53,57.51,2319.92,2207.0,1985.12,+2.00σ,0.98,強気包み足,なし,買い,底固め,1,0.0,2227.5,2694.0,2.0,%D方向改善、陽の包み足、直近下落なし（B以下に制限）、ATR低下、BB幅収縮、レンジ上限突破 / 信用需給: 信用データがデータなし、または売残0で信用倍率を算出不能,,https://finance.yahoo.co.jp/quote/8233.T,データなし,データなし,データなし,データなし,データなし,データなし,データなし,データなし,6.0,0,0,6.0,140,140,信用需給は判定不能,信用データがデータなし、または売残0で信用倍率を算出不能
2026-08-21,8219,青山商事,プライム,762.0,0.26,0.79,0.79,2.9,0.59,13.48,764.0,766.0,758.0,766.0,766.0,746.0,717.0,733.77,721.88,721.88,6,C,84.62,74.73,18.53,64.64,740.56,713.87,786.41,+1.38σ,0.83,なし,なし,買い,底固め,1,0.0,741.78,802.45,2.0,%K反転、%D方向改善、直近下落なし（B以下に制限）、直近安値切り上げ、BB幅収縮、RSI安値切り上げ / 信用需給: 信用データがデータなし、または売残0で信用倍率を算出不能,,https://finance.yahoo.co.jp/quote/8219.T,データなし,データなし,データなし,データなし,データなし,データなし,データなし,データなし,6.0,0,0,6.0,140,140,信用需給は判定不能,信用データがデータなし、または売残0で信用倍率を算出不能
2026-08-21,7280,ミツバ,プライム,1346.0,0.82,3.22,7.17,11.36,0.92,39.12,1336.0,1354.0,1318.0,1354.0,1354.0,1252.0,1123.0,1161.2,1101.76,1101.76,6,除外,95.12,85.67,8.01,72.86,1208.68,1190.89,1173.3,+2.11σ,1.15,強気包み足,なし,買い,底固め,1,0.0,1252.0,1534.0,2.0,%D方向改善、陽の包み足、直近下落なし（B以下に制限）、直近安値切り上げ、RSI安値切り上げ、レンジ上限突破 / 信用需給: 信用データがデータなし、または売残0で信用倍率を算出不能,急騰済み（25日線上方乖離、高RSI）,https://finance.yahoo.co.jp/quote/7280.T,データなし,データなし,データなし,データなし,データなし,データなし,データなし,データなし,6.0,0,0,6.0,140,140,信用需給は判定不能,信用データがデータなし、または売残0で信用倍率を算出不能
2026-08-21,8237,松屋,プライム,2450.0,2.64,23.43,23.99,24.34,0.96,122.31,2411.0,2453.0,2336.0,2453.0,2453.0,1942.0,1657.0,1814.85,1617.29,1617.29,6,除外,99.45,56.92,-0.86,73.78,1970.48,1695.93,1853.88,+2.22σ,1.83,なし,なし,買い,底固め,1,0.0,1942.0,3466.0,2.0,%K反転、%D方向改善、直近下落なし（B以下に制限）、直近安値切り上げ、RSI安値切り上げ、レンジ上限突破 / 信用需給: 信用データがデータなし、または売残0で信用倍率を算出不能,急騰済み（3営業日急騰、5営業日急騰、25日線上方乖離、高RSI、BB +2σ大幅超過）,https://finance.yahoo.co.jp/quote/8237.T,データなし,データなし,データなし,データなし,データなし,データなし,データなし,データなし,6.0,0,0,6.0,140,140,信用需給は判定不能,信用データがデータなし、または売残0で信用倍率を算出不能
2026-08-21,2157,コシダカホールディングス,プライム,1055.0,-0.09,3.03,1.74,1.08,0.93,20.42,1062.0,1072.0,1053.0,1072.0,1072.0,1016.0,1003.0,1016.7,993.04,993.04,6,C,72.13,60.52,22.5,59.06,1043.68,993.11,1088.88,+0.62σ,0.61,強気包み足,なし,買い,底固め,1,0.0,1016.0,1133.0,2.0,%D方向改善、陽の包み足、直近下落なし（B以下に制限）、直近安値切り上げ、ATR低下、BB幅収縮、RSI安値切り上げ / 信用需給: 信用データがデータなし、または売残0で信用倍率を算出不能,,https://finance.yahoo.co.jp/quote/2157.T,データなし,データなし,データなし,データなし,データなし,データなし,データなし,データなし,6.0,0,0,6.0,140,140,信用需給は判定不能,信用データがデータなし、または売残0で信用倍率を算出不能
2026-08-21,3091,ブロンコビリー,プライム,2752.0,1.03,1.74,5.08,5.38,0.59,89.46,2805.0,2763.0,2710.0,2805.0,2805.0,2613.0,2377.0,2573.54,2483.68,2483.68,6,C,79.13,58.57,19.79,66.57,2611.56,2317.03,2129.9,+0.99σ,0.32,陰線→陽線 / はらみ足,なし,買い,底固め,1,0.0,2613.0,3030.0,2.0,%K反転、%D方向改善、直近下落なし（B以下に制限）、直近安値切り上げ、BB幅収縮、RSI安値切り上げ / 信用需給: 信用データがデータなし、または売残0で信用倍率を算出不能,,https://finance.yahoo.co.jp/quote/3091.T,データなし,データなし,データなし,データなし,データなし,データなし,データなし,データなし,6.0,0,0,6.0,140,140,信用需給は判定不能,信用データがデータなし、または売残0で信用倍率を算出不能
2026-08-21,3050,ＤＣＭホールディングス,プライム,1613.0,0.37,1.96,2.67,4.3,0.67,28.33,1610.0,1619.0,1600.0,1619.0,1619.0,1562.0,1480.0,1525.74,1493.08,1493.08,6,C,91.55,80.67,23.26,65.73,1546.44,1508.43,1560.68,+1.67σ,0.68,強気包み足,なし,買い,底固め,1,0.0,1562.0,1715.0,2.0,%D方向改善、陽の包み足、直近下落なし（B以下に制限）、直近安値切り上げ、RSI安値切り上げ、レンジ上限突破 / 信用需給: 信用データがデータなし、または売残0で信用倍率を算出不能,,https://finance.yahoo.co.jp/quote/3050.T,データなし,データなし,データなし,データなし,データなし,データなし,データなし,データなし,6.0,0,0,6.0,140,140,信用需給は判定不能,信用データがデータなし、または売残0で信用倍率を算出不能
2026-08-21,2337,いちご,プライム,413.0,1.47,1.47,1.47,0.16,1.07,8.4,407.0,416.0,407.0,416.0,416.0,401.0,389.0,397.46,385.06,385.06,6,C,80.0,67.31,18.45,48.92,412.36,439.51,439.42,+0.25σ,0.94,なし,なし,買い,底固め,1,0.0,400.4,438.19,2.0,%K反転、%D方向改善、直近下落なし（B以下に制限）、直近安値切り上げ、ATR低下、RSI安値切り上げ、レンジ上限突破 / 信用需給: 信用データがデータなし、または売残0で信用倍率を算出不能,,https://finance.yahoo.co.jp/quote/2337.T,データなし,データなし,データなし,データなし,データなし,データなし,データなし,データなし,6.0,0,0,6.0,140,140,信用需給は判定不能,信用データがデータなし、または売残0で信用倍率を算出不能
2026-08-21,3289,東急不動産ホールディングス,プライム,1347.5,0.3,2.47,2.01,1.34,0.65,23.88,1343.5,1349.5,1334.0,1349.5,1349.5,1296.0,1275.5,1294.85,1261.88,1261.88,6,C,96.26,69.61,21.21,56.76,1329.7,1315.61,1376.97,+0.60σ,1.01,強気包み足,なし,買い,底固め,1,0.0,1296.0,1450.5,2.0,%D方向改善、陽の包み足、直近下落なし（B以下に制限）、直近安値切り上げ、RSI安値切り上げ、レンジ上限突破 / 信用需給: 信用データがデータなし、または売残0で信用倍率を算出不能,,https://finance.yahoo.co.jp/quote/3289.T,データなし,データなし,データなし,データなし,データなし,データなし,データなし,データなし,6.0,0,0,6.0,140,140,信用需給は判定不能,信用データがデータなし、または売残0で信用倍率を算出不能
2026-08-21,5930,文化シヤッター,プライム,1872.0,0.92,3.08,1.35,-0.43,0.61,36.08,1855.0,1872.0,1850.0,1872.0,1872.0,1814.0,1768.0,1811.43,1753.65,1753.65,6,C,100.0,53.78,18.15,51.01,1880.16,1873.15,1960.63,+0.05σ,0.68,強気包み足,なし,買い,底固め,1,0.0,1814.0,1988.0,2.0,%D方向改善、陽の包み足、直近下落なし（B以下に制限）、直近安値切り上げ、RSI安値切り上げ、レンジ上限突破 / 信用需給: 信用データがデータなし、または売残0で信用倍率を算出不能,,https://finance.yahoo.co.jp/quote/5930.T,データなし,データなし,データなし,データなし,データなし,データなし,データなし,データなし,6.0,0,0,6.0,140,140,信用需給は判定不能,信用データがデータなし、または売残0で信用倍率を算出不能
2026-08-21,6460,セガサミーホールディングス,プライム,2791.5,0.38,1.58,2.01,3.82,0.52,91.76,2793.0,2825.0,2777.0,2825.0,2825.0,2672.5,2408.0,2656.93,2572.0,2572.0,6,C,80.91,49.52,12.26,61.07,2688.72,2417.31,2486.28,+0.58σ,0.55,なし,なし,買い,底固め,1,0.0,2653.86,3066.77,2.0,%K反転、%D方向改善、直近下落なし（B以下に制限）、直近安値切り上げ、BB幅収縮、RSI安値切り上げ / 信用需給: 信用データがデータなし、または売残0で信用倍率を算出不能,,https://finance.yahoo.co.jp/quote/6460.T,データなし,データなし,データなし,データなし,データなし,データなし,データなし,データなし,6.0,0,0,6.0,140,140,信用需給は判定不能,信用データがデータなし、または売残0で信用倍率を算出不能
2026-08-21,6379,レイズネクスト,プライム,3180.0,2.09,5.82,8.5,14.2,0.95,94.73,3140.0,3195.0,3105.0,3195.0,3195.0,2901.0,2551.0,2689.65,2531.71,2531.71,6,除外,95.76,68.82,14.11,80.69,2784.56,2452.23,2400.85,+2.10σ,1.02,なし,なし,買い,底固め,1,0.0,2901.0,3738.0,2.0,%K反転、%D方向改善、直近下落なし（B以下に制限）、直近安値切り上げ、RSI安値切り上げ、レンジ上限突破 / 信用需給: 信用データがデータなし、または売残0で信用倍率を算出不能,急騰済み（25日線上方乖離、高RSI）,https://finance.yahoo.co.jp/quote/6379.T,データなし,データなし,データなし,データなし,データなし,データなし,データなし,データなし,6.0,0,0,6.0,140,140,信用需給は判定不能,信用データがデータなし、または売残0で信用倍率を算出不能
2026-08-21,3291,飯田グループホールディングス,プライム,2361.5,1.33,2.79,1.61,3.59,0.74,45.17,2330.5,2365.0,2331.5,2365.0,2365.0,2265.5,2165.5,2232.83,2178.26,2178.26,6,C,96.67,73.07,19.02,63.5,2279.64,2202.34,2372.6,+1.36σ,0.72,なし,なし,買い,底固め,1,0.0,2265.5,2553.5,2.0,%K反転、%D方向改善、直近下落なし（B以下に制限）、直近安値切り上げ、RSI安値切り上げ、レンジ上限突破 / 信用需給: 信用データがデータなし、または売残0で信用倍率を算出不能,,https://finance.yahoo.co.jp/quote/3291.T,データなし,データなし,データなし,データなし,データなし,データなし,データなし,データなし,6.0,0,0,6.0,140,140,信用需給は判定不能,信用データがデータなし、または売残0で信用倍率を算出不能
2026-08-21,3252,地主,プライム,3025.0,0.83,3.03,3.52,3.7,0.95,54.6,3000.0,3030.0,2978.0,3030.0,3030.0,2914.0,2800.0,2864.87,2812.03,2812.03,6,C,96.64,75.11,23.27,62.1,2917.0,2951.09,3096.75,+2.03σ,0.81,強気包み足,なし,買い,底固め,1,0.0,2914.0,3247.0,2.0,%D方向改善、陽の包み足、直近下落なし（B以下に制限）、直近安値切り上げ、RSI安値切り上げ、レンジ上限突破 / 信用需給: 信用データがデータなし、または売残0で信用倍率を算出不能,,https://finance.yahoo.co.jp/quote/3252.T,データなし,データなし,データなし,データなし,データなし,データなし,データなし,データなし,6.0,0,0,6.0,140,140,信用需給は判定不能,信用データがデータなし、または売残0で信用倍率を算出不能
2026-08-21,1961,三機工業,プライム,2360.0,-1.67,-4.8,-3.32,-1.55,0.4,111.36,2400.0,2385.0,2340.0,2400.0,2400.0,2340.0,2127.0,2286.96,2201.11,2201.11,6,C,8.16,53.28,-18.17,44.69,2397.16,2524.83,2293.82,-0.15σ,0.55,2～5日下落後の陽線,なし,買い,底固め,1,0.0,2192.95,2694.09,2.0,直近2～5日まで下落、2～5日下落後の陽線、直近安値切り上げ、BB幅収縮、RSI安値切り上げ / 信用需給: 信用データがデータなし、または売残0で信用倍率を算出不能,,https://finance.yahoo.co.jp/quote/1961.T,データなし,データなし,データなし,データなし,データなし,データなし,データなし,データなし,6.0,0,0,6.0,140,140,信用需給は判定不能,信用データがデータなし、または売残0で信用倍率を算出不能
2026-08-21,1870,矢作建設工業,プライム,2138.0,1.47,0.61,3.38,8.23,0.88,39.82,2107.0,2142.0,2107.0,2142.0,2142.0,2071.0,1865.0,1906.09,1817.18,1817.18,6,除外,96.46,85.48,16.94,74.29,1975.36,1900.63,2125.66,+1.61σ,0.93,なし,なし,買い,底固め,1,0.0,2071.0,2272.0,2.0,%K反転、%D方向改善、直近下落なし（B以下に制限）、直近安値切り上げ、RSI安値切り上げ、レンジ上限突破 / 信用需給: 信用データがデータなし、または売残0で信用倍率を算出不能,急騰済み（高RSI）,https://finance.yahoo.co.jp/quote/1870.T,データなし,データなし,データなし,データなし,データなし,データなし,データなし,データなし,6.0,0,0,6.0,140,140,信用需給は判定不能,信用データがデータなし、または売残0で信用倍率を算出不能
2026-08-21,1605,ＩＮＰＥＸ,プライム,3954.0,2.2,1.38,4.55,8.5,0.71,105.87,3912.0,3954.0,3879.0,3954.0,3954.0,3745.0,3377.0,3515.98,3362.8,3362.8,6,C,100.0,82.26,21.87,68.17,3644.2,3595.2,3597.79,+1.86σ,0.84,なし,なし,買い,底固め,1,0.0,3745.0,4372.0,2.0,%K反転、%D方向改善、直近下落なし（B以下に制限）、直近安値切り上げ、BB幅収縮、RSI安値切り上げ、レンジ上限突破 / 信用需給: 信用データがデータなし、または売残0で信用倍率を算出不能,,https://finance.yahoo.co.jp/quote/1605.T,データなし,データなし,データなし,データなし,データなし,データなし,データなし,データなし,6.0,0,0,6.0,140,140,信用需給は判定不能,信用データがデータなし、または売残0で信用倍率を算出不能
2026-08-21,1662,石油資源開発,プライム,1877.0,1.79,0.21,3.13,6.33,0.71,51.92,1861.0,1886.0,1849.0,1886.0,1886.0,1805.0,1622.0,1723.51,1669.23,1669.23,6,C,92.37,81.45,13.11,64.94,1765.24,1766.19,1877.32,+1.83σ,0.7,陰線→陽線,なし,買い,底固め,1,0.0,1799.12,2032.76,2.0,%K反転、%D方向改善、直近下落なし（B以下に制限）、直近安値切り上げ、BB幅収縮、RSI安値切り上げ、レンジ上限突破 / 信用需給: 信用データがデータなし、または売残0で信用倍率を算出不能,,https://finance.yahoo.co.jp/quote/1662.T,データなし,データなし,データなし,データなし,データなし,データなし,データなし,データなし,6.0,0,0,6.0,140,140,信用需給は判定不能,信用データがデータなし、または売残0で信用倍率を算出不能
2026-08-21,2001,ニップン,プライム,2950.0,1.72,3.58,2.82,3.69,0.96,53.27,2904.0,2953.0,2902.0,2953.0,2953.0,2825.0,2741.0,2803.29,2752.07,2752.07,6,C,97.66,73.27,20.52,64.59,2845.04,2758.24,2631.08,+1.86σ,0.66,なし,なし,買い,底固め,1,0.0,2825.0,3200.0,2.0,%K反転、%D方向改善、直近下落なし（B以下に制限）、直近安値切り上げ、RSI安値切り上げ、レンジ上限突破 / 信用需給: 信用データがデータなし、または売残0で信用倍率を算出不能,,https://finance.yahoo.co.jp/quote/2001.T,データなし,データなし,データなし,データなし,データなし,データなし,データなし,データなし,6.0,0,0,6.0,140,140,信用需給は判定不能,信用データがデータなし、または売残0で信用倍率を算出不能
2026-08-21,2331,ＡＬＳＯＫ,プライム,1184.5,0.77,1.72,1.37,2.0,0.54,26.98,1182.0,1192.0,1177.5,1192.0,1192.0,1141.5,1117.0,1142.32,1117.86,1117.86,6,C,85.15,66.7,21.66,59.16,1161.22,1121.67,1178.5,+0.72σ,0.77,なし,なし,買い,底固め,1,0.0,1141.5,1270.5,2.0,%K反転、%D方向改善、直近下落なし（B以下に制限）、直近安値切り上げ、BB幅収縮、RSI安値切り上げ、レンジ上限突破 / 信用需給: 信用データがデータなし、または売残0で信用倍率を算出不能,,https://finance.yahoo.co.jp/quote/2331.T,データなし,データなし,データなし,データなし,データなし,データなし,データなし,データなし,6.0,0,0,6.0,140,140,信用需給は判定不能,信用データがデータなし、または売残0で信用倍率を算出不能
2026-08-21,6058,ベクトル,プライム,1900.0,1.01,4.86,2.76,6.44,0.79,68.03,1881.0,1903.0,1849.0,1903.0,1903.0,1777.0,1714.0,1762.77,1720.3,1720.3,6,除外,98.41,65.73,5.64,61.62,1785.0,1615.44,1397.87,+2.23σ,0.78,強気包み足,なし,買い,底固め,1,0.0,1777.0,2146.0,2.0,%D方向改善、陽の包み足、直近下落なし（B以下に制限）、直近安値切り上げ、ATR低下、BB幅収縮、RSI安値切り上げ、レンジ上限突破 / 信用需給: 信用データがデータなし、または売残0で信用倍率を算出不能,急騰済み（BB +2σ大幅超過）,https://finance.yahoo.co.jp/quote/6058.T,データなし,データなし,データなし,データなし,データなし,データなし,データなし,データなし,6.0,0,0,6.0,140,140,信用需給は判定不能,信用データがデータなし、または売残0で信用倍率を算出不能
2026-08-21,5202,日本板硝子,プライム,484.0,0.0,0.0,0.21,0.27,0.64,1.56,484.0,484.0,483.0,484.0,484.0,482.0,478.0,481.82,480.84,480.84,6,C,100.0,82.67,15.0,59.11,482.72,479.57,514.06,+1.22σ,0.5,強気包み足 / はらみ足,なし,買い,底固め,1,0.0,481.66,488.68,2.0,%D方向改善、陽の包み足、直近下落なし（B以下に制限）、直近安値切り上げ、BB幅収縮、RSI安値切り上げ / 信用需給: 信用データがデータなし、または売残0で信用倍率を算出不能,,https://finance.yahoo.co.jp/quote/5202.T,データなし,データなし,データなし,データなし,データなし,データなし,データなし,データなし,6.0,0,0,6.0,140,140,信用需給は判定不能,信用データがデータなし、または売残0で信用倍率を算出不能
2026-08-21,9533,東邦瓦斯,プライム,1215.0,0.83,2.4,3.4,3.0,0.5,24.24,1210.5,1218.0,1206.0,1218.0,1218.0,1174.5,1106.5,1137.06,1101.42,1101.42,6,C,95.04,76.8,25.16,60.46,1179.56,1216.75,1239.93,+1.19σ,0.82,なし,なし,買い,底固め,1,0.0,1174.5,1296.0,2.0,%K反転、%D方向改善、直近下落なし（B以下に制限）、直近安値切り上げ、RSI安値切り上げ、レンジ上限突破 / 信用需給: 信用データがデータなし、または売残0で信用倍率を算出不能,,https://finance.yahoo.co.jp/quote/9533.T,データなし,データなし,データなし,データなし,データなし,データなし,データなし,データなし,6.0,0,0,6.0,140,140,信用需給は判定不能,信用データがデータなし、または売残0で信用倍率を算出不能
2026-08-21,9716,乃村工藝社,プライム,1239.0,0.49,2.48,1.47,3.86,0.69,23.14,1238.0,1244.0,1228.0,1244.0,1244.0,1203.0,1147.0,1172.56,1149.48,1149.48,6,C,92.19,76.6,17.78,67.48,1192.96,1137.25,1229.88,+1.88σ,0.47,なし,なし,買い,底固め,1,0.0,1203.0,1311.0,2.0,%K反転、%D方向改善、直近下落なし（B以下に制限）、直近安値切り上げ、ATR低下、BB幅収縮、RSI安値切り上げ、レンジ上限突破 / 信用需給: 信用データがデータなし、または売残0で信用倍率を算出不能,,https://finance.yahoo.co.jp/quote/9716.T,データなし,データなし,データなし,データなし,データなし,データなし,データなし,データなし,6.0,0,0,6.0,140,140,信用需給は判定不能,信用データがデータなし、または売残0で信用倍率を算出不能
2026-08-21,9513,電源開発,プライム,3977.0,1.07,0.84,1.56,3.36,0.65,77.9,3977.0,3977.0,3926.0,3977.0,3977.0,3886.0,3629.0,3822.37,3771.09,3771.09,6,C,100.0,77.58,1.48,62.82,3847.56,3879.51,3617.42,+2.02σ,0.92,陰線→陽線 / はらみ足,なし,買い,底固め,1,0.0,3860.15,4210.7,2.0,%K反転、%D方向改善、直近下落なし（B以下に制限）、直近安値切り上げ、BB幅収縮、RSI安値切り上げ / 信用需給: 信用データがデータなし、または売残0で信用倍率を算出不能,,https://finance.yahoo.co.jp/quote/9513.T,データなし,データなし,データなし,データなし,データなし,データなし,データなし,データなし,6.0,0,0,6.0,140,140,信用需給は判定不能,信用データがデータなし、または売残0で信用倍率を算出不能
2026-08-21,9504,中国電力,プライム,987.0,1.87,4.04,5.92,5.63,1.15,18.96,975.9,987.0,965.2,987.0,987.0,927.1,876.7,911.63,889.31,889.31,6,除外,100.0,82.2,15.97,73.07,934.42,907.49,957.0,+2.38σ,1.28,なし,なし,買い,底固め,1,0.0,927.1,1106.8,2.0,%K反転、%D方向改善、直近下落なし（B以下に制限）、直近安値切り上げ、RSI安値切り上げ、レンジ上限突破 / 信用需給: 信用データがデータなし、または売残0で信用倍率を算出不能,急騰済み（高RSI、BB +2σ大幅超過）,https://finance.yahoo.co.jp/quote/9504.T,データなし,データなし,データなし,データなし,データなし,データなし,データなし,データなし,6.0,0,0,6.0,140,140,信用需給は判定不能,信用データがデータなし、または売残0で信用倍率を算出不能
2026-08-21,9101,日本郵船,プライム,7101.0,4.5,4.67,10.95,15.48,1.98,179.18,6795.0,7137.0,6782.0,7137.0,7137.0,6401.0,5735.0,5916.19,5577.47,5577.47,6,除外,96.39,90.89,16.08,80.63,6149.0,5646.52,5448.92,+2.50σ,1.75,なし,なし,買い,底固め,1,0.0,6401.0,8501.0,2.0,%K反転、%D方向改善、直近下落なし（B以下に制限）、直近安値切り上げ、BB幅収縮、RSI安値切り上げ、レンジ上限突破 / 信用需給: 信用データがデータなし、または売残0で信用倍率を算出不能,急騰済み（25日線上方乖離、高RSI、BB +2σ大幅超過）,https://finance.yahoo.co.jp/quote/9101.T,データなし,データなし,データなし,データなし,データなし,データなし,データなし,データなし,6.0,0,0,6.0,140,140,信用需給は判定不能,信用データがデータなし、または売残0で信用倍率を算出不能
2026-08-21,9119,飯野海運,プライム,1706.0,2.71,1.19,7.16,9.7,1.53,47.15,1677.0,1726.0,1654.0,1726.0,1726.0,1602.0,1462.0,1507.61,1442.76,1442.76,6,除外,88.1,71.36,9.68,73.25,1555.12,1503.43,1531.02,+2.06σ,1.18,なし,なし,買い,底固め,1,0.0,1602.0,1914.0,2.0,%K反転、%D方向改善、直近下落なし（B以下に制限）、直近安値切り上げ、RSI安値切り上げ、レンジ上限突破 / 信用需給: 信用データがデータなし、または売残0で信用倍率を算出不能,急騰済み（高RSI）,https://finance.yahoo.co.jp/quote/9119.T,データなし,データなし,データなし,データなし,データなし,データなし,データなし,データなし,6.0,0,0,6.0,140,140,信用需給は判定不能,信用データがデータなし、または売残0で信用倍率を算出不能
2026-08-21,9044,ＮＡＮＫＡＩ,プライム,3043.0,1.98,2.39,3.36,2.71,1.21,67.8,3016.0,3047.0,2965.0,3047.0,3047.0,2900.5,2818.5,2865.99,2763.85,2763.85,6,C,97.27,69.98,24.02,60.25,2962.7,2872.7,2937.78,+0.73σ,0.76,陰線→陽線,なし,買い,底固め,1,0.0,2900.5,3328.0,2.0,%K反転、%D方向改善、直近下落なし（B以下に制限）、直近安値切り上げ、RSI安値切り上げ、レンジ上限突破 / 信用需給: 信用データがデータなし、または売残0で信用倍率を算出不能,,https://finance.yahoo.co.jp/quote/9044.T,データなし,データなし,データなし,データなし,データなし,データなし,データなし,データなし,6.0,0,0,6.0,140,140,信用需給は判定不能,信用データがデータなし、または売残0で信用倍率を算出不能
2026-08-21,9031,西日本鉄道,プライム,3143.0,1.85,1.85,3.46,2.07,1.01,65.3,3099.0,3161.0,3095.0,3161.0,3161.0,3009.0,2903.5,2983.57,2897.64,2897.64,6,C,89.22,66.08,22.48,60.55,3079.28,2932.57,2889.92,+0.86σ,1.04,なし,なし,買い,底固め,1,0.0,3009.0,3411.0,2.0,%K反転、%D方向改善、直近下落なし（B以下に制限）、直近安値切り上げ、RSI安値切り上げ、レンジ上限突破 / 信用需給: 信用データがデータなし、または売残0で信用倍率を算出不能,,https://finance.yahoo.co.jp/quote/9031.T,データなし,データなし,データなし,データなし,データなし,データなし,データなし,データなし,6.0,0,0,6.0,140,140,信用需給は判定不能,信用データがデータなし、または売残0で信用倍率を算出不能
2026-08-21,4666,パーク２４,プライム,2038.0,0.74,2.0,1.39,2.35,0.76,42.96,2023.0,2038.0,2005.5,2038.0,2038.0,1966.5,1931.0,1958.8,1925.57,1925.57,6,C,100.0,68.73,19.49,58.1,1991.28,1936.46,1973.04,+1.38σ,0.91,強気包み足,なし,買い,底固め,1,0.0,1966.5,2181.0,2.0,%D方向改善、陽の包み足、直近下落なし（B以下に制限）、直近安値切り上げ、ATR低下、RSI安値切り上げ、レンジ上限突破 / 信用需給: 信用データがデータなし、または売残0で信用倍率を算出不能,,https://finance.yahoo.co.jp/quote/4666.T,データなし,データなし,データなし,データなし,データなし,データなし,データなし,データなし,6.0,0,0,6.0,140,140,信用需給は判定不能,信用データがデータなし、または売残0で信用倍率を算出不能
2026-08-21,4549,栄研化学,プライム,2378.0,0.81,2.72,3.98,0.71,0.57,77.39,2359.0,2392.0,2348.0,2392.0,2392.0,2276.0,2021.0,2166.53,2020.52,2020.52,6,C,91.08,79.97,18.38,50.72,2361.28,2605.99,2662.86,+0.45σ,0.49,強気包み足,なし,買い,底固め,1,0.0,2261.91,2610.17,2.0,%D方向改善、陽の包み足、直近下落なし（B以下に制限）、直近安値切り上げ、RSI安値切り上げ、レンジ上限突破 / 信用需給: 信用データがデータなし、または売残0で信用倍率を算出不能,,https://finance.yahoo.co.jp/quote/4549.T,データなし,データなし,データなし,データなし,データなし,データなし,データなし,データなし,6.0,0,0,6.0,140,140,信用需給は判定不能,信用データがデータなし、または売残0で信用倍率を算出不能
2026-08-21,4071,プラスアルファ・コンサルティング,プライム,2254.0,-0.57,2.78,1.35,-1.11,0.66,94.53,2272.0,2290.0,2228.0,2290.0,2290.0,2160.0,2014.0,2199.51,2139.62,2139.62,6,C,86.96,57.24,15.04,44.8,2279.28,2485.6,2338.22,-0.09σ,0.55,なし,なし,買い,底固め,1,0.0,2112.2,2537.6,2.0,%K反転、%D方向改善、直近下落なし（B以下に制限）、直近安値切り上げ、BB幅収縮、RSI安値切り上げ / 信用需給: 信用データがデータなし、または売残0で信用倍率を算出不能,,https://finance.yahoo.co.jp/quote/4071.T,データなし,データなし,データなし,データなし,データなし,データなし,データなし,データなし,6.0,0,0,6.0,140,140,信用需給は判定不能,信用データがデータなし、または売残0で信用倍率を算出不能
2026-08-21,4849,エン,プライム,1594.0,0.5,6.41,6.62,17.34,0.8,48.69,1586.0,1606.0,1567.0,1606.0,1606.0,1457.0,1222.0,1273.65,1161.66,1161.66,6,除外,94.42,88.48,20.73,80.78,1358.48,1245.03,1310.35,+1.86σ,1.03,強気包み足,なし,買い,底固め,1,0.0,1457.0,1868.0,2.0,%D方向改善、陽の包み足、直近下落なし（B以下に制限）、直近安値切り上げ、RSI安値切り上げ、レンジ上限突破 / 信用需給: 信用データがデータなし、または売残0で信用倍率を算出不能,急騰済み（25日線上方乖離、高RSI）,https://finance.yahoo.co.jp/quote/4849.T,データなし,データなし,データなし,データなし,データなし,データなし,データなし,データなし,6.0,0,0,6.0,140,140,信用需給は判定不能,信用データがデータなし、または売残0で信用倍率を算出不能
2026-08-21,4665,ダスキン,プライム,4691.0,1.3,3.12,2.33,3.97,0.9,94.53,4656.0,4725.0,4640.0,4725.0,4725.0,4496.0,4253.0,4396.98,4279.01,4279.01,6,C,85.15,63.88,17.16,64.62,4511.84,4305.07,4221.76,+1.49σ,1.25,陰線→陽線,なし,買い,底固め,1,0.0,4496.0,5081.0,2.0,%K反転、%D方向改善、直近下落なし（B以下に制限）、直近安値切り上げ、出来高減少後の増加、RSI安値切り上げ / 信用需給: 信用データがデータなし、または売残0で信用倍率を算出不能,,https://finance.yahoo.co.jp/quote/4665.T,データなし,データなし,データなし,データなし,データなし,データなし,データなし,データなし,6.0,0,0,6.0,140,140,信用需給は判定不能,信用データがデータなし、または売残0で信用倍率を算出不能
2026-08-21,6349,小森コーポレーション,プライム,2024.0,1.96,4.65,5.64,11.02,1.35,46.07,1985.0,2031.0,1969.0,2031.0,2031.0,1896.0,1640.0,1761.23,1652.97,1652.97,6,除外,94.81,74.87,2.29,81.51,1823.04,1613.43,1603.52,+1.43σ,0.93,強気包み足,なし,買い,底固め,1,0.0,1896.0,2280.0,2.0,%D方向改善、陽の包み足、直近下落なし（B以下に制限）、直近安値切り上げ、RSI安値切り上げ、レンジ上限突破 / 信用需給: 信用データがデータなし、または売残0で信用倍率を算出不能,急騰済み（25日線上方乖離、高RSI）,https://finance.yahoo.co.jp/quote/6349.T,データなし,データなし,データなし,データなし,データなし,データなし,データなし,データなし,6.0,0,0,6.0,140,140,信用需給は判定不能,信用データがデータなし、または売残0で信用倍率を算出不能
2026-08-21,9006,京浜急行電鉄,プライム,1565.0,0.61,1.99,3.06,0.75,0.7,27.16,1560.5,1574.0,1555.0,1574.0,1574.0,1511.0,1478.5,1504.76,1462.15,1462.15,6,C,87.23,66.11,23.29,57.2,1553.4,1522.59,1527.45,+0.41σ,0.62,強気包み足,なし,買い,底固め,1,0.0,1511.0,1673.0,2.0,%D方向改善、陽の包み足、直近下落なし（B以下に制限）、直近安値切り上げ、ATR低下、RSI安値切り上げ、レンジ上限突破 / 信用需給: 信用データがデータなし、または売残0で信用倍率を算出不能,,https://finance.yahoo.co.jp/quote/9006.T,データなし,データなし,データなし,データなし,データなし,データなし,データなし,データなし,6.0,0,0,6.0,140,140,信用需給は判定不能,信用データがデータなし、または売残0で信用倍率を算出不能
2026-08-21,9104,商船三井,プライム,7278.0,4.61,5.77,12.47,18.35,1.76,190.82,7028.0,7278.0,6942.0,7278.0,7278.0,6511.0,5658.0,5833.34,5398.93,5398.93,6,除外,100.0,92.88,3.03,83.36,6149.36,5738.59,5450.36,+2.33σ,1.95,なし,なし,買い,底固め,1,0.0,6511.0,8812.0,2.0,%K反転、%D方向改善、直近下落なし（B以下に制限）、直近安値切り上げ、RSI安値切り上げ、レンジ上限突破 / 信用需給: 信用データがデータなし、または売残0で信用倍率を算出不能,急騰済み（25日線上方乖離、高RSI、BB +2σ大幅超過）,https://finance.yahoo.co.jp/quote/9104.T,データなし,データなし,データなし,データなし,データなし,データなし,データなし,データなし,6.0,0,0,6.0,140,140,信用需給は判定不能,信用データがデータなし、または売残0で信用倍率を算出不能
2026-08-21,9048,名古屋鉄道,プライム,1905.0,1.14,2.17,2.23,0.74,0.61,32.93,1891.0,1905.0,1885.0,1905.0,1905.0,1836.0,1813.0,1840.45,1796.21,1796.21,6,C,100.0,59.8,22.64,57.37,1891.04,1850.96,1767.56,+0.46σ,0.82,なし,なし,買い,底固め,1,0.0,1836.0,2043.0,2.0,%K反転、%D方向改善、直近下落なし（B以下に制限）、直近安値切り上げ、RSI安値切り上げ、レンジ上限突破 / 信用需給: 信用データがデータなし、または売残0で信用倍率を算出不能,,https://finance.yahoo.co.jp/quote/9048.T,データなし,データなし,データなし,データなし,データなし,データなし,データなし,データなし,6.0,0,0,6.0,140,140,信用需給は判定不能,信用データがデータなし、または売残0で信用倍率を算出不能
2026-08-21,9107,川崎汽船,プライム,3405.0,7.28,8.4,12.38,17.53,2.05,94.25,3191.0,3410.0,3217.0,3410.0,3410.0,3020.0,2685.0,2772.17,2606.43,2606.43,6,除外,99.07,86.72,14.23,83.14,2897.16,2666.47,2468.05,+2.82σ,1.85,なし,なし,買い,底固め,1,0.0,3020.0,4175.0,2.0,%K反転、%D方向改善、直近下落なし（B以下に制限）、直近安値切り上げ、BB幅収縮、RSI安値切り上げ、レンジ上限突破 / 信用需給: 信用データがデータなし、または売残0で信用倍率を算出不能,急騰済み（25日線上方乖離、高RSI、BB +2σ大幅超過）,https://finance.yahoo.co.jp/quote/9107.T,データなし,データなし,データなし,データなし,データなし,データなし,データなし,データなし,6.0,0,0,6.0,140,140,信用需給は判定不能,信用データがデータなし、または売残0で信用倍率を算出不能
2026-08-21,8919,カチタス,プライム,3805.0,0.66,7.03,6.58,11.37,0.63,127.53,3785.0,3830.0,3750.0,3830.0,3830.0,3515.0,3135.0,3294.36,3130.47,3130.47,6,除外,92.42,73.45,15.46,71.37,3416.4,3406.27,3236.52,+2.12σ,1.17,強気包み足,なし,買い,底固め,1,0.0,3515.0,4385.0,2.0,%D方向改善、陽の包み足、直近下落なし（B以下に制限）、直近安値切り上げ、RSI安値切り上げ、レンジ上限突破 / 信用需給: 信用データがデータなし、または売残0で信用倍率を算出不能,急騰済み（25日線上方乖離）,https://finance.yahoo.co.jp/quote/8919.T,データなし,データなし,データなし,データなし,データなし,データなし,データなし,データなし,6.0,0,0,6.0,140,140,信用需給は判定不能,信用データがデータなし、または売残0で信用倍率を算出不能
2026-08-21,9007,小田急電鉄,プライム,1775.0,2.81,3.62,4.04,2.44,1.22,37.02,1731.0,1775.0,1730.0,1775.0,1775.0,1685.5,1651.5,1683.49,1634.08,1634.08,6,C,100.0,64.99,22.59,60.34,1732.78,1684.24,1685.48,+0.85σ,1.05,なし,なし,買い,底固め,1,0.0,1685.5,1954.0,2.0,%K反転、%D方向改善、直近下落なし（B以下に制限）、直近安値切り上げ、RSI安値切り上げ、レンジ上限突破 / 信用需給: 信用データがデータなし、または売残0で信用倍率を算出不能,,https://finance.yahoo.co.jp/quote/9007.T,データなし,データなし,データなし,データなし,データなし,データなし,データなし,データなし,6.0,0,0,6.0,140,140,信用需給は判定不能,信用データがデータなし、または売残0で信用倍率を算出不能
2026-08-21,9003,相鉄ホールディングス,プライム,2635.0,2.01,2.89,4.65,2.71,0.98,56.07,2598.0,2638.0,2583.0,2638.0,2638.0,2498.0,2412.0,2467.07,2370.87,2370.87,6,C,97.86,71.48,26.96,59.64,2565.36,2526.27,2707.09,+0.75σ,0.73,なし,なし,買い,底固め,1,0.0,2498.0,2909.0,2.0,%K反転、%D方向改善、直近下落なし（B以下に制限）、直近安値切り上げ、RSI安値切り上げ、レンジ上限突破 / 信用需給: 信用データがデータなし、または売残0で信用倍率を算出不能,,https://finance.yahoo.co.jp/quote/9003.T,データなし,データなし,データなし,データなし,データなし,データなし,データなし,データなし,6.0,0,0,6.0,140,140,信用需給は判定不能,信用データがデータなし、または売残0で信用倍率を算出不能
2026-08-21,8803,平和不動産,プライム,2390.0,1.23,1.49,1.4,1.59,1.08,29.71,2364.0,2393.0,2361.0,2393.0,2393.0,2328.0,2277.0,2314.61,2276.91,2276.91,6,C,95.38,69.91,18.25,57.94,2352.48,2360.04,2353.53,+1.00σ,0.7,なし,なし,買い,底固め,1,0.0,2328.0,2514.0,2.0,%K反転、%D方向改善、直近下落なし（B以下に制限）、直近安値切り上げ、RSI安値切り上げ、レンジ上限突破 / 信用需給: 信用データがデータなし、または売残0で信用倍率を算出不能,,https://finance.yahoo.co.jp/quote/8803.T,データなし,データなし,データなし,データなし,データなし,データなし,データなし,データなし,6.0,0,0,6.0,140,140,信用需給は判定不能,信用データがデータなし、または売残0で信用倍率を算出不能
2026-08-21,9008,京王電鉄,プライム,785.4,1.55,2.88,3.41,0.46,0.73,15.98,780.2,786.4,774.8,786.4,786.4,751.6,742.1,753.56,726.91,726.91,6,C,97.13,52.85,23.66,56.13,781.77,757.24,778.13,+0.20σ,0.78,なし,なし,買い,底固め,1,0.0,751.6,853.0,2.0,%K反転、%D方向改善、直近下落なし（B以下に制限）、直近安値切り上げ、RSI安値切り上げ、レンジ上限突破 / 信用需給: 信用データがデータなし、または売残0で信用倍率を算出不能,,https://finance.yahoo.co.jp/quote/9008.T,データなし,データなし,データなし,データなし,データなし,データなし,データなし,データなし,6.0,0,0,6.0,140,140,信用需給は判定不能,信用データがデータなし、または売残0で信用倍率を算出不能
2026-08-21,9009,京成電鉄,プライム,1354.5,2.07,5.04,5.82,5.65,0.9,29.57,1330.0,1356.5,1330.0,1356.5,1356.5,1262.5,1213.5,1261.75,1235.51,1235.51,6,除外,97.98,75.24,20.29,72.76,1282.02,1170.75,1220.79,+2.53σ,1.05,なし,なし,買い,底固め,1,0.0,1262.5,1538.5,2.0,%K反転、%D方向改善、直近下落なし（B以下に制限）、直近安値切り上げ、BB幅収縮、RSI安値切り上げ、レンジ上限突破 / 信用需給: 信用データがデータなし、または売残0で信用倍率を算出不能,急騰済み（高RSI、BB +2σ大幅超過）,https://finance.yahoo.co.jp/quote/9009.T,データなし,データなし,データなし,データなし,データなし,データなし,データなし,データなし,6.0,0,0,6.0,140,140,信用需給は判定不能,信用データがデータなし、または売残0で信用倍率を算出不能
2026-08-21,8386,百十四銀行,プライム,2980.0,0.98,-4.94,-3.4,2.68,0.72,114.81,3005.0,3010.0,2927.0,3010.0,3090.0,2911.0,2693.0,2817.96,2706.01,2706.01,5,C,23.47,55.31,-8.51,55.98,2902.2,2646.93,2211.66,+0.45σ,0.57,強気包み足,なし,買い,底固め,1,0.0,2807.79,3324.43,2.0,陽の包み足、直近下落なし（B以下に制限）、直近安値切り上げ、BB幅収縮、RSI安値切り上げ / 信用需給: 信用データがデータなし、または売残0で信用倍率を算出不能,,https://finance.yahoo.co.jp/quote/8386.T,データなし,データなし,データなし,データなし,データなし,データなし,データなし,データなし,5.0,0,0,5.0,188,188,信用需給は判定不能,信用データがデータなし、または売残0で信用倍率を算出不能
2026-08-21,1946,トーエネック,プライム,2120.0,0.0,-0.42,0.86,1.7,0.48,67.12,2125.0,2120.0,2088.0,2125.0,2125.0,2040.0,1948.0,2038.86,1991.61,1991.61,5,C,61.54,54.16,-7.41,51.14,2084.56,2171.01,2070.91,+0.72σ,0.96,強気包み足 / はらみ足,なし,買い,底固め,1,0.0,2019.31,2321.37,2.0,陽の包み足、直近下落なし（B以下に制限）、直近安値切り上げ、BB幅収縮、RSI安値切り上げ / 信用需給: 信用データがデータなし、または売残0で信用倍率を算出不能,,https://finance.yahoo.co.jp/quote/1946.T,データなし,データなし,データなし,データなし,データなし,データなし,データなし,データなし,5.0,0,0,5.0,188,188,信用需給は判定不能,信用データがデータなし、または売残0で信用倍率を算出不能
2026-08-21,8706,極東証券,プライム,1900.0,0.8,3.37,2.26,5.49,1.24,36.32,1885.0,1910.0,1865.0,1910.0,1910.0,1822.0,1725.0,1768.92,1725.83,1725.83,5,除外,88.64,84.11,6.05,72.75,1801.16,1647.19,1674.26,+2.04σ,0.99,強気包み足,なし,買い,底固め,1,0.0,1822.0,2056.0,2.0,陽の包み足、直近下落なし（B以下に制限）、直近安値切り上げ、BB幅収縮、RSI安値切り上げ、レンジ上限突破 / 信用需給: 信用データがデータなし、または売残0で信用倍率を算出不能,急騰済み（高RSI）,https://finance.yahoo.co.jp/quote/8706.T,データなし,データなし,データなし,データなし,データなし,データなし,データなし,データなし,5.0,0,0,5.0,188,188,信用需給は判定不能,信用データがデータなし、または売残0で信用倍率を算出不能
2026-08-21,8622,水戸証券,プライム,920.0,0.11,6.11,6.73,11.86,0.73,27.41,919.0,928.0,908.0,928.0,928.0,854.0,764.0,798.52,756.94,756.94,5,除外,90.48,79.57,2.53,80.2,822.48,712.0,650.07,+1.92σ,1.25,強気包み足,なし,買い,底固め,1,0.0,854.0,1052.0,2.0,陽の包み足、直近下落なし（B以下に制限）、直近安値切り上げ、BB幅収縮、RSI安値切り上げ、レンジ上限突破 / 信用需給: 信用データがデータなし、または売残0で信用倍率を算出不能,急騰済み（25日線上方乖離、高RSI）,https://finance.yahoo.co.jp/quote/8622.T,データなし,データなし,データなし,データなし,データなし,データなし,データなし,データなし,5.0,0,0,5.0,188,188,信用需給は判定不能,信用データがデータなし、または売残0で信用倍率を算出不能
2026-08-21,9511,沖縄電力,プライム,1176.0,0.43,3.52,5.47,13.59,0.47,25.61,1174.0,1179.0,1167.0,1179.0,1179.0,1105.0,919.0,980.53,898.9,898.9,5,除外,96.91,87.03,4.42,82.02,1035.32,955.05,1031.8,+1.39σ,0.53,長い下ヒゲ（ハンマー）,なし,買い,底固め,1,0.0,1105.0,1318.0,2.0,%D方向改善、長い下ヒゲ反転、直近下落なし（B以下に制限）、直近安値切り上げ、RSI安値切り上げ、レンジ上限突破 / 信用需給: 信用データがデータなし、または売残0で信用倍率を算出不能,急騰済み（25日線上方乖離、高RSI）,https://finance.yahoo.co.jp/quote/9511.T,データなし,データなし,データなし,データなし,データなし,データなし,データなし,データなし,5.0,0,0,5.0,188,188,信用需給は判定不能,信用データがデータなし、または売残0で信用倍率を算出不能
2026-08-21,9075,福山通運,プライム,6480.0,1.41,2.05,3.85,5.94,1.16,198.79,6410.0,6540.0,6310.0,6540.0,6540.0,6250.0,5650.0,5874.69,5646.87,5646.87,5,C,85.37,79.95,22.36,65.27,6116.8,6035.47,5273.7,+1.66σ,0.76,長い下ヒゲ（ハンマー）,なし,買い,底固め,1,0.0,6181.82,7076.36,2.0,%D方向改善、長い下ヒゲ反転、直近下落なし（B以下に制限）、直近安値切り上げ、BB幅収縮、RSI安値切り上げ、レンジ上限突破 / 信用需給: 信用データがデータなし、または売残0で信用倍率を算出不能,,https://finance.yahoo.co.jp/quote/9075.T,データなし,データなし,データなし,データなし,データなし,データなし,データなし,データなし,5.0,0,0,5.0,188,188,信用需給は判定不能,信用データがデータなし、または売残0で信用倍率を算出不能
2026-08-21,4973,日本高純度化学,プライム,4600.0,-0.76,-5.25,-5.93,-1.16,0.47,192.09,4655.0,4655.0,4565.0,4655.0,4750.0,4560.0,4125.0,4356.13,4143.02,4143.02,4,C,10.81,67.17,-21.08,43.88,4654.2,5187.4,4587.15,+0.14σ,0.29,なし,なし,買い,底固め,1,0.0,4311.87,5176.27,2.0,直近2～5日まで下落、直近安値切り上げ、ATR低下、BB幅収縮 / 信用需給: 信用データがデータなし、または売残0で信用倍率を算出不能,,https://finance.yahoo.co.jp/quote/4973.T,データなし,データなし,データなし,データなし,データなし,データなし,データなし,データなし,4.0,0,0,4.0,194,194,信用需給は判定不能,信用データがデータなし、または売残0で信用倍率を算出不能
2026-08-21,9348,ｉｓｐａｃｅ,グロース,429.0,-0.69,-2.28,0.94,2.75,0.72,13.87,434.0,432.0,422.0,434.0,435.0,422.0,397.0,407.55,397.0,397.0,4,C,41.38,71.55,-8.86,50.11,417.52,478.16,496.06,+1.03σ,0.62,長い下ヒゲ（ハンマー）,なし,買い,底固め,1,0.0,408.19,470.62,2.0,長い下ヒゲ反転、直近下落なし（B以下に制限）、直近安値切り上げ、ATR低下、BB幅収縮、RSI安値切り上げ / 信用需給: 信用データがデータなし、または売残0で信用倍率を算出不能,,https://finance.yahoo.co.jp/quote/9348.T,データなし,データなし,データなし,データなし,データなし,データなし,データなし,データなし,4.0,0,0,4.0,194,194,信用需給は判定不能,信用データがデータなし、または売残0で信用倍率を算出不能
2026-08-21,6584,三櫻工業,プライム,809.0,-0.49,-3.69,-1.58,-0.92,0.37,40.08,821.0,813.0,798.0,821.0,830.0,798.0,729.0,786.68,761.45,761.45,4,C,18.82,49.79,-13.15,46.08,816.52,885.6,836.96,-0.11σ,0.46,なし,なし,買い,底固め,1,0.0,748.88,929.24,2.0,直近2～5日まで下落、直近安値切り上げ、BB幅収縮、RSI安値切り上げ / 信用需給: 信用データがデータなし、または売残0で信用倍率を算出不能,,https://finance.yahoo.co.jp/quote/6584.T,データなし,データなし,データなし,データなし,データなし,データなし,データなし,データなし,4.0,0,0,4.0,194,194,信用需給は判定不能,信用データがデータなし、または売残0で信用倍率を算出不能
2026-08-21,7220,武蔵精密工業,プライム,3300.0,-3.37,-8.84,-8.97,-0.21,0.38,252.55,3470.0,3375.0,3280.0,3470.0,3480.0,3280.0,2860.0,3121.26,2901.02,2901.02,4,C,3.67,47.82,-21.11,42.82,3307.0,4686.27,3590.44,-0.19σ,0.62,なし,なし,買い,底固め,1,0.0,2921.17,4057.65,2.0,直近2～5日まで下落、直近安値切り上げ、ATR低下、BB幅収縮 / 信用需給: 信用データがデータなし、または売残0で信用倍率を算出不能,,https://finance.yahoo.co.jp/quote/7220.T,データなし,データなし,データなし,データなし,データなし,データなし,データなし,データなし,4.0,0,0,4.0,194,194,信用需給は判定不能,信用データがデータなし、または売残0で信用倍率を算出不能
2026-08-21,3186,ネクステージ,プライム,3515.0,-1.95,-2.5,-2.63,1.03,0.85,135.84,3595.0,3595.0,3480.0,3595.0,3610.0,3425.0,3205.0,3377.36,3278.73,3278.73,4,C,38.3,71.96,-11.76,48.62,3479.0,3649.07,3314.3,+0.40σ,0.62,はらみ足,なし,買い,底固め,1,0.0,3311.23,3922.53,2.0,直近2～5日まで下落、直近安値切り上げ、ATR低下、BB幅収縮 / 信用需給: 信用データがデータなし、または売残0で信用倍率を算出不能,,https://finance.yahoo.co.jp/quote/3186.T,データなし,データなし,データなし,データなし,データなし,データなし,データなし,データなし,4.0,0,0,4.0,194,194,信用需給は判定不能,信用データがデータなし、または売残0で信用倍率を算出不能
2026-08-21,4521,科研製薬,プライム,3985.0,-0.5,-1.12,-0.75,1.71,0.74,67.37,4030.0,4020.0,3970.0,4030.0,4055.0,3965.0,3745.0,3840.04,3752.32,3752.32,4,C,21.05,69.87,8.47,55.88,3918.0,3913.0,3999.94,+0.65σ,1.71,なし,なし,買い,底固め,1,0.0,3883.94,4187.12,2.0,直近2～5日まで下落、直近安値切り上げ、出来高減少後の増加、RSI安値切り上げ / 信用需給: 信用データがデータなし、または売残0で信用倍率を算出不能,,https://finance.yahoo.co.jp/quote/4521.T,データなし,データなし,データなし,データなし,データなし,データなし,データなし,データなし,4.0,0,0,4.0,194,194,信用需給は判定不能,信用データがデータなし、または売残0で信用倍率を算出不能
2026-08-21,3046,ジンズホールディングス,プライム,6380.0,-1.09,1.92,-3.33,-2.38,0.71,268.81,6520.0,6490.0,6300.0,6520.0,6520.0,6250.0,6170.0,6363.34,6179.68,6179.68,4,C,31.71,43.93,-0.67,43.52,6535.6,7418.8,6376.88,-0.91σ,0.53,なし,なし,買い,底固め,1,0.0,5976.79,7186.42,2.0,直近2～5日まで下落、直近安値切り上げ、ATR低下、BB幅収縮、RSI安値切り上げ / 信用需給: 信用データがデータなし、または売残0で信用倍率を算出不能,,https://finance.yahoo.co.jp/quote/3046.T,データなし,データなし,データなし,データなし,データなし,データなし,データなし,データなし,4.0,0,0,4.0,194,194,信用需給は判定不能,信用データがデータなし、または売残0で信用倍率を算出不能
2026-08-21,2695,くら寿司,プライム,1729.0,0.58,2.13,2.86,4.3,0.83,33.81,1722.0,1747.0,1719.0,1747.0,1747.0,1663.0,1562.0,1637.01,1602.87,1602.87,3,C,78.57,75.26,13.96,66.42,1657.64,1608.4,1678.72,+1.69σ,1.2,なし,なし,買い,底固め,1,0.0,1663.0,1861.0,2.0,%D方向改善、直近下落なし（B以下に制限）、直近安値切り上げ、RSI安値切り上げ、レンジ上限突破 / 信用需給: 信用データがデータなし、または売残0で信用倍率を算出不能,,https://finance.yahoo.co.jp/quote/2695.T,データなし,データなし,データなし,データなし,データなし,データなし,データなし,データなし,3.0,0,0,3.0,201,201,信用需給は判定不能,信用データがデータなし、または売残0で信用倍率を算出不能
2026-08-21,1925,大和ハウス工業,プライム,4689.0,0.82,1.96,1.74,1.25,0.65,79.67,4658.0,4701.0,4649.0,4701.0,4701.0,4531.0,4484.0,4540.39,4441.27,4441.27,3,C,92.94,62.07,19.45,57.69,4631.24,4503.95,4959.97,+0.50σ,1.0,なし,なし,買い,底固め,1,0.0,4531.0,5005.0,2.0,%D方向改善、直近下落なし（B以下に制限）、直近安値切り上げ、RSI安値切り上げ、レンジ上限突破 / 信用需給: 信用データがデータなし、または売残0で信用倍率を算出不能,,https://finance.yahoo.co.jp/quote/1925.T,データなし,データなし,データなし,データなし,データなし,データなし,データなし,データなし,3.0,0,0,3.0,201,201,信用需給は判定不能,信用データがデータなし、または売残0で信用倍率を算出不能
2026-08-21,2726,パルグループホールディングス,プライム,1524.0,-0.52,1.06,1.6,3.41,1.14,42.11,1545.0,1558.0,1510.0,1558.0,1558.0,1468.0,1352.0,1461.36,1429.16,1429.16,3,C,62.22,62.18,10.42,58.4,1473.76,1447.37,1653.02,+0.95σ,0.75,なし,なし,買い,底固め,1,0.0,1460.83,1650.34,2.0,%D方向改善、直近下落なし（B以下に制限）、直近安値切り上げ、ATR低下、BB幅収縮 / 信用需給: 信用データがデータなし、または売残0で信用倍率を算出不能,,https://finance.yahoo.co.jp/quote/2726.T,データなし,データなし,データなし,データなし,データなし,データなし,データなし,データなし,3.0,0,0,3.0,201,201,信用需給は判定不能,信用データがデータなし、または売残0で信用倍率を算出不能
2026-08-21,2292,Ｓ　Ｆｏｏｄｓ,プライム,2888.0,1.37,2.7,3.7,4.27,1.24,47.49,2856.0,2910.0,2851.0,2910.0,2910.0,2777.0,2635.0,2713.45,2648.69,2648.69,3,C,88.36,79.64,24.3,66.42,2769.76,2720.72,2810.7,+1.70σ,1.74,なし,なし,買い,底固め,1,0.0,2777.0,3110.0,2.0,%D方向改善、直近下落なし（B以下に制限）、直近安値切り上げ、RSI安値切り上げ、レンジ上限突破 / 信用需給: 信用データがデータなし、または売残0で信用倍率を算出不能,,https://finance.yahoo.co.jp/quote/2292.T,データなし,データなし,データなし,データなし,データなし,データなし,データなし,データなし,3.0,0,0,3.0,201,201,信用需給は判定不能,信用データがデータなし、または売残0で信用倍率を算出不能
2026-08-21,2602,日清オイリオグループ,プライム,2067.0,1.47,3.61,2.53,5.9,0.79,38.16,2041.0,2074.0,2044.0,2074.0,2074.0,1975.0,1802.0,1886.43,1818.16,1818.16,3,C,94.12,88.07,24.7,68.72,1951.88,1852.31,1842.21,+1.64σ,0.84,なし,なし,買い,底固め,1,0.0,1975.0,2251.0,2.0,%D方向改善、直近下落なし（B以下に制限）、直近安値切り上げ、RSI安値切り上げ、レンジ上限突破 / 信用需給: 信用データがデータなし、または売残0で信用倍率を算出不能,,https://finance.yahoo.co.jp/quote/2602.T,データなし,データなし,データなし,データなし,データなし,データなし,データなし,データなし,3.0,0,0,3.0,201,201,信用需給は判定不能,信用データがデータなし、または売残0で信用倍率を算出不能
2026-08-21,3399,丸千代山岡家,スタンダード,3830.0,-2.3,2.27,1.32,4.01,0.74,121.09,3930.0,3905.0,3815.0,3930.0,3930.0,3685.0,3400.0,3567.3,3454.34,3454.34,3,C,68.75,81.43,12.32,60.07,3682.2,3377.6,3283.38,+1.33σ,0.48,はらみ足,なし,買い,底固め,1,0.0,3648.36,4193.27,2.0,%D方向改善、直近下落なし（B以下に制限）、直近安値切り上げ、BB幅収縮、RSI安値切り上げ / 信用需給: 信用データがデータなし、または売残0で信用倍率を算出不能,,https://finance.yahoo.co.jp/quote/3399.T,データなし,データなし,データなし,データなし,データなし,データなし,データなし,データなし,3.0,0,0,3.0,201,201,信用需給は判定不能,信用データがデータなし、または売残0で信用倍率を算出不能
2026-08-21,3048,ビックカメラ,プライム,1790.0,-0.5,3.47,3.62,3.38,0.78,35.88,1799.0,1815.5,1787.5,1815.5,1815.5,1703.5,1669.0,1700.75,1659.12,1659.12,3,C,77.23,71.58,24.67,62.28,1731.46,1708.44,1693.76,+1.14σ,1.48,なし,なし,買い,底固め,1,0.0,1703.5,1963.0,2.0,%D方向改善、直近下落なし（B以下に制限）、直近安値切り上げ、BB幅収縮、RSI安値切り上げ / 信用需給: 信用データがデータなし、または売残0で信用倍率を算出不能,,https://finance.yahoo.co.jp/quote/3048.T,データなし,データなし,データなし,データなし,データなし,データなし,データなし,データなし,3.0,0,0,3.0,201,201,信用需給は判定不能,信用データがデータなし、または売残0で信用倍率を算出不能
2026-08-21,4825,ウェザーニューズ,プライム,2076.0,-1.14,1.67,2.32,4.46,1.03,40.79,2100.0,2112.0,2070.0,2112.0,2112.0,2015.0,1900.0,1946.68,1897.45,1897.45,3,C,72.09,76.26,17.5,60.89,1987.28,2036.75,2015.24,+1.63σ,0.76,なし,なし,買い,底固め,1,0.0,2014.82,2198.37,2.0,%D方向改善、直近下落なし（B以下に制限）、直近安値切り上げ、BB幅収縮、RSI安値切り上げ / 信用需給: 信用データがデータなし、または売残0で信用倍率を算出不能,,https://finance.yahoo.co.jp/quote/4825.T,データなし,データなし,データなし,データなし,データなし,データなし,データなし,データなし,3.0,0,0,3.0,201,201,信用需給は判定不能,信用データがデータなし、または売残0で信用倍率を算出不能
2026-08-21,6200,インソース,プライム,737.0,-0.67,2.5,2.08,2.77,0.53,18.85,746.0,744.0,734.0,746.0,746.0,710.0,702.0,712.76,692.72,692.72,3,C,79.55,46.58,22.11,63.35,717.12,647.68,726.29,+0.21σ,0.38,はらみ足,なし,買い,底固め,1,0.0,708.72,793.55,2.0,%D方向改善、直近下落なし（B以下に制限）、直近安値切り上げ、BB幅収縮、RSI安値切り上げ / 信用需給: 信用データがデータなし、または売残0で信用倍率を算出不能,,https://finance.yahoo.co.jp/quote/6200.T,データなし,データなし,データなし,データなし,データなし,データなし,データなし,データなし,3.0,0,0,3.0,201,201,信用需給は判定不能,信用データがデータなし、または売残0で信用倍率を算出不能
2026-08-21,9861,吉野家ホールディングス,プライム,3860.0,0.94,3.85,2.14,3.08,0.47,82.56,3824.0,3883.0,3844.0,3883.0,3883.0,3686.0,3488.0,3698.75,3611.89,3611.89,3,C,88.32,53.19,19.46,64.27,3744.56,3370.28,3222.81,+0.86σ,0.69,なし,なし,買い,底固め,1,0.0,3686.0,4208.0,2.0,%D方向改善、直近下落なし（B以下に制限）、ATR低下、BB幅収縮、レンジ上限突破 / 信用需給: 信用データがデータなし、または売残0で信用倍率を算出不能,,https://finance.yahoo.co.jp/quote/9861.T,データなし,データなし,データなし,データなし,データなし,データなし,データなし,データなし,3.0,0,0,3.0,201,201,信用需給は判定不能,信用データがデータなし、または売残0で信用倍率を算出不能
2026-08-21,9509,北海道電力,プライム,1088.0,1.12,1.92,4.26,5.54,0.95,26.22,1078.5,1096.5,1071.5,1096.5,1096.5,1041.0,1001.0,1014.47,993.32,993.32,3,除外,89.31,67.74,13.93,66.86,1030.88,974.1,1042.73,+2.48σ,1.14,なし,なし,買い,底固め,1,0.0,1041.0,1182.0,2.0,%D方向改善、直近下落なし（B以下に制限）、直近安値切り上げ、BB幅収縮、RSI安値切り上げ、レンジ上限突破 / 信用需給: 信用データがデータなし、または売残0で信用倍率を算出不能,急騰済み（BB +2σ大幅超過）,https://finance.yahoo.co.jp/quote/9509.T,データなし,データなし,データなし,データなし,データなし,データなし,データなし,データなし,3.0,0,0,3.0,201,201,信用需給は判定不能,信用データがデータなし、または売残0で信用倍率を算出不能
2026-08-21,9468,ＫＡＤＯＫＡＷＡ,プライム,3526.0,-0.84,-0.11,0.14,-0.58,0.88,96.84,3606.0,3567.0,3482.0,3606.0,3621.0,3476.0,3334.0,3473.38,3416.16,3416.16,3,C,66.9,78.69,11.33,48.35,3546.44,3447.63,3342.38,-0.08σ,0.73,なし,なし,買い,底固め,1,0.0,3380.74,3816.52,2.0,%D方向改善、直近下落なし（B以下に制限）、直近安値切り上げ、BB幅収縮、RSI安値切り上げ / 信用需給: 信用データがデータなし、または売残0で信用倍率を算出不能,,https://finance.yahoo.co.jp/quote/9468.T,データなし,データなし,データなし,データなし,データなし,データなし,データなし,データなし,3.0,0,0,3.0,201,201,信用需給は判定不能,信用データがデータなし、または売残0で信用倍率を算出不能
2026-08-21,9413,テレビ東京ホールディングス,プライム,3420.0,-0.29,1.03,0.88,-1.04,0.61,73.28,3440.0,3440.0,3395.0,3440.0,3440.0,3345.0,3245.0,3306.53,3182.55,3182.55,3,C,78.95,64.45,21.07,46.09,3455.8,3618.47,4158.45,-0.08σ,0.67,はらみ足,なし,買い,底固め,1,0.0,3310.08,3639.85,2.0,%D方向改善、直近下落なし（B以下に制限）、直近安値切り上げ、ATR低下、RSI安値切り上げ / 信用需給: 信用データがデータなし、または売残0で信用倍率を算出不能,,https://finance.yahoo.co.jp/quote/9413.T,データなし,データなし,データなし,データなし,データなし,データなし,データなし,データなし,3.0,0,0,3.0,201,201,信用需給は判定不能,信用データがデータなし、または売残0で信用倍率を算出不能
2026-08-21,8153,モスフードサービス,プライム,3940.0,1.16,3.96,3.82,3.36,0.85,76.25,3905.0,3955.0,3890.0,3955.0,3955.0,3755.0,3635.0,3718.31,3618.62,3618.62,3,C,92.86,71.37,26.96,63.44,3812.0,3713.87,4010.92,+1.22σ,0.85,なし,なし,買い,底固め,1,0.0,3755.0,4310.0,2.0,%D方向改善、直近下落なし（B以下に制限）、直近安値切り上げ、RSI安値切り上げ、レンジ上限突破 / 信用需給: 信用データがデータなし、または売残0で信用倍率を算出不能,,https://finance.yahoo.co.jp/quote/8153.T,データなし,データなし,データなし,データなし,データなし,データなし,データなし,データなし,3.0,0,0,3.0,201,201,信用需給は判定不能,信用データがデータなし、または売残0で信用倍率を算出不能
2026-08-21,9759,ＮＳＤ,プライム,2869.5,-0.59,1.81,1.25,3.35,0.71,69.44,2896.0,2898.0,2848.5,2898.0,2898.0,2771.0,2613.0,2723.47,2646.62,2646.62,3,C,78.73,70.23,22.79,60.25,2776.56,2634.15,2968.92,+0.90σ,0.58,なし,なし,買い,底固め,1,0.0,2765.34,3077.82,2.0,%D方向改善、直近下落なし（B以下に制限）、直近安値切り上げ、BB幅収縮、RSI安値切り上げ / 信用需給: 信用データがデータなし、または売残0で信用倍率を算出不能,,https://finance.yahoo.co.jp/quote/9759.T,データなし,データなし,データなし,データなし,データなし,データなし,データなし,データなし,3.0,0,0,3.0,201,201,信用需給は判定不能,信用データがデータなし、または売残0で信用倍率を算出不能
2026-08-21,8923,トーセイ,プライム,1829.0,1.27,3.22,1.89,2.6,0.67,41.86,1809.0,1841.0,1813.0,1841.0,1841.0,1740.0,1721.0,1749.24,1718.83,1718.83,3,C,88.12,62.38,17.98,60.55,1782.68,1685.89,1664.08,+1.62σ,0.97,なし,なし,買い,底固め,1,0.0,1740.0,2007.0,2.0,%D方向改善、直近下落なし（B以下に制限）、直近安値切り上げ、ATR低下、BB幅収縮、RSI安値切り上げ、レンジ上限突破 / 信用需給: 信用データがデータなし、または売残0で信用倍率を算出不能,,https://finance.yahoo.co.jp/quote/8923.T,データなし,データなし,データなし,データなし,データなし,データなし,データなし,データなし,3.0,0,0,3.0,201,201,信用需給は判定不能,信用データがデータなし、または売残0で信用倍率を算出不能
2026-08-21,4290,プレステージ・インターナショナル,プライム,736.0,0.27,1.52,2.51,5.41,0.5,11.88,734.0,739.0,733.0,739.0,739.0,718.0,649.0,684.65,663.06,663.06,3,C,92.11,79.84,20.47,71.62,698.24,668.4,681.24,+1.38σ,0.55,なし,なし,買い,底固め,1,0.0,718.0,772.0,2.0,%D方向改善、直近下落なし（B以下に制限）、直近安値切り上げ、RSI安値切り上げ、レンジ上限突破 / 信用需給: 信用データがデータなし、または売残0で信用倍率を算出不能,,https://finance.yahoo.co.jp/quote/4290.T,データなし,データなし,データなし,データなし,データなし,データなし,データなし,データなし,3.0,0,0,3.0,201,201,信用需給は判定不能,信用データがデータなし、または売残0で信用倍率を算出不能
2026-08-21,4373,シンプレクス・ホールディングス,プライム,1166.0,-1.44,3.64,-0.51,4.77,0.74,43.25,1187.0,1193.0,1161.0,1193.0,1193.0,1093.0,1030.0,1088.77,1050.94,1050.94,3,C,73.0,66.42,17.85,59.81,1112.96,1037.83,981.18,+1.04σ,0.54,なし,なし,買い,底固め,1,0.0,1093.0,1312.0,2.0,%D方向改善、直近下落なし（B以下に制限）、直近安値切り上げ、BB幅収縮、RSI安値切り上げ / 信用需給: 信用データがデータなし、または売残0で信用倍率を算出不能,,https://finance.yahoo.co.jp/quote/4373.T,データなし,データなし,データなし,データなし,データなし,データなし,データなし,データなし,3.0,0,0,3.0,201,201,信用需給は判定不能,信用データがデータなし、または売残0で信用倍率を算出不能
2026-08-21,4021,日産化学,プライム,7978.0,-2.25,-1.01,0.03,2.91,0.74,270.23,8215.0,8021.0,7822.0,8215.0,8215.0,7760.0,7210.0,7469.6,7204.55,7204.55,3,C,47.91,71.45,-3.45,52.77,7752.68,7723.76,6538.66,+0.92σ,0.8,はらみ足,なし,買い,底固め,1,0.0,7572.66,8788.68,2.0,%D方向改善、直近下落なし（B以下に制限）、直近安値切り上げ、BB幅収縮、RSI安値切り上げ / 信用需給: 信用データがデータなし、または売残0で信用倍率を算出不能,,https://finance.yahoo.co.jp/quote/4021.T,データなし,データなし,データなし,データなし,データなし,データなし,データなし,データなし,3.0,0,0,3.0,201,201,信用需給は判定不能,信用データがデータなし、または売残0で信用倍率を算出不能
2026-08-21,3612,ワールド,プライム,1682.0,0.72,2.0,3.19,3.82,0.64,24.82,1673.0,1686.0,1670.0,1686.0,1686.0,1625.0,1573.0,1595.24,1567.58,1567.58,3,C,94.81,79.02,23.79,66.57,1620.12,1566.11,1539.74,+2.14σ,1.3,なし,なし,買い,底固め,1,0.0,1625.0,1796.0,2.0,%D方向改善、直近下落なし（B以下に制限）、直近安値切り上げ、RSI安値切り上げ、レンジ上限突破 / 信用需給: 信用データがデータなし、または売残0で信用倍率を算出不能,,https://finance.yahoo.co.jp/quote/3612.T,データなし,データなし,データなし,データなし,データなし,データなし,データなし,データなし,3.0,0,0,3.0,201,201,信用需給は判定不能,信用データがデータなし、または売残0で信用倍率を算出不能
2026-08-21,3543,コメダホールディングス,プライム,2962.0,0.17,1.79,2.14,2.88,0.74,39.07,2959.0,2985.0,2956.0,2985.0,2985.0,2870.0,2804.0,2842.61,2794.96,2794.96,3,C,80.0,78.52,25.16,64.82,2879.16,2836.63,2921.28,+1.51σ,1.06,なし,なし,買い,底固め,1,0.0,2870.0,3146.0,2.0,%D方向改善、直近下落なし（B以下に制限）、直近安値切り上げ、RSI安値切り上げ、レンジ上限突破 / 信用需給: 信用データがデータなし、または売残0で信用倍率を算出不能,,https://finance.yahoo.co.jp/quote/3543.T,データなし,データなし,データなし,データなし,データなし,データなし,データなし,データなし,3.0,0,0,3.0,201,201,信用需給は判定不能,信用データがデータなし、または売残0で信用倍率を算出不能
2026-08-21,7513,コジマ,プライム,1484.0,0.95,8.4,9.28,7.89,0.99,38.41,1483.0,1502.0,1464.0,1502.0,1502.0,1342.0,1323.0,1341.33,1298.55,1298.55,3,除外,89.89,57.07,24.2,69.54,1375.48,1332.2,1270.69,+2.34σ,1.03,なし,なし,買い,底固め,1,0.0,1342.0,1768.0,2.0,%D方向改善、直近下落なし（B以下に制限）、直近安値切り上げ、BB幅収縮、RSI安値切り上げ、レンジ上限突破 / 信用需給: 信用データがデータなし、または売残0で信用倍率を算出不能,急騰済み（BB +2σ大幅超過）,https://finance.yahoo.co.jp/quote/7513.T,データなし,データなし,データなし,データなし,データなし,データなし,データなし,データなし,3.0,0,0,3.0,201,201,信用需給は判定不能,信用データがデータなし、または売残0で信用倍率を算出不能
2026-08-21,7818,トランザクション,プライム,1259.0,-0.16,5.36,4.92,3.52,0.69,34.71,1261.0,1276.0,1252.0,1276.0,1276.0,1181.0,1151.0,1180.33,1153.86,1153.86,3,C,84.4,59.07,14.53,54.68,1216.16,1272.03,1196.88,+1.97σ,1.11,なし,なし,買い,底固め,1,0.0,1181.0,1415.0,2.0,%D方向改善、直近下落なし（B以下に制限）、直近安値切り上げ、ATR低下、BB幅収縮、RSI安値切り上げ / 信用需給: 信用データがデータなし、または売残0で信用倍率を算出不能,,https://finance.yahoo.co.jp/quote/7818.T,データなし,データなし,データなし,データなし,データなし,データなし,データなし,データなし,3.0,0,0,3.0,201,201,信用需給は判定不能,信用データがデータなし、または売残0で信用倍率を算出不能
2026-08-21,8174,日本瓦斯,プライム,2960.5,0.08,2.1,3.08,3.08,0.62,53.08,2959.5,2983.5,2950.5,2983.5,2983.5,2852.0,2732.5,2806.89,2742.1,2742.1,3,C,83.75,78.82,24.16,63.92,2872.02,2812.06,2907.79,+1.37σ,0.95,なし,なし,買い,底固め,1,0.0,2852.0,3177.5,2.0,%D方向改善、直近下落なし（B以下に制限）、直近安値切り上げ、RSI安値切り上げ、レンジ上限突破 / 信用需給: 信用データがデータなし、または売残0で信用倍率を算出不能,,https://finance.yahoo.co.jp/quote/8174.T,データなし,データなし,データなし,データなし,データなし,データなし,データなし,データなし,3.0,0,0,3.0,201,201,信用需給は判定不能,信用データがデータなし、または売残0で信用倍率を算出不能
2026-08-21,8282,ケーズホールディングス,プライム,1968.5,0.03,2.71,2.55,3.87,0.74,48.24,1968.0,1987.5,1952.0,1987.5,1987.5,1885.0,1803.0,1881.8,1847.63,1847.63,3,C,81.46,71.63,15.34,61.41,1895.14,1943.93,1752.75,+1.54σ,0.76,なし,なし,買い,底固め,1,0.0,1885.0,2135.5,2.0,%D方向改善、直近下落なし（B以下に制限）、直近安値切り上げ、BB幅収縮、RSI安値切り上げ、レンジ上限突破 / 信用需給: 信用データがデータなし、または売残0で信用倍率を算出不能,,https://finance.yahoo.co.jp/quote/8282.T,データなし,データなし,データなし,データなし,データなし,データなし,データなし,データなし,3.0,0,0,3.0,201,201,信用需給は判定不能,信用データがデータなし、または売残0で信用倍率を算出不能
2026-08-21,9956,バローホールディングス,プライム,3250.0,0.0,0.62,1.4,0.31,0.51,88.31,3265.0,3285.0,3240.0,3285.0,3285.0,3170.0,3115.0,3157.05,3081.1,3081.1,3,C,77.42,51.49,19.93,48.53,3239.8,3434.2,3445.58,+0.22σ,0.46,なし,なし,買い,底固め,1,0.0,3117.53,3514.94,2.0,%D方向改善、直近下落なし（B以下に制限）、直近安値切り上げ、ATR低下、BB幅収縮、RSI安値切り上げ / 信用需給: 信用データがデータなし、または売残0で信用倍率を算出不能,,https://finance.yahoo.co.jp/quote/9956.T,データなし,データなし,データなし,データなし,データなし,データなし,データなし,データなし,3.0,0,0,3.0,201,201,信用需給は判定不能,信用データがデータなし、または売残0で信用倍率を算出不能
2026-08-21,9602,東宝,プライム,1543.5,-0.23,1.51,2.49,3.76,0.62,47.48,1570.0,1567.0,1537.5,1570.0,1570.0,1487.0,1348.0,1469.05,1428.45,1428.45,3,C,76.55,67.94,17.84,61.1,1487.58,1357.65,1534.77,+0.83σ,0.53,なし,なし,買い,底固め,1,0.0,1472.28,1685.93,2.0,%D方向改善、直近下落なし（B以下に制限）、直近安値切り上げ、BB幅収縮、RSI安値切り上げ / 信用需給: 信用データがデータなし、または売残0で信用倍率を算出不能,,https://finance.yahoo.co.jp/quote/9602.T,データなし,データなし,データなし,データなし,データなし,データなし,データなし,データなし,3.0,0,0,3.0,201,201,信用需給は判定不能,信用データがデータなし、または売残0で信用倍率を算出不能
2026-08-21,9090,ＡＺ－ＣＯＭ丸和ホールディングス,プライム,891.0,0.0,1.14,1.25,0.21,0.51,23.7,899.0,894.0,882.0,899.0,899.0,865.0,817.0,858.51,824.62,824.62,3,C,79.49,65.1,23.76,56.19,889.16,831.64,916.75,-0.04σ,0.42,はらみ足,なし,買い,底固め,1,0.0,855.45,962.1,2.0,%D方向改善、直近下落なし（B以下に制限）、直近安値切り上げ、BB幅収縮、RSI安値切り上げ / 信用需給: 信用データがデータなし、または売残0で信用倍率を算出不能,,https://finance.yahoo.co.jp/quote/9090.T,データなし,データなし,データなし,データなし,データなし,データなし,データなし,データなし,3.0,0,0,3.0,201,201,信用需給は判定不能,信用データがデータなし、または売残0で信用倍率を算出不能
2026-08-21,5253,カバー,グロース,1501.0,-2.53,-2.53,-1.83,-3.57,0.55,86.03,1549.0,1537.0,1490.0,1549.0,1562.0,1490.0,1336.0,1465.85,1395.4,1395.4,2,C,19.16,49.74,-8.19,46.58,1556.52,1526.63,1571.62,-0.50σ,0.25,なし,なし,買い,底固め,1,0.0,1371.95,1759.1,2.0,直近下落なし（B以下に制限）、直近安値切り上げ、ATR低下、BB幅収縮 / 信用需給: 信用データがデータなし、または売残0で信用倍率を算出不能,,https://finance.yahoo.co.jp/quote/5253.T,データなし,データなし,データなし,データなし,データなし,データなし,データなし,データなし,2.0,0,0,2.0,229,229,信用需給は判定不能,信用データがデータなし、または売残0で信用倍率を算出不能
2026-08-21,3853,アステリア,プライム,1138.0,-3.56,-0.78,-3.07,3.57,0.57,60.13,1185.0,1169.0,1135.0,1185.0,1185.0,1112.0,989.0,1046.25,993.44,993.44,2,C,13.2,49.22,-19.01,49.16,1098.8,1429.09,1325.32,+0.74σ,0.58,はらみ足,なし,買い,底固め,1,0.0,1047.8,1318.39,2.0,直近下落なし（B以下に制限）、直近安値切り上げ、ATR低下、RSI安値切り上げ / 信用需給: 信用データがデータなし、または売残0で信用倍率を算出不能,,https://finance.yahoo.co.jp/quote/3853.T,データなし,データなし,データなし,データなし,データなし,データなし,データなし,データなし,2.0,0,0,2.0,229,229,信用需給は判定不能,信用データがデータなし、または売残0で信用倍率を算出不能
2026-08-21,2874,横浜冷凍,プライム,2102.0,-3.31,-5.82,-0.38,-1.73,1.04,93.79,2188.0,2168.0,2070.0,2188.0,2274.0,2045.0,1991.0,2071.39,2021.93,2021.93,2,C,36.53,55.73,6.24,48.45,2139.04,2112.39,1665.65,-0.38σ,0.82,なし,なし,買い,底固め,1,0.0,1961.32,2383.36,2.0,直近下落なし（B以下に制限）、直近安値切り上げ、BB幅収縮、RSI安値切り上げ / 信用需給: 信用データがデータなし、または売残0で信用倍率を算出不能,,https://finance.yahoo.co.jp/quote/2874.T,データなし,データなし,データなし,データなし,データなし,データなし,データなし,データなし,2.0,0,0,2.0,229,229,信用需給は判定不能,信用データがデータなし、または売残0で信用倍率を算出不能
2026-08-21,1968,太平電業,プライム,2357.0,-3.56,-1.17,-1.22,-2.65,0.75,78.47,2456.0,2409.0,2350.0,2456.0,2456.0,2349.0,2326.0,2377.59,2342.12,2342.12,2,C,6.9,30.61,-7.23,41.61,2421.2,2582.16,2545.02,-1.58σ,0.87,なし,なし,買い,底固め,1,0.0,2239.29,2592.42,2.0,直近下落なし（B以下に制限）、直近安値切り上げ、BB幅収縮、RSI安値切り上げ / 信用需給: 信用データがデータなし、または売残0で信用倍率を算出不能,,https://finance.yahoo.co.jp/quote/1968.T,データなし,データなし,データなし,データなし,データなし,データなし,データなし,データなし,2.0,0,0,2.0,229,229,信用需給は判定不能,信用データがデータなし、または売残0で信用倍率を算出不能
2026-08-21,4506,住友ファーマ,プライム,1411.5,-3.65,2.65,2.88,7.34,0.88,56.34,1474.0,1449.5,1400.0,1474.0,1474.0,1336.0,1188.0,1263.34,1205.61,1205.61,2,C,54.71,83.09,1.9,56.37,1315.04,1442.6,1945.16,+1.57σ,0.92,なし,なし,買い,底固め,1,0.0,1326.99,1580.52,2.0,直近下落なし（B以下に制限）、直近安値切り上げ、BB幅収縮、RSI安値切り上げ / 信用需給: 信用データがデータなし、または売残0で信用倍率を算出不能,,https://finance.yahoo.co.jp/quote/4506.T,データなし,データなし,データなし,データなし,データなし,データなし,データなし,データなし,2.0,0,0,2.0,229,229,信用需給は判定不能,信用データがデータなし、または売残0で信用倍率を算出不能
2026-08-21,6269,三井海洋開発,プライム,9600.0,-4.29,-10.41,-8.66,-5.26,0.64,522.23,10290.0,9892.0,9560.0,10290.0,10415.0,9560.0,9436.0,9887.3,9596.91,9596.91,2,C,2.46,46.73,-12.13,42.96,10133.16,10303.64,12359.03,-1.99σ,1.33,なし,なし,買い,底固め,1,0.0,8816.65,11166.7,2.0,直近下落なし（B以下に制限）、直近安値切り上げ、BB幅収縮、RSI安値切り上げ / 信用需給: 信用データがデータなし、または売残0で信用倍率を算出不能,,https://finance.yahoo.co.jp/quote/6269.T,データなし,データなし,データなし,データなし,データなし,データなし,データなし,データなし,2.0,0,0,2.0,229,229,信用需給は判定不能,信用データがデータなし、または売残0で信用倍率を算出不能
2026-08-21,6016,ジャパンエンジンコーポレーション,スタンダード,9640.0,-4.84,-5.4,-0.52,2.46,1.03,649.69,10740.0,9910.0,9240.0,10740.0,10740.0,9240.0,8440.0,9192.13,8823.76,8823.76,2,C,26.67,58.47,-11.26,52.87,9408.4,9057.33,11720.4,+0.22σ,1.66,なし,なし,買い,底固め,1,0.0,8665.46,11589.08,2.0,直近下落なし（B以下に制限）、直近安値切り上げ、BB幅収縮、出来高減少後の増加、RSI安値切り上げ / 信用需給: 信用データがデータなし、または売残0で信用倍率を算出不能,,https://finance.yahoo.co.jp/quote/6016.T,データなし,データなし,データなし,データなし,データなし,データなし,データなし,データなし,2.0,0,0,2.0,229,229,信用需給は判定不能,信用データがデータなし、または売残0で信用倍率を算出不能
2026-08-21,7685,ＢｕｙＳｅｌｌ　Ｔｅｃｈｎｏｌｏｇｉｅｓ,グロース,3195.0,-4.34,0.16,0.95,0.6,1.03,179.11,3415.0,3350.0,3165.0,3415.0,3415.0,3075.0,2910.0,3008.3,2876.86,2876.86,2,C,32.0,64.36,-1.08,47.99,3176.0,3456.13,2923.99,+0.42σ,0.92,なし,なし,買い,底固め,1,0.0,2926.34,3732.32,2.0,直近下落なし（B以下に制限）、直近安値切り上げ、BB幅収縮、RSI安値切り上げ / 信用需給: 信用データがデータなし、または売残0で信用倍率を算出不能,,https://finance.yahoo.co.jp/quote/7685.T,データなし,データなし,データなし,データなし,データなし,データなし,データなし,データなし,2.0,0,0,2.0,229,229,信用需給は判定不能,信用データがデータなし、または売残0で信用倍率を算出不能
2026-08-21,7777,スリー・ディー・マトリックス,グロース,359.0,-3.23,-5.03,-3.23,2.91,0.78,16.58,373.0,368.0,355.0,373.0,376.0,355.0,306.0,328.58,308.87,308.87,2,C,11.76,70.32,-15.3,50.76,348.84,384.27,421.57,+0.54σ,0.83,なし,なし,買い,底固め,1,0.0,334.14,408.73,2.0,直近下落なし（B以下に制限）、直近安値切り上げ、ATR低下、RSI安値切り上げ / 信用需給: 信用データがデータなし、または売残0で信用倍率を算出不能,,https://finance.yahoo.co.jp/quote/7777.T,データなし,データなし,データなし,データなし,データなし,データなし,データなし,データなし,2.0,0,0,2.0,229,229,信用需給は判定不能,信用データがデータなし、または売残0で信用倍率を算出不能
2026-08-21,8393,宮崎銀行,プライム,2440.0,0.45,-3.17,-2.28,1.61,0.54,93.93,2451.0,2471.0,2420.0,2471.0,2516.0,2385.0,2217.0,2338.84,2259.74,2259.74,2,C,24.89,55.93,-8.37,54.5,2401.36,2175.13,1777.48,+0.28σ,0.52,なし,なし,買い,底固め,1,0.0,2299.1,2721.79,2.0,直近下落なし（B以下に制限）、直近安値切り上げ、BB幅収縮、RSI安値切り上げ / 信用需給: 信用データがデータなし、または売残0で信用倍率を算出不能,,https://finance.yahoo.co.jp/quote/8393.T,データなし,データなし,データなし,データなし,データなし,データなし,データなし,データなし,2.0,0,0,2.0,229,229,信用需給は判定不能,信用データがデータなし、または売残0で信用倍率を算出不能
2026-08-21,7794,イーディーピー,グロース,935.0,-1.37,-3.11,-1.16,2.72,0.69,49.19,989.0,952.0,918.0,989.0,989.0,915.0,812.0,863.14,822.62,822.62,2,C,43.75,74.73,-2.25,47.99,910.2,1060.32,945.34,+0.77σ,0.63,なし,なし,買い,底固め,1,0.0,861.22,1082.56,2.0,直近下落なし（B以下に制限）、直近安値切り上げ、ATR低下、BB幅収縮、RSI安値切り上げ / 信用需給: 信用データがデータなし、または売残0で信用倍率を算出不能,,https://finance.yahoo.co.jp/quote/7794.T,データなし,データなし,データなし,データなし,データなし,データなし,データなし,データなし,2.0,0,0,2.0,229,229,信用需給は判定不能,信用データがデータなし、または売残0で信用倍率を算出不能
2026-08-21,8614,東洋証券,プライム,716.0,-0.14,4.99,4.53,5.93,0.75,16.1,717.0,722.0,710.0,722.0,722.0,672.0,633.0,660.22,643.15,643.15,2,除外,88.68,79.23,7.79,70.1,675.92,639.93,662.9,+2.27σ,0.95,なし,なし,買い,底固め,1,0.0,672.0,804.0,2.0,直近下落なし（B以下に制限）、直近安値切り上げ、BB幅収縮、RSI安値切り上げ / 信用需給: 信用データがデータなし、または売残0で信用倍率を算出不能,急騰済み（BB +2σ大幅超過）,https://finance.yahoo.co.jp/quote/8614.T,データなし,データなし,データなし,データなし,データなし,データなし,データなし,データなし,2.0,0,0,2.0,229,229,信用需給は判定不能,信用データがデータなし、または売残0で信用倍率を算出不能
2026-08-21,9304,澁澤倉庫,プライム,1989.0,-0.05,-1.68,0.61,4.68,0.49,71.76,2025.0,2016.0,1981.0,2025.0,2036.0,1964.0,1662.0,1793.42,1702.63,1702.63,2,C,68.0,75.44,-5.12,61.62,1900.08,1659.41,1419.28,+1.15σ,0.81,はらみ足,なし,買い,底固め,1,0.0,1881.36,2204.28,2.0,直近下落なし（B以下に制限）、直近安値切り上げ、BB幅収縮、RSI安値切り上げ / 信用需給: 信用データがデータなし、または売残0で信用倍率を算出不能,,https://finance.yahoo.co.jp/quote/9304.T,データなし,データなし,データなし,データなし,データなし,データなし,データなし,データなし,2.0,0,0,2.0,229,229,信用需給は判定不能,信用データがデータなし、または売残0で信用倍率を算出不能
