シグナル日,コード,会社名,市場,現在値,前日比,直近3日騰落率,直近5日騰落率,25日線乖離率,ATR当日値幅,ATR14,前日高値,反転足高値,反転足安値,直近2日高値,直近3日高値,直近安値,直近支持線,BB-1σ,BB-2σ,BB下限,スコア,ランク,%K,%D,%D傾き,RSI14,MA25,MA75,MA200,BB位置,出来高倍率,ローソク足パターン,アンチ判定,買い・売り,シグナル種別,シグナル数,自社株買い比率,損切り候補,利確候補,RR,判定理由,除外理由,Yahoo Financeリンク,売残,買残,売残前週比,買残前週比,信用倍率,基準日,取得元URL,取得日時,テクニカルスコア,信用需給による減点,信用需給スコア,総合調整後スコア,テクニカル順位,調整後順位,信用需給判定,信用需給判定理由
2026-08-20,6856,堀場製作所,プライム,23655.0,1.46,-7.38,-5.04,-8.32,0.63,1243.63,23830.0,23715.0,22930.0,23830.0,25880.0,22930.0,22930.0,24143.11,22848.21,22848.21,20,S,24.58,23.56,-22.18,40.21,25801.2,26038.4,20739.08,-1.38σ,0.77,陰線→陽線 / 強気包み足 / 前日安値割れ反転 / 2～5日下落後の陽線,なし,買い,BB逆張り,1,0.0,21789.56,27385.89,2.0,直近2～5日まで下落、RSI40以下から反転上昇、BB -1σ以下から反発、ストキャス売られ過ぎから反転、%K反転、陽の包み足、長い下ヒゲ反転、2～5日下落後の陽線 / 信用需給: 信用データがデータなし、または売残0で信用倍率を算出不能,,https://finance.yahoo.co.jp/quote/6856.T,データなし,データなし,データなし,データなし,データなし,データなし,データなし,データなし,20.0,0,0,20.0,1,1,信用需給は判定不能,信用データがデータなし、または売残0で信用倍率を算出不能
2026-08-20,7157,ライフネット生命保険,プライム,1489.0,4.2,0.27,-3.25,-8.49,0.77,62.08,1504.0,1511.0,1463.0,1511.0,1532.0,1428.0,1428.0,1526.31,1438.31,1438.31,20,S,20.82,33.27,-15.45,37.94,1627.2,1673.33,1895.86,-1.42σ,2.56,陰線→陽線 / 長い下ヒゲ（ハンマー） / 2～5日下落後の陽線,なし,買い,BB逆張り / BB＋RSI＋ストキャス,2,0.0,1395.89,1675.23,2.0,直近2～5日まで下落、RSI40以下から反転上昇、BB -2σ付近から反発、ストキャス売られ過ぎから反転、%K反転、長い下ヒゲ反転、2～5日下落後の陽線、出来高増加を伴う反転 / 信用需給: 信用データがデータなし、または売残0で信用倍率を算出不能,,https://finance.yahoo.co.jp/quote/7157.T,データなし,データなし,データなし,データなし,データなし,データなし,データなし,データなし,20.0,0,0,20.0,1,1,信用需給は判定不能,信用データがデータなし、または売残0で信用倍率を算出不能
2026-08-20,6728,アルバック,プライム,7574.0,1.66,-3.76,-19.46,-15.47,0.54,546.2,7532.0,7574.0,7280.0,7574.0,8209.0,7280.0,7280.0,7984.02,7261.08,7261.08,20,S,11.9,45.18,-18.01,36.05,8960.52,9419.47,8711.48,-1.57σ,1.06,強気包み足 / 前日安値割れ反転 / 2～5日下落後の陽線,なし,買い,BB逆張り / BB＋RSI＋ストキャス,2,0.0,6754.69,9212.61,2.0,直近2～5日まで下落、RSI40以下から反転上昇、BB -1σ以下から反発、ストキャス売られ過ぎから反転、%K反転、陽の包み足、長い下ヒゲ反転、2～5日下落後の陽線 / 信用需給: 信用データがデータなし、または売残0で信用倍率を算出不能,,https://finance.yahoo.co.jp/quote/6728.T,データなし,データなし,データなし,データなし,データなし,データなし,データなし,データなし,20.0,0,0,20.0,1,1,信用需給は判定不能,信用データがデータなし、または売残0で信用倍率を算出不能
2026-08-20,6787,メイコー,プライム,17540.0,1.8,-9.4,-6.65,-16.73,0.35,1996.11,17700.0,17570.0,16880.0,17700.0,20210.0,16880.0,16440.0,17820.12,15422.75,15422.75,20,S,29.18,30.94,-12.0,37.8,21065.2,29382.67,21656.5,-1.12σ,1.23,陰線→陽線 / 強気包み足 / 前日安値割れ反転 / 2～5日下落後の陽線,なし,買い,BB逆張り / BB＋RSI＋ストキャス,2,0.0,14545.84,23528.32,2.0,直近2～5日まで下落、RSI40以下から反転上昇、BB -1σ以下から反発、ストキャス売られ過ぎから反転、%K反転、陽の包み足、長い下ヒゲ反転、2～5日下落後の陽線 / 信用需給: 信用データがデータなし、または売残0で信用倍率を算出不能,,https://finance.yahoo.co.jp/quote/6787.T,データなし,データなし,データなし,データなし,データなし,データなし,データなし,データなし,20.0,0,0,20.0,1,1,信用需給は判定不能,信用データがデータなし、または売残0で信用倍率を算出不能
2026-08-20,6674,ジーエス・ユアサ　コーポレーション,プライム,5238.0,1.53,-7.8,-6.66,-6.41,0.52,300.33,5339.0,5256.0,5099.0,5339.0,5769.0,5099.0,5044.0,5285.06,5033.63,5033.63,20,S,20.75,35.51,-12.59,40.27,5596.88,6238.28,5208.98,-1.19σ,1.07,陰線→陽線 / 強気包み足 / 前日安値割れ反転 / 2～5日下落後の陽線,なし,買い,BB逆張り,1,0.0,4787.5,6139.0,2.0,直近2～5日まで下落、RSI40以下から反転上昇、BB -1σ以下から反発、ストキャス売られ過ぎから反転、%K反転、陽の包み足、長い下ヒゲ反転、2～5日下落後の陽線 / 信用需給: 信用データがデータなし、または売残0で信用倍率を算出不能,,https://finance.yahoo.co.jp/quote/6674.T,データなし,データなし,データなし,データなし,データなし,データなし,データなし,データなし,20.0,0,0,20.0,1,1,信用需給は判定不能,信用データがデータなし、または売残0で信用倍率を算出不能
2026-08-20,6996,ニチコン,プライム,2738.0,1.44,-8.73,-9.79,-6.99,0.34,217.83,2801.0,2748.0,2673.0,2801.0,3150.0,2673.0,2451.0,2726.79,2549.89,2549.89,20,S,13.63,33.59,-21.39,39.88,2943.76,3461.57,2406.18,-0.94σ,0.54,陰線→陽線 / 強気包み足 / 前日安値割れ反転 / 2～5日下落後の陽線,なし,買い,BB逆張り / BB＋RSI＋ストキャス,2,0.0,2411.26,3391.48,2.0,直近2～5日まで下落、RSI40以下から反転上昇、BB -1σ以下から反発、ストキャス売られ過ぎから反転、%K反転、陽の包み足、長い下ヒゲ反転、2～5日下落後の陽線 / 信用需給: 信用データがデータなし、または売残0で信用倍率を算出不能,,https://finance.yahoo.co.jp/quote/6996.T,データなし,データなし,データなし,データなし,データなし,データなし,データなし,データなし,20.0,0,0,20.0,1,1,信用需給は判定不能,信用データがデータなし、または売残0で信用倍率を算出不能
2026-08-20,6806,ヒロセ電機,プライム,25570.0,1.63,-5.52,-7.74,-5.73,0.46,1029.87,25465.0,25630.0,25160.0,25630.0,27220.0,24990.0,24990.0,26187.23,25304.7,25304.7,19,S,18.8,37.58,-17.72,38.96,27123.2,26938.53,22240.75,-1.70σ,1.2,強気包み足 / 2～5日下落後の陽線,なし,買い,BB逆張り / BB＋RSI＋ストキャス,2,0.0,24025.2,28659.6,2.0,直近2～5日まで下落、RSI40以下から反転上昇、BB -2σ付近から反発、ストキャス売られ過ぎから反転、%K反転、陽の包み足、2～5日下落後の陽線 / 信用需給: 信用データがデータなし、または売残0で信用倍率を算出不能,,https://finance.yahoo.co.jp/quote/6806.T,データなし,データなし,データなし,データなし,データなし,データなし,データなし,データなし,19.0,0,0,19.0,7,7,信用需給は判定不能,信用データがデータなし、または売残0で信用倍率を算出不能
2026-08-20,4368,扶桑化学工業,プライム,3230.0,2.7,-8.24,-7.71,-12.91,0.69,252.99,3315.0,3245.0,3070.0,3315.0,3590.0,3070.0,3070.0,3318.08,3013.4,3013.4,19,S,30.19,27.14,-20.62,38.96,3708.8,4007.07,3072.14,-1.29σ,1.55,陰線→陽線 / 前日安値割れ反転 / 2～5日下落後の陽線,なし,買い,BB逆張り / BB＋RSI＋ストキャス,2,0.0,2850.52,3988.97,2.0,直近2～5日まで下落、RSI40以下から反転上昇、BB -1σ以下から反発、ストキャス売られ過ぎから反転、%K反転、長い下ヒゲ反転、2～5日下落後の陽線、出来高増加を伴う反転 / 信用需給: 信用データがデータなし、または売残0で信用倍率を算出不能,,https://finance.yahoo.co.jp/quote/4368.T,データなし,データなし,データなし,データなし,データなし,データなし,データなし,データなし,19.0,0,0,19.0,7,7,信用需給は判定不能,信用データがデータなし、または売残0で信用倍率を算出不能
2026-08-20,9519,レノバ,プライム,922.0,2.33,-2.74,-2.33,-3.32,1.13,40.69,959.0,940.0,894.0,959.0,975.0,894.0,864.0,904.53,868.52,868.52,19,S,34.57,57.55,8.13,46.39,953.68,1024.48,871.28,-0.52σ,1.65,陰線→陽線 / 長い下ヒゲ（ハンマー） / 前日安値割れ反転 / 2～5日下落後の陽線,通常,買い,BB逆張り / 底固め / アンチ,3,0.0,860.97,1044.07,2.0,直近2～5日まで下落、BB -1σ以下から反発、ストキャス売られ過ぎから反転、%K反転、%D方向改善、長い下ヒゲ反転、2～5日下落後の陽線、出来高増加を伴う反転、直近安値切り上げ、ATR低下、出来高減少後の増加、RSI安値切り上げ / 信用需給: 信用データがデータなし、または売残0で信用倍率を算出不能,,https://finance.yahoo.co.jp/quote/9519.T,データなし,データなし,データなし,データなし,データなし,データなし,データなし,データなし,19.0,0,0,19.0,7,7,信用需給は判定不能,信用データがデータなし、または売残0で信用倍率を算出不能
2026-08-20,8002,丸紅,プライム,4856.0,1.25,-1.24,-2.33,-4.39,0.66,150.54,4846.0,4864.0,4765.0,4864.0,4969.0,4745.0,4745.0,4877.73,4688.25,4688.25,19,S,35.24,37.7,2.88,42.27,5079.2,5086.83,5048.96,-1.11σ,0.53,陰線→陽線 / 強気包み足 / 2～5日下落後の陽線,通常,買い,BB逆張り / アンチ,2,0.0,4630.2,5307.61,2.0,直近2～5日まで下落、RSI40以下から反転上昇、BB -1σ以下から反発、ストキャス売られ過ぎから反転、%K反転、%D方向改善、陽の包み足、2～5日下落後の陽線 / 信用需給: 信用データがデータなし、または売残0で信用倍率を算出不能,,https://finance.yahoo.co.jp/quote/8002.T,データなし,データなし,データなし,データなし,データなし,データなし,データなし,データなし,19.0,0,0,19.0,7,7,信用需給は判定不能,信用データがデータなし、または売残0で信用倍率を算出不能
2026-08-20,3288,オープンハウスグループ,プライム,8113.0,2.05,-0.95,-1.4,-3.31,0.6,201.5,7966.0,8119.0,7999.0,8119.0,8156.0,7800.0,7800.0,8120.06,7886.72,7886.72,18,S,63.49,36.56,6.24,42.7,8391.12,8540.99,9119.72,-1.03σ,1.33,2～5日下落後の陽線,強,買い,BB逆張り / アンチ,2,0.0,7800.0,8739.0,2.0,直近2～5日まで下落、RSI40以下から反転上昇、BB -1σ以下から反発、ストキャス売られ過ぎから反転、%K反転、%D方向改善、2～5日下落後の陽線、出来高増加を伴う反転 / 信用需給: 信用データがデータなし、または売残0で信用倍率を算出不能,,https://finance.yahoo.co.jp/quote/3288.T,データなし,データなし,データなし,データなし,データなし,データなし,データなし,データなし,18.0,0,0,18.0,11,11,信用需給は判定不能,信用データがデータなし、または売残0で信用倍率を算出不能
2026-08-20,1861,熊谷組,プライム,1286.0,2.39,-2.06,-0.39,-7.7,0.81,37.0,1290.0,1286.0,1256.0,1290.0,1316.0,1249.0,1249.0,1302.63,1230.92,1230.92,18,S,47.44,27.83,1.2,34.29,1393.24,1416.53,1551.48,-1.23σ,1.58,陰線→陽線 / はらみ足 / 2～5日下落後の陽線,強,買い,BB逆張り / BB＋RSI＋ストキャス / アンチ,3,0.0,1230.51,1396.99,2.0,直近2～5日まで下落、RSI40以下から反転上昇、BB -1σ以下から反発、ストキャス売られ過ぎから反転、%K反転、%D方向改善、2～5日下落後の陽線、出来高増加を伴う反転 / 信用需給: 信用データがデータなし、または売残0で信用倍率を算出不能,,https://finance.yahoo.co.jp/quote/1861.T,データなし,データなし,データなし,データなし,データなし,データなし,データなし,データなし,18.0,0,0,18.0,11,11,信用需給は判定不能,信用データがデータなし、または売残0で信用倍率を算出不能
2026-08-20,1860,戸田建設,プライム,1489.5,1.57,-0.8,0.07,-0.69,0.87,32.59,1493.5,1491.5,1463.0,1493.5,1516.5,1462.0,1455.5,1474.35,1452.72,1452.72,18,S,54.62,33.14,4.93,45.76,1499.8,1526.51,1418.88,-0.30σ,1.01,陰線→陽線 / はらみ足 / 2～5日下落後の陽線,強,買い,BB逆張り / 底固め / アンチ,3,0.0,1440.62,1587.26,2.0,直近2～5日まで下落、RSI40以下から反転上昇、BB -1σ以下から反発、ストキャス売られ過ぎから反転、%K反転、%D方向改善、2～5日下落後の陽線、直近安値切り上げ、BB幅収縮、RSI安値切り上げ / 信用需給: 信用データがデータなし、または売残0で信用倍率を算出不能,,https://finance.yahoo.co.jp/quote/1860.T,データなし,データなし,データなし,データなし,データなし,データなし,データなし,データなし,18.0,0,0,18.0,11,11,信用需給は判定不能,信用データがデータなし、または売残0で信用倍率を算出不能
2026-08-20,1944,きんでん,プライム,6700.0,1.98,-5.41,-3.18,-6.23,0.62,261.47,6689.0,6714.0,6551.0,6714.0,7044.0,6540.0,6540.0,6786.77,6471.68,6471.68,18,S,26.02,26.49,-1.85,40.05,7144.84,7388.04,7203.0,-1.28σ,0.72,陰線→陽線 / 強気包み足 / 2～5日下落後の陽線,なし,買い,BB逆張り,1,0.0,6307.8,7484.41,2.0,直近2～5日まで下落、RSI40以下から反転上昇、BB -1σ以下から反発、ストキャス売られ過ぎから反転、%K反転、陽の包み足、2～5日下落後の陽線 / 信用需給: 信用データがデータなし、または売残0で信用倍率を算出不能,,https://finance.yahoo.co.jp/quote/1944.T,データなし,データなし,データなし,データなし,データなし,データなし,データなし,データなし,18.0,0,0,18.0,11,11,信用需給は判定不能,信用データがデータなし、または売残0で信用倍率を算出不能
2026-08-20,8802,三菱地所,プライム,3680.0,1.83,0.14,-0.57,-5.66,0.61,103.73,3628.0,3686.0,3623.0,3686.0,3686.0,3549.0,3549.0,3651.62,3479.33,3479.33,18,S,63.59,22.79,5.58,38.89,3900.88,4052.99,4115.22,-0.84σ,0.85,長い下ヒゲ（ハンマー） / 2～5日下落後の陽線,なし,買い,BB逆張り,1,0.0,3524.41,3991.18,2.0,直近2～5日まで下落、RSI40以下から反転上昇、BB -1σ以下から反発、ストキャス売られ過ぎから反転、%K反転、%D方向改善、長い下ヒゲ反転、2～5日下落後の陽線 / 信用需給: 信用データがデータなし、または売残0で信用倍率を算出不能,,https://finance.yahoo.co.jp/quote/8802.T,データなし,データなし,データなし,データなし,データなし,データなし,データなし,データなし,18.0,0,0,18.0,11,11,信用需給は判定不能,信用データがデータなし、または売残0で信用倍率を算出不能
2026-08-20,1976,明星工業,プライム,1786.0,1.19,-2.35,-2.83,-5.17,0.72,59.93,1855.0,1786.0,1743.0,1855.0,1861.0,1743.0,1743.0,1801.41,1718.46,1718.46,18,S,25.9,33.18,3.77,42.56,1883.4,1815.21,1781.96,-1.19σ,0.61,陰線→陽線 / 前日安値割れ反転 / 2～5日下落後の陽線,通常,買い,BB逆張り / アンチ,2,0.0,1696.1,1965.8,2.0,直近2～5日まで下落、RSI40以下から反転上昇、BB -1σ以下から反発、ストキャス売られ過ぎから反転、%K反転、%D方向改善、長い下ヒゲ反転、2～5日下落後の陽線 / 信用需給: 信用データがデータなし、または売残0で信用倍率を算出不能,,https://finance.yahoo.co.jp/quote/1976.T,データなし,データなし,データなし,データなし,データなし,データなし,データなし,データなし,18.0,0,0,18.0,11,11,信用需給は判定不能,信用データがデータなし、または売残0で信用倍率を算出不能
2026-08-20,6324,ハーモニック・ドライブ・システムズ,プライム,5830.0,2.82,-10.45,-13.63,-10.19,0.4,548.74,5830.0,5850.0,5630.0,5850.0,6610.0,5500.0,5260.0,5841.55,5296.09,5296.09,18,S,23.74,36.54,-21.64,40.75,6491.6,6996.27,4939.73,-1.02σ,0.6,陰線→陽線 / 強気包み足 / 2～5日下落後の陽線,なし,買い,BB逆張り,1,0.0,5006.88,7476.23,2.0,直近2～5日まで下落、RSI40以下から反転上昇、BB -1σ以下から反発、ストキャス売られ過ぎから反転、%K反転、陽の包み足、2～5日下落後の陽線 / 信用需給: 信用データがデータなし、または売残0で信用倍率を算出不能,,https://finance.yahoo.co.jp/quote/6324.T,データなし,データなし,データなし,データなし,データなし,データなし,データなし,データなし,18.0,0,0,18.0,11,11,信用需給は判定不能,信用データがデータなし、または売残0で信用倍率を算出不能
2026-08-20,6754,アンリツ,プライム,3359.0,0.72,-9.09,-8.97,-8.64,0.42,200.25,3358.0,3369.0,3285.0,3369.0,3735.0,3210.0,3210.0,3447.57,3270.89,3270.89,18,S,26.65,43.15,-8.08,37.87,3676.52,4095.41,3156.63,-1.50σ,0.74,強気包み足 / 2～5日下落後の陽線,なし,買い,BB逆張り / BB＋RSI＋ストキャス,2,0.0,3058.63,3959.74,2.0,直近2～5日まで下落、RSI40以下から反転上昇、BB -1σ以下から反発、ストキャス売られ過ぎから反転、%K反転、陽の包み足、2～5日下落後の陽線 / 信用需給: 信用データがデータなし、または売残0で信用倍率を算出不能,,https://finance.yahoo.co.jp/quote/6754.T,データなし,データなし,データなし,データなし,データなし,データなし,データなし,データなし,18.0,0,0,18.0,11,11,信用需給は判定不能,信用データがデータなし、または売残0で信用倍率を算出不能
2026-08-20,5105,ＴＯＹＯ　ＴＩＲＥ,プライム,3789.0,4.35,-0.39,-0.13,-5.0,0.96,141.95,3722.0,3813.0,3677.0,3813.0,3813.0,3631.0,3598.0,3756.98,3537.01,3537.01,18,S,69.6,27.31,-1.59,44.78,3988.24,3845.81,4064.54,-0.85σ,1.61,陰線→陽線 / 2～5日下落後の陽線,なし,買い,BB逆張り,1,0.0,3576.07,4214.86,2.0,直近2～5日まで下落、RSI40以下から反転上昇、BB -1σ以下から反発、ストキャス売られ過ぎから反転、%K反転、%D方向改善、2～5日下落後の陽線、出来高増加を伴う反転 / 信用需給: 信用データがデータなし、または売残0で信用倍率を算出不能,,https://finance.yahoo.co.jp/quote/5105.T,データなし,データなし,データなし,データなし,データなし,データなし,データなし,データなし,18.0,0,0,18.0,11,11,信用需給は判定不能,信用データがデータなし、または売残0で信用倍率を算出不能
2026-08-20,4536,参天製薬,プライム,1949.5,3.67,2.63,-0.74,-0.13,1.26,57.96,1934.0,1964.5,1891.5,1964.5,1964.5,1877.0,1803.0,1883.71,1839.76,1839.76,18,S,64.16,59.61,8.09,49.31,1951.96,1950.23,1776.31,+0.50σ,1.04,陰線→陽線 / 2～5日下落後の陽線,強,買い,BB逆張り / 底固め / アンチ,3,0.0,1862.56,2123.37,2.0,直近2～5日まで下落、RSI40以下から反転上昇、BB -1σ以下から反発、ストキャス売られ過ぎから反転、%K反転、%D方向改善、2～5日下落後の陽線、直近安値切り上げ、BB幅収縮、RSI安値切り上げ / 信用需給: 信用データがデータなし、または売残0で信用倍率を算出不能,,https://finance.yahoo.co.jp/quote/4536.T,データなし,データなし,データなし,データなし,データなし,データなし,データなし,データなし,18.0,0,0,18.0,11,11,信用需給は判定不能,信用データがデータなし、または売残0で信用倍率を算出不能
2026-08-20,6908,イリソ電子工業,プライム,2743.0,1.89,-3.45,-1.61,-1.76,0.87,64.66,2764.0,2754.0,2698.0,2764.0,2841.0,2686.0,2686.0,2745.81,2705.61,2705.61,18,S,35.85,49.3,-3.98,42.81,2792.2,2996.11,3228.09,-1.07σ,1.19,陰線→陽線 / はらみ足 / 長い下ヒゲ（ハンマー） / 2～5日下落後の陽線,なし,買い,BB逆張り,1,0.0,2646.01,2936.98,2.0,直近2～5日まで下落、RSI40以下から反転上昇、BB -2σ付近から反発、ストキャス売られ過ぎから反転、%K反転、長い下ヒゲ反転、2～5日下落後の陽線 / 信用需給: 信用データがデータなし、または売残0で信用倍率を算出不能,,https://finance.yahoo.co.jp/quote/6908.T,データなし,データなし,データなし,データなし,データなし,データなし,データなし,データなし,18.0,0,0,18.0,11,11,信用需給は判定不能,信用データがデータなし、または売残0で信用倍率を算出不能
2026-08-20,6013,タクマ,プライム,3095.0,0.16,-4.77,-3.73,-6.94,0.44,91.9,3200.0,3110.0,3070.0,3200.0,3280.0,3070.0,3070.0,3190.64,3073.28,3073.28,18,S,11.9,18.38,-12.39,32.3,3325.8,3353.32,2903.2,-1.81σ,0.95,陰線→陽線 / 前日安値割れ反転 / 2～5日下落後の陽線,なし,買い,BB逆張り / BB＋RSI＋ストキャス,2,0.0,2957.16,3370.69,2.0,直近2～5日まで下落、RSI40以下から反転上昇、BB -2σ付近から反発、ストキャス売られ過ぎから反転、%K反転、長い下ヒゲ反転、2～5日下落後の陽線 / 信用需給: 信用データがデータなし、または売残0で信用倍率を算出不能,,https://finance.yahoo.co.jp/quote/6013.T,データなし,データなし,データなし,データなし,データなし,データなし,データなし,データなし,18.0,0,0,18.0,11,11,信用需給は判定不能,信用データがデータなし、または売残0で信用倍率を算出不能
2026-08-20,7649,スギホールディングス,プライム,2769.5,2.54,1.24,-1.96,-2.56,0.73,83.66,2741.5,2776.0,2715.0,2776.0,2776.0,2655.5,2655.5,2733.65,2646.97,2646.97,18,S,56.16,49.9,5.98,43.22,2842.12,2952.63,3335.17,-0.59σ,1.51,陰線→陽線 / 2～5日下落後の陽線,強,買い,BB逆張り / アンチ,2,0.0,2644.02,3020.47,2.0,直近2～5日まで下落、RSI40以下から反転上昇、BB -1σ以下から反発、ストキャス売られ過ぎから反転、%K反転、%D方向改善、2～5日下落後の陽線、出来高増加を伴う反転 / 信用需給: 信用データがデータなし、または売残0で信用倍率を算出不能,,https://finance.yahoo.co.jp/quote/7649.T,データなし,データなし,データなし,データなし,データなし,データなし,データなし,データなし,18.0,0,0,18.0,11,11,信用需給は判定不能,信用データがデータなし、または売残0で信用倍率を算出不能
2026-08-20,9065,山九,プライム,8455.0,0.76,-0.53,0.33,-4.56,0.54,193.62,8584.0,8482.0,8378.0,8584.0,8649.0,8350.0,8329.0,8461.59,8069.48,8069.48,18,S,35.12,24.9,8.79,39.84,8859.12,8777.4,8821.16,-1.02σ,0.5,陰線→陽線 / はらみ足 / 長い下ヒゲ（ハンマー） / 2～5日下落後の陽線,強,買い,BB逆張り / BB＋RSI＋ストキャス / アンチ,3,0.0,8164.56,9035.87,2.0,直近2～5日まで下落、RSI40以下から反転上昇、BB -1σ以下から反発、ストキャス売られ過ぎから反転、%K反転、%D方向改善、長い下ヒゲ反転、2～5日下落後の陽線 / 信用需給: 信用データがデータなし、または売残0で信用倍率を算出不能,,https://finance.yahoo.co.jp/quote/9065.T,データなし,データなし,データなし,データなし,データなし,データなし,データなし,データなし,18.0,0,0,18.0,11,11,信用需給は判定不能,信用データがデータなし、または売残0で信用倍率を算出不能
2026-08-20,3064,ＭｏｎｏｔａＲＯ,プライム,1860.0,2.28,3.3,-0.13,-3.18,0.84,63.14,1841.0,1860.0,1807.0,1860.0,1860.0,1780.5,1780.5,1840.82,1762.27,1762.27,18,S,37.95,22.83,-2.21,45.55,1921.14,1882.34,2015.98,-0.76σ,0.92,陰線→陽線 / 長い下ヒゲ（ハンマー） / 2～5日下落後の陽線,なし,買い,BB逆張り,1,0.0,1765.29,2049.42,2.0,直近2～5日まで下落、RSI40以下から反転上昇、BB -1σ以下から反発、ストキャス売られ過ぎから反転、%K反転、%D方向改善、長い下ヒゲ反転、2～5日下落後の陽線 / 信用需給: 信用データがデータなし、または売残0で信用倍率を算出不能,,https://finance.yahoo.co.jp/quote/3064.T,データなし,データなし,データなし,データなし,データなし,データなし,データなし,データなし,18.0,0,0,18.0,11,11,信用需給は判定不能,信用データがデータなし、または売残0で信用倍率を算出不能
2026-08-20,7734,理研計器,プライム,3240.0,3.02,-6.9,-4.0,-5.42,0.77,148.74,3300.0,3250.0,3135.0,3300.0,3510.0,3135.0,3135.0,3291.63,3146.76,3146.76,18,S,27.63,40.21,-22.06,41.04,3425.8,3544.4,3387.77,-1.36σ,0.91,陰線→陽線 / 前日安値割れ反転 / 2～5日下落後の陽線,なし,買い,BB逆張り,1,0.0,3016.89,3686.23,2.0,直近2～5日まで下落、RSI40以下から反転上昇、BB -2σ付近から反発、ストキャス売られ過ぎから反転、%K反転、長い下ヒゲ反転、2～5日下落後の陽線 / 信用需給: 信用データがデータなし、または売残0で信用倍率を算出不能,,https://finance.yahoo.co.jp/quote/7734.T,データなし,データなし,データなし,データなし,データなし,データなし,データなし,データなし,18.0,0,0,18.0,11,11,信用需給は判定不能,信用データがデータなし、または売残0で信用倍率を算出不能
2026-08-20,6368,オルガノ,プライム,13425.0,2.32,-9.11,-7.25,-7.74,0.54,816.09,13300.0,13450.0,13010.0,13450.0,14770.0,12965.0,12050.0,13560.53,12758.56,12758.56,18,S,20.86,37.17,-21.3,40.96,14551.4,15746.87,15029.45,-1.17σ,0.93,陰線→陽線 / 強気包み足 / 2～5日下落後の陽線,なし,買い,BB逆張り,1,0.0,12200.86,15873.27,2.0,直近2～5日まで下落、RSI40以下から反転上昇、BB -1σ以下から反発、ストキャス売られ過ぎから反転、%K反転、陽の包み足、2～5日下落後の陽線 / 信用需給: 信用データがデータなし、または売残0で信用倍率を算出不能,,https://finance.yahoo.co.jp/quote/6368.T,データなし,データなし,データなし,データなし,データなし,データなし,データなし,データなし,18.0,0,0,18.0,11,11,信用需給は判定不能,信用データがデータなし、または売残0で信用倍率を算出不能
2026-08-20,6632,ＪＶＣケンウッド,プライム,1004.0,1.31,-2.24,-2.43,-6.07,0.39,37.34,1007.0,1004.0,989.5,1007.0,1050.0,979.3,875.7,980.37,907.87,907.87,18,S,31.19,51.15,-1.16,40.17,1068.83,1108.62,1182.44,-0.67σ,2.14,陰線→陽線 / はらみ足 / 2～5日下落後の陽線,なし,買い,底固め,1,0.0,947.99,1116.01,2.0,直近2～5日まで下落、RSI40以下から反転上昇、ストキャス売られ過ぎから反転、%K反転、%D方向改善、2～5日下落後の陽線、出来高増加を伴う反転、直近安値切り上げ、出来高減少後の増加、RSI安値切り上げ / 信用需給: 信用データがデータなし、または売残0で信用倍率を算出不能,,https://finance.yahoo.co.jp/quote/6632.T,データなし,データなし,データなし,データなし,データなし,データなし,データなし,データなし,18.0,0,0,18.0,11,11,信用需給は判定不能,信用データがデータなし、または売残0で信用倍率を算出不能
2026-08-20,4042,東ソー,プライム,2658.0,2.39,-2.74,-3.54,-2.73,0.64,69.18,2688.0,2663.5,2619.0,2688.0,2737.0,2595.0,2548.0,2662.79,2602.13,2602.13,18,S,32.31,57.33,-5.76,42.44,2732.64,2758.12,2541.75,-1.08σ,0.79,陰線→陽線 / はらみ足 / 長い下ヒゲ（ハンマー） / 2～5日下落後の陽線,なし,買い,BB逆張り,1,0.0,2554.23,2865.54,2.0,直近2～5日まで下落、RSI40以下から反転上昇、BB -2σ付近から反発、ストキャス売られ過ぎから反転、%K反転、長い下ヒゲ反転、2～5日下落後の陽線 / 信用需給: 信用データがデータなし、または売残0で信用倍率を算出不能,,https://finance.yahoo.co.jp/quote/4042.T,データなし,データなし,データなし,データなし,データなし,データなし,データなし,データなし,18.0,0,0,18.0,11,11,信用需給は判定不能,信用データがデータなし、または売残0で信用倍率を算出不能
2026-08-20,7004,カナデビア,プライム,1182.0,1.72,-5.06,-4.14,-2.43,0.41,43.85,1243.0,1185.0,1167.0,1243.0,1270.0,1157.0,1145.0,1182.31,1151.72,1151.72,17,S,22.12,58.76,-8.65,42.94,1211.44,1288.77,1135.5,-1.01σ,0.8,陰線→陽線 / はらみ足 / 長い下ヒゲ（ハンマー） / 2～5日下落後の陽線,なし,買い,BB逆張り,1,0.0,1116.23,1313.55,2.0,直近2～5日まで下落、RSI40以下から反転上昇、BB -1σ以下から反発、ストキャス売られ過ぎから反転、%K反転、長い下ヒゲ反転、2～5日下落後の陽線 / 信用需給: 信用データがデータなし、または売残0で信用倍率を算出不能,,https://finance.yahoo.co.jp/quote/7004.T,データなし,データなし,データなし,データなし,データなし,データなし,データなし,データなし,17.0,0,0,17.0,30,30,信用需給は判定不能,信用データがデータなし、または売残0で信用倍率を算出不能
2026-08-20,6707,サンケン電気,プライム,7578.0,0.38,-10.03,-12.97,-12.84,0.54,496.34,7733.0,7620.0,7351.0,7733.0,8445.0,7351.0,7351.0,7981.6,7483.15,7483.15,17,S,15.15,38.36,-16.6,35.37,8694.12,9315.37,7885.33,-1.81σ,1.16,陰線→陽線 / 前日安値割れ反転 / 2～5日下落後の陽線,なし,買い,BB逆張り / BB＋RSI＋ストキャス,2,0.0,6833.48,9067.03,2.0,直近2～5日まで下落、RSI40以下から反転上昇、BB -1σ以下から反発、ストキャス売られ過ぎから反転、%K反転、長い下ヒゲ反転、2～5日下落後の陽線 / 信用需給: 信用データがデータなし、または売残0で信用倍率を算出不能,,https://finance.yahoo.co.jp/quote/6707.T,データなし,データなし,データなし,データなし,データなし,データなし,データなし,データなし,17.0,0,0,17.0,30,30,信用需給は判定不能,信用データがデータなし、または売残0で信用倍率を算出不能
2026-08-20,6997,日本ケミコン,プライム,2786.0,1.31,-11.56,-9.55,-10.71,0.39,303.59,2893.0,2806.0,2689.0,2893.0,3275.0,2689.0,2466.0,2812.57,2571.84,2571.84,17,S,16.55,40.99,-20.07,38.52,3120.04,3948.61,2471.34,-1.11σ,0.7,陰線→陽線 / 前日安値割れ反転 / 2～5日下落後の陽線,なし,買い,BB逆張り / BB＋RSI＋ストキャス,2,0.0,2330.62,3696.76,2.0,直近2～5日まで下落、RSI40以下から反転上昇、BB -1σ以下から反発、ストキャス売られ過ぎから反転、%K反転、長い下ヒゲ反転、2～5日下落後の陽線 / 信用需給: 信用データがデータなし、または売残0で信用倍率を算出不能,,https://finance.yahoo.co.jp/quote/6997.T,データなし,データなし,データなし,データなし,データなし,データなし,データなし,データなし,17.0,0,0,17.0,30,30,信用需給は判定不能,信用データがデータなし、または売残0で信用倍率を算出不能
2026-08-20,1893,五洋建設,プライム,1428.0,4.46,-2.49,0.07,-5.17,0.97,58.33,1410.0,1434.0,1377.5,1434.0,1479.0,1359.5,1359.5,1420.28,1356.18,1356.18,17,S,51.7,31.0,-10.19,41.57,1505.8,1666.77,1691.17,-0.88σ,1.36,陰線→陽線 / 2～5日下落後の陽線,なし,買い,BB逆張り,1,0.0,1340.51,1602.98,2.0,直近2～5日まで下落、RSI40以下から反転上昇、BB -1σ以下から反発、ストキャス売られ過ぎから反転、%K反転、2～5日下落後の陽線、出来高増加を伴う反転 / 信用需給: 信用データがデータなし、または売残0で信用倍率を算出不能,,https://finance.yahoo.co.jp/quote/1893.T,データなし,データなし,データなし,データなし,データなし,データなし,データなし,データなし,17.0,0,0,17.0,30,30,信用需給は判定不能,信用データがデータなし、または売残0で信用倍率を算出不能
2026-08-20,5101,横浜ゴム,プライム,7562.0,3.9,-1.28,-0.84,-0.6,1.08,331.99,7542.0,7571.0,7213.0,7571.0,7764.0,7213.0,7113.0,7429.1,7272.74,7272.74,17,S,32.37,41.92,-4.65,49.75,7608.0,7281.88,6659.1,-0.15σ,0.58,陰線→陽線 / 強気包み足 / 前日安値割れ反転 / 2～5日下落後の陽線,なし,買い,BB逆張り,1,0.0,7064.02,8557.97,2.0,直近2～5日まで下落、BB -1σ以下から反発、ストキャス売られ過ぎから反転、%K反転、陽の包み足、長い下ヒゲ反転、2～5日下落後の陽線 / 信用需給: 信用データがデータなし、または売残0で信用倍率を算出不能,,https://finance.yahoo.co.jp/quote/5101.T,データなし,データなし,データなし,データなし,データなし,データなし,データなし,データなし,17.0,0,0,17.0,30,30,信用需給は判定不能,信用データがデータなし、または売残0で信用倍率を算出不能
2026-08-20,6498,キッツ,プライム,1939.0,1.41,-7.4,-6.82,-11.09,0.35,101.75,1994.0,1939.0,1903.0,1994.0,2105.0,1903.0,1903.0,2001.86,1855.21,1855.21,17,S,16.29,22.32,-24.49,36.71,2180.76,2283.36,2042.84,-1.43σ,0.69,陰線→陽線 / 前日安値割れ反転 / 2～5日下落後の陽線,なし,買い,BB逆張り / BB＋RSI＋ストキャス,2,0.0,1786.37,2244.26,2.0,直近2～5日まで下落、RSI40以下から反転上昇、BB -1σ以下から反発、ストキャス売られ過ぎから反転、%K反転、長い下ヒゲ反転、2～5日下落後の陽線 / 信用需給: 信用データがデータなし、または売残0で信用倍率を算出不能,,https://finance.yahoo.co.jp/quote/6498.T,データなし,データなし,データなし,データなし,データなし,データなし,データなし,データなし,17.0,0,0,17.0,30,30,信用需給は判定不能,信用データがデータなし、または売残0で信用倍率を算出不能
2026-08-20,6526,ソシオネクスト,プライム,1934.0,2.06,-9.24,-2.89,-9.99,0.48,134.84,1951.0,1947.0,1882.5,1951.0,2139.5,1882.5,1817.0,1908.25,1744.29,1744.29,17,S,19.47,44.41,-6.09,38.43,2148.54,2421.15,2239.59,-0.84σ,0.61,陰線→陽線 / 前日安値割れ反転 / 2～5日下落後の陽線,なし,買い,BB逆張り / BB＋RSI＋ストキャス,2,0.0,1731.74,2338.51,2.0,直近2～5日まで下落、RSI40以下から反転上昇、BB -1σ以下から反発、ストキャス売られ過ぎから反転、%K反転、長い下ヒゲ反転、2～5日下落後の陽線 / 信用需給: 信用データがデータなし、または売残0で信用倍率を算出不能,,https://finance.yahoo.co.jp/quote/6526.T,データなし,データなし,データなし,データなし,データなし,データなし,データなし,データなし,17.0,0,0,17.0,30,30,信用需給は判定不能,信用データがデータなし、または売残0で信用倍率を算出不能
2026-08-20,6961,エンプラス,プライム,10190.0,1.8,-14.15,-9.02,-11.78,0.72,958.6,10710.0,10420.0,9730.0,10710.0,12460.0,9730.0,9620.0,10460.16,9551.31,9551.31,17,S,16.85,39.71,-11.29,41.08,11551.2,12536.4,11958.25,-1.30σ,1.05,陰線→陽線 / 前日安値割れ反転 / 2～5日下落後の陽線,なし,買い,BB逆張り,1,0.0,8752.11,13065.79,2.0,直近2～5日まで下落、RSI40以下から反転上昇、BB -1σ以下から反発、ストキャス売られ過ぎから反転、%K反転、長い下ヒゲ反転、2～5日下落後の陽線 / 信用需給: 信用データがデータなし、または売残0で信用倍率を算出不能,,https://finance.yahoo.co.jp/quote/6961.T,データなし,データなし,データなし,データなし,データなし,データなし,データなし,データなし,17.0,0,0,17.0,30,30,信用需給は判定不能,信用データがデータなし、または売残0で信用倍率を算出不能
2026-08-20,6278,ユニオンツール,プライム,14900.0,0.47,-13.17,-10.78,-11.61,0.44,1492.93,15310.0,15150.0,14500.0,15310.0,17400.0,14500.0,13210.0,14919.48,13406.47,13406.47,17,S,13.79,35.83,-15.53,38.9,16857.2,20037.2,14748.55,-1.01σ,0.69,陰線→陽線 / 長い下ヒゲ（ハンマー） / 前日安値割れ反転 / 2～5日下落後の陽線,なし,買い,BB逆張り / BB＋RSI＋ストキャス,2,0.0,12660.61,19378.78,2.0,直近2～5日まで下落、RSI40以下から反転上昇、BB -1σ以下から反発、ストキャス売られ過ぎから反転、%K反転、長い下ヒゲ反転、2～5日下落後の陽線 / 信用需給: 信用データがデータなし、または売残0で信用倍率を算出不能,,https://finance.yahoo.co.jp/quote/6278.T,データなし,データなし,データなし,データなし,データなし,データなし,データなし,データなし,17.0,0,0,17.0,30,30,信用需給は判定不能,信用データがデータなし、または売残0で信用倍率を算出不能
2026-08-20,7599,ＩＤＯＭ,プライム,1280.0,1.67,-1.69,-0.78,-0.86,0.72,26.39,1291.0,1280.0,1261.0,1291.0,1305.0,1259.0,1258.0,1276.34,1260.02,1260.02,17,S,35.59,55.26,-1.01,44.67,1291.16,1328.97,1331.56,-0.78σ,1.3,陰線→陽線 / はらみ足 / 2～5日下落後の陽線,なし,買い,BB逆張り,1,0.0,1240.41,1359.18,2.0,直近2～5日まで下落、RSI40以下から反転上昇、BB -2σ付近から反発、ストキャス売られ過ぎから反転、%K反転、%D方向改善、2～5日下落後の陽線 / 信用需給: 信用データがデータなし、または売残0で信用倍率を算出不能,,https://finance.yahoo.co.jp/quote/7599.T,データなし,データなし,データなし,データなし,データなし,データなし,データなし,データなし,17.0,0,0,17.0,30,30,信用需給は判定不能,信用データがデータなし、または売残0で信用倍率を算出不能
2026-08-20,7760,ＩＭＶ,スタンダード,1961.0,2.56,-10.58,-5.22,-12.46,0.33,152.92,1979.0,1974.0,1924.0,1979.0,2219.0,1905.0,1871.0,1986.91,1772.68,1772.68,17,S,25.86,29.27,-17.13,40.86,2240.08,2485.85,2672.4,-1.12σ,0.52,陰線→陽線 / はらみ足 / 長い下ヒゲ（ハンマー） / 2～5日下落後の陽線,なし,買い,BB逆張り,1,0.0,1731.63,2419.75,2.0,直近2～5日まで下落、RSI40以下から反転上昇、BB -1σ以下から反発、ストキャス売られ過ぎから反転、%K反転、長い下ヒゲ反転、2～5日下落後の陽線 / 信用需給: 信用データがデータなし、または売残0で信用倍率を算出不能,,https://finance.yahoo.co.jp/quote/7760.T,データなし,データなし,データなし,データなし,データなし,データなし,データなし,データなし,17.0,0,0,17.0,30,30,信用需給は判定不能,信用データがデータなし、または売残0で信用倍率を算出不能
2026-08-20,4971,メック,プライム,7040.0,0.86,-11.67,-10.43,-14.84,0.41,661.54,7140.0,7070.0,6800.0,7140.0,8020.0,6800.0,6800.0,7390.51,6613.01,6613.01,17,S,19.67,25.68,-23.61,38.12,8266.8,9670.8,7432.6,-1.45σ,0.92,陰線→陽線 / 長い下ヒゲ（ハンマー） / 前日安値割れ反転 / 2～5日下落後の陽線,なし,買い,BB逆張り / BB＋RSI＋ストキャス,2,0.0,6047.69,9024.62,2.0,直近2～5日まで下落、RSI40以下から反転上昇、BB -1σ以下から反発、ストキャス売られ過ぎから反転、%K反転、長い下ヒゲ反転、2～5日下落後の陽線 / 信用需給: 信用データがデータなし、または売残0で信用倍率を算出不能,,https://finance.yahoo.co.jp/quote/4971.T,データなし,データなし,データなし,データなし,データなし,データなし,データなし,データなし,17.0,0,0,17.0,30,30,信用需給は判定不能,信用データがデータなし、または売残0で信用倍率を算出不能
2026-08-20,5334,日本特殊陶業,プライム,8933.0,0.47,-6.95,-7.94,-6.63,0.42,327.49,9265.0,8995.0,8856.0,9265.0,9916.0,8856.0,8755.0,9141.48,8781.21,8781.21,17,S,7.26,28.16,-28.57,36.2,9567.24,9910.51,8201.68,-1.58σ,0.72,陰線→陽線 / 前日安値割れ反転 / 2～5日下落後の陽線,なし,買い,BB逆張り / BB＋RSI＋ストキャス,2,0.0,8441.76,9915.48,2.0,直近2～5日まで下落、RSI40以下から反転上昇、BB -1σ以下から反発、ストキャス売られ過ぎから反転、%K反転、長い下ヒゲ反転、2～5日下落後の陽線 / 信用需給: 信用データがデータなし、または売残0で信用倍率を算出不能,,https://finance.yahoo.co.jp/quote/5334.T,データなし,データなし,データなし,データなし,データなし,データなし,データなし,データなし,17.0,0,0,17.0,30,30,信用需給は判定不能,信用データがデータなし、または売残0で信用倍率を算出不能
2026-08-20,4043,トクヤマ,プライム,4071.0,2.16,-4.66,-3.42,-3.81,0.5,187.41,4082.0,4076.0,3982.0,4082.0,4397.0,3982.0,3714.0,3876.53,3625.61,3625.61,17,S,20.51,55.36,0.64,43.23,4232.08,4625.85,4240.13,-0.22σ,0.52,陰線→陽線 / 前日安値割れ反転 / 2～5日下落後の陽線,通常,買い,底固め / アンチ,2,0.0,3789.89,4633.22,2.0,直近2～5日まで下落、RSI40以下から反転上昇、ストキャス売られ過ぎから反転、%K反転、長い下ヒゲ反転、2～5日下落後の陽線、直近安値切り上げ、ATR低下、RSI安値切り上げ / 信用需給: 信用データがデータなし、または売残0で信用倍率を算出不能,,https://finance.yahoo.co.jp/quote/4043.T,データなし,データなし,データなし,データなし,データなし,データなし,データなし,データなし,17.0,0,0,17.0,30,30,信用需給は判定不能,信用データがデータなし、または売残0で信用倍率を算出不能
2026-08-20,6844,新電元工業,プライム,3095.0,2.15,-7.2,-4.48,-9.29,0.42,179.15,3170.0,3115.0,3040.0,3170.0,3355.0,3020.0,3010.0,3158.57,2929.88,2929.88,17,S,22.06,22.67,-25.01,39.74,3411.8,3480.8,3442.14,-1.28σ,0.6,陰線→陽線 / はらみ足 / 長い下ヒゲ（ハンマー） / 2～5日下落後の陽線,なし,買い,BB逆張り / BB＋RSI＋ストキャス,2,0.0,2826.27,3632.46,2.0,直近2～5日まで下落、RSI40以下から反転上昇、BB -1σ以下から反発、ストキャス売られ過ぎから反転、%K反転、長い下ヒゲ反転、2～5日下落後の陽線 / 信用需給: 信用データがデータなし、または売残0で信用倍率を算出不能,,https://finance.yahoo.co.jp/quote/6844.T,データなし,データなし,データなし,データなし,データなし,データなし,データなし,データなし,17.0,0,0,17.0,30,30,信用需給は判定不能,信用データがデータなし、または売残0で信用倍率を算出不能
2026-08-20,6914,オプテックスグループ,プライム,3285.0,1.7,-8.24,-5.06,-6.95,0.64,164.95,3400.0,3300.0,3195.0,3400.0,3610.0,3195.0,3175.0,3350.98,3198.22,3198.22,17,S,18.95,35.06,-20.16,37.54,3530.4,3904.87,3113.7,-1.43σ,0.85,陰線→陽線 / 前日安値割れ反転 / 2～5日下落後の陽線,なし,買い,BB逆張り / BB＋RSI＋ストキャス,2,0.0,3037.58,3779.84,2.0,直近2～5日まで下落、RSI40以下から反転上昇、BB -1σ以下から反発、ストキャス売られ過ぎから反転、%K反転、長い下ヒゲ反転、2～5日下落後の陽線 / 信用需給: 信用データがデータなし、または売残0で信用倍率を算出不能,,https://finance.yahoo.co.jp/quote/6914.T,データなし,データなし,データなし,データなし,データなし,データなし,データなし,データなし,17.0,0,0,17.0,30,30,信用需給は判定不能,信用データがデータなし、または売残0で信用倍率を算出不能
2026-08-20,4047,関東電化工業,プライム,2400.0,0.84,-11.6,-9.74,-11.92,0.5,190.24,2480.0,2446.0,2351.0,2480.0,2769.0,2351.0,2351.0,2498.48,2310.56,2310.56,17,S,11.72,30.99,-24.28,36.67,2724.72,3088.95,1978.4,-1.52σ,0.92,陰線→陽線 / 長い下ヒゲ（ハンマー） / 前日安値割れ反転 / 2～5日下落後の陽線,なし,買い,BB逆張り / BB＋RSI＋ストキャス,2,0.0,2114.65,2970.71,2.0,直近2～5日まで下落、RSI40以下から反転上昇、BB -1σ以下から反発、ストキャス売られ過ぎから反転、%K反転、長い下ヒゲ反転、2～5日下落後の陽線 / 信用需給: 信用データがデータなし、または売残0で信用倍率を算出不能,,https://finance.yahoo.co.jp/quote/4047.T,データなし,データなし,データなし,データなし,データなし,データなし,データなし,データなし,17.0,0,0,17.0,30,30,信用需給は判定不能,信用データがデータなし、または売残0で信用倍率を算出不能
2026-08-20,6762,ＴＤＫ,プライム,3011.0,0.17,-7.18,-6.92,-1.5,0.37,152.7,3052.0,3023.0,2967.0,3052.0,3300.0,2967.0,2651.0,2924.07,2801.09,2801.09,17,S,13.21,51.15,-13.4,43.78,3056.8,3367.69,2693.13,-0.29σ,0.63,強気包み足 / 長い下ヒゲ（ハンマー） / 前日安値割れ反転 / 2～5日下落後の陽線,なし,買い,底固め,1,0.0,2781.95,3469.1,2.0,直近2～5日まで下落、ストキャス売られ過ぎから反転、%K反転、陽の包み足、長い下ヒゲ反転、2～5日下落後の陽線、直近安値切り上げ、BB幅収縮、RSI安値切り上げ / 信用需給: 信用データがデータなし、または売残0で信用倍率を算出不能,,https://finance.yahoo.co.jp/quote/6762.T,データなし,データなし,データなし,データなし,データなし,データなし,データなし,データなし,17.0,0,0,17.0,30,30,信用需給は判定不能,信用データがデータなし、または売残0で信用倍率を算出不能
2026-08-20,6315,ＴＯＷＡ,プライム,2308.0,2.21,-9.63,-7.49,-14.17,0.41,189.69,2348.0,2309.0,2231.0,2348.0,2622.0,2231.0,2231.0,2380.53,2152.92,2152.92,17,S,18.12,18.09,-23.6,37.94,2689.08,2927.45,2671.62,-1.32σ,0.85,陰線→陽線 / 前日安値割れ反転 / 2～5日下落後の陽線,なし,買い,BB逆張り / BB＋RSI＋ストキャス,2,0.0,2023.47,2877.06,2.0,直近2～5日まで下落、RSI40以下から反転上昇、BB -1σ以下から反発、ストキャス売られ過ぎから反転、%K反転、長い下ヒゲ反転、2～5日下落後の陽線 / 信用需給: 信用データがデータなし、または売残0で信用倍率を算出不能,,https://finance.yahoo.co.jp/quote/6315.T,データなし,データなし,データなし,データなし,データなし,データなし,データなし,データなし,17.0,0,0,17.0,30,30,信用需給は判定不能,信用データがデータなし、または売残0で信用倍率を算出不能
2026-08-20,6326,クボタ,プライム,2649.0,6.04,-1.41,-3.67,-2.77,1.04,99.03,2537.5,2649.0,2546.0,2649.0,2707.0,2493.5,2493.5,2633.38,2546.85,2546.85,17,S,50.65,44.99,-2.27,46.25,2724.58,2761.73,2573.8,-0.82σ,0.94,陰線→陽線 / 2～5日下落後の陽線,なし,買い,BB逆張り,1,0.0,2493.5,2960.0,2.0,直近2～5日まで下落、RSI40以下から反転上昇、BB -2σ付近から反発、ストキャス売られ過ぎから反転、%K反転、%D方向改善、2～5日下落後の陽線 / 信用需給: 信用データがデータなし、または売残0で信用倍率を算出不能,,https://finance.yahoo.co.jp/quote/6326.T,データなし,データなし,データなし,データなし,データなし,データなし,データなし,データなし,17.0,0,0,17.0,30,30,信用需給は判定不能,信用データがデータなし、または売残0で信用倍率を算出不能
2026-08-20,3656,ＫＬａｂ,プライム,196.0,2.62,-3.92,-5.31,-9.06,0.43,11.54,195.0,196.0,191.0,196.0,204.0,190.0,190.0,200.28,183.41,183.41,17,S,28.57,15.09,-23.9,40.48,215.52,230.28,283.23,-1.25σ,0.55,陰線→陽線 / 長い下ヒゲ（ハンマー） / 2～5日下落後の陽線,なし,買い,BB逆張り,1,0.0,178.69,230.62,2.0,直近2～5日まで下落、RSI40以下から反転上昇、BB -1σ以下から反発、ストキャス売られ過ぎから反転、%K反転、長い下ヒゲ反転、2～5日下落後の陽線 / 信用需給: 信用データがデータなし、または売残0で信用倍率を算出不能,,https://finance.yahoo.co.jp/quote/3656.T,データなし,データなし,データなし,データなし,データなし,データなし,データなし,データなし,17.0,0,0,17.0,30,30,信用需給は判定不能,信用データがデータなし、または売残0で信用倍率を算出不能
2026-08-20,9960,東テク,プライム,3680.0,0.96,-4.66,-2.39,-5.91,0.46,129.43,3745.0,3690.0,3630.0,3745.0,3895.0,3630.0,3630.0,3738.54,3599.08,3599.08,17,S,18.87,29.37,-14.64,39.95,3911.2,3913.67,3859.22,-1.42σ,0.5,陰線→陽線 / 前日安値割れ反転 / 2～5日下落後の陽線,なし,買い,BB逆張り / BB＋RSI＋ストキャス,2,0.0,3485.86,4068.28,2.0,直近2～5日まで下落、RSI40以下から反転上昇、BB -1σ以下から反発、ストキャス売られ過ぎから反転、%K反転、長い下ヒゲ反転、2～5日下落後の陽線 / 信用需給: 信用データがデータなし、または売残0で信用倍率を算出不能,,https://finance.yahoo.co.jp/quote/9960.T,データなし,データなし,データなし,データなし,データなし,データなし,データなし,データなし,17.0,0,0,17.0,30,30,信用需給は判定不能,信用データがデータなし、または売残0で信用倍率を算出不能
2026-08-20,4099,四国化成ホールディングス,プライム,2519.0,0.56,-10.04,-16.73,-8.73,0.41,208.62,2677.0,2580.0,2495.0,2677.0,2887.0,2495.0,2112.0,2522.06,2292.17,2292.17,17,S,3.5,34.97,-27.03,40.03,2760.0,2998.88,2305.35,-1.01σ,0.55,陰線→陽線 / 前日安値割れ反転 / 2～5日下落後の陽線,なし,買い,BB逆張り,1,0.0,2206.07,3144.86,2.0,直近2～5日まで下落、RSI40以下から反転上昇、BB -1σ以下から反発、ストキャス売られ過ぎから反転、%K反転、長い下ヒゲ反転、2～5日下落後の陽線 / 信用需給: 信用データがデータなし、または売残0で信用倍率を算出不能,,https://finance.yahoo.co.jp/quote/4099.T,データなし,データなし,データなし,データなし,データなし,データなし,データなし,データなし,17.0,0,0,17.0,30,30,信用需給は判定不能,信用データがデータなし、または売残0で信用倍率を算出不能
2026-08-20,1802,大林組,プライム,2977.0,2.58,-1.88,-2.04,-5.36,0.64,85.01,2995.5,2977.0,2923.0,2995.5,3052.0,2891.0,2891.0,3003.94,2885.73,2885.73,17,S,42.36,22.7,-3.02,36.89,3145.48,3250.07,3419.38,-1.23σ,0.82,陰線→陽線 / はらみ足 / 2～5日下落後の陽線,なし,買い,BB逆張り / BB＋RSI＋ストキャス,2,0.0,2849.49,3232.03,2.0,直近2～5日まで下落、RSI40以下から反転上昇、BB -2σ付近から反発、ストキャス売られ過ぎから反転、%K反転、%D方向改善、2～5日下落後の陽線 / 信用需給: 信用データがデータなし、または売残0で信用倍率を算出不能,,https://finance.yahoo.co.jp/quote/1802.T,データなし,データなし,データなし,データなし,データなし,データなし,データなし,データなし,17.0,0,0,17.0,30,30,信用需給は判定不能,信用データがデータなし、または売残0で信用倍率を算出不能
2026-08-20,9983,ファーストリテイリング,プライム,76280.0,1.79,-0.7,-1.38,-2.27,0.71,2007.76,75560.0,76940.0,75510.0,76940.0,76940.0,74260.0,74260.0,76279.33,74789.67,74789.67,17,S,38.4,33.17,-6.87,42.5,78052.4,78921.33,68379.2,-1.00σ,0.7,2～5日下落後の陽線,なし,買い,BB逆張り,1,0.0,73268.37,82303.27,2.0,直近2～5日まで下落、RSI40以下から反転上昇、BB -2σ付近から反発、ストキャス売られ過ぎから反転、%K反転、%D方向改善、2～5日下落後の陽線 / 信用需給: 信用データがデータなし、または売残0で信用倍率を算出不能,,https://finance.yahoo.co.jp/quote/9983.T,データなし,データなし,データなし,データなし,データなし,データなし,データなし,データなし,17.0,0,0,17.0,30,30,信用需給は判定不能,信用データがデータなし、または売残0で信用倍率を算出不能
2026-08-20,3449,テクノフレックス,スタンダード,4005.0,5.67,-4.64,-2.55,-12.67,0.56,481.16,3925.0,4025.0,3755.0,4025.0,4380.0,3755.0,3755.0,3940.88,3483.25,3483.25,17,S,40.0,29.25,-15.12,39.1,4586.2,6337.0,3866.92,-0.86σ,0.67,陰線→陽線 / 前日安値割れ反転 / 2～5日下落後の陽線,なし,買い,BB逆張り / BB＋RSI＋ストキャス,2,0.0,3283.26,5448.48,2.0,直近2～5日まで下落、RSI40以下から反転上昇、BB -1σ以下から反発、ストキャス売られ過ぎから反転、%K反転、長い下ヒゲ反転、2～5日下落後の陽線 / 信用需給: 信用データがデータなし、または売残0で信用倍率を算出不能,,https://finance.yahoo.co.jp/quote/3449.T,データなし,データなし,データなし,データなし,データなし,データなし,データなし,データなし,17.0,0,0,17.0,30,30,信用需給は判定不能,信用データがデータなし、または売残0で信用倍率を算出不能
2026-08-20,6800,ヨコオ,プライム,3925.0,2.35,-11.7,-9.14,-7.28,0.58,328.37,3985.0,3945.0,3755.0,3985.0,4555.0,3755.0,3435.0,3850.12,3562.48,3562.48,17,S,21.25,42.81,-14.67,41.85,4233.0,4954.13,3554.26,-0.74σ,0.58,陰線→陽線 / 前日安値割れ反転 / 2～5日下落後の陽線,なし,買い,BB逆張り,1,0.0,3432.44,4910.12,2.0,直近2～5日まで下落、RSI40以下から反転上昇、BB -1σ以下から反発、ストキャス売られ過ぎから反転、%K反転、長い下ヒゲ反転、2～5日下落後の陽線 / 信用需給: 信用データがデータなし、または売残0で信用倍率を算出不能,,https://finance.yahoo.co.jp/quote/6800.T,データなし,データなし,データなし,データなし,データなし,データなし,データなし,データなし,17.0,0,0,17.0,30,30,信用需給は判定不能,信用データがデータなし、または売残0で信用倍率を算出不能
2026-08-20,1417,ミライト・ワン,プライム,3519.0,2.21,-0.93,1.03,-0.97,0.78,78.2,3486.0,3519.0,3458.0,3519.0,3580.0,3427.0,3407.0,3450.68,3379.96,3379.96,16,S,60.13,44.78,10.27,45.57,3553.52,3778.03,3655.34,-0.03σ,0.99,陰線→陽線 / 2～5日下落後の陽線,強,買い,BB逆張り / アンチ,2,0.0,3401.69,3753.61,2.0,直近2～5日まで下落、RSI40以下から反転上昇、BB -1σ以下から反発、ストキャス売られ過ぎから反転、%K反転、%D方向改善、2～5日下落後の陽線 / 信用需給: 信用データがデータなし、または売残0で信用倍率を算出不能,,https://finance.yahoo.co.jp/quote/1417.T,データなし,データなし,データなし,データなし,データなし,データなし,データなし,データなし,16.0,0,0,16.0,57,57,信用需給は判定不能,信用データがデータなし、または売残0で信用倍率を算出不能
2026-08-20,1803,清水建設,プライム,2342.0,2.27,-3.36,-3.36,-3.03,0.5,83.55,2360.0,2344.5,2303.0,2360.0,2447.0,2278.5,2178.0,2343.54,2287.98,2287.98,16,S,31.83,54.45,-9.9,42.97,2415.08,2565.13,2727.06,-1.03σ,0.49,陰線→陽線 / はらみ足 / 2～5日下落後の陽線,なし,買い,BB逆張り,1,0.0,2216.67,2592.66,2.0,直近2～5日まで下落、RSI40以下から反転上昇、BB -2σ付近から反発、ストキャス売られ過ぎから反転、%K反転、2～5日下落後の陽線 / 信用需給: 信用データがデータなし、または売残0で信用倍率を算出不能,,https://finance.yahoo.co.jp/quote/1803.T,データなし,データなし,データなし,データなし,データなし,データなし,データなし,データなし,16.0,0,0,16.0,57,57,信用需給は判定不能,信用データがデータなし、または売残0で信用倍率を算出不能
2026-08-20,7915,ＮＩＳＳＨＡ,プライム,1291.0,3.03,-3.22,-0.84,-2.08,0.85,40.08,1304.0,1295.0,1261.0,1304.0,1344.0,1252.0,1223.0,1273.97,1235.05,1235.05,16,S,45.28,45.89,3.23,45.44,1318.4,1405.24,1323.06,-0.56σ,0.9,陰線→陽線 / はらみ足 / 2～5日下落後の陽線,通常,買い,BB逆張り / アンチ,2,0.0,1230.87,1411.25,2.0,直近2～5日まで下落、RSI40以下から反転上昇、BB -1σ以下から反発、ストキャス売られ過ぎから反転、%K反転、%D方向改善、2～5日下落後の陽線 / 信用需給: 信用データがデータなし、または売残0で信用倍率を算出不能,,https://finance.yahoo.co.jp/quote/7915.T,データなし,データなし,データなし,データなし,データなし,データなし,データなし,データなし,16.0,0,0,16.0,57,57,信用需給は判定不能,信用データがデータなし、または売残0で信用倍率を算出不能
2026-08-20,7412,アトム,スタンダード,362.0,1.4,-1.09,-1.36,-3.02,0.67,11.98,364.0,366.0,358.0,366.0,370.0,356.0,356.0,362.35,353.45,353.45,16,S,26.09,24.45,-6.23,39.49,373.28,488.32,552.67,-1.04σ,0.98,陰線→陽線 / 2～5日下落後の陽線,なし,買い,BB逆張り / BB＋RSI＋ストキャス,2,0.0,344.02,397.95,2.0,直近2～5日まで下落、RSI40以下から反転上昇、BB -1σ以下から反発、ストキャス売られ過ぎから反転、%K反転、%D方向改善、2～5日下落後の陽線 / 信用需給: 信用データがデータなし、または売残0で信用倍率を算出不能,,https://finance.yahoo.co.jp/quote/7412.T,データなし,データなし,データなし,データなし,データなし,データなし,データなし,データなし,16.0,0,0,16.0,57,57,信用需給は判定不能,信用データがデータなし、または売残0で信用倍率を算出不能
2026-08-20,7981,タカラスタンダード,プライム,3020.0,2.86,1.17,-0.82,-1.64,1.06,66.07,2975.0,3020.0,2950.0,3020.0,3020.0,2911.0,2911.0,2970.12,2876.28,2876.28,16,S,64.5,40.67,5.85,47.51,3070.36,3034.32,2906.39,-0.47σ,1.01,陰線→陽線 / 2～5日下落後の陽線,強,買い,BB逆張り / アンチ,2,0.0,2911.0,3238.0,2.0,直近2～5日まで下落、RSI40以下から反転上昇、BB -1σ以下から反発、ストキャス売られ過ぎから反転、%K反転、%D方向改善、2～5日下落後の陽線 / 信用需給: 信用データがデータなし、または売残0で信用倍率を算出不能,,https://finance.yahoo.co.jp/quote/7981.T,データなし,データなし,データなし,データなし,データなし,データなし,データなし,データなし,16.0,0,0,16.0,57,57,信用需給は判定不能,信用データがデータなし、または売残0で信用倍率を算出不能
2026-08-20,5201,ＡＧＣ,プライム,5765.0,2.47,-3.85,-3.4,-4.4,0.57,192.59,5780.0,5777.0,5667.0,5780.0,6061.0,5618.0,5581.0,5761.63,5569.41,5569.41,16,S,33.18,49.48,1.36,39.24,6030.04,6539.33,5946.11,-0.98σ,0.89,陰線→陽線 / はらみ足 / 2～5日下落後の陽線,通常,買い,BB逆張り / BB＋RSI＋ストキャス / アンチ,3,0.0,5476.12,6342.76,2.0,直近2～5日まで下落、RSI40以下から反転上昇、BB -1σ以下から反発、ストキャス売られ過ぎから反転、%K反転、%D方向改善、2～5日下落後の陽線 / 信用需給: 信用データがデータなし、または売残0で信用倍率を算出不能,,https://finance.yahoo.co.jp/quote/5201.T,データなし,データなし,データなし,データなし,データなし,データなし,データなし,データなし,16.0,0,0,16.0,57,57,信用需給は判定不能,信用データがデータなし、または売残0で信用倍率を算出不能
2026-08-20,5938,ＬＩＸＩＬ,プライム,1747.0,2.28,0.06,-1.99,-3.42,0.65,35.58,1713.0,1748.0,1725.0,1748.0,1748.0,1702.5,1689.0,1727.22,1660.56,1660.56,16,S,38.2,40.65,-0.9,44.21,1808.8,1757.37,1772.22,-0.70σ,0.78,陰線→陽線 / 2～5日下落後の陽線,なし,買い,BB逆張り,1,0.0,1693.63,1853.75,2.0,直近2～5日まで下落、RSI40以下から反転上昇、BB -1σ以下から反発、ストキャス売られ過ぎから反転、%K反転、%D方向改善、2～5日下落後の陽線 / 信用需給: 信用データがデータなし、または売残0で信用倍率を算出不能,,https://finance.yahoo.co.jp/quote/5938.T,データなし,データなし,データなし,データなし,データなし,データなし,データなし,データなし,16.0,0,0,16.0,57,57,信用需給は判定不能,信用データがデータなし、または売残0で信用倍率を算出不能
2026-08-20,6370,栗田工業,プライム,8073.0,3.05,-5.01,-5.38,-6.64,0.65,339.55,7984.0,8095.0,7875.0,8095.0,8563.0,7807.0,7807.0,8224.47,7867.25,7867.25,16,S,30.26,24.9,-22.26,39.38,8646.76,8803.53,7806.69,-1.42σ,1.23,陰線→陽線 / 2～5日下落後の陽線,なし,買い,BB逆張り / BB＋RSI＋ストキャス,2,0.0,7563.67,9091.65,2.0,直近2～5日まで下落、RSI40以下から反転上昇、BB -2σ付近から反発、ストキャス売られ過ぎから反転、%K反転、2～5日下落後の陽線 / 信用需給: 信用データがデータなし、または売残0で信用倍率を算出不能,,https://finance.yahoo.co.jp/quote/6370.T,データなし,データなし,データなし,データなし,データなし,データなし,データなし,データなし,16.0,0,0,16.0,57,57,信用需給は判定不能,信用データがデータなし、または売残0で信用倍率を算出不能
2026-08-20,7610,テイツー,スタンダード,141.0,2.92,0.0,-0.7,-2.35,1.14,3.52,140.0,142.0,138.0,142.0,142.0,137.0,137.0,139.96,136.48,136.48,16,S,66.67,34.53,7.33,45.64,144.4,140.93,142.54,-0.70σ,1.03,陰線→陽線 / 2～5日下落後の陽線,強,買い,BB逆張り / アンチ,2,0.0,135.72,151.56,2.0,直近2～5日まで下落、RSI40以下から反転上昇、BB -1σ以下から反発、ストキャス売られ過ぎから反転、%K反転、%D方向改善、2～5日下落後の陽線 / 信用需給: 信用データがデータなし、または売残0で信用倍率を算出不能,,https://finance.yahoo.co.jp/quote/7610.T,データなし,データなし,データなし,データなし,データなし,データなし,データなし,データなし,16.0,0,0,16.0,57,57,信用需給は判定不能,信用データがデータなし、または売残0で信用倍率を算出不能
2026-08-20,6841,横河電機,プライム,5113.0,0.67,-8.68,-8.2,-8.14,0.44,225.55,5252.0,5166.0,5066.0,5252.0,5621.0,5066.0,5066.0,5317.36,5076.92,5076.92,16,S,6.39,35.22,-9.1,39.07,5566.12,5366.56,5229.2,-1.85σ,0.63,前日安値割れ反転,なし,買い,BB逆張り / BB＋RSI＋ストキャス,2,0.0,4774.68,5789.64,2.0,直近2～5日まで下落、RSI40以下から反転上昇、BB -2σ付近から反発、ストキャス売られ過ぎから反転、%K反転、長い下ヒゲ反転 / 信用需給: 信用データがデータなし、または売残0で信用倍率を算出不能,,https://finance.yahoo.co.jp/quote/6841.T,データなし,データなし,データなし,データなし,データなし,データなし,データなし,データなし,16.0,0,0,16.0,57,57,信用需給は判定不能,信用データがデータなし、または売残0で信用倍率を算出不能
2026-08-20,6191,エアトリ,プライム,839.0,2.32,-0.71,-8.0,-5.06,0.61,30.9,834.0,845.0,826.0,845.0,851.0,815.0,815.0,851.78,820.36,820.36,16,S,19.2,50.73,-12.76,43.91,883.72,819.87,773.9,-1.41σ,0.78,陰線→陽線 / 2～5日下落後の陽線,なし,買い,BB逆張り,1,0.0,792.64,931.71,2.0,直近2～5日まで下落、RSI40以下から反転上昇、BB -2σ付近から反発、ストキャス売られ過ぎから反転、%K反転、2～5日下落後の陽線 / 信用需給: 信用データがデータなし、または売残0で信用倍率を算出不能,,https://finance.yahoo.co.jp/quote/6191.T,データなし,データなし,データなし,データなし,データなし,データなし,データなし,データなし,16.0,0,0,16.0,57,57,信用需給は判定不能,信用データがデータなし、または売残0で信用倍率を算出不能
2026-08-20,7600,日本エム・ディ・エム,プライム,845.0,4.71,-3.43,-5.8,-5.95,1.21,42.21,849.0,848.0,797.0,849.0,876.0,796.0,796.0,853.16,822.67,822.67,16,S,44.55,46.17,-11.82,43.6,898.48,826.93,637.64,-1.27σ,1.03,陰線→陽線 / はらみ足 / 2～5日下落後の陽線,なし,買い,BB逆張り,1,0.0,781.68,971.63,2.0,直近2～5日まで下落、RSI40以下から反転上昇、BB -2σ付近から反発、ストキャス売られ過ぎから反転、%K反転、2～5日下落後の陽線 / 信用需給: 信用データがデータなし、または売残0で信用倍率を算出不能,,https://finance.yahoo.co.jp/quote/7600.T,データなし,データなし,データなし,データなし,データなし,データなし,データなし,データなし,16.0,0,0,16.0,57,57,信用需給は判定不能,信用データがデータなし、または売残0で信用倍率を算出不能
2026-08-20,4375,セーフィー,グロース,670.0,8.59,0.45,7.2,2.99,1.77,24.87,655.0,670.0,626.0,670.0,673.0,613.0,613.0,634.42,619.9,619.9,16,除外,95.0,45.8,0.38,54.65,650.52,674.15,767.27,+1.45σ,1.44,陰線→陽線 / 2～5日下落後の陽線,強,買い,BB逆張り / アンチ,2,0.0,613.0,784.0,2.0,直近2～5日まで下落、BB -2σ付近から反発、ストキャス売られ過ぎから反転、%K反転、%D方向改善、2～5日下落後の陽線、出来高増加を伴う反転 / 信用需給: 信用データがデータなし、または売残0で信用倍率を算出不能,急騰済み（当日急騰）,https://finance.yahoo.co.jp/quote/4375.T,データなし,データなし,データなし,データなし,データなし,データなし,データなし,データなし,16.0,0,0,16.0,57,57,信用需給は判定不能,信用データがデータなし、または売残0で信用倍率を算出不能
2026-08-20,6113,アマダ,プライム,2625.0,2.9,-7.33,-5.23,-5.81,0.45,129.98,2617.5,2635.0,2576.5,2635.0,2858.0,2540.0,2478.0,2658.18,2546.67,2546.67,16,S,26.73,41.28,-16.43,42.07,2786.82,2883.63,2407.7,-1.30σ,0.94,陰線→陽線 / 2～5日下落後の陽線,なし,買い,BB逆張り,1,0.0,2430.03,3014.94,2.0,直近2～5日まで下落、RSI40以下から反転上昇、BB -2σ付近から反発、ストキャス売られ過ぎから反転、%K反転、2～5日下落後の陽線 / 信用需給: 信用データがデータなし、または売残0で信用倍率を算出不能,,https://finance.yahoo.co.jp/quote/6113.T,データなし,データなし,データなし,データなし,データなし,データなし,データなし,データなし,16.0,0,0,16.0,57,57,信用需給は判定不能,信用データがデータなし、または売残0で信用倍率を算出不能
2026-08-20,2980,ＳＲＥホールディングス,プライム,2420.0,1.72,-4.54,-3.89,-5.95,0.51,104.9,2484.0,2438.0,2384.0,2484.0,2579.0,2361.0,2361.0,2482.07,2387.79,2387.79,16,S,21.38,23.73,-15.84,42.17,2573.08,2652.08,2913.46,-1.66σ,0.72,陰線→陽線 / はらみ足 / 2～5日下落後の陽線,なし,買い,BB逆張り,1,0.0,2262.65,2734.7,2.0,直近2～5日まで下落、RSI40以下から反転上昇、BB -2σ付近から反発、ストキャス売られ過ぎから反転、%K反転、2～5日下落後の陽線 / 信用需給: 信用データがデータなし、または売残0で信用倍率を算出不能,,https://finance.yahoo.co.jp/quote/2980.T,データなし,データなし,データなし,データなし,データなし,データなし,データなし,データなし,16.0,0,0,16.0,57,57,信用需給は判定不能,信用データがデータなし、または売残0で信用倍率を算出不能
2026-08-20,5929,三和ホールディングス,プライム,3629.0,3.27,2.17,-1.28,-1.78,0.62,101.69,3561.0,3655.0,3592.0,3655.0,3655.0,3502.0,3258.0,3528.66,3375.57,3375.57,16,S,54.51,47.94,-3.3,47.82,3694.88,3630.4,3807.63,-0.34σ,1.23,陰線→陽線 / 2～5日下落後の陽線,なし,買い,BB逆張り,1,0.0,3476.46,3934.08,2.0,直近2～5日まで下落、RSI40以下から反転上昇、BB -1σ以下から反発、ストキャス売られ過ぎから反転、%K反転、%D方向改善、2～5日下落後の陽線 / 信用需給: 信用データがデータなし、または売残0で信用倍率を算出不能,,https://finance.yahoo.co.jp/quote/5929.T,データなし,データなし,データなし,データなし,データなし,データなし,データなし,データなし,16.0,0,0,16.0,57,57,信用需給は判定不能,信用データがデータなし、または売残0で信用倍率を算出不能
2026-08-20,5240,ｍｏｎｏＡＩ　ｔｅｃｈｎｏｌｏｇｙ,グロース,244.0,25.77,15.64,14.55,18.35,2.12,24.49,207.0,244.0,192.0,244.0,244.0,190.0,158.0,193.97,176.55,176.55,16,除外,100.0,35.99,4.8,61.8,206.16,159.51,201.28,+1.87σ,2.79,陰線→陽線 / 強気包み足 / 2～5日下落後の陽線,強,買い,アンチ,1,0.0,190.0,352.0,2.0,直近2～5日まで下落、ストキャス売られ過ぎから反転、%K反転、%D方向改善、陽の包み足、2～5日下落後の陽線、出来高増加を伴う反転 / 信用需給: 信用データがデータなし、または売残0で信用倍率を算出不能,急騰済み（当日急騰、3営業日急騰、25日線上方乖離、ストップ高に近い急騰）,https://finance.yahoo.co.jp/quote/5240.T,データなし,データなし,データなし,データなし,データなし,データなし,データなし,データなし,16.0,0,0,16.0,57,57,信用需給は判定不能,信用データがデータなし、または売残0で信用倍率を算出不能
2026-08-20,5706,三井金属,プライム,28570.0,3.87,-9.56,-3.15,-6.84,0.72,2806.85,29090.0,29070.0,27045.0,29090.0,33120.0,27045.0,24780.0,27876.97,25525.19,25525.19,16,S,25.1,43.85,-15.6,42.86,30668.2,40232.33,30663.05,-0.71σ,1.17,陰線→陽線 / 前日安値割れ反転 / 2～5日下落後の陽線,なし,買い,BB逆張り / 底固め,2,0.0,24359.73,36990.55,2.0,直近2～5日まで下落、BB -1σ以下から反発、ストキャス売られ過ぎから反転、%K反転、長い下ヒゲ反転、2～5日下落後の陽線、直近安値切り上げ、BB幅収縮、RSI安値切り上げ / 信用需給: 信用データがデータなし、または売残0で信用倍率を算出不能,,https://finance.yahoo.co.jp/quote/5706.T,データなし,データなし,データなし,データなし,データなし,データなし,データなし,データなし,16.0,0,0,16.0,57,57,信用需給は判定不能,信用データがデータなし、または売残0で信用倍率を算出不能
2026-08-20,3482,ロードスターキャピタル,プライム,2619.0,2.71,-0.91,0.38,-2.08,0.76,65.86,2595.0,2619.0,2569.0,2619.0,2632.0,2536.0,2536.0,2595.02,2524.89,2524.89,16,S,68.03,32.36,3.12,46.18,2674.76,2775.51,2971.71,-0.66σ,0.6,陰線→陽線 / 2～5日下落後の陽線,強,買い,BB逆張り / アンチ,2,0.0,2520.2,2816.59,2.0,直近2～5日まで下落、RSI40以下から反転上昇、BB -1σ以下から反発、ストキャス売られ過ぎから反転、%K反転、%D方向改善、2～5日下落後の陽線 / 信用需給: 信用データがデータなし、または売残0で信用倍率を算出不能,,https://finance.yahoo.co.jp/quote/3482.T,データなし,データなし,データなし,データなし,データなし,データなし,データなし,データなし,16.0,0,0,16.0,57,57,信用需給は判定不能,信用データがデータなし、または売残0で信用倍率を算出不能
2026-08-20,6479,ミネベアミツミ,プライム,3417.0,0.15,-8.42,-10.1,-9.58,0.47,175.91,3494.0,3442.0,3360.0,3494.0,3769.0,3360.0,3360.0,3558.83,3390.7,3390.7,16,S,11.15,25.39,-22.21,34.44,3778.96,4169.88,3479.2,-1.84σ,0.9,前日安値割れ反転,なし,買い,BB逆張り / BB＋RSI＋ストキャス,2,0.0,3153.13,3944.74,2.0,直近2～5日まで下落、RSI40以下から反転上昇、BB -2σ付近から反発、ストキャス売られ過ぎから反転、%K反転、長い下ヒゲ反転 / 信用需給: 信用データがデータなし、または売残0で信用倍率を算出不能,,https://finance.yahoo.co.jp/quote/6479.T,データなし,データなし,データなし,データなし,データなし,データなし,データなし,データなし,16.0,0,0,16.0,57,57,信用需給は判定不能,信用データがデータなし、または売残0で信用倍率を算出不能
2026-08-20,8830,住友不動産,プライム,3384.0,3.36,0.71,-0.82,-5.5,0.79,90.65,3293.0,3384.0,3312.0,3384.0,3384.0,3232.0,3232.0,3369.19,3217.03,3217.03,16,S,59.14,18.12,3.72,38.64,3580.92,3752.87,4084.18,-0.90σ,1.24,2～5日下落後の陽線,なし,買い,BB逆張り,1,0.0,3232.0,3688.0,2.0,直近2～5日まで下落、RSI40以下から反転上昇、BB -1σ以下から反発、ストキャス売られ過ぎから反転、%K反転、%D方向改善、2～5日下落後の陽線 / 信用需給: 信用データがデータなし、または売残0で信用倍率を算出不能,,https://finance.yahoo.co.jp/quote/8830.T,データなし,データなし,データなし,データなし,データなし,データなし,データなし,データなし,16.0,0,0,16.0,57,57,信用需給は判定不能,信用データがデータなし、または売残0で信用倍率を算出不能
2026-08-20,6951,日本電子,プライム,7222.0,4.08,-2.73,-19.77,-11.41,0.65,430.17,7189.0,7232.0,6951.0,7232.0,7672.0,6933.0,6933.0,7554.2,7008.6,7008.6,16,S,12.45,44.04,-22.59,40.91,8152.32,7380.63,6326.78,-1.61σ,0.92,陰線→陽線 / 2～5日下落後の陽線,なし,買い,BB逆張り,1,0.0,6576.74,8512.51,2.0,直近2～5日まで下落、RSI40以下から反転上昇、BB -2σ付近から反発、ストキャス売られ過ぎから反転、%K反転、2～5日下落後の陽線 / 信用需給: 信用データがデータなし、または売残0で信用倍率を算出不能,,https://finance.yahoo.co.jp/quote/6951.T,データなし,データなし,データなし,データなし,データなし,データなし,データなし,データなし,16.0,0,0,16.0,57,57,信用需給は判定不能,信用データがデータなし、または売残0で信用倍率を算出不能
2026-08-20,1812,鹿島建設,プライム,4841.0,2.96,-2.81,-0.55,-8.08,0.68,168.76,4867.0,4841.0,4727.0,4867.0,5004.0,4670.0,4670.0,4887.49,4598.09,4598.09,16,S,46.98,17.74,-0.72,33.68,5266.4,5642.61,5928.1,-1.16σ,0.85,陰線→陽線 / はらみ足 / 2～5日下落後の陽線,なし,買い,BB逆張り / BB＋RSI＋ストキャス,2,0.0,4587.85,5347.29,2.0,直近2～5日まで下落、RSI40以下から反転上昇、BB -1σ以下から反発、ストキャス売られ過ぎから反転、%K反転、%D方向改善、2～5日下落後の陽線 / 信用需給: 信用データがデータなし、または売残0で信用倍率を算出不能,,https://finance.yahoo.co.jp/quote/1812.T,データなし,データなし,データなし,データなし,データなし,データなし,データなし,データなし,16.0,0,0,16.0,57,57,信用需給は判定不能,信用データがデータなし、または売残0で信用倍率を算出不能
2026-08-20,1720,東急建設,プライム,1148.0,2.68,0.26,1.41,-0.55,0.71,26.67,1138.0,1148.0,1129.0,1148.0,1160.0,1105.0,1096.0,1129.09,1109.32,1109.32,16,S,78.18,50.81,3.54,48.57,1154.4,1186.04,1292.96,-0.04σ,1.08,陰線→陽線 / 2～5日下落後の陽線,強,買い,BB逆張り / アンチ,2,0.0,1105.0,1234.0,2.0,直近2～5日まで下落、RSI40以下から反転上昇、BB -1σ以下から反発、ストキャス売られ過ぎから反転、%K反転、%D方向改善、2～5日下落後の陽線 / 信用需給: 信用データがデータなし、または売残0で信用倍率を算出不能,,https://finance.yahoo.co.jp/quote/1720.T,データなし,データなし,データなし,データなし,データなし,データなし,データなし,データなし,16.0,0,0,16.0,57,57,信用需給は判定不能,信用データがデータなし、または売残0で信用倍率を算出不能
2026-08-20,1959,クラフティア,プライム,8233.0,2.6,-2.76,-0.47,-2.94,0.63,267.8,8154.0,8241.0,8073.0,8241.0,8513.0,7987.0,7949.0,8101.77,7786.95,7786.95,16,S,44.01,42.29,4.12,43.87,8482.2,8925.75,8753.83,-0.58σ,0.68,陰線→陽線 / 2～5日下落後の陽線,強,買い,BB逆張り / アンチ,2,0.0,7831.29,9036.41,2.0,直近2～5日まで下落、RSI40以下から反転上昇、BB -1σ以下から反発、ストキャス売られ過ぎから反転、%K反転、%D方向改善、2～5日下落後の陽線 / 信用需給: 信用データがデータなし、または売残0で信用倍率を算出不能,,https://finance.yahoo.co.jp/quote/1959.T,データなし,データなし,データなし,データなし,データなし,データなし,データなし,データなし,16.0,0,0,16.0,57,57,信用需給は判定不能,信用データがデータなし、または売残0で信用倍率を算出不能
2026-08-20,1801,大成建設,プライム,12555.0,2.95,-2.86,-2.67,-4.82,0.67,473.39,12605.0,12555.0,12240.0,12605.0,13050.0,12085.0,12085.0,12639.76,12224.78,12224.78,16,S,41.78,34.76,-4.76,40.88,13190.4,14066.0,14969.38,-1.20σ,0.69,陰線→陽線 / はらみ足 / 2～5日下落後の陽線,なし,買い,BB逆張り,1,0.0,11844.91,13975.18,2.0,直近2～5日まで下落、RSI40以下から反転上昇、BB -2σ付近から反発、ストキャス売られ過ぎから反転、%K反転、2～5日下落後の陽線 / 信用需給: 信用データがデータなし、または売残0で信用倍率を算出不能,,https://finance.yahoo.co.jp/quote/1801.T,データなし,データなし,データなし,データなし,データなし,データなし,データなし,データなし,16.0,0,0,16.0,57,57,信用需給は判定不能,信用データがデータなし、または売残0で信用倍率を算出不能
2026-08-20,7202,いすゞ自動車,プライム,2230.0,2.91,-1.35,-0.2,-3.44,0.91,69.65,2242.0,2240.5,2177.0,2242.0,2258.5,2167.0,2167.0,2219.81,2135.67,2135.67,16,S,38.07,33.11,0.94,44.87,2309.36,2260.21,2358.46,-0.88σ,1.04,陰線→陽線 / はらみ足 / 2～5日下落後の陽線,強,買い,BB逆張り / アンチ,2,0.0,2125.53,2438.94,2.0,直近2～5日まで下落、RSI40以下から反転上昇、BB -1σ以下から反発、ストキャス売られ過ぎから反転、%K反転、%D方向改善、2～5日下落後の陽線 / 信用需給: 信用データがデータなし、または売残0で信用倍率を算出不能,,https://finance.yahoo.co.jp/quote/7202.T,データなし,データなし,データなし,データなし,データなし,データなし,データなし,データなし,16.0,0,0,16.0,57,57,信用需給は判定不能,信用データがデータなし、または売残0で信用倍率を算出不能
2026-08-20,6432,竹内製作所,プライム,7300.0,2.53,-3.82,-4.7,-2.65,0.89,268.44,7360.0,7340.0,7100.0,7360.0,7670.0,7100.0,7090.0,7374.98,7186.96,7186.96,16,S,28.99,47.23,-13.2,45.05,7498.8,7292.67,6946.25,-1.40σ,0.77,陰線→陽線 / はらみ足 / 2～5日下落後の陽線,なし,買い,BB逆張り,1,0.0,6897.34,8105.31,2.0,直近2～5日まで下落、RSI40以下から反転上昇、BB -2σ付近から反発、ストキャス売られ過ぎから反転、%K反転、2～5日下落後の陽線 / 信用需給: 信用データがデータなし、または売残0で信用倍率を算出不能,,https://finance.yahoo.co.jp/quote/6432.T,データなし,データなし,データなし,データなし,データなし,データなし,データなし,データなし,16.0,0,0,16.0,57,57,信用需給は判定不能,信用データがデータなし、または売残0で信用倍率を算出不能
2026-08-20,8914,エリアリンク,スタンダード,932.0,3.79,1.3,-1.79,0.28,1.14,34.95,909.0,938.0,898.0,938.0,938.0,890.0,883.0,907.7,876.1,876.1,16,S,70.0,41.86,5.83,52.95,929.44,911.95,1032.06,-0.23σ,0.6,陰線→陽線 / 強気包み足 / 2～5日下落後の陽線,強,買い,BB逆張り / アンチ,2,0.0,879.57,1036.85,2.0,直近2～5日まで下落、BB -1σ以下から反発、ストキャス売られ過ぎから反転、%K反転、%D方向改善、陽の包み足、2～5日下落後の陽線 / 信用需給: 信用データがデータなし、または売残0で信用倍率を算出不能,,https://finance.yahoo.co.jp/quote/8914.T,データなし,データなし,データなし,データなし,データなし,データなし,データなし,データなし,16.0,0,0,16.0,57,57,信用需給は判定不能,信用データがデータなし、または売残0で信用倍率を算出不能
2026-08-20,6925,ウシオ電機,プライム,3854.0,2.77,-11.56,-11.1,-4.64,0.7,223.52,3947.0,3881.0,3724.0,3947.0,4413.0,3724.0,3513.0,3793.11,3548.92,3548.92,16,S,18.23,56.62,-14.12,43.94,4041.32,4114.92,3279.03,-0.75σ,1.45,陰線→陽線 / 前日安値割れ反転 / 2～5日下落後の陽線,なし,買い,BB逆張り,1,0.0,3518.72,4524.55,2.0,直近2～5日まで下落、BB -1σ以下から反発、ストキャス売られ過ぎから反転、%K反転、長い下ヒゲ反転、2～5日下落後の陽線、出来高増加を伴う反転 / 信用需給: 信用データがデータなし、または売残0で信用倍率を算出不能,,https://finance.yahoo.co.jp/quote/6925.T,データなし,データなし,データなし,データなし,データなし,データなし,データなし,データなし,16.0,0,0,16.0,57,57,信用需給は判定不能,信用データがデータなし、または売残0で信用倍率を算出不能
2026-08-20,3415,ＴＯＫＹＯ　ＢＡＳＥ,プライム,375.0,2.46,-1.06,-2.85,-4.99,0.61,14.78,378.0,377.0,368.0,378.0,379.0,365.0,364.0,375.08,358.66,358.66,16,S,40.0,34.86,-4.61,44.54,394.68,370.52,407.76,-1.00σ,0.39,陰線→陽線 / はらみ足 / 2～5日下落後の陽線,なし,買い,BB逆張り,1,0.0,352.83,419.33,2.0,直近2～5日まで下落、RSI40以下から反転上昇、BB -1σ以下から反発、ストキャス売られ過ぎから反転、%K反転、%D方向改善、2～5日下落後の陽線 / 信用需給: 信用データがデータなし、または売残0で信用倍率を算出不能,,https://finance.yahoo.co.jp/quote/3415.T,データなし,データなし,データなし,データなし,データなし,データなし,データなし,データなし,16.0,0,0,16.0,57,57,信用需給は判定不能,信用データがデータなし、または売残0で信用倍率を算出不能
2026-08-20,4980,デクセリアルズ,プライム,2973.5,4.21,-7.05,-6.73,-10.65,0.5,195.6,2944.5,3015.0,2916.5,3015.0,3298.0,2844.0,2844.0,3019.81,2806.42,2806.42,15,S,28.52,26.27,-10.47,36.31,3327.84,3798.72,3050.88,-1.22σ,1.2,陰線→陽線 / 2～5日下落後の陽線,なし,買い,BB逆張り / BB＋RSI＋ストキャス,2,0.0,2680.1,3560.29,2.0,直近2～5日まで下落、RSI40以下から反転上昇、BB -1σ以下から反発、ストキャス売られ過ぎから反転、%K反転、2～5日下落後の陽線 / 信用需給: 信用データがデータなし、または売残0で信用倍率を算出不能,,https://finance.yahoo.co.jp/quote/4980.T,データなし,データなし,データなし,データなし,データなし,データなし,データなし,データなし,15.0,0,0,15.0,88,88,信用需給は判定不能,信用データがデータなし、または売残0で信用倍率を算出不能
2026-08-20,9247,ＴＲＥホールディングス,プライム,1982.0,3.28,-1.54,-2.41,-3.11,0.88,72.34,1977.0,1988.0,1924.0,1988.0,2080.0,1913.0,1913.0,1951.84,1889.92,1889.92,15,S,34.16,31.5,-4.17,46.54,2045.68,1897.72,1737.82,-0.51σ,1.2,陰線→陽線 / 2～5日下落後の陽線,なし,買い,BB逆張り,1,0.0,1873.49,2199.01,2.0,直近2～5日まで下落、RSI40以下から反転上昇、BB -1σ以下から反発、ストキャス売られ過ぎから反転、%K反転、2～5日下落後の陽線 / 信用需給: 信用データがデータなし、または売残0で信用倍率を算出不能,,https://finance.yahoo.co.jp/quote/9247.T,データなし,データなし,データなし,データなし,データなし,データなし,データなし,データなし,15.0,0,0,15.0,88,88,信用需給は判定不能,信用データがデータなし、または売残0で信用倍率を算出不能
2026-08-20,5074,テスホールディングス,プライム,634.0,3.93,-7.58,-20.65,-12.44,0.46,58.81,625.0,636.0,609.0,636.0,669.0,594.0,594.0,641.9,576.8,576.8,15,S,19.14,43.69,-19.41,39.99,724.08,887.97,623.08,-1.12σ,0.46,2～5日下落後の陽線,なし,買い,BB逆張り / BB＋RSI＋ストキャス,2,0.0,545.79,810.42,2.0,直近2～5日まで下落、RSI40以下から反転上昇、BB -1σ以下から反発、ストキャス売られ過ぎから反転、%K反転、2～5日下落後の陽線 / 信用需給: 信用データがデータなし、または売残0で信用倍率を算出不能,,https://finance.yahoo.co.jp/quote/5074.T,データなし,データなし,データなし,データなし,データなし,データなし,データなし,データなし,15.0,0,0,15.0,88,88,信用需給は判定不能,信用データがデータなし、または売残0で信用倍率を算出不能
2026-08-20,3046,ジンズホールディングス,プライム,6450.0,1.26,0.16,-0.92,-1.18,0.44,274.87,6470.0,6520.0,6400.0,6520.0,6520.0,6250.0,6170.0,6374.79,6195.09,6195.09,15,S,48.78,45.41,-0.08,44.79,6527.2,7421.87,6385.02,-0.58σ,0.64,陰線→陽線 / 2～5日下落後の陽線,なし,買い,BB逆張り / 底固め,2,0.0,6037.7,7274.6,2.0,直近2～5日まで下落、BB -1σ以下から反発、ストキャス売られ過ぎから反転、%K反転、%D方向改善、2～5日下落後の陽線、直近安値切り上げ、ATR低下、BB幅収縮、RSI安値切り上げ / 信用需給: 信用データがデータなし、または売残0で信用倍率を算出不能,,https://finance.yahoo.co.jp/quote/3046.T,データなし,データなし,データなし,データなし,データなし,データなし,データなし,データなし,15.0,0,0,15.0,88,88,信用需給は判定不能,信用データがデータなし、または売残0で信用倍率を算出不能
2026-08-20,4425,Ｋｕｄａｎ,グロース,1596.0,6.05,-5.95,-7.21,-6.29,0.73,93.7,1585.0,1598.0,1530.0,1598.0,1725.0,1497.0,1497.0,1583.36,1506.17,1506.17,15,S,38.37,53.63,-13.06,42.13,1703.08,1923.59,1767.03,-0.84σ,0.85,陰線→陽線 / 2～5日下落後の陽線,なし,買い,BB逆張り,1,0.0,1455.45,1877.11,2.0,直近2～5日まで下落、RSI40以下から反転上昇、BB -1σ以下から反発、ストキャス売られ過ぎから反転、%K反転、2～5日下落後の陽線 / 信用需給: 信用データがデータなし、または売残0で信用倍率を算出不能,,https://finance.yahoo.co.jp/quote/4425.T,データなし,データなし,データなし,データなし,データなし,データなし,データなし,データなし,15.0,0,0,15.0,88,88,信用需給は判定不能,信用データがデータなし、または売残0で信用倍率を算出不能
2026-08-20,7373,アイドマ・ホールディングス,グロース,956.0,2.8,0.31,0.53,-1.06,0.96,28.03,945.0,959.0,932.0,959.0,959.0,925.0,911.0,930.13,905.55,905.55,15,S,53.45,43.89,9.13,41.54,966.24,1107.16,1846.75,+0.05σ,0.65,陰線→陽線 / 2～5日下落後の陽線,強,買い,BB逆張り / 底固め / アンチ,3,0.0,913.95,1040.1,2.0,直近2～5日まで下落、RSI40以下から反転上昇、BB -1σ以下から反発、%K反転、%D方向改善、2～5日下落後の陽線、直近安値切り上げ、ATR低下、BB幅収縮、RSI安値切り上げ / 信用需給: 信用データがデータなし、または売残0で信用倍率を算出不能,,https://finance.yahoo.co.jp/quote/7373.T,データなし,データなし,データなし,データなし,データなし,データなし,データなし,データなし,15.0,0,0,15.0,88,88,信用需給は判定不能,信用データがデータなし、または売残0で信用倍率を算出不能
2026-08-20,3104,富士紡ホールディングス,プライム,3505.0,2.64,-7.4,-5.53,-5.66,0.48,196.58,3555.0,3515.0,3420.0,3555.0,3835.0,3415.0,3315.0,3484.75,3295.0,3295.0,15,S,21.43,39.28,-11.02,42.54,3715.2,3957.13,3404.31,-0.89σ,0.48,陰線→陽線 / はらみ足 / 2～5日下落後の陽線,なし,買い,BB逆張り,1,0.0,3210.12,4094.75,2.0,直近2～5日まで下落、RSI40以下から反転上昇、BB -1σ以下から反発、ストキャス売られ過ぎから反転、%K反転、2～5日下落後の陽線 / 信用需給: 信用データがデータなし、または売残0で信用倍率を算出不能,,https://finance.yahoo.co.jp/quote/3104.T,データなし,データなし,データなし,データなし,データなし,データなし,データなし,データなし,15.0,0,0,15.0,88,88,信用需給は判定不能,信用データがデータなし、または売残0で信用倍率を算出不能
2026-08-20,5332,ＴＯＴＯ,プライム,6363.0,3.03,-4.46,-4.7,-7.65,0.64,283.5,6269.0,6363.0,6182.0,6363.0,6695.0,6110.0,6095.0,6304.22,5913.18,5913.18,15,S,39.53,48.06,-1.5,37.88,6890.0,7458.45,5874.32,-0.85σ,0.84,2～5日下落後の陽線,なし,買い,BB逆張り / BB＋RSI＋ストキャス,2,0.0,5937.75,7213.5,2.0,直近2～5日まで下落、RSI40以下から反転上昇、BB -1σ以下から反発、ストキャス売られ過ぎから反転、%K反転、2～5日下落後の陽線 / 信用需給: 信用データがデータなし、または売残0で信用倍率を算出不能,,https://finance.yahoo.co.jp/quote/5332.T,データなし,データなし,データなし,データなし,データなし,データなし,データなし,データなし,15.0,0,0,15.0,88,88,信用需給は判定不能,信用データがデータなし、または売残0で信用倍率を算出不能
2026-08-20,4975,ＪＣＵ,プライム,5440.0,3.03,-5.23,-4.06,-8.93,0.61,309.03,5320.0,5480.0,5290.0,5480.0,5720.0,5160.0,5160.0,5451.08,5049.66,5049.66,15,S,45.16,22.68,-18.34,39.1,5973.2,6836.4,5962.22,-1.03σ,0.92,2～5日下落後の陽線,なし,買い,BB逆張り / BB＋RSI＋ストキャス,2,0.0,4976.45,6367.1,2.0,直近2～5日まで下落、RSI40以下から反転上昇、BB -1σ以下から反発、ストキャス売られ過ぎから反転、%K反転、2～5日下落後の陽線 / 信用需給: 信用データがデータなし、または売残0で信用倍率を算出不能,,https://finance.yahoo.co.jp/quote/4975.T,データなし,データなし,データなし,データなし,データなし,データなし,データなし,データなし,15.0,0,0,15.0,88,88,信用需給は判定不能,信用データがデータなし、または売残0で信用倍率を算出不能
2026-08-20,3099,三越伊勢丹ホールディングス,プライム,3531.0,2.56,0.03,-4.44,-3.56,0.53,126.78,3510.0,3531.0,3464.0,3531.0,3572.0,3416.0,3416.0,3524.1,3453.1,3453.1,15,S,23.33,42.76,-9.39,42.12,3661.28,3610.97,3041.63,-0.90σ,0.63,陰線→陽線 / 2～5日下落後の陽線,なし,買い,BB逆張り,1,0.0,3340.82,3911.35,2.0,直近2～5日まで下落、RSI40以下から反転上昇、BB -1σ以下から反発、ストキャス売られ過ぎから反転、%K反転、2～5日下落後の陽線 / 信用需給: 信用データがデータなし、または売残0で信用倍率を算出不能,,https://finance.yahoo.co.jp/quote/3099.T,データなし,データなし,データなし,データなし,データなし,データなし,データなし,データなし,15.0,0,0,15.0,88,88,信用需給は判定不能,信用データがデータなし、または売残0で信用倍率を算出不能
2026-08-20,6254,野村マイクロ・サイエンス,プライム,3590.0,2.57,-9.34,-7.83,-10.06,0.43,289.29,3600.0,3610.0,3485.0,3610.0,3990.0,3470.0,3380.0,3649.22,3344.19,3344.19,15,S,20.17,30.45,-22.06,41.09,3991.4,4390.33,3704.98,-1.19σ,0.52,陰線→陽線 / 2～5日下落後の陽線,なし,買い,BB逆張り,1,0.0,3156.06,4457.88,2.0,直近2～5日まで下落、RSI40以下から反転上昇、BB -1σ以下から反発、ストキャス売られ過ぎから反転、%K反転、2～5日下落後の陽線 / 信用需給: 信用データがデータなし、または売残0で信用倍率を算出不能,,https://finance.yahoo.co.jp/quote/6254.T,データなし,データなし,データなし,データなし,データなし,データなし,データなし,データなし,15.0,0,0,15.0,88,88,信用需給は判定不能,信用データがデータなし、または売残0で信用倍率を算出不能
2026-08-20,7409,ＡｅｒｏＥｄｇｅ,グロース,1432.0,6.07,-5.17,-6.47,-5.64,0.59,123.31,1374.0,1445.0,1372.0,1445.0,1498.0,1301.0,1301.0,1423.94,1328.38,1328.38,15,S,27.7,45.72,-22.04,43.07,1517.52,1720.59,1702.43,-0.92σ,0.72,陰線→陽線 / 2～5日下落後の陽線,なし,買い,BB逆張り,1,0.0,1247.03,1801.93,2.0,直近2～5日まで下落、RSI40以下から反転上昇、BB -1σ以下から反発、ストキャス売られ過ぎから反転、%K反転、2～5日下落後の陽線 / 信用需給: 信用データがデータなし、または売残0で信用倍率を算出不能,,https://finance.yahoo.co.jp/quote/7409.T,データなし,データなし,データなし,データなし,データなし,データなし,データなし,データなし,15.0,0,0,15.0,88,88,信用需給は判定不能,信用データがデータなし、または売残0で信用倍率を算出不能
2026-08-20,6101,ツガミ,プライム,5590.0,1.82,-10.42,-10.27,-10.86,0.56,432.28,5650.0,5700.0,5460.0,5700.0,6290.0,5410.0,5410.0,5673.71,5261.42,5261.42,15,S,18.18,51.41,-5.52,38.82,6270.8,6602.87,4549.28,-1.20σ,0.52,陰線→陽線 / 2～5日下落後の陽線,なし,買い,BB逆張り / BB＋RSI＋ストキャス,2,0.0,4941.58,6886.85,2.0,直近2～5日まで下落、RSI40以下から反転上昇、BB -1σ以下から反発、ストキャス売られ過ぎから反転、%K反転、2～5日下落後の陽線 / 信用需給: 信用データがデータなし、または売残0で信用倍率を算出不能,,https://finance.yahoo.co.jp/quote/6101.T,データなし,データなし,データなし,データなし,データなし,データなし,データなし,データなし,15.0,0,0,15.0,88,88,信用需給は判定不能,信用データがデータなし、または売残0で信用倍率を算出不能
2026-08-20,4570,免疫生物研究所,グロース,1098.0,9.91,3.0,5.07,11.74,1.62,49.96,1047.0,1117.0,1036.0,1117.0,1117.0,992.0,895.0,931.17,879.89,879.89,15,除外,85.27,69.85,-2.86,63.42,982.6,1036.23,1311.64,+2.25σ,4.57,陰線→陽線 / 2～5日下落後の陽線,なし,買い,底固め,1,0.0,992.0,1310.0,2.0,直近2～5日まで下落、ストキャス売られ過ぎから反転、%K反転、%D方向改善、2～5日下落後の陽線、出来高増加を伴う反転、直近安値切り上げ、RSI安値切り上げ、レンジ上限突破 / 信用需給: 信用データがデータなし、または売残0で信用倍率を算出不能,急騰済み（当日急騰、25日線上方乖離、BB +2σ大幅超過）,https://finance.yahoo.co.jp/quote/4570.T,データなし,データなし,データなし,データなし,データなし,データなし,データなし,データなし,15.0,0,0,15.0,88,88,信用需給は判定不能,信用データがデータなし、または売残0で信用倍率を算出不能
2026-08-20,4704,トレンドマイクロ,プライム,5708.0,1.67,6.65,-16.68,-10.18,0.5,262.9,5630.0,5720.0,5589.0,5720.0,5720.0,5302.0,5302.0,5861.43,5380.66,5380.66,15,S,24.17,47.74,-3.73,39.48,6354.72,6108.51,6245.9,-1.32σ,0.85,2～5日下落後の陽線,なし,買い,BB逆張り / BB＋RSI＋ストキャス,2,0.0,5302.0,6520.0,2.0,直近2～5日まで下落、RSI40以下から反転上昇、BB -1σ以下から反発、ストキャス売られ過ぎから反転、%K反転、2～5日下落後の陽線 / 信用需給: 信用データがデータなし、または売残0で信用倍率を算出不能,,https://finance.yahoo.co.jp/quote/4704.T,データなし,データなし,データなし,データなし,データなし,データなし,データなし,データなし,15.0,0,0,15.0,88,88,信用需給は判定不能,信用データがデータなし、または売残0で信用倍率を算出不能
2026-08-20,6268,ナブテスコ,プライム,4615.0,2.28,-6.54,-7.22,-4.31,0.45,232.58,4602.0,4615.0,4510.0,4615.0,5010.0,4478.0,4104.0,4545.81,4319.02,4319.02,15,S,22.68,54.1,-21.34,42.5,4822.8,5156.32,4518.47,-0.69σ,0.67,2～5日下落後の陽線,なし,買い,BB逆張り,1,0.0,4266.13,5312.75,2.0,直近2～5日まで下落、RSI40以下から反転上昇、BB -1σ以下から反発、ストキャス売られ過ぎから反転、%K反転、2～5日下落後の陽線 / 信用需給: 信用データがデータなし、または売残0で信用倍率を算出不能,,https://finance.yahoo.co.jp/quote/6268.T,データなし,データなし,データなし,データなし,データなし,データなし,データなし,データなし,15.0,0,0,15.0,88,88,信用需給は判定不能,信用データがデータなし、または売残0で信用倍率を算出不能
2026-08-20,6196,ストライクグループ,プライム,1353.0,3.6,0.67,2.58,1.25,1.37,29.87,1322.0,1353.0,1312.0,1353.0,1353.0,1300.0,1248.0,1310.41,1289.27,1289.27,15,S,100.0,64.38,4.72,55.64,1336.28,1281.25,1339.66,+1.01σ,0.92,陰線→陽線 / 2～5日下落後の陽線,強,買い,BB逆張り / 底固め / アンチ,3,0.0,1300.0,1459.0,2.0,直近2～5日まで下落、BB -1σ以下から反発、ストキャス売られ過ぎから反転、%K反転、%D方向改善、2～5日下落後の陽線、直近安値切り上げ、BB幅収縮、レンジ上限突破 / 信用需給: 信用データがデータなし、または売残0で信用倍率を算出不能,,https://finance.yahoo.co.jp/quote/6196.T,データなし,データなし,データなし,データなし,データなし,データなし,データなし,データなし,15.0,0,0,15.0,88,88,信用需給は判定不能,信用データがデータなし、または売残0で信用倍率を算出不能
2026-08-20,6145,ＮＩＴＴＯＫＵ,スタンダード,2356.0,1.73,-6.51,-2.08,-8.26,0.46,119.35,2401.0,2365.0,2310.0,2401.0,2524.0,2309.0,2269.0,2386.46,2231.03,2231.03,15,S,34.12,34.76,-18.0,39.45,2568.04,2834.97,2550.74,-1.20σ,0.52,陰線→陽線 / はらみ足 / 2～5日下落後の陽線,なし,買い,BB逆張り / BB＋RSI＋ストキャス,2,0.0,2176.97,2714.06,2.0,直近2～5日まで下落、RSI40以下から反転上昇、BB -1σ以下から反発、ストキャス売られ過ぎから反転、%K反転、2～5日下落後の陽線 / 信用需給: 信用データがデータなし、または売残0で信用倍率を算出不能,,https://finance.yahoo.co.jp/quote/6145.T,データなし,データなし,データなし,データなし,データなし,データなし,データなし,データなし,15.0,0,0,15.0,88,88,信用需給は判定不能,信用データがデータなし、または売残0で信用倍率を算出不能
2026-08-20,6146,ディスコ,プライム,60320.0,0.94,-8.48,-8.37,-3.62,0.36,4061.95,61580.0,60360.0,58900.0,61580.0,65820.0,58620.0,49400.0,56610.97,52207.95,52207.95,15,S,17.89,61.29,-18.47,44.05,62585.2,69813.47,64031.6,-0.16σ,0.6,強気包み足 / はらみ足 / 2～5日下落後の陽線,なし,買い,底固め,1,0.0,54227.08,72505.84,2.0,直近2～5日まで下落、ストキャス売られ過ぎから反転、%K反転、陽の包み足、2～5日下落後の陽線、直近安値切り上げ、ATR低下、BB幅収縮、RSI安値切り上げ / 信用需給: 信用データがデータなし、または売残0で信用倍率を算出不能,,https://finance.yahoo.co.jp/quote/6146.T,データなし,データなし,データなし,データなし,データなし,データなし,データなし,データなし,15.0,0,0,15.0,88,88,信用需給は判定不能,信用データがデータなし、または売残0で信用倍率を算出不能
2026-08-20,6768,タムラ製作所,プライム,788.0,1.94,-3.9,-3.43,-5.83,0.51,42.88,811.0,792.0,770.0,811.0,828.0,764.0,726.0,775.68,732.02,732.02,15,S,35.82,38.21,-7.77,42.05,836.8,925.61,748.68,-0.72σ,0.51,陰線→陽線 / はらみ足 / 2～5日下落後の陽線,なし,買い,BB逆張り,1,0.0,723.68,916.64,2.0,直近2～5日まで下落、RSI40以下から反転上昇、BB -1σ以下から反発、ストキャス売られ過ぎから反転、%K反転、2～5日下落後の陽線 / 信用需給: 信用データがデータなし、または売残0で信用倍率を算出不能,,https://finance.yahoo.co.jp/quote/6768.T,データなし,データなし,データなし,データなし,データなし,データなし,データなし,データなし,15.0,0,0,15.0,88,88,信用需給は判定不能,信用データがデータなし、または売残0で信用倍率を算出不能
2026-08-20,4543,テルモ,プライム,2576.5,4.23,-1.66,-1.68,8.44,0.82,92.84,2480.5,2611.0,2534.5,2611.0,2650.0,2404.0,2133.0,2257.83,2100.49,2100.49,15,S,60.53,71.36,3.36,61.1,2375.88,2271.38,2233.96,+1.03σ,1.37,長い下ヒゲ（ハンマー） / 2～5日下落後の陽線,通常,買い,アンチ,1,0.0,2404.0,2921.5,2.0,直近2～5日まで下落、ストキャス売られ過ぎから反転、%K反転、%D方向改善、長い下ヒゲ反転、2～5日下落後の陽線、出来高増加を伴う反転 / 信用需給: 信用データがデータなし、または売残0で信用倍率を算出不能,,https://finance.yahoo.co.jp/quote/4543.T,データなし,データなし,データなし,データなし,データなし,データなし,データなし,データなし,15.0,0,0,15.0,88,88,信用需給は判定不能,信用データがデータなし、または売残0で信用倍率を算出不能
2026-08-20,4182,三菱瓦斯化学,プライム,3857.0,0.65,-8.73,-5.58,-8.98,0.29,246.51,3920.0,3857.0,3785.0,3920.0,4156.0,3755.0,3711.0,3899.39,3635.79,3635.79,15,S,21.66,33.34,-18.05,40.37,4237.44,4729.64,3924.36,-1.16σ,1.25,陰線→陽線 / はらみ足 / 2～5日下落後の陽線,なし,買い,BB逆張り,1,0.0,3487.23,4596.53,2.0,直近2～5日まで下落、RSI40以下から反転上昇、BB -1σ以下から反発、ストキャス売られ過ぎから反転、%K反転、2～5日下落後の陽線 / 信用需給: 信用データがデータなし、または売残0で信用倍率を算出不能,,https://finance.yahoo.co.jp/quote/4182.T,データなし,データなし,データなし,データなし,データなし,データなし,データなし,データなし,15.0,0,0,15.0,88,88,信用需給は判定不能,信用データがデータなし、または売残0で信用倍率を算出不能
2026-08-20,4061,デンカ,プライム,3380.0,2.24,-6.27,-5.74,-5.56,0.57,185.01,3386.0,3388.0,3282.0,3388.0,3639.0,3275.0,3182.0,3361.7,3197.45,3197.45,15,S,26.25,35.84,-15.35,41.51,3579.16,3950.23,3391.27,-0.89σ,0.62,陰線→陽線 / 2～5日下落後の陽線,なし,買い,BB逆張り,1,0.0,3102.49,3935.03,2.0,直近2～5日まで下落、RSI40以下から反転上昇、BB -1σ以下から反発、ストキャス売られ過ぎから反転、%K反転、2～5日下落後の陽線 / 信用需給: 信用データがデータなし、または売残0で信用倍率を算出不能,,https://finance.yahoo.co.jp/quote/4061.T,データなし,データなし,データなし,データなし,データなし,データなし,データなし,データなし,15.0,0,0,15.0,88,88,信用需給は判定不能,信用データがデータなし、または売残0で信用倍率を算出不能
2026-08-20,7201,日産自動車,プライム,337.4,6.77,2.18,2.09,1.23,1.61,11.84,330.9,338.1,319.0,338.1,338.1,316.0,316.0,324.26,314.0,314.0,15,S,62.94,41.03,3.31,52.88,333.3,338.05,365.11,+0.28σ,1.91,陰線→陽線 / 2～5日下落後の陽線,強,買い,BB逆張り / アンチ,2,0.0,316.0,380.2,2.0,直近2～5日まで下落、BB -1σ以下から反発、ストキャス売られ過ぎから反転、%K反転、%D方向改善、2～5日下落後の陽線、出来高増加を伴う反転 / 信用需給: 信用データがデータなし、または売残0で信用倍率を算出不能,,https://finance.yahoo.co.jp/quote/7201.T,データなし,データなし,データなし,データなし,データなし,データなし,データなし,データなし,15.0,0,0,15.0,88,88,信用需給は判定不能,信用データがデータなし、または売残0で信用倍率を算出不能
2026-08-20,6331,三菱化工機,プライム,3220.0,3.7,-3.45,-0.92,-0.88,0.64,132.63,3270.0,3225.0,3140.0,3270.0,3405.0,3105.0,2937.0,3133.46,3033.18,3033.18,15,S,38.33,60.33,-3.8,45.75,3248.6,3505.73,3381.1,-0.14σ,0.67,陰線→陽線 / はらみ足 / 2～5日下落後の陽線,なし,買い,BB逆張り,1,0.0,3021.05,3617.9,2.0,直近2～5日まで下落、RSI40以下から反転上昇、BB -1σ以下から反発、ストキャス売られ過ぎから反転、%K反転、2～5日下落後の陽線 / 信用需給: 信用データがデータなし、または売残0で信用倍率を算出不能,,https://finance.yahoo.co.jp/quote/6331.T,データなし,データなし,データなし,データなし,データなし,データなし,データなし,データなし,15.0,0,0,15.0,88,88,信用需給は判定不能,信用データがデータなし、または売残0で信用倍率を算出不能
2026-08-20,6471,日本精工,プライム,1115.5,1.87,-5.75,-5.31,-2.53,0.42,38.42,1124.0,1115.5,1099.5,1124.0,1196.5,1089.0,1073.5,1117.21,1086.02,1086.02,15,S,24.65,41.5,-7.84,43.18,1144.42,1178.49,1117.69,-1.05σ,0.76,陰線→陽線 / はらみ足 / 2～5日下落後の陽線,なし,買い,BB逆張り,1,0.0,1057.87,1230.77,2.0,直近2～5日まで下落、RSI40以下から反転上昇、BB -1σ以下から反発、ストキャス売られ過ぎから反転、%K反転、2～5日下落後の陽線 / 信用需給: 信用データがデータなし、または売残0で信用倍率を算出不能,,https://finance.yahoo.co.jp/quote/6471.T,データなし,データなし,データなし,データなし,データなし,データなし,データなし,データなし,15.0,0,0,15.0,88,88,信用需給は判定不能,信用データがデータなし、または売残0で信用倍率を算出不能
2026-08-20,8086,ニプロ,プライム,1593.0,2.12,0.63,0.5,-0.72,0.6,37.63,1586.5,1595.0,1572.5,1595.0,1595.5,1535.0,1535.0,1575.01,1542.04,1542.04,15,S,69.88,30.95,2.78,48.4,1604.6,1623.29,1552.6,-0.45σ,0.77,陰線→陽線 / 長い下ヒゲ（ハンマー） / 2～5日下落後の陽線,強,買い,BB逆張り / アンチ,2,0.0,1535.0,1709.0,2.0,直近2～5日まで下落、BB -1σ以下から反発、ストキャス売られ過ぎから反転、%K反転、%D方向改善、長い下ヒゲ反転、2～5日下落後の陽線 / 信用需給: 信用データがデータなし、または売残0で信用倍率を算出不能,,https://finance.yahoo.co.jp/quote/8086.T,データなし,データなし,データなし,データなし,データなし,データなし,データなし,データなし,15.0,0,0,15.0,88,88,信用需給は判定不能,信用データがデータなし、または売残0で信用倍率を算出不能
2026-08-20,6098,リクルートホールディングス,プライム,16145.0,2.57,-1.43,-3.84,16.92,1.19,615.91,16240.0,16260.0,15530.0,16260.0,16545.0,15530.0,11905.0,12277.3,10456.35,10456.35,15,除外,42.41,73.64,1.03,71.21,13808.2,11564.72,9127.64,+1.12σ,0.64,陰線→陽線 / 強気包み足 / 前日安値割れ反転 / 2～5日下落後の陽線,通常,買い,アンチ,1,0.0,15221.14,17992.72,2.0,直近2～5日まで下落、ストキャス売られ過ぎから反転、%K反転、陽の包み足、長い下ヒゲ反転、2～5日下落後の陽線 / 信用需給: 信用データがデータなし、または売残0で信用倍率を算出不能,急騰済み（25日線上方乖離）,https://finance.yahoo.co.jp/quote/6098.T,データなし,データなし,データなし,データなし,データなし,データなし,データなし,データなし,15.0,0,0,15.0,88,88,信用需給は判定不能,信用データがデータなし、または売残0で信用倍率を算出不能
2026-08-20,6361,荏原製作所,プライム,5026.0,0.56,-8.32,-14.9,-9.63,0.47,336.92,5091.0,5132.0,4973.0,5132.0,5566.0,4939.0,4708.0,5181.97,4843.19,4843.19,15,S,8.09,46.24,-23.52,38.73,5561.56,5724.87,5017.36,-1.46σ,0.72,2～5日下落後の陽線,なし,買い,BB逆張り / BB＋RSI＋ストキャス,2,0.0,4520.62,6036.76,2.0,直近2～5日まで下落、RSI40以下から反転上昇、BB -1σ以下から反発、ストキャス売られ過ぎから反転、%K反転、2～5日下落後の陽線 / 信用需給: 信用データがデータなし、または売残0で信用倍率を算出不能,,https://finance.yahoo.co.jp/quote/6361.T,データなし,データなし,データなし,データなし,データなし,データなし,データなし,データなし,15.0,0,0,15.0,88,88,信用需給は判定不能,信用データがデータなし、または売残0で信用倍率を算出不能
2026-08-20,6367,ダイキン工業,プライム,20860.0,0.75,-2.75,-2.36,-9.14,0.5,535.72,21075.0,20920.0,20650.0,21075.0,21465.0,20620.0,20620.0,21365.19,20188.39,20188.39,15,S,16.22,21.91,-11.16,26.12,22958.4,23746.53,21227.25,-1.43σ,0.52,陰線→陽線 / はらみ足 / 2～5日下落後の陽線,なし,買い,BB逆張り / BB＋RSI＋ストキャス,2,0.0,20056.42,22467.16,2.0,直近2～5日まで下落、RSI40以下から反転上昇、BB -1σ以下から反発、ストキャス売られ過ぎから反転、%K反転、2～5日下落後の陽線 / 信用需給: 信用データがデータなし、または売残0で信用倍率を算出不能,,https://finance.yahoo.co.jp/quote/6367.T,データなし,データなし,データなし,データなし,データなし,データなし,データなし,データなし,15.0,0,0,15.0,88,88,信用需給は判定不能,信用データがデータなし、または売残0で信用倍率を算出不能
2026-08-20,6656,インスペック,スタンダード,824.0,3.91,-9.25,-8.14,-14.98,0.36,83.22,844.0,831.0,801.0,844.0,902.0,764.0,764.0,834.76,743.43,743.43,15,S,40.54,34.64,-4.85,38.56,969.24,1021.85,761.06,-1.12σ,0.46,陰線→陽線 / はらみ足 / 2～5日下落後の陽線,なし,買い,BB逆張り / BB＋RSI＋ストキャス,2,0.0,699.17,1073.66,2.0,直近2～5日まで下落、RSI40以下から反転上昇、BB -1σ以下から反発、ストキャス売られ過ぎから反転、%K反転、2～5日下落後の陽線 / 信用需給: 信用データがデータなし、または売残0で信用倍率を算出不能,,https://finance.yahoo.co.jp/quote/6656.T,データなし,データなし,データなし,データなし,データなし,データなし,データなし,データなし,15.0,0,0,15.0,88,88,信用需給は判定不能,信用データがデータなし、または売残0で信用倍率を算出不能
2026-08-20,6622,ダイヘン,プライム,13170.0,0.92,-9.42,-5.79,-6.19,0.46,896.23,13280.0,13260.0,12850.0,13280.0,14790.0,12800.0,11460.0,12994.45,12152.41,12152.41,15,S,18.59,36.61,-16.04,42.08,14038.4,15751.6,13141.2,-0.79σ,0.57,強気包み足 / はらみ足 / 2～5日下落後の陽線,なし,買い,BB逆張り,1,0.0,11825.66,15858.68,2.0,直近2～5日まで下落、BB -1σ以下から反発、ストキャス売られ過ぎから反転、%K反転、陽の包み足、2～5日下落後の陽線 / 信用需給: 信用データがデータなし、または売残0で信用倍率を算出不能,,https://finance.yahoo.co.jp/quote/6622.T,データなし,データなし,データなし,データなし,データなし,データなし,データなし,データなし,15.0,0,0,15.0,88,88,信用需給は判定不能,信用データがデータなし、または売残0で信用倍率を算出不能
2026-08-20,3905,データセクション,グロース,1725.0,4.1,-4.54,-8.1,-18.56,0.39,231.78,1841.0,1731.0,1640.0,1841.0,1997.0,1602.0,1602.0,1764.45,1538.4,1538.4,15,S,31.14,18.05,-12.32,32.8,2118.0,3285.4,2400.8,-1.17σ,1.1,はらみ足 / 2～5日下落後の陽線,なし,買い,BB逆張り / BB＋RSI＋ストキャス,2,0.0,1377.33,2420.34,2.0,直近2～5日まで下落、RSI40以下から反転上昇、BB -1σ以下から反発、ストキャス売られ過ぎから反転、%K反転、2～5日下落後の陽線 / 信用需給: 信用データがデータなし、または売残0で信用倍率を算出不能,,https://finance.yahoo.co.jp/quote/3905.T,データなし,データなし,データなし,データなし,データなし,データなし,データなし,データなし,15.0,0,0,15.0,88,88,信用需給は判定不能,信用データがデータなし、または売残0で信用倍率を算出不能
2026-08-20,6523,ＰＨＣホールディングス,プライム,1486.0,5.69,6.52,5.39,23.7,1.76,55.15,1460.0,1497.0,1400.0,1497.0,1497.0,1382.0,1037.0,1073.33,919.31,919.31,15,除外,94.05,87.34,15.6,79.19,1201.28,1095.48,1077.82,+1.68σ,1.28,陰線→陽線 / 強気包み足 / 前日安値割れ反転 / 2～5日下落後の陽線,強,買い,底固め / アンチ,2,0.0,1382.0,1694.0,2.0,直近2～5日まで下落、%K反転、%D方向改善、陽の包み足、長い下ヒゲ反転、2～5日下落後の陽線、直近安値切り上げ、RSI安値切り上げ、レンジ上限突破 / 信用需給: 信用データがデータなし、または売残0で信用倍率を算出不能,急騰済み（25日線上方乖離、高RSI）,https://finance.yahoo.co.jp/quote/6523.T,データなし,データなし,データなし,データなし,データなし,データなし,データなし,データなし,15.0,0,0,15.0,88,88,信用需給は判定不能,信用データがデータなし、または売残0で信用倍率を算出不能
2026-08-20,6638,ミマキエンジニアリング,プライム,1899.0,2.59,-3.36,-1.76,-8.32,0.61,85.69,1901.0,1903.0,1851.0,1903.0,1958.0,1846.0,1805.0,1918.19,1783.44,1783.44,15,S,29.44,30.48,-15.98,42.74,2071.4,1906.71,1751.66,-1.14σ,0.45,陰線→陽線 / 2～5日下落後の陽線,なし,買い,BB逆張り,1,0.0,1770.46,2156.07,2.0,直近2～5日まで下落、RSI40以下から反転上昇、BB -1σ以下から反発、ストキャス売られ過ぎから反転、%K反転、2～5日下落後の陽線 / 信用需給: 信用データがデータなし、または売残0で信用倍率を算出不能,,https://finance.yahoo.co.jp/quote/6638.T,データなし,データなし,データなし,データなし,データなし,データなし,データなし,データなし,15.0,0,0,15.0,88,88,信用需給は判定不能,信用データがデータなし、または売残0で信用倍率を算出不能
2026-08-20,3692,ＦＦＲＩセキュリティ,グロース,4905.0,5.94,3.48,-6.75,-3.43,1.07,265.15,4700.0,4930.0,4645.0,4930.0,5000.0,4455.0,4455.0,4792.72,4546.19,4546.19,15,S,43.06,48.98,-16.05,45.79,5079.2,5338.2,7069.68,-0.54σ,0.87,陰線→陽線 / 2～5日下落後の陽線,なし,買い,BB逆張り,1,0.0,4455.0,5805.0,2.0,直近2～5日まで下落、RSI40以下から反転上昇、BB -1σ以下から反発、ストキャス売られ過ぎから反転、%K反転、2～5日下落後の陽線 / 信用需給: 信用データがデータなし、または売残0で信用倍率を算出不能,,https://finance.yahoo.co.jp/quote/3692.T,データなし,データなし,データなし,データなし,データなし,データなし,データなし,データなし,15.0,0,0,15.0,88,88,信用需給は判定不能,信用データがデータなし、または売残0で信用倍率を算出不能
2026-08-20,6723,ルネサスエレクトロニクス,プライム,3469.0,0.2,-10.43,-7.59,-8.39,0.42,262.9,3597.0,3506.0,3396.0,3597.0,4053.0,3396.0,3064.0,3450.59,3199.38,3199.38,15,S,11.11,46.42,-17.56,38.53,3786.64,4165.83,3054.28,-0.93σ,0.76,前日安値割れ反転,なし,買い,BB逆張り / BB＋RSI＋ストキャス,2,0.0,3074.65,4257.7,2.0,直近2～5日まで下落、RSI40以下から反転上昇、BB -1σ以下から反発、ストキャス売られ過ぎから反転、%K反転、長い下ヒゲ反転 / 信用需給: 信用データがデータなし、または売残0で信用倍率を算出不能,,https://finance.yahoo.co.jp/quote/6723.T,データなし,データなし,データなし,データなし,データなし,データなし,データなし,データなし,15.0,0,0,15.0,88,88,信用需給は判定不能,信用データがデータなし、または売残0で信用倍率を算出不能
2026-08-20,6586,マキタ,プライム,5261.0,3.54,-1.31,-3.4,-4.05,0.81,157.76,5210.0,5285.0,5157.0,5285.0,5350.0,5081.0,5043.0,5231.0,5020.4,5020.4,15,S,43.27,49.18,-5.59,42.58,5483.24,5614.35,5301.59,-0.86σ,1.12,陰線→陽線 / 2～5日下落後の陽線,なし,買い,BB逆張り,1,0.0,5024.36,5734.28,2.0,直近2～5日まで下落、RSI40以下から反転上昇、BB -1σ以下から反発、ストキャス売られ過ぎから反転、%K反転、2～5日下落後の陽線 / 信用需給: 信用データがデータなし、または売残0で信用倍率を算出不能,,https://finance.yahoo.co.jp/quote/6586.T,データなし,データなし,データなし,データなし,データなし,データなし,データなし,データなし,15.0,0,0,15.0,88,88,信用需給は判定不能,信用データがデータなし、または売残0で信用倍率を算出不能
2026-08-20,8630,ＳＯＭＰＯホールディングス,プライム,6635.0,0.71,-1.18,-5.61,-4.3,0.68,164.55,6769.0,6667.0,6555.0,6769.0,6769.0,6555.0,6555.0,6774.41,6569.56,6569.56,15,S,14.11,37.55,-2.18,42.75,6932.88,6407.03,5835.77,-1.68σ,0.93,陰線→陽線 / 前日安値割れ反転 / 2～5日下落後の陽線,なし,買い,BB逆張り,1,0.0,6388.17,7128.65,2.0,直近2～5日まで下落、BB -2σ付近から反発、ストキャス売られ過ぎから反転、%K反転、長い下ヒゲ反転、2～5日下落後の陽線 / 信用需給: 信用データがデータなし、または売残0で信用倍率を算出不能,,https://finance.yahoo.co.jp/quote/8630.T,データなし,データなし,データなし,データなし,データなし,データなし,データなし,データなし,15.0,0,0,15.0,88,88,信用需給は判定不能,信用データがデータなし、または売残0で信用倍率を算出不能
2026-08-20,4251,恵和,プライム,1180.0,1.37,-1.67,-10.06,-4.23,0.6,31.59,1185.0,1180.0,1161.0,1185.0,1201.0,1161.0,1161.0,1194.82,1153.74,1153.74,15,S,11.95,58.35,-22.63,39.87,1232.12,1236.12,1249.24,-1.36σ,1.25,陰線→陽線 / はらみ足 / 2～5日下落後の陽線,なし,買い,BB逆張り / BB＋RSI＋ストキャス,2,0.0,1132.62,1274.76,2.0,直近2～5日まで下落、RSI40以下から反転上昇、BB -1σ以下から反発、ストキャス売られ過ぎから反転、%K反転、2～5日下落後の陽線 / 信用需給: 信用データがデータなし、または売残0で信用倍率を算出不能,,https://finance.yahoo.co.jp/quote/4251.T,データなし,データなし,データなし,データなし,データなし,データなし,データなし,データなし,15.0,0,0,15.0,88,88,信用需給は判定不能,信用データがデータなし、または売残0で信用倍率を算出不能
2026-08-20,4275,カーリット,プライム,2100.0,4.95,-1.27,1.74,-6.84,0.84,114.32,2066.0,2111.0,2015.0,2111.0,2193.0,1996.0,1996.0,2091.9,1950.45,1950.45,15,S,52.79,30.57,-15.96,43.25,2254.12,2319.03,2257.64,-0.94σ,0.58,陰線→陽線 / 2～5日下落後の陽線,なし,買い,BB逆張り,1,0.0,1928.52,2442.95,2.0,直近2～5日まで下落、RSI40以下から反転上昇、BB -1σ以下から反発、ストキャス売られ過ぎから反転、%K反転、2～5日下落後の陽線 / 信用需給: 信用データがデータなし、または売残0で信用倍率を算出不能,,https://finance.yahoo.co.jp/quote/4275.T,データなし,データなし,データなし,データなし,データなし,データなし,データなし,データなし,15.0,0,0,15.0,88,88,信用需給は判定不能,信用データがデータなし、または売残0で信用倍率を算出不能
2026-08-20,9551,メタウォーター,プライム,3080.0,1.99,-4.94,-3.75,-2.93,0.6,99.87,3160.0,3095.0,3035.0,3160.0,3245.0,3015.0,2838.0,3086.15,3002.55,3002.55,15,S,26.0,46.7,-19.19,42.38,3173.0,3281.6,3421.65,-1.07σ,0.63,陰線→陽線 / はらみ足 / 2～5日下落後の陽線,なし,買い,BB逆張り,1,0.0,2930.19,3379.62,2.0,直近2～5日まで下落、RSI40以下から反転上昇、BB -1σ以下から反発、ストキャス売られ過ぎから反転、%K反転、2～5日下落後の陽線 / 信用需給: 信用データがデータなし、または売残0で信用倍率を算出不能,,https://finance.yahoo.co.jp/quote/9551.T,データなし,データなし,データなし,データなし,データなし,データなし,データなし,データなし,15.0,0,0,15.0,88,88,信用需給は判定不能,信用データがデータなし、または売残0で信用倍率を算出不能
2026-08-20,1942,関電工,プライム,5407.0,2.25,-5.8,-1.76,-4.84,0.46,229.33,5460.0,5409.0,5304.0,5460.0,5746.0,5288.0,5033.0,5360.4,5128.0,5128.0,15,S,25.43,44.5,-4.27,41.35,5681.72,6209.25,5853.74,-0.80σ,0.46,陰線→陽線 / はらみ足 / 2～5日下落後の陽線,なし,買い,BB逆張り,1,0.0,5063.01,6094.99,2.0,直近2～5日まで下落、RSI40以下から反転上昇、BB -1σ以下から反発、ストキャス売られ過ぎから反転、%K反転、2～5日下落後の陽線 / 信用需給: 信用データがデータなし、または売残0で信用倍率を算出不能,,https://finance.yahoo.co.jp/quote/1942.T,データなし,データなし,データなし,データなし,データなし,データなし,データなし,データなし,15.0,0,0,15.0,88,88,信用需給は判定不能,信用データがデータなし、または売残0で信用倍率を算出不能
2026-08-20,8698,マネックスグループ,プライム,715.0,4.53,4.23,2.88,-0.21,1.07,18.62,692.0,715.0,695.0,715.0,715.0,679.0,677.0,686.74,666.92,666.92,15,S,100.0,47.61,14.03,55.46,716.52,676.09,702.02,+0.43σ,1.24,陰線→陽線 / 2～5日下落後の陽線,強,買い,BB逆張り / 底固め / アンチ,3,0.0,679.0,787.0,2.0,直近2～5日まで下落、BB -1σ以下から反発、ストキャス売られ過ぎから反転、%K反転、%D方向改善、2～5日下落後の陽線、直近安値切り上げ、ATR低下、BB幅収縮、出来高減少後の増加、レンジ上限突破 / 信用需給: 信用データがデータなし、または売残0で信用倍率を算出不能,,https://finance.yahoo.co.jp/quote/8698.T,データなし,データなし,データなし,データなし,データなし,データなし,データなし,データなし,15.0,0,0,15.0,88,88,信用需給は判定不能,信用データがデータなし、または売残0で信用倍率を算出不能
2026-08-20,4901,富士フイルムホールディングス,プライム,3220.0,2.61,-0.68,-1.74,-9.31,0.47,117.74,3190.0,3229.0,3174.0,3229.0,3251.0,3114.0,3114.0,3241.52,2955.49,2955.49,15,S,39.41,23.54,-11.34,38.77,3550.6,3425.5,3290.38,-1.08σ,0.76,陰線→陽線 / 2～5日下落後の陽線,なし,買い,BB逆張り / BB＋RSI＋ストキャス,2,0.0,3043.38,3573.23,2.0,直近2～5日まで下落、RSI40以下から反転上昇、BB -1σ以下から反発、ストキャス売られ過ぎから反転、%K反転、2～5日下落後の陽線 / 信用需給: 信用データがデータなし、または売残0で信用倍率を算出不能,,https://finance.yahoo.co.jp/quote/4901.T,データなし,データなし,データなし,データなし,データなし,データなし,データなし,データなし,15.0,0,0,15.0,88,88,信用需給は判定不能,信用データがデータなし、または売残0で信用倍率を算出不能
2026-08-20,7966,リンテック,プライム,5730.0,1.06,-7.58,-6.53,-9.24,0.68,292.36,5920.0,5770.0,5570.0,5920.0,6220.0,5570.0,5570.0,5887.14,5565.78,5565.78,15,S,23.53,21.33,-15.71,38.54,6313.2,6106.2,5150.08,-1.49σ,0.61,前日安値割れ反転,なし,買い,BB逆張り / BB＋RSI＋ストキャス,2,0.0,5291.47,6607.07,2.0,直近2～5日まで下落、RSI40以下から反転上昇、BB -1σ以下から反発、ストキャス売られ過ぎから反転、%K反転、長い下ヒゲ反転 / 信用需給: 信用データがデータなし、または売残0で信用倍率を算出不能,,https://finance.yahoo.co.jp/quote/7966.T,データなし,データなし,データなし,データなし,データなし,データなし,データなし,データなし,15.0,0,0,15.0,88,88,信用需給は判定不能,信用データがデータなし、または売残0で信用倍率を算出不能
2026-08-20,7972,イトーキ,プライム,2558.0,1.99,-2.37,-3.91,-7.7,0.46,89.06,2574.0,2558.0,2517.0,2574.0,2620.0,2482.0,2482.0,2602.11,2444.28,2444.28,15,S,35.19,32.31,-5.81,38.71,2771.36,2686.65,2780.1,-1.28σ,0.42,陰線→陽線 / はらみ足 / 2～5日下落後の陽線,なし,買い,BB逆張り / BB＋RSI＋ストキャス,2,0.0,2424.41,2825.18,2.0,直近2～5日まで下落、RSI40以下から反転上昇、BB -1σ以下から反発、ストキャス売られ過ぎから反転、%K反転、2～5日下落後の陽線 / 信用需給: 信用データがデータなし、または売残0で信用倍率を算出不能,,https://finance.yahoo.co.jp/quote/7972.T,データなし,データなし,データなし,データなし,データなし,データなし,データなし,データなし,15.0,0,0,15.0,88,88,信用需給は判定不能,信用データがデータなし、または売残0で信用倍率を算出不能
2026-08-20,1950,日本電設工業,プライム,3870.0,2.93,-1.9,-1.28,-2.16,0.88,125.12,3850.0,3875.0,3765.0,3875.0,3980.0,3730.0,3730.0,3846.22,3753.69,3753.69,15,S,50.0,37.32,-5.16,43.4,3955.6,4264.8,4106.77,-0.74σ,0.66,陰線→陽線 / 2～5日下落後の陽線,なし,買い,BB逆張り,1,0.0,3682.32,4245.36,2.0,直近2～5日まで下落、RSI40以下から反転上昇、BB -1σ以下から反発、ストキャス売られ過ぎから反転、%K反転、2～5日下落後の陽線 / 信用需給: 信用データがデータなし、または売残0で信用倍率を算出不能,,https://finance.yahoo.co.jp/quote/1950.T,データなし,データなし,データなし,データなし,データなし,データなし,データなし,データなし,15.0,0,0,15.0,88,88,信用需給は判定不能,信用データがデータなし、または売残0で信用倍率を算出不能
2026-08-20,1952,新日本空調,プライム,3065.0,2.85,-3.16,-1.29,-6.17,0.49,131.53,3045.0,3070.0,3005.0,3070.0,3205.0,2964.0,2930.0,3050.83,2888.91,2888.91,15,S,35.31,30.97,-9.79,40.95,3266.6,3421.4,3412.77,-0.91σ,0.49,陰線→陽線 / 2～5日下落後の陽線,なし,買い,BB逆張り,1,0.0,2867.71,3459.58,2.0,直近2～5日まで下落、RSI40以下から反転上昇、BB -1σ以下から反発、ストキャス売られ過ぎから反転、%K反転、2～5日下落後の陽線 / 信用需給: 信用データがデータなし、または売残0で信用倍率を算出不能,,https://finance.yahoo.co.jp/quote/1952.T,データなし,データなし,データなし,データなし,データなし,データなし,データなし,データなし,15.0,0,0,15.0,88,88,信用需給は判定不能,信用データがデータなし、または売残0で信用倍率を算出不能
2026-08-20,1979,大氣社,プライム,3960.0,0.76,-4.35,-2.58,-7.4,0.36,140.28,4030.0,3980.0,3930.0,4030.0,4200.0,3925.0,3875.0,4024.08,3843.67,3843.67,15,S,12.73,34.03,-5.12,33.91,4276.4,4380.4,3774.44,-1.36σ,0.54,陰線→陽線 / はらみ足 / 2～5日下落後の陽線,なし,買い,BB逆張り / BB＋RSI＋ストキャス,2,0.0,3749.58,4380.83,2.0,直近2～5日まで下落、RSI40以下から反転上昇、BB -1σ以下から反発、ストキャス売られ過ぎから反転、%K反転、2～5日下落後の陽線 / 信用需給: 信用データがデータなし、または売残0で信用倍率を算出不能,,https://finance.yahoo.co.jp/quote/1979.T,データなし,データなし,データなし,データなし,データなし,データなし,データなし,データなし,15.0,0,0,15.0,88,88,信用需給は判定不能,信用データがデータなし、または売残0で信用倍率を算出不能
2026-08-20,7944,ローランド,プライム,3900.0,1.3,-4.41,-9.3,-6.35,0.56,153.0,4040.0,3935.0,3850.0,4040.0,4110.0,3845.0,3845.0,3982.71,3784.93,3784.93,15,S,9.4,36.41,-26.01,38.44,4164.4,4278.93,3974.2,-1.42σ,0.55,陰線→陽線 / はらみ足 / 2～5日下落後の陽線,なし,買い,BB逆張り / BB＋RSI＋ストキャス,2,0.0,3670.51,4358.99,2.0,直近2～5日まで下落、RSI40以下から反転上昇、BB -1σ以下から反発、ストキャス売られ過ぎから反転、%K反転、2～5日下落後の陽線 / 信用需給: 信用データがデータなし、または売残0で信用倍率を算出不能,,https://finance.yahoo.co.jp/quote/7944.T,データなし,データなし,データなし,データなし,データなし,データなし,データなし,データなし,15.0,0,0,15.0,88,88,信用需給は判定不能,信用データがデータなし、または売残0で信用倍率を算出不能
2026-08-20,7888,三光合成,プライム,918.0,2.8,-1.92,-0.97,-1.62,0.87,26.51,927.0,920.0,897.0,927.0,948.0,890.0,890.0,916.74,900.24,900.24,14,A,48.28,35.82,-2.63,52.82,933.16,841.09,883.68,-0.92σ,0.49,陰線→陽線 / はらみ足 / 2～5日下落後の陽線,なし,買い,BB逆張り,1,0.0,878.23,997.53,2.0,直近2～5日まで下落、BB -2σ付近から反発、ストキャス売られ過ぎから反転、%K反転、%D方向改善、2～5日下落後の陽線 / 信用需給: 信用データがデータなし、または売残0で信用倍率を算出不能,,https://finance.yahoo.co.jp/quote/7888.T,データなし,データなし,データなし,データなし,データなし,データなし,データなし,データなし,14.0,0,0,14.0,139,139,信用需給は判定不能,信用データがデータなし、または売残0で信用倍率を算出不能
2026-08-20,7917,ＺＡＣＲＯＳ,プライム,1287.0,1.18,-1.83,0.55,-4.68,0.58,39.65,1296.0,1287.0,1264.0,1296.0,1318.0,1264.0,1257.0,1285.62,1232.14,1232.14,14,A,49.18,26.96,-14.67,43.36,1350.2,1320.77,1274.94,-0.97σ,0.85,陰線→陽線 / 前日安値割れ反転 / 2～5日下落後の陽線,なし,買い,BB逆張り,1,0.0,1227.53,1405.95,2.0,直近2～5日まで下落、BB -1σ以下から反発、ストキャス売られ過ぎから反転、%K反転、長い下ヒゲ反転、2～5日下落後の陽線 / 信用需給: 信用データがデータなし、または売残0で信用倍率を算出不能,,https://finance.yahoo.co.jp/quote/7917.T,データなし,データなし,データなし,データなし,データなし,データなし,データなし,データなし,14.0,0,0,14.0,139,139,信用需給は判定不能,信用データがデータなし、または売残0で信用倍率を算出不能
2026-08-20,2579,コカ・コーラ　ボトラーズジャパンホールディングス,プライム,3869.0,3.42,0.0,-3.2,-5.1,0.52,150.76,3836.0,3904.0,3826.0,3904.0,3904.0,3681.0,3681.0,3778.01,3522.92,3522.92,14,A,50.13,44.89,3.29,44.21,4076.96,3885.21,3544.34,-0.64σ,0.97,なし,強,買い,アンチ,1,0.0,3642.86,4321.28,2.0,直近2～5日まで下落、RSI40以下から反転上昇、BB -1σ以下から反発、ストキャス売られ過ぎから反転、%K反転、%D方向改善 / 信用需給: 信用データがデータなし、または売残0で信用倍率を算出不能,,https://finance.yahoo.co.jp/quote/2579.T,データなし,データなし,データなし,データなし,データなし,データなし,データなし,データなし,14.0,0,0,14.0,139,139,信用需給は判定不能,信用データがデータなし、または売残0で信用倍率を算出不能
2026-08-20,1975,朝日工業社,プライム,3820.0,2.41,-3.05,0.26,-2.21,0.67,180.17,3915.0,3840.0,3720.0,3915.0,4050.0,3710.0,3575.0,3726.14,3597.52,3597.52,14,A,27.06,39.53,-5.25,45.4,3906.4,4027.07,3789.62,-0.27σ,0.69,陰線→陽線 / はらみ足 / 2～5日下落後の陽線,なし,買い,BB逆張り / 底固め,2,0.0,3549.74,4360.52,2.0,直近2～5日まで下落、BB -1σ以下から反発、ストキャス売られ過ぎから反転、%K反転、2～5日下落後の陽線、直近安値切り上げ、BB幅収縮、RSI安値切り上げ / 信用需給: 信用データがデータなし、または売残0で信用倍率を算出不能,,https://finance.yahoo.co.jp/quote/1975.T,データなし,データなし,データなし,データなし,データなし,データなし,データなし,データなし,14.0,0,0,14.0,139,139,信用需給は判定不能,信用データがデータなし、または売残0で信用倍率を算出不能
2026-08-20,1926,ライト工業,プライム,3755.0,0.4,-1.05,0.27,-1.32,0.55,81.46,3775.0,3785.0,3740.0,3785.0,3795.0,3720.0,3660.0,3730.07,3674.38,3674.38,14,A,35.0,27.44,3.04,42.01,3805.2,3940.0,3765.5,-0.55σ,0.57,陰線→陽線 / 2～5日下落後の陽線,強,買い,アンチ,1,0.0,3632.8,3999.39,2.0,直近2～5日まで下落、RSI40以下から反転上昇、ストキャス売られ過ぎから反転、%K反転、%D方向改善、2～5日下落後の陽線 / 信用需給: 信用データがデータなし、または売残0で信用倍率を算出不能,,https://finance.yahoo.co.jp/quote/1926.T,データなし,データなし,データなし,データなし,データなし,データなし,データなし,データなし,14.0,0,0,14.0,139,139,信用需給は判定不能,信用データがデータなし、または売残0で信用倍率を算出不能
2026-08-20,8604,野村ホールディングス,プライム,1521.0,0.76,-2.44,-3.83,-2.59,0.73,39.12,1547.0,1525.5,1497.0,1547.0,1563.0,1497.0,1455.5,1517.66,1480.7,1480.7,14,A,25.95,61.56,-7.15,47.25,1561.48,1431.75,1336.34,-0.91σ,0.92,陰線→陽線 / 前日安値割れ反転 / 2～5日下落後の陽線,なし,買い,BB逆張り,1,0.0,1462.32,1638.36,2.0,直近2～5日まで下落、BB -1σ以下から反発、ストキャス売られ過ぎから反転、%K反転、長い下ヒゲ反転、2～5日下落後の陽線 / 信用需給: 信用データがデータなし、または売残0で信用倍率を算出不能,,https://finance.yahoo.co.jp/quote/8604.T,データなし,データなし,データなし,データなし,データなし,データなし,データなし,データなし,14.0,0,0,14.0,139,139,信用需給は判定不能,信用データがデータなし、または売残0で信用倍率を算出不能
2026-08-20,1723,日本電技,スタンダード,2060.0,2.85,-6.02,-5.76,-5.57,0.38,123.94,2080.0,2075.0,2028.0,2080.0,2250.0,1994.0,1994.0,2066.36,1941.17,1941.17,14,A,25.78,27.11,-11.09,43.49,2181.56,2287.04,2249.08,-1.05σ,0.77,陰線→陽線 / はらみ足 / 長い下ヒゲ（ハンマー） / 2～5日下落後の陽線,なし,買い,BB逆張り,1,0.0,1874.09,2431.83,2.0,直近2～5日まで下落、BB -1σ以下から反発、ストキャス売られ過ぎから反転、%K反転、長い下ヒゲ反転、2～5日下落後の陽線 / 信用需給: 信用データがデータなし、または売残0で信用倍率を算出不能,,https://finance.yahoo.co.jp/quote/1723.T,データなし,データなし,データなし,データなし,データなし,データなし,データなし,データなし,14.0,0,0,14.0,139,139,信用需給は判定不能,信用データがデータなし、または売残0で信用倍率を算出不能
2026-08-20,4078,堺化学工業,プライム,3905.0,1.96,-3.1,-3.7,-2.73,0.47,210.96,3895.0,3930.0,3830.0,3930.0,4115.0,3800.0,3655.0,3867.1,3727.95,3727.95,14,A,27.63,32.46,-18.03,44.88,4014.8,4279.87,3720.0,-0.73σ,0.46,陰線→陽線 / 長い下ヒゲ（ハンマー） / 2～5日下落後の陽線,なし,買い,BB逆張り,1,0.0,3588.56,4537.89,2.0,直近2～5日まで下落、BB -1σ以下から反発、ストキャス売られ過ぎから反転、%K反転、長い下ヒゲ反転、2～5日下落後の陽線 / 信用需給: 信用データがデータなし、または売残0で信用倍率を算出不能,,https://finance.yahoo.co.jp/quote/4078.T,データなし,データなし,データなし,データなし,データなし,データなし,データなし,データなし,14.0,0,0,14.0,139,139,信用需給は判定不能,信用データがデータなし、または売残0で信用倍率を算出不能
2026-08-20,4109,ステラ　ケミファ,プライム,5430.0,1.69,-5.24,-1.99,0.13,0.39,257.41,5460.0,5440.0,5340.0,5460.0,5770.0,5340.0,4835.0,5126.65,4882.29,4882.29,14,A,27.45,52.48,-7.98,46.58,5423.2,6282.4,5331.12,+0.24σ,0.42,陰線→陽線 / はらみ足 / 長い下ヒゲ（ハンマー） / 2～5日下落後の陽線,なし,買い,底固め,1,0.0,5043.89,6202.22,2.0,直近2～5日まで下落、ストキャス売られ過ぎから反転、%K反転、長い下ヒゲ反転、2～5日下落後の陽線、直近安値切り上げ、BB幅収縮、RSI安値切り上げ / 信用需給: 信用データがデータなし、または売残0で信用倍率を算出不能,,https://finance.yahoo.co.jp/quote/4109.T,データなし,データなし,データなし,データなし,データなし,データなし,データなし,データなし,14.0,0,0,14.0,139,139,信用需給は判定不能,信用データがデータなし、または売残0で信用倍率を算出不能
2026-08-20,7240,ＮＯＫ,プライム,3008.0,1.09,-2.21,-3.4,-0.23,0.45,61.24,3055.0,3012.0,2984.5,3055.0,3104.0,2966.0,2912.0,2977.99,2929.8,2929.8,14,A,26.58,64.07,2.45,49.74,3014.98,2945.55,2917.04,-0.38σ,0.87,陰線→陽線 / はらみ足 / 長い下ヒゲ（ハンマー） / 2～5日下落後の陽線,通常,買い,BB逆張り / アンチ,2,0.0,2916.13,3191.73,2.0,直近2～5日まで下落、BB -1σ以下から反発、ストキャス売られ過ぎから反転、%K反転、長い下ヒゲ反転、2～5日下落後の陽線 / 信用需給: 信用データがデータなし、または売残0で信用倍率を算出不能,,https://finance.yahoo.co.jp/quote/7240.T,データなし,データなし,データなし,データなし,データなし,データなし,データなし,データなし,14.0,0,0,14.0,139,139,信用需給は判定不能,信用データがデータなし、または売残0で信用倍率を算出不能
2026-08-20,6644,大崎電気工業,プライム,1513.0,2.37,-3.88,-2.95,-0.18,0.88,52.39,1525.0,1519.0,1473.0,1525.0,1618.0,1473.0,1419.0,1480.5,1440.65,1440.65,14,A,27.59,49.2,-14.86,48.87,1515.76,1579.55,1504.0,-0.18σ,1.13,陰線→陽線 / 長い下ヒゲ（ハンマー） / 前日安値割れ反転 / 2～5日下落後の陽線,なし,買い,BB逆張り,1,0.0,1434.42,1670.16,2.0,直近2～5日まで下落、BB -1σ以下から反発、ストキャス売られ過ぎから反転、%K反転、長い下ヒゲ反転、2～5日下落後の陽線 / 信用需給: 信用データがデータなし、または売残0で信用倍率を算出不能,,https://finance.yahoo.co.jp/quote/6644.T,データなし,データなし,データなし,データなし,データなし,データなし,データなし,データなし,14.0,0,0,14.0,139,139,信用需給は判定不能,信用データがデータなし、または売残0で信用倍率を算出不能
2026-08-20,6237,イワキポンプ,プライム,4525.0,5.72,-3.83,0.22,-7.8,0.93,334.94,4670.0,4555.0,4245.0,4670.0,4715.0,4225.0,4225.0,4518.38,4056.52,4056.52,14,A,46.88,26.9,-21.42,46.77,4907.6,3912.8,3113.84,-0.99σ,0.75,陰線→陽線 / 前日安値割れ反転 / 2～5日下落後の陽線,なし,買い,BB逆張り,1,0.0,4022.59,5529.82,2.0,直近2～5日まで下落、BB -1σ以下から反発、ストキャス売られ過ぎから反転、%K反転、長い下ヒゲ反転、2～5日下落後の陽線 / 信用需給: 信用データがデータなし、または売残0で信用倍率を算出不能,,https://finance.yahoo.co.jp/quote/6237.T,データなし,データなし,データなし,データなし,データなし,データなし,データなし,データなし,14.0,0,0,14.0,139,139,信用需給は判定不能,信用データがデータなし、または売残0で信用倍率を算出不能
2026-08-20,9501,東京電力ホールディングス,プライム,524.9,4.56,0.42,0.77,1.1,0.97,20.89,522.7,534.9,514.6,534.9,537.5,498.4,485.8,515.15,507.56,507.56,14,A,67.78,45.97,-5.95,53.76,519.21,526.9,623.9,+0.29σ,1.08,陰線→陽線 / 2～5日下落後の陽線,なし,買い,BB逆張り,1,0.0,493.57,587.56,2.0,直近2～5日まで下落、BB -2σ付近から反発、ストキャス売られ過ぎから反転、%K反転、%D方向改善、2～5日下落後の陽線 / 信用需給: 信用データがデータなし、または売残0で信用倍率を算出不能,,https://finance.yahoo.co.jp/quote/9501.T,データなし,データなし,データなし,データなし,データなし,データなし,データなし,データなし,14.0,0,0,14.0,139,139,信用需給は判定不能,信用データがデータなし、または売残0で信用倍率を算出不能
2026-08-20,5016,ＪＸ金属,プライム,3624.0,1.77,-9.4,-6.14,-4.6,0.37,257.24,3707.0,3653.0,3557.0,3707.0,4135.0,3527.0,3218.0,3555.0,3310.76,3310.76,14,A,15.95,32.85,-24.2,44.55,3798.6,4062.24,3339.15,-0.72σ,0.7,陰線→陽線 / はらみ足 / 長い下ヒゲ（ハンマー） / 2～5日下落後の陽線,なし,買い,BB逆張り,1,0.0,3238.14,4395.72,2.0,直近2～5日まで下落、BB -1σ以下から反発、ストキャス売られ過ぎから反転、%K反転、長い下ヒゲ反転、2～5日下落後の陽線 / 信用需給: 信用データがデータなし、または売残0で信用倍率を算出不能,,https://finance.yahoo.co.jp/quote/5016.T,データなし,データなし,データなし,データなし,データなし,データなし,データなし,データなし,14.0,0,0,14.0,139,139,信用需給は判定不能,信用データがデータなし、または売残0で信用倍率を算出不能
2026-08-20,3107,ダイワボウホールディングス,プライム,3538.0,0.94,-6.5,-6.33,-1.62,0.93,93.69,3622.0,3538.0,3451.0,3622.0,3766.0,3451.0,3424.0,3536.28,3439.41,3439.41,14,A,21.86,53.77,-17.99,46.1,3596.32,3482.68,3205.72,-0.98σ,1.26,陰線→陽線 / 前日安値割れ反転 / 2～5日下落後の陽線,なし,買い,BB逆張り,1,0.0,3397.46,3819.08,2.0,直近2～5日まで下落、BB -1σ以下から反発、ストキャス売られ過ぎから反転、%K反転、長い下ヒゲ反転、2～5日下落後の陽線 / 信用需給: 信用データがデータなし、または売残0で信用倍率を算出不能,,https://finance.yahoo.co.jp/quote/3107.T,データなし,データなし,データなし,データなし,データなし,データなし,データなし,データなし,14.0,0,0,14.0,139,139,信用需給は判定不能,信用データがデータなし、または売残0で信用倍率を算出不能
2026-08-20,8060,キヤノンマーケティングジャパン,プライム,3552.0,0.51,-1.42,-3.53,-1.2,0.81,71.54,3568.0,3552.0,3494.0,3568.0,3593.0,3494.0,3420.0,3556.99,3506.62,3506.62,14,A,27.1,60.67,-14.35,45.89,3595.0,3558.93,3479.93,-1.10σ,0.83,陰線→陽線 / 長い下ヒゲ（ハンマー） / 前日安値割れ反転 / 2～5日下落後の陽線,なし,買い,BB逆張り,1,0.0,3444.69,3766.61,2.0,直近2～5日まで下落、BB -1σ以下から反発、ストキャス売られ過ぎから反転、%K反転、長い下ヒゲ反転、2～5日下落後の陽線 / 信用需給: 信用データがデータなし、または売残0で信用倍率を算出不能,,https://finance.yahoo.co.jp/quote/8060.T,データなし,データなし,データなし,データなし,データなし,データなし,データなし,データなし,14.0,0,0,14.0,139,139,信用需給は判定不能,信用データがデータなし、または売残0で信用倍率を算出不能
2026-08-20,6507,シンフォニアテクノロジー,プライム,12500.0,1.3,-8.63,-4.58,-6.96,0.55,894.23,12390.0,12700.0,12210.0,12700.0,13860.0,11980.0,11530.0,12496.8,11730.09,11730.09,14,A,28.8,39.7,-14.43,42.16,13435.6,14342.13,12222.95,-1.00σ,0.83,長い下ヒゲ（ハンマー） / 2～5日下落後の陽線,なし,買い,BB逆張り,1,0.0,11158.66,15182.68,2.0,直近2～5日まで下落、BB -1σ以下から反発、ストキャス売られ過ぎから反転、%K反転、長い下ヒゲ反転、2～5日下落後の陽線 / 信用需給: 信用データがデータなし、または売残0で信用倍率を算出不能,,https://finance.yahoo.co.jp/quote/6507.T,データなし,データなし,データなし,データなし,データなし,データなし,データなし,データなし,14.0,0,0,14.0,139,139,信用需給は判定不能,信用データがデータなし、または売残0で信用倍率を算出不能
2026-08-20,6178,日本郵政,プライム,2314.0,0.3,-3.36,-2.73,-3.44,0.77,60.53,2381.0,2328.5,2282.0,2381.0,2415.0,2282.0,2267.5,2336.02,2276.36,2276.36,14,A,22.38,50.35,2.17,44.67,2396.4,2227.91,1924.78,-1.37σ,1.0,陰線→陽線 / 長い下ヒゲ（ハンマー） / 前日安値割れ反転 / 2～5日下落後の陽線,通常,買い,BB逆張り / アンチ,2,0.0,2223.2,2495.6,2.0,直近2～5日まで下落、BB -1σ以下から反発、ストキャス売られ過ぎから反転、%K反転、長い下ヒゲ反転、2～5日下落後の陽線 / 信用需給: 信用データがデータなし、または売残0で信用倍率を算出不能,,https://finance.yahoo.co.jp/quote/6178.T,データなし,データなし,データなし,データなし,データなし,データなし,データなし,データなし,14.0,0,0,14.0,139,139,信用需給は判定不能,信用データがデータなし、または売残0で信用倍率を算出不能
2026-08-20,6136,オーエスジー,プライム,3674.0,1.16,-7.1,-5.89,-3.54,0.45,153.22,3720.0,3688.0,3619.0,3720.0,4079.0,3613.0,3514.0,3664.3,3525.45,3525.45,14,A,13.09,54.23,-12.88,44.64,3809.0,3635.37,2951.72,-0.93σ,0.57,陰線→陽線 / はらみ足 / 長い下ヒゲ（ハンマー） / 2～5日下落後の陽線,なし,買い,BB逆張り,1,0.0,3444.16,4133.67,2.0,直近2～5日まで下落、BB -1σ以下から反発、ストキャス売られ過ぎから反転、%K反転、長い下ヒゲ反転、2～5日下落後の陽線 / 信用需給: 信用データがデータなし、または売残0で信用倍率を算出不能,,https://finance.yahoo.co.jp/quote/6136.T,データなし,データなし,データなし,データなし,データなし,データなし,データなし,データなし,14.0,0,0,14.0,139,139,信用需給は判定不能,信用データがデータなし、または売残0で信用倍率を算出不能
2026-08-20,6264,マルマエ,プライム,2084.0,2.91,-6.63,-2.3,2.21,0.52,142.53,2117.0,2084.0,2010.0,2117.0,2278.0,2010.0,1675.0,1911.08,1783.66,1783.66,14,A,32.64,61.98,-15.23,48.13,2038.92,2282.55,1711.42,+0.36σ,0.47,陰線→陽線 / 前日安値割れ反転 / 2～5日下落後の陽線,なし,買い,底固め,1,0.0,1870.21,2511.59,2.0,直近2～5日まで下落、ストキャス売られ過ぎから反転、%K反転、長い下ヒゲ反転、2～5日下落後の陽線、直近安値切り上げ、ATR低下、BB幅収縮 / 信用需給: 信用データがデータなし、または売残0で信用倍率を算出不能,,https://finance.yahoo.co.jp/quote/6264.T,データなし,データなし,データなし,データなし,データなし,データなし,データなし,データなし,14.0,0,0,14.0,139,139,信用需給は判定不能,信用データがデータなし、または売残0で信用倍率を算出不能
2026-08-20,5233,太平洋セメント,プライム,4135.0,1.85,-1.57,-2.82,-0.03,0.55,131.37,4214.0,4154.0,4082.0,4214.0,4251.0,4030.0,3915.0,4074.95,3987.44,3987.44,14,A,32.51,53.68,0.9,49.71,4136.36,4112.57,4014.41,-0.31σ,0.63,陰線→陽線 / はらみ足 / 長い下ヒゲ（ハンマー） / 2～5日下落後の陽線,通常,買い,BB逆張り / アンチ,2,0.0,3937.95,4529.1,2.0,直近2～5日まで下落、BB -1σ以下から反発、ストキャス売られ過ぎから反転、%K反転、長い下ヒゲ反転、2～5日下落後の陽線 / 信用需給: 信用データがデータなし、または売残0で信用倍率を算出不能,,https://finance.yahoo.co.jp/quote/5233.T,データなし,データなし,データなし,データなし,データなし,データなし,データなし,データなし,14.0,0,0,14.0,139,139,信用需給は判定不能,信用データがデータなし、または売残0で信用倍率を算出不能
2026-08-20,5991,日本発條,プライム,3465.0,0.55,-7.67,-5.3,-3.73,0.42,162.06,3568.0,3465.0,3397.0,3568.0,3797.0,3397.0,3252.0,3466.44,3344.69,3344.69,14,A,17.0,49.22,-13.7,42.8,3599.2,3648.13,3046.9,-1.01σ,1.11,陰線→陽線 / 前日安値割れ反転 / 2～5日下落後の陽線,なし,買い,BB逆張り,1,0.0,3221.91,3951.17,2.0,直近2～5日まで下落、BB -1σ以下から反発、ストキャス売られ過ぎから反転、%K反転、長い下ヒゲ反転、2～5日下落後の陽線 / 信用需給: 信用データがデータなし、または売残0で信用倍率を算出不能,,https://finance.yahoo.co.jp/quote/5991.T,データなし,データなし,データなし,データなし,データなし,データなし,データなし,データなし,14.0,0,0,14.0,139,139,信用需給は判定不能,信用データがデータなし、または売残0で信用倍率を算出不能
2026-08-20,6473,ジェイテクト,プライム,2089.0,2.2,-1.9,-1.72,-0.91,0.6,71.91,2140.0,2090.0,2047.0,2140.0,2236.0,2039.5,2010.0,2071.19,2026.91,2026.91,14,A,25.19,31.85,-5.67,48.32,2108.22,2060.17,1878.99,-0.60σ,0.8,陰線→陽線 / はらみ足 / 長い下ヒゲ（ハンマー） / 2～5日下落後の陽線,なし,買い,BB逆張り,1,0.0,1981.14,2304.72,2.0,直近2～5日まで下落、BB -1σ以下から反発、ストキャス売られ過ぎから反転、%K反転、長い下ヒゲ反転、2～5日下落後の陽線 / 信用需給: 信用データがデータなし、または売残0で信用倍率を算出不能,,https://finance.yahoo.co.jp/quote/6473.T,データなし,データなし,データなし,データなし,データなし,データなし,データなし,データなし,14.0,0,0,14.0,139,139,信用需給は判定不能,信用データがデータなし、または売残0で信用倍率を算出不能
2026-08-20,6653,正興電機製作所,プライム,2146.0,2.53,-7.82,-5.5,-2.64,0.54,98.81,2215.0,2148.0,2095.0,2215.0,2341.0,2090.0,1925.0,2102.24,2005.33,2005.33,14,A,22.31,42.69,-18.07,44.82,2204.08,2328.45,2338.76,-0.55σ,0.33,陰線→陽線 / はらみ足 / 長い下ヒゲ（ハンマー） / 2～5日下落後の陽線,なし,買い,BB逆張り,1,0.0,1997.78,2442.44,2.0,直近2～5日まで下落、BB -1σ以下から反発、ストキャス売られ過ぎから反転、%K反転、長い下ヒゲ反転、2～5日下落後の陽線 / 信用需給: 信用データがデータなし、または売残0で信用倍率を算出不能,,https://finance.yahoo.co.jp/quote/6653.T,データなし,データなし,データなし,データなし,データなし,データなし,データなし,データなし,14.0,0,0,14.0,139,139,信用需給は判定不能,信用データがデータなし、または売残0で信用倍率を算出不能
2026-08-20,6999,ＫＯＡ,プライム,2218.0,0.18,-13.83,-12.99,-8.15,0.52,174.57,2338.0,2233.0,2142.0,2338.0,2645.0,2142.0,1996.0,2230.93,2046.25,2046.25,14,A,15.11,46.67,-14.28,41.5,2414.8,2513.69,1908.86,-1.07σ,0.5,陰線→陽線 / 前日安値割れ反転 / 2～5日下落後の陽線,なし,買い,BB逆張り,1,0.0,1956.15,2741.71,2.0,直近2～5日まで下落、BB -1σ以下から反発、ストキャス売られ過ぎから反転、%K反転、長い下ヒゲ反転、2～5日下落後の陽線 / 信用需給: 信用データがデータなし、または売残0で信用倍率を算出不能,,https://finance.yahoo.co.jp/quote/6999.T,データなし,データなし,データなし,データなし,データなし,データなし,データなし,データなし,14.0,0,0,14.0,139,139,信用需給は判定不能,信用データがデータなし、または売残0で信用倍率を算出不能
2026-08-20,4202,ダイセル,プライム,1474.5,3.95,0.0,-0.24,0.55,1.12,36.59,1469.5,1474.5,1433.5,1474.5,1482.5,1418.5,1377.5,1442.78,1420.84,1420.84,14,A,65.88,61.57,-0.7,54.77,1466.38,1357.41,1372.08,+0.45σ,0.93,陰線→陽線 / 2～5日下落後の陽線,なし,買い,BB逆張り,1,0.0,1418.5,1586.5,2.0,直近2～5日まで下落、BB -2σ付近から反発、ストキャス売られ過ぎから反転、%K反転、%D方向改善、2～5日下落後の陽線 / 信用需給: 信用データがデータなし、または売残0で信用倍率を算出不能,,https://finance.yahoo.co.jp/quote/4202.T,データなし,データなし,データなし,データなし,データなし,データなし,データなし,データなし,14.0,0,0,14.0,139,139,信用需給は判定不能,信用データがデータなし、または売残0で信用倍率を算出不能
2026-08-20,4204,積水化学工業,プライム,2631.5,1.78,-0.79,-1.66,-1.36,0.65,48.1,2635.5,2631.5,2600.0,2635.5,2656.0,2577.0,2536.0,2625.11,2581.05,2581.05,14,A,40.67,56.17,-2.85,48.34,2667.88,2511.98,2631.79,-0.86σ,0.97,陰線→陽線 / はらみ足 / 長い下ヒゲ（ハンマー） / 2～5日下落後の陽線,なし,買い,BB逆張り,1,0.0,2559.35,2775.81,2.0,直近2～5日まで下落、BB -1σ以下から反発、ストキャス売られ過ぎから反転、%K反転、長い下ヒゲ反転、2～5日下落後の陽線 / 信用需給: 信用データがデータなし、または売残0で信用倍率を算出不能,,https://finance.yahoo.co.jp/quote/4204.T,データなし,データなし,データなし,データなし,データなし,データなし,データなし,データなし,14.0,0,0,14.0,139,139,信用需給は判定不能,信用データがデータなし、または売残0で信用倍率を算出不能
2026-08-20,7988,ニフコ,プライム,5040.0,2.29,-0.26,0.04,-1.22,0.95,129.84,5015.0,5058.0,4934.0,5058.0,5083.0,4927.0,4884.0,4993.03,4878.66,4878.66,13,A,45.2,42.16,4.15,50.05,5102.44,4747.71,4780.42,-0.59σ,0.65,陰線→陽線 / 2～5日下落後の陽線,強,買い,BB逆張り / アンチ,2,0.0,4845.23,5429.53,2.0,直近2～5日まで下落、BB -1σ以下から反発、ストキャス売られ過ぎから反転、%K反転、%D方向改善、2～5日下落後の陽線 / 信用需給: 信用データがデータなし、または売残0で信用倍率を算出不能,,https://finance.yahoo.co.jp/quote/7988.T,データなし,データなし,データなし,データなし,データなし,データなし,データなし,データなし,13.0,0,0,13.0,166,166,信用需給は判定不能,信用データがデータなし、または売残0で信用倍率を算出不能
2026-08-20,8058,三菱商事,プライム,4696.0,1.03,-0.28,-2.81,-1.23,0.78,127.22,4791.0,4732.0,4633.0,4791.0,4792.0,4628.0,4581.0,4711.48,4635.55,4635.55,13,A,22.9,52.56,-4.73,47.88,4754.48,4839.68,4570.63,-1.20σ,0.68,陰線→陽線 / はらみ足 / 2～5日下落後の陽線,なし,買い,BB逆張り,1,0.0,4505.17,5077.67,2.0,直近2～5日まで下落、BB -1σ以下から反発、ストキャス売られ過ぎから反転、%K反転、%D方向改善、2～5日下落後の陽線 / 信用需給: 信用データがデータなし、または売残0で信用倍率を算出不能,,https://finance.yahoo.co.jp/quote/8058.T,データなし,データなし,データなし,データなし,データなし,データなし,データなし,データなし,13.0,0,0,13.0,166,166,信用需給は判定不能,信用データがデータなし、または売残0で信用倍率を算出不能
2026-08-20,8601,大和証券グループ本社,プライム,1757.0,1.27,-1.21,-3.36,-3.23,0.91,42.53,1758.0,1758.5,1720.0,1758.5,1793.0,1719.0,1719.0,1772.63,1737.36,1737.36,13,A,34.7,40.55,-7.49,46.55,1815.66,1652.67,1520.99,-1.44σ,1.04,陰線→陽線 / 2～5日下落後の陽線,なし,買い,BB逆張り,1,0.0,1693.21,1884.58,2.0,直近2～5日まで下落、BB -2σ付近から反発、ストキャス売られ過ぎから反転、%K反転、2～5日下落後の陽線 / 信用需給: 信用データがデータなし、または売残0で信用倍率を算出不能,,https://finance.yahoo.co.jp/quote/8601.T,データなし,データなし,データなし,データなし,データなし,データなし,データなし,データなし,13.0,0,0,13.0,166,166,信用需給は判定不能,信用データがデータなし、または売残0で信用倍率を算出不能
2026-08-20,1833,奥村組,プライム,5670.0,1.07,-1.05,-0.35,-0.94,0.56,107.22,5720.0,5680.0,5620.0,5720.0,5780.0,5590.0,5540.0,5672.92,5605.84,5605.84,13,A,34.78,44.18,2.24,46.81,5724.0,5714.53,6052.75,-1.04σ,0.67,陰線→陽線 / はらみ足 / 2～5日下落後の陽線,通常,買い,BB逆張り / アンチ,2,0.0,5509.17,5991.66,2.0,直近2～5日まで下落、BB -1σ以下から反発、ストキャス売られ過ぎから反転、%K反転、%D方向改善、2～5日下落後の陽線 / 信用需給: 信用データがデータなし、または売残0で信用倍率を算出不能,,https://finance.yahoo.co.jp/quote/1833.T,データなし,データなし,データなし,データなし,データなし,データなし,データなし,データなし,13.0,0,0,13.0,166,166,信用需給は判定不能,信用データがデータなし、または売残0で信用倍率を算出不能
2026-08-20,8136,サンリオ,プライム,1201.5,3.31,-0.87,-2.08,-3.66,0.77,75.25,1216.0,1229.0,1171.0,1229.0,1229.0,1155.5,1117.5,1183.71,1104.07,1104.07,13,A,36.22,37.39,-8.16,48.66,1247.12,1049.01,1058.8,-0.78σ,0.63,陰線→陽線 / 2～5日下落後の陽線,なし,買い,BB逆張り,1,0.0,1088.63,1427.24,2.0,直近2～5日まで下落、BB -1σ以下から反発、ストキャス売られ過ぎから反転、%K反転、%D方向改善、2～5日下落後の陽線 / 信用需給: 信用データがデータなし、または売残0で信用倍率を算出不能,,https://finance.yahoo.co.jp/quote/8136.T,データなし,データなし,データなし,データなし,データなし,データなし,データなし,データなし,13.0,0,0,13.0,166,166,信用需給は判定不能,信用データがデータなし、または売残0で信用倍率を算出不能
2026-08-20,4403,日油,プライム,2760.5,2.01,0.0,0.02,0.18,0.42,70.54,2756.0,2767.5,2738.0,2767.5,2779.5,2698.0,2510.5,2722.34,2685.35,2685.35,13,A,66.14,64.19,-1.25,51.25,2755.48,2763.78,2947.02,+0.03σ,0.99,陰線→陽線 / 2～5日下落後の陽線,なし,買い,BB逆張り,1,0.0,2654.7,2972.11,2.0,直近2～5日まで下落、BB -1σ以下から反発、ストキャス売られ過ぎから反転、%K反転、%D方向改善、2～5日下落後の陽線 / 信用需給: 信用データがデータなし、または売残0で信用倍率を算出不能,,https://finance.yahoo.co.jp/quote/4403.T,データなし,データなし,データなし,データなし,データなし,データなし,データなし,データなし,13.0,0,0,13.0,166,166,信用需給は判定不能,信用データがデータなし、または売残0で信用倍率を算出不能
2026-08-20,8267,イオン,プライム,1385.5,1.8,1.69,-0.75,0.89,0.64,39.27,1369.0,1385.5,1360.5,1385.5,1385.5,1331.5,1306.5,1342.96,1312.22,1312.22,13,A,67.5,57.02,8.09,51.78,1373.22,1395.81,1906.08,+0.38σ,0.76,陰線→陽線 / 長い下ヒゲ（ハンマー） / 2～5日下落後の陽線,強,買い,アンチ,1,0.0,1326.6,1503.31,2.0,直近2～5日まで下落、ストキャス売られ過ぎから反転、%K反転、%D方向改善、長い下ヒゲ反転、2～5日下落後の陽線 / 信用需給: 信用データがデータなし、または売残0で信用倍率を算出不能,,https://finance.yahoo.co.jp/quote/8267.T,データなし,データなし,データなし,データなし,データなし,データなし,データなし,データなし,13.0,0,0,13.0,166,166,信用需給は判定不能,信用データがデータなし、または売残0で信用倍率を算出不能
2026-08-20,3086,Ｊ．フロント　リテイリング,プライム,2979.5,3.28,4.4,0.17,-1.09,0.95,92.55,2890.0,2998.5,2911.0,2998.5,2998.5,2818.5,2814.0,2882.5,2809.56,2809.56,13,A,81.93,47.63,7.15,51.09,3012.36,2732.89,2504.61,+0.33σ,1.39,2～5日下落後の陽線,強,買い,アンチ,1,0.0,2818.5,3301.5,2.0,直近2～5日まで下落、ストキャス売られ過ぎから反転、%K反転、%D方向改善、2～5日下落後の陽線、出来高増加を伴う反転 / 信用需給: 信用データがデータなし、または売残0で信用倍率を算出不能,,https://finance.yahoo.co.jp/quote/3086.T,データなし,データなし,データなし,データなし,データなし,データなし,データなし,データなし,13.0,0,0,13.0,166,166,信用需給は判定不能,信用データがデータなし、または売残0で信用倍率を算出不能
2026-08-20,7085,カーブスホールディングス,プライム,960.0,0.31,0.63,0.21,1.04,0.82,18.36,959.0,969.0,954.0,969.0,969.0,946.0,916.0,931.17,912.24,912.24,13,A,70.97,61.59,17.34,56.81,950.16,898.28,824.04,+0.52σ,1.24,強気包み足 / 2～5日下落後の陽線,なし,買い,底固め,1,0.0,932.46,1015.08,2.0,直近2～5日まで下落、%K反転、%D方向改善、陽の包み足、2～5日下落後の陽線、直近安値切り上げ、ATR低下、BB幅収縮、RSI安値切り上げ / 信用需給: 信用データがデータなし、または売残0で信用倍率を算出不能,,https://finance.yahoo.co.jp/quote/7085.T,データなし,データなし,データなし,データなし,データなし,データなし,データなし,データなし,13.0,0,0,13.0,166,166,信用需給は判定不能,信用データがデータなし、または売残0で信用倍率を算出不能
2026-08-20,8111,ゴールドウイン,プライム,2138.5,1.83,1.93,0.23,-4.36,0.62,59.64,2141.0,2144.5,2107.5,2144.5,2146.0,2061.0,2031.0,2120.4,2015.4,2015.4,13,A,62.5,35.96,12.39,43.42,2236.06,2197.75,2413.44,-0.83σ,0.65,陰線→陽線 / 2～5日下落後の陽線,通常,買い,BB逆張り / アンチ,2,0.0,2049.04,2317.41,2.0,直近2～5日まで下落、RSI40以下から反転上昇、BB -1σ以下から反発、%K反転、%D方向改善、2～5日下落後の陽線 / 信用需給: 信用データがデータなし、または売残0で信用倍率を算出不能,,https://finance.yahoo.co.jp/quote/8111.T,データなし,データなし,データなし,データなし,データなし,データなし,データなし,データなし,13.0,0,0,13.0,166,166,信用需給は判定不能,信用データがデータなし、または売残0で信用倍率を算出不能
2026-08-20,7270,ＳＵＢＡＲＵ,プライム,2633.5,4.57,2.97,2.97,1.26,1.11,79.96,2595.0,2649.0,2560.0,2649.0,2649.0,2518.5,2444.0,2522.67,2430.59,2430.59,13,A,88.12,48.13,11.53,54.25,2600.84,2504.46,2869.77,+0.20σ,1.1,陰線→陽線 / 2～5日下落後の陽線,強,買い,BB逆張り / アンチ,2,0.0,2513.56,2873.38,2.0,直近2～5日まで下落、BB -1σ以下から反発、ストキャス売られ過ぎから反転、%K反転、%D方向改善、2～5日下落後の陽線 / 信用需給: 信用データがデータなし、または売残0で信用倍率を算出不能,,https://finance.yahoo.co.jp/quote/7270.T,データなし,データなし,データなし,データなし,データなし,データなし,データなし,データなし,13.0,0,0,13.0,166,166,信用需給は判定不能,信用データがデータなし、または売残0で信用倍率を算出不能
2026-08-20,7283,愛三工業,プライム,2308.0,3.36,0.13,1.63,0.19,0.94,74.28,2291.0,2318.0,2248.0,2318.0,2344.0,2224.0,2216.0,2252.59,2204.83,2204.83,13,A,70.0,42.85,12.21,54.38,2303.68,2038.25,2078.09,+0.16σ,0.65,陰線→陽線 / 2～5日下落後の陽線,強,買い,BB逆張り / アンチ,2,0.0,2196.59,2530.83,2.0,直近2～5日まで下落、BB -1σ以下から反発、ストキャス売られ過ぎから反転、%K反転、%D方向改善、2～5日下落後の陽線 / 信用需給: 信用データがデータなし、または売残0で信用倍率を算出不能,,https://finance.yahoo.co.jp/quote/7283.T,データなし,データなし,データなし,データなし,データなし,データなし,データなし,データなし,13.0,0,0,13.0,166,166,信用需給は判定不能,信用データがデータなし、または売残0で信用倍率を算出不能
2026-08-20,5351,品川リフラ,プライム,2052.0,1.84,0.44,0.39,-0.44,0.75,40.15,2056.0,2053.0,2023.0,2056.0,2075.0,2002.0,2002.0,2034.84,2004.08,2004.08,13,A,64.1,47.55,-6.05,51.9,2061.08,1961.36,2045.07,-0.44σ,0.62,陰線→陽線 / はらみ足 / 2～5日下落後の陽線,なし,買い,BB逆張り,1,0.0,1991.77,2172.46,2.0,直近2～5日まで下落、BB -1σ以下から反発、ストキャス売られ過ぎから反転、%K反転、%D方向改善、2～5日下落後の陽線 / 信用需給: 信用データがデータなし、または売残0で信用倍率を算出不能,,https://finance.yahoo.co.jp/quote/5351.T,データなし,データなし,データなし,データなし,データなし,データなし,データなし,データなし,13.0,0,0,13.0,166,166,信用需給は判定不能,信用データがデータなし、または売残0で信用倍率を算出不能
2026-08-20,8425,みずほリース,プライム,1364.0,1.56,0.89,0.59,1.89,0.82,21.82,1354.0,1365.0,1347.0,1365.0,1365.0,1336.0,1313.0,1331.05,1316.34,1316.34,13,A,93.33,59.59,12.95,59.32,1338.68,1315.13,1370.82,+1.24σ,1.21,陰線→陽線 / 2～5日下落後の陽線,強,買い,底固め / アンチ,2,0.0,1331.27,1429.46,2.0,直近2～5日まで下落、ストキャス売られ過ぎから反転、%K反転、%D方向改善、2～5日下落後の陽線、直近安値切り上げ、BB幅収縮、出来高減少後の増加 / 信用需給: 信用データがデータなし、または売残0で信用倍率を算出不能,,https://finance.yahoo.co.jp/quote/8425.T,データなし,データなし,データなし,データなし,データなし,データなし,データなし,データなし,13.0,0,0,13.0,166,166,信用需給は判定不能,信用データがデータなし、または売残0で信用倍率を算出不能
2026-08-20,9989,サンドラッグ,プライム,3717.0,1.56,0.46,-0.3,-1.34,0.99,71.03,3699.0,3717.0,3647.0,3717.0,3717.0,3628.0,3628.0,3665.47,3578.0,3578.0,13,A,65.44,45.52,8.14,47.0,3767.56,3765.96,3998.19,-0.41σ,1.12,陰線→陽線 / 2～5日下落後の陽線,強,買い,BB逆張り / アンチ,2,0.0,3610.45,3930.1,2.0,直近2～5日まで下落、BB -1σ以下から反発、ストキャス売られ過ぎから反転、%K反転、%D方向改善、2～5日下落後の陽線 / 信用需給: 信用データがデータなし、または売残0で信用倍率を算出不能,,https://finance.yahoo.co.jp/quote/9989.T,データなし,データなし,データなし,データなし,データなし,データなし,データなし,データなし,13.0,0,0,13.0,166,166,信用需給は判定不能,信用データがデータなし、または売残0で信用倍率を算出不能
2026-08-20,8585,オリエントコーポレーション,プライム,866.0,1.05,1.64,-0.69,-2.16,0.83,16.92,865.0,868.0,854.0,868.0,868.0,851.0,836.0,853.61,827.08,827.08,13,A,53.57,52.2,8.21,46.58,885.12,883.79,988.9,-0.53σ,0.64,陰線→陽線 / 長い下ヒゲ（ハンマー） / 2～5日下落後の陽線,強,買い,アンチ,1,0.0,840.63,916.75,2.0,直近2～5日まで下落、ストキャス売られ過ぎから反転、%K反転、%D方向改善、長い下ヒゲ反転、2～5日下落後の陽線 / 信用需給: 信用データがデータなし、または売残0で信用倍率を算出不能,,https://finance.yahoo.co.jp/quote/8585.T,データなし,データなし,データなし,データなし,データなし,データなし,データなし,データなし,13.0,0,0,13.0,166,166,信用需給は判定不能,信用データがデータなし、または売残0で信用倍率を算出不能
2026-08-20,4548,生化学工業,プライム,709.0,0.85,0.28,0.42,-2.16,0.63,11.16,709.0,710.0,703.0,710.0,713.0,701.0,688.0,701.53,680.71,680.71,13,A,75.0,41.16,16.84,43.78,724.68,731.24,717.49,-0.64σ,0.67,陰線→陽線 / 長い下ヒゲ（ハンマー） / 2～5日下落後の陽線,通常,買い,アンチ,1,0.0,692.27,742.47,2.0,直近2～5日まで下落、RSI40以下から反転上昇、%K反転、%D方向改善、長い下ヒゲ反転、2～5日下落後の陽線 / 信用需給: 信用データがデータなし、または売残0で信用倍率を算出不能,,https://finance.yahoo.co.jp/quote/4548.T,データなし,データなし,データなし,データなし,データなし,データなし,データなし,データなし,13.0,0,0,13.0,166,166,信用需給は判定不能,信用データがデータなし、または売残0で信用倍率を算出不能
2026-08-20,6240,ヤマシンフィルタ,プライム,543.0,3.82,0.0,2.26,0.82,1.03,17.39,542.0,544.0,526.0,544.0,546.0,522.0,521.0,532.81,523.72,523.72,13,A,60.0,44.84,-8.6,52.84,538.56,536.77,566.9,+0.12σ,0.66,陰線→陽線 / 2～5日下落後の陽線,なし,買い,BB逆張り,1,0.0,516.91,595.18,2.0,直近2～5日まで下落、BB -2σ付近から反発、ストキャス売られ過ぎから反転、%K反転、2～5日下落後の陽線 / 信用需給: 信用データがデータなし、または売残0で信用倍率を算出不能,,https://finance.yahoo.co.jp/quote/6240.T,データなし,データなし,データなし,データなし,データなし,データなし,データなし,データなし,13.0,0,0,13.0,166,166,信用需給は判定不能,信用データがデータなし、または売残0で信用倍率を算出不能
2026-08-20,5214,日本電気硝子,プライム,4850.0,1.51,-6.62,-4.43,-6.91,0.36,221.21,4914.0,4894.0,4815.0,4914.0,5226.0,4755.0,4323.0,4776.62,4471.33,4471.33,13,A,20.17,62.15,0.92,38.49,5210.16,6075.65,6245.16,-0.76σ,0.53,はらみ足,通常,買い,アンチ,1,0.0,4518.19,5513.62,2.0,直近2～5日まで下落、RSI40以下から反転上昇、BB -1σ以下から反発、ストキャス売られ過ぎから反転、%K反転 / 信用需給: 信用データがデータなし、または売残0で信用倍率を算出不能,,https://finance.yahoo.co.jp/quote/5214.T,データなし,データなし,データなし,データなし,データなし,データなし,データなし,データなし,13.0,0,0,13.0,166,166,信用需給は判定不能,信用データがデータなし、または売残0で信用倍率を算出不能
2026-08-20,2379,ディップ,プライム,1888.0,2.78,3.57,1.07,2.81,0.97,33.99,1844.0,1889.0,1856.0,1889.0,1889.0,1811.0,1756.0,1810.37,1777.84,1777.84,13,A,98.72,49.63,5.87,59.7,1836.4,1794.43,1969.52,+1.39σ,1.16,2～5日下落後の陽線,なし,買い,底固め,1,0.0,1811.0,2042.0,2.0,直近2～5日まで下落、ストキャス売られ過ぎから反転、%K反転、%D方向改善、2～5日下落後の陽線、直近安値切り上げ、ATR低下、レンジ上限突破 / 信用需給: 信用データがデータなし、または売残0で信用倍率を算出不能,,https://finance.yahoo.co.jp/quote/2379.T,データなし,データなし,データなし,データなし,データなし,データなし,データなし,データなし,13.0,0,0,13.0,166,166,信用需給は判定不能,信用データがデータなし、または売残0で信用倍率を算出不能
2026-08-20,4063,信越化学工業,プライム,6161.0,1.17,-3.51,-3.4,-3.75,0.52,213.29,6177.0,6199.0,6088.0,6199.0,6405.0,6068.0,5636.0,5868.25,5559.61,5559.61,13,A,21.14,65.72,-7.72,41.94,6401.04,6961.63,6060.94,-0.05σ,0.59,なし,なし,買い,底固め,1,0.0,5841.07,6800.86,2.0,直近2～5日まで下落、RSI40以下から反転上昇、ストキャス売られ過ぎから反転、%K反転、直近安値切り上げ、ATR低下、RSI安値切り上げ / 信用需給: 信用データがデータなし、または売残0で信用倍率を算出不能,,https://finance.yahoo.co.jp/quote/4063.T,データなし,データなし,データなし,データなし,データなし,データなし,データなし,データなし,13.0,0,0,13.0,166,166,信用需給は判定不能,信用データがデータなし、または売残0で信用倍率を算出不能
2026-08-20,3299,ムゲンエステート,スタンダード,1724.0,1.11,-1.03,-0.81,-7.8,0.43,49.34,1725.0,1730.0,1709.0,1730.0,1741.0,1695.0,1631.0,1721.91,1602.36,1602.36,13,A,68.63,33.26,13.5,36.64,1869.84,1843.21,2022.29,-0.98σ,0.42,陰線→陽線 / 2～5日下落後の陽線,なし,買い,BB逆張り,1,0.0,1649.99,1872.01,2.0,直近2～5日まで下落、RSI40以下から反転上昇、BB -1σ以下から反発、%K反転、%D方向改善、2～5日下落後の陽線 / 信用需給: 信用データがデータなし、または売残0で信用倍率を算出不能,,https://finance.yahoo.co.jp/quote/3299.T,データなし,データなし,データなし,データなし,データなし,データなし,データなし,データなし,13.0,0,0,13.0,166,166,信用需給は判定不能,信用データがデータなし、または売残0で信用倍率を算出不能
2026-08-20,3193,エターナルホスピタリティグループ,プライム,1479.0,0.96,2.28,-1.47,2.21,0.91,40.49,1470.0,1479.0,1442.0,1479.0,1479.0,1431.0,1332.0,1407.15,1367.3,1367.3,13,A,64.86,71.14,6.28,57.04,1447.08,1406.07,1569.26,+0.80σ,0.63,陰線→陽線 / 強気包み足 / 前日安値割れ反転 / 2～5日下落後の陽線,通常,買い,アンチ,1,0.0,1418.26,1600.47,2.0,直近2～5日まで下落、%K反転、%D方向改善、陽の包み足、長い下ヒゲ反転、2～5日下落後の陽線 / 信用需給: 信用データがデータなし、または売残0で信用倍率を算出不能,,https://finance.yahoo.co.jp/quote/3193.T,データなし,データなし,データなし,データなし,データなし,データなし,データなし,データなし,13.0,0,0,13.0,166,166,信用需給は判定不能,信用データがデータなし、または売残0で信用倍率を算出不能
2026-08-20,2432,ディー・エヌ・エー,プライム,2503.0,2.69,-0.28,1.46,1.58,0.66,63.95,2476.5,2503.0,2461.0,2503.0,2503.0,2410.0,2373.5,2432.78,2392.46,2392.46,13,A,63.27,55.15,-3.17,51.65,2463.98,2559.73,2563.93,+0.74σ,0.94,陰線→陽線 / 2～5日下落後の陽線,なし,買い,底固め,1,0.0,2407.08,2694.84,2.0,直近2～5日まで下落、ストキャス売られ過ぎから反転、%K反転、%D方向改善、2～5日下落後の陽線、直近安値切り上げ、BB幅収縮、RSI安値切り上げ / 信用需給: 信用データがデータなし、または売残0で信用倍率を算出不能,,https://finance.yahoo.co.jp/quote/2432.T,データなし,データなし,データなし,データなし,データなし,データなし,データなし,データなし,13.0,0,0,13.0,166,166,信用需給は判定不能,信用データがデータなし、または売残0で信用倍率を算出不能
2026-08-20,7244,市光工業,プライム,572.0,2.88,-4.19,-2.72,6.1,1.21,18.96,580.0,572.0,549.0,580.0,596.0,549.0,506.0,515.03,485.01,485.01,13,A,46.94,62.46,10.81,58.88,539.12,529.15,514.96,+0.90σ,1.16,陰線→陽線 / 前日安値割れ反転 / 2～5日下落後の陽線,通常,買い,アンチ,1,0.0,543.56,628.89,2.0,直近2～5日まで下落、ストキャス売られ過ぎから反転、%K反転、%D方向改善、長い下ヒゲ反転、2～5日下落後の陽線 / 信用需給: 信用データがデータなし、または売残0で信用倍率を算出不能,,https://finance.yahoo.co.jp/quote/7244.T,データなし,データなし,データなし,データなし,データなし,データなし,データなし,データなし,13.0,0,0,13.0,166,166,信用需給は判定不能,信用データがデータなし、または売残0で信用倍率を算出不能
2026-08-20,3407,旭化成,プライム,1634.0,1.08,-4.28,-5.22,-6.69,0.44,50.29,1655.0,1639.0,1617.0,1655.0,1708.0,1605.0,1558.5,1637.57,1551.72,1551.72,13,A,19.53,47.08,1.43,38.32,1751.22,1755.03,1590.15,-1.04σ,0.58,はらみ足,通常,買い,アンチ,1,0.0,1558.56,1784.88,2.0,直近2～5日まで下落、RSI40以下から反転上昇、BB -1σ以下から反発、ストキャス売られ過ぎから反転、%K反転 / 信用需給: 信用データがデータなし、または売残0で信用倍率を算出不能,,https://finance.yahoo.co.jp/quote/3407.T,データなし,データなし,データなし,データなし,データなし,データなし,データなし,データなし,13.0,0,0,13.0,166,166,信用需給は判定不能,信用データがデータなし、または売残0で信用倍率を算出不能
2026-08-20,7203,トヨタ自動車,プライム,3066.0,4.25,1.76,2.71,2.76,0.98,79.36,3024.0,3078.0,3000.0,3078.0,3078.0,2927.0,2869.5,2926.98,2852.72,2852.72,13,A,92.05,60.82,12.69,57.97,2983.7,2908.11,3191.22,+0.87σ,0.88,陰線→陽線 / 2～5日下落後の陽線,強,買い,底固め / アンチ,2,0.0,2927.0,3344.0,2.0,直近2～5日まで下落、ストキャス売られ過ぎから反転、%K反転、%D方向改善、2～5日下落後の陽線、直近安値切り上げ、BB幅収縮、レンジ上限突破 / 信用需給: 信用データがデータなし、または売残0で信用倍率を算出不能,,https://finance.yahoo.co.jp/quote/7203.T,データなし,データなし,データなし,データなし,データなし,データなし,データなし,データなし,13.0,0,0,13.0,166,166,信用需給は判定不能,信用データがデータなし、または売残0で信用倍率を算出不能
2026-08-20,6345,アイチ　コーポレーション,プライム,1410.0,1.44,-0.42,0.71,-0.25,0.89,22.45,1407.0,1413.0,1393.0,1413.0,1420.0,1387.0,1387.0,1401.52,1386.29,1386.29,13,A,57.5,35.41,3.63,51.14,1413.52,1381.49,1368.49,-0.44σ,1.2,陰線→陽線 / 2～5日下落後の陽線,強,買い,BB逆張り / アンチ,2,0.0,1376.32,1477.36,2.0,直近2～5日まで下落、BB -1σ以下から反発、ストキャス売られ過ぎから反転、%K反転、%D方向改善、2～5日下落後の陽線 / 信用需給: 信用データがデータなし、または売残0で信用倍率を算出不能,,https://finance.yahoo.co.jp/quote/6345.T,データなし,データなし,データなし,データなし,データなし,データなし,データなし,データなし,13.0,0,0,13.0,166,166,信用需給は判定不能,信用データがデータなし、または売残0で信用倍率を算出不能
2026-08-20,4540,ツムラ,プライム,3748.0,0.73,0.75,0.13,-1.74,0.59,63.22,3749.0,3761.0,3724.0,3761.0,3761.0,3703.0,3702.0,3715.03,3627.47,3627.47,13,A,50.56,33.7,7.76,46.12,3814.36,3768.57,3861.08,-0.62σ,1.16,陰線→陽線 / 長い下ヒゲ（ハンマー） / 2～5日下落後の陽線,強,買い,アンチ,1,0.0,3653.17,3937.66,2.0,直近2～5日まで下落、ストキャス売られ過ぎから反転、%K反転、%D方向改善、長い下ヒゲ反転、2～5日下落後の陽線 / 信用需給: 信用データがデータなし、または売残0で信用倍率を算出不能,,https://finance.yahoo.co.jp/quote/4540.T,データなし,データなし,データなし,データなし,データなし,データなし,データなし,データなし,13.0,0,0,13.0,166,166,信用需給は判定不能,信用データがデータなし、または売残0で信用倍率を算出不能
2026-08-20,6588,東芝テック,プライム,3040.0,3.12,-2.41,-6.46,-2.72,0.83,123.66,3080.0,3045.0,2942.0,3080.0,3110.0,2904.0,2904.0,3050.51,2945.87,2945.87,13,A,29.82,45.49,-8.52,46.51,3124.92,3067.6,2944.05,-1.10σ,0.71,陰線→陽線 / はらみ足 / 2～5日下落後の陽線,なし,買い,BB逆張り,1,0.0,2854.51,3410.97,2.0,直近2～5日まで下落、BB -2σ付近から反発、ストキャス売られ過ぎから反転、%K反転、2～5日下落後の陽線 / 信用需給: 信用データがデータなし、または売残0で信用倍率を算出不能,,https://finance.yahoo.co.jp/quote/6588.T,データなし,データなし,データなし,データなし,データなし,データなし,データなし,データなし,13.0,0,0,13.0,166,166,信用需給は判定不能,信用データがデータなし、または売残0で信用倍率を算出不能
2026-08-20,3791,ＩＧポート,スタンダード,1146.0,4.28,4.37,2.14,6.75,1.21,38.81,1100.0,1147.0,1100.0,1147.0,1147.0,1081.0,930.0,1020.91,965.32,965.32,13,A,98.48,68.17,-12.89,52.99,1073.52,1242.69,1297.3,+1.25σ,0.72,2～5日下落後の陽線,なし,買い,底固め,1,0.0,1081.0,1276.0,2.0,直近2～5日まで下落、ストキャス売られ過ぎから反転、%K反転、%D方向改善、2～5日下落後の陽線、直近安値切り上げ、ATR低下、BB幅収縮、レンジ上限突破 / 信用需給: 信用データがデータなし、または売残0で信用倍率を算出不能,,https://finance.yahoo.co.jp/quote/3791.T,データなし,データなし,データなし,データなし,データなし,データなし,データなし,データなし,13.0,0,0,13.0,166,166,信用需給は判定不能,信用データがデータなし、または売残0で信用倍率を算出不能
2026-08-20,6376,日機装,プライム,3565.0,5.16,-4.17,-8.0,-7.55,0.73,254.0,3565.0,3595.0,3410.0,3595.0,3800.0,3385.0,3385.0,3604.37,3371.73,3371.73,13,A,15.72,39.28,-20.46,44.71,3856.0,3586.32,2594.18,-1.17σ,0.96,陰線→陽線 / 2～5日下落後の陽線,なし,買い,BB逆張り,1,0.0,3183.99,4327.01,2.0,直近2～5日まで下落、BB -2σ付近から反発、ストキャス売られ過ぎから反転、%K反転、2～5日下落後の陽線 / 信用需給: 信用データがデータなし、または売残0で信用倍率を算出不能,,https://finance.yahoo.co.jp/quote/6376.T,データなし,データなし,データなし,データなし,データなし,データなし,データなし,データなし,13.0,0,0,13.0,166,166,信用需給は判定不能,信用データがデータなし、または売残0で信用倍率を算出不能
2026-08-20,6807,日本航空電子工業,プライム,2335.0,2.64,-0.43,0.0,-2.29,0.97,68.14,2324.0,2349.0,2283.0,2349.0,2414.0,2268.0,2268.0,2306.43,2235.41,2235.41,13,A,45.89,36.88,6.25,47.11,2389.72,2399.09,2451.31,-0.60σ,1.0,陰線→陽線 / 2～5日下落後の陽線,強,買い,BB逆張り / アンチ,2,0.0,2232.79,2539.43,2.0,直近2～5日まで下落、BB -1σ以下から反発、ストキャス売られ過ぎから反転、%K反転、%D方向改善、2～5日下落後の陽線 / 信用需給: 信用データがデータなし、または売残0で信用倍率を算出不能,,https://finance.yahoo.co.jp/quote/6807.T,データなし,データなし,データなし,データなし,データなし,データなし,データなし,データなし,13.0,0,0,13.0,166,166,信用需給は判定不能,信用データがデータなし、または売残0で信用倍率を算出不能
2026-08-20,9336,大栄環境,プライム,3730.0,2.05,1.77,-2.74,-0.67,0.78,102.61,3670.0,3730.0,3650.0,3730.0,3730.0,3595.0,3595.0,3658.13,3572.26,3572.26,13,A,40.91,41.36,4.49,48.4,3755.2,3835.93,3834.3,-0.16σ,0.63,2～5日下落後の陽線,通常,買い,BB逆張り / アンチ,2,0.0,3576.09,4037.82,2.0,直近2～5日まで下落、BB -1σ以下から反発、ストキャス売られ過ぎから反転、%K反転、%D方向改善、2～5日下落後の陽線 / 信用需給: 信用データがデータなし、または売残0で信用倍率を算出不能,,https://finance.yahoo.co.jp/quote/9336.T,データなし,データなし,データなし,データなし,データなし,データなし,データなし,データなし,13.0,0,0,13.0,166,166,信用需給は判定不能,信用データがデータなし、または売残0で信用倍率を算出不能
2026-08-20,1946,トーエネック,プライム,2120.0,3.52,-2.17,0.05,1.64,0.77,69.83,2097.0,2125.0,2071.0,2125.0,2170.0,2040.0,1948.0,2038.11,1991.47,1991.47,12,A,61.54,55.26,-4.33,51.14,2085.88,2175.47,2067.65,+0.76σ,0.7,陰線→陽線 / 2～5日下落後の陽線,なし,買い,底固め,1,0.0,2015.26,2329.48,2.0,直近2～5日まで下落、ストキャス売られ過ぎから反転、%K反転、2～5日下落後の陽線、直近安値切り上げ、BB幅収縮、RSI安値切り上げ / 信用需給: 信用データがデータなし、または売残0で信用倍率を算出不能,,https://finance.yahoo.co.jp/quote/1946.T,データなし,データなし,データなし,データなし,データなし,データなし,データなし,データなし,12.0,0,0,12.0,200,200,信用需給は判定不能,信用データがデータなし、または売残0で信用倍率を算出不能
2026-08-20,1951,エクシオグループ,プライム,2548.0,0.26,-4.21,-2.8,-2.64,0.66,65.36,2592.5,2568.0,2525.0,2592.5,2663.5,2525.0,2525.0,2575.68,2532.53,2532.53,12,A,14.51,34.62,-2.52,40.81,2617.08,2737.8,2667.07,-1.64σ,0.71,前日安値割れ反転,なし,買い,BB逆張り,1,0.0,2449.96,2744.08,2.0,直近2～5日まで下落、BB -1σ以下から反発、ストキャス売られ過ぎから反転、%K反転、長い下ヒゲ反転 / 信用需給: 信用データがデータなし、または売残0で信用倍率を算出不能,,https://finance.yahoo.co.jp/quote/1951.T,データなし,データなし,データなし,データなし,データなし,データなし,データなし,データなし,12.0,0,0,12.0,200,200,信用需給は判定不能,信用データがデータなし、または売残0で信用倍率を算出不能
2026-08-20,1514,住石ホールディングス,スタンダード,677.0,6.11,4.96,5.78,11.83,1.34,25.35,666.0,679.0,645.0,679.0,679.0,632.0,557.0,579.69,548.34,548.34,12,除外,96.83,83.65,3.27,68.56,605.4,595.33,682.6,+2.10σ,1.36,陰線→陽線 / 2～5日下落後の陽線,強,買い,底固め / アンチ,2,0.0,632.0,767.0,2.0,直近2～5日まで下落、%K反転、%D方向改善、2～5日下落後の陽線、出来高増加を伴う反転、直近安値切り上げ、RSI安値切り上げ、レンジ上限突破 / 信用需給: 信用データがデータなし、または売残0で信用倍率を算出不能,急騰済み（25日線上方乖離）,https://finance.yahoo.co.jp/quote/1514.T,データなし,データなし,データなし,データなし,データなし,データなし,データなし,データなし,12.0,0,0,12.0,200,200,信用需給は判定不能,信用データがデータなし、または売残0で信用倍率を算出不能
2026-08-20,9449,ＧＭＯインターネットグループ,プライム,4007.0,3.35,1.96,-5.23,-2.35,0.76,152.31,3994.0,4045.0,3930.0,4045.0,4045.0,3831.0,3831.0,3991.13,3861.7,3861.7,12,A,31.48,46.83,-11.13,49.93,4103.52,3588.45,3500.55,-0.88σ,0.67,陰線→陽線 / 2～5日下落後の陽線,なし,買い,BB逆張り,1,0.0,3778.53,4463.93,2.0,直近2～5日まで下落、BB -1σ以下から反発、ストキャス売られ過ぎから反転、%K反転、2～5日下落後の陽線 / 信用需給: 信用データがデータなし、または売残0で信用倍率を算出不能,,https://finance.yahoo.co.jp/quote/9449.T,データなし,データなし,データなし,データなし,データなし,データなし,データなし,データなし,12.0,0,0,12.0,200,200,信用需給は判定不能,信用データがデータなし、または売残0で信用倍率を算出不能
2026-08-20,9503,関西電力,プライム,2557.5,8.37,6.85,6.58,6.96,1.48,63.98,2403.0,2576.5,2481.5,2576.5,2576.5,2331.0,2331.0,2356.87,2307.86,2307.86,12,除外,92.26,48.8,7.15,68.82,2391.06,2341.02,2461.13,+3.09σ,2.43,陰線→陽線 / 2～5日下落後の陽線,強,買い,底固め / アンチ,2,0.0,2331.0,3010.5,2.0,直近2～5日まで下落、%K反転、%D方向改善、2～5日下落後の陽線、出来高増加を伴う反転、BB幅収縮、出来高減少後の増加、レンジ上限突破 / 信用需給: 信用データがデータなし、または売残0で信用倍率を算出不能,急騰済み（当日急騰、BB +2σ大幅超過）,https://finance.yahoo.co.jp/quote/9503.T,データなし,データなし,データなし,データなし,データなし,データなし,データなし,データなし,12.0,0,0,12.0,200,200,信用需給は判定不能,信用データがデータなし、または売残0で信用倍率を算出不能
2026-08-20,8595,ジャフコ　グループ,プライム,2288.5,0.75,-0.37,-0.04,0.46,0.97,32.42,2290.0,2300.5,2269.0,2300.5,2300.5,2265.5,2198.5,2244.95,2220.88,2220.88,12,A,63.64,69.66,12.01,52.29,2277.96,2268.97,2339.94,+0.81σ,0.73,陰線→陽線 / 長い下ヒゲ（ハンマー） / 2～5日下落後の陽線,通常,買い,底固め / アンチ,2,0.0,2239.87,2385.76,2.0,直近2～5日まで下落、%K反転、%D方向改善、長い下ヒゲ反転、2～5日下落後の陽線、直近安値切り上げ、ATR低下、RSI安値切り上げ / 信用需給: 信用データがデータなし、または売残0で信用倍率を算出不能,,https://finance.yahoo.co.jp/quote/8595.T,データなし,データなし,データなし,データなし,データなし,データなし,データなし,データなし,12.0,0,0,12.0,200,200,信用需給は判定不能,信用データがデータなし、または売残0で信用倍率を算出不能
2026-08-20,7238,曙ブレーキ工業,プライム,109.0,2.83,-1.8,-0.91,-0.29,0.83,3.62,111.0,109.0,106.0,111.0,113.0,106.0,104.0,107.38,105.52,105.52,12,A,42.86,36.25,-15.48,48.79,109.32,113.44,119.34,-0.13σ,1.1,陰線→陽線 / はらみ足 / 2～5日下落後の陽線,なし,買い,BB逆張り,1,0.0,103.56,119.87,2.0,直近2～5日まで下落、BB -1σ以下から反発、ストキャス売られ過ぎから反転、%K反転、2～5日下落後の陽線 / 信用需給: 信用データがデータなし、または売残0で信用倍率を算出不能,,https://finance.yahoo.co.jp/quote/7238.T,データなし,データなし,データなし,データなし,データなし,データなし,データなし,データなし,12.0,0,0,12.0,200,200,信用需給は判定不能,信用データがデータなし、または売残0で信用倍率を算出不能
2026-08-20,7745,Ａ＆Ｄホロンホールディングス,プライム,2782.0,1.53,-5.69,-4.6,-5.07,0.39,117.85,2805.0,2782.0,2736.0,2805.0,2954.0,2716.0,2716.0,2811.38,2683.06,2683.06,12,A,27.39,19.29,-20.32,43.18,2930.68,2850.37,2527.95,-1.23σ,0.57,陰線→陽線 / はらみ足 / 2～5日下落後の陽線,なし,買い,BB逆張り,1,0.0,2605.22,3135.55,2.0,直近2～5日まで下落、BB -1σ以下から反発、ストキャス売られ過ぎから反転、%K反転、2～5日下落後の陽線 / 信用需給: 信用データがデータなし、または売残0で信用倍率を算出不能,,https://finance.yahoo.co.jp/quote/7745.T,データなし,データなし,データなし,データなし,データなし,データなし,データなし,データなし,12.0,0,0,12.0,200,200,信用需給は判定不能,信用データがデータなし、または売残0で信用倍率を算出不能
2026-08-20,4568,第一三共,プライム,2867.5,5.08,7.8,3.52,4.6,1.08,89.19,2759.0,2901.0,2804.5,2901.0,2901.0,2660.0,2500.0,2623.72,2510.34,2510.34,12,A,86.1,63.37,13.04,59.88,2741.32,2654.99,2981.44,+1.15σ,1.34,陰線→陽線 / 2～5日下落後の陽線,強,買い,底固め / アンチ,2,0.0,2660.0,3282.5,2.0,直近2～5日まで下落、%K反転、%D方向改善、2～5日下落後の陽線、出来高増加を伴う反転、直近安値切り上げ、出来高減少後の増加、レンジ上限突破 / 信用需給: 信用データがデータなし、または売残0で信用倍率を算出不能,,https://finance.yahoo.co.jp/quote/4568.T,データなし,データなし,データなし,データなし,データなし,データなし,データなし,データなし,12.0,0,0,12.0,200,200,信用需給は判定不能,信用データがデータなし、または売残0で信用倍率を算出不能
2026-08-20,1925,大和ハウス工業,プライム,4651.0,1.73,1.75,0.96,0.5,0.72,81.8,4610.0,4658.0,4599.0,4658.0,4658.0,4531.0,4484.0,4533.68,4434.02,4434.02,12,A,94.49,55.11,17.06,54.93,4627.68,4504.93,4963.38,+0.18σ,0.73,陰線→陽線 / 長い下ヒゲ（ハンマー） / 2～5日下落後の陽線,強,買い,底固め / アンチ,2,0.0,4528.3,4896.41,2.0,直近2～5日まで下落、%K反転、%D方向改善、長い下ヒゲ反転、2～5日下落後の陽線、直近安値切り上げ、RSI安値切り上げ、レンジ上限突破 / 信用需給: 信用データがデータなし、または売残0で信用倍率を算出不能,,https://finance.yahoo.co.jp/quote/1925.T,データなし,データなし,データなし,データなし,データなし,データなし,データなし,データなし,12.0,0,0,12.0,200,200,信用需給は判定不能,信用データがデータなし、または売残0で信用倍率を算出不能
2026-08-20,7995,バルカー,プライム,6600.0,4.1,-5.31,-5.58,-1.1,0.85,341.64,6530.0,6610.0,6320.0,6610.0,7070.0,6300.0,5830.0,6350.07,5993.13,5993.13,12,A,37.97,34.01,-23.68,46.42,6673.6,7104.0,5476.9,-0.30σ,0.67,陰線→陽線 / 2～5日下落後の陽線,なし,買い,BB逆張り,1,0.0,6087.55,7624.91,2.0,直近2～5日まで下落、BB -1σ以下から反発、ストキャス売られ過ぎから反転、%K反転、2～5日下落後の陽線 / 信用需給: 信用データがデータなし、または売残0で信用倍率を算出不能,,https://finance.yahoo.co.jp/quote/7995.T,データなし,データなし,データなし,データなし,データなし,データなし,データなし,データなし,12.0,0,0,12.0,200,200,信用需給は判定不能,信用データがデータなし、または売残0で信用倍率を算出不能
2026-08-20,8697,日本取引所グループ,プライム,2224.5,1.44,0.14,-2.82,-0.42,0.76,64.14,2199.0,2224.5,2176.0,2224.5,2224.5,2135.0,2101.5,2196.05,2154.69,2154.69,12,A,53.59,49.58,-4.53,51.17,2233.96,2093.38,1914.3,-0.31σ,0.71,2～5日下落後の陽線,なし,買い,BB逆張り,1,0.0,2128.29,2416.92,2.0,直近2～5日まで下落、BB -1σ以下から反発、ストキャス売られ過ぎから反転、%K反転、2～5日下落後の陽線 / 信用需給: 信用データがデータなし、または売残0で信用倍率を算出不能,,https://finance.yahoo.co.jp/quote/8697.T,データなし,データなし,データなし,データなし,データなし,データなし,データなし,データなし,12.0,0,0,12.0,200,200,信用需給は判定不能,信用データがデータなし、または売残0で信用倍率を算出不能
2026-08-20,1961,三機工業,プライム,2400.0,1.78,-5.03,-0.91,-0.33,0.37,115.32,2396.0,2400.0,2357.0,2400.0,2559.0,2340.0,2127.0,2289.84,2202.68,2202.68,12,A,24.49,59.86,-7.48,46.9,2407.88,2525.68,2290.62,+0.26σ,0.55,陰線→陽線 / 2～5日下落後の陽線,なし,買い,底固め,1,0.0,2227.03,2745.95,2.0,直近2～5日まで下落、ストキャス売られ過ぎから反転、%K反転、2～5日下落後の陽線、直近安値切り上げ、BB幅収縮、RSI安値切り上げ / 信用需給: 信用データがデータなし、または売残0で信用倍率を算出不能,,https://finance.yahoo.co.jp/quote/1961.T,データなし,データなし,データなし,データなし,データなし,データなし,データなし,データなし,12.0,0,0,12.0,200,200,信用需給は判定不能,信用データがデータなし、または売残0で信用倍率を算出不能
2026-08-20,1982,日比谷総合設備,プライム,2954.0,2.86,-1.86,-1.01,2.44,0.68,119.97,2933.0,2956.0,2874.0,2956.0,3070.0,2860.0,2677.0,2807.05,2722.74,2722.74,12,A,34.18,40.54,-5.93,51.67,2883.72,2998.88,2771.79,+0.74σ,0.49,陰線→陽線 / 2～5日下落後の陽線,なし,買い,底固め,1,0.0,2774.04,3313.92,2.0,直近2～5日まで下落、ストキャス売られ過ぎから反転、%K反転、2～5日下落後の陽線、直近安値切り上げ、BB幅収縮、RSI安値切り上げ / 信用需給: 信用データがデータなし、または売残0で信用倍率を算出不能,,https://finance.yahoo.co.jp/quote/1982.T,データなし,データなし,データなし,データなし,データなし,データなし,データなし,データなし,12.0,0,0,12.0,200,200,信用需給は判定不能,信用データがデータなし、または売残0で信用倍率を算出不能
2026-08-20,1815,鉄建建設,プライム,4340.0,2.36,-2.58,0.93,-1.51,0.79,126.59,4345.0,4350.0,4250.0,4350.0,4450.0,4215.0,4190.0,4278.49,4180.49,4180.49,12,A,52.0,30.68,-2.9,47.49,4406.6,4509.47,4532.4,-0.37σ,0.52,陰線→陽線 / 2～5日下落後の陽線,なし,買い,BB逆張り,1,0.0,4150.12,4719.76,2.0,直近2～5日まで下落、BB -1σ以下から反発、ストキャス売られ過ぎから反転、%K反転、2～5日下落後の陽線 / 信用需給: 信用データがデータなし、または売残0で信用倍率を算出不能,,https://finance.yahoo.co.jp/quote/1815.T,データなし,データなし,データなし,データなし,データなし,データなし,データなし,データなし,12.0,0,0,12.0,200,200,信用需給は判定不能,信用データがデータなし、または売残0で信用倍率を算出不能
2026-08-20,1885,東亜建設工業,プライム,2054.0,3.27,-2.65,-0.1,0.37,0.65,78.84,2090.0,2060.0,2009.0,2090.0,2148.0,1978.0,1952.0,2012.46,1975.01,1975.01,12,A,28.46,32.8,-13.51,48.87,2046.4,2212.15,2776.79,+0.11σ,0.93,陰線→陽線 / はらみ足 / 2～5日下落後の陽線,なし,買い,BB逆張り,1,0.0,1935.74,2290.52,2.0,直近2～5日まで下落、BB -1σ以下から反発、ストキャス売られ過ぎから反転、%K反転、2～5日下落後の陽線 / 信用需給: 信用データがデータなし、または売残0で信用倍率を算出不能,,https://finance.yahoo.co.jp/quote/1885.T,データなし,データなし,データなし,データなし,データなし,データなし,データなし,データなし,12.0,0,0,12.0,200,200,信用需給は判定不能,信用データがデータなし、または売残0で信用倍率を算出不能
2026-08-20,8706,極東証券,プライム,1885.0,2.0,2.45,1.78,4.98,1.09,35.66,1868.0,1885.0,1846.0,1885.0,1885.0,1822.0,1725.0,1767.22,1728.58,1728.58,12,A,100.0,84.33,4.21,71.1,1795.52,1642.64,1672.46,+2.05σ,1.38,2～5日下落後の陽線,強,買い,底固め / アンチ,2,0.0,1822.0,2011.0,2.0,直近2～5日まで下落、%K反転、%D方向改善、2～5日下落後の陽線、出来高増加を伴う反転、直近安値切り上げ、BB幅収縮、出来高減少後の増加、RSI安値切り上げ、レンジ上限突破 / 信用需給: 信用データがデータなし、または売残0で信用倍率を算出不能,,https://finance.yahoo.co.jp/quote/8706.T,データなし,データなし,データなし,データなし,データなし,データなし,データなし,データなし,12.0,0,0,12.0,200,200,信用需給は判定不能,信用データがデータなし、または売残0で信用倍率を算出不能
2026-08-20,1938,日本リーテック,プライム,2460.0,2.24,-1.99,0.99,-0.24,0.78,75.58,2433.0,2465.0,2406.0,2465.0,2520.0,2392.0,2330.0,2402.21,2354.72,2354.72,12,A,54.55,44.72,-1.69,47.37,2465.84,2659.99,2516.98,+0.22σ,0.83,陰線→陽線 / 強気包み足 / 2～5日下落後の陽線,なし,買い,底固め,1,0.0,2346.64,2686.73,2.0,直近2～5日まで下落、%K反転、陽の包み足、2～5日下落後の陽線、直近安値切り上げ、BB幅収縮、RSI安値切り上げ / 信用需給: 信用データがデータなし、または売残0で信用倍率を算出不能,,https://finance.yahoo.co.jp/quote/1938.T,データなし,データなし,データなし,データなし,データなし,データなし,データなし,データなし,12.0,0,0,12.0,200,200,信用需給は判定不能,信用データがデータなし、または売残0で信用倍率を算出不能
2026-08-20,1963,日揮ホールディングス,プライム,2271.5,1.88,-3.57,-0.85,-0.74,0.59,81.04,2322.5,2275.0,2227.5,2322.5,2381.5,2205.5,2162.0,2252.12,2211.73,2211.73,12,A,30.63,60.59,-5.47,44.59,2288.54,2473.67,2240.36,-0.52σ,0.67,陰線→陽線 / はらみ足 / 2～5日下落後の陽線,なし,買い,BB逆張り,1,0.0,2149.94,2514.62,2.0,直近2～5日まで下落、RSI40以下から反転上昇、BB -1σ以下から反発、%K反転、2～5日下落後の陽線 / 信用需給: 信用データがデータなし、または売残0で信用倍率を算出不能,,https://finance.yahoo.co.jp/quote/1963.T,データなし,データなし,データなし,データなし,データなし,データなし,データなし,データなし,12.0,0,0,12.0,200,200,信用需給は判定不能,信用データがデータなし、または売残0で信用倍率を算出不能
2026-08-20,6387,サムコ,プライム,9070.0,0.22,-14.84,-7.64,-4.84,0.51,854.71,9590.0,9240.0,8800.0,9590.0,10950.0,8800.0,7130.0,8384.48,7575.46,7575.46,12,A,14.55,61.33,-13.23,43.25,9531.6,11675.87,8032.75,-0.15σ,0.95,前日安値割れ反転,なし,買い,底固め,1,0.0,7787.93,11634.13,2.0,直近2～5日まで下落、ストキャス売られ過ぎから反転、%K反転、長い下ヒゲ反転、直近安値切り上げ、ATR低下、BB幅収縮、RSI安値切り上げ / 信用需給: 信用データがデータなし、または売残0で信用倍率を算出不能,,https://finance.yahoo.co.jp/quote/6387.T,データなし,データなし,データなし,データなし,データなし,データなし,データなし,データなし,12.0,0,0,12.0,200,200,信用需給は判定不能,信用データがデータなし、または売残0で信用倍率を算出不能
2026-08-20,6407,ＣＫＤ,プライム,5670.0,1.07,-8.84,-10.14,-8.31,0.34,442.03,5690.0,5680.0,5530.0,5690.0,6280.0,5440.0,4975.0,5626.06,5193.62,5193.62,12,A,22.33,37.04,-20.7,41.3,6184.0,6651.2,5014.3,-0.90σ,0.8,はらみ足 / 2～5日下落後の陽線,なし,買い,BB逆張り,1,0.0,5006.95,6996.09,2.0,直近2～5日まで下落、BB -1σ以下から反発、ストキャス売られ過ぎから反転、%K反転、2～5日下落後の陽線 / 信用需給: 信用データがデータなし、または売残0で信用倍率を算出不能,,https://finance.yahoo.co.jp/quote/6407.T,データなし,データなし,データなし,データなし,データなし,データなし,データなし,データなし,12.0,0,0,12.0,200,200,信用需給は判定不能,信用データがデータなし、または売残0で信用倍率を算出不能
2026-08-20,7322,三十三フィナンシャルグループ,プライム,2025.0,2.17,-2.55,0.55,4.59,0.79,87.7,2059.0,2038.0,1969.0,2059.0,2133.0,1969.0,1789.0,1860.35,1772.65,1772.65,12,A,64.0,63.45,14.72,57.35,1936.16,1782.8,1469.34,+0.88σ,1.43,陰線→陽線 / 強気包み足 / 前日安値割れ反転,強,買い,底固め / アンチ,2,0.0,1893.46,2288.09,2.0,%K反転、%D方向改善、陽の包み足、長い下ヒゲ反転、出来高増加を伴う反転、直近下落なし（B以下に制限）、直近安値切り上げ、出来高減少後の増加、RSI安値切り上げ / 信用需給: 信用データがデータなし、または売残0で信用倍率を算出不能,,https://finance.yahoo.co.jp/quote/7322.T,データなし,データなし,データなし,データなし,データなし,データなし,データなし,データなし,12.0,0,0,12.0,200,200,信用需給は判定不能,信用データがデータなし、または売残0で信用倍率を算出不能
2026-08-20,6327,北川精機,スタンダード,3470.0,4.83,-12.92,-4.67,-2.81,0.4,501.82,3590.0,3510.0,3310.0,3590.0,4110.0,3280.0,2615.0,2979.24,2585.67,2585.67,12,A,36.0,68.52,-1.19,44.91,3570.44,4275.64,2391.72,+0.25σ,0.83,はらみ足 / 2～5日下落後の陽線,なし,買い,底固め,1,0.0,2717.28,4975.45,2.0,直近2～5日まで下落、ストキャス売られ過ぎから反転、%K反転、2～5日下落後の陽線、直近安値切り上げ、ATR低下、BB幅収縮、RSI安値切り上げ / 信用需給: 信用データがデータなし、または売残0で信用倍率を算出不能,,https://finance.yahoo.co.jp/quote/6327.T,データなし,データなし,データなし,データなし,データなし,データなし,データなし,データなし,12.0,0,0,12.0,200,200,信用需給は判定不能,信用データがデータなし、または売残0で信用倍率を算出不能
2026-08-20,3289,東急不動産ホールディングス,プライム,1343.5,2.67,1.97,1.28,1.07,1.06,24.52,1314.5,1343.5,1317.5,1343.5,1343.5,1296.0,1275.5,1294.77,1261.9,1261.9,12,A,100.0,61.17,19.79,55.85,1329.22,1315.43,1376.52,+0.48σ,1.14,陰線→陽線 / 長い下ヒゲ（ハンマー） / 2～5日下落後の陽線,強,買い,底固め / アンチ,2,0.0,1296.0,1438.5,2.0,直近2～5日まで下落、%K反転、%D方向改善、長い下ヒゲ反転、2～5日下落後の陽線、直近安値切り上げ、RSI安値切り上げ、レンジ上限突破 / 信用需給: 信用データがデータなし、または売残0で信用倍率を算出不能,,https://finance.yahoo.co.jp/quote/3289.T,データなし,データなし,データなし,データなし,データなし,データなし,データなし,データなし,12.0,0,0,12.0,200,200,信用需給は判定不能,信用データがデータなし、または売残0で信用倍率を算出不能
2026-08-20,6459,だいわ,プライム,1659.0,0.24,-2.53,-4.66,-3.07,0.29,59.09,1711.0,1660.0,1643.0,1711.0,1716.0,1626.0,1626.0,1683.1,1640.69,1640.69,12,A,20.5,41.79,-18.84,42.11,1711.48,1730.6,1713.8,-1.57σ,0.81,陰線→陽線 / はらみ足 / 2～5日下落後の陽線,なし,買い,BB逆張り,1,0.0,1570.36,1836.27,2.0,直近2～5日まで下落、BB -1σ以下から反発、ストキャス売られ過ぎから反転、%K反転、2～5日下落後の陽線 / 信用需給: 信用データがデータなし、または売残0で信用倍率を算出不能,,https://finance.yahoo.co.jp/quote/6459.T,データなし,データなし,データなし,データなし,データなし,データなし,データなし,データなし,12.0,0,0,12.0,200,200,信用需給は判定不能,信用データがデータなし、または売残0で信用倍率を算出不能
2026-08-20,3433,トーカロ,プライム,2828.0,1.54,-4.91,-4.62,-3.7,0.43,115.84,2828.0,2828.0,2778.0,2828.0,2985.0,2760.0,2607.0,2800.16,2679.23,2679.23,12,A,27.2,30.08,-22.7,42.97,2936.76,3103.44,2740.44,-0.77σ,0.44,陰線→陽線 / はらみ足 / 2～5日下落後の陽線,なし,買い,BB逆張り,1,0.0,2654.24,3175.53,2.0,直近2～5日まで下落、BB -1σ以下から反発、ストキャス売られ過ぎから反転、%K反転、2～5日下落後の陽線 / 信用需給: 信用データがデータなし、または売残0で信用倍率を算出不能,,https://finance.yahoo.co.jp/quote/3433.T,データなし,データなし,データなし,データなし,データなし,データなし,データなし,データなし,12.0,0,0,12.0,200,200,信用需給は判定不能,信用データがデータなし、または売残0で信用倍率を算出不能
2026-08-20,7220,武蔵精密工業,プライム,3415.0,1.04,-7.33,-5.4,3.05,0.4,261.59,3480.0,3470.0,3365.0,3480.0,3825.0,3350.0,2860.0,3109.95,2885.91,2885.91,12,A,17.17,54.85,-13.4,45.92,3313.8,4698.93,3590.32,+0.36σ,0.44,陰線→陽線 / はらみ足 / 2～5日下落後の陽線,なし,買い,底固め,1,0.0,3022.61,4199.78,2.0,直近2～5日まで下落、ストキャス売られ過ぎから反転、%K反転、2～5日下落後の陽線、直近安値切り上げ、ATR低下、BB幅収縮、RSI安値切り上げ / 信用需給: 信用データがデータなし、または売残0で信用倍率を算出不能,,https://finance.yahoo.co.jp/quote/7220.T,データなし,データなし,データなし,データなし,データなし,データなし,データなし,データなし,12.0,0,0,12.0,200,200,信用需給は判定不能,信用データがデータなし、または売残0で信用倍率を算出不能
2026-08-20,3911,Ａｉｍｉｎｇ,グロース,177.0,3.51,0.0,4.12,-4.98,0.97,6.22,174.0,177.0,171.0,177.0,177.0,169.0,168.0,168.43,154.01,154.01,12,A,100.0,43.44,18.2,44.79,186.28,183.11,204.56,-0.41σ,0.61,陰線→陽線 / 強気包み足,強,買い,底固め / アンチ,2,0.0,167.68,195.65,2.0,RSI40以下から反転上昇、%K反転、%D方向改善、陽の包み足、直近下落なし（B以下に制限）、直近安値切り上げ、ATR低下、RSI安値切り上げ / 信用需給: 信用データがデータなし、または売残0で信用倍率を算出不能,,https://finance.yahoo.co.jp/quote/3911.T,データなし,データなし,データなし,データなし,データなし,データなし,データなし,データなし,12.0,0,0,12.0,200,200,信用需給は判定不能,信用データがデータなし、または売残0で信用倍率を算出不能
2026-08-20,3350,メタプラネット,スタンダード,253.0,16.06,16.59,13.45,10.89,0.9,17.74,239.0,261.0,245.0,261.0,261.0,210.0,210.0,215.29,205.18,205.18,12,除外,84.31,46.64,9.47,58.63,228.16,252.0,339.94,+2.73σ,3.03,陰線→陽線 / 2～5日下落後の陽線,強,買い,底固め / アンチ,2,0.0,210.0,339.0,2.0,直近2～5日まで下落、%K反転、%D方向改善、2～5日下落後の陽線、出来高増加を伴う反転、BB幅収縮、出来高減少後の増加、レンジ上限突破 / 信用需給: 信用データがデータなし、または売残0で信用倍率を算出不能,急騰済み（当日急騰、3営業日急騰、25日線上方乖離、BB +2σ大幅超過）,https://finance.yahoo.co.jp/quote/3350.T,データなし,データなし,データなし,データなし,データなし,データなし,データなし,データなし,12.0,0,0,12.0,200,200,信用需給は判定不能,信用データがデータなし、または売残0で信用倍率を算出不能
2026-08-20,3853,アステリア,プライム,1180.0,5.26,2.34,0.85,7.4,0.82,61.29,1147.0,1185.0,1135.0,1185.0,1201.0,1112.0,989.0,1045.53,993.41,993.41,12,A,34.52,54.88,-15.85,54.49,1098.72,1433.79,1326.34,+1.58σ,0.86,2～5日下落後の陽線,なし,買い,底固め,1,0.0,1088.06,1363.88,2.0,直近2～5日まで下落、ストキャス売られ過ぎから反転、%K反転、2～5日下落後の陽線、直近安値切り上げ、ATR低下、RSI安値切り上げ / 信用需給: 信用データがデータなし、または売残0で信用倍率を算出不能,,https://finance.yahoo.co.jp/quote/3853.T,データなし,データなし,データなし,データなし,データなし,データなし,データなし,データなし,12.0,0,0,12.0,200,200,信用需給は判定不能,信用データがデータなし、または売残0で信用倍率を算出不能
2026-08-20,3776,ブロードバンドタワー,スタンダード,243.0,2.1,-4.33,-2.8,-1.87,0.41,12.27,251.0,245.0,240.0,251.0,255.0,237.0,217.0,232.27,222.64,222.64,12,A,30.0,59.41,-14.33,45.46,247.64,262.0,223.76,+0.11σ,0.24,陰線→陽線 / はらみ足 / 2～5日下落後の陽線,なし,買い,底固め,1,0.0,224.59,279.82,2.0,直近2～5日まで下落、ストキャス売られ過ぎから反転、%K反転、2～5日下落後の陽線、直近安値切り上げ、BB幅収縮、RSI安値切り上げ / 信用需給: 信用データがデータなし、または売残0で信用倍率を算出不能,,https://finance.yahoo.co.jp/quote/3776.T,データなし,データなし,データなし,データなし,データなし,データなし,データなし,データなし,12.0,0,0,12.0,200,200,信用需給は判定不能,信用データがデータなし、または売残0で信用倍率を算出不能
2026-08-20,3687,フィックスターズ,プライム,2174.0,4.62,-6.37,-4.69,-0.42,0.66,129.8,2185.0,2177.0,2091.0,2185.0,2336.0,2071.0,1931.0,2089.18,2000.9,2000.9,12,A,35.64,60.2,-13.48,47.56,2183.24,2213.79,1785.91,-0.04σ,0.55,陰線→陽線 / はらみ足 / 2～5日下落後の陽線,なし,買い,BB逆張り,1,0.0,1979.29,2563.41,2.0,直近2～5日まで下落、BB -1σ以下から反発、ストキャス売られ過ぎから反転、%K反転、2～5日下落後の陽線 / 信用需給: 信用データがデータなし、または売残0で信用倍率を算出不能,,https://finance.yahoo.co.jp/quote/3687.T,データなし,データなし,データなし,データなし,データなし,データなし,データなし,データなし,12.0,0,0,12.0,200,200,信用需給は判定不能,信用データがデータなし、または売残0で信用倍率を算出不能
2026-08-20,3632,グリーホールディングス,プライム,426.0,1.19,-0.7,0.0,5.06,1.19,9.23,430.0,427.0,416.0,430.0,430.0,416.0,385.0,393.41,378.96,378.96,12,A,73.33,80.94,12.34,65.83,405.48,398.13,395.5,+1.26σ,1.34,陰線→陽線 / 前日安値割れ反転 / 2～5日下落後の陽線,通常,買い,アンチ,1,0.0,412.16,453.68,2.0,直近2～5日まで下落、%K反転、%D方向改善、長い下ヒゲ反転、2～5日下落後の陽線、出来高増加を伴う反転 / 信用需給: 信用データがデータなし、または売残0で信用倍率を算出不能,,https://finance.yahoo.co.jp/quote/3632.T,データなし,データなし,データなし,データなし,データなし,データなし,データなし,データなし,12.0,0,0,12.0,200,200,信用需給は判定不能,信用データがデータなし、または売残0で信用倍率を算出不能
2026-08-20,9303,住友倉庫,プライム,4095.0,-0.73,1.11,-0.85,1.16,0.79,89.07,4130.0,4120.0,4050.0,4130.0,4135.0,4005.0,3910.0,4003.24,3937.72,3937.72,12,A,58.06,56.93,8.97,55.47,4048.2,3916.2,3784.1,+0.40σ,1.22,陰線→陽線 / 長い下ヒゲ（ハンマー） / 2～5日下落後の陽線,通常,買い,底固め / アンチ,2,0.0,3961.39,4362.22,2.0,直近2～5日まで下落、%K反転、%D方向改善、長い下ヒゲ反転、2～5日下落後の陽線、直近安値切り上げ、BB幅収縮、出来高減少後の増加、RSI安値切り上げ / 信用需給: 信用データがデータなし、または売残0で信用倍率を算出不能,,https://finance.yahoo.co.jp/quote/9303.T,データなし,データなし,データなし,データなし,データなし,データなし,データなし,データなし,12.0,0,0,12.0,200,200,信用需給は判定不能,信用データがデータなし、または売残0で信用倍率を算出不能
2026-08-20,2354,ＹＥ　ＤＩＧＩＴＡＬ,スタンダード,1370.0,13.22,3.63,0.15,6.91,1.22,129.66,1280.0,1378.0,1220.0,1378.0,1378.0,1185.0,1162.0,1238.02,1146.49,1146.49,12,除外,49.2,41.39,-5.86,57.11,1281.4,1025.77,869.2,+0.44σ,0.53,陰線→陽線 / 2～5日下落後の陽線,なし,買い,BB逆張り,1,0.0,1175.51,1758.98,2.0,直近2～5日まで下落、BB -1σ以下から反発、ストキャス売られ過ぎから反転、%K反転、2～5日下落後の陽線 / 信用需給: 信用データがデータなし、または売残0で信用倍率を算出不能,急騰済み（当日急騰）,https://finance.yahoo.co.jp/quote/2354.T,データなし,データなし,データなし,データなし,データなし,データなし,データなし,データなし,12.0,0,0,12.0,200,200,信用需給は判定不能,信用データがデータなし、または売残0で信用倍率を算出不能
2026-08-20,4755,楽天グループ,プライム,780.6,3.06,0.41,2.52,-3.56,0.7,29.67,766.5,784.8,764.1,784.8,801.3,747.0,744.2,771.25,731.29,731.29,12,A,34.4,38.31,-17.56,46.63,809.39,773.07,848.21,-0.77σ,0.89,陰線→陽線 / 2～5日下落後の陽線,なし,買い,BB逆張り,1,0.0,736.1,869.61,2.0,直近2～5日まで下落、BB -1σ以下から反発、ストキャス売られ過ぎから反転、%K反転、2～5日下落後の陽線 / 信用需給: 信用データがデータなし、または売残0で信用倍率を算出不能,,https://finance.yahoo.co.jp/quote/4755.T,データなし,データなし,データなし,データなし,データなし,データなし,データなし,データなし,12.0,0,0,12.0,200,200,信用需給は判定不能,信用データがデータなし、または売残0で信用倍率を算出不能
2026-08-20,6085,アーキテクツ・スタジオ・ジャパン,グロース,100.0,16.28,25.0,26.58,-3.44,1.04,16.42,101.0,100.0,83.0,101.0,101.0,76.0,68.0,74.12,59.89,59.89,12,除外,96.0,52.19,18.72,41.84,103.56,277.56,194.73,+0.82σ,1.5,陰線→陽線 / 前日安値割れ反転,強,買い,底固め / アンチ,2,0.0,75.37,149.26,2.0,RSI40以下から反転上昇、%K反転、%D方向改善、長い下ヒゲ反転、出来高増加を伴う反転、直近下落なし（B以下に制限）、直近安値切り上げ、ATR低下、RSI安値切り上げ / 信用需給: 信用データがデータなし、または売残0で信用倍率を算出不能,急騰済み（当日急騰、3営業日急騰、5営業日急騰）,https://finance.yahoo.co.jp/quote/6085.T,データなし,データなし,データなし,データなし,データなし,データなし,データなし,データなし,12.0,0,0,12.0,200,200,信用需給は判定不能,信用データがデータなし、または売残0で信用倍率を算出不能
2026-08-20,4188,三菱ケミカルグループ,プライム,1144.0,1.06,-4.19,-6.76,-3.5,0.87,39.63,1165.0,1162.5,1128.0,1165.0,1193.5,1128.0,1100.5,1145.31,1107.87,1107.87,12,A,11.85,56.01,-6.76,45.08,1185.44,1114.53,1011.67,-1.04σ,0.78,前日安値割れ反転,なし,買い,BB逆張り,1,0.0,1084.55,1262.9,2.0,直近2～5日まで下落、BB -1σ以下から反発、ストキャス売られ過ぎから反転、%K反転、長い下ヒゲ反転 / 信用需給: 信用データがデータなし、または売残0で信用倍率を算出不能,,https://finance.yahoo.co.jp/quote/4188.T,データなし,データなし,データなし,データなし,データなし,データなし,データなし,データなし,12.0,0,0,12.0,200,200,信用需給は判定不能,信用データがデータなし、または売残0で信用倍率を算出不能
2026-08-20,6777,ｓａｎｔｅｃ　Ｈｏｌｄｉｎｇｓ,スタンダード,18380.0,2.17,-10.43,-8.78,-2.38,0.52,1609.49,18580.0,18690.0,17860.0,18690.0,21260.0,17800.0,14830.0,17025.01,15470.52,15470.52,12,A,16.76,48.81,-18.88,45.03,18827.6,23638.93,18208.3,-0.13σ,0.63,陰線→陽線 / 2～5日下落後の陽線,なし,買い,底固め,1,0.0,15965.77,23208.46,2.0,直近2～5日まで下落、ストキャス売られ過ぎから反転、%K反転、2～5日下落後の陽線、直近安値切り上げ、BB幅収縮、RSI安値切り上げ / 信用需給: 信用データがデータなし、または売残0で信用倍率を算出不能,,https://finance.yahoo.co.jp/quote/6777.T,データなし,データなし,データなし,データなし,データなし,データなし,データなし,データなし,12.0,0,0,12.0,200,200,信用需給は判定不能,信用データがデータなし、または売残0で信用倍率を算出不能
2026-08-20,6619,ダブル・スコープ,プライム,153.0,0.66,-5.56,-4.97,-1.65,0.69,8.66,157.0,155.0,149.0,157.0,168.0,149.0,139.0,147.77,141.54,141.54,12,A,21.05,65.21,-11.61,41.19,155.56,210.03,200.66,-0.16σ,0.96,前日安値割れ反転,なし,買い,底固め,1,0.0,140.0,178.99,2.0,直近2～5日まで下落、ストキャス売られ過ぎから反転、%K反転、長い下ヒゲ反転、直近安値切り上げ、ATR低下、BB幅収縮、RSI安値切り上げ / 信用需給: 信用データがデータなし、または売残0で信用倍率を算出不能,,https://finance.yahoo.co.jp/quote/6619.T,データなし,データなし,データなし,データなし,データなし,データなし,データなし,データなし,12.0,0,0,12.0,200,200,信用需給は判定不能,信用データがデータなし、または売残0で信用倍率を算出不能
2026-08-20,3186,ネクステージ,プライム,3585.0,4.67,-1.1,-0.14,3.15,0.87,137.45,3610.0,3595.0,3475.0,3610.0,3660.0,3425.0,3205.0,3374.38,3276.01,3276.01,12,A,68.09,75.04,-4.61,52.33,3475.6,3647.33,3309.14,+1.14σ,0.72,陰線→陽線 / はらみ足 / 2～5日下落後の陽線,なし,買い,底固め,1,0.0,3378.83,3997.34,2.0,直近2～5日まで下落、ストキャス売られ過ぎから反転、%K反転、2～5日下落後の陽線、直近安値切り上げ、ATR低下、BB幅収縮 / 信用需給: 信用データがデータなし、または売残0で信用倍率を算出不能,,https://finance.yahoo.co.jp/quote/3186.T,データなし,データなし,データなし,データなし,データなし,データなし,データなし,データなし,12.0,0,0,12.0,200,200,信用需給は判定不能,信用データがデータなし、または売残0で信用倍率を算出不能
2026-08-20,4617,中国塗料,プライム,3650.0,4.43,-0.27,-0.68,0.31,1.0,125.33,3540.0,3670.0,3545.0,3670.0,3690.0,3465.0,3290.0,3556.84,3474.92,3474.92,12,A,66.07,58.36,-6.58,52.41,3638.8,3435.91,3862.09,+0.14σ,0.77,陰線→陽線 / 2～5日下落後の陽線,なし,買い,BB逆張り,1,0.0,3462.01,4025.98,2.0,直近2～5日まで下落、BB -1σ以下から反発、ストキャス売られ過ぎから反転、%K反転、2～5日下落後の陽線 / 信用需給: 信用データがデータなし、または売残0で信用倍率を算出不能,,https://finance.yahoo.co.jp/quote/4617.T,データなし,データなし,データなし,データなし,データなし,データなし,データなし,データなし,12.0,0,0,12.0,200,200,信用需給は判定不能,信用データがデータなし、または売残0で信用倍率を算出不能
2026-08-20,4506,住友ファーマ,プライム,1465.0,8.48,8.08,7.52,11.68,1.3,55.67,1401.5,1474.0,1401.5,1474.0,1474.0,1336.0,1188.0,1260.52,1206.24,1206.24,12,除外,94.29,85.68,6.48,63.88,1311.74,1446.84,1946.52,+2.77σ,1.35,陰線→陽線 / 2～5日下落後の陽線,強,買い,底固め / アンチ,2,0.0,1336.0,1723.0,2.0,直近2～5日まで下落、%K反転、%D方向改善、2～5日下落後の陽線、出来高増加を伴う反転、直近安値切り上げ、BB幅収縮、出来高減少後の増加、RSI安値切り上げ、レンジ上限突破 / 信用需給: 信用データがデータなし、または売残0で信用倍率を算出不能,急騰済み（当日急騰、25日線上方乖離、BB +2σ大幅超過）,https://finance.yahoo.co.jp/quote/4506.T,データなし,データなし,データなし,データなし,データなし,データなし,データなし,データなし,12.0,0,0,12.0,200,200,信用需給は判定不能,信用データがデータなし、または売残0で信用倍率を算出不能
2026-08-20,7701,島津製作所,プライム,4100.0,2.99,-1.35,-3.89,-0.85,1.03,107.47,4053.0,4117.0,4006.0,4117.0,4156.0,3967.0,3850.0,4054.06,3979.78,3979.78,12,A,43.75,69.94,-2.11,49.59,4135.28,3950.84,4060.03,-0.38σ,0.8,陰線→陽線 / 2～5日下落後の陽線,なし,買い,BB逆張り,1,0.0,3938.79,4422.41,2.0,直近2～5日まで下落、BB -1σ以下から反発、ストキャス売られ過ぎから反転、%K反転、2～5日下落後の陽線 / 信用需給: 信用データがデータなし、または売残0で信用倍率を算出不能,,https://finance.yahoo.co.jp/quote/7701.T,データなし,データなし,データなし,データなし,データなし,データなし,データなし,データなし,12.0,0,0,12.0,200,200,信用需給は判定不能,信用データがデータなし、または売残0で信用倍率を算出不能
2026-08-20,7383,ネットプロテクションズホールディングス,プライム,438.0,6.57,-1.79,-2.67,1.28,1.09,20.25,418.0,442.0,420.0,442.0,442.0,392.0,392.0,421.85,404.64,404.64,12,A,60.53,53.37,-15.55,54.46,432.48,392.99,479.03,-0.06σ,1.1,2～5日下落後の陽線,なし,買い,BB逆張り,1,0.0,392.0,530.0,2.0,直近2～5日まで下落、BB -1σ以下から反発、ストキャス売られ過ぎから反転、%K反転、2～5日下落後の陽線 / 信用需給: 信用データがデータなし、または売残0で信用倍率を算出不能,,https://finance.yahoo.co.jp/quote/7383.T,データなし,データなし,データなし,データなし,データなし,データなし,データなし,データなし,12.0,0,0,12.0,200,200,信用需給は判定不能,信用データがデータなし、または売残0で信用倍率を算出不能
2026-08-20,6227,ＡＩメカテック,スタンダード,6060.0,3.59,-7.48,-3.5,-8.37,0.46,581.56,6120.0,6130.0,5860.0,6130.0,6740.0,5820.0,5440.0,5989.13,5458.76,5458.76,12,A,24.0,27.6,-19.7,44.07,6613.2,6733.6,4951.74,-0.87σ,0.38,陰線→陽線 / 2～5日下落後の陽線,なし,買い,BB逆張り,1,0.0,5187.66,7804.67,2.0,直近2～5日まで下落、BB -1σ以下から反発、ストキャス売られ過ぎから反転、%K反転、2～5日下落後の陽線 / 信用需給: 信用データがデータなし、または売残0で信用倍率を算出不能,,https://finance.yahoo.co.jp/quote/6227.T,データなし,データなし,データなし,データなし,データなし,データなし,データなし,データなし,12.0,0,0,12.0,200,200,信用需給は判定不能,信用データがデータなし、または売残0で信用倍率を算出不能
2026-08-20,7730,マニー,プライム,1612.0,2.03,-0.12,0.5,3.09,0.82,34.27,1586.0,1624.0,1596.0,1624.0,1624.0,1571.0,1489.0,1509.81,1467.78,1467.78,12,A,85.71,79.93,16.67,54.24,1563.72,1658.71,1584.92,+1.43σ,0.84,長い下ヒゲ（ハンマー） / 2～5日下落後の陽線,強,買い,底固め / アンチ,2,0.0,1560.59,1714.82,2.0,直近2～5日まで下落、%K反転、%D方向改善、長い下ヒゲ反転、2～5日下落後の陽線、直近安値切り上げ、ATR低下、BB幅収縮、RSI安値切り上げ / 信用需給: 信用データがデータなし、または売残0で信用倍率を算出不能,,https://finance.yahoo.co.jp/quote/7730.T,データなし,データなし,データなし,データなし,データなし,データなし,データなし,データなし,12.0,0,0,12.0,200,200,信用需給は判定不能,信用データがデータなし、または売残0で信用倍率を算出不能
2026-08-20,7731,ニコン,プライム,1966.0,1.87,-2.19,-3.34,-4.17,0.64,82.69,1973.0,1980.0,1927.0,1980.0,2040.0,1911.5,1830.5,1898.94,1791.33,1791.33,12,A,30.62,64.35,0.49,43.71,2051.52,2059.73,1938.73,-0.38σ,0.67,陰線→陽線 / 長い下ヒゲ（ハンマー） / 2～5日下落後の陽線,通常,買い,アンチ,1,0.0,1841.97,2214.07,2.0,直近2～5日まで下落、ストキャス売られ過ぎから反転、%K反転、長い下ヒゲ反転、2～5日下落後の陽線 / 信用需給: 信用データがデータなし、または売残0で信用倍率を算出不能,,https://finance.yahoo.co.jp/quote/7731.T,データなし,データなし,データなし,データなし,データなし,データなし,データなし,データなし,12.0,0,0,12.0,200,200,信用需給は判定不能,信用データがデータなし、または売残0で信用倍率を算出不能
2026-08-20,3105,日清紡ホールディングス,プライム,2146.0,0.33,-12.57,-11.32,-6.04,0.42,127.06,2234.5,2188.0,2134.5,2234.5,2485.5,2122.5,2032.0,2147.86,2012.17,2012.17,12,A,6.17,44.94,-19.97,41.38,2283.9,2292.45,1780.4,-1.01σ,0.61,陰線→陽線 / はらみ足 / 2～5日下落後の陽線,なし,買い,BB逆張り,1,0.0,1955.42,2527.17,2.0,直近2～5日まで下落、BB -1σ以下から反発、ストキャス売られ過ぎから反転、%K反転、2～5日下落後の陽線 / 信用需給: 信用データがデータなし、または売残0で信用倍率を算出不能,,https://finance.yahoo.co.jp/quote/3105.T,データなし,データなし,データなし,データなし,データなし,データなし,データなし,データなし,12.0,0,0,12.0,200,200,信用需給は判定不能,信用データがデータなし、または売残0で信用倍率を算出不能
2026-08-20,8306,三菱ＵＦＪフィナンシャル・グループ,プライム,3464.0,-0.89,-5.07,-6.61,-4.04,0.68,100.71,3603.0,3483.0,3415.0,3603.0,3709.0,3415.0,3415.0,3514.41,3419.02,3419.02,12,A,14.98,60.7,0.64,44.43,3609.72,3310.43,2904.62,-1.53σ,0.85,陰線→陽線 / 長い下ヒゲ（ハンマー） / 2～5日下落後の陽線,通常,買い,アンチ,1,0.0,3312.93,3766.14,2.0,直近2～5日まで下落、ストキャス売られ過ぎから反転、%K反転、長い下ヒゲ反転、2～5日下落後の陽線 / 信用需給: 信用データがデータなし、または売残0で信用倍率を算出不能,,https://finance.yahoo.co.jp/quote/8306.T,データなし,データなし,データなし,データなし,データなし,データなし,データなし,データなし,12.0,0,0,12.0,200,200,信用需給は判定不能,信用データがデータなし、または売残0で信用倍率を算出不能
2026-08-20,6203,豊和工業,スタンダード,1478.0,2.07,-4.03,-1.53,1.73,0.56,71.51,1478.0,1483.0,1443.0,1483.0,1544.0,1432.0,1296.0,1383.58,1322.91,1322.91,12,A,40.71,55.72,-9.66,49.23,1452.92,1533.4,1469.6,+0.56σ,0.37,陰線→陽線 / 2～5日下落後の陽線,なし,買い,底固め,1,0.0,1370.73,1692.53,2.0,直近2～5日まで下落、ストキャス売られ過ぎから反転、%K反転、2～5日下落後の陽線、直近安値切り上げ、ATR低下、BB幅収縮 / 信用需給: 信用データがデータなし、または売残0で信用倍率を算出不能,,https://finance.yahoo.co.jp/quote/6203.T,データなし,データなし,データなし,データなし,データなし,データなし,データなし,データなし,12.0,0,0,12.0,200,200,信用需給は判定不能,信用データがデータなし、または売残0で信用倍率を算出不能
2026-08-20,4592,サンバイオ,グロース,1042.0,5.89,2.86,2.76,5.51,1.19,48.8,1008.0,1050.0,992.0,1050.0,1050.0,971.0,874.0,929.99,885.63,885.63,12,A,78.02,70.34,-5.9,55.05,987.56,1215.24,1727.2,+1.52σ,1.29,陰線→陽線 / 2～5日下落後の陽線,なし,買い,底固め,1,0.0,968.8,1188.41,2.0,直近2～5日まで下落、ストキャス売られ過ぎから反転、%K反転、2～5日下落後の陽線、直近安値切り上げ、ATR低下、RSI安値切り上げ / 信用需給: 信用データがデータなし、または売残0で信用倍率を算出不能,,https://finance.yahoo.co.jp/quote/4592.T,データなし,データなし,データなし,データなし,データなし,データなし,データなし,データなし,12.0,0,0,12.0,200,200,信用需給は判定不能,信用データがデータなし、または売残0で信用倍率を算出不能
2026-08-20,6929,日本セラミック,プライム,3690.0,1.23,-2.77,-1.6,-1.39,0.55,90.13,3725.0,3700.0,3650.0,3725.0,3810.0,3645.0,3625.0,3681.29,3611.59,3611.59,12,A,27.27,29.08,-19.88,45.23,3742.2,3833.6,3739.98,-0.88σ,0.87,陰線→陽線 / はらみ足 / 2～5日下落後の陽線,なし,買い,BB逆張り,1,0.0,3554.81,3960.38,2.0,直近2～5日まで下落、BB -1σ以下から反発、ストキャス売られ過ぎから反転、%K反転、2～5日下落後の陽線 / 信用需給: 信用データがデータなし、または売残0で信用倍率を算出不能,,https://finance.yahoo.co.jp/quote/6929.T,データなし,データなし,データなし,データなし,データなし,データなし,データなし,データなし,12.0,0,0,12.0,200,200,信用需給は判定不能,信用データがデータなし、または売残0で信用倍率を算出不能
2026-08-20,6055,ジャパンマテリアル,プライム,2083.0,0.24,-9.04,-6.47,-7.49,0.41,125.96,2127.0,2099.0,2047.0,2127.0,2320.0,2047.0,1939.0,2104.57,1991.14,1991.14,12,A,13.19,33.89,-22.95,40.45,2251.72,2272.79,1949.64,-1.19σ,0.57,前日安値割れ反転,なし,買い,BB逆張り,1,0.0,1894.06,2460.88,2.0,直近2～5日まで下落、BB -1σ以下から反発、ストキャス売られ過ぎから反転、%K反転、長い下ヒゲ反転 / 信用需給: 信用データがデータなし、または売残0で信用倍率を算出不能,,https://finance.yahoo.co.jp/quote/6055.T,データなし,データなし,データなし,データなし,データなし,データなし,データなし,データなし,12.0,0,0,12.0,200,200,信用需給は判定不能,信用データがデータなし、または売残0で信用倍率を算出不能
2026-08-20,6521,オキサイド,グロース,3350.0,5.85,-0.89,-2.62,3.16,0.62,233.27,3470.0,3350.0,3205.0,3470.0,3490.0,3140.0,2628.0,2961.29,2750.53,2750.53,12,A,47.19,66.45,-9.74,46.79,3247.44,4506.48,3411.89,+0.84σ,1.1,陰線→陽線 / はらみ足 / 2～5日下落後の陽線,なし,買い,底固め,1,0.0,3000.1,4049.8,2.0,直近2～5日まで下落、ストキャス売られ過ぎから反転、%K反転、2～5日下落後の陽線、直近安値切り上げ、ATR低下、BB幅収縮、RSI安値切り上げ / 信用需給: 信用データがデータなし、または売残0で信用倍率を算出不能,,https://finance.yahoo.co.jp/quote/6521.T,データなし,データなし,データなし,データなし,データなし,データなし,データなし,データなし,12.0,0,0,12.0,200,200,信用需給は判定不能,信用データがデータなし、または売残0で信用倍率を算出不能
2026-08-20,1968,太平電業,プライム,2444.0,3.08,0.45,2.52,0.69,0.75,77.28,2396.0,2456.0,2398.0,2456.0,2465.0,2349.0,2326.0,2383.66,2348.72,2348.72,11,A,84.21,33.54,-4.6,50.12,2427.16,2588.81,2543.96,+0.73σ,0.9,2～5日下落後の陽線,なし,買い,BB逆張り / 底固め,2,0.0,2328.08,2675.83,2.0,直近2～5日まで下落、BB -1σ以下から反発、%K反転、2～5日下落後の陽線、直近安値切り上げ、BB幅収縮、RSI安値切り上げ / 信用需給: 信用データがデータなし、または売残0で信用倍率を算出不能,,https://finance.yahoo.co.jp/quote/1968.T,データなし,データなし,データなし,データなし,データなし,データなし,データなし,データなし,11.0,0,0,11.0,255,255,信用需給は判定不能,信用データがデータなし、または売残0で信用倍率を算出不能
2026-08-20,2681,ゲオホールディングス,プライム,2323.0,3.75,1.35,1.49,7.85,1.04,81.96,2322.0,2335.0,2250.0,2335.0,2335.0,2230.0,2013.0,2075.85,1966.04,1966.04,11,A,71.54,62.3,11.05,61.84,2153.96,2065.69,1881.97,+1.25σ,0.8,陰線→陽線 / 2～5日下落後の陽線,強,買い,アンチ,1,0.0,2200.05,2568.89,2.0,直近2～5日まで下落、ストキャス売られ過ぎから反転、%K反転、%D方向改善、2～5日下落後の陽線 / 信用需給: 信用データがデータなし、または売残0で信用倍率を算出不能,,https://finance.yahoo.co.jp/quote/2681.T,データなし,データなし,データなし,データなし,データなし,データなし,データなし,データなし,11.0,0,0,11.0,255,255,信用需給は判定不能,信用データがデータなし、または売残0で信用倍率を算出不能
2026-08-20,2670,エービーシー・マート,プライム,2807.5,1.21,0.81,-0.53,2.35,0.85,61.54,2796.0,2825.0,2773.0,2825.0,2825.0,2752.0,2598.0,2706.14,2645.29,2645.29,11,A,58.42,62.82,0.42,55.27,2743.14,2716.44,2663.08,+0.67σ,0.72,なし,通常,買い,底固め / アンチ,2,0.0,2715.19,2992.11,2.0,直近2～5日まで下落、ストキャス売られ過ぎから反転、%K反転、%D方向改善、直近安値切り上げ、ATR低下、BB幅収縮 / 信用需給: 信用データがデータなし、または売残0で信用倍率を算出不能,,https://finance.yahoo.co.jp/quote/2670.T,データなし,データなし,データなし,データなし,データなし,データなし,データなし,データなし,11.0,0,0,11.0,255,255,信用需給は判定不能,信用データがデータなし、または売残0で信用倍率を算出不能
2026-08-20,1934,ユアテック,プライム,2466.0,1.94,-1.28,-0.56,2.52,0.76,64.28,2470.0,2468.0,2419.0,2470.0,2537.0,2404.0,2294.0,2363.92,2309.75,2309.75,11,A,46.27,57.46,4.5,55.3,2405.4,2397.16,2612.12,+0.88σ,0.68,陰線→陽線 / はらみ足 / 2～5日下落後の陽線,通常,買い,アンチ,1,0.0,2369.59,2658.83,2.0,直近2～5日まで下落、ストキャス売られ過ぎから反転、%K反転、%D方向改善、2～5日下落後の陽線 / 信用需給: 信用データがデータなし、または売残0で信用倍率を算出不能,,https://finance.yahoo.co.jp/quote/1934.T,データなし,データなし,データなし,データなし,データなし,データなし,データなし,データなし,11.0,0,0,11.0,255,255,信用需給は判定不能,信用データがデータなし、または売残0で信用倍率を算出不能
2026-08-20,1911,住友林業,プライム,1342.0,3.03,0.98,0.37,-0.18,0.7,33.55,1320.0,1353.5,1330.0,1353.5,1353.5,1293.0,1293.0,1316.58,1290.89,1290.89,11,A,64.05,47.28,3.95,50.7,1344.46,1327.67,1488.34,-0.01σ,1.93,なし,強,買い,アンチ,1,0.0,1291.68,1442.64,2.0,直近2～5日まで下落、BB -1σ以下から反発、ストキャス売られ過ぎから反転、%K反転、%D方向改善 / 信用需給: 信用データがデータなし、または売残0で信用倍率を算出不能,,https://finance.yahoo.co.jp/quote/1911.T,データなし,データなし,データなし,データなし,データなし,データなし,データなし,データなし,11.0,0,0,11.0,255,255,信用需給は判定不能,信用データがデータなし、または売残0で信用倍率を算出不能
2026-08-20,8016,オンワードホールディングス,プライム,770.0,1.32,1.18,0.39,1.72,0.83,12.07,771.0,773.0,763.0,773.0,773.0,756.0,732.0,750.21,739.33,739.33,11,A,73.68,56.62,0.62,58.08,757.0,739.51,736.48,+0.82σ,0.98,陰線→陽線 / 2～5日下落後の陽線,強,買い,アンチ,1,0.0,751.9,806.21,2.0,直近2～5日まで下落、ストキャス売られ過ぎから反転、%K反転、%D方向改善、2～5日下落後の陽線 / 信用需給: 信用データがデータなし、または売残0で信用倍率を算出不能,,https://finance.yahoo.co.jp/quote/8016.T,データなし,データなし,データなし,データなし,データなし,データなし,データなし,データなし,11.0,0,0,11.0,255,255,信用需給は判定不能,信用データがデータなし、または売残0で信用倍率を算出不能
2026-08-20,2730,エディオン,プライム,2562.0,2.19,3.6,2.4,3.1,1.03,59.39,2518.0,2562.0,2501.0,2562.0,2562.0,2460.0,2405.0,2459.8,2416.11,2416.11,11,A,100.0,61.12,15.08,60.43,2484.92,2373.17,2214.76,+1.34σ,2.41,陰線→陽線 / 強気包み足,なし,買い,底固め,1,0.0,2460.0,2766.0,2.0,%K反転、%D方向改善、陽の包み足、出来高増加を伴う反転、直近下落なし（B以下に制限）、直近安値切り上げ、BB幅収縮、出来高減少後の増加 / 信用需給: 信用データがデータなし、または売残0で信用倍率を算出不能,,https://finance.yahoo.co.jp/quote/2730.T,データなし,データなし,データなし,データなし,データなし,データなし,データなし,データなし,11.0,0,0,11.0,255,255,信用需給は判定不能,信用データがデータなし、または売残0で信用倍率を算出不能
2026-08-20,3663,セルシス,プライム,1880.0,5.44,-0.63,1.73,1.15,0.88,88.29,1835.0,1887.0,1809.0,1887.0,1906.0,1779.0,1662.0,1772.87,1699.04,1699.04,11,A,47.42,49.52,1.37,52.02,1858.56,1760.56,1596.72,+0.45σ,0.71,陰線→陽線 / 2～5日下落後の陽線,通常,買い,アンチ,1,0.0,1747.56,2144.87,2.0,直近2～5日まで下落、ストキャス売られ過ぎから反転、%K反転、%D方向改善、2～5日下落後の陽線 / 信用需給: 信用データがデータなし、または売残0で信用倍率を算出不能,,https://finance.yahoo.co.jp/quote/3663.T,データなし,データなし,データなし,データなし,データなし,データなし,データなし,データなし,11.0,0,0,11.0,255,255,信用需給は判定不能,信用データがデータなし、または売残0で信用倍率を算出不能
2026-08-20,9301,三菱倉庫,プライム,1502.5,0.33,0.27,0.17,-3.09,0.43,34.54,1511.0,1506.0,1491.0,1511.0,1536.5,1478.5,1452.5,1484.56,1428.06,1428.06,11,A,37.8,35.02,5.81,42.91,1550.4,1510.63,1367.07,-0.68σ,0.65,陰線→陽線 / はらみ足 / 2～5日下落後の陽線,強,買い,アンチ,1,0.0,1450.69,1606.11,2.0,直近2～5日まで下落、ストキャス売られ過ぎから反転、%K反転、%D方向改善、2～5日下落後の陽線 / 信用需給: 信用データがデータなし、または売残0で信用倍率を算出不能,,https://finance.yahoo.co.jp/quote/9301.T,データなし,データなし,データなし,データなし,データなし,データなし,データなし,データなし,11.0,0,0,11.0,255,255,信用需給は判定不能,信用データがデータなし、または売残0で信用倍率を算出不能
2026-08-20,2216,カンロ,スタンダード,1091.0,1.11,-0.27,-0.73,-5.18,0.44,31.81,1088.0,1097.0,1083.0,1097.0,1097.0,1076.0,1035.0,1064.73,993.81,993.81,11,A,38.46,42.75,4.32,42.99,1150.56,1120.77,1321.22,-0.63σ,0.53,陰線→陽線 / 2～5日下落後の陽線,通常,買い,アンチ,1,0.0,1043.28,1186.44,2.0,直近2～5日まで下落、ストキャス売られ過ぎから反転、%K反転、%D方向改善、2～5日下落後の陽線 / 信用需給: 信用データがデータなし、または売残0で信用倍率を算出不能,,https://finance.yahoo.co.jp/quote/2216.T,データなし,データなし,データなし,データなし,データなし,データなし,データなし,データなし,11.0,0,0,11.0,255,255,信用需給は判定不能,信用データがデータなし、または売残0で信用倍率を算出不能
2026-08-20,3231,野村不動産ホールディングス,プライム,922.9,1.89,0.83,-0.27,-1.05,0.73,15.1,910.1,922.9,911.9,922.9,922.9,901.7,890.9,898.43,869.64,869.64,11,A,84.46,52.13,12.9,48.94,932.66,935.46,980.83,-0.15σ,0.75,陰線→陽線 / 2～5日下落後の陽線,強,買い,アンチ,1,0.0,900.26,968.19,2.0,直近2～5日まで下落、ストキャス売られ過ぎから反転、%K反転、%D方向改善、2～5日下落後の陽線 / 信用需給: 信用データがデータなし、または売残0で信用倍率を算出不能,,https://finance.yahoo.co.jp/quote/3231.T,データなし,データなし,データなし,データなし,データなし,データなし,データなし,データなし,11.0,0,0,11.0,255,255,信用需給は判定不能,信用データがデータなし、または売残0で信用倍率を算出不能
2026-08-20,9023,東京地下鉄,プライム,1471.0,1.48,1.76,1.03,0.76,0.84,26.23,1452.0,1476.0,1454.0,1476.0,1476.0,1431.0,1415.0,1437.74,1415.85,1415.85,11,A,88.89,57.44,8.88,54.43,1459.88,1445.61,1557.79,+0.52σ,0.7,陰線→陽線 / 2～5日下落後の陽線,強,買い,アンチ,1,0.0,1431.0,1551.0,2.0,直近2～5日まで下落、ストキャス売られ過ぎから反転、%K反転、%D方向改善、2～5日下落後の陽線 / 信用需給: 信用データがデータなし、または売残0で信用倍率を算出不能,,https://finance.yahoo.co.jp/quote/9023.T,データなし,データなし,データなし,データなし,データなし,データなし,データなし,データなし,11.0,0,0,11.0,255,255,信用需給は判定不能,信用データがデータなし、または売残0で信用倍率を算出不能
2026-08-20,9020,東日本旅客鉄道,プライム,3503.0,3.03,1.24,0.95,-1.69,0.76,88.94,3484.0,3503.0,3435.0,3503.0,3503.0,3392.0,3351.0,3388.26,3226.22,3226.22,11,A,84.73,45.43,12.09,49.44,3563.12,3516.99,3708.56,-0.29σ,1.06,陰線→陽線 / 2～5日下落後の陽線,強,買い,アンチ,1,0.0,3369.59,3769.81,2.0,直近2～5日まで下落、ストキャス売られ過ぎから反転、%K反転、%D方向改善、2～5日下落後の陽線 / 信用需給: 信用データがデータなし、または売残0で信用倍率を算出不能,,https://finance.yahoo.co.jp/quote/9020.T,データなし,データなし,データなし,データなし,データなし,データなし,データなし,データなし,11.0,0,0,11.0,255,255,信用需給は判定不能,信用データがデータなし、または売残0で信用倍率を算出不能
2026-08-20,7259,アイシン,プライム,2267.0,3.21,1.16,1.48,-0.66,0.62,65.4,2233.0,2270.5,2230.0,2270.5,2272.5,2188.5,2138.0,2181.23,2080.39,2080.39,11,A,89.2,50.19,14.15,49.85,2282.02,2307.59,2533.18,-0.15σ,0.72,陰線→陽線 / 2～5日下落後の陽線,強,買い,アンチ,1,0.0,2168.9,2463.19,2.0,直近2～5日まで下落、ストキャス売られ過ぎから反転、%K反転、%D方向改善、2～5日下落後の陽線 / 信用需給: 信用データがデータなし、または売残0で信用倍率を算出不能,,https://finance.yahoo.co.jp/quote/7259.T,データなし,データなし,データなし,データなし,データなし,データなし,データなし,データなし,11.0,0,0,11.0,255,255,信用需給は判定不能,信用データがデータなし、または売残0で信用倍率を算出不能
2026-08-20,7309,シマノ,プライム,20485.0,5.4,4.89,2.3,5.26,0.83,630.26,19520.0,20775.0,20255.0,20775.0,20775.0,19155.0,18305.0,19095.58,18435.66,18435.66,11,A,82.1,50.86,3.56,63.06,19460.8,17718.0,17069.1,+1.11σ,1.03,2～5日下落後の陽線,強,買い,アンチ,1,0.0,19155.0,23145.0,2.0,直近2～5日まで下落、ストキャス売られ過ぎから反転、%K反転、%D方向改善、2～5日下落後の陽線 / 信用需給: 信用データがデータなし、または売残0で信用倍率を算出不能,,https://finance.yahoo.co.jp/quote/7309.T,データなし,データなし,データなし,データなし,データなし,データなし,データなし,データなし,11.0,0,0,11.0,255,255,信用需給は判定不能,信用データがデータなし、または売残0で信用倍率を算出不能
2026-08-20,6758,ソニーグループ,プライム,3777.0,2.39,-0.08,2.08,3.95,0.67,120.18,3753.0,3813.0,3733.0,3813.0,3813.0,3655.0,3360.0,3555.4,3428.94,3428.94,11,A,47.47,52.12,2.18,57.84,3633.44,3478.91,3659.21,+0.75σ,0.62,陰線→陽線 / 2～5日下落後の陽線,通常,買い,アンチ,1,0.0,3596.74,4137.53,2.0,直近2～5日まで下落、ストキャス売られ過ぎから反転、%K反転、%D方向改善、2～5日下落後の陽線 / 信用需給: 信用データがデータなし、または売残0で信用倍率を算出不能,,https://finance.yahoo.co.jp/quote/6758.T,データなし,データなし,データなし,データなし,データなし,データなし,データなし,データなし,11.0,0,0,11.0,255,255,信用需給は判定不能,信用データがデータなし、または売残0で信用倍率を算出不能
2026-08-20,4519,中外製薬,プライム,7101.0,3.14,3.45,-1.03,1.03,0.85,196.72,6911.0,7141.0,6974.0,7141.0,7141.0,6831.0,6575.0,6772.11,6578.03,6578.03,11,A,67.84,58.82,6.31,51.19,7028.84,7437.75,8131.98,+0.69σ,0.84,2～5日下落後の陽線,強,買い,アンチ,1,0.0,6805.93,7691.15,2.0,直近2～5日まで下落、ストキャス売られ過ぎから反転、%K反転、%D方向改善、2～5日下落後の陽線 / 信用需給: 信用データがデータなし、または売残0で信用倍率を算出不能,,https://finance.yahoo.co.jp/quote/4519.T,データなし,データなし,データなし,データなし,データなし,データなし,データなし,データなし,11.0,0,0,11.0,255,255,信用需給は判定不能,信用データがデータなし、または売残0で信用倍率を算出不能
2026-08-20,4483,ＪＭＤＣ,プライム,3465.0,1.91,2.82,1.46,5.46,0.85,140.35,3460.0,3515.0,3395.0,3515.0,3515.0,3330.0,2985.0,3140.65,2979.3,2979.3,11,A,61.36,65.21,10.32,58.78,3285.6,2991.79,3507.83,+1.01σ,0.63,陰線→陽線 / 強気包み足 / 2～5日下落後の陽線,通常,買い,アンチ,1,0.0,3254.47,3886.06,2.0,直近2～5日まで下落、%K反転、%D方向改善、陽の包み足、2～5日下落後の陽線 / 信用需給: 信用データがデータなし、または売残0で信用倍率を算出不能,,https://finance.yahoo.co.jp/quote/4483.T,データなし,データなし,データなし,データなし,データなし,データなし,データなし,データなし,11.0,0,0,11.0,255,255,信用需給は判定不能,信用データがデータなし、または売残0で信用倍率を算出不能
2026-08-20,4021,日産化学,プライム,8162.0,5.15,0.05,1.48,5.25,1.48,264.86,8057.0,8215.0,7822.0,8215.0,8215.0,7760.0,7210.0,7467.25,7206.96,7206.96,11,A,88.5,70.89,0.4,57.26,7754.8,7707.39,6525.88,+1.67σ,1.36,陰線→陽線 / 2～5日下落後の陽線,強,買い,底固め / アンチ,2,0.0,7760.0,8966.0,2.0,直近2～5日まで下落、%K反転、2～5日下落後の陽線、出来高増加を伴う反転、直近安値切り上げ、BB幅収縮、RSI安値切り上げ / 信用需給: 信用データがデータなし、または売残0で信用倍率を算出不能,,https://finance.yahoo.co.jp/quote/4021.T,データなし,データなし,データなし,データなし,データなし,データなし,データなし,データなし,11.0,0,0,11.0,255,255,信用需給は判定不能,信用データがデータなし、または売残0で信用倍率を算出不能
2026-08-20,3457,Ａｎｄ　Ｄｏホールディングス,プライム,921.0,0.22,-0.11,-3.05,-1.18,0.77,14.34,922.0,927.0,916.0,927.0,927.0,911.0,911.0,920.61,909.43,909.43,11,A,24.39,41.74,6.15,41.12,932.0,987.12,1042.08,-0.97σ,1.35,なし,通常,買い,アンチ,1,0.0,899.48,964.03,2.0,直近2～5日まで下落、BB -1σ以下から反発、ストキャス売られ過ぎから反転、%K反転、%D方向改善 / 信用需給: 信用データがデータなし、または売残0で信用倍率を算出不能,,https://finance.yahoo.co.jp/quote/3457.T,データなし,データなし,データなし,データなし,データなし,データなし,データなし,データなし,11.0,0,0,11.0,255,255,信用需給は判定不能,信用データがデータなし、または売残0で信用倍率を算出不能
2026-08-20,3863,日本製紙,プライム,1364.0,0.81,1.94,-2.71,-4.06,0.6,53.47,1370.0,1383.0,1351.0,1383.0,1383.0,1334.0,1251.0,1338.09,1266.67,1266.67,11,A,28.04,55.59,2.9,47.5,1421.76,1347.63,1257.04,-0.64σ,0.49,前日安値割れ反転,通常,買い,アンチ,1,0.0,1283.8,1524.4,2.0,直近2～5日まで下落、ストキャス売られ過ぎから反転、%K反転、%D方向改善、長い下ヒゲ反転 / 信用需給: 信用データがデータなし、または売残0で信用倍率を算出不能,,https://finance.yahoo.co.jp/quote/3863.T,データなし,データなし,データなし,データなし,データなし,データなし,データなし,データなし,11.0,0,0,11.0,255,255,信用需給は判定不能,信用データがデータなし、または売残0で信用倍率を算出不能
2026-08-20,9793,ダイセキ,プライム,3800.0,0.53,-1.3,-1.81,-0.1,0.5,69.93,3835.0,3830.0,3795.0,3835.0,3865.0,3740.0,3690.0,3761.65,3718.04,3718.04,11,A,37.5,61.04,5.5,46.52,3803.8,3957.0,3758.28,-0.12σ,0.66,はらみ足,通常,買い,底固め / アンチ,2,0.0,3695.11,4009.78,2.0,直近2～5日まで下落、ストキャス売られ過ぎから反転、%K反転、%D方向改善、直近安値切り上げ、ATR低下、BB幅収縮、RSI安値切り上げ / 信用需給: 信用データがデータなし、または売残0で信用倍率を算出不能,,https://finance.yahoo.co.jp/quote/9793.T,データなし,データなし,データなし,データなし,データなし,データなし,データなし,データなし,11.0,0,0,11.0,255,255,信用需給は判定不能,信用データがデータなし、または売残0で信用倍率を算出不能
2026-08-20,4307,野村総合研究所,プライム,5075.0,4.42,4.23,1.97,1.87,0.62,200.01,4917.0,5093.0,4968.0,5093.0,5093.0,4795.0,4486.0,4698.81,4430.01,4430.01,11,A,70.18,56.33,8.12,54.64,4982.0,4757.56,5055.99,+0.40σ,0.73,陰線→陽線 / 2～5日下落後の陽線,強,買い,アンチ,1,0.0,4774.99,5675.02,2.0,直近2～5日まで下落、ストキャス売られ過ぎから反転、%K反転、%D方向改善、2～5日下落後の陽線 / 信用需給: 信用データがデータなし、または売残0で信用倍率を算出不能,,https://finance.yahoo.co.jp/quote/4307.T,データなし,データなし,データなし,データなし,データなし,データなし,データなし,データなし,11.0,0,0,11.0,255,255,信用需給は判定不能,信用データがデータなし、または売残0で信用倍率を算出不能
2026-08-20,6902,デンソー,プライム,1946.0,3.1,1.35,2.34,-1.45,0.72,50.17,1923.5,1946.0,1910.0,1946.0,1946.0,1883.5,1883.5,1885.09,1795.56,1795.56,11,A,86.21,43.59,13.92,49.57,1974.7,1922.01,2021.33,-0.32σ,0.75,陰線→陽線 / 2～5日下落後の陽線,強,買い,アンチ,1,0.0,1870.75,2096.5,2.0,直近2～5日まで下落、ストキャス売られ過ぎから反転、%K反転、%D方向改善、2～5日下落後の陽線 / 信用需給: 信用データがデータなし、または売残0で信用倍率を算出不能,,https://finance.yahoo.co.jp/quote/6902.T,データなし,データなし,データなし,データなし,データなし,データなし,データなし,データなし,11.0,0,0,11.0,255,255,信用需給は判定不能,信用データがデータなし、または売残0で信用倍率を算出不能
2026-08-20,6976,太陽誘電,プライム,9623.0,-0.65,-14.8,-12.0,-9.95,0.38,1246.69,9984.0,9728.0,9250.0,9984.0,11500.0,9250.0,8601.0,9464.55,8593.64,8593.64,11,A,15.35,45.3,-12.09,40.54,10686.16,12997.44,7428.16,-0.82σ,1.1,強気包み足 / 長い下ヒゲ（ハンマー） / 2～5日下落後の陽線,なし,買い,底固め,1,0.0,7752.96,13363.08,2.0,直近2～5日まで下落、陽の包み足、長い下ヒゲ反転、2～5日下落後の陽線、直近安値切り上げ、ATR低下、BB幅収縮、RSI安値切り上げ / 信用需給: 信用データがデータなし、または売残0で信用倍率を算出不能,,https://finance.yahoo.co.jp/quote/6976.T,データなし,データなし,データなし,データなし,データなし,データなし,データなし,データなし,11.0,0,0,11.0,255,255,信用需給は判定不能,信用データがデータなし、または売残0で信用倍率を算出不能
2026-08-20,6770,アルプスアルパイン,プライム,2187.0,3.31,-0.82,-0.95,1.33,0.53,71.3,2178.0,2187.0,2149.5,2187.0,2225.0,2109.5,2032.0,2116.24,2062.79,2062.79,11,A,59.39,59.7,8.14,53.17,2158.3,2132.79,2107.78,+0.32σ,0.77,陰線→陽線 / 2～5日下落後の陽線,通常,買い,アンチ,1,0.0,2080.05,2400.9,2.0,直近2～5日まで下落、ストキャス売られ過ぎから反転、%K反転、%D方向改善、2～5日下落後の陽線 / 信用需給: 信用データがデータなし、または売残0で信用倍率を算出不能,,https://finance.yahoo.co.jp/quote/6770.T,データなし,データなし,データなし,データなし,データなし,データなし,データなし,データなし,11.0,0,0,11.0,255,255,信用需給は判定不能,信用データがデータなし、または売残0で信用倍率を算出不能
2026-08-20,8276,平和堂,プライム,2709.0,0.52,-1.31,-0.7,1.81,1.17,55.43,2748.0,2728.0,2663.0,2748.0,2781.0,2663.0,2529.0,2625.77,2568.39,2568.39,11,A,38.98,68.05,4.97,56.37,2660.96,2591.72,2795.42,+0.45σ,0.48,前日安値割れ反転,通常,買い,アンチ,1,0.0,2625.85,2875.29,2.0,直近2～5日まで下落、ストキャス売られ過ぎから反転、%K反転、%D方向改善、長い下ヒゲ反転 / 信用需給: 信用データがデータなし、または売残0で信用倍率を算出不能,,https://finance.yahoo.co.jp/quote/8276.T,データなし,データなし,データなし,データなし,データなし,データなし,データなし,データなし,11.0,0,0,11.0,255,255,信用需給は判定不能,信用データがデータなし、または売残0で信用倍率を算出不能
2026-08-20,3092,ＺＯＺＯ,プライム,1126.0,1.17,1.3,-1.01,-2.11,0.69,30.26,1124.5,1134.0,1113.0,1134.0,1134.0,1090.0,1090.0,1116.17,1087.07,1087.07,11,A,39.34,39.3,2.38,46.56,1150.3,1102.89,1170.56,-0.66σ,0.85,なし,強,買い,アンチ,1,0.0,1080.6,1216.79,2.0,直近2～5日まで下落、BB -1σ以下から反発、ストキャス売られ過ぎから反転、%K反転、%D方向改善 / 信用需給: 信用データがデータなし、または売残0で信用倍率を算出不能,,https://finance.yahoo.co.jp/quote/3092.T,データなし,データなし,データなし,データなし,データなし,データなし,データなし,データなし,11.0,0,0,11.0,255,255,信用需給は判定不能,信用データがデータなし、または売残0で信用倍率を算出不能
2026-08-20,7545,西松屋チェーン,プライム,1993.0,0.05,-0.15,-0.8,-0.25,1.02,41.04,2048.0,2018.0,1976.0,2048.0,2048.0,1976.0,1913.0,1969.38,1939.06,1939.06,11,A,21.52,46.72,2.0,49.1,1997.92,1970.81,2072.76,-0.22σ,0.56,前日安値割れ反転,通常,買い,アンチ,1,0.0,1931.44,2116.12,2.0,直近2～5日まで下落、ストキャス売られ過ぎから反転、%K反転、%D方向改善、長い下ヒゲ反転 / 信用需給: 信用データがデータなし、または売残0で信用倍率を算出不能,,https://finance.yahoo.co.jp/quote/7545.T,データなし,データなし,データなし,データなし,データなし,データなし,データなし,データなし,11.0,0,0,11.0,255,255,信用需給は判定不能,信用データがデータなし、または売残0で信用倍率を算出不能
2026-08-20,7685,ＢｕｙＳｅｌｌ　Ｔｅｃｈｎｏｌｏｇｉｅｓ,グロース,3340.0,2.3,-1.76,1.06,4.65,1.12,178.65,3280.0,3415.0,3215.0,3415.0,3415.0,3075.0,2910.0,3005.39,2874.53,2874.53,11,A,70.67,66.51,3.96,53.79,3191.6,3455.67,2916.96,+1.56σ,0.9,長い下ヒゲ（ハンマー） / 2～5日下落後の陽線,強,買い,底固め / アンチ,2,0.0,3072.02,3875.96,2.0,直近2～5日まで下落、%K反転、長い下ヒゲ反転、2～5日下落後の陽線、直近安値切り上げ、BB幅収縮、RSI安値切り上げ / 信用需給: 信用データがデータなし、または売残0で信用倍率を算出不能,,https://finance.yahoo.co.jp/quote/7685.T,データなし,データなし,データなし,データなし,データなし,データなし,データなし,データなし,11.0,0,0,11.0,255,255,信用需給は判定不能,信用データがデータなし、または売残0で信用倍率を算出不能
2026-08-20,4324,電通グループ,プライム,3582.0,3.11,2.05,-3.63,0.48,0.77,135.33,3567.0,3613.0,3509.0,3613.0,3613.0,3400.0,3307.0,3453.33,3311.02,3311.02,11,A,44.83,56.33,2.46,52.68,3564.88,3262.19,3154.62,-0.10σ,0.74,陰線→陽線 / 2～5日下落後の陽線,通常,買い,アンチ,1,0.0,3379.01,3987.98,2.0,直近2～5日まで下落、ストキャス売られ過ぎから反転、%K反転、%D方向改善、2～5日下落後の陽線 / 信用需給: 信用データがデータなし、または売残0で信用倍率を算出不能,,https://finance.yahoo.co.jp/quote/4324.T,データなし,データなし,データなし,データなし,データなし,データなし,データなし,データなし,11.0,0,0,11.0,255,255,信用需給は判定不能,信用データがデータなし、または売残0で信用倍率を算出不能
2026-08-20,4765,ＳＢＩグローバルアセットマネジメント,プライム,618.0,1.64,0.32,-0.64,3.23,0.93,12.91,616.0,618.0,606.0,618.0,624.0,605.0,561.0,585.51,567.82,567.82,11,A,72.73,60.95,2.65,59.67,598.68,590.63,598.15,+0.84σ,0.45,陰線→陽線 / 強気包み足 / 2～5日下落後の陽線,強,買い,アンチ,1,0.0,598.63,656.73,2.0,直近2～5日まで下落、%K反転、%D方向改善、陽の包み足、2～5日下落後の陽線 / 信用需給: 信用データがデータなし、または売残0で信用倍率を算出不能,,https://finance.yahoo.co.jp/quote/4765.T,データなし,データなし,データなし,データなし,データなし,データなし,データなし,データなし,11.0,0,0,11.0,255,255,信用需給は判定不能,信用データがデータなし、または売残0で信用倍率を算出不能
2026-08-20,6817,スミダコーポレーション,プライム,1233.0,2.24,-2.84,-2.22,-2.33,0.9,46.51,1238.0,1243.0,1201.0,1243.0,1288.0,1196.0,1121.0,1187.15,1127.04,1127.04,11,A,40.22,60.39,9.5,44.56,1262.44,1356.85,1246.79,-0.24σ,0.73,陰線→陽線 / 2～5日下落後の陽線,通常,買い,アンチ,1,0.0,1163.24,1372.52,2.0,直近2～5日まで下落、ストキャス売られ過ぎから反転、%K反転、%D方向改善、2～5日下落後の陽線 / 信用需給: 信用データがデータなし、または売残0で信用倍率を算出不能,,https://finance.yahoo.co.jp/quote/6817.T,データなし,データなし,データなし,データなし,データなし,データなし,データなし,データなし,11.0,0,0,11.0,255,255,信用需給は判定不能,信用データがデータなし、または売残0で信用倍率を算出不能
2026-08-20,6104,芝浦機械,プライム,4290.0,5.02,0.23,1.18,-1.56,0.8,180.71,4160.0,4320.0,4175.0,4320.0,4320.0,4025.0,3860.0,4037.58,3778.15,3778.15,11,A,88.33,59.69,11.21,49.41,4357.8,4392.47,4287.75,-0.03σ,0.83,陰線→陽線 / 2～5日下落後の陽線,強,買い,アンチ,1,0.0,4018.94,4832.12,2.0,直近2～5日まで下落、ストキャス売られ過ぎから反転、%K反転、%D方向改善、2～5日下落後の陽線 / 信用需給: 信用データがデータなし、または売残0で信用倍率を算出不能,,https://finance.yahoo.co.jp/quote/6104.T,データなし,データなし,データなし,データなし,データなし,データなし,データなし,データなし,11.0,0,0,11.0,255,255,信用需給は判定不能,信用データがデータなし、または売残0で信用倍率を算出不能
2026-08-20,4587,ペプチドリーム,プライム,1101.5,7.25,9.88,5.31,12.24,1.5,44.6,1044.0,1114.0,1047.0,1114.0,1114.0,983.8,906.4,937.91,893.22,893.22,11,除外,91.17,72.08,-0.61,68.04,981.37,1032.3,1318.22,+2.66σ,1.41,陰線→陽線 / 2～5日下落後の陽線,なし,買い,底固め,1,0.0,983.8,1336.9,2.0,直近2～5日まで下落、%K反転、2～5日下落後の陽線、出来高増加を伴う反転、直近安値切り上げ、BB幅収縮、RSI安値切り上げ、レンジ上限突破 / 信用需給: 信用データがデータなし、または売残0で信用倍率を算出不能,急騰済み（25日線上方乖離、BB +2σ大幅超過）,https://finance.yahoo.co.jp/quote/4587.T,データなし,データなし,データなし,データなし,データなし,データなし,データなし,データなし,11.0,0,0,11.0,255,255,信用需給は判定不能,信用データがデータなし、または売残0で信用倍率を算出不能
2026-08-20,7148,ＦＰＧ,プライム,1636.0,1.87,1.11,0.8,1.12,0.51,35.52,1624.0,1641.0,1623.0,1641.0,1641.0,1598.0,1570.0,1598.85,1569.3,1569.3,11,A,82.61,31.12,7.37,55.57,1617.92,1559.91,1837.68,+0.26σ,0.69,陰線→陽線 / 2～5日下落後の陽線,強,買い,アンチ,1,0.0,1582.72,1742.57,2.0,直近2～5日まで下落、ストキャス売られ過ぎから反転、%K反転、%D方向改善、2～5日下落後の陽線 / 信用需給: 信用データがデータなし、または売残0で信用倍率を算出不能,,https://finance.yahoo.co.jp/quote/7148.T,データなし,データなし,データなし,データなし,データなし,データなし,データなし,データなし,11.0,0,0,11.0,255,255,信用需給は判定不能,信用データがデータなし、または売残0で信用倍率を算出不能
2026-08-20,2489,アドウェイズ,スタンダード,382.0,3.8,4.66,-1.04,16.02,1.23,15.48,371.0,383.0,364.0,383.0,383.0,360.0,302.0,305.85,277.65,277.65,11,除外,84.15,69.29,0.28,72.27,329.24,297.91,283.76,+1.70σ,0.43,陰線→陽線 / 強気包み足 / 2～5日下落後の陽線,通常,買い,アンチ,1,0.0,358.78,428.43,2.0,直近2～5日まで下落、%K反転、%D方向改善、陽の包み足、2～5日下落後の陽線 / 信用需給: 信用データがデータなし、または売残0で信用倍率を算出不能,急騰済み（25日線上方乖離、高RSI）,https://finance.yahoo.co.jp/quote/2489.T,データなし,データなし,データなし,データなし,データなし,データなし,データなし,データなし,11.0,0,0,11.0,255,255,信用需給は判定不能,信用データがデータなし、または売残0で信用倍率を算出不能
2026-08-20,7752,リコー,プライム,1599.5,0.69,-2.2,-3.12,0.82,0.68,43.2,1605.0,1617.0,1587.5,1617.0,1621.0,1571.5,1503.5,1560.14,1518.2,1518.2,11,A,24.89,62.67,1.3,53.3,1586.42,1494.13,1425.38,-0.06σ,1.59,なし,通常,買い,底固め / アンチ,2,0.0,1534.7,1729.11,2.0,直近2～5日まで下落、ストキャス売られ過ぎから反転、%K反転、%D方向改善、直近安値切り上げ、BB幅収縮、出来高減少後の増加 / 信用需給: 信用データがデータなし、または売残0で信用倍率を算出不能,,https://finance.yahoo.co.jp/quote/7752.T,データなし,データなし,データなし,データなし,データなし,データなし,データなし,データなし,11.0,0,0,11.0,255,255,信用需給は判定不能,信用データがデータなし、または売残0で信用倍率を算出不能
2026-08-20,7226,極東開発工業,プライム,2342.0,1.39,-0.51,0.6,0.36,0.67,40.55,2340.0,2347.0,2320.0,2347.0,2364.0,2305.0,2266.0,2307.33,2280.0,2280.0,11,A,61.67,53.44,8.6,55.7,2333.56,2264.84,2734.94,+0.27σ,1.07,陰線→陽線 / 2～5日下落後の陽線,強,買い,アンチ,1,0.0,2281.18,2463.65,2.0,直近2～5日まで下落、ストキャス売られ過ぎから反転、%K反転、%D方向改善、2～5日下落後の陽線 / 信用需給: 信用データがデータなし、または売残0で信用倍率を算出不能,,https://finance.yahoo.co.jp/quote/7226.T,データなし,データなし,データなし,データなし,データなし,データなし,データなし,データなし,11.0,0,0,11.0,255,255,信用需給は判定不能,信用データがデータなし、または売残0で信用倍率を算出不能
2026-08-20,4658,日本空調サービス,プライム,1549.0,1.44,-0.39,-0.13,-1.28,0.73,31.62,1559.0,1550.0,1527.0,1559.0,1567.0,1525.0,1453.0,1521.66,1485.97,1485.97,11,A,58.7,64.82,7.91,47.02,1569.16,1577.81,1475.6,-0.23σ,0.42,陰線→陽線 / はらみ足 / 2～5日下落後の陽線,通常,買い,アンチ,1,0.0,1501.57,1643.86,2.0,直近2～5日まで下落、ストキャス売られ過ぎから反転、%K反転、%D方向改善、2～5日下落後の陽線 / 信用需給: 信用データがデータなし、または売残0で信用倍率を算出不能,,https://finance.yahoo.co.jp/quote/4658.T,データなし,データなし,データなし,データなし,データなし,データなし,データなし,データなし,11.0,0,0,11.0,255,255,信用需給は判定不能,信用データがデータなし、または売残0で信用倍率を算出不能
2026-08-20,5076,インフロニア・ホールディングス,プライム,2745.0,3.53,-2.68,0.04,1.09,1.02,92.51,2770.0,2754.5,2660.0,2770.0,2847.5,2651.5,2496.0,2580.86,2476.57,2476.57,11,A,50.1,59.24,8.89,52.95,2715.28,2611.37,2338.14,+0.57σ,1.03,陰線→陽線 / はらみ足 / 2～5日下落後の陽線,通常,買い,アンチ,1,0.0,2606.23,3022.53,2.0,直近2～5日まで下落、ストキャス売られ過ぎから反転、%K反転、%D方向改善、2～5日下落後の陽線 / 信用需給: 信用データがデータなし、または売残0で信用倍率を算出不能,,https://finance.yahoo.co.jp/quote/5076.T,データなし,データなし,データなし,データなし,データなし,データなし,データなし,データなし,11.0,0,0,11.0,255,255,信用需給は判定不能,信用データがデータなし、または売残0で信用倍率を算出不能
2026-08-20,5020,ＥＮＥＯＳホールディングス,プライム,1303.0,2.04,0.66,1.6,0.35,0.69,36.81,1305.0,1306.5,1281.0,1306.5,1329.5,1268.0,1265.0,1280.95,1259.8,1259.8,11,A,56.91,38.02,5.49,52.35,1298.52,1279.5,1253.82,+0.04σ,0.7,陰線→陽線,強,買い,BB逆張り / 底固め / アンチ,3,0.0,1247.79,1413.42,2.0,BB -1σ以下から反発、ストキャス売られ過ぎから反転、%K反転、%D方向改善、直近下落なし（B以下に制限）、直近安値切り上げ、BB幅収縮、RSI安値切り上げ / 信用需給: 信用データがデータなし、または売残0で信用倍率を算出不能,,https://finance.yahoo.co.jp/quote/5020.T,データなし,データなし,データなし,データなし,データなし,データなし,データなし,データなし,11.0,0,0,11.0,255,255,信用需給は判定不能,信用データがデータなし、または売残0で信用倍率を算出不能
2026-08-20,8584,ジャックス,プライム,3760.0,0.53,0.27,-0.53,0.45,0.85,64.83,3745.0,3760.0,3705.0,3760.0,3775.0,3695.0,3610.0,3680.58,3626.66,3626.66,11,A,61.9,70.75,13.64,54.72,3743.2,3651.53,3984.02,+0.47σ,0.55,陰線→陽線 / 強気包み足 / 2～5日下落後の陽線,通常,買い,アンチ,1,0.0,3662.75,3954.49,2.0,直近2～5日まで下落、%K反転、%D方向改善、陽の包み足、2～5日下落後の陽線 / 信用需給: 信用データがデータなし、または売残0で信用倍率を算出不能,,https://finance.yahoo.co.jp/quote/8584.T,データなし,データなし,データなし,データなし,データなし,データなし,データなし,データなし,11.0,0,0,11.0,255,255,信用需給は判定不能,信用データがデータなし、または売残0で信用倍率を算出不能
2026-08-20,9532,大阪瓦斯,プライム,5517.0,1.53,1.88,0.73,1.2,0.84,118.02,5475.0,5528.0,5429.0,5528.0,5528.0,5362.0,5266.0,5392.22,5318.6,5318.6,10,B,77.5,52.97,8.96,54.8,5451.68,5495.64,5673.52,+0.69σ,0.75,陰線→陽線 / 長い下ヒゲ（ハンマー） / 2～5日下落後の陽線,強,買い,アンチ,1,0.0,5339.97,5871.05,2.0,直近2～5日まで下落、%K反転、%D方向改善、長い下ヒゲ反転、2～5日下落後の陽線 / 信用需給: 信用データがデータなし、または売残0で信用倍率を算出不能,,https://finance.yahoo.co.jp/quote/9532.T,データなし,データなし,データなし,データなし,データなし,データなし,データなし,データなし,10.0,0,0,10.0,298,298,信用需給は判定不能,信用データがデータなし、または売残0で信用倍率を算出不能
2026-08-20,2986,ＬＡホールディングス,グロース,2823.0,2.17,-0.32,0.68,2.96,0.66,80.03,2802.0,2824.0,2771.0,2824.0,2856.0,2744.0,2635.0,2685.44,2631.22,2631.22,10,B,78.17,67.7,8.42,54.71,2741.84,2827.14,2880.96,+1.54σ,0.54,陰線→陽線 / 2～5日下落後の陽線,強,買い,底固め / アンチ,2,0.0,2702.96,3063.09,2.0,直近2～5日まで下落、%K反転、%D方向改善、2～5日下落後の陽線、直近安値切り上げ、BB幅収縮、RSI安値切り上げ / 信用需給: 信用データがデータなし、または売残0で信用倍率を算出不能,,https://finance.yahoo.co.jp/quote/2986.T,データなし,データなし,データなし,データなし,データなし,データなし,データなし,データなし,10.0,0,0,10.0,298,298,信用需給は判定不能,信用データがデータなし、または売残0で信用倍率を算出不能
2026-08-20,3093,トレジャー・ファクトリー,プライム,2174.0,3.43,2.26,2.16,3.69,1.05,71.17,2172.0,2188.0,2113.0,2188.0,2188.0,2078.0,2005.0,2060.14,2020.92,2020.92,10,B,89.71,69.12,18.27,58.04,2096.6,2002.01,1822.06,+1.90σ,0.72,陰線→陽線 / 2～5日下落後の陽線,強,買い,底固め / アンチ,2,0.0,2067.24,2387.51,2.0,直近2～5日まで下落、%K反転、%D方向改善、2～5日下落後の陽線、直近安値切り上げ、ATR低下、BB幅収縮、RSI安値切り上げ、レンジ上限突破 / 信用需給: 信用データがデータなし、または売残0で信用倍率を算出不能,,https://finance.yahoo.co.jp/quote/3093.T,データなし,データなし,データなし,データなし,データなし,データなし,データなし,データなし,10.0,0,0,10.0,298,298,信用需給は判定不能,信用データがデータなし、または売残0で信用倍率を算出不能
2026-08-20,7867,タカラトミー,プライム,3621.0,1.37,0.58,0.33,1.32,0.82,116.88,3595.0,3687.0,3591.0,3687.0,3687.0,3495.0,3338.0,3493.33,3397.96,3397.96,10,B,56.76,61.63,-0.0,56.78,3573.88,3192.53,2954.51,+0.34σ,1.05,陰線→陽線 / 2～5日下落後の陽線,なし,買い,底固め,1,0.0,3445.69,3971.63,2.0,直近2～5日まで下落、%K反転、%D方向改善、2～5日下落後の陽線、直近安値切り上げ、BB幅収縮、RSI安値切り上げ / 信用需給: 信用データがデータなし、または売残0で信用倍率を算出不能,,https://finance.yahoo.co.jp/quote/7867.T,データなし,データなし,データなし,データなし,データなし,データなし,データなし,データなし,10.0,0,0,10.0,298,298,信用需給は判定不能,信用データがデータなし、または売残0で信用倍率を算出不能
2026-08-20,2982,ＡＤワークスグループ,プライム,423.0,2.67,-1.17,-0.24,2.31,0.63,11.18,417.0,423.0,416.0,423.0,430.0,410.0,391.0,405.34,397.48,397.48,10,B,70.83,69.07,9.06,56.9,413.44,404.2,426.76,+1.25σ,0.77,陰線→陽線 / 2～5日下落後の陽線,強,買い,底固め / アンチ,2,0.0,406.24,456.53,2.0,直近2～5日まで下落、%K反転、%D方向改善、2～5日下落後の陽線、直近安値切り上げ、BB幅収縮、RSI安値切り上げ / 信用需給: 信用データがデータなし、または売残0で信用倍率を算出不能,,https://finance.yahoo.co.jp/quote/2982.T,データなし,データなし,データなし,データなし,データなし,データなし,データなし,データなし,10.0,0,0,10.0,298,298,信用需給は判定不能,信用データがデータなし、または売残0で信用倍率を算出不能
2026-08-20,2327,日鉄ソリューションズ,プライム,3896.0,2.8,3.1,1.94,2.05,1.1,100.01,3816.0,3921.0,3811.0,3921.0,3921.0,3702.0,3617.0,3733.8,3648.61,3648.61,10,B,88.58,63.67,14.61,59.53,3817.84,3586.89,3832.58,+0.90σ,1.04,陰線→陽線 / 2～5日下落後の陽線,強,買い,底固め / アンチ,2,0.0,3702.0,4284.0,2.0,直近2～5日まで下落、%K反転、%D方向改善、2～5日下落後の陽線、直近安値切り上げ、BB幅収縮、レンジ上限突破 / 信用需給: 信用データがデータなし、または売残0で信用倍率を算出不能,,https://finance.yahoo.co.jp/quote/2327.T,データなし,データなし,データなし,データなし,データなし,データなし,データなし,データなし,10.0,0,0,10.0,298,298,信用需給は判定不能,信用データがデータなし、または売残0で信用倍率を算出不能
2026-08-20,8593,三菱ＨＣキャピタル,プライム,1388.5,1.13,0.22,-2.11,-2.67,0.79,27.05,1382.5,1389.0,1367.5,1389.0,1389.0,1364.5,1353.5,1389.86,1351.19,1351.19,10,B,44.04,38.78,6.34,46.4,1426.52,1367.31,1363.3,-1.04σ,0.87,陰線→陽線 / 2～5日下落後の陽線,強,買い,BB逆張り / アンチ,2,0.0,1347.92,1469.66,2.0,直近2～5日まで下落、BB -1σ以下から反発、%K反転、%D方向改善、2～5日下落後の陽線 / 信用需給: 信用データがデータなし、または売残0で信用倍率を算出不能,,https://finance.yahoo.co.jp/quote/8593.T,データなし,データなし,データなし,データなし,データなし,データなし,データなし,データなし,10.0,0,0,10.0,298,298,信用需給は判定不能,信用データがデータなし、または売残0で信用倍率を算出不能
2026-08-20,8803,平和不動産,プライム,2361.0,0.94,0.25,-0.38,0.43,0.71,29.53,2354.0,2364.0,2343.0,2364.0,2364.0,2328.0,2277.0,2313.8,2277.1,2277.1,10,B,73.33,63.28,18.84,52.3,2351.0,2360.81,2353.14,+0.29σ,0.54,陰線→陽線 / 長い下ヒゲ（ハンマー） / 2～5日下落後の陽線,強,買い,アンチ,1,0.0,2316.7,2449.6,2.0,直近2～5日まで下落、%K反転、%D方向改善、長い下ヒゲ反転、2～5日下落後の陽線 / 信用需給: 信用データがデータなし、または売残0で信用倍率を算出不能,,https://finance.yahoo.co.jp/quote/8803.T,データなし,データなし,データなし,データなし,データなし,データなし,データなし,データなし,10.0,0,0,10.0,298,298,信用需給は判定不能,信用データがデータなし、または売残0で信用倍率を算出不能
2026-08-20,8522,名古屋銀行,プライム,6860.0,1.63,0.88,-0.72,3.18,1.03,262.8,6950.0,6950.0,6680.0,6950.0,7090.0,6610.0,6140.0,6443.63,6221.77,6221.77,10,B,61.02,67.05,9.46,56.94,6648.8,6225.73,5442.6,+0.88σ,1.17,陰線→陽線 / はらみ足 / 2～5日下落後の陽線,通常,買い,底固め / アンチ,2,0.0,6465.81,7648.39,2.0,直近2～5日まで下落、%K反転、%D方向改善、2～5日下落後の陽線、直近安値切り上げ、BB幅収縮、RSI安値切り上げ / 信用需給: 信用データがデータなし、または売残0で信用倍率を算出不能,,https://finance.yahoo.co.jp/quote/8522.T,データなし,データなし,データなし,データなし,データなし,データなし,データなし,データなし,10.0,0,0,10.0,298,298,信用需給は判定不能,信用データがデータなし、または売残0で信用倍率を算出不能
2026-08-20,4553,東和薬品,プライム,3865.0,2.66,4.04,2.11,-2.93,0.53,132.38,3890.0,3865.0,3795.0,3890.0,3890.0,3695.0,3635.0,3764.52,3600.79,3600.79,10,B,88.64,41.47,15.68,47.83,3981.6,3880.33,3769.68,-0.39σ,0.68,陰線→陽線 / はらみ足 / 2～5日下落後の陽線,通常,買い,BB逆張り / アンチ,2,0.0,3666.43,4262.15,2.0,直近2～5日まで下落、BB -1σ以下から反発、%K反転、%D方向改善、2～5日下落後の陽線 / 信用需給: 信用データがデータなし、または売残0で信用倍率を算出不能,,https://finance.yahoo.co.jp/quote/4553.T,データなし,データなし,データなし,データなし,データなし,データなし,データなし,データなし,10.0,0,0,10.0,298,298,信用需給は判定不能,信用データがデータなし、または売残0で信用倍率を算出不能
2026-08-20,5142,アキレス,プライム,2016.0,6.05,5.44,9.86,35.18,1.88,82.87,1960.0,2032.0,1876.0,2032.0,2032.0,1825.0,1219.0,1260.15,966.96,966.96,10,除外,94.81,92.69,0.74,83.17,1491.4,1311.12,1390.74,+1.58σ,1.67,陰線→陽線 / 前日安値割れ反転,強,買い,底固め / アンチ,2,0.0,1825.0,2398.0,2.0,%K反転、%D方向改善、長い下ヒゲ反転、出来高増加を伴う反転、直近下落なし（B以下に制限）、直近安値切り上げ、RSI安値切り上げ、レンジ上限突破 / 信用需給: 信用データがデータなし、または売残0で信用倍率を算出不能,急騰済み（25日線上方乖離、高RSI）,https://finance.yahoo.co.jp/quote/5142.T,データなし,データなし,データなし,データなし,データなし,データなし,データなし,データなし,10.0,0,0,10.0,298,298,信用需給は判定不能,信用データがデータなし、または売残0で信用倍率を算出不能
2026-08-20,4935,リベルタ,スタンダード,215.0,-0.46,-5.7,-4.02,-14.52,0.26,23.45,219.0,219.0,213.0,219.0,232.0,213.0,212.0,214.84,187.19,187.19,10,B,15.0,21.24,-0.76,40.21,251.52,255.96,305.55,-0.99σ,0.13,なし,なし,買い,底固め,1,0.0,179.83,285.34,2.0,直近2～5日まで下落、ストキャス売られ過ぎから反転、%K反転、直近安値切り上げ、ATR低下、BB幅収縮、RSI安値切り上げ / 信用需給: 信用データがデータなし、または売残0で信用倍率を算出不能,,https://finance.yahoo.co.jp/quote/4935.T,データなし,データなし,データなし,データなし,データなし,データなし,データなし,データなし,10.0,0,0,10.0,298,298,信用需給は判定不能,信用データがデータなし、または売残0で信用倍率を算出不能
2026-08-20,4914,高砂香料工業,プライム,1278.0,0.95,0.47,0.47,4.47,0.59,25.58,1284.0,1278.0,1263.0,1284.0,1287.0,1255.0,1165.0,1191.4,1151.86,1151.86,10,B,65.71,79.71,13.16,65.99,1223.28,1163.67,1309.54,+1.19σ,0.6,陰線→陽線 / はらみ足 / 長い下ヒゲ（ハンマー） / 2～5日下落後の陽線,通常,買い,アンチ,1,0.0,1239.63,1354.75,2.0,直近2～5日まで下落、%K反転、%D方向改善、長い下ヒゲ反転、2～5日下落後の陽線 / 信用需給: 信用データがデータなし、または売残0で信用倍率を算出不能,,https://finance.yahoo.co.jp/quote/4914.T,データなし,データなし,データなし,データなし,データなし,データなし,データなし,データなし,10.0,0,0,10.0,298,298,信用需給は判定不能,信用データがデータなし、または売残0で信用倍率を算出不能
2026-08-20,7181,かんぽ生命保険,プライム,1635.5,0.21,-2.74,-2.45,-4.28,0.51,52.07,1694.0,1640.5,1614.0,1694.0,1702.0,1614.0,1603.0,1664.04,1610.05,1610.05,10,B,21.5,43.31,3.06,45.16,1708.6,1591.07,1563.6,-1.53σ,0.94,陰線→陽線 / 前日安値割れ反転 / 2～5日下落後の陽線,なし,買い,BB逆張り / 底固め,2,0.0,1557.39,1791.72,2.0,直近2～5日まで下落、BB -1σ以下から反発、長い下ヒゲ反転、2～5日下落後の陽線、直近安値切り上げ、BB幅収縮、RSI安値切り上げ / 信用需給: 信用データがデータなし、または売残0で信用倍率を算出不能,,https://finance.yahoo.co.jp/quote/7181.T,データなし,データなし,データなし,データなし,データなし,データなし,データなし,データなし,10.0,0,0,10.0,298,298,信用需給は判定不能,信用データがデータなし、または売残0で信用倍率を算出不能
2026-08-20,4973,日本高純度化学,プライム,4635.0,1.2,-5.02,-3.64,-0.83,0.43,199.94,4750.0,4655.0,4570.0,4750.0,4930.0,4560.0,4125.0,4349.41,4102.57,4102.57,10,B,20.27,74.81,-7.49,44.95,4673.8,5195.8,4580.65,+0.16σ,0.37,はらみ足,なし,買い,底固め,1,0.0,4335.09,5234.83,2.0,直近2～5日まで下落、ストキャス売られ過ぎから反転、%K反転、直近安値切り上げ、ATR低下、BB幅収縮 / 信用需給: 信用データがデータなし、または売残0で信用倍率を算出不能,,https://finance.yahoo.co.jp/quote/4973.T,データなし,データなし,データなし,データなし,データなし,データなし,データなし,データなし,10.0,0,0,10.0,298,298,信用需給は判定不能,信用データがデータなし、または売残0で信用倍率を算出不能
2026-08-20,7318,セレンディップ・ホールディングス,グロース,1470.0,4.26,-4.85,3.45,-19.17,0.47,150.87,1600.0,1470.0,1399.0,1600.0,1635.0,1399.0,1364.0,1535.04,1301.88,1301.88,10,B,39.11,27.22,-12.25,35.46,1818.64,2078.12,1642.31,-1.28σ,0.76,陰線→陽線 / 前日安値割れ反転,なし,買い,BB逆張り / BB＋RSI＋ストキャス,2,0.0,1243.69,1922.62,2.0,RSI40以下から反転上昇、BB -1σ以下から反発、ストキャス売られ過ぎから反転、%K反転、長い下ヒゲ反転、直近下落なし（B以下に制限） / 信用需給: 信用データがデータなし、または売残0で信用倍率を算出不能,,https://finance.yahoo.co.jp/quote/7318.T,データなし,データなし,データなし,データなし,データなし,データなし,データなし,データなし,10.0,0,0,10.0,298,298,信用需給は判定不能,信用データがデータなし、または売残0で信用倍率を算出不能
2026-08-20,2492,インフォマート,プライム,605.0,5.58,6.51,3.95,9.57,0.77,36.16,603.0,611.0,583.0,611.0,617.0,564.0,492.0,536.31,507.52,507.52,10,B,73.21,62.52,2.25,60.65,552.16,450.65,421.38,+1.39σ,1.06,陰線→陽線 / 2～5日下落後の陽線,強,買い,アンチ,1,0.0,550.76,713.48,2.0,直近2～5日まで下落、ストキャス売られ過ぎから反転、%K反転、2～5日下落後の陽線 / 信用需給: 信用データがデータなし、または売残0で信用倍率を算出不能,,https://finance.yahoo.co.jp/quote/2492.T,データなし,データなし,データなし,データなし,データなし,データなし,データなし,データなし,10.0,0,0,10.0,298,298,信用需給は判定不能,信用データがデータなし、または売残0で信用倍率を算出不能
2026-08-20,4997,日本農薬,プライム,1206.0,2.99,2.2,1.86,9.96,1.22,28.6,1195.0,1207.0,1172.0,1207.0,1207.0,1167.0,1033.0,1062.71,1008.68,1008.68,10,除外,98.25,87.59,14.04,73.07,1096.8,1034.48,1003.44,+1.65σ,0.67,陰線→陽線 / 2～5日下落後の陽線,強,買い,底固め / アンチ,2,0.0,1163.1,1291.8,2.0,直近2～5日まで下落、%K反転、%D方向改善、2～5日下落後の陽線、直近安値切り上げ、RSI安値切り上げ、レンジ上限突破 / 信用需給: 信用データがデータなし、または売残0で信用倍率を算出不能,急騰済み（高RSI）,https://finance.yahoo.co.jp/quote/4997.T,データなし,データなし,データなし,データなし,データなし,データなし,データなし,データなし,10.0,0,0,10.0,298,298,信用需給は判定不能,信用データがデータなし、または売残0で信用倍率を算出不能
2026-08-20,8616,東海東京フィナンシャル・ホールディングス,プライム,853.0,3.27,2.4,1.55,4.66,1.69,18.29,836.0,853.0,822.0,853.0,853.0,818.0,772.0,802.77,786.99,786.99,10,B,100.0,76.7,1.17,68.71,815.0,756.17,724.58,+2.18σ,1.06,陰線→陽線 / 2～5日下落後の陽線,強,買い,底固め / アンチ,2,0.0,818.0,923.0,2.0,直近2～5日まで下落、%K反転、%D方向改善、2～5日下落後の陽線、直近安値切り上げ、BB幅収縮、レンジ上限突破 / 信用需給: 信用データがデータなし、または売残0で信用倍率を算出不能,,https://finance.yahoo.co.jp/quote/8616.T,データなし,データなし,データなし,データなし,データなし,データなし,データなし,データなし,10.0,0,0,10.0,298,298,信用需給は判定不能,信用データがデータなし、または売残0で信用倍率を算出不能
2026-08-20,3798,ＵＬＳグループ,スタンダード,533.0,1.72,0.95,4.72,-3.37,0.83,17.99,526.0,535.0,520.0,535.0,535.0,508.0,505.0,528.94,508.34,508.34,10,B,42.42,35.71,3.38,46.61,551.56,529.25,563.0,-0.80σ,0.91,強気包み足,強,買い,BB逆張り / アンチ,2,0.0,506.01,586.97,2.0,BB -1σ以下から反発、ストキャス売られ過ぎから反転、%K反転、%D方向改善、陽の包み足、直近下落なし（B以下に制限） / 信用需給: 信用データがデータなし、または売残0で信用倍率を算出不能,,https://finance.yahoo.co.jp/quote/3798.T,データなし,データなし,データなし,データなし,データなし,データなし,データなし,データなし,10.0,0,0,10.0,298,298,信用需給は判定不能,信用データがデータなし、または売残0で信用倍率を算出不能
2026-08-20,3612,ワールド,プライム,1670.0,1.52,2.64,3.47,3.22,0.67,25.5,1654.0,1673.0,1656.0,1673.0,1673.0,1610.0,1573.0,1593.44,1568.53,1568.53,10,B,95.71,71.96,23.39,64.43,1617.92,1563.75,1538.3,+2.07σ,2.0,陰線→陽線 / 長い下ヒゲ（ハンマー）,通常,買い,底固め / アンチ,2,0.0,1610.0,1790.0,2.0,%K反転、%D方向改善、長い下ヒゲ反転、出来高増加を伴う反転、直近下落なし（B以下に制限）、直近安値切り上げ、BB幅収縮、RSI安値切り上げ、レンジ上限突破 / 信用需給: 信用データがデータなし、または売残0で信用倍率を算出不能,,https://finance.yahoo.co.jp/quote/3612.T,データなし,データなし,データなし,データなし,データなし,データなし,データなし,データなし,10.0,0,0,10.0,298,298,信用需給は判定不能,信用データがデータなし、または売残0で信用倍率を算出不能
2026-08-20,6750,エレコム,プライム,1955.0,2.36,2.41,-2.25,4.16,0.57,49.42,1933.0,1955.0,1927.0,1955.0,1955.0,1872.0,1800.0,1846.72,1804.03,1804.03,10,B,72.73,51.74,8.15,61.09,1876.96,1775.21,1739.42,+1.54σ,1.2,陰線→陽線 / 長い下ヒゲ（ハンマー） / 2～5日下落後の陽線,強,買い,アンチ,1,0.0,1872.0,2121.0,2.0,直近2～5日まで下落、%K反転、%D方向改善、長い下ヒゲ反転、2～5日下落後の陽線 / 信用需給: 信用データがデータなし、または売残0で信用倍率を算出不能,,https://finance.yahoo.co.jp/quote/6750.T,データなし,データなし,データなし,データなし,データなし,データなし,データなし,データなし,10.0,0,0,10.0,298,298,信用需給は判定不能,信用データがデータなし、または売残0で信用倍率を算出不能
2026-08-20,7059,コプロ・ホールディングス,プライム,915.0,1.22,-1.93,-1.4,9.6,0.86,23.2,923.0,917.0,897.0,923.0,937.0,897.0,792.0,791.02,739.38,739.38,10,B,82.35,76.02,10.0,69.79,834.84,795.79,902.52,+1.40σ,0.82,陰線→陽線 / 長い下ヒゲ（ハンマー） / 前日安値割れ反転 / 2～5日下落後の陽線,強,買い,アンチ,1,0.0,880.2,984.61,2.0,直近2～5日まで下落、%K反転、%D方向改善、長い下ヒゲ反転、2～5日下落後の陽線 / 信用需給: 信用データがデータなし、または売残0で信用倍率を算出不能,,https://finance.yahoo.co.jp/quote/7059.T,データなし,データなし,データなし,データなし,データなし,データなし,データなし,データなし,10.0,0,0,10.0,298,298,信用需給は判定不能,信用データがデータなし、または売残0で信用倍率を算出不能
2026-08-20,8103,明和産業,プライム,952.0,1.71,-1.45,-0.83,3.12,0.93,19.46,959.0,952.0,934.0,959.0,966.0,931.0,877.0,901.28,875.36,875.36,10,B,41.18,69.21,4.85,59.31,923.2,898.72,881.5,+0.96σ,0.51,陰線→陽線 / はらみ足 / 長い下ヒゲ（ハンマー） / 2～5日下落後の陽線,通常,買い,アンチ,1,0.0,922.81,1010.37,2.0,直近2～5日まで下落、%K反転、%D方向改善、長い下ヒゲ反転、2～5日下落後の陽線 / 信用需給: 信用データがデータなし、または売残0で信用倍率を算出不能,,https://finance.yahoo.co.jp/quote/8103.T,データなし,データなし,データなし,データなし,データなし,データなし,データなし,データなし,10.0,0,0,10.0,298,298,信用需給は判定不能,信用データがデータなし、または売残0で信用倍率を算出不能
2026-08-20,8282,ケーズホールディングス,プライム,1968.0,2.88,2.93,1.76,4.26,0.97,49.22,1923.0,1968.0,1920.5,1968.0,1968.0,1885.0,1803.0,1876.96,1843.2,1843.2,10,B,100.0,67.41,14.19,61.34,1887.64,1941.3,1750.75,+1.70σ,0.9,陰線→陽線 / 2～5日下落後の陽線,強,買い,底固め / アンチ,2,0.0,1885.0,2134.0,2.0,直近2～5日まで下落、%K反転、%D方向改善、2～5日下落後の陽線、直近安値切り上げ、RSI安値切り上げ、レンジ上限突破 / 信用需給: 信用データがデータなし、または売残0で信用倍率を算出不能,,https://finance.yahoo.co.jp/quote/8282.T,データなし,データなし,データなし,データなし,データなし,データなし,データなし,データなし,10.0,0,0,10.0,298,298,信用需給は判定不能,信用データがデータなし、または売残0で信用倍率を算出不能
2026-08-20,3252,地主,プライム,3000.0,1.97,1.04,1.11,2.96,0.91,54.8,2945.0,3000.0,2950.0,3000.0,3000.0,2881.0,2800.0,2865.97,2819.09,2819.09,10,B,100.0,67.84,21.64,59.8,2913.8,2955.29,3096.58,+1.86σ,1.12,2～5日下落後の陽線,なし,買い,底固め,1,0.0,2881.0,3238.0,2.0,直近2～5日まで下落、%K反転、%D方向改善、2～5日下落後の陽線、直近安値切り上げ、RSI安値切り上げ、レンジ上限突破 / 信用需給: 信用データがデータなし、または売残0で信用倍率を算出不能,,https://finance.yahoo.co.jp/quote/3252.T,データなし,データなし,データなし,データなし,データなし,データなし,データなし,データなし,10.0,0,0,10.0,298,298,信用需給は判定不能,信用データがデータなし、または売残0で信用倍率を算出不能
2026-08-20,8252,丸井グループ,プライム,2978.0,1.02,1.14,0.03,0.64,0.66,57.17,2976.5,2982.0,2944.0,2982.0,2982.0,2907.0,2835.5,2897.18,2839.11,2839.11,10,B,78.02,64.02,14.66,54.43,2959.06,2881.41,3018.76,+0.39σ,0.74,陰線→陽線 / 長い下ヒゲ（ハンマー） / 2～5日下落後の陽線,強,買い,アンチ,1,0.0,2892.25,3149.51,2.0,直近2～5日まで下落、%K反転、%D方向改善、長い下ヒゲ反転、2～5日下落後の陽線 / 信用需給: 信用データがデータなし、または売残0で信用倍率を算出不能,,https://finance.yahoo.co.jp/quote/8252.T,データなし,データなし,データなし,データなし,データなし,データなし,データなし,データなし,10.0,0,0,10.0,298,298,信用需給は判定不能,信用データがデータなし、または売残0で信用倍率を算出不能
2026-08-20,6838,多摩川ホールディングス,スタンダード,1460.0,1.6,-7.94,-3.63,2.97,0.59,93.74,1497.0,1479.0,1424.0,1497.0,1580.0,1420.0,1161.0,1313.04,1205.33,1205.33,10,B,19.8,65.19,-20.87,47.08,1417.84,1778.51,1266.27,+0.36σ,0.32,はらみ足,なし,買い,底固め,1,0.0,1319.39,1741.22,2.0,直近2～5日まで下落、ストキャス売られ過ぎから反転、%K反転、直近安値切り上げ、ATR低下、BB幅収縮 / 信用需給: 信用データがデータなし、または売残0で信用倍率を算出不能,,https://finance.yahoo.co.jp/quote/6838.T,データなし,データなし,データなし,データなし,データなし,データなし,データなし,データなし,10.0,0,0,10.0,298,298,信用需給は判定不能,信用データがデータなし、または売残0で信用倍率を算出不能
2026-08-20,6923,スタンレー電気,プライム,3585.0,1.7,-2.37,-1.73,1.14,0.64,87.32,3641.0,3618.0,3562.0,3641.0,3680.0,3516.0,3367.0,3476.36,3399.56,3399.56,10,B,39.66,69.55,6.16,51.9,3544.68,3530.55,3233.92,+0.41σ,0.85,陰線→陽線 / はらみ足 / 2～5日下落後の陽線,通常,買い,アンチ,1,0.0,3454.03,3846.95,2.0,直近2～5日まで下落、ストキャス売られ過ぎから反転、%K反転、2～5日下落後の陽線 / 信用需給: 信用データがデータなし、または売残0で信用倍率を算出不能,,https://finance.yahoo.co.jp/quote/6923.T,データなし,データなし,データなし,データなし,データなし,データなし,データなし,データなし,10.0,0,0,10.0,298,298,信用需給は判定不能,信用データがデータなし、または売残0で信用倍率を算出不能
2026-08-20,2678,アスクル,プライム,1278.0,1.83,2.9,1.67,1.86,0.86,30.15,1262.0,1285.0,1259.0,1285.0,1285.0,1223.0,1193.0,1240.03,1222.91,1222.91,10,B,88.71,44.62,3.73,57.77,1254.68,1220.4,1287.38,+1.22σ,1.13,2～5日下落後の陽線,なし,買い,底固め,1,0.0,1223.0,1388.0,2.0,直近2～5日まで下落、%K反転、%D方向改善、2～5日下落後の陽線、ATR低下、BB幅収縮、レンジ上限突破 / 信用需給: 信用データがデータなし、または売残0で信用倍率を算出不能,,https://finance.yahoo.co.jp/quote/2678.T,データなし,データなし,データなし,データなし,データなし,データなし,データなし,データなし,10.0,0,0,10.0,298,298,信用需給は判定不能,信用データがデータなし、または売残0で信用倍率を算出不能
2026-08-20,8818,京阪神ビルディング,プライム,1106.0,1.56,0.27,1.19,1.08,0.67,29.99,1095.0,1107.0,1087.0,1107.0,1114.0,1078.0,1034.0,1070.74,1045.69,1045.69,10,B,82.5,49.32,18.53,53.39,1094.16,1083.46,1006.38,+0.41σ,1.0,2～5日下落後の陽線,通常,買い,底固め / アンチ,2,0.0,1061.01,1195.97,2.0,直近2～5日まで下落、%K反転、%D方向改善、2～5日下落後の陽線、直近安値切り上げ、BB幅収縮、RSI安値切り上げ / 信用需給: 信用データがデータなし、または売残0で信用倍率を算出不能,,https://finance.yahoo.co.jp/quote/8818.T,データなし,データなし,データなし,データなし,データなし,データなし,データなし,データなし,10.0,0,0,10.0,298,298,信用需給は判定不能,信用データがデータなし、または売残0で信用倍率を算出不能
2026-08-20,9007,小田急電鉄,プライム,1726.5,1.29,1.44,1.11,-0.23,0.73,36.14,1727.0,1731.0,1704.5,1731.0,1731.0,1685.5,1651.5,1681.05,1632.41,1632.41,10,B,90.22,56.64,20.7,52.46,1730.56,1681.84,1684.81,-0.07σ,0.59,陰線→陽線 / 長い下ヒゲ（ハンマー） / 2～5日下落後の陽線,通常,買い,アンチ,1,0.0,1672.29,1834.92,2.0,直近2～5日まで下落、%K反転、%D方向改善、長い下ヒゲ反転、2～5日下落後の陽線 / 信用需給: 信用データがデータなし、または売残0で信用倍率を算出不能,,https://finance.yahoo.co.jp/quote/9007.T,データなし,データなし,データなし,データなし,データなし,データなし,データなし,データなし,10.0,0,0,10.0,298,298,信用需給は判定不能,信用データがデータなし、または売残0で信用倍率を算出不能
2026-08-20,8934,サンフロンティア不動産,プライム,2519.0,2.61,2.11,1.12,0.98,0.82,49.99,2472.0,2523.0,2482.0,2523.0,2523.0,2441.0,2371.0,2440.28,2394.72,2394.72,10,B,95.12,62.59,18.58,56.05,2494.44,2437.29,2489.34,+0.73σ,1.23,陰線→陽線 / 2～5日下落後の陽線,強,買い,底固め / アンチ,2,0.0,2441.0,2675.0,2.0,直近2～5日まで下落、%K反転、%D方向改善、2～5日下落後の陽線、直近安値切り上げ、出来高減少後の増加、RSI安値切り上げ、レンジ上限突破 / 信用需給: 信用データがデータなし、または売残0で信用倍率を算出不能,,https://finance.yahoo.co.jp/quote/8934.T,データなし,データなし,データなし,データなし,データなし,データなし,データなし,データなし,10.0,0,0,10.0,298,298,信用需給は判定不能,信用データがデータなし、または売残0で信用倍率を算出不能
2026-08-20,6310,井関農機,プライム,1844.0,6.16,2.5,5.61,-0.21,1.45,74.48,1785.0,1849.0,1741.0,1849.0,1849.0,1718.0,1718.0,1774.8,1705.15,1705.15,10,B,96.18,35.98,-7.85,51.61,1847.84,1809.83,1832.82,-0.01σ,1.74,陰線→陽線,なし,買い,BB逆張り,1,0.0,1718.0,2096.0,2.0,BB -1σ以下から反発、ストキャス売られ過ぎから反転、%K反転、%D方向改善、出来高増加を伴う反転、直近下落なし（B以下に制限） / 信用需給: 信用データがデータなし、または売残0で信用倍率を算出不能,,https://finance.yahoo.co.jp/quote/6310.T,データなし,データなし,データなし,データなし,データなし,データなし,データなし,データなし,10.0,0,0,10.0,298,298,信用需給は判定不能,信用データがデータなし、または売残0で信用倍率を算出不能
2026-08-20,4088,エア・ウォーター,プライム,2500.0,0.2,-1.92,-0.71,-2.24,0.67,74.67,2567.0,2530.0,2480.0,2567.0,2584.0,2480.0,2480.0,2519.41,2479.43,2479.43,10,B,18.87,32.81,1.17,42.26,2557.2,2512.78,2331.95,-1.49σ,0.72,前日安値割れ反転,通常,買い,BB逆張り / アンチ,2,0.0,2387.99,2724.02,2.0,BB -1σ以下から反発、ストキャス売られ過ぎから反転、%K反転、長い下ヒゲ反転、直近下落なし（B以下に制限） / 信用需給: 信用データがデータなし、または売残0で信用倍率を算出不能,,https://finance.yahoo.co.jp/quote/4088.T,データなし,データなし,データなし,データなし,データなし,データなし,データなし,データなし,10.0,0,0,10.0,298,298,信用需給は判定不能,信用データがデータなし、または売残0で信用倍率を算出不能
2026-08-20,4092,日本化学工業,プライム,5440.0,2.64,-2.16,-1.09,-0.26,0.99,415.6,5400.0,5500.0,5090.0,5500.0,5840.0,5090.0,4850.0,5295.59,5037.19,5037.19,10,B,46.67,40.09,-6.95,51.34,5454.0,4844.87,3704.9,-0.44σ,0.78,陰線→陽線 / 強気包み足 / 前日安値割れ反転,なし,買い,BB逆張り,1,0.0,4816.6,6686.79,2.0,BB -1σ以下から反発、ストキャス売られ過ぎから反転、%K反転、陽の包み足、長い下ヒゲ反転、直近下落なし（B以下に制限） / 信用需給: 信用データがデータなし、または売残0で信用倍率を算出不能,,https://finance.yahoo.co.jp/quote/4092.T,データなし,データなし,データなし,データなし,データなし,データなし,データなし,データなし,10.0,0,0,10.0,298,298,信用需給は判定不能,信用データがデータなし、または売残0で信用倍率を算出不能
2026-08-20,3984,ユーザーローカル,プライム,1613.0,3.66,2.61,6.12,-5.56,0.99,63.89,1595.0,1613.0,1550.0,1613.0,1613.0,1518.0,1451.0,1557.15,1430.2,1430.2,10,B,100.0,40.59,0.3,44.29,1707.92,1732.39,1749.66,-0.56σ,0.7,陰線→陽線 / 強気包み足,通常,買い,BB逆張り / アンチ,2,0.0,1517.17,1804.66,2.0,RSI40以下から反転上昇、BB -1σ以下から反発、%K反転、%D方向改善、陽の包み足、直近下落なし（B以下に制限） / 信用需給: 信用データがデータなし、または売残0で信用倍率を算出不能,,https://finance.yahoo.co.jp/quote/3984.T,データなし,データなし,データなし,データなし,データなし,データなし,データなし,データなし,10.0,0,0,10.0,298,298,信用需給は判定不能,信用データがデータなし、または売残0で信用倍率を算出不能
2026-08-20,3994,マネーフォワード,プライム,6282.0,9.33,4.7,6.95,13.62,0.76,374.43,5939.0,6285.0,6001.0,6285.0,6285.0,5640.0,5030.0,5232.51,4860.37,4860.37,10,除外,71.18,62.53,10.51,62.83,5528.84,4739.56,4292.51,+1.82σ,1.66,陰線→陽線 / 2～5日下落後の陽線,強,買い,アンチ,1,0.0,5640.0,7566.0,2.0,直近2～5日まで下落、%K反転、%D方向改善、2～5日下落後の陽線、出来高増加を伴う反転 / 信用需給: 信用データがデータなし、または売残0で信用倍率を算出不能,急騰済み（当日急騰、25日線上方乖離）,https://finance.yahoo.co.jp/quote/3994.T,データなし,データなし,データなし,データなし,データなし,データなし,データなし,データなし,10.0,0,0,10.0,298,298,信用需給は判定不能,信用データがデータなし、または売残0で信用倍率を算出不能
2026-08-20,4107,伊勢化学工業,スタンダード,3830.0,0.26,-0.52,1.86,5.37,0.64,157.34,3820.0,3855.0,3755.0,3855.0,3935.0,3660.0,3225.0,3506.7,3362.41,3362.41,10,B,61.82,79.24,-3.48,55.42,3634.8,3978.6,4641.92,+1.24σ,0.77,強気包み足 / 長い下ヒゲ（ハンマー）,なし,買い,底固め,1,0.0,3593.98,4302.03,2.0,%K反転、陽の包み足、長い下ヒゲ反転、直近下落なし（B以下に制限）、直近安値切り上げ、ATR低下、BB幅収縮、RSI安値切り上げ / 信用需給: 信用データがデータなし、または売残0で信用倍率を算出不能,,https://finance.yahoo.co.jp/quote/4107.T,データなし,データなし,データなし,データなし,データなし,データなし,データなし,データなし,10.0,0,0,10.0,298,298,信用需給は判定不能,信用データがデータなし、または売残0で信用倍率を算出不能
2026-08-20,4751,サイバーエージェント,プライム,1340.5,5.34,6.14,6.81,-4.74,1.18,52.42,1280.0,1342.0,1280.0,1342.0,1342.0,1243.5,1228.0,1283.69,1174.0,1174.0,10,B,98.68,25.92,5.91,45.94,1407.22,1376.74,1375.17,-0.48σ,1.14,陰線→陽線,なし,買い,BB逆張り,1,0.0,1243.5,1534.5,2.0,RSI40以下から反転上昇、BB -1σ以下から反発、ストキャス売られ過ぎから反転、%K反転、%D方向改善、直近下落なし（B以下に制限） / 信用需給: 信用データがデータなし、または売残0で信用倍率を算出不能,,https://finance.yahoo.co.jp/quote/4751.T,データなし,データなし,データなし,データなし,データなし,データなし,データなし,データなし,10.0,0,0,10.0,298,298,信用需給は判定不能,信用データがデータなし、または売残0で信用倍率を算出不能
2026-08-20,6486,イーグル工業,プライム,3005.0,1.62,-2.44,-2.59,0.44,0.6,62.17,3045.0,3010.0,2973.0,3045.0,3090.0,2950.0,2887.0,2954.22,2902.25,2902.25,10,B,34.38,68.37,0.22,51.67,2991.76,2915.21,2941.43,-0.02σ,0.52,陰線→陽線 / はらみ足 / 2～5日下落後の陽線,通常,買い,アンチ,1,0.0,2911.74,3191.51,2.0,直近2～5日まで下落、ストキャス売られ過ぎから反転、%K反転、2～5日下落後の陽線 / 信用需給: 信用データがデータなし、または売残0で信用倍率を算出不能,,https://finance.yahoo.co.jp/quote/6486.T,データなし,データなし,データなし,データなし,データなし,データなし,データなし,データなし,10.0,0,0,10.0,298,298,信用需給は判定不能,信用データがデータなし、または売残0で信用倍率を算出不能
2026-08-20,8892,エスコン,プライム,1118.0,1.91,0.9,1.08,1.83,0.8,18.78,1105.0,1118.0,1103.0,1118.0,1118.0,1092.0,1047.0,1077.6,1060.4,1060.4,10,B,100.0,78.12,15.29,59.65,1097.96,1101.92,1108.77,+1.35σ,0.89,陰線→陽線 / 2～5日下落後の陽線,強,買い,底固め / アンチ,2,0.0,1089.83,1174.34,2.0,直近2～5日まで下落、%K反転、%D方向改善、2～5日下落後の陽線、直近安値切り上げ、RSI安値切り上げ、レンジ上限突破 / 信用需給: 信用データがデータなし、または売残0で信用倍率を算出不能,,https://finance.yahoo.co.jp/quote/8892.T,データなし,データなし,データなし,データなし,データなし,データなし,データなし,データなし,10.0,0,0,10.0,298,298,信用需給は判定不能,信用データがデータなし、または売残0で信用倍率を算出不能
2026-08-20,6305,日立建機,プライム,5636.0,3.99,4.56,1.0,3.41,1.21,189.79,5457.0,5717.0,5487.0,5717.0,5717.0,5275.0,5209.0,5378.62,5252.15,5252.15,10,B,70.51,56.28,5.19,56.19,5450.12,5340.41,5317.73,+1.03σ,2.96,2～5日下落後の陽線,強,買い,アンチ,1,0.0,5275.0,6358.0,2.0,直近2～5日まで下落、%K反転、%D方向改善、2～5日下落後の陽線、出来高増加を伴う反転 / 信用需給: 信用データがデータなし、または売残0で信用倍率を算出不能,,https://finance.yahoo.co.jp/quote/6305.T,データなし,データなし,データなし,データなし,データなし,データなし,データなし,データなし,10.0,0,0,10.0,298,298,信用需給は判定不能,信用データがデータなし、または売残0で信用倍率を算出不能
2026-08-20,5852,アーレスティ,プライム,679.0,3.51,0.15,1.49,-1.8,1.2,16.68,669.0,679.0,659.0,679.0,680.0,655.0,655.0,668.38,652.27,652.27,10,B,96.0,47.4,13.53,46.36,691.48,717.59,784.56,-0.34σ,1.63,陰線→陽線,強,買い,BB逆張り / アンチ,2,0.0,653.99,729.03,2.0,RSI40以下から反転上昇、BB -1σ以下から反発、ストキャス売られ過ぎから反転、%K反転、%D方向改善、出来高増加を伴う反転、直近下落なし（B以下に制限） / 信用需給: 信用データがデータなし、または売残0で信用倍率を算出不能,,https://finance.yahoo.co.jp/quote/5852.T,データなし,データなし,データなし,データなし,データなし,データなし,データなし,データなし,10.0,0,0,10.0,298,298,信用需給は判定不能,信用データがデータなし、または売残0で信用倍率を算出不能
2026-08-20,4373,シンプレクス・ホールディングス,プライム,1183.0,5.16,3.23,4.88,6.81,0.84,44.11,1144.0,1187.0,1150.0,1187.0,1187.0,1093.0,1002.0,1078.15,1036.35,1036.35,10,B,95.74,60.91,13.28,63.12,1107.6,1034.56,980.26,+1.51σ,1.03,陰線→陽線 / 2～5日下落後の陽線,強,買い,底固め / アンチ,2,0.0,1093.0,1363.0,2.0,直近2～5日まで下落、%K反転、%D方向改善、2～5日下落後の陽線、直近安値切り上げ、BB幅収縮、RSI安値切り上げ、レンジ上限突破 / 信用需給: 信用データがデータなし、または売残0で信用倍率を算出不能,,https://finance.yahoo.co.jp/quote/4373.T,データなし,データなし,データなし,データなし,データなし,データなし,データなし,データなし,10.0,0,0,10.0,298,298,信用需給は判定不能,信用データがデータなし、または売残0で信用倍率を算出不能
2026-08-20,4320,ＣＥホールディングス,スタンダード,1668.0,0.97,0.66,1.15,-1.67,0.98,30.53,1659.0,1687.0,1657.0,1687.0,1687.0,1648.0,1625.0,1648.99,1619.44,1619.44,10,B,51.28,30.47,-7.04,44.88,1696.4,1660.15,1328.44,-0.36σ,2.26,陰線→陽線,なし,買い,底固め,1,0.0,1622.21,1759.58,2.0,RSI40以下から反転上昇、%K反転、出来高増加を伴う反転、直近下落なし（B以下に制限）、直近安値切り上げ、ATR低下、RSI安値切り上げ / 信用需給: 信用データがデータなし、または売残0で信用倍率を算出不能,,https://finance.yahoo.co.jp/quote/4320.T,データなし,データなし,データなし,データなし,データなし,データなし,データなし,データなし,10.0,0,0,10.0,298,298,信用需給は判定不能,信用データがデータなし、または売残0で信用倍率を算出不能
2026-08-20,4689,ＬＩＮＥヤフー,プライム,517.5,4.71,5.2,3.6,10.58,0.84,14.8,505.0,517.5,505.0,517.5,517.5,487.1,429.9,448.06,423.17,423.17,10,除外,100.0,82.12,6.7,71.53,467.98,435.85,419.36,+1.79σ,1.11,陰線→陽線 / 2～5日下落後の陽線,強,買い,底固め / アンチ,2,0.0,487.1,578.3,2.0,直近2～5日まで下落、%K反転、%D方向改善、2～5日下落後の陽線、直近安値切り上げ、RSI安値切り上げ、レンジ上限突破 / 信用需給: 信用データがデータなし、または売残0で信用倍率を算出不能,急騰済み（25日線上方乖離）,https://finance.yahoo.co.jp/quote/4689.T,データなし,データなし,データなし,データなし,データなし,データなし,データなし,データなし,10.0,0,0,10.0,298,298,信用需給は判定不能,信用データがデータなし、または売残0で信用倍率を算出不能
2026-08-20,4666,パーク２４,プライム,2023.0,2.33,1.35,1.38,1.71,0.73,43.76,2007.0,2023.0,1991.0,2023.0,2023.0,1966.5,1931.0,1956.1,1924.01,1924.01,10,B,100.0,60.06,16.44,55.91,1989.04,1933.58,1971.96,+1.08σ,0.89,陰線→陽線 / 2～5日下落後の陽線,強,買い,底固め / アンチ,2,0.0,1957.36,2154.29,2.0,直近2～5日まで下落、%K反転、%D方向改善、2～5日下落後の陽線、直近安値切り上げ、RSI安値切り上げ、レンジ上限突破 / 信用需給: 信用データがデータなし、または売残0で信用倍率を算出不能,,https://finance.yahoo.co.jp/quote/4666.T,データなし,データなし,データなし,データなし,データなし,データなし,データなし,データなし,10.0,0,0,10.0,298,298,信用需給は判定不能,信用データがデータなし、または売残0で信用倍率を算出不能
2026-08-20,4784,ＧＭＯインターネット,プライム,572.0,4.38,5.73,3.44,5.29,0.79,29.15,583.0,587.0,564.0,587.0,588.0,531.0,495.0,522.42,500.09,500.09,10,B,67.21,52.48,-3.74,56.63,543.28,526.95,684.73,+1.22σ,1.03,陰線→陽線 / 2～5日下落後の陽線,なし,買い,底固め,1,0.0,528.28,659.45,2.0,直近2～5日まで下落、%K反転、%D方向改善、2～5日下落後の陽線、直近安値切り上げ、BB幅収縮、RSI安値切り上げ / 信用需給: 信用データがデータなし、または売残0で信用倍率を算出不能,,https://finance.yahoo.co.jp/quote/4784.T,データなし,データなし,データなし,データなし,データなし,データなし,データなし,データなし,10.0,0,0,10.0,298,298,信用需給は判定不能,信用データがデータなし、または売残0で信用倍率を算出不能
2026-08-20,7047,ポート,グロース,2350.0,6.62,5.9,6.82,-4.04,1.24,118.36,2213.0,2351.0,2204.0,2351.0,2351.0,2165.0,2165.0,2263.77,2113.34,2113.34,10,B,35.24,42.99,-22.25,47.8,2448.96,2330.37,2249.29,-0.43σ,1.46,強気包み足,なし,買い,BB逆張り,1,0.0,2165.0,2720.0,2.0,RSI40以下から反転上昇、BB -1σ以下から反発、ストキャス売られ過ぎから反転、%K反転、陽の包み足、出来高増加を伴う反転、直近下落なし（B以下に制限） / 信用需給: 信用データがデータなし、または売残0で信用倍率を算出不能,,https://finance.yahoo.co.jp/quote/7047.T,データなし,データなし,データなし,データなし,データなし,データなし,データなし,データなし,10.0,0,0,10.0,298,298,信用需給は判定不能,信用データがデータなし、または売残0で信用倍率を算出不能
2026-08-20,7864,フジシールインターナショナル,プライム,3285.0,1.39,0.15,0.92,4.87,0.71,70.84,3255.0,3310.0,3260.0,3310.0,3310.0,3220.0,2960.0,3056.37,2951.24,2951.24,10,B,65.22,75.1,5.48,68.19,3132.4,2853.77,2886.9,+1.17σ,0.91,長い下ヒゲ（ハンマー） / 2～5日下落後の陽線,通常,買い,アンチ,1,0.0,3178.75,3497.51,2.0,直近2～5日まで下落、%K反転、%D方向改善、長い下ヒゲ反転、2～5日下落後の陽線 / 信用需給: 信用データがデータなし、または売残0で信用倍率を算出不能,,https://finance.yahoo.co.jp/quote/7864.T,データなし,データなし,データなし,データなし,データなし,データなし,データなし,データなし,10.0,0,0,10.0,298,298,信用需給は判定不能,信用データがデータなし、または売残0で信用倍率を算出不能
2026-08-20,2127,日本Ｍ＆Ａセンターホールディングス,プライム,678.0,3.73,3.45,2.42,2.28,1.16,15.73,657.2,678.0,659.8,678.0,678.0,650.6,612.0,641.03,621.69,621.69,10,B,100.0,71.29,13.87,57.06,662.89,653.43,685.45,+0.91σ,0.75,陰線→陽線 / 2～5日下落後の陽線,強,買い,底固め / アンチ,2,0.0,650.6,732.8,2.0,直近2～5日まで下落、%K反転、%D方向改善、2～5日下落後の陽線、直近安値切り上げ、RSI安値切り上げ、レンジ上限突破 / 信用需給: 信用データがデータなし、または売残0で信用倍率を算出不能,,https://finance.yahoo.co.jp/quote/2127.T,データなし,データなし,データなし,データなし,データなし,データなし,データなし,データなし,10.0,0,0,10.0,298,298,信用需給は判定不能,信用データがデータなし、または売残0で信用倍率を算出不能
2026-08-20,9502,中部電力,プライム,2875.0,2.77,0.89,1.91,1.3,1.12,86.01,2825.0,2886.0,2789.5,2886.0,2886.0,2761.5,2563.0,2702.27,2601.9,2601.9,10,B,94.62,72.31,15.06,52.59,2838.1,2869.97,2597.31,+0.72σ,0.86,陰線→陽線 / 2～5日下落後の陽線,強,買い,底固め / アンチ,2,0.0,2745.99,3133.02,2.0,直近2～5日まで下落、%K反転、%D方向改善、2～5日下落後の陽線、直近安値切り上げ、ATR低下、RSI安値切り上げ / 信用需給: 信用データがデータなし、または売残0で信用倍率を算出不能,,https://finance.yahoo.co.jp/quote/9502.T,データなし,データなし,データなし,データなし,データなし,データなし,データなし,データなし,10.0,0,0,10.0,298,298,信用需給は判定不能,信用データがデータなし、または売残0で信用倍率を算出不能
2026-08-20,1852,淺沼組,プライム,940.0,2.96,2.17,1.51,5.93,1.44,18.05,922.0,940.0,914.0,940.0,940.0,904.0,850.0,867.35,840.5,840.5,10,B,100.0,78.23,9.57,70.58,887.36,852.19,958.99,+1.71σ,1.02,陰線→陽線 / 2～5日下落後の陽線,強,買い,底固め / アンチ,2,0.0,904.0,1012.0,2.0,直近2～5日まで下落、%K反転、%D方向改善、2～5日下落後の陽線、直近安値切り上げ、RSI安値切り上げ、レンジ上限突破 / 信用需給: 信用データがデータなし、または売残0で信用倍率を算出不能,,https://finance.yahoo.co.jp/quote/1852.T,データなし,データなし,データなし,データなし,データなし,データなし,データなし,データなし,10.0,0,0,10.0,298,298,信用需給は判定不能,信用データがデータなし、または売残0で信用倍率を算出不能
2026-08-20,2206,江崎グリコ,プライム,5187.0,1.01,0.7,0.37,1.64,0.65,106.14,5151.0,5204.0,5135.0,5204.0,5204.0,5071.0,4685.0,4990.86,4886.02,4886.02,10,B,83.45,76.28,19.15,53.12,5103.52,5299.47,5503.81,+0.87σ,0.5,陰線→陽線 / 長い下ヒゲ（ハンマー） / 2～5日下落後の陽線,強,買い,アンチ,1,0.0,5027.79,5505.42,2.0,直近2～5日まで下落、%K反転、%D方向改善、長い下ヒゲ反転、2～5日下落後の陽線 / 信用需給: 信用データがデータなし、または売残0で信用倍率を算出不能,,https://finance.yahoo.co.jp/quote/2206.T,データなし,データなし,データなし,データなし,データなし,データなし,データなし,データなし,10.0,0,0,10.0,298,298,信用需給は判定不能,信用データがデータなし、または売残0で信用倍率を算出不能
2026-08-20,1882,東亜道路工業,プライム,1620.0,1.5,0.0,0.06,0.57,0.89,22.37,1616.0,1621.0,1601.0,1621.0,1624.0,1589.0,1571.0,1596.09,1579.74,1579.74,10,B,67.39,55.36,4.59,57.29,1610.76,1561.83,1656.94,+0.46σ,0.78,陰線→陽線 / 2～5日下落後の陽線,強,買い,底固め / アンチ,2,0.0,1586.44,1687.12,2.0,直近2～5日まで下落、%K反転、%D方向改善、2～5日下落後の陽線、直近安値切り上げ、BB幅収縮、RSI安値切り上げ / 信用需給: 信用データがデータなし、または売残0で信用倍率を算出不能,,https://finance.yahoo.co.jp/quote/1882.T,データなし,データなし,データなし,データなし,データなし,データなし,データなし,データなし,10.0,0,0,10.0,298,298,信用需給は判定不能,信用データがデータなし、または売残0で信用倍率を算出不能
2026-08-20,7956,ピジョン,プライム,2119.0,0.95,-0.28,0.74,3.68,0.97,50.45,2138.0,2131.5,2082.5,2138.0,2138.0,2077.0,1931.0,1990.25,1931.02,1931.02,10,B,66.67,79.6,14.04,60.8,2043.72,1964.13,1765.8,+1.17σ,1.04,陰線→陽線 / はらみ足 / 長い下ヒゲ（ハンマー） / 2～5日下落後の陽線,通常,買い,アンチ,1,0.0,2043.33,2270.35,2.0,直近2～5日まで下落、%K反転、%D方向改善、長い下ヒゲ反転、2～5日下落後の陽線 / 信用需給: 信用データがデータなし、または売残0で信用倍率を算出不能,,https://finance.yahoo.co.jp/quote/7956.T,データなし,データなし,データなし,データなし,データなし,データなし,データなし,データなし,10.0,0,0,10.0,298,298,信用需給は判定不能,信用データがデータなし、または売残0で信用倍率を算出不能
2026-08-20,3291,飯田グループホールディングス,プライム,2330.5,1.61,1.72,1.0,2.45,0.64,45.99,2316.5,2330.5,2301.0,2330.5,2330.5,2265.5,2165.5,2228.96,2176.4,2176.4,10,B,89.24,66.36,19.06,59.94,2274.66,2200.48,2372.96,+0.93σ,0.81,陰線→陽線 / 長い下ヒゲ（ハンマー） / 2～5日下落後の陽線,強,買い,アンチ,1,0.0,2261.51,2468.47,2.0,直近2～5日まで下落、%K反転、%D方向改善、長い下ヒゲ反転、2～5日下落後の陽線 / 信用需給: 信用データがデータなし、または売残0で信用倍率を算出不能,,https://finance.yahoo.co.jp/quote/3291.T,データなし,データなし,データなし,データなし,データなし,データなし,データなし,データなし,10.0,0,0,10.0,298,298,信用需給は判定不能,信用データがデータなし、または売残0で信用倍率を算出不能
2026-08-20,2918,わらべや日洋ホールディングス,プライム,2840.0,1.39,1.39,0.25,2.49,0.8,43.84,2809.0,2840.0,2805.0,2840.0,2840.0,2781.0,2699.0,2747.67,2702.54,2702.54,10,B,91.46,65.81,17.12,62.83,2770.92,2678.89,3018.58,+1.05σ,0.72,2～5日下落後の陽線,強,買い,底固め / アンチ,2,0.0,2774.25,2971.51,2.0,直近2～5日まで下落、%K反転、%D方向改善、2～5日下落後の陽線、直近安値切り上げ、BB幅収縮、RSI安値切り上げ / 信用需給: 信用データがデータなし、または売残0で信用倍率を算出不能,,https://finance.yahoo.co.jp/quote/2918.T,データなし,データなし,データなし,データなし,データなし,データなし,データなし,データなし,10.0,0,0,10.0,298,298,信用需給は判定不能,信用データがデータなし、または売残0で信用倍率を算出不能
2026-08-20,1928,積水ハウス,プライム,3437.0,1.87,0.91,0.32,-1.35,0.48,58.76,3385.0,3449.0,3421.0,3449.0,3449.0,3346.0,3326.0,3362.08,3253.95,3253.95,9,B,82.73,49.57,11.35,49.33,3483.88,3398.45,3468.18,-0.31σ,0.76,なし,強,買い,アンチ,1,0.0,3346.0,3619.0,2.0,直近2～5日まで下落、ストキャス売られ過ぎから反転、%K反転、%D方向改善 / 信用需給: 信用データがデータなし、または売残0で信用倍率を算出不能,,https://finance.yahoo.co.jp/quote/1928.T,データなし,データなし,データなし,データなし,データなし,データなし,データなし,データなし,9.0,0,0,9.0,357,357,信用需給は判定不能,信用データがデータなし、または売残0で信用倍率を算出不能
2026-08-20,9434,ソフトバンク,プライム,233.1,0.3,-0.77,-0.13,2.4,0.83,4.84,236.0,234.6,230.6,236.0,236.2,230.6,218.3,224.47,219.58,219.58,9,B,51.19,67.47,7.18,59.67,227.63,219.2,217.64,+0.77σ,1.08,前日安値割れ反転,通常,買い,底固め / アンチ,2,0.0,225.83,247.63,2.0,直近2～5日まで下落、%K反転、長い下ヒゲ反転、直近安値切り上げ、BB幅収縮、RSI安値切り上げ / 信用需給: 信用データがデータなし、または売残0で信用倍率を算出不能,,https://finance.yahoo.co.jp/quote/9434.T,データなし,データなし,データなし,データなし,データなし,データなし,データなし,データなし,9.0,0,0,9.0,357,357,信用需給は判定不能,信用データがデータなし、または売残0で信用倍率を算出不能
2026-08-20,2587,サントリービバレッジ＆フード,プライム,4571.0,0.53,0.53,-0.33,-1.35,0.59,107.2,4572.0,4622.0,4559.0,4622.0,4622.0,4473.0,4416.0,4508.71,4385.63,4385.63,9,B,40.5,45.77,4.99,48.67,4633.4,4460.37,4655.12,-0.49σ,0.61,なし,通常,買い,アンチ,1,0.0,4410.21,4892.59,2.0,直近2～5日まで下落、ストキャス売られ過ぎから反転、%K反転、%D方向改善 / 信用需給: 信用データがデータなし、または売残0で信用倍率を算出不能,,https://finance.yahoo.co.jp/quote/2587.T,データなし,データなし,データなし,データなし,データなし,データなし,データなし,データなし,9.0,0,0,9.0,357,357,信用需給は判定不能,信用データがデータなし、または売残0で信用倍率を算出不能
2026-08-20,1969,高砂熱学工業,プライム,4261.0,2.7,-2.56,-0.21,-1.68,0.52,166.76,4188.0,4282.0,4195.0,4282.0,4419.0,4080.0,3985.0,4138.52,4005.3,4005.3,9,B,52.97,43.65,-0.6,46.0,4333.6,4581.41,4616.67,-0.08σ,0.68,陰線→陽線 / 2～5日下落後の陽線,なし,買い,底固め,1,0.0,4010.86,4761.28,2.0,直近2～5日まで下落、%K反転、2～5日下落後の陽線、直近安値切り上げ、BB幅収縮、RSI安値切り上げ / 信用需給: 信用データがデータなし、または売残0で信用倍率を算出不能,,https://finance.yahoo.co.jp/quote/1969.T,データなし,データなし,データなし,データなし,データなし,データなし,データなし,データなし,9.0,0,0,9.0,357,357,信用需給は判定不能,信用データがデータなし、または売残0で信用倍率を算出不能
2026-08-20,4911,資生堂,プライム,3668.0,4.71,4.68,4.03,10.52,0.83,148.02,3557.0,3730.0,3607.0,3730.0,3730.0,3398.0,2983.5,3202.68,3022.72,3022.72,9,除外,81.33,65.73,1.17,65.9,3318.98,2939.74,2836.66,+1.59σ,0.93,なし,強,買い,アンチ,1,0.0,3398.0,4208.0,2.0,直近2～5日まで下落、ストキャス売られ過ぎから反転、%K反転、%D方向改善 / 信用需給: 信用データがデータなし、または売残0で信用倍率を算出不能,急騰済み（25日線上方乖離）,https://finance.yahoo.co.jp/quote/4911.T,データなし,データなし,データなし,データなし,データなし,データなし,データなし,データなし,9.0,0,0,9.0,357,357,信用需給は判定不能,信用データがデータなし、または売残0で信用倍率を算出不能
2026-08-20,3851,日本一ソフトウェア,スタンダード,1254.0,3.21,4.07,5.73,20.9,1.03,56.5,1219.0,1266.0,1208.0,1266.0,1266.0,1150.0,895.0,965.63,859.76,859.76,9,除外,91.95,78.86,9.24,72.52,1037.24,898.57,850.36,+1.72σ,1.09,強気包み足,なし,買い,底固め,1,0.0,1150.0,1462.0,2.0,%K反転、%D方向改善、陽の包み足、直近下落なし（B以下に制限）、直近安値切り上げ、RSI安値切り上げ、レンジ上限突破 / 信用需給: 信用データがデータなし、または売残0で信用倍率を算出不能,急騰済み（25日線上方乖離、高RSI）,https://finance.yahoo.co.jp/quote/3851.T,データなし,データなし,データなし,データなし,データなし,データなし,データなし,データなし,9.0,0,0,9.0,357,357,信用需給は判定不能,信用データがデータなし、または売残0で信用倍率を算出不能
2026-08-20,7282,豊田合成,プライム,5339.0,5.66,1.31,3.09,3.53,0.62,175.27,5212.0,5373.0,5265.0,5373.0,5373.0,5025.0,4972.0,5080.49,4965.38,4965.38,9,B,90.23,49.55,12.0,56.89,5157.12,4950.71,4470.69,+1.25σ,1.14,陰線→陽線,強,買い,BB逆張り / アンチ,2,0.0,5025.0,5967.0,2.0,BB -1σ以下から反発、ストキャス売られ過ぎから反転、%K反転、%D方向改善、直近下落なし（B以下に制限） / 信用需給: 信用データがデータなし、または売残0で信用倍率を算出不能,,https://finance.yahoo.co.jp/quote/7282.T,データなし,データなし,データなし,データなし,データなし,データなし,データなし,データなし,9.0,0,0,9.0,357,357,信用需給は判定不能,信用データがデータなし、または売残0で信用倍率を算出不能
2026-08-20,3591,ワコールホールディングス,プライム,4260.0,0.38,0.95,0.52,-2.99,0.72,104.82,4256.0,4300.0,4225.0,4300.0,4300.0,4169.0,4115.0,4261.77,4155.19,4155.19,9,B,61.18,41.26,7.44,43.08,4391.24,4445.33,4528.35,-1.02σ,0.63,なし,強,買い,アンチ,1,0.0,4102.77,4574.46,2.0,BB -1σ以下から反発、ストキャス売られ過ぎから反転、%K反転、%D方向改善、直近下落なし（B以下に制限） / 信用需給: 信用データがデータなし、または売残0で信用倍率を算出不能,,https://finance.yahoo.co.jp/quote/3591.T,データなし,データなし,データなし,データなし,データなし,データなし,データなし,データなし,9.0,0,0,9.0,357,357,信用需給は判定不能,信用データがデータなし、または売残0で信用倍率を算出不能
2026-08-20,3844,コムチュア,プライム,1403.0,4.08,6.53,-3.04,0.33,1.18,39.69,1357.0,1404.0,1357.0,1404.0,1404.0,1306.0,1306.0,1359.34,1313.93,1313.93,9,B,54.8,51.13,-5.7,52.39,1398.32,1344.97,1479.72,-0.04σ,0.99,なし,なし,買い,BB逆張り,1,0.0,1306.0,1597.0,2.0,BB -1σ以下から反発、ストキャス売られ過ぎから反転、%K反転、%D方向改善、直近下落なし（B以下に制限） / 信用需給: 信用データがデータなし、または売残0で信用倍率を算出不能,,https://finance.yahoo.co.jp/quote/3844.T,データなし,データなし,データなし,データなし,データなし,データなし,データなし,データなし,9.0,0,0,9.0,357,357,信用需給は判定不能,信用データがデータなし、または売残0で信用倍率を算出不能
2026-08-20,4005,住友化学,プライム,522.3,1.99,-1.08,-1.27,-0.46,0.82,16.92,527.2,532.9,519.0,532.9,541.3,508.8,471.4,504.21,487.45,487.45,9,B,41.54,67.55,7.15,48.96,524.7,546.2,511.64,+0.08σ,0.75,なし,通常,買い,アンチ,1,0.0,496.91,573.07,2.0,直近2～5日まで下落、ストキャス売られ過ぎから反転、%K反転、%D方向改善 / 信用需給: 信用データがデータなし、または売残0で信用倍率を算出不能,,https://finance.yahoo.co.jp/quote/4005.T,データなし,データなし,データなし,データなし,データなし,データなし,データなし,データなし,9.0,0,0,9.0,357,357,信用需給は判定不能,信用データがデータなし、または売残0で信用倍率を算出不能
2026-08-20,6306,日工,プライム,1038.0,1.96,1.17,4.64,5.6,1.04,22.21,1021.0,1039.0,1016.0,1039.0,1039.0,984.0,949.0,970.45,948.89,948.89,9,除外,98.53,72.56,15.44,72.02,983.0,908.35,840.22,+2.13σ,0.89,強気包み足,通常,買い,底固め / アンチ,2,0.0,984.0,1146.0,2.0,%K反転、%D方向改善、陽の包み足、直近下落なし（B以下に制限）、直近安値切り上げ、RSI安値切り上げ、レンジ上限突破 / 信用需給: 信用データがデータなし、または売残0で信用倍率を算出不能,急騰済み（高RSI）,https://finance.yahoo.co.jp/quote/6306.T,データなし,データなし,データなし,データなし,データなし,データなし,データなし,データなし,9.0,0,0,9.0,357,357,信用需給は判定不能,信用データがデータなし、または売残0で信用倍率を算出不能
2026-08-20,7777,スリー・ディー・マトリックス,グロース,371.0,3.92,-3.89,1.92,6.26,0.66,16.62,376.0,373.0,362.0,376.0,389.0,355.0,306.0,328.44,308.83,308.83,9,B,51.35,78.04,-5.78,55.19,349.16,386.19,421.22,+1.17σ,0.98,陰線→陽線 / はらみ足 / 2～5日下落後の陽線,なし,買い,底固め,1,0.0,346.07,420.86,2.0,直近2～5日まで下落、%K反転、2～5日下落後の陽線、直近安値切り上げ、ATR低下、RSI安値切り上げ / 信用需給: 信用データがデータなし、または売残0で信用倍率を算出不能,,https://finance.yahoo.co.jp/quote/7777.T,データなし,データなし,データなし,データなし,データなし,データなし,データなし,データなし,9.0,0,0,9.0,357,357,信用需給は判定不能,信用データがデータなし、または売残0で信用倍率を算出不能
2026-08-20,3003,ヒューリック,プライム,1763.5,2.2,1.35,0.48,-0.37,0.92,35.22,1744.5,1777.5,1745.0,1777.5,1777.5,1715.5,1699.0,1714.29,1666.21,1666.21,9,B,77.42,51.08,12.37,51.76,1770.08,1737.09,1779.69,+0.02σ,0.78,なし,強,買い,アンチ,1,0.0,1710.67,1869.16,2.0,直近2～5日まで下落、ストキャス売られ過ぎから反転、%K反転、%D方向改善 / 信用需給: 信用データがデータなし、または売残0で信用倍率を算出不能,,https://finance.yahoo.co.jp/quote/3003.T,データなし,データなし,データなし,データなし,データなし,データなし,データなし,データなし,9.0,0,0,9.0,357,357,信用需給は判定不能,信用データがデータなし、または売残0で信用倍率を算出不能
2026-08-20,9735,セコム,プライム,6362.0,-0.03,-0.72,-2.21,-4.82,0.7,168.67,6427.0,6431.0,6313.0,6431.0,6431.0,6252.0,6252.0,6433.83,6191.16,6191.16,9,B,35.83,26.18,2.05,40.19,6684.52,6468.57,6002.35,-1.30σ,0.84,なし,強,買い,アンチ,1,0.0,6108.99,6868.02,2.0,直近2～5日まで下落、ストキャス売られ過ぎから反転、%K反転、%D方向改善 / 信用需給: 信用データがデータなし、または売残0で信用倍率を算出不能,,https://finance.yahoo.co.jp/quote/9735.T,データなし,データなし,データなし,データなし,データなし,データなし,データなし,データなし,9.0,0,0,9.0,357,357,信用需給は判定不能,信用データがデータなし、または売残0で信用倍率を算出不能
2026-08-20,3110,日東紡績,プライム,3170.0,5.81,-7.85,-2.01,2.94,0.69,285.78,3110.0,3185.0,2987.0,3185.0,3455.0,2940.0,2520.0,2790.84,2540.19,2540.19,9,B,50.0,45.87,-8.1,49.23,3079.6,3912.64,3616.53,+0.51σ,0.95,陰線→陽線 / 2～5日下落後の陽線,なし,買い,底固め,1,0.0,2741.33,4027.34,2.0,直近2～5日まで下落、%K反転、2～5日下落後の陽線、直近安値切り上げ、BB幅収縮、RSI安値切り上げ / 信用需給: 信用データがデータなし、または売残0で信用倍率を算出不能,,https://finance.yahoo.co.jp/quote/3110.T,データなし,データなし,データなし,データなし,データなし,データなし,データなし,データなし,9.0,0,0,9.0,357,357,信用需給は判定不能,信用データがデータなし、または売残0で信用倍率を算出不能
2026-08-20,2502,アサヒグループホールディングス,プライム,1671.5,1.0,0.63,-0.71,0.46,0.69,44.36,1663.5,1683.0,1652.5,1683.0,1683.0,1635.0,1605.0,1638.17,1598.04,1598.04,9,B,30.93,47.6,1.58,52.58,1663.92,1580.52,1636.09,-0.17σ,0.75,なし,通常,買い,アンチ,1,0.0,1604.96,1804.58,2.0,直近2～5日まで下落、ストキャス売られ過ぎから反転、%K反転、%D方向改善 / 信用需給: 信用データがデータなし、または売残0で信用倍率を算出不能,,https://finance.yahoo.co.jp/quote/2502.T,データなし,データなし,データなし,データなし,データなし,データなし,データなし,データなし,9.0,0,0,9.0,357,357,信用需給は判定不能,信用データがデータなし、または売残0で信用倍率を算出不能
2026-08-20,7211,三菱自動車工業,プライム,353.8,4.46,1.67,3.39,-1.94,0.98,13.0,347.0,354.8,342.1,354.8,354.8,335.6,335.6,341.15,326.72,326.72,9,B,94.79,35.09,12.48,51.01,360.81,346.23,360.87,-0.12σ,1.14,陰線→陽線,強,買い,BB逆張り / アンチ,2,0.0,334.29,392.81,2.0,BB -1σ以下から反発、ストキャス売られ過ぎから反転、%K反転、%D方向改善、直近下落なし（B以下に制限） / 信用需給: 信用データがデータなし、または売残0で信用倍率を算出不能,,https://finance.yahoo.co.jp/quote/7211.T,データなし,データなし,データなし,データなし,データなし,データなし,データなし,データなし,9.0,0,0,9.0,357,357,信用需給は判定不能,信用データがデータなし、または売残0で信用倍率を算出不能
2026-08-20,7261,マツダ,プライム,1201.5,5.91,2.04,4.75,3.43,1.1,37.75,1171.0,1206.0,1164.5,1206.0,1206.0,1129.0,1095.0,1138.7,1110.92,1110.92,9,B,94.16,66.81,11.97,57.14,1161.64,1119.55,1147.47,+1.26σ,1.16,陰線→陽線,強,買い,BB逆張り / アンチ,2,0.0,1129.0,1346.5,2.0,BB -1σ以下から反発、ストキャス売られ過ぎから反転、%K反転、%D方向改善、直近下落なし（B以下に制限） / 信用需給: 信用データがデータなし、または売残0で信用倍率を算出不能,,https://finance.yahoo.co.jp/quote/7261.T,データなし,データなし,データなし,データなし,データなし,データなし,データなし,データなし,9.0,0,0,9.0,357,357,信用需給は判定不能,信用データがデータなし、または売残0で信用倍率を算出不能
2026-08-20,4549,栄研化学,プライム,2359.0,2.83,0.73,3.65,-0.49,0.94,79.96,2320.0,2359.0,2284.0,2359.0,2359.0,2261.0,2021.0,2166.94,2013.22,2013.22,9,B,100.0,74.02,20.55,49.08,2370.68,2615.08,2662.88,+0.25σ,0.56,陰線→陽線 / 強気包み足,強,買い,底固め / アンチ,2,0.0,2239.06,2598.88,2.0,%K反転、%D方向改善、陽の包み足、直近下落なし（B以下に制限）、直近安値切り上げ、RSI安値切り上げ、レンジ上限突破 / 信用需給: 信用データがデータなし、または売残0で信用倍率を算出不能,,https://finance.yahoo.co.jp/quote/4549.T,データなし,データなし,データなし,データなし,データなし,データなし,データなし,データなし,9.0,0,0,9.0,357,357,信用需給は判定不能,信用データがデータなし、または売残0で信用倍率を算出不能
2026-08-20,9534,北海道瓦斯,プライム,809.0,2.41,3.98,4.66,3.59,1.25,15.21,795.0,809.0,790.0,809.0,809.0,770.0,765.0,771.85,762.34,762.34,9,除外,100.0,45.93,17.57,64.8,781.0,768.76,798.66,+2.91σ,0.93,陰線→陽線 / 強気包み足,通常,買い,底固め / アンチ,2,0.0,770.0,887.0,2.0,%K反転、%D方向改善、陽の包み足、直近下落なし（B以下に制限）、直近安値切り上げ、BB幅収縮、RSI安値切り上げ、レンジ上限突破 / 信用需給: 信用データがデータなし、または売残0で信用倍率を算出不能,急騰済み（BB +2σ大幅超過）,https://finance.yahoo.co.jp/quote/9534.T,データなし,データなし,データなし,データなし,データなし,データなし,データなし,データなし,9.0,0,0,9.0,357,357,信用需給は判定不能,信用データがデータなし、または売残0で信用倍率を算出不能
2026-08-20,7003,三井Ｅ＆Ｓ,プライム,4204.0,2.54,-4.0,-1.8,-6.52,0.98,254.28,4247.0,4447.0,4199.0,4447.0,4575.0,4061.0,4026.0,4166.59,3866.58,3866.58,9,B,27.82,40.22,7.02,43.77,4497.44,4528.61,5641.09,-0.88σ,1.05,なし,通常,買い,アンチ,1,0.0,3822.59,4966.83,2.0,BB -1σ以下から反発、ストキャス売られ過ぎから反転、%K反転、%D方向改善、直近下落なし（B以下に制限） / 信用需給: 信用データがデータなし、または売残0で信用倍率を算出不能,,https://finance.yahoo.co.jp/quote/7003.T,データなし,データなし,データなし,データなし,データなし,データなし,データなし,データなし,9.0,0,0,9.0,357,357,信用需給は判定不能,信用データがデータなし、または売残0で信用倍率を算出不能
2026-08-20,6994,指月電機製作所,スタンダード,1161.0,1.49,-8.8,0.35,6.19,0.44,80.19,1186.0,1173.0,1138.0,1186.0,1334.0,1138.0,891.0,1006.69,911.63,911.63,9,B,32.16,50.32,-15.49,51.86,1093.36,1161.88,999.44,+0.62σ,0.35,前日安値割れ反転,なし,買い,底固め,1,0.0,1040.72,1401.56,2.0,直近2～5日まで下落、%K反転、長い下ヒゲ反転、直近安値切り上げ、BB幅収縮、RSI安値切り上げ / 信用需給: 信用データがデータなし、または売残0で信用倍率を算出不能,,https://finance.yahoo.co.jp/quote/6994.T,データなし,データなし,データなし,データなし,データなし,データなし,データなし,データなし,9.0,0,0,9.0,357,357,信用需給は判定不能,信用データがデータなし、または売残0で信用倍率を算出不能
2026-08-20,3399,丸千代山岡家,スタンダード,3920.0,3.16,3.16,4.53,6.51,1.23,122.33,3800.0,3930.0,3780.0,3930.0,3930.0,3685.0,3400.0,3563.23,3455.46,3455.46,9,除外,97.53,79.0,11.06,66.67,3680.4,3366.93,3278.4,+2.31σ,1.17,強気包み足,なし,買い,底固め,1,0.0,3685.0,4390.0,2.0,%K反転、%D方向改善、陽の包み足、直近下落なし（B以下に制限）、直近安値切り上げ、BB幅収縮、RSI安値切り上げ、レンジ上限突破 / 信用需給: 信用データがデータなし、または売残0で信用倍率を算出不能,急騰済み（BB +2σ大幅超過）,https://finance.yahoo.co.jp/quote/3399.T,データなし,データなし,データなし,データなし,データなし,データなし,データなし,データなし,9.0,0,0,9.0,357,357,信用需給は判定不能,信用データがデータなし、または売残0で信用倍率を算出不能
2026-08-20,5713,住友金属鉱山,プライム,10630.0,10.76,6.87,8.22,25.56,1.26,557.79,9891.0,10675.0,9972.0,10675.0,10675.0,9293.0,6969.0,7715.4,6664.11,6664.11,9,除外,96.74,76.9,-6.77,69.0,8465.84,8626.55,8210.14,+1.77σ,1.22,2～5日下落後の陽線,なし,買い,底固め,1,0.0,9293.0,13304.0,2.0,直近2～5日まで下落、%K反転、2～5日下落後の陽線、直近安値切り上げ、出来高減少後の増加、レンジ上限突破 / 信用需給: 信用データがデータなし、または売残0で信用倍率を算出不能,急騰済み（当日急騰、25日線上方乖離）,https://finance.yahoo.co.jp/quote/5713.T,データなし,データなし,データなし,データなし,データなし,データなし,データなし,データなし,9.0,0,0,9.0,357,357,信用需給は判定不能,信用データがデータなし、または売残0で信用倍率を算出不能
2026-08-20,6349,小森コーポレーション,プライム,1985.0,2.64,2.21,3.93,9.84,1.16,44.84,1940.0,1985.0,1933.0,1985.0,1985.0,1896.0,1640.0,1741.32,1630.85,1630.85,9,除外,100.0,73.75,0.73,79.07,1807.12,1606.52,1601.03,+1.21σ,0.8,強気包み足,強,買い,底固め / アンチ,2,0.0,1896.0,2163.0,2.0,%K反転、%D方向改善、陽の包み足、直近下落なし（B以下に制限）、直近安値切り上げ、RSI安値切り上げ、レンジ上限突破 / 信用需給: 信用データがデータなし、または売残0で信用倍率を算出不能,急騰済み（高RSI）,https://finance.yahoo.co.jp/quote/6349.T,データなし,データなし,データなし,データなし,データなし,データなし,データなし,データなし,9.0,0,0,9.0,357,357,信用需給は判定不能,信用データがデータなし、または売残0で信用倍率を算出不能
2026-08-20,5406,神戸製鋼所,プライム,2009.5,1.03,0.37,1.49,0.07,0.63,48.38,2042.5,2014.0,1983.5,2042.5,2054.5,1973.5,1919.5,1987.21,1953.1,1953.1,9,B,44.44,48.17,-2.5,52.04,2008.08,1955.37,2005.8,-0.35σ,0.82,はらみ足,なし,買い,底固め,1,0.0,1936.93,2154.65,2.0,ストキャス売られ過ぎから反転、%K反転、%D方向改善、直近下落なし（B以下に制限）、直近安値切り上げ、BB幅収縮、RSI安値切り上げ / 信用需給: 信用データがデータなし、または売残0で信用倍率を算出不能,,https://finance.yahoo.co.jp/quote/5406.T,データなし,データなし,データなし,データなし,データなし,データなし,データなし,データなし,9.0,0,0,9.0,357,357,信用需給は判定不能,信用データがデータなし、または売残0で信用倍率を算出不能
2026-08-20,8366,滋賀銀行,プライム,2674.0,1.36,-3.29,-0.63,2.18,0.89,111.78,2746.0,2703.0,2603.0,2746.0,2828.0,2603.0,2297.0,2477.84,2356.68,2356.68,9,B,48.28,70.12,0.29,53.7,2616.88,2386.29,1901.5,+0.62σ,0.61,陰線→陽線 / 前日安値割れ反転 / 2～5日下落後の陽線,通常,買い,アンチ,1,0.0,2506.34,3009.33,2.0,直近2～5日まで下落、%K反転、長い下ヒゲ反転、2～5日下落後の陽線 / 信用需給: 信用データがデータなし、または売残0で信用倍率を算出不能,,https://finance.yahoo.co.jp/quote/8366.T,データなし,データなし,データなし,データなし,データなし,データなし,データなし,データなし,9.0,0,0,9.0,357,357,信用需給は判定不能,信用データがデータなし、または売残0で信用倍率を算出不能
2026-08-20,8804,東京建物,プライム,3388.0,2.29,0.83,0.41,-0.35,0.83,80.34,3337.0,3398.0,3331.0,3398.0,3398.0,3275.0,3245.0,3304.97,3224.34,3224.34,9,B,73.38,49.26,9.19,51.42,3399.88,3333.52,3510.32,+0.03σ,0.91,なし,強,買い,アンチ,1,0.0,3267.5,3629.01,2.0,直近2～5日まで下落、ストキャス売られ過ぎから反転、%K反転、%D方向改善 / 信用需給: 信用データがデータなし、または売残0で信用倍率を算出不能,,https://finance.yahoo.co.jp/quote/8804.T,データなし,データなし,データなし,データなし,データなし,データなし,データなし,データなし,9.0,0,0,9.0,357,357,信用需給は判定不能,信用データがデータなし、または売残0で信用倍率を算出不能
2026-08-20,9025,鴻池運輸,プライム,2917.0,0.86,-0.1,1.28,0.36,0.57,56.59,2915.0,2923.0,2891.0,2923.0,2924.0,2871.0,2788.0,2866.63,2814.9,2814.9,9,B,58.17,49.9,9.9,54.61,2906.64,2785.59,3024.82,-0.03σ,0.8,陰線→陽線 / 強気包み足,強,買い,底固め / アンチ,2,0.0,2832.11,3086.78,2.0,%K反転、%D方向改善、陽の包み足、直近下落なし（B以下に制限）、直近安値切り上げ、BB幅収縮、RSI安値切り上げ / 信用需給: 信用データがデータなし、または売残0で信用倍率を算出不能,,https://finance.yahoo.co.jp/quote/9025.T,データなし,データなし,データなし,データなし,データなし,データなし,データなし,データなし,9.0,0,0,9.0,357,357,信用需給は判定不能,信用データがデータなし、または売残0で信用倍率を算出不能
2026-08-20,5202,日本板硝子,プライム,484.0,0.21,0.0,0.21,0.27,0.62,1.6,484.0,484.0,483.0,484.0,484.0,482.0,478.0,481.81,480.87,480.87,9,B,100.0,76.0,18.33,59.11,482.68,479.52,514.76,+1.33σ,0.36,強気包み足 / はらみ足,通常,買い,底固め / アンチ,2,0.0,481.6,488.81,2.0,%K反転、%D方向改善、陽の包み足、直近下落なし（B以下に制限）、直近安値切り上げ、BB幅収縮、RSI安値切り上げ / 信用需給: 信用データがデータなし、または売残0で信用倍率を算出不能,,https://finance.yahoo.co.jp/quote/5202.T,データなし,データなし,データなし,データなし,データなし,データなし,データなし,データなし,9.0,0,0,9.0,357,357,信用需給は判定不能,信用データがデータなし、または売残0で信用倍率を算出不能
2026-08-20,6200,インソース,プライム,742.0,2.63,3.92,4.65,4.1,1.28,19.53,729.0,746.0,721.0,746.0,746.0,706.0,696.0,709.59,688.28,688.28,9,B,90.91,40.18,16.43,65.96,712.8,646.91,727.16,+0.52σ,0.48,陰線→陽線 / 強気包み足,なし,買い,底固め,1,0.0,706.0,814.0,2.0,%K反転、%D方向改善、陽の包み足、直近下落なし（B以下に制限）、直近安値切り上げ、BB幅収縮、RSI安値切り上げ / 信用需給: 信用データがデータなし、または売残0で信用倍率を算出不能,,https://finance.yahoo.co.jp/quote/6200.T,データなし,データなし,データなし,データなし,データなし,データなし,データなし,データなし,9.0,0,0,9.0,357,357,信用需給は判定不能,信用データがデータなし、または売残0で信用倍率を算出不能
2026-08-20,8113,ユニ・チャーム,プライム,999.6,1.96,2.82,1.08,0.98,0.5,26.75,983.9,1005.0,991.7,1005.0,1005.0,956.6,938.6,971.8,947.65,947.65,9,B,59.81,48.06,0.31,53.8,989.88,953.34,948.93,+0.15σ,0.61,なし,強,買い,アンチ,1,0.0,956.6,1085.6,2.0,直近2～5日まで下落、ストキャス売られ過ぎから反転、%K反転、%D方向改善 / 信用需給: 信用データがデータなし、または売残0で信用倍率を算出不能,,https://finance.yahoo.co.jp/quote/8113.T,データなし,データなし,データなし,データなし,データなし,データなし,データなし,データなし,9.0,0,0,9.0,357,357,信用需給は判定不能,信用データがデータなし、または売残0で信用倍率を算出不能
2026-08-20,2931,ユーグレナ,プライム,358.0,1.99,1.42,1.7,3.46,0.53,9.47,354.0,359.0,354.0,359.0,359.0,347.0,332.0,337.02,327.95,327.95,9,B,57.89,48.06,8.9,57.8,346.04,350.85,383.78,+1.31σ,0.8,なし,強,買い,アンチ,1,0.0,343.8,386.41,2.0,直近2～5日まで下落、ストキャス売られ過ぎから反転、%K反転、%D方向改善 / 信用需給: 信用データがデータなし、または売残0で信用倍率を算出不能,,https://finance.yahoo.co.jp/quote/2931.T,データなし,データなし,データなし,データなし,データなし,データなし,データなし,データなし,9.0,0,0,9.0,357,357,信用需給は判定不能,信用データがデータなし、または売残0で信用倍率を算出不能
2026-08-20,9075,福山通運,プライム,6390.0,1.27,0.31,3.4,4.82,0.76,196.39,6380.0,6410.0,6260.0,6410.0,6430.0,6190.0,5650.0,5874.78,5663.56,5663.56,9,B,90.48,71.42,21.22,62.66,6096.4,6017.07,5260.72,+1.44σ,1.1,陰線→陽線 / 強気包み足,通常,買い,底固め / アンチ,2,0.0,6095.42,6979.16,2.0,%K反転、%D方向改善、陽の包み足、直近下落なし（B以下に制限）、直近安値切り上げ、BB幅収縮、RSI安値切り上げ / 信用需給: 信用データがデータなし、または売残0で信用倍率を算出不能,,https://finance.yahoo.co.jp/quote/9075.T,データなし,データなし,データなし,データなし,データなし,データなし,データなし,データなし,9.0,0,0,9.0,357,357,信用需給は判定不能,信用データがデータなし、または売残0で信用倍率を算出不能
2026-08-20,8393,宮崎銀行,プライム,2429.0,0.5,-3.23,-2.92,1.33,0.68,97.23,2516.0,2451.0,2385.0,2516.0,2589.0,2385.0,2217.0,2339.42,2259.94,2259.94,8,B,32.18,62.82,2.76,53.81,2397.2,2168.67,1769.87,+0.13σ,0.8,陰線→陽線 / 長い下ヒゲ（ハンマー） / 前日安値割れ反転 / 2～5日下落後の陽線,なし,買い,底固め,1,0.0,2283.15,2720.7,2.0,直近2～5日まで下落、長い下ヒゲ反転、2～5日下落後の陽線、直近安値切り上げ、BB幅収縮、RSI安値切り上げ / 信用需給: 信用データがデータなし、または売残0で信用倍率を算出不能,,https://finance.yahoo.co.jp/quote/8393.T,データなし,データなし,データなし,データなし,データなし,データなし,データなし,データなし,8.0,0,0,8.0,391,391,信用需給は判定不能,信用データがデータなし、または売残0で信用倍率を算出不能
2026-08-20,7389,あいちフィナンシャルグループ,プライム,1809.0,2.26,-2.85,3.37,3.74,1.22,89.49,1836.0,1870.0,1761.0,1870.0,1915.0,1711.0,1573.0,1648.44,1553.43,1553.43,8,B,65.59,58.13,16.78,58.51,1743.76,1526.95,1278.02,+0.69σ,1.54,陰線→陽線,通常,買い,底固め / アンチ,2,0.0,1674.76,2077.47,2.0,%K反転、%D方向改善、出来高増加を伴う反転、直近下落なし（B以下に制限）、直近安値切り上げ、BB幅収縮、RSI安値切り上げ / 信用需給: 信用データがデータなし、または売残0で信用倍率を算出不能,,https://finance.yahoo.co.jp/quote/7389.T,データなし,データなし,データなし,データなし,データなし,データなし,データなし,データなし,8.0,0,0,8.0,391,391,信用需給は判定不能,信用データがデータなし、または売残0で信用倍率を算出不能
2026-08-20,8558,東和銀行,プライム,1469.0,0.48,-3.86,-1.21,4.28,0.65,62.86,1536.0,1472.0,1431.0,1536.0,1583.0,1431.0,1275.0,1345.53,1274.76,1274.76,8,B,47.71,76.74,9.85,55.15,1408.76,1364.92,1180.42,+0.74σ,0.67,陰線→陽線 / 前日安値割れ反転,通常,買い,底固め / アンチ,2,0.0,1374.71,1657.57,2.0,%K反転、%D方向改善、長い下ヒゲ反転、直近下落なし（B以下に制限）、直近安値切り上げ、BB幅収縮、RSI安値切り上げ / 信用需給: 信用データがデータなし、または売残0で信用倍率を算出不能,,https://finance.yahoo.co.jp/quote/8558.T,データなし,データなし,データなし,データなし,データなし,データなし,データなし,データなし,8.0,0,0,8.0,391,391,信用需給は判定不能,信用データがデータなし、または売残0で信用倍率を算出不能
2026-08-20,8572,アコム,スタンダード,483.4,0.67,0.75,-0.17,-0.08,0.83,7.44,481.5,484.3,478.1,484.3,484.3,477.0,469.2,476.7,470.63,470.63,8,B,59.81,54.53,8.55,53.81,483.81,469.74,479.95,+0.10σ,0.78,陰線→陽線 / 2～5日下落後の陽線,強,買い,アンチ,1,0.0,472.23,505.73,2.0,直近2～5日まで下落、%K反転、%D方向改善、2～5日下落後の陽線 / 信用需給: 信用データがデータなし、または売残0で信用倍率を算出不能,,https://finance.yahoo.co.jp/quote/8572.T,データなし,データなし,データなし,データなし,データなし,データなし,データなし,データなし,8.0,0,0,8.0,391,391,信用需給は判定不能,信用データがデータなし、または売残0で信用倍率を算出不能
2026-08-20,9508,九州電力,プライム,1921.5,2.56,3.58,3.39,5.62,0.95,49.71,1943.0,1947.5,1900.5,1947.5,1947.5,1838.0,1761.5,1790.71,1750.19,1750.19,8,除外,80.88,57.67,9.18,65.88,1819.3,1727.51,1729.28,+2.23σ,1.3,陰線→陽線,通常,買い,底固め / アンチ,2,0.0,1838.0,2088.5,2.0,%K反転、%D方向改善、出来高増加を伴う反転、直近下落なし（B以下に制限）、直近安値切り上げ、BB幅収縮、RSI安値切り上げ / 信用需給: 信用データがデータなし、または売残0で信用倍率を算出不能,急騰済み（BB +2σ大幅超過）,https://finance.yahoo.co.jp/quote/9508.T,データなし,データなし,データなし,データなし,データなし,データなし,データなし,データなし,8.0,0,0,8.0,391,391,信用需給は判定不能,信用データがデータなし、または売残0で信用倍率を算出不能
2026-08-20,9759,ＮＳＤ,プライム,2886.5,2.76,4.13,3.09,4.23,0.44,70.97,2850.0,2896.0,2865.0,2896.0,2896.0,2771.0,2613.0,2707.09,2625.04,2625.04,8,B,93.01,62.82,19.33,62.12,2769.38,2631.75,2971.13,+1.19σ,0.68,陰線→陽線 / 長い下ヒゲ（ハンマー）,通常,買い,底固め / アンチ,2,0.0,2771.0,3117.5,2.0,%K反転、%D方向改善、長い下ヒゲ反転、直近下落なし（B以下に制限）、直近安値切り上げ、BB幅収縮、RSI安値切り上げ、レンジ上限突破 / 信用需給: 信用データがデータなし、または売残0で信用倍率を算出不能,,https://finance.yahoo.co.jp/quote/9759.T,データなし,データなし,データなし,データなし,データなし,データなし,データなし,データなし,8.0,0,0,8.0,391,391,信用需給は判定不能,信用データがデータなし、または売残0で信用倍率を算出不能
2026-08-20,9627,アインホールディングス,プライム,6159.0,1.95,0.83,1.27,3.9,0.65,162.51,6140.0,6159.0,6054.0,6159.0,6159.0,6002.0,5558.0,5788.74,5612.28,5612.28,8,B,77.3,72.25,16.74,60.29,5927.8,5715.63,6099.14,+1.10σ,0.58,陰線→陽線 / 2～5日下落後の陽線,強,買い,アンチ,1,0.0,5915.24,6646.52,2.0,直近2～5日まで下落、%K反転、%D方向改善、2～5日下落後の陽線 / 信用需給: 信用データがデータなし、または売残0で信用倍率を算出不能,,https://finance.yahoo.co.jp/quote/9627.T,データなし,データなし,データなし,データなし,データなし,データなし,データなし,データなし,8.0,0,0,8.0,391,391,信用需給は判定不能,信用データがデータなし、または売残0で信用倍率を算出不能
2026-08-20,9830,トラスコ中山,プライム,2344.0,0.47,-1.6,-3.02,-1.6,0.45,53.82,2363.0,2347.0,2323.0,2363.0,2403.0,2307.0,2260.0,2359.72,2329.25,2329.25,8,B,27.01,52.76,-4.71,46.55,2382.04,2288.33,2356.01,-1.52σ,0.49,陰線→陽線 / はらみ足 / 長い下ヒゲ（ハンマー） / 2～5日下落後の陽線,なし,買い,BB逆張り,1,0.0,2263.27,2505.46,2.0,直近2～5日まで下落、BB -1σ以下から反発、長い下ヒゲ反転、2～5日下落後の陽線 / 信用需給: 信用データがデータなし、または売残0で信用倍率を算出不能,,https://finance.yahoo.co.jp/quote/9830.T,データなし,データなし,データなし,データなし,データなし,データなし,データなし,データなし,8.0,0,0,8.0,391,391,信用需給は判定不能,信用データがデータなし、または売残0で信用倍率を算出不能
2026-08-20,7552,ハピネット,プライム,3760.0,8.05,8.83,14.81,14.1,1.32,140.48,3555.0,3785.0,3600.0,3785.0,3785.0,3290.0,2967.0,3171.17,3002.84,3002.84,8,除外,95.54,69.76,10.38,70.14,3295.4,2956.31,2942.18,+2.50σ,1.52,陰線→陽線,通常,買い,底固め / アンチ,2,0.0,3290.0,4700.0,2.0,%K反転、%D方向改善、出来高増加を伴う反転、直近下落なし（B以下に制限）、直近安値切り上げ、RSI安値切り上げ、レンジ上限突破 / 信用需給: 信用データがデータなし、または売残0で信用倍率を算出不能,急騰済み（当日急騰、25日線上方乖離、BB +2σ大幅超過）,https://finance.yahoo.co.jp/quote/7552.T,データなし,データなし,データなし,データなし,データなし,データなし,データなし,データなし,8.0,0,0,8.0,391,391,信用需給は判定不能,信用データがデータなし、または売残0で信用倍率を算出不能
2026-08-20,8386,百十四銀行,プライム,2951.0,0.37,-5.57,-4.5,2.01,0.8,117.26,3090.0,3005.0,2911.0,3090.0,3205.0,2911.0,2693.0,2814.63,2703.17,2703.17,8,B,23.95,59.45,0.86,54.42,2892.88,2638.81,2203.1,+0.22σ,0.7,陰線→陽線 / 前日安値割れ反転 / 2～5日下落後の陽線,なし,買い,底固め,1,0.0,2775.12,3302.77,2.0,直近2～5日まで下落、長い下ヒゲ反転、2～5日下落後の陽線、直近安値切り上げ、BB幅収縮、RSI安値切り上げ / 信用需給: 信用データがデータなし、または売残0で信用倍率を算出不能,,https://finance.yahoo.co.jp/quote/8386.T,データなし,データなし,データなし,データなし,データなし,データなし,データなし,データなし,8.0,0,0,8.0,391,391,信用需給は判定不能,信用データがデータなし、または売残0で信用倍率を算出不能
2026-08-20,8439,東京センチュリー,プライム,2491.0,-0.06,-1.13,-2.85,-3.69,0.66,56.8,2548.0,2494.5,2457.0,2548.0,2557.5,2457.0,2435.0,2486.41,2403.05,2403.05,8,B,27.09,46.74,8.41,43.58,2586.48,2472.08,2216.93,-0.94σ,0.94,陰線→陽線 / 2～5日下落後の陽線,通常,買い,アンチ,1,0.0,2405.8,2661.39,2.0,直近2～5日まで下落、%K反転、%D方向改善、2～5日下落後の陽線 / 信用需給: 信用データがデータなし、または売残0で信用倍率を算出不能,,https://finance.yahoo.co.jp/quote/8439.T,データなし,データなし,データなし,データなし,データなし,データなし,データなし,データなし,8.0,0,0,8.0,391,391,信用需給は判定不能,信用データがデータなし、または売残0で信用倍率を算出不能
2026-08-20,8624,いちよし証券,プライム,1718.0,2.57,4.82,5.08,9.07,0.92,58.54,1704.0,1718.0,1664.0,1718.0,1718.0,1604.0,1423.0,1517.02,1455.64,1455.64,8,除外,100.0,81.52,6.36,69.5,1575.12,1413.64,1285.8,+2.27σ,0.95,長い下ヒゲ（ハンマー）,なし,買い,底固め,1,0.0,1604.0,1946.0,2.0,%K反転、%D方向改善、長い下ヒゲ反転、直近下落なし（B以下に制限）、直近安値切り上げ、BB幅収縮、RSI安値切り上げ、レンジ上限突破 / 信用需給: 信用データがデータなし、または売残0で信用倍率を算出不能,急騰済み（BB +2σ大幅超過）,https://finance.yahoo.co.jp/quote/8624.T,データなし,データなし,データなし,データなし,データなし,データなし,データなし,データなし,8.0,0,0,8.0,391,391,信用需給は判定不能,信用データがデータなし、または売残0で信用倍率を算出不能
2026-08-20,7198,ＳＢＩアルヒ,プライム,832.0,0.6,-1.19,-1.42,1.9,0.83,14.39,849.0,836.0,824.0,849.0,849.0,822.0,792.0,802.05,784.8,784.8,8,B,40.0,74.06,8.92,56.13,816.48,807.57,850.8,+0.74σ,0.89,陰線→陽線 / はらみ足 / 2～5日下落後の陽線,通常,買い,アンチ,1,0.0,810.41,875.18,2.0,直近2～5日まで下落、%K反転、%D方向改善、2～5日下落後の陽線 / 信用需給: 信用データがデータなし、または売残0で信用倍率を算出不能,,https://finance.yahoo.co.jp/quote/7198.T,データなし,データなし,データなし,データなし,データなし,データなし,データなし,データなし,8.0,0,0,8.0,391,391,信用需給は判定不能,信用データがデータなし、または売残0で信用倍率を算出不能
2026-08-20,7071,アンビスホールディングス,プライム,430.0,2.63,3.37,10.54,10.9,1.21,16.59,432.0,431.0,411.0,432.0,432.0,385.0,360.0,371.03,352.4,352.4,8,除外,96.15,73.22,12.17,70.79,387.72,366.52,428.62,+2.17σ,1.04,陰線→陽線 / 前日安値割れ反転,通常,買い,底固め / アンチ,2,0.0,385.0,520.0,2.0,%K反転、%D方向改善、長い下ヒゲ反転、直近下落なし（B以下に制限）、直近安値切り上げ、BB幅収縮、RSI安値切り上げ / 信用需給: 信用データがデータなし、または売残0で信用倍率を算出不能,急騰済み（25日線上方乖離）,https://finance.yahoo.co.jp/quote/7071.T,データなし,データなし,データなし,データなし,データなし,データなし,データなし,データなし,8.0,0,0,8.0,391,391,信用需給は判定不能,信用データがデータなし、または売残0で信用倍率を算出不能
2026-08-20,7746,岡本硝子,スタンダード,753.0,0.8,-1.95,3.86,0.91,0.48,31.31,747.0,755.0,740.0,755.0,780.0,725.0,701.0,723.64,707.22,707.22,8,B,46.88,51.6,-0.08,49.47,746.24,796.72,778.41,+0.79σ,0.49,強気包み足,なし,買い,底固め,1,0.0,706.03,846.93,2.0,%K反転、陽の包み足、直近下落なし（B以下に制限）、直近安値切り上げ、ATR低下、BB幅収縮、RSI安値切り上げ / 信用需給: 信用データがデータなし、または売残0で信用倍率を算出不能,,https://finance.yahoo.co.jp/quote/7746.T,データなし,データなし,データなし,データなし,データなし,データなし,データなし,データなし,8.0,0,0,8.0,391,391,信用需給は判定不能,信用データがデータなし、または売残0で信用倍率を算出不能
2026-08-20,3054,ハイパー,スタンダード,373.0,3.61,54.77,58.72,45.98,1.95,17.41,361.0,379.0,345.0,379.0,379.0,236.0,234.0,218.57,178.09,178.09,8,除外,95.86,48.15,27.25,86.64,255.52,244.64,267.47,+2.82σ,1.63,強気包み足,なし,買い,底固め,1,0.0,236.0,647.0,2.0,%D方向改善、陽の包み足、出来高増加を伴う反転、直近下落なし（B以下に制限）、直近安値切り上げ、RSI安値切り上げ、レンジ上限突破 / 信用需給: 信用データがデータなし、または売残0で信用倍率を算出不能,急騰済み（3営業日急騰、5営業日急騰、25日線上方乖離、高RSI、BB +2σ大幅超過）,https://finance.yahoo.co.jp/quote/3054.T,データなし,データなし,データなし,データなし,データなし,データなし,データなし,データなし,8.0,0,0,8.0,391,391,信用需給は判定不能,信用データがデータなし、または売残0で信用倍率を算出不能
2026-08-20,7184,富山第一銀行,プライム,3125.0,0.81,-3.99,-4.29,2.82,0.77,143.13,3245.0,3155.0,3045.0,3245.0,3370.0,3045.0,2765.0,2952.81,2824.23,2824.23,8,B,32.05,68.99,-0.47,54.78,3039.16,2720.89,2365.04,+0.34σ,0.81,陰線→陽線 / 前日安値割れ反転 / 2～5日下落後の陽線,なし,買い,底固め,1,0.0,2910.31,3554.38,2.0,直近2～5日まで下落、長い下ヒゲ反転、2～5日下落後の陽線、直近安値切り上げ、BB幅収縮、RSI安値切り上げ / 信用需給: 信用データがデータなし、または売残0で信用倍率を算出不能,,https://finance.yahoo.co.jp/quote/7184.T,データなし,データなし,データなし,データなし,データなし,データなし,データなし,データなし,8.0,0,0,8.0,391,391,信用需給は判定不能,信用データがデータなし、または売残0で信用倍率を算出不能
2026-08-20,4887,サワイグループホールディングス,プライム,1645.0,2.24,2.81,0.34,-0.18,1.08,39.29,1622.5,1647.0,1604.5,1647.0,1647.0,1599.0,1550.5,1606.22,1573.13,1573.13,8,B,89.92,42.96,12.23,49.54,1647.98,1727.09,2021.91,+0.17σ,1.08,陰線→陽線 / 2～5日下落後の陽線,強,買い,アンチ,1,0.0,1586.06,1762.88,2.0,直近2～5日まで下落、%K反転、%D方向改善、2～5日下落後の陽線 / 信用需給: 信用データがデータなし、または売残0で信用倍率を算出不能,,https://finance.yahoo.co.jp/quote/4887.T,データなし,データなし,データなし,データなし,データなし,データなし,データなし,データなし,8.0,0,0,8.0,391,391,信用需給は判定不能,信用データがデータなし、または売残0で信用倍率を算出不能
2026-08-20,2337,いちご,プライム,407.0,0.99,0.0,-0.49,-1.6,0.6,8.35,406.0,407.0,402.0,407.0,408.0,401.0,389.0,397.61,384.68,384.68,8,B,70.0,60.74,20.04,43.85,413.6,440.61,439.24,-0.27σ,0.72,なし,通常,買い,底固め / アンチ,2,0.0,394.47,432.06,2.0,直近2～5日まで下落、%K反転、%D方向改善、直近安値切り上げ、ATR低下、RSI安値切り上げ / 信用需給: 信用データがデータなし、または売残0で信用倍率を算出不能,,https://finance.yahoo.co.jp/quote/2337.T,データなし,データなし,データなし,データなし,データなし,データなし,データなし,データなし,8.0,0,0,8.0,391,391,信用需給は判定不能,信用データがデータなし、または売残0で信用倍率を算出不能
2026-08-20,4912,ライオン,プライム,1909.5,3.5,1.19,1.06,8.41,1.43,50.24,1861.5,1917.0,1845.0,1917.0,1917.0,1820.5,1645.0,1689.91,1599.1,1599.1,8,B,89.0,75.66,10.42,66.53,1761.44,1676.16,1665.14,+1.42σ,1.3,陰線→陽線 / 2～5日下落後の陽線,強,買い,アンチ,1,0.0,1820.5,2087.5,2.0,直近2～5日まで下落、%K反転、%D方向改善、2～5日下落後の陽線 / 信用需給: 信用データがデータなし、または売残0で信用倍率を算出不能,,https://finance.yahoo.co.jp/quote/4912.T,データなし,データなし,データなし,データなし,データなし,データなし,データなし,データなし,8.0,0,0,8.0,391,391,信用需給は判定不能,信用データがデータなし、または売残0で信用倍率を算出不能
2026-08-20,9256,サクシード,グロース,1148.0,-0.61,-8.09,-4.33,-43.16,0.2,258.25,1195.0,1191.0,1140.0,1195.0,1248.0,1140.0,1140.0,1055.07,643.7,643.7,8,B,3.29,19.82,0.77,30.99,2019.76,2671.81,1508.5,-0.77σ,0.12,なし,通常,買い,アンチ,1,0.0,760.63,1922.74,2.0,直近2～5日まで下落、ストキャス売られ過ぎから反転、%K反転 / 信用需給: 信用データがデータなし、または売残0で信用倍率を算出不能,,https://finance.yahoo.co.jp/quote/9256.T,データなし,データなし,データなし,データなし,データなし,データなし,データなし,データなし,8.0,0,0,8.0,391,391,信用需給は判定不能,信用データがデータなし、または売残0で信用倍率を算出不能
2026-08-20,1820,西松建設,プライム,5482.0,1.54,-0.81,-0.69,2.05,0.72,103.8,5500.0,5482.0,5407.0,5500.0,5587.0,5368.0,5161.0,5298.98,5206.55,5206.55,8,B,52.05,69.02,6.63,56.36,5371.64,5397.43,5686.2,+0.98σ,1.02,陰線→陽線 / はらみ足 / 2～5日下落後の陽線,通常,買い,アンチ,1,0.0,5326.3,5793.4,2.0,直近2～5日まで下落、%K反転、%D方向改善、2～5日下落後の陽線 / 信用需給: 信用データがデータなし、または売残0で信用倍率を算出不能,,https://finance.yahoo.co.jp/quote/1820.T,データなし,データなし,データなし,データなし,データなし,データなし,データなし,データなし,8.0,0,0,8.0,391,391,信用需給は判定不能,信用データがデータなし、または売残0で信用倍率を算出不能
2026-08-20,8185,チヨダ,プライム,1059.0,2.42,2.62,2.82,4.7,1.8,12.75,1042.0,1060.0,1037.0,1060.0,1060.0,1026.0,984.0,996.24,977.28,977.28,8,除外,97.87,89.2,20.74,74.19,1011.44,978.73,1023.28,+2.31σ,1.4,陰線→陽線,強,買い,底固め / アンチ,2,0.0,1026.0,1125.0,2.0,%K反転、%D方向改善、出来高増加を伴う反転、直近下落なし（B以下に制限）、直近安値切り上げ、RSI安値切り上げ、レンジ上限突破 / 信用需給: 信用データがデータなし、または売残0で信用倍率を算出不能,急騰済み（高RSI、BB +2σ大幅超過）,https://finance.yahoo.co.jp/quote/8185.T,データなし,データなし,データなし,データなし,データなし,データなし,データなし,データなし,8.0,0,0,8.0,391,391,信用需給は判定不能,信用データがデータなし、または売残0で信用倍率を算出不能
2026-08-20,3916,デジタル・インフォメーション・テクノロジー,プライム,980.0,1.87,1.98,2.3,3.11,0.78,21.79,970.0,980.0,963.0,980.0,980.0,952.0,907.0,926.16,905.97,905.97,8,B,86.89,61.95,14.9,62.72,950.4,889.6,1062.5,+1.67σ,1.63,陰線→陽線,なし,買い,底固め,1,0.0,947.31,1045.38,2.0,%K反転、%D方向改善、出来高増加を伴う反転、直近下落なし（B以下に制限）、直近安値切り上げ、BB幅収縮、RSI安値切り上げ / 信用需給: 信用データがデータなし、または売残0で信用倍率を算出不能,,https://finance.yahoo.co.jp/quote/3916.T,データなし,データなし,データなし,データなし,データなし,データなし,データなし,データなし,8.0,0,0,8.0,391,391,信用需給は判定不能,信用データがデータなし、または売残0で信用倍率を算出不能
2026-08-20,8219,青山商事,プライム,760.0,0.66,1.33,2.01,2.9,0.86,13.9,762.0,764.0,752.0,764.0,764.0,741.0,717.0,731.19,718.78,718.78,8,B,83.33,70.19,17.18,63.77,738.56,714.29,786.48,+1.32σ,0.65,陰線→陽線 / 長い下ヒゲ（ハンマー）,通常,買い,底固め / アンチ,2,0.0,739.14,801.71,2.0,%K反転、%D方向改善、長い下ヒゲ反転、直近下落なし（B以下に制限）、直近安値切り上げ、BB幅収縮、RSI安値切り上げ / 信用需給: 信用データがデータなし、または売残0で信用倍率を算出不能,,https://finance.yahoo.co.jp/quote/8219.T,データなし,データなし,データなし,データなし,データなし,データなし,データなし,データなし,8.0,0,0,8.0,391,391,信用需給は判定不能,信用データがデータなし、または売残0で信用倍率を算出不能
2026-08-20,8337,千葉興業銀行,プライム,2658.0,0.57,-4.15,-3.84,-0.09,0.6,96.28,2779.0,2680.0,2622.0,2779.0,2855.0,2622.0,2485.0,2590.37,2509.68,2509.68,8,B,14.75,64.95,0.96,50.62,2660.48,2471.49,2122.56,-0.16σ,0.92,陰線→陽線 / 前日安値割れ反転 / 2～5日下落後の陽線,なし,買い,底固め,1,0.0,2513.57,2946.85,2.0,直近2～5日まで下落、長い下ヒゲ反転、2～5日下落後の陽線、直近安値切り上げ、BB幅収縮、RSI安値切り上げ / 信用需給: 信用データがデータなし、または売残0で信用倍率を算出不能,,https://finance.yahoo.co.jp/quote/8337.T,データなし,データなし,データなし,データなし,データなし,データなし,データなし,データなし,8.0,0,0,8.0,391,391,信用需給は判定不能,信用データがデータなし、または売残0で信用倍率を算出不能
2026-08-20,9042,阪急阪神ホールディングス,プライム,4683.0,0.99,1.04,0.84,-0.23,0.77,113.92,4693.0,4729.0,4641.0,4729.0,4729.0,4589.0,4428.0,4525.65,4358.54,4358.54,8,B,72.29,58.13,19.82,52.43,4693.8,4582.12,4378.9,-0.06σ,0.58,陰線→陽線 / 2～5日下落後の陽線,通常,買い,アンチ,1,0.0,4512.12,5024.76,2.0,直近2～5日まで下落、%K反転、%D方向改善、2～5日下落後の陽線 / 信用需給: 信用データがデータなし、または売残0で信用倍率を算出不能,,https://finance.yahoo.co.jp/quote/9042.T,データなし,データなし,データなし,データなし,データなし,データなし,データなし,データなし,8.0,0,0,8.0,391,391,信用需給は判定不能,信用データがデータなし、または売残0で信用倍率を算出不能
2026-08-20,6969,松尾電機,スタンダード,996.0,-0.4,-8.37,-5.59,-7.36,0.26,89.41,1025.0,1004.0,981.0,1025.0,1110.0,981.0,901.0,983.35,901.81,901.81,8,B,12.25,42.54,-20.39,41.57,1075.12,1447.87,1130.18,-0.84σ,0.55,陰線→陽線 / 長い下ヒゲ（ハンマー） / 2～5日下落後の陽線,なし,買い,底固め,1,0.0,861.88,1264.24,2.0,直近2～5日まで下落、長い下ヒゲ反転、2～5日下落後の陽線、直近安値切り上げ、BB幅収縮、RSI安値切り上げ / 信用需給: 信用データがデータなし、または売残0で信用倍率を算出不能,,https://finance.yahoo.co.jp/quote/6969.T,データなし,データなし,データなし,データなし,データなし,データなし,データなし,データなし,8.0,0,0,8.0,391,391,信用需給は判定不能,信用データがデータなし、または売残0で信用倍率を算出不能
2026-08-20,4151,協和キリン,プライム,2625.0,1.37,3.29,0.48,1.26,0.67,60.83,2600.0,2650.5,2610.0,2650.5,2650.5,2529.0,2422.5,2515.33,2451.39,2451.39,8,B,79.01,70.68,16.49,55.49,2592.36,2508.44,2508.64,+0.72σ,1.28,なし,なし,買い,底固め,1,0.0,2529.0,2817.0,2.0,直近2～5日まで下落、%K反転、%D方向改善、直近安値切り上げ、RSI安値切り上げ、レンジ上限突破 / 信用需給: 信用データがデータなし、または売残0で信用倍率を算出不能,,https://finance.yahoo.co.jp/quote/4151.T,データなし,データなし,データなし,データなし,データなし,データなし,データなし,データなし,8.0,0,0,8.0,391,391,信用需給は判定不能,信用データがデータなし、または売残0で信用倍率を算出不能
2026-08-20,3962,チェンジホールディングス,プライム,1013.0,4.33,4.33,2.01,5.45,1.23,26.84,992.0,1013.0,980.0,1013.0,1013.0,925.0,907.0,936.36,912.26,912.26,8,B,100.0,74.7,11.04,62.38,960.6,939.19,983.19,+2.18σ,1.17,陰線→陽線 / 2～5日下落後の陽線,強,買い,アンチ,1,0.0,925.0,1189.0,2.0,直近2～5日まで下落、%K反転、%D方向改善、2～5日下落後の陽線 / 信用需給: 信用データがデータなし、または売残0で信用倍率を算出不能,,https://finance.yahoo.co.jp/quote/3962.T,データなし,データなし,データなし,データなし,データなし,データなし,データなし,データなし,8.0,0,0,8.0,391,391,信用需給は判定不能,信用データがデータなし、または売残0で信用倍率を算出不能
2026-08-20,6332,月島ホールディングス,プライム,2736.0,3.4,-1.69,-0.11,1.16,1.0,81.03,2755.0,2736.0,2655.0,2755.0,2825.0,2646.0,2622.0,2678.63,2634.3,2634.3,8,B,50.28,54.11,-7.02,52.26,2704.72,2701.79,2842.83,+0.29σ,0.92,陰線→陽線 / はらみ足,なし,買い,BB逆張り,1,0.0,2614.45,2979.1,2.0,BB -1σ以下から反発、ストキャス売られ過ぎから反転、%K反転、直近下落なし（B以下に制限） / 信用需給: 信用データがデータなし、または売残0で信用倍率を算出不能,,https://finance.yahoo.co.jp/quote/6332.T,データなし,データなし,データなし,データなし,データなし,データなし,データなし,データなし,8.0,0,0,8.0,391,391,信用需給は判定不能,信用データがデータなし、または売残0で信用倍率を算出不能
2026-08-20,4523,エーザイ,プライム,4962.0,2.58,4.93,1.85,5.07,0.63,141.94,4875.0,5040.0,4950.0,5040.0,5040.0,4686.0,4476.0,4647.53,4495.41,4495.41,8,B,77.97,63.33,11.6,61.57,4722.76,4330.99,4586.21,+1.07σ,1.0,陰線→陽線 / 2～5日下落後の陽線,強,買い,アンチ,1,0.0,4686.0,5514.0,2.0,直近2～5日まで下落、%K反転、%D方向改善、2～5日下落後の陽線 / 信用需給: 信用データがデータなし、または売残0で信用倍率を算出不能,,https://finance.yahoo.co.jp/quote/4523.T,データなし,データなし,データなし,データなし,データなし,データなし,データなし,データなし,8.0,0,0,8.0,391,391,信用需給は判定不能,信用データがデータなし、または売残0で信用倍率を算出不能
2026-08-20,4544,Ｈ．Ｕ．グループホールディングス,プライム,3632.0,1.54,2.54,1.06,4.89,0.49,97.48,3615.0,3660.0,3612.0,3660.0,3660.0,3525.0,3273.0,3372.77,3259.84,3259.84,8,B,69.2,64.38,12.35,61.07,3462.52,3321.16,3343.09,+1.30σ,0.72,陰線→陽線 / 2～5日下落後の陽線,強,買い,アンチ,1,0.0,3485.77,3924.45,2.0,直近2～5日まで下落、%K反転、%D方向改善、2～5日下落後の陽線 / 信用需給: 信用データがデータなし、または売残0で信用倍率を算出不能,,https://finance.yahoo.co.jp/quote/4544.T,データなし,データなし,データなし,データなし,データなし,データなし,データなし,データなし,8.0,0,0,8.0,391,391,信用需給は判定不能,信用データがデータなし、または売残0で信用倍率を算出不能
2026-08-20,4165,プレイド,グロース,748.0,6.1,7.01,25.93,23.38,1.04,31.66,733.0,758.0,725.0,758.0,758.0,603.0,533.0,551.07,490.48,490.48,8,除外,94.12,84.76,12.13,74.7,606.24,555.89,664.29,+2.25σ,1.55,陰線→陽線,通常,買い,底固め / アンチ,2,0.0,603.0,1038.0,2.0,%K反転、%D方向改善、出来高増加を伴う反転、直近下落なし（B以下に制限）、直近安値切り上げ、RSI安値切り上げ、レンジ上限突破 / 信用需給: 信用データがデータなし、または売残0で信用倍率を算出不能,急騰済み（5営業日急騰、25日線上方乖離、高RSI、BB +2σ大幅超過）,https://finance.yahoo.co.jp/quote/4165.T,データなし,データなし,データなし,データなし,データなし,データなし,データなし,データなし,8.0,0,0,8.0,391,391,信用需給は判定不能,信用データがデータなし、または売残0で信用倍率を算出不能
2026-08-20,4194,ビジョナル,プライム,9323.0,3.16,2.86,3.02,5.34,0.83,309.26,9229.0,9337.0,9081.0,9337.0,9337.0,8941.0,8191.0,8687.35,8414.91,8414.91,8,B,81.83,64.35,6.85,62.02,8850.16,8084.97,8534.55,+1.33σ,0.79,陰線→陽線 / 2～5日下落後の陽線,強,買い,アンチ,1,0.0,8859.11,10250.77,2.0,直近2～5日まで下落、%K反転、%D方向改善、2～5日下落後の陽線 / 信用需給: 信用データがデータなし、または売残0で信用倍率を算出不能,,https://finance.yahoo.co.jp/quote/4194.T,データなし,データなし,データなし,データなし,データなし,データなし,データなし,データなし,8.0,0,0,8.0,391,391,信用需給は判定不能,信用データがデータなし、または売残0で信用倍率を算出不能
2026-08-20,9090,ＡＺ－ＣＯＭ丸和ホールディングス,プライム,891.0,0.34,1.6,2.3,0.43,0.98,24.6,897.0,899.0,875.0,899.0,899.0,863.0,817.0,859.38,825.1,825.1,8,B,87.1,57.29,22.51,56.19,887.2,831.57,917.64,-0.08σ,0.61,前日安値割れ反転,通常,買い,底固め / アンチ,2,0.0,854.1,964.8,2.0,%K反転、%D方向改善、長い下ヒゲ反転、直近下落なし（B以下に制限）、直近安値切り上げ、BB幅収縮、RSI安値切り上げ / 信用需給: 信用データがデータなし、または売残0で信用倍率を算出不能,,https://finance.yahoo.co.jp/quote/9090.T,データなし,データなし,データなし,データなし,データなし,データなし,データなし,データなし,8.0,0,0,8.0,391,391,信用需給は判定不能,信用データがデータなし、または売残0で信用倍率を算出不能
2026-08-20,4527,ロート製薬,プライム,2867.0,2.21,4.25,0.92,12.33,0.87,84.63,2820.5,2878.5,2805.0,2878.5,2878.5,2725.5,2285.0,2355.46,2131.05,2131.05,8,除外,92.48,72.5,14.29,67.58,2552.22,2453.24,2467.85,+1.28σ,0.68,陰線→陽線 / 2～5日下落後の陽線,強,買い,アンチ,1,0.0,2725.5,3150.0,2.0,直近2～5日まで下落、%K反転、%D方向改善、2～5日下落後の陽線 / 信用需給: 信用データがデータなし、または売残0で信用倍率を算出不能,急騰済み（25日線上方乖離）,https://finance.yahoo.co.jp/quote/4527.T,データなし,データなし,データなし,データなし,データなし,データなし,データなし,データなし,8.0,0,0,8.0,391,391,信用需給は判定不能,信用データがデータなし、または売残0で信用倍率を算出不能
2026-08-20,5262,日本ヒューム,プライム,1149.0,2.22,2.13,-1.2,7.46,1.01,32.79,1151.0,1150.0,1117.0,1151.0,1158.0,1109.0,1010.0,1035.59,989.02,989.02,8,B,58.82,73.38,6.09,64.77,1069.24,1063.51,1288.3,+1.44σ,0.77,陰線→陽線 / はらみ足 / 2～5日下落後の陽線,通常,買い,アンチ,1,0.0,1099.81,1247.37,2.0,直近2～5日まで下落、%K反転、%D方向改善、2～5日下落後の陽線 / 信用需給: 信用データがデータなし、または売残0で信用倍率を算出不能,,https://finance.yahoo.co.jp/quote/5262.T,データなし,データなし,データなし,データなし,データなし,データなし,データなし,データなし,8.0,0,0,8.0,391,391,信用需給は判定不能,信用データがデータなし、または売残0で信用倍率を算出不能
2026-08-20,4443,Ｓａｎｓａｎ,プライム,2220.0,9.68,10.28,11.67,14.97,1.66,101.84,2045.0,2226.0,2057.0,2226.0,2226.0,1876.0,1708.0,1862.62,1762.69,1762.69,8,除外,98.29,57.76,11.85,71.28,1930.92,1653.84,1540.04,+2.58σ,1.38,陰線→陽線,なし,買い,底固め,1,0.0,1876.0,2908.0,2.0,%K反転、%D方向改善、出来高増加を伴う反転、直近下落なし（B以下に制限）、直近安値切り上げ、BB幅収縮、出来高減少後の増加、RSI安値切り上げ、レンジ上限突破 / 信用需給: 信用データがデータなし、または売残0で信用倍率を算出不能,急騰済み（当日急騰、25日線上方乖離、BB +2σ大幅超過）,https://finance.yahoo.co.jp/quote/4443.T,データなし,データなし,データなし,データなし,データなし,データなし,データなし,データなし,8.0,0,0,8.0,391,391,信用需給は判定不能,信用データがデータなし、または売残0で信用倍率を算出不能
2026-08-20,4344,ソースネクスト,プライム,118.0,4.42,4.42,7.27,6.88,1.31,3.82,115.0,118.0,113.0,118.0,118.0,108.0,105.0,108.78,106.51,106.51,8,除外,100.0,75.69,13.17,69.22,110.4,112.85,131.88,+3.06σ,2.01,陰線→陽線,通常,買い,底固め / アンチ,2,0.0,108.0,138.0,2.0,%K反転、%D方向改善、出来高増加を伴う反転、直近下落なし（B以下に制限）、直近安値切り上げ、BB幅収縮、RSI安値切り上げ、レンジ上限突破 / 信用需給: 信用データがデータなし、または売残0で信用倍率を算出不能,急騰済み（BB +2σ大幅超過）,https://finance.yahoo.co.jp/quote/4344.T,データなし,データなし,データなし,データなし,データなし,データなし,データなし,データなし,8.0,0,0,8.0,391,391,信用需給は判定不能,信用データがデータなし、または売残0で信用倍率を算出不能
2026-08-20,4419,Ｆｉｎａｔｅｘｔホールディングス,グロース,1369.0,3.4,7.37,7.88,-10.48,0.72,103.57,1335.0,1388.0,1313.0,1388.0,1388.0,1257.0,1252.0,1376.2,1251.31,1251.31,8,B,28.06,39.52,-13.64,44.26,1529.28,1378.93,1128.89,-1.06σ,0.85,なし,なし,買い,BB逆張り,1,0.0,1213.65,1679.71,2.0,BB -1σ以下から反発、ストキャス売られ過ぎから反転、%K反転、直近下落なし（B以下に制限） / 信用需給: 信用データがデータなし、または売残0で信用倍率を算出不能,,https://finance.yahoo.co.jp/quote/4419.T,データなし,データなし,データなし,データなし,データなし,データなし,データなし,データなし,8.0,0,0,8.0,391,391,信用需給は判定不能,信用データがデータなし、または売残0で信用倍率を算出不能
2026-08-20,4813,ＡＣＣＥＳＳ,プライム,447.0,9.02,10.37,6.43,19.54,1.28,29.6,434.0,447.0,409.0,447.0,447.0,392.0,327.0,342.29,302.78,302.78,8,除外,100.0,69.56,4.99,62.3,373.92,417.2,514.62,+1.65σ,0.75,陰線→陽線 / 2～5日下落後の陽線,強,買い,アンチ,1,0.0,392.0,557.0,2.0,直近2～5日まで下落、%K反転、%D方向改善、2～5日下落後の陽線 / 信用需給: 信用データがデータなし、または売残0で信用倍率を算出不能,急騰済み（当日急騰、25日線上方乖離）,https://finance.yahoo.co.jp/quote/4813.T,データなし,データなし,データなし,データなし,データなし,データなし,データなし,データなし,8.0,0,0,8.0,391,391,信用需給は判定不能,信用データがデータなし、または売残0で信用倍率を算出不能
2026-08-20,5631,日本製鋼所,プライム,7771.0,-0.74,-3.49,-2.55,1.16,0.64,318.39,8149.0,7863.0,7660.0,8149.0,8477.0,7660.0,6989.0,7470.25,7239.74,7239.74,8,B,20.67,68.93,-8.15,49.79,7682.04,7870.97,8710.0,+0.30σ,0.72,陰線→陽線 / 長い下ヒゲ（ハンマー） / 2～5日下落後の陽線,なし,買い,底固め,1,0.0,7293.41,8726.17,2.0,直近2～5日まで下落、長い下ヒゲ反転、2～5日下落後の陽線、直近安値切り上げ、ATR低下、BB幅収縮、RSI安値切り上げ / 信用需給: 信用データがデータなし、または売残0で信用倍率を算出不能,,https://finance.yahoo.co.jp/quote/5631.T,データなし,データなし,データなし,データなし,データなし,データなし,データなし,データなし,8.0,0,0,8.0,391,391,信用需給は判定不能,信用データがデータなし、または売残0で信用倍率を算出不能
2026-08-20,4502,武田薬品工業,プライム,5825.0,0.97,5.66,4.79,4.75,0.81,127.69,5815.0,5840.0,5737.0,5840.0,5840.0,5504.0,5225.0,5428.35,5266.95,5266.95,8,B,95.81,78.46,24.64,64.01,5560.6,5280.73,5181.36,+1.46σ,1.24,陰線→陽線 / 長い下ヒゲ（ハンマー）,通常,買い,底固め / アンチ,2,0.0,5504.0,6467.0,2.0,%K反転、%D方向改善、長い下ヒゲ反転、直近下落なし（B以下に制限）、直近安値切り上げ、RSI安値切り上げ、レンジ上限突破 / 信用需給: 信用データがデータなし、または売残0で信用倍率を算出不能,,https://finance.yahoo.co.jp/quote/4502.T,データなし,データなし,データなし,データなし,データなし,データなし,データなし,データなし,8.0,0,0,8.0,391,391,信用需給は判定不能,信用データがデータなし、または売残0で信用倍率を算出不能
2026-08-20,4478,フリー,グロース,3855.0,11.26,15.07,35.55,39.83,1.9,192.0,3630.0,3870.0,3505.0,3870.0,3870.0,3115.0,2278.0,2434.82,2031.33,2031.33,8,除外,98.7,89.05,8.73,89.45,2756.84,2340.89,2542.26,+2.52σ,1.55,陰線→陽線,強,買い,底固め / アンチ,2,0.0,3115.0,5335.0,2.0,%K反転、%D方向改善、出来高増加を伴う反転、直近下落なし（B以下に制限）、直近安値切り上げ、RSI安値切り上げ、レンジ上限突破 / 信用需給: 信用データがデータなし、または売残0で信用倍率を算出不能,急騰済み（当日急騰、3営業日急騰、5営業日急騰、25日線上方乖離、高RSI、BB +2σ大幅超過、ストップ高に近い急騰）,https://finance.yahoo.co.jp/quote/4478.T,データなし,データなし,データなし,データなし,データなし,データなし,データなし,データなし,8.0,0,0,8.0,391,391,信用需給は判定不能,信用データがデータなし、または売残0で信用倍率を算出不能
2026-08-20,5423,東京製鐵,プライム,1696.0,-0.41,-1.22,-2.19,-2.28,1.03,43.5,1735.0,1734.0,1689.0,1735.0,1764.0,1689.0,1678.0,1703.73,1673.61,1673.61,8,B,9.33,45.52,1.23,43.7,1735.64,1726.97,1616.18,-1.26σ,0.81,なし,通常,買い,アンチ,1,0.0,1630.74,1826.51,2.0,直近2～5日まで下落、ストキャス売られ過ぎから反転、%K反転 / 信用需給: 信用データがデータなし、または売残0で信用倍率を算出不能,,https://finance.yahoo.co.jp/quote/5423.T,データなし,データなし,データなし,データなし,データなし,データなし,データなし,データなし,8.0,0,0,8.0,391,391,信用需給は判定不能,信用データがデータなし、または売残0で信用倍率を算出不能
2026-08-20,4396,システムサポートホールディングス,プライム,1414.0,1.14,2.99,0.93,19.02,0.68,47.08,1424.0,1423.0,1391.0,1424.0,1424.0,1341.0,1077.0,1085.18,956.72,956.72,8,除外,87.96,85.21,13.33,78.32,1188.04,1072.87,1230.4,+1.56σ,0.92,陰線→陽線 / はらみ足 / 2～5日下落後の陽線,通常,買い,アンチ,1,0.0,1341.0,1560.0,2.0,直近2～5日まで下落、%K反転、%D方向改善、2～5日下落後の陽線 / 信用需給: 信用データがデータなし、または売残0で信用倍率を算出不能,急騰済み（25日線上方乖離、高RSI）,https://finance.yahoo.co.jp/quote/4396.T,データなし,データなし,データなし,データなし,データなし,データなし,データなし,データなし,8.0,0,0,8.0,391,391,信用需給は判定不能,信用データがデータなし、または売残0で信用倍率を算出不能
2026-08-20,5889,Ｊａｐａｎ　Ｅｙｅｗｅａｒ　Ｈｏｌｄｉｎｇｓ,プライム,2598.0,2.65,2.44,-0.99,4.5,0.64,77.96,2541.0,2602.0,2552.0,2602.0,2602.0,2465.0,2368.0,2445.66,2384.72,2384.72,8,B,82.1,64.15,7.42,60.73,2486.08,2315.68,2132.36,+1.50σ,0.72,2～5日下落後の陽線,強,買い,アンチ,1,0.0,2465.0,2864.0,2.0,直近2～5日まで下落、%K反転、%D方向改善、2～5日下落後の陽線 / 信用需給: 信用データがデータなし、または売残0で信用倍率を算出不能,,https://finance.yahoo.co.jp/quote/5889.T,データなし,データなし,データなし,データなし,データなし,データなし,データなし,データなし,8.0,0,0,8.0,391,391,信用需給は判定不能,信用データがデータなし、または売残0で信用倍率を算出不能
2026-08-20,4413,ボードルア,プライム,3120.0,2.8,9.05,13.29,7.16,0.86,148.35,3290.0,3120.0,2992.0,3290.0,3290.0,2764.0,2604.0,2726.56,2589.42,2589.42,8,B,69.37,59.14,19.0,63.68,2911.52,2625.63,2364.84,+1.87σ,3.27,陰線→陽線 / 前日安値割れ反転,通常,買い,アンチ,1,0.0,2764.0,3832.0,2.0,%K反転、%D方向改善、長い下ヒゲ反転、出来高増加を伴う反転、直近下落なし（B以下に制限） / 信用需給: 信用データがデータなし、または売残0で信用倍率を算出不能,,https://finance.yahoo.co.jp/quote/4413.T,データなし,データなし,データなし,データなし,データなし,データなし,データなし,データなし,8.0,0,0,8.0,391,391,信用需給は判定不能,信用データがデータなし、または売残0で信用倍率を算出不能
2026-08-20,4714,リソー教育グループ,プライム,207.0,0.49,1.47,1.97,2.48,0.85,3.52,206.0,208.0,205.0,208.0,208.0,202.0,198.0,200.26,197.66,197.66,8,B,85.71,64.68,25.57,62.6,202.0,197.23,199.73,+1.60σ,1.32,強気包み足,なし,買い,底固め,1,0.0,201.73,217.55,2.0,%D方向改善、陽の包み足、出来高増加を伴う反転、直近下落なし（B以下に制限）、直近安値切り上げ、BB幅収縮、RSI安値切り上げ、レンジ上限突破 / 信用需給: 信用データがデータなし、または売残0で信用倍率を算出不能,,https://finance.yahoo.co.jp/quote/4714.T,データなし,データなし,データなし,データなし,データなし,データなし,データなし,データなし,8.0,0,0,8.0,391,391,信用需給は判定不能,信用データがデータなし、または売残0で信用倍率を算出不能
2026-08-20,4826,ＣＩＪ,プライム,539.0,2.08,0.56,1.89,4.22,0.99,12.17,537.0,539.0,527.0,539.0,539.0,525.0,482.0,508.51,496.72,496.72,8,B,95.65,87.09,13.18,64.99,517.2,501.09,512.02,+1.59σ,0.87,陰線→陽線 / 2～5日下落後の陽線,強,買い,アンチ,1,0.0,520.74,575.51,2.0,直近2～5日まで下落、%K反転、%D方向改善、2～5日下落後の陽線 / 信用需給: 信用データがデータなし、または売残0で信用倍率を算出不能,,https://finance.yahoo.co.jp/quote/4826.T,データなし,データなし,データなし,データなし,データなし,データなし,データなし,データなし,8.0,0,0,8.0,391,391,信用需給は判定不能,信用データがデータなし、または売残0で信用倍率を算出不能
2026-08-20,9107,川崎汽船,プライム,3174.0,0.54,3.32,9.32,10.67,0.82,83.35,3210.0,3191.0,3123.0,3210.0,3210.0,2923.5,2685.0,2777.89,2648.64,2648.64,8,除外,89.46,81.55,10.28,76.32,2868.02,2654.45,2461.85,+2.06σ,0.84,陰線→陽線 / 前日安値割れ反転,通常,買い,底固め / アンチ,2,0.0,2923.5,3675.0,2.0,%K反転、%D方向改善、長い下ヒゲ反転、直近下落なし（B以下に制限）、直近安値切り上げ、BB幅収縮、RSI安値切り上げ / 信用需給: 信用データがデータなし、または売残0で信用倍率を算出不能,急騰済み（25日線上方乖離、高RSI）,https://finance.yahoo.co.jp/quote/9107.T,データなし,データなし,データなし,データなし,データなし,データなし,データなし,データなし,8.0,0,0,8.0,391,391,信用需給は判定不能,信用データがデータなし、または売残0で信用倍率を算出不能
2026-08-20,7965,象印マホービン,プライム,1468.0,1.24,1.59,0.48,2.54,0.7,25.63,1450.0,1471.0,1453.0,1471.0,1471.0,1428.0,1381.0,1415.65,1390.65,1390.65,8,B,78.43,66.82,10.72,58.26,1431.64,1450.23,1553.68,+1.09σ,0.64,2～5日下落後の陽線,強,買い,アンチ,1,0.0,1428.0,1548.0,2.0,直近2～5日まで下落、%K反転、%D方向改善、2～5日下落後の陽線 / 信用需給: 信用データがデータなし、または売残0で信用倍率を算出不能,,https://finance.yahoo.co.jp/quote/7965.T,データなし,データなし,データなし,データなし,データなし,データなし,データなし,データなし,8.0,0,0,8.0,391,391,信用需給は判定不能,信用データがデータなし、または売残0で信用倍率を算出不能
2026-08-20,2121,ＭＩＸＩ,プライム,3510.0,2.03,6.2,6.85,12.03,0.74,93.97,3465.0,3535.0,3465.0,3535.0,3535.0,3250.0,2810.0,2963.03,2745.81,2745.81,8,除外,91.23,77.88,4.65,72.61,3133.04,2839.01,2770.26,+1.52σ,1.36,陰線→陽線,通常,買い,底固め / アンチ,2,0.0,3250.0,4030.0,2.0,%K反転、%D方向改善、出来高増加を伴う反転、直近下落なし（B以下に制限）、直近安値切り上げ、出来高減少後の増加、RSI安値切り上げ、レンジ上限突破 / 信用需給: 信用データがデータなし、または売残0で信用倍率を算出不能,急騰済み（25日線上方乖離、高RSI）,https://finance.yahoo.co.jp/quote/2121.T,データなし,データなし,データなし,データなし,データなし,データなし,データなし,データなし,8.0,0,0,8.0,391,391,信用需給は判定不能,信用データがデータなし、または売残0で信用倍率を算出不能
2026-08-20,7984,コクヨ,プライム,862.2,0.4,-0.29,-1.21,-1.17,0.93,16.44,866.2,872.5,857.2,872.5,872.5,845.1,839.1,861.36,846.56,846.56,8,B,46.09,39.45,3.51,48.28,872.41,832.66,870.17,-0.94σ,0.6,なし,通常,買い,アンチ,1,0.0,837.55,911.51,2.0,直近2～5日まで下落、BB -1σ以下から反発、%K反転、%D方向改善 / 信用需給: 信用データがデータなし、または売残0で信用倍率を算出不能,,https://finance.yahoo.co.jp/quote/7984.T,データなし,データなし,データなし,データなし,データなし,データなし,データなし,データなし,8.0,0,0,8.0,391,391,信用需給は判定不能,信用データがデータなし、または売残0で信用倍率を算出不能
2026-08-20,7595,アルゴグラフィックス,プライム,1343.0,2.05,0.52,1.97,2.01,0.66,27.3,1324.0,1344.0,1326.0,1344.0,1344.0,1305.0,1273.0,1292.32,1261.73,1261.73,8,B,85.19,57.59,12.1,58.59,1316.52,1287.33,1432.72,+0.66σ,0.83,陰線→陽線 / 2～5日下落後の陽線,強,買い,アンチ,1,0.0,1302.05,1424.9,2.0,直近2～5日まで下落、%K反転、%D方向改善、2～5日下落後の陽線 / 信用需給: 信用データがデータなし、または売残0で信用倍率を算出不能,,https://finance.yahoo.co.jp/quote/7595.T,データなし,データなし,データなし,データなし,データなし,データなし,データなし,データなし,8.0,0,0,8.0,391,391,信用需給は判定不能,信用データがデータなし、または売残0で信用倍率を算出不能
2026-08-20,7906,ヨネックス,スタンダード,2811.0,1.3,2.44,-0.46,6.33,1.04,110.49,2856.0,2845.0,2730.0,2856.0,2856.0,2704.0,2452.0,2544.28,2432.61,2432.61,8,B,43.31,61.03,11.14,65.82,2643.72,2487.73,3041.18,+1.39σ,0.57,陰線→陽線 / 強気包み足 / 前日安値割れ反転,なし,買い,底固め,1,0.0,2645.26,3142.48,2.0,%D方向改善、陽の包み足、長い下ヒゲ反転、直近下落なし（B以下に制限）、直近安値切り上げ、BB幅収縮、RSI安値切り上げ / 信用需給: 信用データがデータなし、または売残0で信用倍率を算出不能,,https://finance.yahoo.co.jp/quote/7906.T,データなし,データなし,データなし,データなし,データなし,データなし,データなし,データなし,8.0,0,0,8.0,391,391,信用需給は判定不能,信用データがデータなし、または売残0で信用倍率を算出不能
2026-08-20,7818,トランザクション,プライム,1261.0,5.79,5.26,7.05,3.14,1.63,35.53,1198.0,1261.0,1203.0,1261.0,1261.0,1167.0,1151.0,1180.95,1157.14,1157.14,8,除外,100.0,52.14,11.05,55.09,1222.56,1270.45,1195.8,+2.36σ,1.74,陰線→陽線,通常,買い,底固め / アンチ,2,0.0,1167.0,1449.0,2.0,%K反転、%D方向改善、出来高増加を伴う反転、直近下落なし（B以下に制限）、直近安値切り上げ、ATR低下、BB幅収縮、RSI安値切り上げ、レンジ上限突破 / 信用需給: 信用データがデータなし、または売残0で信用倍率を算出不能,急騰済み（BB +2σ大幅超過）,https://finance.yahoo.co.jp/quote/7818.T,データなし,データなし,データなし,データなし,データなし,データなし,データなし,データなし,8.0,0,0,8.0,391,391,信用需給は判定不能,信用データがデータなし、または売残0で信用倍率を算出不能
2026-08-20,8233,高島屋,プライム,2355.0,3.74,4.9,1.25,1.5,0.99,69.87,2273.5,2359.5,2290.0,2359.5,2359.5,2227.5,2192.0,2244.67,2203.74,2203.74,8,B,95.51,51.57,10.57,55.29,2320.2,2200.15,1981.62,+1.70σ,0.83,2～5日下落後の陽線,強,買い,アンチ,1,0.0,2227.5,2610.0,2.0,直近2～5日まで下落、%K反転、%D方向改善、2～5日下落後の陽線 / 信用需給: 信用データがデータなし、または売残0で信用倍率を算出不能,,https://finance.yahoo.co.jp/quote/8233.T,データなし,データなし,データなし,データなし,データなし,データなし,データなし,データなし,8.0,0,0,8.0,391,391,信用需給は判定不能,信用データがデータなし、または売残0で信用倍率を算出不能
2026-08-20,8316,三井住友フィナンシャルグループ,プライム,6546.0,-0.33,-5.38,-6.07,-4.54,0.66,183.69,6700.0,6589.0,6467.0,6700.0,7004.0,6467.0,6420.0,6623.62,6419.94,6419.94,8,B,13.91,62.64,1.47,42.53,6857.64,6436.81,5645.56,-1.38σ,0.78,なし,通常,買い,アンチ,1,0.0,6270.47,7097.06,2.0,直近2～5日まで下落、ストキャス売られ過ぎから反転、%K反転 / 信用需給: 信用データがデータなし、または売残0で信用倍率を算出不能,,https://finance.yahoo.co.jp/quote/8316.T,データなし,データなし,データなし,データなし,データなし,データなし,データなし,データなし,8.0,0,0,8.0,391,391,信用需給は判定不能,信用データがデータなし、または売残0で信用倍率を算出不能
2026-08-20,3196,ホットランドホールディングス,プライム,1674.0,0.9,3.02,2.64,3.14,1.2,29.2,1662.0,1677.0,1642.0,1677.0,1677.0,1578.0,1560.0,1592.03,1557.16,1557.16,8,B,96.97,68.02,25.99,63.88,1623.0,1601.97,1837.7,+1.35σ,0.75,長い下ヒゲ（ハンマー）,なし,買い,底固め,1,0.0,1578.0,1866.0,2.0,%K反転、%D方向改善、長い下ヒゲ反転、直近下落なし（B以下に制限）、直近安値切り上げ、RSI安値切り上げ、レンジ上限突破 / 信用需給: 信用データがデータなし、または売残0で信用倍率を算出不能,,https://finance.yahoo.co.jp/quote/3196.T,データなし,データなし,データなし,データなし,データなし,データなし,データなし,データなし,8.0,0,0,8.0,391,391,信用需給は判定不能,信用データがデータなし、または売残0で信用倍率を算出不能
2026-08-20,3395,サンマルクホールディングス,プライム,2478.0,1.1,1.85,2.78,-0.9,0.8,48.84,2457.0,2478.0,2439.0,2478.0,2478.0,2417.0,2290.0,2393.76,2301.43,2301.43,8,B,100.0,60.25,26.0,49.82,2500.48,2513.57,2705.88,-0.09σ,1.03,長い下ヒゲ（ハンマー）,なし,買い,底固め,1,0.0,2404.74,2624.53,2.0,%K反転、%D方向改善、長い下ヒゲ反転、直近下落なし（B以下に制限）、直近安値切り上げ、RSI安値切り上げ、レンジ上限突破 / 信用需給: 信用データがデータなし、または売残0で信用倍率を算出不能,,https://finance.yahoo.co.jp/quote/3395.T,データなし,データなし,データなし,データなし,データなし,データなし,データなし,データなし,8.0,0,0,8.0,391,391,信用需給は判定不能,信用データがデータなし、または売残0で信用倍率を算出不能
2026-08-20,3626,ＴＩＳＩ,プライム,3837.0,2.57,2.46,1.94,4.35,0.61,112.12,3790.0,3868.0,3800.0,3868.0,3868.0,3678.0,3368.0,3604.93,3482.82,3482.82,8,B,83.25,55.87,7.6,61.11,3676.92,3448.56,3972.05,+0.90σ,0.69,陰線→陽線 / 2～5日下落後の陽線,強,買い,アンチ,1,0.0,3668.82,4173.36,2.0,直近2～5日まで下落、%K反転、%D方向改善、2～5日下落後の陽線 / 信用需給: 信用データがデータなし、または売残0で信用倍率を算出不能,,https://finance.yahoo.co.jp/quote/3626.T,データなし,データなし,データなし,データなし,データなし,データなし,データなし,データなし,8.0,0,0,8.0,391,391,信用需給は判定不能,信用データがデータなし、または売残0で信用倍率を算出不能
2026-08-20,3465,ケイアイスター不動産,プライム,3850.0,2.39,-1.28,0.65,5.15,0.73,122.87,3895.0,3860.0,3770.0,3895.0,3895.0,3695.0,3395.0,3521.88,3385.0,3385.0,8,B,50.72,71.01,6.76,60.05,3661.6,3592.53,3372.52,+1.40σ,0.85,陰線→陽線 / はらみ足 / 2～5日下落後の陽線,通常,買い,アンチ,1,0.0,3665.69,4218.61,2.0,直近2～5日まで下落、%K反転、%D方向改善、2～5日下落後の陽線 / 信用需給: 信用データがデータなし、または売残0で信用倍率を算出不能,,https://finance.yahoo.co.jp/quote/3465.T,データなし,データなし,データなし,データなし,データなし,データなし,データなし,データなし,8.0,0,0,8.0,391,391,信用需給は判定不能,信用データがデータなし、または売残0で信用倍率を算出不能
2026-08-20,6592,マブチモーター,プライム,1751.5,1.74,-1.93,3.21,4.86,0.98,45.93,1767.5,1756.5,1711.5,1767.5,1822.0,1680.0,1600.5,1636.96,1589.17,1589.17,8,B,52.44,67.6,4.39,62.27,1670.38,1605.44,1551.13,+1.40σ,1.48,陰線→陽線 / 長い下ヒゲ（ハンマー） / 前日安値割れ反転,通常,買い,アンチ,1,0.0,1680.0,1894.5,2.0,%K反転、%D方向改善、長い下ヒゲ反転、出来高増加を伴う反転、直近下落なし（B以下に制限） / 信用需給: 信用データがデータなし、または売残0で信用倍率を算出不能,,https://finance.yahoo.co.jp/quote/6592.T,データなし,データなし,データなし,データなし,データなし,データなし,データなし,データなし,8.0,0,0,8.0,391,391,信用需給は判定不能,信用データがデータなし、または売残0で信用倍率を算出不能
2026-08-20,3668,コロプラ,プライム,440.0,6.02,6.02,6.02,10.11,2.21,11.75,418.0,442.0,416.0,442.0,442.0,410.0,376.0,387.18,371.86,371.86,8,除外,94.12,76.8,7.48,73.14,399.6,387.09,419.46,+2.45σ,2.25,陰線→陽線,強,買い,底固め / アンチ,2,0.0,410.0,500.0,2.0,%K反転、%D方向改善、出来高増加を伴う反転、直近下落なし（B以下に制限）、直近安値切り上げ、RSI安値切り上げ、レンジ上限突破 / 信用需給: 信用データがデータなし、または売残0で信用倍率を算出不能,急騰済み（25日線上方乖離、高RSI、BB +2σ大幅超過）,https://finance.yahoo.co.jp/quote/3668.T,データなし,データなし,データなし,データなし,データなし,データなし,データなし,データなし,8.0,0,0,8.0,391,391,信用需給は判定不能,信用データがデータなし、または売残0で信用倍率を算出不能
2026-08-20,8173,Ｊｏｓｈｉｎ,プライム,4260.0,3.15,4.41,5.06,7.98,1.35,155.87,4295.0,4280.0,4070.0,4295.0,4300.0,3975.0,3560.0,3894.27,3763.54,3763.54,8,B,88.57,57.15,3.03,65.2,3945.0,3588.39,3061.8,+1.80σ,0.96,陰線→陽線 / 前日安値割れ反転,強,買い,底固め / アンチ,2,0.0,3975.0,4830.0,2.0,%K反転、%D方向改善、長い下ヒゲ反転、直近下落なし（B以下に制限）、直近安値切り上げ、BB幅収縮、RSI安値切り上げ / 信用需給: 信用データがデータなし、または売残0で信用倍率を算出不能,,https://finance.yahoo.co.jp/quote/8173.T,データなし,データなし,データなし,データなし,データなし,データなし,データなし,データなし,8.0,0,0,8.0,391,391,信用需給は判定不能,信用データがデータなし、または売残0で信用倍率を算出不能
2026-08-20,2471,エスプール,プライム,304.0,4.47,2.36,2.7,9.43,1.07,8.45,299.0,306.0,297.0,306.0,306.0,289.0,261.0,267.32,254.83,254.83,8,除外,91.3,83.52,14.83,73.35,277.8,256.59,260.89,+1.94σ,1.54,なし,強,買い,底固め / アンチ,2,0.0,289.0,334.0,2.0,直近2～5日まで下落、%K反転、%D方向改善、直近安値切り上げ、RSI安値切り上げ、レンジ上限突破 / 信用需給: 信用データがデータなし、または売残0で信用倍率を算出不能,急騰済み（高RSI）,https://finance.yahoo.co.jp/quote/2471.T,データなし,データなし,データなし,データなし,データなし,データなし,データなし,データなし,8.0,0,0,8.0,391,391,信用需給は判定不能,信用データがデータなし、または売残0で信用倍率を算出不能
2026-08-20,2749,ＪＰホールディングス,プライム,660.0,2.33,2.64,0.46,4.44,0.88,13.58,654.0,660.0,648.0,660.0,660.0,638.0,607.0,619.43,604.16,604.16,8,B,79.49,60.18,18.4,63.72,631.92,617.08,662.44,+1.66σ,0.91,陰線→陽線 / 2～5日下落後の陽線,通常,買い,アンチ,1,0.0,638.0,704.0,2.0,直近2～5日まで下落、%K反転、%D方向改善、2～5日下落後の陽線 / 信用需給: 信用データがデータなし、または売残0で信用倍率を算出不能,,https://finance.yahoo.co.jp/quote/2749.T,データなし,データなし,データなし,データなし,データなし,データなし,データなし,データなし,8.0,0,0,8.0,391,391,信用需給は判定不能,信用データがデータなし、または売残0で信用倍率を算出不能
2026-08-20,3116,トヨタ紡織,プライム,2265.5,3.16,0.58,2.35,0.76,0.72,56.64,2256.0,2265.5,2224.5,2265.5,2267.0,2193.5,2105.0,2183.73,2116.23,2116.23,7,C,94.74,60.16,12.35,53.51,2248.5,2226.77,2451.61,+0.21σ,0.93,陰線→陽線,強,買い,アンチ,1,0.0,2180.54,2435.42,2.0,ストキャス売られ過ぎから反転、%K反転、%D方向改善、直近下落なし（B以下に制限） / 信用需給: 信用データがデータなし、または売残0で信用倍率を算出不能,,https://finance.yahoo.co.jp/quote/3116.T,データなし,データなし,データなし,データなし,データなし,データなし,データなし,データなし,7.0,0,0,7.0,460,460,信用需給は判定不能,信用データがデータなし、または売残0で信用倍率を算出不能
2026-08-20,4992,北興化学工業,スタンダード,2058.0,1.53,1.53,2.95,5.66,0.84,64.31,2033.0,2069.0,2015.0,2069.0,2069.0,1968.0,1731.0,1856.4,1771.69,1771.69,7,C,90.52,85.35,1.53,59.92,1947.8,1937.03,1791.31,+1.38σ,0.77,長い下ヒゲ（ハンマー）,強,買い,底固め / アンチ,2,0.0,1961.54,2250.92,2.0,%K反転、長い下ヒゲ反転、直近下落なし（B以下に制限）、直近安値切り上げ、ATR低下、RSI安値切り上げ、レンジ上限突破 / 信用需給: 信用データがデータなし、または売残0で信用倍率を算出不能,,https://finance.yahoo.co.jp/quote/4992.T,データなし,データなし,データなし,データなし,データなし,データなし,データなし,データなし,7.0,0,0,7.0,460,460,信用需給は判定不能,信用データがデータなし、または売残0で信用倍率を算出不能
2026-08-20,9072,ニッコンホールディングス,プライム,5509.0,1.18,1.44,2.7,4.24,0.51,194.26,5667.0,5523.0,5424.0,5667.0,5929.0,5289.0,4910.0,5075.58,4890.35,4890.35,7,C,41.5,70.87,-5.46,55.19,5284.72,5620.13,4550.76,+1.34σ,0.69,陰線→陽線 / 前日安値割れ反転,なし,買い,底固め,1,0.0,5217.61,6091.77,2.0,%K反転、長い下ヒゲ反転、直近下落なし（B以下に制限）、直近安値切り上げ、BB幅収縮、RSI安値切り上げ / 信用需給: 信用データがデータなし、または売残0で信用倍率を算出不能,,https://finance.yahoo.co.jp/quote/9072.T,データなし,データなし,データなし,データなし,データなし,データなし,データなし,データなし,7.0,0,0,7.0,460,460,信用需給は判定不能,信用データがデータなし、または売残0で信用倍率を算出不能
2026-08-20,6016,ジャパンエンジンコーポレーション,スタンダード,10130.0,4.11,1.81,3.16,8.02,1.3,631.21,10380.0,10740.0,9920.0,10740.0,10740.0,9520.0,8440.0,9133.83,8742.16,8742.16,7,C,61.64,64.37,-3.67,59.75,9377.6,9090.4,11736.2,+1.54σ,1.11,なし,なし,買い,底固め,1,0.0,9183.19,12023.62,2.0,直近2～5日まで下落、%K反転、直近安値切り上げ、BB幅収縮、RSI安値切り上げ / 信用需給: 信用データがデータなし、または売残0で信用倍率を算出不能,,https://finance.yahoo.co.jp/quote/6016.T,データなし,データなし,データなし,データなし,データなし,データなし,データなし,データなし,7.0,0,0,7.0,460,460,信用需給は判定不能,信用データがデータなし、または売残0で信用倍率を算出不能
2026-08-20,4385,メルカリ,プライム,4795.0,0.95,4.01,1.16,4.64,0.65,219.03,4779.0,4914.0,4771.0,4914.0,4914.0,4473.0,4163.0,4348.43,4117.15,4117.15,7,C,70.0,55.85,0.2,56.7,4582.28,4243.53,3603.77,+0.93σ,0.66,なし,強,買い,アンチ,1,0.0,4466.46,5452.08,2.0,ストキャス売られ過ぎから反転、%K反転、%D方向改善、直近下落なし（B以下に制限） / 信用需給: 信用データがデータなし、または売残0で信用倍率を算出不能,,https://finance.yahoo.co.jp/quote/4385.T,データなし,データなし,データなし,データなし,データなし,データなし,データなし,データなし,7.0,0,0,7.0,460,460,信用需給は判定不能,信用データがデータなし、または売残0で信用倍率を算出不能
2026-08-20,6460,セガサミーホールディングス,プライム,2781.0,1.26,1.87,4.8,3.99,0.61,95.12,2795.0,2793.0,2735.0,2795.0,2795.0,2655.5,2408.0,2616.14,2508.46,2508.46,7,C,67.09,43.91,5.32,60.41,2674.4,2410.77,2486.84,+0.53σ,0.6,陰線→陽線 / 強気包み足 / はらみ足,通常,買い,アンチ,1,0.0,2638.32,3066.37,2.0,%K反転、%D方向改善、陽の包み足、直近下落なし（B以下に制限） / 信用需給: 信用データがデータなし、または売残0で信用倍率を算出不能,,https://finance.yahoo.co.jp/quote/6460.T,データなし,データなし,データなし,データなし,データなし,データなし,データなし,データなし,7.0,0,0,7.0,460,460,信用需給は判定不能,信用データがデータなし、または売残0で信用倍率を算出不能
2026-08-20,4499,Ｓｐｅｅｅ,スタンダード,2764.0,2.29,8.61,19.65,21.49,1.62,147.56,2740.0,2940.0,2701.0,2940.0,2940.0,2281.0,2026.0,2112.76,1924.46,1924.46,7,除外,75.69,74.65,-4.93,71.52,2275.12,2538.17,2555.73,+2.46σ,3.88,強気包み足,なし,買い,底固め,1,0.0,2281.0,3730.0,2.0,陽の包み足、出来高増加を伴う反転、直近下落なし（B以下に制限）、直近安値切り上げ、ATR低下、RSI安値切り上げ、レンジ上限突破 / 信用需給: 信用データがデータなし、または売残0で信用倍率を算出不能,急騰済み（5営業日急騰、25日線上方乖離、BB +2σ大幅超過）,https://finance.yahoo.co.jp/quote/4499.T,データなし,データなし,データなし,データなし,データなし,データなし,データなし,データなし,7.0,0,0,7.0,460,460,信用需給は判定不能,信用データがデータなし、または売残0で信用倍率を算出不能
2026-08-20,8133,伊藤忠エネクス,プライム,2188.0,1.44,2.29,2.15,3.98,1.0,44.79,2185.0,2194.0,2149.0,2194.0,2200.0,2120.0,1999.0,2072.04,2028.47,2028.47,7,C,85.88,69.29,16.31,63.48,2104.24,2031.01,1970.68,+1.66σ,0.85,陰線→陽線 / 強気包み足,強,買い,アンチ,1,0.0,2120.0,2324.0,2.0,%K反転、%D方向改善、陽の包み足、直近下落なし（B以下に制限） / 信用需給: 信用データがデータなし、または売残0で信用倍率を算出不能,,https://finance.yahoo.co.jp/quote/8133.T,データなし,データなし,データなし,データなし,データなし,データなし,データなし,データなし,7.0,0,0,7.0,460,460,信用需給は判定不能,信用データがデータなし、または売残0で信用倍率を算出不能
2026-08-20,8070,東京産業,プライム,939.0,0.54,7.07,7.31,9.39,1.17,23.83,955.0,949.0,921.0,955.0,967.0,848.0,812.0,827.92,791.74,791.74,7,除外,76.47,80.92,5.96,72.88,858.36,830.0,917.76,+2.07σ,1.54,陰線→陽線 / 長い下ヒゲ（ハンマー） / 前日安値割れ反転,通常,買い,アンチ,1,0.0,848.0,1121.0,2.0,%K反転、長い下ヒゲ反転、出来高増加を伴う反転、直近下落なし（B以下に制限） / 信用需給: 信用データがデータなし、または売残0で信用倍率を算出不能,急騰済み（高RSI）,https://finance.yahoo.co.jp/quote/8070.T,データなし,データなし,データなし,データなし,データなし,データなし,データなし,データなし,7.0,0,0,7.0,460,460,信用需給は判定不能,信用データがデータなし、または売残0で信用倍率を算出不能
2026-08-20,7936,アシックス,プライム,4917.0,1.32,-4.49,3.17,0.54,0.74,211.16,4958.0,4917.0,4760.0,4958.0,5179.0,4721.0,4593.0,4757.39,4620.74,4620.74,7,C,34.3,55.73,-8.31,51.99,4890.72,4649.08,4316.88,+0.17σ,0.8,陰線→陽線 / 長い下ヒゲ（ハンマー） / 前日安値割れ反転,なし,買い,底固め,1,0.0,4600.26,5550.48,2.0,%K反転、長い下ヒゲ反転、直近下落なし（B以下に制限）、直近安値切り上げ、BB幅収縮、RSI安値切り上げ / 信用需給: 信用データがデータなし、または売残0で信用倍率を算出不能,,https://finance.yahoo.co.jp/quote/7936.T,データなし,データなし,データなし,データなし,データなし,データなし,データなし,データなし,7.0,0,0,7.0,460,460,信用需給は判定不能,信用データがデータなし、または売残0で信用倍率を算出不能
2026-08-20,1980,ダイダン,プライム,2747.0,3.12,-5.47,1.48,4.95,0.47,137.22,2753.0,2759.0,2694.0,2759.0,2948.0,2656.0,2292.0,2454.82,2297.78,2297.78,7,C,50.86,58.67,0.8,53.34,2617.52,2663.92,2692.31,+0.86σ,0.54,陰線→陽線 / 2～5日下落後の陽線,通常,買い,アンチ,1,0.0,2541.18,3158.65,2.0,直近2～5日まで下落、%K反転、2～5日下落後の陽線 / 信用需給: 信用データがデータなし、または売残0で信用倍率を算出不能,,https://finance.yahoo.co.jp/quote/1980.T,データなし,データなし,データなし,データなし,データなし,データなし,データなし,データなし,7.0,0,0,7.0,460,460,信用需給は判定不能,信用データがデータなし、または売残0で信用倍率を算出不能
2026-08-20,7979,松風,プライム,2364.0,0.81,1.33,-1.91,6.43,0.4,64.32,2385.0,2365.0,2339.0,2385.0,2391.0,2323.0,2017.0,2118.28,2007.67,2007.67,7,C,63.4,76.78,3.16,63.76,2221.16,2013.25,1884.86,+1.22σ,0.76,陰線→陽線 / はらみ足 / 2～5日下落後の陽線,通常,買い,アンチ,1,0.0,2267.51,2556.97,2.0,直近2～5日まで下落、%K反転、2～5日下落後の陽線 / 信用需給: 信用データがデータなし、または売残0で信用倍率を算出不能,,https://finance.yahoo.co.jp/quote/7979.T,データなし,データなし,データなし,データなし,データなし,データなし,データなし,データなし,7.0,0,0,7.0,460,460,信用需給は判定不能,信用データがデータなし、または売残0で信用倍率を算出不能
2026-08-20,1719,安藤・間,プライム,1886.0,1.34,-0.89,0.24,2.37,0.51,33.98,1885.5,1888.0,1870.5,1888.0,1913.0,1854.0,1772.0,1817.34,1786.09,1786.09,7,C,51.61,75.21,6.93,60.09,1842.42,1814.89,1889.17,+1.20σ,0.79,陰線→陽線 / 2～5日下落後の陽線,通常,買い,アンチ,1,0.0,1835.03,1987.95,2.0,直近2～5日まで下落、%K反転、2～5日下落後の陽線 / 信用需給: 信用データがデータなし、または売残0で信用倍率を算出不能,,https://finance.yahoo.co.jp/quote/1719.T,データなし,データなし,データなし,データなし,データなし,データなし,データなし,データなし,7.0,0,0,7.0,460,460,信用需給は判定不能,信用データがデータなし、または売残0で信用倍率を算出不能
2026-08-20,9348,ｉｓｐａｃｅ,グロース,432.0,1.17,-0.46,2.61,3.27,0.56,14.17,435.0,434.0,426.0,435.0,446.0,418.0,397.0,407.2,396.94,396.94,7,C,57.58,74.82,0.37,51.53,418.32,478.71,496.3,+1.42σ,0.45,陰線→陽線 / はらみ足 / 長い下ヒゲ（ハンマー）,通常,買い,底固め / アンチ,2,0.0,410.74,474.51,2.0,%K反転、長い下ヒゲ反転、直近下落なし（B以下に制限）、直近安値切り上げ、ATR低下、BB幅収縮、RSI安値切り上げ / 信用需給: 信用データがデータなし、または売残0で信用倍率を算出不能,,https://finance.yahoo.co.jp/quote/9348.T,データなし,データなし,データなし,データなし,データなし,データなし,データなし,データなし,7.0,0,0,7.0,460,460,信用需給は判定不能,信用データがデータなし、または売残0で信用倍率を算出不能
2026-08-20,9166,ＧＥＮＤＡ,グロース,802.0,9.26,6.23,13.44,25.27,1.95,37.87,752.0,828.0,754.0,828.0,828.0,691.0,567.0,584.92,516.38,516.38,7,除外,84.97,84.64,2.58,77.74,640.24,584.35,637.79,+2.17σ,3.64,陰線→陽線,強,買い,底固め / アンチ,2,0.0,691.0,1024.0,2.0,%K反転、出来高増加を伴う反転、直近下落なし（B以下に制限）、直近安値切り上げ、RSI安値切り上げ、レンジ上限突破 / 信用需給: 信用データがデータなし、または売残0で信用倍率を算出不能,急騰済み（当日急騰、25日線上方乖離、高RSI、ストップ高に近い急騰）,https://finance.yahoo.co.jp/quote/9166.T,データなし,データなし,データなし,データなし,データなし,データなし,データなし,データなし,7.0,0,0,7.0,460,460,信用需給は判定不能,信用データがデータなし、または売残0で信用倍率を算出不能
2026-08-20,9432,ＮＴＴ,プライム,161.4,1.25,-0.06,0.56,3.72,0.79,2.91,161.6,162.8,160.5,162.8,162.8,158.8,149.2,152.55,148.38,148.38,6,C,62.0,75.45,12.83,62.06,155.61,150.82,153.45,+1.12σ,0.77,なし,通常,買い,アンチ,1,0.0,157.04,170.12,2.0,直近2～5日まで下落、%K反転、%D方向改善 / 信用需給: 信用データがデータなし、または売残0で信用倍率を算出不能,,https://finance.yahoo.co.jp/quote/9432.T,データなし,データなし,データなし,データなし,データなし,データなし,データなし,データなし,6.0,0,0,6.0,475,475,信用需給は判定不能,信用データがデータなし、または売残0で信用倍率を算出不能
2026-08-20,9433,ＫＤＤＩ,プライム,2861.0,0.72,0.97,1.1,-1.23,0.49,73.17,2889.0,2888.5,2853.0,2889.0,2889.0,2809.0,2779.0,2829.02,2753.37,2753.37,6,C,61.08,38.57,10.46,49.99,2896.6,2761.77,2694.42,-0.58σ,0.79,はらみ足,なし,買い,底固め,1,0.0,2751.25,3080.51,2.0,%K反転、%D方向改善、直近下落なし（B以下に制限）、直近安値切り上げ、BB幅収縮、RSI安値切り上げ / 信用需給: 信用データがデータなし、または売残0で信用倍率を算出不能,,https://finance.yahoo.co.jp/quote/9433.T,データなし,データなし,データなし,データなし,データなし,データなし,データなし,データなし,6.0,0,0,6.0,475,475,信用需給は判定不能,信用データがデータなし、または売残0で信用倍率を算出不能
2026-08-20,9310,日本トランスシティ,プライム,1455.0,0.62,2.97,5.59,7.28,0.6,41.87,1473.0,1460.0,1435.0,1473.0,1473.0,1373.0,1240.0,1324.85,1271.59,1271.59,6,C,85.25,61.7,2.77,67.7,1356.32,1214.93,1207.54,+1.44σ,0.95,陰線→陽線 / はらみ足,通常,買い,底固め / アンチ,2,0.0,1373.0,1619.0,2.0,%K反転、%D方向改善、直近下落なし（B以下に制限）、直近安値切り上げ、BB幅収縮、RSI安値切り上げ / 信用需給: 信用データがデータなし、または売残0で信用倍率を算出不能,,https://finance.yahoo.co.jp/quote/9310.T,データなし,データなし,データなし,データなし,データなし,データなし,データなし,データなし,6.0,0,0,6.0,475,475,信用需給は判定不能,信用データがデータなし、または売残0で信用倍率を算出不能
2026-08-20,9418,Ｕ－ＮＥＸＴ　ＨＯＬＤＩＮＧＳ,プライム,1775.0,1.78,2.84,3.92,3.45,0.65,36.99,1771.0,1789.0,1765.0,1789.0,1789.0,1700.0,1645.0,1687.11,1652.62,1652.62,6,C,84.27,66.56,15.56,61.87,1715.84,1640.6,1778.75,+1.55σ,0.78,なし,通常,買い,底固め / アンチ,2,0.0,1700.0,1925.0,2.0,%K反転、%D方向改善、直近下落なし（B以下に制限）、直近安値切り上げ、RSI安値切り上げ、レンジ上限突破 / 信用需給: 信用データがデータなし、または売残0で信用倍率を算出不能,,https://finance.yahoo.co.jp/quote/9418.T,データなし,データなし,データなし,データなし,データなし,データなし,データなし,データなし,6.0,0,0,6.0,475,475,信用需給は判定不能,信用データがデータなし、または売残0で信用倍率を算出不能
2026-08-20,2220,亀田製菓,プライム,1338.0,0.45,-0.52,1.75,4.74,0.8,29.98,1347.0,1345.0,1321.0,1347.0,1347.0,1310.0,1208.0,1242.16,1200.17,1200.17,6,C,86.36,86.95,17.33,63.45,1277.44,1262.31,1326.2,+1.28σ,0.74,前日安値割れ反転,通常,買い,アンチ,1,0.0,1293.02,1427.95,2.0,%K反転、%D方向改善、長い下ヒゲ反転、直近下落なし（B以下に制限） / 信用需給: 信用データがデータなし、または売残0で信用倍率を算出不能,,https://finance.yahoo.co.jp/quote/2220.T,データなし,データなし,データなし,データなし,データなし,データなし,データなし,データなし,6.0,0,0,6.0,475,475,信用需給は判定不能,信用データがデータなし、または売残0で信用倍率を算出不能
2026-08-20,2222,寿スピリッツ,プライム,2702.5,0.04,-0.06,0.56,4.33,0.84,85.98,2768.5,2761.0,2689.0,2768.5,2768.5,2631.5,2352.5,2508.32,2421.16,2421.16,6,C,65.31,75.97,1.28,62.17,2590.32,2366.13,2069.62,+1.23σ,0.46,前日安値割れ反転,通常,買い,アンチ,1,0.0,2573.53,2960.43,2.0,%K反転、%D方向改善、長い下ヒゲ反転、直近下落なし（B以下に制限） / 信用需給: 信用データがデータなし、または売残0で信用倍率を算出不能,,https://finance.yahoo.co.jp/quote/2222.T,データなし,データなし,データなし,データなし,データなし,データなし,データなし,データなし,6.0,0,0,6.0,475,475,信用需給は判定不能,信用データがデータなし、または売残0で信用倍率を算出不能
2026-08-20,2267,ヤクルト本社,プライム,2931.0,2.13,3.19,1.61,3.48,1.03,72.08,2881.0,2976.0,2902.0,2976.0,2976.0,2816.0,2675.0,2786.56,2733.13,2733.13,6,C,71.88,65.43,3.33,61.34,2832.44,2782.75,2635.91,+1.70σ,1.08,なし,強,買い,アンチ,1,0.0,2816.0,3161.0,2.0,直近2～5日まで下落、%K反転、%D方向改善 / 信用需給: 信用データがデータなし、または売残0で信用倍率を算出不能,,https://finance.yahoo.co.jp/quote/2267.T,データなし,データなし,データなし,データなし,データなし,データなし,データなし,データなし,6.0,0,0,6.0,475,475,信用需給は判定不能,信用データがデータなし、または売残0で信用倍率を算出不能
2026-08-20,2292,Ｓ　Ｆｏｏｄｓ,プライム,2849.0,0.92,1.9,4.36,3.15,0.8,46.45,2829.0,2856.0,2819.0,2856.0,2856.0,2722.0,2635.0,2711.65,2651.84,2651.84,6,C,94.81,73.58,25.06,62.74,2762.04,2719.83,2809.08,+1.30σ,1.6,なし,なし,買い,底固め,1,0.0,2722.0,3103.0,2.0,%K反転、%D方向改善、直近下落なし（B以下に制限）、直近安値切り上げ、RSI安値切り上げ、レンジ上限突破 / 信用需給: 信用データがデータなし、または売残0で信用倍率を算出不能,,https://finance.yahoo.co.jp/quote/2292.T,データなし,データなし,データなし,データなし,データなし,データなし,データなし,データなし,6.0,0,0,6.0,475,475,信用需給は判定不能,信用データがデータなし、または売残0で信用倍率を算出不能
2026-08-20,9602,東宝,プライム,1547.0,0.78,3.2,4.88,4.55,0.58,48.86,1560.0,1570.0,1541.5,1570.0,1570.0,1463.5,1333.5,1448.94,1397.49,1397.49,6,C,79.65,62.2,15.05,61.73,1479.64,1356.18,1535.89,+0.91σ,0.64,なし,通常,買い,底固め / アンチ,2,0.0,1463.5,1714.0,2.0,%K反転、%D方向改善、直近下落なし（B以下に制限）、直近安値切り上げ、BB幅収縮、RSI安値切り上げ / 信用需給: 信用データがデータなし、または売残0で信用倍率を算出不能,,https://finance.yahoo.co.jp/quote/9602.T,データなし,データなし,データなし,データなし,データなし,データなし,データなし,データなし,6.0,0,0,6.0,475,475,信用需給は判定不能,信用データがデータなし、または売残0で信用倍率を算出不能
2026-08-20,1870,矢作建設工業,プライム,2107.0,1.1,-0.33,2.23,7.24,0.55,40.19,2120.0,2107.0,2085.0,2120.0,2131.0,2043.0,1865.0,1899.44,1815.19,1815.19,6,C,76.47,78.48,17.68,71.58,1964.84,1900.41,2126.24,+1.46σ,0.73,陰線→陽線 / はらみ足 / 長い下ヒゲ（ハンマー）,通常,買い,アンチ,1,0.0,2043.0,2235.0,2.0,%K反転、%D方向改善、長い下ヒゲ反転、直近下落なし（B以下に制限） / 信用需給: 信用データがデータなし、または売残0で信用倍率を算出不能,,https://finance.yahoo.co.jp/quote/1870.T,データなし,データなし,データなし,データなし,データなし,データなし,データなし,データなし,6.0,0,0,6.0,475,475,信用需給は判定不能,信用データがデータなし、または売残0で信用倍率を算出不能
2026-08-20,1887,日本国土開発,プライム,545.0,1.68,-0.73,4.01,4.13,1.0,9.95,544.0,546.0,536.0,546.0,550.0,522.0,507.0,514.09,503.24,503.24,6,C,80.65,81.19,0.39,61.54,523.36,535.96,570.71,+1.85σ,0.77,陰線→陽線,通常,買い,底固め / アンチ,2,0.0,522.0,591.0,2.0,%K反転、%D方向改善、直近下落なし（B以下に制限）、直近安値切り上げ、ATR低下、BB幅収縮、RSI安値切り上げ / 信用需給: 信用データがデータなし、または売残0で信用倍率を算出不能,,https://finance.yahoo.co.jp/quote/1887.T,データなし,データなし,データなし,データなし,データなし,データなし,データなし,データなし,6.0,0,0,6.0,475,475,信用需給は判定不能,信用データがデータなし、または売残0で信用倍率を算出不能
2026-08-20,1898,世紀東急工業,プライム,1502.0,1.14,1.21,2.11,1.74,0.72,19.32,1490.0,1504.0,1490.0,1504.0,1504.0,1459.0,1426.0,1458.3,1437.6,1437.6,6,C,96.36,61.18,18.89,59.96,1476.24,1454.21,1544.28,+1.11σ,0.75,陰線→陽線,通常,買い,底固め / アンチ,2,0.0,1459.0,1588.0,2.0,%K反転、%D方向改善、直近下落なし（B以下に制限）、直近安値切り上げ、RSI安値切り上げ、レンジ上限突破 / 信用需給: 信用データがデータなし、または売残0で信用倍率を算出不能,,https://finance.yahoo.co.jp/quote/1898.T,データなし,データなし,データなし,データなし,データなし,データなし,データなし,データなし,6.0,0,0,6.0,475,475,信用需給は判定不能,信用データがデータなし、または売残0で信用倍率を算出不能
2026-08-20,1808,長谷工コーポレーション,プライム,2798.0,1.14,-0.29,0.54,0.61,0.88,58.3,2821.0,2814.0,2762.5,2821.0,2826.0,2746.0,2632.5,2711.02,2649.36,2649.36,6,C,72.0,67.82,19.32,52.79,2781.0,2753.44,2911.98,+0.41σ,0.94,はらみ足,強,買い,アンチ,1,0.0,2710.54,2972.91,2.0,直近2～5日まで下落、%K反転、%D方向改善 / 信用需給: 信用データがデータなし、または売残0で信用倍率を算出不能,,https://finance.yahoo.co.jp/quote/1808.T,データなし,データなし,データなし,データなし,データなし,データなし,データなし,データなし,6.0,0,0,6.0,475,475,信用需給は判定不能,信用データがデータなし、または売残0で信用倍率を算出不能
2026-08-20,1822,大豊建設,スタンダード,810.0,1.12,0.25,1.5,2.65,0.7,12.88,805.0,810.0,801.0,810.0,810.0,796.0,765.0,775.56,762.07,762.07,6,C,80.65,72.73,20.06,61.95,789.12,764.32,782.57,+1.55σ,1.09,陰線→陽線,強,買い,底固め / アンチ,2,0.0,790.67,848.65,2.0,%K反転、%D方向改善、直近下落なし（B以下に制限）、直近安値切り上げ、BB幅収縮、RSI安値切り上げ / 信用需給: 信用データがデータなし、または売残0で信用倍率を算出不能,,https://finance.yahoo.co.jp/quote/1822.T,データなし,データなし,データなし,データなし,データなし,データなし,データなし,データなし,6.0,0,0,6.0,475,475,信用需給は判定不能,信用データがデータなし、または売残0で信用倍率を算出不能
2026-08-20,1662,石油資源開発,プライム,1844.0,0.55,1.32,3.02,4.87,0.51,52.68,1872.0,1861.0,1834.0,1872.0,1874.0,1768.0,1622.0,1723.16,1673.87,1673.87,6,C,71.7,77.82,16.37,61.54,1758.36,1770.93,1874.53,+1.45σ,0.6,はらみ足,通常,買い,底固め / アンチ,2,0.0,1764.98,2002.05,2.0,%K反転、%D方向改善、直近下落なし（B以下に制限）、直近安値切り上げ、BB幅収縮、RSI安値切り上げ / 信用需給: 信用データがデータなし、または売残0で信用倍率を算出不能,,https://finance.yahoo.co.jp/quote/1662.T,データなし,データなし,データなし,データなし,データなし,データなし,データなし,データなし,6.0,0,0,6.0,475,475,信用需給は判定不能,信用データがデータなし、または売残0で信用倍率を算出不能
2026-08-20,1663,Ｋ＆Ｏエナジーグループ,プライム,1928.0,0.94,-0.87,2.12,4.58,0.81,45.94,1913.0,1935.0,1898.0,1935.0,1950.0,1870.0,1765.0,1797.01,1745.43,1745.43,6,C,81.67,72.96,16.7,60.12,1843.6,1972.63,2096.82,+1.54σ,0.79,陰線→陽線 / 長い下ヒゲ（ハンマー）,通常,買い,アンチ,1,0.0,1859.09,2065.83,2.0,%K反転、%D方向改善、長い下ヒゲ反転、直近下落なし（B以下に制限） / 信用需給: 信用データがデータなし、または売残0で信用倍率を算出不能,,https://finance.yahoo.co.jp/quote/1663.T,データなし,データなし,データなし,データなし,データなし,データなし,データなし,データなし,6.0,0,0,6.0,475,475,信用需給は判定不能,信用データがデータなし、または売残0で信用倍率を算出不能
2026-08-20,8707,岩井コスモホールディングス,プライム,4550.0,2.94,4.84,3.06,5.92,1.11,117.32,4465.0,4550.0,4420.0,4550.0,4550.0,4265.0,3955.0,4173.21,4053.91,4053.91,6,C,100.0,72.79,-1.97,66.83,4295.8,4028.07,3652.14,+2.16σ,0.86,なし,なし,買い,底固め,1,0.0,4265.0,5120.0,2.0,%K反転、%D方向改善、直近下落なし（B以下に制限）、直近安値切り上げ、BB幅収縮、レンジ上限突破 / 信用需給: 信用データがデータなし、または売残0で信用倍率を算出不能,,https://finance.yahoo.co.jp/quote/8707.T,データなし,データなし,データなし,データなし,データなし,データなし,データなし,データなし,6.0,0,0,6.0,475,475,信用需給は判定不能,信用データがデータなし、または売残0で信用倍率を算出不能
2026-08-20,8708,アイザワ証券グループ,プライム,1750.0,1.51,2.04,1.45,4.32,0.74,37.78,1756.0,1750.0,1722.0,1756.0,1756.0,1705.0,1588.0,1654.93,1618.36,1618.36,6,C,92.11,67.25,0.79,67.39,1677.56,1543.37,1469.86,+1.60σ,0.65,はらみ足,強,買い,底固め / アンチ,2,0.0,1693.34,1863.33,2.0,%K反転、%D方向改善、直近下落なし（B以下に制限）、直近安値切り上げ、BB幅収縮、RSI安値切り上げ / 信用需給: 信用データがデータなし、または売残0で信用倍率を算出不能,,https://finance.yahoo.co.jp/quote/8708.T,データなし,データなし,データなし,データなし,データなし,データなし,データなし,データなし,6.0,0,0,6.0,475,475,信用需給は判定不能,信用データがデータなし、または売残0で信用倍率を算出不能
2026-08-20,8713,フィデアホールディングス,プライム,2676.0,0.6,-1.07,1.83,16.07,1.01,88.68,2785.0,2690.0,2600.0,2785.0,2800.0,2598.0,2075.0,2125.52,1891.33,1891.33,6,除外,67.11,87.89,4.4,74.38,2305.56,2090.15,1976.5,+1.35σ,0.72,陰線→陽線 / 前日安値割れ反転,通常,買い,アンチ,1,0.0,2542.99,2942.03,2.0,%K反転、%D方向改善、長い下ヒゲ反転、直近下落なし（B以下に制限） / 信用需給: 信用データがデータなし、または売残0で信用倍率を算出不能,急騰済み（25日線上方乖離、高RSI）,https://finance.yahoo.co.jp/quote/8713.T,データなし,データなし,データなし,データなし,データなし,データなし,データなし,データなし,6.0,0,0,6.0,475,475,信用需給は判定不能,信用データがデータなし、または売残0で信用倍率を算出不能
2026-08-20,8729,ソニーフィナンシャルグループ,プライム,157.3,1.61,1.09,2.28,0.69,0.77,3.39,155.7,157.5,154.9,157.5,157.5,152.8,149.8,153.49,151.12,151.12,6,C,84.21,48.94,9.9,56.73,156.22,147.52,151.46,+0.61σ,1.05,陰線→陽線,強,買い,底固め / アンチ,2,0.0,152.22,167.46,2.0,%K反転、%D方向改善、直近下落なし（B以下に制限）、直近安値切り上げ、BB幅収縮、RSI安値切り上げ / 信用需給: 信用データがデータなし、または売残0で信用倍率を算出不能,,https://finance.yahoo.co.jp/quote/8729.T,データなし,データなし,データなし,データなし,データなし,データなし,データなし,データなし,6.0,0,0,6.0,475,475,信用需給は判定不能,信用データがデータなし、または売残0で信用倍率を算出不能
2026-08-20,7366,ＬＩＴＡＬＩＣＯ,プライム,1869.0,2.64,1.36,3.89,10.23,1.07,61.44,1843.0,1878.0,1812.0,1878.0,1878.0,1750.0,1532.0,1600.81,1493.23,1493.23,6,除外,92.97,79.45,5.48,69.87,1695.56,1603.55,1392.8,+1.49σ,1.16,陰線→陽線 / 長い下ヒゲ（ハンマー）,強,買い,アンチ,1,0.0,1750.0,2107.0,2.0,%K反転、%D方向改善、長い下ヒゲ反転、直近下落なし（B以下に制限） / 信用需給: 信用データがデータなし、または売残0で信用倍率を算出不能,急騰済み（25日線上方乖離）,https://finance.yahoo.co.jp/quote/7366.T,データなし,データなし,データなし,データなし,データなし,データなし,データなし,データなし,6.0,0,0,6.0,475,475,信用需給は判定不能,信用データがデータなし、または売残0で信用倍率を算出不能
2026-08-20,8043,スターゼン,プライム,1537.0,1.12,2.54,3.22,11.83,0.6,34.79,1546.0,1545.0,1524.0,1546.0,1546.0,1472.0,1283.0,1310.12,1226.3,1226.3,6,除外,94.58,85.96,22.76,77.7,1374.36,1243.6,1252.4,+1.71σ,0.67,陰線→陽線 / はらみ足 / 長い下ヒゲ（ハンマー）,通常,買い,アンチ,1,0.0,1472.0,1667.0,2.0,%K反転、%D方向改善、長い下ヒゲ反転、直近下落なし（B以下に制限） / 信用需給: 信用データがデータなし、または売残0で信用倍率を算出不能,急騰済み（25日線上方乖離、高RSI）,https://finance.yahoo.co.jp/quote/8043.T,データなし,データなし,データなし,データなし,データなし,データなし,データなし,データなし,6.0,0,0,6.0,475,475,信用需給は判定不能,信用データがデータなし、または売残0で信用倍率を算出不能
2026-08-20,8057,内田洋行,プライム,2164.0,0.98,-0.14,1.12,1.79,0.57,45.53,2160.0,2174.0,2148.0,2174.0,2174.0,2122.0,2030.0,2078.63,2027.61,2027.61,6,C,68.42,66.03,17.01,57.39,2125.92,2050.84,2070.66,+0.67σ,0.58,陰線→陽線 / 長い下ヒゲ（ハンマー）,強,買い,アンチ,1,0.0,2095.7,2300.59,2.0,%K反転、%D方向改善、長い下ヒゲ反転、直近下落なし（B以下に制限） / 信用需給: 信用データがデータなし、または売残0で信用倍率を算出不能,,https://finance.yahoo.co.jp/quote/8057.T,データなし,データなし,データなし,データなし,データなし,データなし,データなし,データなし,6.0,0,0,6.0,475,475,信用需給は判定不能,信用データがデータなし、または売残0で信用倍率を算出不能
2026-08-20,7971,東リ,スタンダード,702.0,2.03,1.45,3.24,4.74,0.73,15.15,695.0,702.0,691.0,702.0,702.0,679.0,646.0,659.55,643.95,643.95,6,C,100.0,73.57,12.54,61.84,670.24,643.96,686.76,+1.72σ,0.48,陰線→陽線,強,買い,底固め / アンチ,2,0.0,679.0,748.0,2.0,%K反転、%D方向改善、直近下落なし（B以下に制限）、直近安値切り上げ、RSI安値切り上げ、レンジ上限突破 / 信用需給: 信用データがデータなし、または売残0で信用倍率を算出不能,,https://finance.yahoo.co.jp/quote/7971.T,データなし,データなし,データなし,データなし,データなし,データなし,データなし,データなし,6.0,0,0,6.0,475,475,信用需給は判定不能,信用データがデータなし、または売残0で信用倍率を算出不能
2026-08-20,2124,ジェイエイシーリクルートメント,プライム,992.0,0.2,-4.52,-2.46,4.02,0.81,32.05,1036.0,1010.0,984.0,1036.0,1040.0,984.0,892.0,918.41,874.38,874.38,6,C,51.66,67.0,12.93,59.27,953.68,888.45,944.51,+0.67σ,0.64,はらみ足,通常,買い,アンチ,1,0.0,943.93,1088.14,2.0,直近2～5日まで下落、%K反転、%D方向改善 / 信用需給: 信用データがデータなし、または売残0で信用倍率を算出不能,,https://finance.yahoo.co.jp/quote/2124.T,データなし,データなし,データなし,データなし,データなし,データなし,データなし,データなし,6.0,0,0,6.0,475,475,信用需給は判定不能,信用データがデータなし、または売残0で信用倍率を算出不能
2026-08-20,2130,メンバーズ,プライム,948.0,1.28,-0.32,2.93,-5.07,0.46,30.15,964.0,952.0,938.0,964.0,969.0,920.0,862.0,884.05,798.71,798.71,6,C,66.67,63.26,18.63,43.22,998.6,1053.27,1133.46,-0.25σ,0.51,陰線→陽線 / はらみ足 / 長い下ヒゲ（ハンマー）,強,買い,アンチ,1,0.0,902.77,1038.46,2.0,%K反転、%D方向改善、長い下ヒゲ反転、直近下落なし（B以下に制限） / 信用需給: 信用データがデータなし、または売残0で信用倍率を算出不能,,https://finance.yahoo.co.jp/quote/2130.T,データなし,データなし,データなし,データなし,データなし,データなし,データなし,データなし,6.0,0,0,6.0,475,475,信用需給は判定不能,信用データがデータなし、または売残0で信用倍率を算出不能
2026-08-20,2168,パソナグループ,プライム,1658.0,1.91,1.1,1.78,4.15,1.04,33.71,1648.0,1658.0,1623.0,1658.0,1658.0,1620.0,1523.0,1565.75,1532.14,1532.14,6,C,100.0,80.38,11.71,66.21,1591.88,1573.27,1800.73,+1.75σ,0.96,陰線→陽線,強,買い,底固め / アンチ,2,0.0,1607.43,1759.14,2.0,%K反転、%D方向改善、直近下落なし（B以下に制限）、直近安値切り上げ、BB幅収縮、RSI安値切り上げ、レンジ上限突破 / 信用需給: 信用データがデータなし、または売残0で信用倍率を算出不能,,https://finance.yahoo.co.jp/quote/2168.T,データなし,データなし,データなし,データなし,データなし,データなし,データなし,データなし,6.0,0,0,6.0,475,475,信用需給は判定不能,信用データがデータなし、または売残0で信用倍率を算出不能
2026-08-20,2001,ニップン,プライム,2900.0,1.61,1.75,1.79,2.17,0.77,53.29,2866.0,2904.0,2863.0,2904.0,2904.0,2825.0,2741.0,2798.75,2750.85,2750.85,6,C,95.29,67.65,19.2,59.6,2838.48,2753.77,2627.53,+1.11σ,0.71,陰線→陽線,なし,買い,底固め,1,0.0,2820.06,3059.88,2.0,%K反転、%D方向改善、直近下落なし（B以下に制限）、直近安値切り上げ、RSI安値切り上げ、レンジ上限突破 / 信用需給: 信用データがデータなし、または売残0で信用倍率を算出不能,,https://finance.yahoo.co.jp/quote/2001.T,データなし,データなし,データなし,データなし,データなし,データなし,データなし,データなし,6.0,0,0,6.0,475,475,信用需給は判定不能,信用データがデータなし、または売残0で信用倍率を算出不能
2026-08-20,2602,日清オイリオグループ,プライム,2037.0,1.24,2.05,2.98,4.74,0.6,38.25,2014.0,2041.0,2018.0,2041.0,2041.0,1968.0,1802.0,1884.5,1821.15,1821.15,6,C,96.3,81.12,26.01,65.71,1944.8,1848.72,1840.54,+1.41σ,0.68,なし,なし,買い,底固め,1,0.0,1968.0,2175.0,2.0,%K反転、%D方向改善、直近下落なし（B以下に制限）、直近安値切り上げ、RSI安値切り上げ、レンジ上限突破 / 信用需給: 信用データがデータなし、または売残0で信用倍率を算出不能,,https://finance.yahoo.co.jp/quote/2602.T,データなし,データなし,データなし,データなし,データなし,データなし,データなし,データなし,6.0,0,0,6.0,475,475,信用需給は判定不能,信用データがデータなし、または売残0で信用倍率を算出不能
2026-08-20,2607,不二製油,プライム,4488.0,0.7,0.09,-0.95,8.69,0.85,140.22,4537.0,4579.0,4460.0,4579.0,4579.0,4425.0,3760.0,3909.3,3641.55,3641.55,6,C,37.45,70.17,7.1,66.99,4129.04,3835.4,3709.84,+1.16σ,0.73,なし,通常,買い,アンチ,1,0.0,4277.67,4908.66,2.0,直近2～5日まで下落、%K反転、%D方向改善 / 信用需給: 信用データがデータなし、または売残0で信用倍率を算出不能,,https://finance.yahoo.co.jp/quote/2607.T,データなし,データなし,データなし,データなし,データなし,データなし,データなし,データなし,6.0,0,0,6.0,475,475,信用需給は判定不能,信用データがデータなし、または売残0で信用倍率を算出不能
2026-08-20,2433,博報堂ＤＹホールディングス,プライム,1338.0,3.8,5.6,7.82,5.33,1.26,45.54,1291.5,1355.0,1297.5,1355.0,1355.0,1244.0,1120.0,1227.18,1177.29,1177.29,6,C,86.45,65.34,17.28,63.04,1270.32,1181.93,1147.3,+1.22σ,1.59,なし,なし,買い,底固め,1,0.0,1244.0,1526.0,2.0,%K反転、%D方向改善、直近下落なし（B以下に制限）、直近安値切り上げ、RSI安値切り上げ、レンジ上限突破 / 信用需給: 信用データがデータなし、または売残0で信用倍率を算出不能,,https://finance.yahoo.co.jp/quote/2433.T,データなし,データなし,データなし,データなし,データなし,データなし,データなし,データなし,6.0,0,0,6.0,475,475,信用需給は判定不能,信用データがデータなし、または売残0で信用倍率を算出不能
2026-08-20,7947,エフピコ,プライム,2766.0,0.84,2.75,2.9,5.17,0.52,57.87,2779.0,2774.0,2744.0,2779.0,2779.0,2677.0,2494.0,2580.67,2507.15,2507.15,6,C,88.07,81.85,5.92,64.81,2629.92,2520.64,2554.68,+1.52σ,0.76,陰線→陽線 / はらみ足 / 長い下ヒゲ（ハンマー）,強,買い,アンチ,1,0.0,2677.0,2944.0,2.0,%K反転、%D方向改善、長い下ヒゲ反転、直近下落なし（B以下に制限） / 信用需給: 信用データがデータなし、または売残0で信用倍率を算出不能,,https://finance.yahoo.co.jp/quote/7947.T,データなし,データなし,データなし,データなし,データなし,データなし,データなし,データなし,6.0,0,0,6.0,475,475,信用需給は判定不能,信用データがデータなし、または売残0で信用倍率を算出不能
2026-08-20,7806,ＭＴＧ,グロース,8640.0,9.37,4.98,6.8,10.67,1.56,410.9,7980.0,8640.0,8000.0,8640.0,8640.0,7700.0,7110.0,7464.94,7114.87,7114.87,6,除外,100.0,75.28,-1.24,62.9,7806.8,7352.27,5934.75,+2.36σ,2.03,なし,なし,買い,底固め,1,0.0,7700.0,10520.0,2.0,%K反転、%D方向改善、直近下落なし（B以下に制限）、直近安値切り上げ、出来高減少後の増加、レンジ上限突破 / 信用需給: 信用データがデータなし、または売残0で信用倍率を算出不能,急騰済み（当日急騰、25日線上方乖離、BB +2σ大幅超過）,https://finance.yahoo.co.jp/quote/7806.T,データなし,データなし,データなし,データなし,データなし,データなし,データなし,データなし,6.0,0,0,6.0,475,475,信用需給は判定不能,信用データがデータなし、または売残0で信用倍率を算出不能
2026-08-20,7839,ＳＨＯＥＩ,プライム,2089.0,2.4,2.3,3.01,5.76,0.7,45.83,2063.0,2099.0,2067.0,2099.0,2099.0,2010.0,1862.0,1946.81,1894.13,1894.13,6,C,88.76,69.27,4.35,69.83,1975.2,1858.72,1782.33,+1.70σ,1.05,陰線→陽線 / 長い下ヒゲ（ハンマー）,強,買い,アンチ,1,0.0,2010.0,2247.0,2.0,%K反転、%D方向改善、長い下ヒゲ反転、直近下落なし（B以下に制限） / 信用需給: 信用データがデータなし、または売残0で信用倍率を算出不能,,https://finance.yahoo.co.jp/quote/7839.T,データなし,データなし,データなし,データなし,データなし,データなし,データなし,データなし,6.0,0,0,6.0,475,475,信用需給は判定不能,信用データがデータなし、または売残0で信用倍率を算出不能
2026-08-20,3880,大王製紙,プライム,973.0,0.93,2.1,0.93,-0.56,0.68,21.93,975.0,981.0,966.0,981.0,981.0,947.0,947.0,965.45,950.19,950.19,6,C,57.78,38.7,7.68,51.28,978.44,950.79,972.28,-0.50σ,0.66,なし,通常,買い,アンチ,1,0.0,940.11,1038.78,2.0,BB -1σ以下から反発、%K反転、%D方向改善、直近下落なし（B以下に制限） / 信用需給: 信用データがデータなし、または売残0で信用倍率を算出不能,,https://finance.yahoo.co.jp/quote/3880.T,データなし,データなし,データなし,データなし,データなし,データなし,データなし,データなし,6.0,0,0,6.0,475,475,信用需給は判定不能,信用データがデータなし、または売残0で信用倍率を算出不能
2026-08-20,3901,マークラインズ,プライム,1614.0,0.37,0.06,3.93,12.56,0.95,41.9,1643.0,1624.0,1584.0,1643.0,1643.0,1548.0,1329.0,1335.86,1219.57,1219.57,6,除外,81.05,83.31,20.79,73.91,1433.84,1366.45,1522.9,+1.39σ,1.0,陰線→陽線 / 長い下ヒゲ（ハンマー） / 前日安値割れ反転,通常,買い,アンチ,1,0.0,1548.0,1746.0,2.0,%K反転、%D方向改善、長い下ヒゲ反転、直近下落なし（B以下に制限） / 信用需給: 信用データがデータなし、または売残0で信用倍率を算出不能,急騰済み（25日線上方乖離、高RSI）,https://finance.yahoo.co.jp/quote/3901.T,データなし,データなし,データなし,データなし,データなし,データなし,データなし,データなし,6.0,0,0,6.0,475,475,信用需給は判定不能,信用データがデータなし、または売残0で信用倍率を算出不能
2026-08-20,6535,アイモバイル,プライム,519.0,2.37,1.76,4.01,1.72,0.93,11.78,515.0,520.0,509.0,520.0,520.0,497.0,475.0,482.83,460.72,460.72,6,C,97.22,73.51,25.31,57.31,510.2,501.23,516.93,+0.64σ,0.84,陰線→陽線,通常,買い,底固め / アンチ,2,0.0,497.0,563.0,2.0,%K反転、%D方向改善、直近下落なし（B以下に制限）、直近安値切り上げ、RSI安値切り上げ、レンジ上限突破 / 信用需給: 信用データがデータなし、または売残0で信用倍率を算出不能,,https://finance.yahoo.co.jp/quote/6535.T,データなし,データなし,データなし,データなし,データなし,データなし,データなし,データなし,6.0,0,0,6.0,475,475,信用需給は判定不能,信用データがデータなし、または売残0で信用倍率を算出不能
2026-08-20,7033,マネジメントソリューションズ,プライム,1712.0,3.69,5.42,17.58,17.97,1.25,52.91,1669.0,1717.0,1651.0,1717.0,1717.0,1445.0,1342.0,1369.2,1267.39,1267.39,6,除外,98.18,84.05,15.75,83.51,1451.16,1381.67,1359.44,+2.37σ,1.58,なし,なし,買い,底固め,1,0.0,1445.0,2246.0,2.0,%K反転、%D方向改善、直近下落なし（B以下に制限）、直近安値切り上げ、RSI安値切り上げ、レンジ上限突破 / 信用需給: 信用データがデータなし、または売残0で信用倍率を算出不能,急騰済み（25日線上方乖離、高RSI、BB +2σ大幅超過）,https://finance.yahoo.co.jp/quote/7033.T,データなし,データなし,データなし,データなし,データなし,データなし,データなし,データなし,6.0,0,0,6.0,475,475,信用需給は判定不能,信用データがデータなし、または売残0で信用倍率を算出不能
2026-08-20,6981,村田製作所,プライム,7205.0,-1.72,-13.09,-13.31,-6.25,0.33,684.99,7636.0,7273.0,7045.0,7636.0,8364.0,7045.0,5861.0,6926.08,6318.25,6318.25,6,C,10.7,57.47,-12.89,42.34,7685.12,8571.41,5431.13,-0.54σ,0.68,2～5日下落後の陽線,なし,買い,底固め,1,0.0,6177.51,9259.97,2.0,直近2～5日まで下落、2～5日下落後の陽線、直近安値切り上げ、ATR低下、BB幅収縮、RSI安値切り上げ / 信用需給: 信用データがデータなし、または売残0で信用倍率を算出不能,,https://finance.yahoo.co.jp/quote/6981.T,データなし,データなし,データなし,データなし,データなし,データなし,データなし,データなし,6.0,0,0,6.0,475,475,信用需給は判定不能,信用データがデータなし、または売残0で信用倍率を算出不能
2026-08-20,6986,双葉電子工業,プライム,730.0,7.83,6.41,11.79,17.35,2.34,23.94,682.0,732.0,676.0,732.0,732.0,642.0,563.0,593.82,554.49,554.49,6,除外,98.04,86.79,-5.04,79.49,622.08,616.75,642.63,+2.46σ,1.82,なし,なし,買い,底固め,1,0.0,642.0,906.0,2.0,%K反転、%D方向改善、直近下落なし（B以下に制限）、直近安値切り上げ、RSI安値切り上げ、レンジ上限突破 / 信用需給: 信用データがデータなし、または売残0で信用倍率を算出不能,急騰済み（25日線上方乖離、高RSI、BB +2σ大幅超過、ストップ高に近い急騰）,https://finance.yahoo.co.jp/quote/6986.T,データなし,データなし,データなし,データなし,データなし,データなし,データなし,データなし,6.0,0,0,6.0,475,475,信用需給は判定不能,信用データがデータなし、または売残0で信用倍率を算出不能
2026-08-20,6995,東海理化電機製作所,プライム,3120.0,2.13,1.63,2.13,0.06,0.82,72.74,3110.0,3140.0,3080.0,3140.0,3140.0,3025.0,2960.0,3021.73,2925.76,2925.76,6,C,84.62,56.28,18.62,53.54,3118.16,2996.04,3035.46,+0.02σ,0.77,陰線→陽線,強,買い,底固め / アンチ,2,0.0,3010.89,3338.22,2.0,%K反転、%D方向改善、直近下落なし（B以下に制限）、直近安値切り上げ、RSI安値切り上げ、レンジ上限突破 / 信用需給: 信用データがデータなし、または売残0で信用倍率を算出不能,,https://finance.yahoo.co.jp/quote/6995.T,データなし,データなし,データなし,データなし,データなし,データなし,データなし,データなし,6.0,0,0,6.0,475,475,信用需給は判定不能,信用データがデータなし、または売残0で信用倍率を算出不能
2026-08-20,8242,エイチ・ツー・オー　リテイリング,プライム,2928.0,2.22,3.19,2.72,2.96,0.77,77.68,2890.0,2963.0,2903.5,2963.0,2963.0,2801.5,2681.5,2794.34,2741.78,2741.78,6,C,78.33,51.97,12.48,61.6,2843.88,2689.31,2411.58,+1.54σ,0.79,なし,通常,買い,底固め / アンチ,2,0.0,2801.5,3181.0,2.0,%K反転、%D方向改善、直近下落なし（B以下に制限）、直近安値切り上げ、RSI安値切り上げ、レンジ上限突破 / 信用需給: 信用データがデータなし、または売残0で信用倍率を算出不能,,https://finance.yahoo.co.jp/quote/8242.T,データなし,データなし,データなし,データなし,データなし,データなし,データなし,データなし,6.0,0,0,6.0,475,475,信用需給は判定不能,信用データがデータなし、または売残0で信用倍率を算出不能
2026-08-20,8273,イズミ,プライム,1024.0,1.19,2.4,1.69,1.94,0.8,20.02,1021.0,1031.0,1015.0,1031.0,1031.0,999.0,967.0,986.34,965.47,965.47,6,C,80.0,67.98,20.38,58.04,1004.56,963.64,993.17,+0.81σ,1.22,陰線→陽線,通常,買い,底固め / アンチ,2,0.0,993.97,1084.06,2.0,%K反転、%D方向改善、直近下落なし（B以下に制限）、直近安値切り上げ、RSI安値切り上げ、レンジ上限突破 / 信用需給: 信用データがデータなし、または売残0で信用倍率を算出不能,,https://finance.yahoo.co.jp/quote/8273.T,データなし,データなし,データなし,データなし,データなし,データなし,データなし,データなし,6.0,0,0,6.0,475,475,信用需給は判定不能,信用データがデータなし、または売残0で信用倍率を算出不能
2026-08-20,8142,トーホー,プライム,1436.0,1.63,0.98,4.21,4.25,0.87,26.44,1420.0,1436.0,1413.0,1436.0,1436.0,1377.0,1320.0,1347.78,1315.82,1315.82,6,C,100.0,80.96,23.64,64.55,1377.48,1346.96,1299.49,+1.76σ,0.72,なし,なし,買い,底固め,1,0.0,1377.0,1554.0,2.0,%K反転、%D方向改善、直近下落なし（B以下に制限）、直近安値切り上げ、RSI安値切り上げ、レンジ上限突破 / 信用需給: 信用データがデータなし、または売残0で信用倍率を算出不能,,https://finance.yahoo.co.jp/quote/8142.T,データなし,データなし,データなし,データなし,データなし,データなし,データなし,データなし,6.0,0,0,6.0,475,475,信用需給は判定不能,信用データがデータなし、または売残0で信用倍率を算出不能
2026-08-20,8153,モスフードサービス,プライム,3895.0,1.04,3.04,3.04,2.34,0.78,77.12,3875.0,3905.0,3845.0,3905.0,3905.0,3755.0,3635.0,3711.88,3615.26,3615.26,6,C,93.75,62.42,23.55,60.33,3805.8,3713.93,4010.92,+0.90σ,0.82,なし,なし,買い,底固め,1,0.0,3755.0,4175.0,2.0,%K反転、%D方向改善、直近下落なし（B以下に制限）、直近安値切り上げ、RSI安値切り上げ、レンジ上限突破 / 信用需給: 信用データがデータなし、または売残0で信用倍率を算出不能,,https://finance.yahoo.co.jp/quote/8153.T,データなし,データなし,データなし,データなし,データなし,データなし,データなし,データなし,6.0,0,0,6.0,475,475,信用需給は判定不能,信用データがデータなし、または売残0で信用倍率を算出不能
2026-08-20,8174,日本瓦斯,プライム,2958.0,2.16,3.21,3.1,3.12,0.81,54.62,2916.0,2959.5,2915.5,2959.5,2959.5,2842.5,2732.5,2805.16,2743.64,2743.64,6,C,98.96,71.7,22.74,63.67,2868.38,2809.8,2906.66,+1.48σ,1.01,陰線→陽線,通常,買い,底固め / アンチ,2,0.0,2842.5,3189.0,2.0,%K反転、%D方向改善、直近下落なし（B以下に制限）、直近安値切り上げ、RSI安値切り上げ、レンジ上限突破 / 信用需給: 信用データがデータなし、または売残0で信用倍率を算出不能,,https://finance.yahoo.co.jp/quote/8174.T,データなし,データなし,データなし,データなし,データなし,データなし,データなし,データなし,6.0,0,0,6.0,475,475,信用需給は判定不能,信用データがデータなし、または売残0で信用倍率を算出不能
2026-08-20,8200,リンガーハット,プライム,2342.0,1.3,1.61,1.52,1.19,0.77,45.26,2322.0,2344.0,2309.0,2344.0,2344.0,2284.0,2246.0,2269.34,2224.17,2224.17,6,C,97.5,41.4,16.52,57.64,2314.36,2199.28,2237.48,+0.61σ,0.82,なし,なし,買い,底固め,1,0.0,2274.12,2477.77,2.0,%K反転、%D方向改善、直近下落なし（B以下に制限）、直近安値切り上げ、BB幅収縮、RSI安値切り上げ、レンジ上限突破 / 信用需給: 信用データがデータなし、または売残0で信用倍率を算出不能,,https://finance.yahoo.co.jp/quote/8200.T,データなし,データなし,データなし,データなし,データなし,データなし,データなし,データなし,6.0,0,0,6.0,475,475,信用需給は判定不能,信用データがデータなし、または売残0で信用倍率を算出不能
2026-08-20,3923,ラクス,プライム,1125.5,3.88,2.32,2.88,6.91,0.63,48.84,1116.0,1137.0,1106.0,1137.0,1137.0,1064.5,930.0,1014.3,964.28,964.28,6,C,51.48,57.4,2.57,60.27,1052.73,979.93,970.5,+1.22σ,0.86,なし,通常,買い,アンチ,1,0.0,1052.24,1272.02,2.0,直近2～5日まで下落、%K反転、%D方向改善 / 信用需給: 信用データがデータなし、または売残0で信用倍率を算出不能,,https://finance.yahoo.co.jp/quote/3923.T,データなし,データなし,データなし,データなし,データなし,データなし,データなし,データなし,6.0,0,0,6.0,475,475,信用需給は判定不能,信用データがデータなし、または売残0で信用倍率を算出不能
2026-08-20,3946,トーモク,プライム,4740.0,2.38,0.53,2.6,4.54,1.02,107.61,4775.0,4740.0,4630.0,4775.0,4775.0,4575.0,4360.0,4484.3,4389.35,4389.35,6,C,85.42,70.98,14.93,67.15,4534.2,4098.67,3692.62,+1.69σ,0.68,陰線→陽線 / はらみ足,強,買い,底固め / アンチ,2,0.0,4575.0,5070.0,2.0,%K反転、%D方向改善、直近下落なし（B以下に制限）、直近安値切り上げ、BB幅収縮、RSI安値切り上げ / 信用需給: 信用データがデータなし、または売残0で信用倍率を算出不能,,https://finance.yahoo.co.jp/quote/3946.T,データなし,データなし,データなし,データなし,データなし,データなし,データなし,データなし,6.0,0,0,6.0,475,475,信用需給は判定不能,信用データがデータなし、または売残0で信用倍率を算出不能
2026-08-20,3950,ザ・パック,プライム,1510.0,2.03,3.14,4.93,3.95,1.2,28.35,1485.0,1510.0,1476.0,1510.0,1510.0,1431.0,1410.0,1439.23,1419.36,1419.36,6,除外,100.0,64.64,10.95,68.65,1452.6,1366.35,1321.76,+2.56σ,0.88,陰線→陽線,通常,買い,底固め / アンチ,2,0.0,1431.0,1668.0,2.0,%K反転、%D方向改善、直近下落なし（B以下に制限）、直近安値切り上げ、BB幅収縮、RSI安値切り上げ、レンジ上限突破 / 信用需給: 信用データがデータなし、または売残0で信用倍率を算出不能,急騰済み（BB +2σ大幅超過）,https://finance.yahoo.co.jp/quote/3950.T,データなし,データなし,データなし,データなし,データなし,データなし,データなし,データなし,6.0,0,0,6.0,475,475,信用需給は判定不能,信用データがデータなし、または売残0で信用倍率を算出不能
2026-08-20,3837,アドソル日進,プライム,1520.0,1.27,-0.13,3.26,2.51,0.58,46.66,1517.0,1523.0,1496.0,1523.0,1542.0,1484.0,1357.0,1442.46,1400.02,1400.02,6,C,86.36,60.37,13.85,56.66,1482.84,1444.13,1531.43,+0.83σ,0.68,長い下ヒゲ（ハンマー）,通常,買い,アンチ,1,0.0,1450.01,1659.98,2.0,%K反転、%D方向改善、長い下ヒゲ反転、直近下落なし（B以下に制限） / 信用需給: 信用データがデータなし、または売残0で信用倍率を算出不能,,https://finance.yahoo.co.jp/quote/3837.T,データなし,データなし,データなし,データなし,データなし,データなし,データなし,データなし,6.0,0,0,6.0,475,475,信用需給は判定不能,信用データがデータなし、または売残0で信用倍率を算出不能
2026-08-20,3854,アイル,プライム,2497.0,3.87,3.61,7.86,7.71,0.97,65.02,2439.0,2499.0,2436.0,2499.0,2499.0,2315.0,2195.0,2225.11,2141.07,2141.07,6,除外,99.15,70.87,24.23,66.55,2318.16,2352.13,2395.23,+2.24σ,0.73,陰線→陽線,通常,買い,底固め / アンチ,2,0.0,2315.0,2861.0,2.0,%K反転、%D方向改善、直近下落なし（B以下に制限）、直近安値切り上げ、BB幅収縮、RSI安値切り上げ、レンジ上限突破 / 信用需給: 信用データがデータなし、または売残0で信用倍率を算出不能,急騰済み（BB +2σ大幅超過）,https://finance.yahoo.co.jp/quote/3854.T,データなし,データなし,データなし,データなし,データなし,データなし,データなし,データなし,6.0,0,0,6.0,475,475,信用需給は判定不能,信用データがデータなし、または売残0で信用倍率を算出不能
2026-08-20,3696,セレス,プライム,2268.0,4.61,5.64,9.83,7.25,1.15,87.94,2195.0,2289.0,2188.0,2289.0,2289.0,1984.0,1958.0,2052.88,1996.41,1996.41,6,除外,93.66,47.66,21.19,69.04,2114.72,1967.49,1878.72,+2.81σ,0.99,陰線→陽線,通常,買い,底固め / アンチ,2,0.0,1984.0,2836.0,2.0,%K反転、%D方向改善、直近下落なし（B以下に制限）、直近安値切り上げ、RSI安値切り上げ、レンジ上限突破 / 信用需給: 信用データがデータなし、または売残0で信用倍率を算出不能,急騰済み（BB +2σ大幅超過）,https://finance.yahoo.co.jp/quote/3696.T,データなし,データなし,データなし,データなし,データなし,データなし,データなし,データなし,6.0,0,0,6.0,475,475,信用需給は判定不能,信用データがデータなし、または売残0で信用倍率を算出不能
2026-08-20,3765,ガンホー・オンライン・エンターテイメント,プライム,2483.0,1.85,2.56,3.03,3.55,0.7,61.64,2484.0,2496.0,2453.0,2496.0,2496.0,2400.0,2261.0,2357.64,2302.43,2302.43,6,C,89.08,62.99,14.95,61.79,2397.88,2333.56,2454.61,+1.27σ,0.97,陰線→陽線 / 長い下ヒゲ（ハンマー）,通常,買い,アンチ,1,0.0,2390.54,2667.93,2.0,%K反転、%D方向改善、長い下ヒゲ反転、直近下落なし（B以下に制限） / 信用需給: 信用データがデータなし、または売残0で信用倍率を算出不能,,https://finance.yahoo.co.jp/quote/3765.T,データなし,データなし,データなし,データなし,データなし,データなし,データなし,データなし,6.0,0,0,6.0,475,475,信用需給は判定不能,信用データがデータなし、または売残0で信用倍率を算出不能
2026-08-20,3769,ＧＭＯペイメントゲートウェイ,プライム,9414.0,0.12,6.87,-7.57,-3.66,0.96,401.46,9416.0,9742.0,9356.0,9742.0,9742.0,8485.0,8485.0,9383.25,8997.96,8997.96,6,C,47.16,54.56,3.07,46.32,9771.24,8965.81,8877.98,-0.92σ,1.2,なし,通常,買い,アンチ,1,0.0,8485.0,11272.0,2.0,直近2～5日まで下落、%K反転、%D方向改善 / 信用需給: 信用データがデータなし、または売残0で信用倍率を算出不能,,https://finance.yahoo.co.jp/quote/3769.T,データなし,データなし,データなし,データなし,データなし,データなし,データなし,データなし,6.0,0,0,6.0,475,475,信用需給は判定不能,信用データがデータなし、または売残0で信用倍率を算出不能
2026-08-20,3635,コーエーテクモホールディングス,プライム,1697.0,2.26,2.23,3.54,6.21,0.62,48.31,1705.0,1710.0,1680.0,1710.0,1710.0,1631.0,1477.0,1552.0,1493.17,1493.17,6,C,87.38,73.34,11.4,62.88,1597.72,1543.37,1727.42,+1.46σ,0.63,陰線→陽線 / 長い下ヒゲ（ハンマー）,強,買い,アンチ,1,0.0,1624.54,1841.92,2.0,%K反転、%D方向改善、長い下ヒゲ反転、直近下落なし（B以下に制限） / 信用需給: 信用データがデータなし、または売残0で信用倍率を算出不能,,https://finance.yahoo.co.jp/quote/3635.T,データなし,データなし,データなし,データなし,データなし,データなし,データなし,データなし,6.0,0,0,6.0,475,475,信用需給は判定不能,信用データがデータなし、または売残0で信用倍率を算出不能
2026-08-20,3660,アイスタイル,プライム,537.0,4.47,-4.11,22.88,19.71,1.33,21.03,531.0,543.0,515.0,543.0,556.0,511.0,406.0,414.09,370.44,370.44,6,除外,76.3,75.31,8.06,70.55,448.6,408.16,438.3,+1.82σ,2.02,陰線→陽線,強,買い,アンチ,1,0.0,505.45,600.1,2.0,%K反転、%D方向改善、出来高増加を伴う反転、直近下落なし（B以下に制限） / 信用需給: 信用データがデータなし、または売残0で信用倍率を算出不能,急騰済み（5営業日急騰、25日線上方乖離）,https://finance.yahoo.co.jp/quote/3660.T,データなし,データなし,データなし,データなし,データなし,データなし,データなし,データなし,6.0,0,0,6.0,475,475,信用需給は判定不能,信用データがデータなし、または売残0で信用倍率を算出不能
2026-08-20,3673,ブロードリーフ,プライム,487.0,9.68,11.7,15.95,10.54,1.91,21.49,446.0,491.0,450.0,491.0,491.0,403.0,388.0,426.3,410.7,410.7,6,除外,96.12,73.02,5.86,65.08,440.56,434.07,405.82,+2.89σ,1.59,なし,なし,買い,底固め,1,0.0,403.0,655.0,2.0,%K反転、%D方向改善、直近下落なし（B以下に制限）、直近安値切り上げ、BB幅収縮、RSI安値切り上げ、レンジ上限突破 / 信用需給: 信用データがデータなし、または売残0で信用倍率を算出不能,急騰済み（当日急騰、25日線上方乖離、BB +2σ大幅超過、ストップ高に近い急騰）,https://finance.yahoo.co.jp/quote/3673.T,データなし,データなし,データなし,データなし,データなし,データなし,データなし,データなし,6.0,0,0,6.0,475,475,信用需給は判定不能,信用データがデータなし、または売残0で信用倍率を算出不能
2026-08-20,4246,ダイキョーニシカワ,プライム,1113.0,2.39,-1.5,0.18,5.87,0.67,26.73,1132.0,1113.0,1095.0,1132.0,1150.0,1085.0,997.0,1016.64,970.48,970.48,6,C,47.14,78.37,1.16,62.84,1051.32,1021.87,898.14,+1.09σ,0.73,陰線→陽線 / はらみ足,通常,買い,アンチ,1,0.0,1072.9,1193.2,2.0,ストキャス売られ過ぎから反転、%K反転、直近下落なし（B以下に制限） / 信用需給: 信用データがデータなし、または売残0で信用倍率を算出不能,,https://finance.yahoo.co.jp/quote/4246.T,データなし,データなし,データなし,データなし,データなし,データなし,データなし,データなし,6.0,0,0,6.0,475,475,信用需給は判定不能,信用データがデータなし、または売残0で信用倍率を算出不能
2026-08-20,4290,プレステージ・インターナショナル,プライム,734.0,1.24,1.94,2.37,5.49,0.65,12.33,729.0,734.0,726.0,734.0,734.0,709.0,649.0,679.18,656.1,656.1,6,C,100.0,72.24,16.85,70.97,695.8,667.48,680.78,+1.38σ,0.92,陰線→陽線,通常,買い,底固め / アンチ,2,0.0,709.0,784.0,2.0,%K反転、%D方向改善、直近下落なし（B以下に制限）、直近安値切り上げ、RSI安値切り上げ、レンジ上限突破 / 信用需給: 信用データがデータなし、または売残0で信用倍率を算出不能,,https://finance.yahoo.co.jp/quote/4290.T,データなし,データなし,データなし,データなし,データなし,データなし,データなし,データなし,6.0,0,0,6.0,475,475,信用需給は判定不能,信用データがデータなし、または売残0で信用倍率を算出不能
2026-08-20,4293,セプテーニ・ホールディングス,スタンダード,520.0,2.36,3.38,2.77,2.32,1.52,15.83,510.0,530.0,506.0,530.0,530.0,498.0,481.0,500.24,491.33,491.33,6,C,68.75,63.59,17.06,57.3,508.2,491.28,450.5,+1.22σ,1.23,強気包み足,なし,買い,底固め,1,0.0,496.26,567.48,2.0,%D方向改善、陽の包み足、直近下落なし（B以下に制限）、直近安値切り上げ、BB幅収縮、出来高減少後の増加、RSI安値切り上げ / 信用需給: 信用データがデータなし、または売残0で信用倍率を算出不能,,https://finance.yahoo.co.jp/quote/4293.T,データなし,データなし,データなし,データなし,データなし,データなし,データなし,データなし,6.0,0,0,6.0,475,475,信用需給は判定不能,信用データがデータなし、または売残0で信用倍率を算出不能
2026-08-20,3543,コメダホールディングス,プライム,2957.0,1.16,2.64,2.04,2.83,0.63,39.84,2932.0,2959.0,2934.0,2959.0,2959.0,2870.0,2804.0,2836.73,2790.05,2790.05,6,C,97.87,71.5,25.06,64.22,2875.68,2837.27,2921.4,+1.58σ,1.38,なし,通常,買い,底固め / アンチ,2,0.0,2870.0,3131.0,2.0,%K反転、%D方向改善、直近下落なし（B以下に制限）、直近安値切り上げ、RSI安値切り上げ、レンジ上限突破 / 信用需給: 信用データがデータなし、または売残0で信用倍率を算出不能,,https://finance.yahoo.co.jp/quote/3543.T,データなし,データなし,データなし,データなし,データなし,データなし,データなし,データなし,6.0,0,0,6.0,475,475,信用需給は判定不能,信用データがデータなし、または売残0で信用倍率を算出不能
2026-08-20,3608,ＴＳＩホールディングス,プライム,1256.0,0.56,-0.08,2.03,1.61,0.69,23.33,1263.0,1262.0,1246.0,1263.0,1263.0,1235.0,1197.0,1214.31,1190.43,1190.43,6,C,62.32,57.73,15.02,58.51,1236.08,1196.04,1129.32,+0.75σ,0.98,はらみ足,強,買い,底固め / アンチ,2,0.0,1221.0,1326.0,2.0,%K反転、%D方向改善、直近下落なし（B以下に制限）、直近安値切り上げ、BB幅収縮、RSI安値切り上げ / 信用需給: 信用データがデータなし、または売残0で信用倍率を算出不能,,https://finance.yahoo.co.jp/quote/3608.T,データなし,データなし,データなし,データなし,データなし,データなし,データなし,データなし,6.0,0,0,6.0,475,475,信用需給は判定不能,信用データがデータなし、または売残0で信用倍率を算出不能
2026-08-20,3382,セブン＆アイ・ホールディングス,プライム,2032.5,0.12,-0.68,-0.78,-2.34,0.8,53.92,2054.0,2072.5,2029.5,2072.5,2072.5,2003.5,1986.0,2020.76,1950.97,1950.97,6,C,32.04,42.12,6.8,46.92,2081.12,1973.49,2073.17,-0.83σ,1.07,なし,通常,買い,アンチ,1,0.0,1951.63,2194.25,2.0,直近2～5日まで下落、%K反転、%D方向改善 / 信用需給: 信用データがデータなし、または売残0で信用倍率を算出不能,,https://finance.yahoo.co.jp/quote/3382.T,データなし,データなし,データなし,データなし,データなし,データなし,データなし,データなし,6.0,0,0,6.0,475,475,信用需給は判定不能,信用データがデータなし、または売残0で信用倍率を算出不能
2026-08-20,3387,クリエイト・レストランツ・ホールディングス,プライム,774.0,0.91,0.13,1.04,0.11,0.55,16.27,774.0,777.0,768.0,777.0,777.0,761.0,740.0,752.21,734.88,734.88,6,C,80.77,55.73,17.33,54.41,773.12,737.29,748.88,+0.26σ,1.12,なし,なし,買い,底固め,1,0.0,749.59,822.81,2.0,%K反転、%D方向改善、直近下落なし（B以下に制限）、直近安値切り上げ、ATR低下、BB幅収縮、RSI安値切り上げ / 信用需給: 信用データがデータなし、または売残0で信用倍率を算出不能,,https://finance.yahoo.co.jp/quote/3387.T,データなし,データなし,データなし,データなし,データなし,データなし,データなし,データなし,6.0,0,0,6.0,475,475,信用需給は判定不能,信用データがデータなし、または売残0で信用倍率を算出不能
2026-08-20,8129,東邦ホールディングス,プライム,3984.0,0.99,3.11,4.38,0.48,0.56,110.52,3976.0,4010.0,3948.0,4010.0,4010.0,3758.0,3574.0,3768.95,3589.3,3589.3,6,C,89.68,60.78,22.6,53.47,3965.08,4035.76,4458.04,+0.20σ,0.55,なし,通常,買い,底固め / アンチ,2,0.0,3758.0,4436.0,2.0,%K反転、%D方向改善、直近下落なし（B以下に制限）、直近安値切り上げ、RSI安値切り上げ、レンジ上限突破 / 信用需給: 信用データがデータなし、または売残0で信用倍率を算出不能,,https://finance.yahoo.co.jp/quote/8129.T,データなし,データなし,データなし,データなし,データなし,データなし,データなし,データなし,6.0,0,0,6.0,475,475,信用需給は判定不能,信用データがデータなし、または売残0で信用倍率を算出不能
2026-08-20,7280,ミツバ,プライム,1335.0,3.17,3.89,8.45,11.03,1.3,39.36,1309.0,1336.0,1285.0,1336.0,1336.0,1227.0,1123.0,1158.94,1106.04,1106.04,6,除外,99.32,84.08,9.6,71.74,1202.36,1188.07,1171.47,+2.33σ,1.02,陰線→陽線,通常,買い,底固め / アンチ,2,0.0,1227.0,1551.0,2.0,%K反転、%D方向改善、直近下落なし（B以下に制限）、直近安値切り上げ、RSI安値切り上げ、レンジ上限突破 / 信用需給: 信用データがデータなし、または売残0で信用倍率を算出不能,急騰済み（25日線上方乖離、BB +2σ大幅超過）,https://finance.yahoo.co.jp/quote/7280.T,データなし,データなし,データなし,データなし,データなし,データなし,データなし,データなし,6.0,0,0,6.0,475,475,信用需給は判定不能,信用データがデータなし、または売残0で信用倍率を算出不能
2026-08-20,2811,カゴメ,プライム,2698.5,1.43,2.68,1.83,0.61,0.48,53.71,2668.0,2698.5,2672.5,2698.5,2698.5,2589.0,2527.0,2589.08,2506.24,2506.24,6,C,100.0,69.87,22.5,54.37,2682.24,2617.01,2703.32,+0.32σ,0.58,陰線→陽線,なし,買い,底固め,1,0.0,2589.0,2917.5,2.0,%K反転、%D方向改善、直近下落なし（B以下に制限）、直近安値切り上げ、RSI安値切り上げ、レンジ上限突破 / 信用需給: 信用データがデータなし、または売残0で信用倍率を算出不能,,https://finance.yahoo.co.jp/quote/2811.T,データなし,データなし,データなし,データなし,データなし,データなし,データなし,データなし,6.0,0,0,6.0,475,475,信用需給は判定不能,信用データがデータなし、または売残0で信用倍率を算出不能
2026-08-20,2874,横浜冷凍,プライム,2174.0,0.05,3.33,4.72,1.28,0.51,93.0,2274.0,2188.0,2141.0,2274.0,2274.0,2003.0,1991.0,2073.88,2023.32,2023.32,6,C,63.1,58.09,14.65,54.73,2146.56,2106.4,1661.28,+0.98σ,0.53,陰線→陽線 / はらみ足 / 長い下ヒゲ（ハンマー）,通常,買い,アンチ,1,0.0,2003.0,2516.0,2.0,%K反転、%D方向改善、長い下ヒゲ反転、直近下落なし（B以下に制限） / 信用需給: 信用データがデータなし、または売残0で信用倍率を算出不能,,https://finance.yahoo.co.jp/quote/2874.T,データなし,データなし,データなし,データなし,データなし,データなし,データなし,データなし,6.0,0,0,6.0,475,475,信用需給は判定不能,信用データがデータなし、または売残0で信用倍率を算出不能
2026-08-20,2897,日清食品ホールディングス,プライム,2997.0,1.77,2.6,1.77,2.2,0.5,81.56,2966.5,3018.0,2977.5,3018.0,3018.0,2878.5,2754.0,2869.77,2798.43,2798.43,6,C,84.95,67.17,11.19,56.11,2932.56,2791.18,2907.98,+0.78σ,0.62,長い下ヒゲ（ハンマー）,強,買い,アンチ,1,0.0,2874.66,3241.67,2.0,%K反転、%D方向改善、長い下ヒゲ反転、直近下落なし（B以下に制限） / 信用需給: 信用データがデータなし、または売残0で信用倍率を算出不能,,https://finance.yahoo.co.jp/quote/2897.T,データなし,データなし,データなし,データなし,データなし,データなし,データなし,データなし,6.0,0,0,6.0,475,475,信用需給は判定不能,信用データがデータなし、または売残0で信用倍率を算出不能
2026-08-20,9101,日本郵船,プライム,6795.0,0.92,4.7,9.4,11.59,0.62,165.65,6893.0,6795.0,6693.0,6893.0,6893.0,6234.0,5735.0,5900.19,5609.67,5609.67,6,除外,87.47,85.78,13.8,76.13,6089.52,5626.89,5439.46,+2.08σ,0.93,陰線→陽線 / はらみ足,通常,買い,底固め / アンチ,2,0.0,6234.0,7917.0,2.0,%K反転、%D方向改善、直近下落なし（B以下に制限）、直近安値切り上げ、BB幅収縮、RSI安値切り上げ / 信用需給: 信用データがデータなし、または売残0で信用倍率を算出不能,急騰済み（25日線上方乖離、高RSI）,https://finance.yahoo.co.jp/quote/9101.T,データなし,データなし,データなし,データなし,データなし,データなし,データなし,データなし,6.0,0,0,6.0,475,475,信用需給は判定不能,信用データがデータなし、または売残0で信用倍率を算出不能
2026-08-20,9009,京成電鉄,プライム,1327.0,1.84,3.67,4.2,3.82,0.79,29.58,1309.0,1330.0,1306.5,1330.0,1330.0,1262.5,1213.5,1258.68,1235.13,1235.13,6,C,95.86,69.83,18.15,68.31,1278.12,1167.66,1220.58,+1.90σ,1.01,なし,なし,買い,底固め,1,0.0,1262.5,1456.0,2.0,%K反転、%D方向改善、直近下落なし（B以下に制限）、直近安値切り上げ、BB幅収縮、RSI安値切り上げ、レンジ上限突破 / 信用需給: 信用データがデータなし、または売残0で信用倍率を算出不能,,https://finance.yahoo.co.jp/quote/9009.T,データなし,データなし,データなし,データなし,データなし,データなし,データなし,データなし,6.0,0,0,6.0,475,475,信用需給は判定不能,信用データがデータなし、または売残0で信用倍率を算出不能
2026-08-20,9021,西日本旅客鉄道,プライム,2888.0,0.45,0.0,0.64,-2.39,0.84,67.4,2900.5,2930.0,2873.5,2930.0,2930.0,2850.5,2782.5,2854.36,2752.92,2752.92,6,C,56.02,43.27,11.04,47.83,2958.78,2780.79,3017.51,-0.67σ,0.69,なし,なし,買い,底固め,1,0.0,2786.9,3090.2,2.0,%K反転、%D方向改善、直近下落なし（B以下に制限）、直近安値切り上げ、BB幅収縮、RSI安値切り上げ / 信用需給: 信用データがデータなし、または売残0で信用倍率を算出不能,,https://finance.yahoo.co.jp/quote/9021.T,データなし,データなし,データなし,データなし,データなし,データなし,データなし,データなし,6.0,0,0,6.0,475,475,信用需給は判定不能,信用データがデータなし、または売残0で信用倍率を算出不能
2026-08-20,9024,西武ホールディングス,プライム,3431.0,2.54,4.67,5.83,-0.9,0.71,134.24,3355.0,3437.0,3342.0,3437.0,3437.0,3236.0,3177.0,3270.45,3107.15,3107.15,6,C,97.01,44.04,13.45,52.15,3462.0,3274.74,4037.96,-0.02σ,0.65,なし,なし,買い,底固め,1,0.0,3229.65,3833.71,2.0,%K反転、%D方向改善、直近下落なし（B以下に制限）、直近安値切り上げ、RSI安値切り上げ、レンジ上限突破 / 信用需給: 信用データがデータなし、または売残0で信用倍率を算出不能,,https://finance.yahoo.co.jp/quote/9024.T,データなし,データなし,データなし,データなし,データなし,データなし,データなし,データなし,6.0,0,0,6.0,475,475,信用需給は判定不能,信用データがデータなし、または売残0で信用倍率を算出不能
2026-08-20,9031,西日本鉄道,プライム,3086.0,1.11,2.15,2.08,0.3,0.64,64.55,3081.0,3099.0,3058.0,3099.0,3099.0,3009.0,2903.5,2983.04,2898.22,2898.22,6,C,87.62,58.59,22.74,55.52,3076.68,2928.61,2885.92,+0.21σ,0.98,陰線→陽線 / 長い下ヒゲ（ハンマー）,通常,買い,アンチ,1,0.0,2989.17,3279.66,2.0,%K反転、%D方向改善、長い下ヒゲ反転、直近下落なし（B以下に制限） / 信用需給: 信用データがデータなし、または売残0で信用倍率を算出不能,,https://finance.yahoo.co.jp/quote/9031.T,データなし,データなし,データなし,データなし,データなし,データなし,データなし,データなし,6.0,0,0,6.0,475,475,信用需給は判定不能,信用データがデータなし、または売残0で信用倍率を算出不能
2026-08-20,8919,カチタス,プライム,3780.0,5.0,4.13,6.03,11.25,1.3,131.19,3600.0,3785.0,3615.0,3785.0,3785.0,3500.0,3135.0,3276.69,3124.89,3124.89,6,除外,98.44,68.89,15.03,70.5,3397.8,3397.6,3230.29,+2.32σ,1.38,なし,強,買い,底固め / アンチ,2,0.0,3500.0,4340.0,2.0,%K反転、%D方向改善、直近下落なし（B以下に制限）、直近安値切り上げ、RSI安値切り上げ、レンジ上限突破 / 信用需給: 信用データがデータなし、または売残0で信用倍率を算出不能,急騰済み（25日線上方乖離、BB +2σ大幅超過）,https://finance.yahoo.co.jp/quote/8919.T,データなし,データなし,データなし,データなし,データなし,データなし,データなし,データなし,6.0,0,0,6.0,475,475,信用需給は判定不能,信用データがデータなし、または売残0で信用倍率を算出不能
2026-08-20,8923,トーセイ,プライム,1806.0,2.21,0.89,2.27,1.23,0.5,42.39,1774.0,1809.0,1788.0,1809.0,1809.0,1740.0,1721.0,1748.17,1719.85,1719.85,6,C,93.06,55.82,14.33,57.33,1784.08,1683.24,1663.17,+1.04σ,0.69,なし,通常,買い,底固め / アンチ,2,0.0,1740.0,1938.0,2.0,%K反転、%D方向改善、直近下落なし（B以下に制限）、直近安値切り上げ、ATR低下、BB幅収縮、RSI安値切り上げ / 信用需給: 信用データがデータなし、または売残0で信用倍率を算出不能,,https://finance.yahoo.co.jp/quote/8923.T,データなし,データなし,データなし,データなし,データなし,データなし,データなし,データなし,6.0,0,0,6.0,475,475,信用需給は判定不能,信用データがデータなし、または売残0で信用倍率を算出不能
2026-08-20,9001,東武鉄道,プライム,2984.0,0.78,2.0,0.84,-0.83,0.59,60.57,2989.5,2995.0,2959.5,2995.0,2995.0,2904.0,2884.5,2920.35,2838.28,2838.28,6,C,87.91,47.34,18.65,51.4,3008.94,2903.43,2818.15,-0.22σ,0.81,陰線→陽線 / 長い下ヒゲ（ハンマー）,通常,買い,アンチ,1,0.0,2893.15,3165.7,2.0,%K反転、%D方向改善、長い下ヒゲ反転、直近下落なし（B以下に制限） / 信用需給: 信用データがデータなし、または売残0で信用倍率を算出不能,,https://finance.yahoo.co.jp/quote/9001.T,データなし,データなし,データなし,データなし,データなし,データなし,データなし,データなし,6.0,0,0,6.0,475,475,信用需給は判定不能,信用データがデータなし、または売残0で信用倍率を算出不能
2026-08-20,9006,京浜急行電鉄,プライム,1555.5,1.07,2.61,2.1,0.11,0.68,27.79,1550.5,1560.5,1541.5,1560.5,1560.5,1511.0,1478.5,1504.15,1461.73,1461.73,6,C,91.23,58.55,22.56,55.02,1553.72,1522.21,1526.75,+0.21σ,0.79,陰線→陽線,通常,買い,底固め / アンチ,2,0.0,1511.0,1644.5,2.0,%K反転、%D方向改善、直近下落なし（B以下に制限）、直近安値切り上げ、RSI安値切り上げ、レンジ上限突破 / 信用需給: 信用データがデータなし、または売残0で信用倍率を算出不能,,https://finance.yahoo.co.jp/quote/9006.T,データなし,データなし,データなし,データなし,データなし,データなし,データなし,データなし,6.0,0,0,6.0,475,475,信用需給は判定不能,信用データがデータなし、または売残0で信用倍率を算出不能
2026-08-20,8876,リログループ,プライム,2150.0,1.01,1.49,-0.88,4.1,0.59,46.71,2135.5,2160.0,2132.5,2160.0,2160.0,2099.0,1948.5,2006.64,1935.85,1935.85,6,C,51.26,69.48,8.72,60.89,2065.26,1965.57,1869.08,+1.03σ,0.64,なし,通常,買い,アンチ,1,0.0,2079.94,2290.13,2.0,直近2～5日まで下落、%K反転、%D方向改善 / 信用需給: 信用データがデータなし、または売残0で信用倍率を算出不能,,https://finance.yahoo.co.jp/quote/8876.T,データなし,データなし,データなし,データなし,データなし,データなし,データなし,データなし,6.0,0,0,6.0,475,475,信用需給は判定不能,信用データがデータなし、または売残0で信用倍率を算出不能
2026-08-20,8897,ＭＩＲＡＲＴＨホールディングス,プライム,459.0,1.32,0.0,1.55,8.09,0.93,8.6,455.0,460.0,452.0,460.0,460.0,445.0,402.0,405.32,383.7,383.7,6,除外,86.36,76.91,23.73,72.31,424.64,414.03,403.78,+1.48σ,1.01,陰線→陽線 / 長い下ヒゲ（ハンマー）,通常,買い,アンチ,1,0.0,445.0,487.0,2.0,%K反転、%D方向改善、長い下ヒゲ反転、直近下落なし（B以下に制限） / 信用需給: 信用データがデータなし、または売残0で信用倍率を算出不能,急騰済み（高RSI）,https://finance.yahoo.co.jp/quote/8897.T,データなし,データなし,データなし,データなし,データなし,データなし,データなし,データなし,6.0,0,0,6.0,475,475,信用需給は判定不能,信用データがデータなし、または売残0で信用倍率を算出不能
2026-08-20,6176,ブランジスタ,スタンダード,986.0,0.92,-2.09,1.13,5.8,0.84,22.53,995.0,992.0,973.0,995.0,1014.0,961.0,882.0,897.03,860.21,860.21,6,C,64.66,74.83,13.03,65.32,931.96,921.35,842.2,+1.42σ,0.87,陰線→陽線 / はらみ足 / 長い下ヒゲ（ハンマー）,通常,買い,アンチ,1,0.0,952.21,1053.58,2.0,%K反転、%D方向改善、長い下ヒゲ反転、直近下落なし（B以下に制限） / 信用需給: 信用データがデータなし、または売残0で信用倍率を算出不能,,https://finance.yahoo.co.jp/quote/6176.T,データなし,データなし,データなし,データなし,データなし,データなし,データなし,データなし,6.0,0,0,6.0,475,475,信用需給は判定不能,信用データがデータなし、または売残0で信用倍率を算出不能
2026-08-20,6194,アトラエ,プライム,910.0,0.22,0.11,2.02,5.82,0.92,26.03,915.0,922.0,898.0,922.0,922.0,866.0,818.0,839.09,810.78,810.78,6,C,73.77,69.55,3.03,71.25,859.96,755.16,709.6,+1.50σ,1.27,なし,なし,買い,底固め,1,0.0,866.0,998.0,2.0,%K反転、%D方向改善、直近下落なし（B以下に制限）、直近安値切り上げ、BB幅収縮、RSI安値切り上げ / 信用需給: 信用データがデータなし、または売残0で信用倍率を算出不能,,https://finance.yahoo.co.jp/quote/6194.T,データなし,データなし,データなし,データなし,データなし,データなし,データなし,データなし,6.0,0,0,6.0,475,475,信用需給は判定不能,信用データがデータなし、または売残0で信用倍率を算出不能
2026-08-20,6058,ベクトル,プライム,1881.0,4.21,2.4,8.85,5.27,0.96,69.11,1841.0,1881.0,1815.0,1881.0,1881.0,1714.0,1710.0,1755.92,1715.55,1715.55,6,C,100.0,63.52,4.58,60.04,1786.8,1607.0,1394.35,+2.10σ,0.87,陰線→陽線,通常,買い,底固め / アンチ,2,0.0,1714.0,2215.0,2.0,%K反転、%D方向改善、直近下落なし（B以下に制限）、ATR低下、BB幅収縮、RSI安値切り上げ、レンジ上限突破 / 信用需給: 信用データがデータなし、または売残0で信用倍率を算出不能,,https://finance.yahoo.co.jp/quote/6058.T,データなし,データなし,データなし,データなし,データなし,データなし,データなし,データなし,6.0,0,0,6.0,475,475,信用需給は判定不能,信用データがデータなし、または売残0で信用倍率を算出不能
2026-08-20,6071,ＩＢＪ,プライム,948.0,2.6,0.85,10.62,11.61,1.04,27.9,966.0,950.0,921.0,966.0,976.0,827.0,796.0,800.35,751.25,751.25,6,除外,81.21,77.12,11.28,68.89,849.36,810.84,773.74,+2.01σ,1.19,陰線→陽線 / 前日安値割れ反転,強,買い,アンチ,1,0.0,827.0,1190.0,2.0,%K反転、%D方向改善、長い下ヒゲ反転、直近下落なし（B以下に制限） / 信用需給: 信用データがデータなし、または売残0で信用倍率を算出不能,急騰済み（25日線上方乖離）,https://finance.yahoo.co.jp/quote/6071.T,データなし,データなし,データなし,データなし,データなし,データなし,データなし,データなし,6.0,0,0,6.0,475,475,信用需給は判定不能,信用データがデータなし、または売残0で信用倍率を算出不能
2026-08-20,6088,シグマクシス・ホールディングス,プライム,562.0,2.74,4.07,3.5,-0.28,0.55,18.19,555.0,563.0,553.0,563.0,563.0,538.0,501.0,530.38,499.47,499.47,6,C,97.06,57.48,20.6,51.55,563.56,560.56,678.02,+0.02σ,0.6,陰線→陽線,通常,買い,底固め / アンチ,2,0.0,534.71,616.57,2.0,%K反転、%D方向改善、直近下落なし（B以下に制限）、直近安値切り上げ、RSI安値切り上げ、レンジ上限突破 / 信用需給: 信用データがデータなし、または売残0で信用倍率を算出不能,,https://finance.yahoo.co.jp/quote/6088.T,データなし,データなし,データなし,データなし,データなし,データなし,データなし,データなし,6.0,0,0,6.0,475,475,信用需給は判定不能,信用データがデータなし、または売残0で信用倍率を算出不能
2026-08-20,6379,レイズネクスト,プライム,3115.0,2.98,5.99,7.6,12.88,1.05,95.09,3085.0,3140.0,3040.0,3140.0,3140.0,2870.0,2526.0,2669.19,2520.68,2520.68,6,除外,91.64,64.34,13.08,78.64,2759.52,2440.45,2394.76,+2.00σ,0.9,なし,通常,買い,底固め / アンチ,2,0.0,2870.0,3605.0,2.0,%K反転、%D方向改善、直近下落なし（B以下に制限）、直近安値切り上げ、RSI安値切り上げ、レンジ上限突破 / 信用需給: 信用データがデータなし、または売残0で信用倍率を算出不能,急騰済み（25日線上方乖離、高RSI）,https://finance.yahoo.co.jp/quote/6379.T,データなし,データなし,データなし,データなし,データなし,データなし,データなし,データなし,6.0,0,0,6.0,475,475,信用需給は判定不能,信用データがデータなし、または売残0で信用倍率を算出不能
2026-08-20,6412,平和,プライム,2203.0,0.73,0.64,2.56,4.28,0.75,40.01,2207.0,2213.0,2183.0,2213.0,2221.0,2136.0,2006.0,2081.39,2030.62,2030.62,6,C,84.62,71.9,18.04,66.81,2112.68,2026.63,1997.9,+1.40σ,0.58,陰線→陽線 / 長い下ヒゲ（ハンマー）,通常,買い,アンチ,1,0.0,2136.0,2337.0,2.0,%K反転、%D方向改善、長い下ヒゲ反転、直近下落なし（B以下に制限） / 信用需給: 信用データがデータなし、または売残0で信用倍率を算出不能,,https://finance.yahoo.co.jp/quote/6412.T,データなし,データなし,データなし,データなし,データなし,データなし,データなし,データなし,6.0,0,0,6.0,475,475,信用需給は判定不能,信用データがデータなし、または売残0で信用倍率を算出不能
2026-08-20,4071,プラスアルファ・コンサルティング,プライム,2267.0,2.58,2.77,7.29,-0.86,0.54,97.04,2220.0,2272.0,2220.0,2272.0,2272.0,2110.0,2014.0,2199.77,2139.9,2139.9,6,C,64.71,49.36,8.44,45.56,2286.72,2484.59,2338.92,+0.12σ,0.68,なし,なし,買い,底固め,1,0.0,2110.0,2581.0,2.0,%K反転、%D方向改善、直近下落なし（B以下に制限）、直近安値切り上げ、BB幅収縮、RSI安値切り上げ / 信用需給: 信用データがデータなし、または売残0で信用倍率を算出不能,,https://finance.yahoo.co.jp/quote/4071.T,データなし,データなし,データなし,データなし,データなし,データなし,データなし,データなし,6.0,0,0,6.0,475,475,信用需給は判定不能,信用データがデータなし、または売残0で信用倍率を算出不能
2026-08-20,3989,シェアリングテクノロジー,グロース,1543.0,3.56,3.21,5.25,8.2,1.06,47.07,1507.0,1544.0,1494.0,1544.0,1544.0,1450.0,1308.0,1364.12,1304.84,1304.84,6,除外,99.04,84.18,11.46,72.33,1426.04,1217.23,1173.36,+2.02σ,1.37,なし,強,買い,底固め / アンチ,2,0.0,1450.0,1729.0,2.0,%K反転、%D方向改善、直近下落なし（B以下に制限）、直近安値切り上げ、BB幅収縮、RSI安値切り上げ、レンジ上限突破 / 信用需給: 信用データがデータなし、または売残0で信用倍率を算出不能,急騰済み（高RSI）,https://finance.yahoo.co.jp/quote/3989.T,データなし,データなし,データなし,データなし,データなし,データなし,データなし,データなし,6.0,0,0,6.0,475,475,信用需給は判定不能,信用データがデータなし、または売残0で信用倍率を算出不能
2026-08-20,4477,ＢＡＳＥ,グロース,312.0,4.35,5.05,9.47,3.7,1.09,9.17,306.0,312.0,302.0,312.0,312.0,285.0,280.0,288.67,279.68,279.68,6,C,100.0,45.32,10.22,62.17,300.88,281.81,302.18,+1.60σ,1.3,陰線→陽線,通常,買い,底固め / アンチ,2,0.0,285.0,366.0,2.0,%K反転、%D方向改善、直近下落なし（B以下に制限）、直近安値切り上げ、BB幅収縮、出来高減少後の増加、RSI安値切り上げ、レンジ上限突破 / 信用需給: 信用データがデータなし、または売残0で信用倍率を算出不能,,https://finance.yahoo.co.jp/quote/4477.T,データなし,データなし,データなし,データなし,データなし,データなし,データなし,データなし,6.0,0,0,6.0,475,475,信用需給は判定不能,信用データがデータなし、または売残0で信用倍率を算出不能
2026-08-20,5440,共英製鋼,プライム,1998.0,1.27,0.0,3.9,4.1,0.56,41.23,2010.0,1998.0,1975.0,2010.0,2016.0,1915.0,1826.0,1886.68,1838.65,1838.65,6,C,83.64,70.81,17.22,64.21,1919.32,1828.87,2190.26,+1.32σ,0.92,陰線→陽線 / はらみ足,通常,買い,底固め / アンチ,2,0.0,1915.0,2164.0,2.0,%K反転、%D方向改善、直近下落なし（B以下に制限）、直近安値切り上げ、BB幅収縮、RSI安値切り上げ / 信用需給: 信用データがデータなし、または売残0で信用倍率を算出不能,,https://finance.yahoo.co.jp/quote/5440.T,データなし,データなし,データなし,データなし,データなし,データなし,データなし,データなし,6.0,0,0,6.0,475,475,信用需給は判定不能,信用データがデータなし、または売残0で信用倍率を算出不能
2026-08-20,5445,東京鐵鋼,プライム,2006.0,-0.15,-0.79,0.25,2.08,1.14,33.44,2025.0,2018.0,1980.0,2025.0,2048.0,1980.0,1903.0,1940.78,1908.11,1908.11,6,C,48.15,78.31,4.13,60.75,1965.08,1881.28,1957.56,+1.00σ,1.8,陰線→陽線 / 長い下ヒゲ（ハンマー）,なし,買い,底固め,1,0.0,1955.84,2106.32,2.0,長い下ヒゲ反転、出来高増加を伴う反転、直近下落なし（B以下に制限）、直近安値切り上げ、BB幅収縮、RSI安値切り上げ / 信用需給: 信用データがデータなし、または売残0で信用倍率を算出不能,,https://finance.yahoo.co.jp/quote/5445.T,データなし,データなし,データなし,データなし,データなし,データなし,データなし,データなし,6.0,0,0,6.0,475,475,信用需給は判定不能,信用データがデータなし、または売残0で信用倍率を算出不能
2026-08-20,6238,フリュー,プライム,1424.0,3.94,2.67,5.72,3.29,1.3,40.67,1385.0,1424.0,1371.0,1424.0,1424.0,1332.0,1302.0,1358.34,1336.58,1336.58,6,C,100.0,61.22,12.75,59.35,1378.64,1343.83,1216.8,+2.02σ,1.46,陰線→陽線,通常,買い,アンチ,1,0.0,1332.0,1608.0,2.0,%K反転、%D方向改善、出来高増加を伴う反転、直近下落なし（B以下に制限） / 信用需給: 信用データがデータなし、または売残0で信用倍率を算出不能,,https://finance.yahoo.co.jp/quote/6238.T,データなし,データなし,データなし,データなし,データなし,データなし,データなし,データなし,6.0,0,0,6.0,475,475,信用需給は判定不能,信用データがデータなし、または売残0で信用倍率を算出不能
2026-08-20,4432,ウイングアーク１ｓｔ,プライム,3320.0,2.79,4.73,4.4,8.15,0.62,88.01,3275.0,3330.0,3275.0,3330.0,3330.0,3170.0,2790.0,2999.49,2871.33,2871.33,6,C,95.56,61.26,11.32,71.92,3069.92,2665.08,2958.52,+1.50σ,0.45,陰線→陽線,通常,買い,底固め / アンチ,2,0.0,3170.0,3620.0,2.0,%K反転、%D方向改善、直近下落なし（B以下に制限）、直近安値切り上げ、BB幅収縮、レンジ上限突破 / 信用需給: 信用データがデータなし、または売残0で信用倍率を算出不能,,https://finance.yahoo.co.jp/quote/4432.T,データなし,データなし,データなし,データなし,データなし,データなし,データなし,データなし,6.0,0,0,6.0,475,475,信用需給は判定不能,信用データがデータなし、または売残0で信用倍率を算出不能
2026-08-20,4776,サイボウズ,プライム,3075.0,5.2,5.34,10.61,12.9,0.97,108.28,3000.0,3090.0,2985.0,3090.0,3090.0,2701.0,2431.0,2609.52,2458.65,2458.65,6,除外,96.14,75.12,14.2,70.3,2723.56,2501.11,2523.22,+2.09σ,1.22,陰線→陽線,通常,買い,底固め / アンチ,2,0.0,2701.0,3823.0,2.0,%K反転、%D方向改善、直近下落なし（B以下に制限）、直近安値切り上げ、RSI安値切り上げ、レンジ上限突破 / 信用需給: 信用データがデータなし、または売残0で信用倍率を算出不能,急騰済み（25日線上方乖離）,https://finance.yahoo.co.jp/quote/4776.T,データなし,データなし,データなし,データなし,データなし,データなし,データなし,データなし,6.0,0,0,6.0,475,475,信用需給は判定不能,信用データがデータなし、または売残0で信用倍率を算出不能
2026-08-20,4825,ウェザーニューズ,プライム,2100.0,2.29,2.14,4.9,5.77,0.86,40.7,2058.0,2100.0,2065.0,2100.0,2100.0,1997.0,1900.0,1937.8,1888.29,1888.29,6,除外,100.0,71.52,15.4,65.99,1985.48,2036.33,2015.16,+2.28σ,1.25,なし,なし,買い,底固め,1,0.0,1997.0,2306.0,2.0,%K反転、%D方向改善、直近下落なし（B以下に制限）、直近安値切り上げ、BB幅収縮、RSI安値切り上げ、レンジ上限突破 / 信用需給: 信用データがデータなし、または売残0で信用倍率を算出不能,急騰済み（BB +2σ大幅超過）,https://finance.yahoo.co.jp/quote/4825.T,データなし,データなし,データなし,データなし,データなし,データなし,データなし,データなし,6.0,0,0,6.0,475,475,信用需給は判定不能,信用データがデータなし、または売残0で信用倍率を算出不能
2026-08-20,8622,水戸証券,プライム,919.0,3.72,6.98,6.86,12.82,1.11,27.98,897.0,919.0,888.0,919.0,919.0,844.0,764.0,795.07,756.48,756.48,6,除外,100.0,80.12,0.91,80.09,814.6,708.43,648.1,+2.21σ,1.39,なし,なし,買い,底固め,1,0.0,844.0,1069.0,2.0,%K反転、%D方向改善、直近下落なし（B以下に制限）、直近安値切り上げ、BB幅収縮、RSI安値切り上げ、レンジ上限突破 / 信用需給: 信用データがデータなし、または売残0で信用倍率を算出不能,急騰済み（25日線上方乖離、高RSI、BB +2σ大幅超過）,https://finance.yahoo.co.jp/quote/8622.T,データなし,データなし,データなし,データなし,データなし,データなし,データなし,データなし,6.0,0,0,6.0,475,475,信用需給は判定不能,信用データがデータなし、または売残0で信用倍率を算出不能
2026-08-20,8614,東洋証券,プライム,717.0,2.58,5.29,4.37,6.29,1.16,16.42,701.0,717.0,698.0,717.0,717.0,672.0,633.0,660.88,646.25,646.25,6,除外,100.0,79.73,10.11,70.73,674.56,639.15,662.06,+2.84σ,1.42,なし,なし,買い,底固め,1,0.0,672.0,807.0,2.0,%K反転、%D方向改善、直近下落なし（B以下に制限）、直近安値切り上げ、BB幅収縮、RSI安値切り上げ、レンジ上限突破 / 信用需給: 信用データがデータなし、または売残0で信用倍率を算出不能,急騰済み（BB +2σ大幅超過）,https://finance.yahoo.co.jp/quote/8614.T,データなし,データなし,データなし,データなし,データなし,データなし,データなし,データなし,6.0,0,0,6.0,475,475,信用需給は判定不能,信用データがデータなし、または売残0で信用倍率を算出不能
2026-08-20,5949,ユニプレス,プライム,1342.0,2.68,1.82,3.55,2.71,0.93,29.18,1325.0,1344.0,1317.0,1344.0,1344.0,1294.0,1265.0,1293.09,1273.32,1273.32,6,C,96.72,59.92,14.1,58.04,1306.56,1270.88,1297.21,+1.47σ,0.82,陰線→陽線,強,買い,底固め / アンチ,2,0.0,1294.0,1438.0,2.0,%K反転、%D方向改善、直近下落なし（B以下に制限）、直近安値切り上げ、BB幅収縮、RSI安値切り上げ / 信用需給: 信用データがデータなし、または売残0で信用倍率を算出不能,,https://finance.yahoo.co.jp/quote/5949.T,データなし,データなし,データなし,データなし,データなし,データなし,データなし,データなし,6.0,0,0,6.0,475,475,信用需給は判定不能,信用データがデータなし、または売残0で信用倍率を算出不能
2026-08-20,4552,ＪＣＲファーマ,プライム,546.0,3.41,9.64,3.61,6.77,0.66,18.28,532.0,546.0,534.0,546.0,546.0,496.0,453.0,489.18,469.27,469.27,6,C,100.0,78.47,18.24,64.04,511.36,491.33,589.8,+1.85σ,1.03,陰線→陽線,なし,買い,底固め,1,0.0,496.0,646.0,2.0,%K反転、%D方向改善、直近下落なし（B以下に制限）、直近安値切り上げ、BB幅収縮、レンジ上限突破 / 信用需給: 信用データがデータなし、または売残0で信用倍率を算出不能,,https://finance.yahoo.co.jp/quote/4552.T,データなし,データなし,データなし,データなし,データなし,データなし,データなし,データなし,6.0,0,0,6.0,475,475,信用需給は判定不能,信用データがデータなし、または売残0で信用倍率を算出不能
2026-08-20,4569,杏林製薬,プライム,1166.0,1.48,4.39,5.14,2.05,0.68,26.3,1160.0,1175.0,1157.0,1175.0,1175.0,1105.0,1052.0,1093.73,1050.76,1050.76,6,C,88.0,67.06,24.24,56.29,1142.6,1210.8,1440.0,+0.68σ,1.38,なし,通常,買い,底固め / アンチ,2,0.0,1105.0,1288.0,2.0,%K反転、%D方向改善、直近下落なし（B以下に制限）、直近安値切り上げ、RSI安値切り上げ、レンジ上限突破 / 信用需給: 信用データがデータなし、または売残0で信用倍率を算出不能,,https://finance.yahoo.co.jp/quote/4569.T,データなし,データなし,データなし,データなし,データなし,データなし,データなし,データなし,6.0,0,0,6.0,475,475,信用需給は判定不能,信用データがデータなし、または売残0で信用倍率を算出不能
2026-08-20,4996,クミアイ化学工業,プライム,787.0,2.47,3.01,3.42,5.5,1.36,12.5,773.0,787.0,770.0,787.0,787.0,755.0,728.0,734.81,719.41,719.41,6,除外,100.0,81.7,3.22,72.92,746.0,742.36,728.83,+2.39σ,1.45,なし,強,買い,底固め / アンチ,2,0.0,755.0,851.0,2.0,%K反転、%D方向改善、直近下落なし（B以下に制限）、直近安値切り上げ、RSI安値切り上げ、レンジ上限突破 / 信用需給: 信用データがデータなし、または売残0で信用倍率を算出不能,急騰済み（高RSI、BB +2σ大幅超過）,https://finance.yahoo.co.jp/quote/4996.T,データなし,データなし,データなし,データなし,データなし,データなし,データなし,データなし,6.0,0,0,6.0,475,475,信用需給は判定不能,信用データがデータなし、または売残0で信用倍率を算出不能
2026-08-20,5019,出光興産,プライム,1349.5,0.93,1.47,5.18,3.76,0.85,35.32,1364.5,1361.0,1331.0,1364.5,1381.5,1269.5,1228.0,1273.7,1241.15,1241.15,6,C,71.43,70.47,19.44,58.81,1300.66,1305.55,1306.63,+1.33σ,1.14,陰線→陽線 / はらみ足,強,買い,底固め / アンチ,2,0.0,1269.5,1509.5,2.0,%K反転、%D方向改善、直近下落なし（B以下に制限）、直近安値切り上げ、BB幅収縮、RSI安値切り上げ / 信用需給: 信用データがデータなし、または売残0で信用倍率を算出不能,,https://finance.yahoo.co.jp/quote/5019.T,データなし,データなし,データなし,データなし,データなし,データなし,データなし,データなし,6.0,0,0,6.0,475,475,信用需給は判定不能,信用データがデータなし、または売残0で信用倍率を算出不能
2026-08-20,4922,コーセーホールディングス,プライム,5804.0,0.8,3.07,1.49,2.06,1.25,189.04,5911.0,5980.0,5744.0,5980.0,5980.0,5589.0,5376.0,5604.61,5466.62,5466.62,6,C,54.99,51.92,5.96,56.81,5687.08,5431.57,5550.98,+0.44σ,1.28,なし,強,買い,底固め / アンチ,2,0.0,5520.45,6371.11,2.0,%K反転、%D方向改善、直近下落なし（B以下に制限）、直近安値切り上げ、BB幅収縮、出来高減少後の増加 / 信用需給: 信用データがデータなし、または売残0で信用倍率を算出不能,,https://finance.yahoo.co.jp/quote/4922.T,データなし,データなし,データなし,データなし,データなし,データなし,データなし,データなし,6.0,0,0,6.0,475,475,信用需給は判定不能,信用データがデータなし、または売残0で信用倍率を算出不能
2026-08-20,4927,ポーラ・オルビスホールディングス,プライム,1406.0,0.46,2.07,-0.74,3.44,0.71,30.12,1405.0,1417.5,1396.0,1417.5,1417.5,1366.0,1281.0,1322.91,1278.79,1278.79,6,C,58.39,69.0,10.84,60.18,1359.28,1304.49,1322.44,+0.88σ,0.93,なし,通常,買い,アンチ,1,0.0,1360.81,1496.37,2.0,直近2～5日まで下落、%K反転、%D方向改善 / 信用需給: 信用データがデータなし、または売残0で信用倍率を算出不能,,https://finance.yahoo.co.jp/quote/4927.T,データなし,データなし,データなし,データなし,データなし,データなし,データなし,データなし,6.0,0,0,6.0,475,475,信用需給は判定不能,信用データがデータなし、または売残0で信用倍率を算出不能
2026-08-20,4849,エン,プライム,1586.0,3.8,7.82,10.83,18.01,0.87,49.43,1538.0,1586.0,1543.0,1586.0,1586.0,1416.0,1222.0,1262.16,1156.53,1156.53,6,除外,100.0,82.63,21.18,80.36,1343.96,1238.35,1310.36,+2.07σ,1.26,なし,なし,買い,底固め,1,0.0,1416.0,1926.0,2.0,%K反転、%D方向改善、直近下落なし（B以下に制限）、直近安値切り上げ、RSI安値切り上げ、レンジ上限突破 / 信用需給: 信用データがデータなし、または売残0で信用倍率を算出不能,急騰済み（25日線上方乖離、高RSI）,https://finance.yahoo.co.jp/quote/4849.T,データなし,データなし,データなし,データなし,データなし,データなし,データなし,データなし,6.0,0,0,6.0,475,475,信用需給は判定不能,信用データがデータなし、または売残0で信用倍率を算出不能
2026-08-20,4886,あすか製薬ホールディングス,プライム,2227.0,1.69,5.15,6.5,3.16,0.58,63.8,2208.0,2227.0,2190.0,2227.0,2227.0,2063.0,1917.0,2058.76,1978.16,1978.16,6,C,100.0,69.35,22.2,56.15,2158.76,2424.08,2334.18,+1.09σ,1.45,なし,通常,買い,底固め / アンチ,2,0.0,2063.0,2555.0,2.0,%K反転、%D方向改善、直近下落なし（B以下に制限）、直近安値切り上げ、出来高減少後の増加、RSI安値切り上げ、レンジ上限突破 / 信用需給: 信用データがデータなし、または売残0で信用倍率を算出不能,,https://finance.yahoo.co.jp/quote/4886.T,データなし,データなし,データなし,データなし,データなし,データなし,データなし,データなし,6.0,0,0,6.0,475,475,信用需給は判定不能,信用データがデータなし、または売残0で信用倍率を算出不能
2026-08-20,7186,横浜フィナンシャルグループ,プライム,1853.0,0.0,-3.04,-3.84,-1.59,0.68,55.86,1911.5,1865.5,1827.5,1911.5,1970.0,1827.5,1750.0,1833.17,1782.66,1782.66,6,C,17.89,64.32,0.92,48.41,1882.98,1758.71,1525.22,-0.61σ,1.11,陰線→陽線 / 2～5日下落後の陽線,なし,買い,底固め,1,0.0,1769.21,2020.58,2.0,直近2～5日まで下落、2～5日下落後の陽線、直近安値切り上げ、BB幅収縮、RSI安値切り上げ / 信用需給: 信用データがデータなし、または売残0で信用倍率を算出不能,,https://finance.yahoo.co.jp/quote/7186.T,データなし,データなし,データなし,データなし,データなし,データなし,データなし,データなし,6.0,0,0,6.0,475,475,信用需給は判定不能,信用データがデータなし、または売残0で信用倍率を算出不能
2026-08-20,7747,朝日インテック,プライム,4124.0,3.83,0.51,5.42,11.71,1.48,139.82,4130.0,4252.0,4045.0,4252.0,4282.0,3817.0,3353.0,3520.1,3297.79,3297.79,6,除外,66.02,81.08,0.05,67.85,3691.68,3638.17,3229.65,+1.72σ,2.11,陰線→陽線,通常,買い,アンチ,1,0.0,3817.0,4738.0,2.0,%K反転、%D方向改善、出来高増加を伴う反転、直近下落なし（B以下に制限） / 信用需給: 信用データがデータなし、または売残0で信用倍率を算出不能,急騰済み（25日線上方乖離）,https://finance.yahoo.co.jp/quote/7747.T,データなし,データなし,データなし,データなし,データなし,データなし,データなし,データなし,6.0,0,0,6.0,475,475,信用需給は判定不能,信用データがデータなし、または売残0で信用倍率を算出不能
2026-08-20,2503,キリンホールディングス,プライム,3032.0,1.12,1.07,-0.3,2.19,0.54,82.59,3051.0,3049.0,3004.0,3051.0,3051.0,2974.0,2805.5,2907.01,2827.99,2827.99,6,C,36.71,57.91,7.25,55.96,2966.94,2797.97,2583.82,+0.58σ,0.59,はらみ足,通常,買い,アンチ,1,0.0,2908.11,3279.77,2.0,直近2～5日まで下落、%K反転、%D方向改善 / 信用需給: 信用データがデータなし、または売残0で信用倍率を算出不能,,https://finance.yahoo.co.jp/quote/2503.T,データなし,データなし,データなし,データなし,データなし,データなし,データなし,データなし,6.0,0,0,6.0,475,475,信用需給は判定不能,信用データがデータなし、または売残0で信用倍率を算出不能
2026-08-20,2531,宝ホールディングス,プライム,2195.0,3.93,4.95,7.07,3.88,0.9,65.83,2120.0,2203.0,2143.5,2203.0,2203.0,2024.5,1916.0,2039.58,1981.59,1981.59,6,C,96.21,65.43,22.63,59.82,2112.94,2097.65,1791.59,+1.68σ,1.11,なし,なし,買い,底固め,1,0.0,2024.5,2536.0,2.0,%K反転、%D方向改善、直近下落なし（B以下に制限）、直近安値切り上げ、RSI安値切り上げ、レンジ上限突破 / 信用需給: 信用データがデータなし、または売残0で信用倍率を算出不能,,https://finance.yahoo.co.jp/quote/2531.T,データなし,データなし,データなし,データなし,データなし,データなし,データなし,データなし,6.0,0,0,6.0,475,475,信用需給は判定不能,信用データがデータなし、または売残0で信用倍率を算出不能
2026-08-20,2317,システナ,プライム,442.0,2.55,1.84,3.27,3.06,0.65,10.75,434.0,446.0,439.0,446.0,446.0,427.0,412.0,417.72,404.49,404.49,6,C,83.33,62.11,16.77,58.57,428.88,417.63,453.24,+0.84σ,0.84,なし,強,買い,底固め / アンチ,2,0.0,425.87,474.25,2.0,%K反転、%D方向改善、直近下落なし（B以下に制限）、直近安値切り上げ、RSI安値切り上げ、レンジ上限突破 / 信用需給: 信用データがデータなし、または売残0で信用倍率を算出不能,,https://finance.yahoo.co.jp/quote/2317.T,データなし,データなし,データなし,データなし,データなし,データなし,データなし,データなし,6.0,0,0,6.0,475,475,信用需給は判定不能,信用データがデータなし、または売残0で信用倍率を算出不能
2026-08-20,2353,日本駐車場開発,プライム,270.0,1.89,2.27,5.47,4.72,0.9,5.54,267.0,270.0,265.0,270.0,270.0,255.0,244.0,249.73,242.47,242.47,6,C,100.0,81.87,22.32,64.67,257.84,251.68,264.18,+1.79σ,0.63,なし,通常,買い,底固め / アンチ,2,0.0,255.0,300.0,2.0,%K反転、%D方向改善、直近下落なし（B以下に制限）、直近安値切り上げ、RSI安値切り上げ、レンジ上限突破 / 信用需給: 信用データがデータなし、または売残0で信用倍率を算出不能,,https://finance.yahoo.co.jp/quote/2353.T,データなし,データなし,データなし,データなし,データなし,データなし,データなし,データなし,6.0,0,0,6.0,475,475,信用需給は判定不能,信用データがデータなし、または売残0で信用倍率を算出不能
2026-08-20,3148,クリエイトＳＤホールディングス,プライム,3425.0,0.88,2.39,3.32,2.24,0.73,61.55,3415.0,3445.0,3400.0,3445.0,3445.0,3290.0,3210.0,3274.42,3200.34,3200.34,6,C,88.24,70.47,23.55,61.0,3350.0,3284.4,3287.65,+1.03σ,1.04,陰線→陽線,通常,買い,底固め / アンチ,2,0.0,3290.0,3695.0,2.0,%K反転、%D方向改善、直近下落なし（B以下に制限）、直近安値切り上げ、RSI安値切り上げ、レンジ上限突破 / 信用需給: 信用データがデータなし、または売残0で信用倍率を算出不能,,https://finance.yahoo.co.jp/quote/3148.T,データなし,データなし,データなし,データなし,データなし,データなし,データなし,データなし,6.0,0,0,6.0,475,475,信用需給は判定不能,信用データがデータなし、または売残0で信用倍率を算出不能
2026-08-20,3179,シュッピン,プライム,1284.0,4.14,4.14,5.07,1.75,1.07,47.71,1239.0,1284.0,1233.0,1284.0,1284.0,1206.0,1193.0,1229.66,1170.48,1170.48,6,C,100.0,31.32,-3.73,57.38,1261.96,1133.91,1176.76,-0.08σ,0.73,陰線→陽線,なし,買い,底固め,1,0.0,1206.0,1440.0,2.0,%K反転、%D方向改善、直近下落なし（B以下に制限）、直近安値切り上げ、BB幅収縮、RSI安値切り上げ / 信用需給: 信用データがデータなし、または売残0で信用倍率を算出不能,,https://finance.yahoo.co.jp/quote/3179.T,データなし,データなし,データなし,データなし,データなし,データなし,データなし,データなし,6.0,0,0,6.0,475,475,信用需給は判定不能,信用データがデータなし、または売残0で信用倍率を算出不能
2026-08-20,3028,アルペン,プライム,2378.0,1.06,1.06,1.11,5.36,0.48,45.82,2380.0,2378.0,2356.0,2380.0,2384.0,2317.0,2143.0,2200.76,2124.58,2124.58,6,C,91.18,82.51,19.9,70.44,2257.08,2108.39,2170.13,+1.33σ,0.58,陰線→陽線 / はらみ足 / 長い下ヒゲ（ハンマー）,強,買い,アンチ,1,0.0,2309.28,2515.45,2.0,%K反転、%D方向改善、長い下ヒゲ反転、直近下落なし（B以下に制限） / 信用需給: 信用データがデータなし、または売残0で信用倍率を算出不能,,https://finance.yahoo.co.jp/quote/3028.T,データなし,データなし,データなし,データなし,データなし,データなし,データなし,データなし,6.0,0,0,6.0,475,475,信用需給は判定不能,信用データがデータなし、または売残0で信用倍率を算出不能
2026-08-20,3048,ビックカメラ,プライム,1799.0,3.01,4.84,4.47,4.28,1.22,36.49,1754.0,1799.0,1754.5,1799.0,1799.0,1703.5,1669.0,1697.51,1656.74,1656.74,6,C,100.0,64.87,23.48,64.37,1725.16,1705.9,1692.84,+1.49σ,1.81,なし,なし,買い,底固め,1,0.0,1703.5,1990.0,2.0,%K反転、%D方向改善、直近下落なし（B以下に制限）、直近安値切り上げ、RSI安値切り上げ、レンジ上限突破 / 信用需給: 信用データがデータなし、または売残0で信用倍率を算出不能,,https://finance.yahoo.co.jp/quote/3048.T,データなし,データなし,データなし,データなし,データなし,データなし,データなし,データなし,6.0,0,0,6.0,475,475,信用需給は判定不能,信用データがデータなし、または売残0で信用倍率を算出不能
2026-08-20,3050,ＤＣＭホールディングス,プライム,1607.0,1.77,2.88,3.01,4.27,0.86,29.05,1590.0,1610.0,1585.0,1610.0,1610.0,1548.0,1480.0,1519.44,1486.44,1486.44,6,C,95.16,74.15,21.73,64.75,1541.24,1506.31,1560.04,+1.65σ,0.91,陰線→陽線,通常,買い,底固め / アンチ,2,0.0,1548.0,1725.0,2.0,%K反転、%D方向改善、直近下落なし（B以下に制限）、直近安値切り上げ、RSI安値切り上げ、レンジ上限突破 / 信用需給: 信用データがデータなし、または売残0で信用倍率を算出不能,,https://finance.yahoo.co.jp/quote/3050.T,データなし,データなし,データなし,データなし,データなし,データなし,データなし,データなし,6.0,0,0,6.0,475,475,信用需給は判定不能,信用データがデータなし、または売残0で信用倍率を算出不能
2026-08-20,9513,電源開発,プライム,3935.0,0.64,0.05,1.26,2.61,0.84,79.97,3955.0,3977.0,3910.0,3977.0,3977.0,3873.0,3629.0,3819.52,3773.04,3773.04,6,C,68.89,75.02,-1.0,59.4,3834.92,3877.29,3612.69,+1.48σ,0.68,なし,なし,買い,底固め,1,0.0,3815.05,4174.91,2.0,%K反転、%D方向改善、直近下落なし（B以下に制限）、直近安値切り上げ、BB幅収縮、RSI安値切り上げ / 信用需給: 信用データがデータなし、または売残0で信用倍率を算出不能,,https://finance.yahoo.co.jp/quote/9513.T,データなし,データなし,データなし,データなし,データなし,データなし,データなし,データなし,6.0,0,0,6.0,475,475,信用需給は判定不能,信用データがデータなし、または売残0で信用倍率を算出不能
2026-08-20,9956,バローホールディングス,プライム,3250.0,1.25,1.25,2.52,0.31,0.87,91.65,3265.0,3265.0,3185.0,3265.0,3265.0,3160.0,3115.0,3155.0,3078.99,3078.99,6,C,88.89,45.35,18.36,48.53,3239.8,3439.13,3443.82,+0.25σ,0.73,はらみ足,通常,買い,底固め / アンチ,2,0.0,3112.53,3524.94,2.0,%K反転、%D方向改善、直近下落なし（B以下に制限）、直近安値切り上げ、ATR低下、BB幅収縮、RSI安値切り上げ / 信用需給: 信用データがデータなし、または売残0で信用倍率を算出不能,,https://finance.yahoo.co.jp/quote/9956.T,データなし,データなし,データなし,データなし,データなし,データなし,データなし,データなし,6.0,0,0,6.0,475,475,信用需給は判定不能,信用データがデータなし、または売残0で信用倍率を算出不能
2026-08-20,9987,スズケン,プライム,5133.0,0.84,2.97,2.13,1.05,0.99,118.85,5152.0,5174.0,5056.0,5174.0,5174.0,4962.0,4770.0,4905.33,4751.15,4751.15,6,C,83.06,63.2,24.5,55.61,5079.8,5104.37,5725.18,+0.48σ,0.64,陰線→陽線 / 長い下ヒゲ（ハンマー）,通常,買い,アンチ,1,0.0,4954.72,5489.56,2.0,%K反転、%D方向改善、長い下ヒゲ反転、直近下落なし（B以下に制限） / 信用需給: 信用データがデータなし、または売残0で信用倍率を算出不能,,https://finance.yahoo.co.jp/quote/9987.T,データなし,データなし,データなし,データなし,データなし,データなし,データなし,データなし,6.0,0,0,6.0,475,475,信用需給は判定不能,信用データがデータなし、または売残0で信用倍率を算出不能
2026-08-20,9744,メイテックグループホールディングス,プライム,3333.0,0.39,0.85,-0.21,1.04,0.98,48.8,3332.0,3357.0,3309.0,3357.0,3357.0,3285.0,3202.0,3265.28,3218.21,3218.21,6,C,60.76,61.94,9.18,58.28,3298.72,3142.11,3298.65,+0.44σ,0.74,なし,通常,買い,底固め / アンチ,2,0.0,3259.8,3479.39,2.0,%K反転、%D方向改善、直近下落なし（B以下に制限）、直近安値切り上げ、BB幅収縮、RSI安値切り上げ / 信用需給: 信用データがデータなし、または売残0で信用倍率を算出不能,,https://finance.yahoo.co.jp/quote/9744.T,データなし,データなし,データなし,データなし,データなし,データなし,データなし,データなし,6.0,0,0,6.0,475,475,信用需給は判定不能,信用データがデータなし、または売残0で信用倍率を算出不能
2026-08-20,9511,沖縄電力,プライム,1171.0,2.54,2.54,6.26,14.21,1.09,26.66,1142.0,1174.0,1145.0,1174.0,1174.0,1092.0,919.0,968.14,886.28,886.28,6,除外,97.03,85.18,1.29,81.58,1025.32,951.88,1031.06,+1.48σ,0.86,なし,なし,買い,底固め,1,0.0,1092.0,1329.0,2.0,%K反転、%D方向改善、直近下落なし（B以下に制限）、直近安値切り上げ、RSI安値切り上げ、レンジ上限突破 / 信用需給: 信用データがデータなし、または売残0で信用倍率を算出不能,急騰済み（25日線上方乖離、高RSI）,https://finance.yahoo.co.jp/quote/9511.T,データなし,データなし,データなし,データなし,データなし,データなし,データなし,データなし,6.0,0,0,6.0,475,475,信用需給は判定不能,信用データがデータなし、または売残0で信用倍率を算出不能
2026-08-20,9766,コナミグループ,プライム,22160.0,2.21,2.62,4.36,8.82,0.74,828.96,22080.0,22685.0,22075.0,22685.0,22685.0,21080.0,17830.0,19668.37,18489.5,18489.5,6,C,70.0,65.19,8.89,64.38,20364.6,19410.73,20504.42,+1.11σ,0.68,なし,通常,買い,底固め / アンチ,2,0.0,20916.57,24646.87,2.0,%K反転、%D方向改善、直近下落なし（B以下に制限）、直近安値切り上げ、RSI安値切り上げ、レンジ上限突破 / 信用需給: 信用データがデータなし、または売残0で信用倍率を算出不能,,https://finance.yahoo.co.jp/quote/9766.T,データなし,データなし,データなし,データなし,データなし,データなし,データなし,データなし,6.0,0,0,6.0,475,475,信用需給は判定不能,信用データがデータなし、または売残0で信用倍率を算出不能
2026-08-20,9509,北海道電力,プライム,1076.0,2.82,1.8,4.26,4.67,0.95,26.32,1067.0,1078.5,1053.5,1078.5,1078.5,1022.0,1001.0,1013.89,995.92,995.92,6,除外,96.12,62.31,8.86,64.68,1028.0,972.93,1042.85,+2.46σ,1.06,陰線→陽線,強,買い,底固め / アンチ,2,0.0,1022.0,1184.0,2.0,%K反転、%D方向改善、直近下落なし（B以下に制限）、直近安値切り上げ、BB幅収縮、RSI安値切り上げ、レンジ上限突破 / 信用需給: 信用データがデータなし、または売残0で信用倍率を算出不能,急騰済み（BB +2σ大幅超過）,https://finance.yahoo.co.jp/quote/9509.T,データなし,データなし,データなし,データなし,データなし,データなし,データなし,データなし,6.0,0,0,6.0,475,475,信用需給は判定不能,信用データがデータなし、または売残0で信用倍率を算出不能
2026-08-20,9505,北陸電力,プライム,984.6,2.18,2.59,2.88,4.03,0.87,24.51,981.8,993.7,972.3,993.7,993.7,953.0,909.3,929.83,907.1,907.1,6,C,87.22,61.23,23.05,61.83,946.45,893.75,961.19,+1.41σ,0.77,なし,通常,買い,底固め / アンチ,2,0.0,947.83,1058.13,2.0,%K反転、%D方向改善、直近下落なし（B以下に制限）、直近安値切り上げ、BB幅収縮、RSI安値切り上げ / 信用需給: 信用データがデータなし、または売残0で信用倍率を算出不能,,https://finance.yahoo.co.jp/quote/9505.T,データなし,データなし,データなし,データなし,データなし,データなし,データなし,データなし,6.0,0,0,6.0,475,475,信用需給は判定不能,信用データがデータなし、または売残0で信用倍率を算出不能
2026-08-20,9682,ＤＴＳ,プライム,1122.0,2.47,3.79,4.57,3.03,0.58,29.12,1107.0,1124.0,1107.0,1124.0,1124.0,1074.0,1030.0,1051.9,1011.55,1011.55,6,C,97.01,60.48,22.76,59.89,1088.96,1037.17,1118.88,+0.74σ,0.52,陰線→陽線,通常,買い,底固め / アンチ,2,0.0,1074.0,1218.0,2.0,%K反転、%D方向改善、直近下落なし（B以下に制限）、直近安値切り上げ、RSI安値切り上げ、レンジ上限突破 / 信用需給: 信用データがデータなし、または売残0で信用倍率を算出不能,,https://finance.yahoo.co.jp/quote/9682.T,データなし,データなし,データなし,データなし,データなし,データなし,データなし,データなし,6.0,0,0,6.0,475,475,信用需給は判定不能,信用データがデータなし、または売残0で信用倍率を算出不能
2026-08-20,9708,帝国ホテル,スタンダード,1006.0,0.7,2.44,1.41,1.44,1.13,15.02,999.0,1012.0,995.0,1012.0,1012.0,981.0,973.0,981.56,972.32,972.32,6,C,80.65,49.57,21.63,55.12,991.72,1027.76,1209.45,+1.65σ,1.08,強気包み足,なし,買い,底固め,1,0.0,981.0,1056.0,2.0,%D方向改善、陽の包み足、直近下落なし（B以下に制限）、直近安値切り上げ、RSI安値切り上げ、レンジ上限突破 / 信用需給: 信用データがデータなし、または売残0で信用倍率を算出不能,,https://finance.yahoo.co.jp/quote/9708.T,データなし,データなし,データなし,データなし,データなし,データなし,データなし,データなし,6.0,0,0,6.0,475,475,信用需給は判定不能,信用データがデータなし、または売残0で信用倍率を算出不能
2026-08-20,9716,乃村工藝社,プライム,1233.0,1.57,1.73,4.23,3.54,0.93,23.69,1219.0,1238.0,1216.0,1238.0,1238.0,1185.0,1147.0,1172.46,1151.62,1151.62,6,C,92.06,71.3,17.13,66.21,1190.88,1136.13,1229.01,+1.91σ,1.26,なし,なし,買い,底固め,1,0.0,1185.0,1329.0,2.0,%K反転、%D方向改善、直近下落なし（B以下に制限）、直近安値切り上げ、BB幅収縮、出来高減少後の増加、RSI安値切り上げ、レンジ上限突破 / 信用需給: 信用データがデータなし、または売残0で信用倍率を算出不能,,https://finance.yahoo.co.jp/quote/9716.T,データなし,データなし,データなし,データなし,データなし,データなし,データなし,データなし,6.0,0,0,6.0,475,475,信用需給は判定不能,信用データがデータなし、または売残0で信用倍率を算出不能
2026-08-20,1379,ホクト,プライム,2109.0,2.83,5.08,6.68,7.78,0.93,42.86,2054.0,2109.0,2069.0,2109.0,2109.0,1952.0,1855.0,1903.96,1844.27,1844.27,6,除外,100.0,62.28,25.02,72.74,1956.72,1895.49,1941.51,+2.44σ,1.73,なし,なし,買い,底固め,1,0.0,1952.0,2423.0,2.0,%K反転、%D方向改善、直近下落なし（B以下に制限）、直近安値切り上げ、RSI安値切り上げ、レンジ上限突破 / 信用需給: 信用データがデータなし、または売残0で信用倍率を算出不能,急騰済み（高RSI、BB +2σ大幅超過）,https://finance.yahoo.co.jp/quote/1379.T,データなし,データなし,データなし,データなし,データなし,データなし,データなし,データなし,6.0,0,0,6.0,475,475,信用需給は判定不能,信用データがデータなし、または売残0で信用倍率を算出不能
2026-08-20,9517,イーレックス,プライム,888.0,2.9,4.35,5.34,3.16,0.92,30.41,874.0,900.0,872.0,900.0,900.0,830.0,811.0,839.99,823.03,823.03,6,C,85.88,60.15,12.26,61.58,860.76,833.0,774.6,+1.83σ,1.91,なし,なし,買い,底固め,1,0.0,830.0,1004.0,2.0,%K反転、%D方向改善、直近下落なし（B以下に制限）、直近安値切り上げ、BB幅収縮、RSI安値切り上げ、レンジ上限突破 / 信用需給: 信用データがデータなし、または売残0で信用倍率を算出不能,,https://finance.yahoo.co.jp/quote/9517.T,データなし,データなし,データなし,データなし,データなし,データなし,データなし,データなし,6.0,0,0,6.0,475,475,信用需給は判定不能,信用データがデータなし、または売残0で信用倍率を算出不能
2026-08-20,1377,サカタのタネ,プライム,4500.0,1.01,2.74,2.27,2.44,0.77,77.7,4475.0,4510.0,4450.0,4510.0,4510.0,4360.0,4265.0,4333.25,4268.0,4268.0,6,C,93.33,67.67,24.17,62.97,4393.0,4247.53,4207.77,+1.56σ,0.9,なし,通常,買い,底固め / アンチ,2,0.0,4360.0,4780.0,2.0,%K反転、%D方向改善、直近下落なし（B以下に制限）、直近安値切り上げ、BB幅収縮、レンジ上限突破 / 信用需給: 信用データがデータなし、または売残0で信用倍率を算出不能,,https://finance.yahoo.co.jp/quote/1377.T,データなし,データなし,データなし,データなし,データなし,データなし,データなし,データなし,6.0,0,0,6.0,475,475,信用需給は判定不能,信用データがデータなし、または売残0で信用倍率を算出不能
2026-08-20,9533,東邦瓦斯,プライム,1205.0,1.9,1.69,2.86,2.2,0.58,25.1,1193.0,1210.5,1196.0,1210.5,1210.5,1161.0,1106.5,1137.07,1101.52,1101.52,6,C,93.12,68.64,23.51,57.83,1179.06,1216.97,1239.38,+0.91σ,0.73,陰線→陽線,通常,買い,底固め / アンチ,2,0.0,1161.0,1293.0,2.0,%K反転、%D方向改善、直近下落なし（B以下に制限）、直近安値切り上げ、RSI安値切り上げ、レンジ上限突破 / 信用需給: 信用データがデータなし、または売残0で信用倍率を算出不能,,https://finance.yahoo.co.jp/quote/9533.T,データなし,データなし,データなし,データなし,データなし,データなし,データなし,データなし,6.0,0,0,6.0,475,475,信用需給は判定不能,信用データがデータなし、または売残0で信用倍率を算出不能
2026-08-20,1332,ニッスイ,プライム,1302.0,1.32,0.77,2.97,2.4,0.52,32.56,1313.0,1307.0,1290.0,1313.0,1313.0,1270.5,1206.0,1243.89,1213.84,1213.84,6,C,75.17,65.73,18.22,55.73,1271.44,1275.87,1277.44,+0.93σ,0.84,陰線→陽線 / はらみ足 / 長い下ヒゲ（ハンマー）,強,買い,アンチ,1,0.0,1253.16,1399.69,2.0,%K反転、%D方向改善、長い下ヒゲ反転、直近下落なし（B以下に制限） / 信用需給: 信用データがデータなし、または売残0で信用倍率を算出不能,,https://finance.yahoo.co.jp/quote/1332.T,データなし,データなし,データなし,データなし,データなし,データなし,データなし,データなし,6.0,0,0,6.0,475,475,信用需給は判定不能,信用データがデータなし、または売残0で信用倍率を算出不能
2026-08-20,9997,ベルーナ,プライム,1045.0,1.26,1.75,2.55,0.38,0.66,21.14,1038.0,1045.0,1031.0,1045.0,1052.0,1014.0,967.0,997.93,959.51,959.51,6,C,85.11,66.22,19.82,56.16,1041.04,974.2,962.46,+0.23σ,0.58,陰線→陽線,通常,買い,底固め / アンチ,2,0.0,1013.29,1108.42,2.0,%K反転、%D方向改善、直近下落なし（B以下に制限）、直近安値切り上げ、BB幅収縮、RSI安値切り上げ / 信用需給: 信用データがデータなし、または売残0で信用倍率を算出不能,,https://finance.yahoo.co.jp/quote/9997.T,データなし,データなし,データなし,データなし,データなし,データなし,データなし,データなし,6.0,0,0,6.0,475,475,信用需給は判定不能,信用データがデータなし、または売残0で信用倍率を算出不能
2026-08-20,9543,静岡ガス,プライム,1275.0,0.71,2.49,2.25,1.79,0.71,22.56,1266.0,1280.0,1264.0,1280.0,1280.0,1231.0,1199.0,1236.5,1218.61,1218.61,5,C,89.8,72.07,21.79,58.6,1252.64,1264.03,1296.92,+1.15σ,0.56,長い下ヒゲ（ハンマー）,なし,買い,底固め,1,0.0,1231.0,1363.0,2.0,%D方向改善、長い下ヒゲ反転、直近下落なし（B以下に制限）、直近安値切り上げ、RSI安値切り上げ、レンジ上限突破 / 信用需給: 信用データがデータなし、または売残0で信用倍率を算出不能,,https://finance.yahoo.co.jp/quote/9543.T,データなし,データなし,データなし,データなし,データなし,データなし,データなし,データなし,5.0,0,0,5.0,611,611,信用需給は判定不能,信用データがデータなし、または売残0で信用倍率を算出不能
2026-08-20,8278,フジ,プライム,2070.0,0.78,2.73,3.45,2.92,0.84,35.92,2055.0,2080.0,2050.0,2080.0,2080.0,1991.0,1936.0,1978.62,1939.09,1939.09,5,C,89.9,61.92,20.24,60.73,2011.2,1997.31,2046.7,+1.31σ,0.94,長い下ヒゲ（ハンマー）,なし,買い,底固め,1,0.0,1991.0,2228.0,2.0,%D方向改善、長い下ヒゲ反転、直近下落なし（B以下に制限）、直近安値切り上げ、RSI安値切り上げ、レンジ上限突破 / 信用需給: 信用データがデータなし、または売残0で信用倍率を算出不能,,https://finance.yahoo.co.jp/quote/8278.T,データなし,データなし,データなし,データなし,データなし,データなし,データなし,データなし,5.0,0,0,5.0,611,611,信用需給は判定不能,信用データがデータなし、または売残0で信用倍率を算出不能
2026-08-20,7564,ワークマン,スタンダード,6300.0,0.32,1.61,1.12,5.2,0.89,191.59,6330.0,6350.0,6180.0,6350.0,6350.0,6100.0,5570.0,5865.19,5658.89,5658.89,5,C,66.67,67.92,1.64,55.68,5988.4,6742.4,6660.5,+1.11σ,0.71,前日安値割れ反転,通常,買い,アンチ,1,0.0,6012.61,6874.78,2.0,%K反転、長い下ヒゲ反転、直近下落なし（B以下に制限） / 信用需給: 信用データがデータなし、または売残0で信用倍率を算出不能,,https://finance.yahoo.co.jp/quote/7564.T,データなし,データなし,データなし,データなし,データなし,データなし,データなし,データなし,5.0,0,0,5.0,611,611,信用需給は判定不能,信用データがデータなし、または売残0で信用倍率を算出不能
2026-08-20,7868,広済堂ホールディングス,プライム,566.0,1.43,-1.91,5.4,6.53,0.57,19.26,580.0,572.0,561.0,580.0,587.0,544.0,493.0,510.56,488.42,488.42,5,C,69.57,84.22,4.54,59.21,531.32,562.79,507.37,+1.50σ,0.55,はらみ足,通常,買い,底固め / アンチ,2,0.0,537.11,623.78,2.0,%K反転、直近下落なし（B以下に制限）、直近安値切り上げ、BB幅収縮、RSI安値切り上げ / 信用需給: 信用データがデータなし、または売残0で信用倍率を算出不能,,https://finance.yahoo.co.jp/quote/7868.T,データなし,データなし,データなし,データなし,データなし,データなし,データなし,データなし,5.0,0,0,5.0,611,611,信用需給は判定不能,信用データがデータなし、または売残0で信用倍率を算出不能
2026-08-20,9832,オートバックスセブン,プライム,1544.0,0.46,1.25,0.46,1.3,0.85,21.18,1543.0,1551.0,1533.0,1551.0,1551.0,1520.0,1471.0,1503.49,1478.18,1478.18,5,C,77.42,71.44,23.25,58.49,1524.12,1494.05,1574.11,+0.60σ,0.71,陰線→陽線 / 長い下ヒゲ（ハンマー）,なし,買い,底固め,1,0.0,1512.23,1607.54,2.0,%D方向改善、長い下ヒゲ反転、直近下落なし（B以下に制限）、直近安値切り上げ、RSI安値切り上げ、レンジ上限突破 / 信用需給: 信用データがデータなし、または売残0で信用倍率を算出不能,,https://finance.yahoo.co.jp/quote/9832.T,データなし,データなし,データなし,データなし,データなし,データなし,データなし,データなし,5.0,0,0,5.0,611,611,信用需給は判定不能,信用データがデータなし、または売残0で信用倍率を算出不能
2026-08-20,2395,新日本科学,プライム,1467.0,-0.27,0.0,-2.0,7.35,0.62,46.77,1509.0,1484.0,1455.0,1509.0,1509.0,1436.0,1224.0,1289.4,1195.16,1195.16,5,C,42.47,72.74,1.19,67.84,1366.6,1244.92,1476.94,+0.88σ,0.6,なし,通常,買い,アンチ,1,0.0,1396.84,1607.32,2.0,直近2～5日まで下落、%K反転 / 信用需給: 信用データがデータなし、または売残0で信用倍率を算出不能,,https://finance.yahoo.co.jp/quote/2395.T,データなし,データなし,データなし,データなし,データなし,データなし,データなし,データなし,5.0,0,0,5.0,611,611,信用需給は判定不能,信用データがデータなし、または売残0で信用倍率を算出不能
2026-08-20,2331,ＡＬＳＯＫ,プライム,1175.5,0.0,1.77,1.34,1.48,0.74,27.78,1180.0,1182.0,1161.5,1182.0,1182.0,1141.5,1117.0,1139.43,1114.48,1114.48,5,C,83.95,59.87,19.25,57.07,1158.4,1121.59,1177.95,+0.45σ,0.94,陰線→陽線 / 長い下ヒゲ（ハンマー）,なし,買い,底固め,1,0.0,1133.83,1258.85,2.0,%D方向改善、長い下ヒゲ反転、直近下落なし（B以下に制限）、直近安値切り上げ、BB幅収縮、RSI安値切り上げ / 信用需給: 信用データがデータなし、または売残0で信用倍率を算出不能,,https://finance.yahoo.co.jp/quote/2331.T,データなし,データなし,データなし,データなし,データなし,データなし,データなし,データなし,5.0,0,0,5.0,611,611,信用需給は判定不能,信用データがデータなし、または売残0で信用倍率を算出不能
2026-08-20,2780,コメ兵ホールディングス,スタンダード,5310.0,0.95,-0.19,-5.68,1.79,0.44,224.76,5430.0,5350.0,5250.0,5430.0,5590.0,5030.0,4800.0,5016.92,4828.84,4828.84,5,C,41.79,68.47,2.49,52.29,5216.4,5220.53,4306.15,+0.56σ,0.85,はらみ足,通常,買い,アンチ,1,0.0,4972.85,5984.29,2.0,直近2～5日まで下落、%K反転 / 信用需給: 信用データがデータなし、または売残0で信用倍率を算出不能,,https://finance.yahoo.co.jp/quote/2780.T,データなし,データなし,データなし,データなし,データなし,データなし,データなし,データなし,5.0,0,0,5.0,611,611,信用需給は判定不能,信用データがデータなし、または売残0で信用倍率を算出不能
2026-08-20,2585,ライフドリンク　カンパニー,プライム,1628.0,1.69,-2.86,9.48,7.89,0.77,89.64,1707.0,1647.0,1578.0,1707.0,1708.0,1578.0,1388.0,1430.11,1335.87,1335.87,5,C,35.58,63.2,0.32,56.49,1508.96,1546.93,1583.55,+1.10σ,0.68,陰線→陽線 / 前日安値割れ反転,通常,買い,アンチ,1,0.0,1493.54,1896.93,2.0,%K反転、長い下ヒゲ反転、直近下落なし（B以下に制限） / 信用需給: 信用データがデータなし、または売残0で信用倍率を算出不能,,https://finance.yahoo.co.jp/quote/2585.T,データなし,データなし,データなし,データなし,データなし,データなし,データなし,データなし,5.0,0,0,5.0,611,611,信用需給は判定不能,信用データがデータなし、または売残0で信用倍率を算出不能
2026-08-20,6298,ワイエイシイホールディングス,プライム,1350.0,5.47,-2.03,5.14,10.79,1.25,63.79,1335.0,1350.0,1270.0,1350.0,1381.0,1233.0,1058.0,1135.76,1051.11,1051.11,5,除外,73.33,79.15,-7.38,59.03,1218.52,1296.05,1153.03,+1.53σ,0.73,陰線→陽線,なし,買い,底固め,1,0.0,1233.0,1584.0,2.0,%K反転、直近下落なし（B以下に制限）、直近安値切り上げ、BB幅収縮、RSI安値切り上げ / 信用需給: 信用データがデータなし、または売残0で信用倍率を算出不能,急騰済み（25日線上方乖離）,https://finance.yahoo.co.jp/quote/6298.T,データなし,データなし,データなし,データなし,データなし,データなし,データなし,データなし,5.0,0,0,5.0,611,611,信用需給は判定不能,信用データがデータなし、または売残0で信用倍率を算出不能
2026-08-20,5243,ｎｏｔｅ,グロース,2596.0,4.26,0.89,2.53,15.91,0.76,144.58,2593.0,2645.0,2535.0,2645.0,2645.0,2456.0,1875.0,2062.87,1844.29,1844.29,5,除外,84.54,82.78,4.98,66.34,2239.6,2084.57,2079.0,+1.44σ,0.99,なし,強,買い,アンチ,1,0.0,2379.13,3029.74,2.0,直近2～5日まで下落、%K反転 / 信用需給: 信用データがデータなし、または売残0で信用倍率を算出不能,急騰済み（25日線上方乖離）,https://finance.yahoo.co.jp/quote/5243.T,データなし,データなし,データなし,データなし,データなし,データなし,データなし,データなし,5.0,0,0,5.0,611,611,信用需給は判定不能,信用データがデータなし、または売残0で信用倍率を算出不能
2026-08-20,6613,ＱＤレーザ,グロース,2165.0,8.9,3.94,24.0,23.52,0.75,210.62,2100.0,2184.0,2026.0,2184.0,2299.0,1762.0,1208.0,1469.21,1218.53,1218.53,5,除外,78.53,69.3,-2.82,57.29,1752.76,2247.67,1278.62,+1.78σ,1.0,なし,なし,買い,底固め,1,0.0,1762.0,2971.0,2.0,%K反転、直近下落なし（B以下に制限）、直近安値切り上げ、BB幅収縮、RSI安値切り上げ / 信用需給: 信用データがデータなし、または売残0で信用倍率を算出不能,急騰済み（当日急騰、5営業日急騰、25日線上方乖離）,https://finance.yahoo.co.jp/quote/6613.T,データなし,データなし,データなし,データなし,データなし,データなし,データなし,データなし,5.0,0,0,5.0,611,611,信用需給は判定不能,信用データがデータなし、または売残0で信用倍率を算出不能
2026-08-20,8789,フィンテック　グローバル,スタンダード,173.0,3.59,6.79,16.11,24.07,1.14,4.38,168.0,174.0,169.0,174.0,174.0,150.0,129.0,127.57,113.65,113.65,5,除外,97.44,90.54,5.79,90.87,139.44,131.24,134.38,+2.26σ,2.2,なし,なし,買い,底固め,1,0.0,150.0,219.0,2.0,%K反転、直近下落なし（B以下に制限）、直近安値切り上げ、RSI安値切り上げ、レンジ上限突破 / 信用需給: 信用データがデータなし、または売残0で信用倍率を算出不能,急騰済み（25日線上方乖離、高RSI、BB +2σ大幅超過）,https://finance.yahoo.co.jp/quote/8789.T,データなし,データなし,データなし,データなし,データなし,データなし,データなし,データなし,5.0,0,0,5.0,611,611,信用需給は判定不能,信用データがデータなし、または売残0で信用倍率を算出不能
2026-08-20,5288,アジアパイルホールディングス,プライム,1555.0,1.97,-0.64,2.98,2.24,0.68,39.93,1567.0,1558.0,1531.0,1567.0,1607.0,1506.0,1453.0,1493.31,1466.76,1466.76,5,C,65.56,69.73,2.87,55.87,1520.92,1527.16,1465.99,+1.32σ,0.69,陰線→陽線 / はらみ足,通常,買い,底固め / アンチ,2,0.0,1495.11,1674.79,2.0,%K反転、直近下落なし（B以下に制限）、直近安値切り上げ、BB幅収縮、RSI安値切り上げ / 信用需給: 信用データがデータなし、または売残0で信用倍率を算出不能,,https://finance.yahoo.co.jp/quote/5288.T,データなし,データなし,データなし,データなし,データなし,データなし,データなし,データなし,5.0,0,0,5.0,611,611,信用需給は判定不能,信用データがデータなし、または売残0で信用倍率を算出不能
2026-08-20,5461,中部鋼鈑,プライム,2071.0,0.39,0.24,0.44,-0.59,0.74,39.3,2073.0,2080.0,2051.0,2080.0,2092.0,2046.0,1985.0,2056.46,2026.13,2026.13,5,C,64.86,49.73,14.56,49.63,2083.2,2069.24,2181.15,-0.52σ,0.99,陰線→陽線 / 長い下ヒゲ（ハンマー）,なし,買い,底固め,1,0.0,2012.06,2188.89,2.0,%D方向改善、長い下ヒゲ反転、直近下落なし（B以下に制限）、直近安値切り上げ、BB幅収縮、RSI安値切り上げ / 信用需給: 信用データがデータなし、または売残0で信用倍率を算出不能,,https://finance.yahoo.co.jp/quote/5461.T,データなし,データなし,データなし,データなし,データなし,データなし,データなし,データなし,5.0,0,0,5.0,611,611,信用需給は判定不能,信用データがデータなし、または売残0で信用倍率を算出不能
2026-08-20,8771,イー・ギャランティ,プライム,1849.0,-0.11,-0.7,0.27,-0.08,0.84,38.04,1878.0,1860.0,1828.0,1878.0,1878.0,1828.0,1753.0,1827.39,1808.48,1808.48,5,C,53.97,74.14,16.35,53.73,1850.52,1760.81,1747.8,+0.14σ,0.69,陰線→陽線 / 長い下ヒゲ（ハンマー）,なし,買い,底固め,1,0.0,1791.94,1963.11,2.0,%D方向改善、長い下ヒゲ反転、直近下落なし（B以下に制限）、直近安値切り上げ、BB幅収縮、RSI安値切り上げ / 信用需給: 信用データがデータなし、または売残0で信用倍率を算出不能,,https://finance.yahoo.co.jp/quote/8771.T,データなし,データなし,データなし,データなし,データなし,データなし,データなし,データなし,5.0,0,0,5.0,611,611,信用需給は判定不能,信用データがデータなし、または売残0で信用倍率を算出不能
2026-08-20,8628,松井証券,プライム,1090.0,-0.64,-0.55,-1.62,0.41,0.9,23.28,1108.0,1097.0,1076.0,1108.0,1110.0,1076.0,1023.0,1057.03,1029.16,1029.16,5,C,31.82,69.37,12.24,56.26,1085.52,1001.8,931.04,+0.18σ,0.68,なし,なし,買い,底固め,1,0.0,1055.09,1159.83,2.0,直近2～5日まで下落、%D方向改善、直近安値切り上げ、BB幅収縮、RSI安値切り上げ / 信用需給: 信用データがデータなし、または売残0で信用倍率を算出不能,,https://finance.yahoo.co.jp/quote/8628.T,データなし,データなし,データなし,データなし,データなし,データなし,データなし,データなし,5.0,0,0,5.0,611,611,信用需給は判定不能,信用データがデータなし、または売残0で信用倍率を算出不能
2026-08-20,6522,アスタリスク,グロース,2018.0,-1.94,-3.03,6.15,17.76,0.34,215.08,2118.0,2044.0,1971.0,2118.0,2118.0,1922.0,1422.0,1559.49,1352.02,1352.02,5,除外,51.54,67.28,-1.43,58.45,1713.6,1332.95,848.3,+1.21σ,0.36,強気包み足 / はらみ足,なし,買い,底固め,1,0.0,1695.38,2663.24,2.0,陽の包み足、直近下落なし（B以下に制限）、直近安値切り上げ、BB幅収縮、RSI安値切り上げ / 信用需給: 信用データがデータなし、または売残0で信用倍率を算出不能,急騰済み（25日線上方乖離）,https://finance.yahoo.co.jp/quote/6522.T,データなし,データなし,データなし,データなし,データなし,データなし,データなし,データなし,5.0,0,0,5.0,611,611,信用需給は判定不能,信用データがデータなし、または売残0で信用倍率を算出不能
2026-08-20,4575,キャンバス,グロース,811.0,6.43,0.12,5.74,8.37,0.77,42.74,814.0,818.0,785.0,818.0,863.0,756.0,668.0,716.82,682.8,682.8,5,C,62.59,75.03,-3.87,61.74,748.36,662.71,754.84,+1.77σ,1.28,陰線→陽線,なし,買い,底固め,1,0.0,746.88,939.23,2.0,%K反転、直近下落なし（B以下に制限）、直近安値切り上げ、ATR低下、BB幅収縮 / 信用需給: 信用データがデータなし、または売残0で信用倍率を算出不能,,https://finance.yahoo.co.jp/quote/4575.T,データなし,データなし,データなし,データなし,データなし,データなし,データなし,データなし,5.0,0,0,5.0,611,611,信用需給は判定不能,信用データがデータなし、または売残0で信用倍率を算出不能
2026-08-20,4559,ゼリア新薬工業,プライム,2150.0,1.51,2.67,3.37,2.88,1.02,40.13,2126.0,2160.0,2119.0,2160.0,2160.0,2073.0,1978.0,2054.93,2015.1,2015.1,5,C,89.8,71.26,24.38,60.46,2089.8,2136.75,2121.3,+1.39σ,1.47,陰線→陽線,なし,買い,底固め,1,0.0,2073.0,2304.0,2.0,%D方向改善、出来高増加を伴う反転、直近下落なし（B以下に制限）、直近安値切り上げ、出来高減少後の増加、RSI安値切り上げ、レンジ上限突破 / 信用需給: 信用データがデータなし、または売残0で信用倍率を算出不能,,https://finance.yahoo.co.jp/quote/4559.T,データなし,データなし,データなし,データなし,データなし,データなし,データなし,データなし,5.0,0,0,5.0,611,611,信用需給は判定不能,信用データがデータなし、または売残0で信用倍率を算出不能
2026-08-20,5027,ＡｎｙＭｉｎｄ　Ｇｒｏｕｐ,グロース,786.0,4.24,8.71,33.67,32.76,1.42,39.33,788.0,810.0,754.0,810.0,810.0,587.0,516.0,523.01,442.17,442.17,5,除外,90.04,83.86,9.5,78.72,592.04,513.15,538.21,+2.25σ,1.46,陰線→陽線,通常,買い,アンチ,1,0.0,587.0,1184.0,2.0,%K反転、出来高増加を伴う反転、直近下落なし（B以下に制限） / 信用需給: 信用データがデータなし、または売残0で信用倍率を算出不能,急騰済み（5営業日急騰、25日線上方乖離、高RSI、BB +2σ大幅超過）,https://finance.yahoo.co.jp/quote/5027.T,データなし,データなし,データなし,データなし,データなし,データなし,データなし,データなし,5.0,0,0,5.0,611,611,信用需給は判定不能,信用データがデータなし、または売残0で信用倍率を算出不能
2026-08-20,3864,三菱製紙,プライム,1161.0,0.43,0.87,0.87,1.52,0.81,40.82,1162.0,1173.0,1140.0,1173.0,1173.0,1130.0,1081.0,1120.62,1096.48,1096.48,5,C,73.24,47.55,-3.34,57.58,1143.64,1068.6,862.02,+0.67σ,0.53,なし,なし,買い,底固め,1,0.0,1099.77,1283.45,2.0,%K反転、直近下落なし（B以下に制限）、直近安値切り上げ、BB幅収縮、RSI安値切り上げ / 信用需給: 信用データがデータなし、または売残0で信用倍率を算出不能,,https://finance.yahoo.co.jp/quote/3864.T,データなし,データなし,データなし,データなし,データなし,データなし,データなし,データなし,5.0,0,0,5.0,611,611,信用需給は判定不能,信用データがデータなし、または売残0で信用倍率を算出不能
2026-08-20,2181,パーソルホールディングス,プライム,290.3,1.01,2.29,2.65,7.39,0.47,6.36,289.1,291.7,288.7,291.7,291.7,279.9,252.6,260.17,248.18,248.18,5,C,89.15,79.59,22.44,68.74,270.32,252.29,257.93,+1.51σ,0.92,陰線→陽線 / 長い下ヒゲ（ハンマー）,なし,買い,底固め,1,0.0,279.9,311.1,2.0,%D方向改善、長い下ヒゲ反転、直近下落なし（B以下に制限）、直近安値切り上げ、RSI安値切り上げ、レンジ上限突破 / 信用需給: 信用データがデータなし、または売残0で信用倍率を算出不能,,https://finance.yahoo.co.jp/quote/2181.T,データなし,データなし,データなし,データなし,データなし,データなし,データなし,データなし,5.0,0,0,5.0,611,611,信用需給は判定不能,信用データがデータなし、または売残0で信用倍率を算出不能
2026-08-20,9603,エイチ・アイ・エス,プライム,1147.0,1.41,1.87,1.87,7.14,0.74,30.89,1135.0,1157.0,1134.0,1157.0,1157.0,1104.0,976.0,1040.17,993.04,993.04,4,C,81.13,78.17,0.54,64.89,1070.56,1033.64,1156.45,+1.27σ,0.88,陰線→陽線,強,買い,アンチ,1,0.0,1100.67,1239.67,2.0,%K反転、%D方向改善、直近下落なし（B以下に制限） / 信用需給: 信用データがデータなし、または売残0で信用倍率を算出不能,,https://finance.yahoo.co.jp/quote/9603.T,データなし,データなし,データなし,データなし,データなし,データなし,データなし,データなし,4.0,0,0,4.0,634,634,信用需給は判定不能,信用データがデータなし、または売残0で信用倍率を算出不能
2026-08-20,1930,北陸電気工事,プライム,1530.0,2.27,-0.97,1.46,-0.24,0.67,44.67,1531.0,1530.0,1500.0,1531.0,1555.0,1480.0,1431.0,1467.79,1416.74,1416.74,4,C,71.26,62.22,13.2,48.18,1533.64,1615.13,1543.31,+0.22σ,0.3,陰線→陽線 / はらみ足,強,買い,アンチ,1,0.0,1462.99,1664.01,2.0,%K反転、%D方向改善、直近下落なし（B以下に制限） / 信用需給: 信用データがデータなし、または売残0で信用倍率を算出不能,,https://finance.yahoo.co.jp/quote/1930.T,データなし,データなし,データなし,データなし,データなし,データなし,データなし,データなし,4.0,0,0,4.0,634,634,信用需給は判定不能,信用データがデータなし、または売残0で信用倍率を算出不能
2026-08-20,9470,学研ホールディングス,プライム,1037.0,0.19,-1.24,0.88,1.45,1.09,16.57,1049.0,1049.0,1031.0,1049.0,1049.0,1024.0,989.0,1005.68,988.9,988.9,4,C,51.43,65.73,13.66,56.86,1022.2,994.48,1035.06,+0.87σ,0.78,はらみ足,通常,買い,アンチ,1,0.0,1012.14,1086.72,2.0,%K反転、%D方向改善、直近下落なし（B以下に制限） / 信用需給: 信用データがデータなし、または売残0で信用倍率を算出不能,,https://finance.yahoo.co.jp/quote/9470.T,データなし,データなし,データなし,データなし,データなし,データなし,データなし,データなし,4.0,0,0,4.0,634,634,信用需給は判定不能,信用データがデータなし、または売残0で信用倍率を算出不能
2026-08-20,9692,シーイーシー,プライム,2417.0,2.98,2.85,4.9,6.37,1.03,52.33,2367.0,2417.0,2363.0,2417.0,2417.0,2327.0,2190.0,2228.09,2166.69,2166.69,4,C,93.67,66.38,16.17,68.69,2272.32,2120.64,2142.55,+2.08σ,1.17,陰線→陽線,強,買い,アンチ,1,0.0,2327.0,2597.0,2.0,%K反転、%D方向改善、直近下落なし（B以下に制限） / 信用需給: 信用データがデータなし、または売残0で信用倍率を算出不能,,https://finance.yahoo.co.jp/quote/9692.T,データなし,データなし,データなし,データなし,データなし,データなし,データなし,データなし,4.0,0,0,4.0,634,634,信用需給は判定不能,信用データがデータなし、または売残0で信用倍率を算出不能
2026-08-20,6217,津田駒工業,スタンダード,841.0,1.33,-9.38,5.65,9.67,1.02,75.25,932.0,888.0,811.0,932.0,932.0,803.0,629.0,700.18,628.0,628.0,4,C,32.75,69.76,-8.35,52.01,766.84,1103.93,762.72,+0.95σ,1.26,前日安値割れ反転,なし,買い,底固め,1,0.0,728.13,1066.74,2.0,長い下ヒゲ反転、直近下落なし（B以下に制限）、直近安値切り上げ、ATR低下、BB幅収縮、RSI安値切り上げ / 信用需給: 信用データがデータなし、または売残0で信用倍率を算出不能,,https://finance.yahoo.co.jp/quote/6217.T,データなし,データなし,データなし,データなし,データなし,データなし,データなし,データなし,4.0,0,0,4.0,634,634,信用需給は判定不能,信用データがデータなし、または売残0で信用倍率を算出不能
2026-08-20,6269,三井海洋開発,プライム,10030.0,2.17,-4.79,-1.81,-1.24,0.74,526.25,10415.0,10290.0,9900.0,10415.0,11185.0,9753.0,9436.0,9949.81,9691.42,9691.42,4,C,19.34,53.76,-1.09,48.3,10155.56,10347.57,12357.13,-0.69σ,1.01,陰線→陽線 / はらみ足,なし,買い,BB逆張り / 底固め,2,0.0,9240.62,11608.75,2.0,BB -1σ以下から反発、直近下落なし（B以下に制限）、直近安値切り上げ、BB幅収縮、RSI安値切り上げ / 信用需給: 信用データがデータなし、または売残0で信用倍率を算出不能,,https://finance.yahoo.co.jp/quote/6269.T,データなし,データなし,データなし,データなし,データなし,データなし,データなし,データなし,4.0,0,0,4.0,634,634,信用需給は判定不能,信用データがデータなし、または売残0で信用倍率を算出不能
2026-08-20,8354,ふくおかフィナンシャルグループ,プライム,7507.0,0.64,-3.15,-2.56,-0.22,0.59,223.89,7707.0,7543.0,7410.0,7707.0,7920.0,7410.0,7093.0,7389.89,7232.73,7232.73,4,C,29.88,68.6,1.55,51.12,7523.92,7057.29,6174.08,-0.25σ,0.74,陰線→陽線 / 長い下ヒゲ（ハンマー） / 前日安値割れ反転,なし,買い,底固め,1,0.0,7171.17,8178.66,2.0,長い下ヒゲ反転、直近下落なし（B以下に制限）、直近安値切り上げ、BB幅収縮、RSI安値切り上げ / 信用需給: 信用データがデータなし、または売残0で信用倍率を算出不能,,https://finance.yahoo.co.jp/quote/8354.T,データなし,データなし,データなし,データなし,データなし,データなし,データなし,データなし,4.0,0,0,4.0,634,634,信用需給は判定不能,信用データがデータなし、または売残0で信用倍率を算出不能
2026-08-20,6849,日本光電工業,プライム,1523.5,2.7,4.49,4.46,-0.83,0.74,48.82,1484.0,1535.5,1499.5,1535.5,1535.5,1431.0,1342.5,1471.49,1410.41,1410.41,4,C,88.52,57.33,17.24,51.76,1536.32,1471.38,1570.85,-0.15σ,0.62,なし,通常,買い,アンチ,1,0.0,1431.0,1708.5,2.0,%K反転、%D方向改善、直近下落なし（B以下に制限） / 信用需給: 信用データがデータなし、または売残0で信用倍率を算出不能,,https://finance.yahoo.co.jp/quote/6849.T,データなし,データなし,データなし,データなし,データなし,データなし,データなし,データなし,4.0,0,0,4.0,634,634,信用需給は判定不能,信用データがデータなし、または売残0で信用倍率を算出不能
2026-08-20,8194,ライフコーポレーション,プライム,2645.0,1.26,2.32,1.77,4.06,1.13,63.04,2648.0,2688.0,2617.0,2688.0,2688.0,2547.0,2418.0,2500.53,2439.16,2439.16,4,C,69.5,68.88,12.46,61.06,2541.8,2534.85,2551.98,+1.35σ,0.95,陰線→陽線,通常,買い,アンチ,1,0.0,2547.0,2841.0,2.0,%K反転、%D方向改善、直近下落なし（B以下に制限） / 信用需給: 信用データがデータなし、または売残0で信用倍率を算出不能,,https://finance.yahoo.co.jp/quote/8194.T,データなし,データなし,データなし,データなし,データなし,データなし,データなし,データなし,4.0,0,0,4.0,634,634,信用需給は判定不能,信用データがデータなし、または売残0で信用倍率を算出不能
2026-08-20,7241,フタバ産業,プライム,1107.0,1.93,0.91,3.75,6.46,0.96,20.8,1105.0,1110.0,1090.0,1110.0,1114.0,1068.0,997.0,1019.08,987.7,987.7,4,C,90.41,80.21,4.34,69.83,1039.84,999.23,1017.24,+1.80σ,0.86,陰線→陽線,強,買い,アンチ,1,0.0,1068.0,1185.0,2.0,%K反転、%D方向改善、直近下落なし（B以下に制限） / 信用需給: 信用データがデータなし、または売残0で信用倍率を算出不能,,https://finance.yahoo.co.jp/quote/7241.T,データなし,データなし,データなし,データなし,データなし,データなし,データなし,データなし,4.0,0,0,4.0,634,634,信用需給は判定不能,信用データがデータなし、または売残0で信用倍率を算出不能
2026-08-20,7313,テイ・エス　テック,プライム,1843.5,1.46,0.71,1.46,1.87,0.65,26.29,1844.0,1843.5,1826.5,1844.0,1844.5,1814.0,1764.5,1792.48,1765.01,1765.01,4,C,97.37,69.04,21.52,58.37,1809.74,1780.55,1822.26,+0.86σ,0.6,陰線→陽線 / はらみ足,強,買い,アンチ,1,0.0,1804.06,1922.37,2.0,%K反転、%D方向改善、直近下落なし（B以下に制限） / 信用需給: 信用データがデータなし、または売残0で信用倍率を算出不能,,https://finance.yahoo.co.jp/quote/7313.T,データなし,データなし,データなし,データなし,データなし,データなし,データなし,データなし,4.0,0,0,4.0,634,634,信用需給は判定不能,信用データがデータなし、または売残0で信用倍率を算出不能
2026-08-20,7832,バンダイナムコホールディングス,プライム,5554.0,3.64,4.16,5.75,17.02,1.24,197.53,5452.0,5624.0,5379.0,5624.0,5624.0,5222.0,4039.0,4423.91,3948.33,3948.33,4,除外,83.37,80.41,8.17,74.81,4746.28,4086.36,4156.23,+1.38σ,0.98,陰線→陽線,強,買い,アンチ,1,0.0,5222.0,6218.0,2.0,%K反転、%D方向改善、直近下落なし（B以下に制限） / 信用需給: 信用データがデータなし、または売残0で信用倍率を算出不能,急騰済み（25日線上方乖離、高RSI）,https://finance.yahoo.co.jp/quote/7832.T,データなし,データなし,データなし,データなし,データなし,データなし,データなし,データなし,4.0,0,0,4.0,634,634,信用需給は判定不能,信用データがデータなし、または売残0で信用倍率を算出不能
2026-08-20,7803,ブシロード,グロース,420.0,4.48,0.48,8.53,7.27,0.76,21.0,418.0,421.0,405.0,421.0,421.0,372.0,356.0,372.54,356.47,356.47,4,C,81.36,62.37,11.05,66.54,391.52,313.05,295.7,+1.95σ,0.76,陰線→陽線,強,買い,アンチ,1,0.0,372.0,516.0,2.0,%K反転、%D方向改善、直近下落なし（B以下に制限） / 信用需給: 信用データがデータなし、または売残0で信用倍率を算出不能,,https://finance.yahoo.co.jp/quote/7803.T,データなし,データなし,データなし,データなし,データなし,データなし,データなし,データなし,4.0,0,0,4.0,634,634,信用需給は判定不能,信用データがデータなし、または売残0で信用倍率を算出不能
2026-08-20,7974,任天堂,プライム,8781.0,2.38,0.23,5.48,12.36,0.72,312.14,8941.0,8998.0,8772.0,8998.0,8998.0,8537.0,6910.0,7417.45,6835.59,6835.59,4,除外,64.12,75.6,10.19,66.61,7814.8,7385.08,9252.31,+1.34σ,0.7,なし,通常,買い,アンチ,1,0.0,8312.78,9717.43,2.0,%K反転、%D方向改善、直近下落なし（B以下に制限） / 信用需給: 信用データがデータなし、または売残0で信用倍率を算出不能,急騰済み（25日線上方乖離）,https://finance.yahoo.co.jp/quote/7974.T,データなし,データなし,データなし,データなし,データなし,データなし,データなし,データなし,4.0,0,0,4.0,634,634,信用需給は判定不能,信用データがデータなし、または売残0で信用倍率を算出不能
2026-08-20,5021,コスモエネルギーホールディングス,プライム,4214.0,1.15,1.64,3.56,5.84,0.61,110.76,4240.0,4230.0,4162.0,4240.0,4276.0,4040.0,3731.0,3873.76,3737.22,3737.22,4,C,74.9,71.86,20.28,63.93,3981.32,3832.12,4113.56,+1.49σ,0.87,陰線→陽線 / はらみ足,強,買い,アンチ,1,0.0,4040.0,4562.0,2.0,%K反転、%D方向改善、直近下落なし（B以下に制限） / 信用需給: 信用データがデータなし、または売残0で信用倍率を算出不能,,https://finance.yahoo.co.jp/quote/5021.T,データなし,データなし,データなし,データなし,データなし,データなし,データなし,データなし,4.0,0,0,4.0,634,634,信用需給は判定不能,信用データがデータなし、または売残0で信用倍率を算出不能
2026-08-20,4847,インテリジェント　ウェイブ,プライム,1312.0,2.42,2.9,3.06,18.84,0.61,42.44,1298.0,1313.0,1287.0,1313.0,1313.0,1256.0,963.0,1004.6,869.85,869.85,4,除外,98.91,84.19,13.52,82.1,1104.0,999.13,984.5,+1.28σ,0.47,陰線→陽線,強,買い,アンチ,1,0.0,1248.34,1439.33,2.0,%K反転、%D方向改善、直近下落なし（B以下に制限） / 信用需給: 信用データがデータなし、または売残0で信用倍率を算出不能,急騰済み（25日線上方乖離、高RSI）,https://finance.yahoo.co.jp/quote/4847.T,データなし,データなし,データなし,データなし,データなし,データなし,データなし,データなし,4.0,0,0,4.0,634,634,信用需給は判定不能,信用データがデータなし、または売残0で信用倍率を算出不能
2026-08-20,5970,ジーテクト,プライム,2368.0,1.85,1.28,3.81,7.9,1.17,49.76,2358.0,2375.0,2317.0,2375.0,2392.0,2272.0,2090.0,2123.21,2030.63,2030.63,4,C,83.1,79.02,17.53,68.82,2194.56,2098.45,1997.76,+1.64σ,1.28,陰線→陽線,強,買い,アンチ,1,0.0,2272.0,2560.0,2.0,%K反転、%D方向改善、直近下落なし（B以下に制限） / 信用需給: 信用データがデータなし、または売残0で信用倍率を算出不能,,https://finance.yahoo.co.jp/quote/5970.T,データなし,データなし,データなし,データなし,データなし,データなし,データなし,データなし,4.0,0,0,4.0,634,634,信用需給は判定不能,信用データがデータなし、または売残0で信用倍率を算出不能
2026-08-20,6226,守谷輸送機工業,スタンダード,2390.0,2.36,7.66,19.2,2.75,0.69,135.86,2400.0,2429.0,2335.0,2429.0,2449.0,1997.0,1986.0,2081.36,1896.62,1896.62,4,除外,87.26,39.92,17.6,56.59,2326.08,2264.81,2388.61,+0.67σ,0.5,陰線→陽線,通常,買い,アンチ,1,0.0,1997.0,3176.0,2.0,%K反転、%D方向改善、直近下落なし（B以下に制限） / 信用需給: 信用データがデータなし、または売残0で信用倍率を算出不能,急騰済み（5営業日急騰）,https://finance.yahoo.co.jp/quote/6226.T,データなし,データなし,データなし,データなし,データなし,データなし,データなし,データなし,4.0,0,0,4.0,634,634,信用需給は判定不能,信用データがデータなし、または売残0で信用倍率を算出不能
2026-08-20,6458,新晃工業,プライム,1237.0,1.73,0.08,1.89,0.24,1.0,20.95,1218.0,1237.0,1216.0,1237.0,1237.0,1207.0,1189.0,1213.97,1198.49,1198.49,4,C,85.37,54.76,0.74,51.46,1234.0,1243.2,1312.34,+0.49σ,0.69,なし,強,買い,アンチ,1,0.0,1205.58,1299.84,2.0,%K反転、%D方向改善、直近下落なし（B以下に制限） / 信用需給: 信用データがデータなし、または売残0で信用倍率を算出不能,,https://finance.yahoo.co.jp/quote/6458.T,データなし,データなし,データなし,データなし,データなし,データなし,データなし,データなし,4.0,0,0,4.0,634,634,信用需給は判定不能,信用データがデータなし、または売残0で信用倍率を算出不能
2026-08-20,6036,ＫｅｅＰｅｒ技研,プライム,3230.0,2.7,1.73,9.23,12.01,1.5,110.05,3230.0,3370.0,3205.0,3370.0,3370.0,2932.0,2674.0,2738.75,2587.66,2587.66,4,除外,70.09,78.43,4.54,69.72,2883.56,2816.93,3146.82,+2.25σ,1.26,なし,通常,買い,アンチ,1,0.0,2932.0,3826.0,2.0,%K反転、%D方向改善、直近下落なし（B以下に制限） / 信用需給: 信用データがデータなし、または売残0で信用倍率を算出不能,急騰済み（25日線上方乖離、BB +2σ大幅超過）,https://finance.yahoo.co.jp/quote/6036.T,データなし,データなし,データなし,データなし,データなし,データなし,データなし,データなし,4.0,0,0,4.0,634,634,信用需給は判定不能,信用データがデータなし、または売残0で信用倍率を算出不能
2026-08-20,5367,ニッカトー,スタンダード,1217.0,-0.16,-8.5,-6.38,0.97,0.29,93.52,1259.0,1235.0,1208.0,1259.0,1376.0,1208.0,950.0,1112.39,1017.04,1017.04,4,C,20.9,52.36,-17.81,48.13,1205.36,1217.75,883.78,+0.10σ,0.15,なし,なし,買い,底固め,1,0.0,1076.72,1497.56,2.0,直近2～5日まで下落、直近安値切り上げ、ATR低下、BB幅収縮、RSI安値切り上げ / 信用需給: 信用データがデータなし、または売残0で信用倍率を算出不能,,https://finance.yahoo.co.jp/quote/5367.T,データなし,データなし,データなし,データなし,データなし,データなし,データなし,データなし,4.0,0,0,4.0,634,634,信用需給は判定不能,信用データがデータなし、または売残0で信用倍率を算出不能
2026-08-20,5911,横河ブリッジホールディングス,プライム,2969.0,0.41,0.34,1.57,0.98,1.05,40.07,2990.0,2996.0,2954.0,2996.0,2998.0,2914.0,2890.0,2922.02,2895.65,2895.65,4,C,65.48,57.56,15.12,57.71,2940.12,2871.4,2960.85,+0.78σ,0.69,なし,強,買い,アンチ,1,0.0,2908.89,3089.22,2.0,%K反転、%D方向改善、直近下落なし（B以下に制限） / 信用需給: 信用データがデータなし、または売残0で信用倍率を算出不能,,https://finance.yahoo.co.jp/quote/5911.T,データなし,データなし,データなし,データなし,データなし,データなし,データなし,データなし,4.0,0,0,4.0,634,634,信用需給は判定不能,信用データがデータなし、または売残0で信用倍率を算出不能
2026-08-20,6309,巴工業,プライム,1999.0,2.15,0.45,2.99,3.67,1.31,38.89,1999.0,2005.0,1954.0,2005.0,2024.0,1934.0,1856.0,1894.04,1855.78,1855.78,4,C,73.12,77.11,8.96,63.32,1928.28,1825.23,1838.11,+1.74σ,0.81,陰線→陽線,通常,買い,アンチ,1,0.0,1934.0,2129.0,2.0,%K反転、%D方向改善、直近下落なし（B以下に制限） / 信用需給: 信用データがデータなし、または売残0で信用倍率を算出不能,,https://finance.yahoo.co.jp/quote/6309.T,データなし,データなし,データなし,データなし,データなし,データなし,データなし,データなし,4.0,0,0,4.0,634,634,信用需給は判定不能,信用データがデータなし、または売残0で信用倍率を算出不能
2026-08-20,6433,ヒーハイスト,スタンダード,1055.0,6.46,2.43,9.1,8.25,0.95,73.66,1039.0,1065.0,995.0,1065.0,1065.0,963.0,803.0,888.0,821.1,821.1,4,C,93.38,60.75,0.52,55.25,974.64,1157.73,1157.0,+1.50σ,0.74,陰線→陽線,強,買い,アンチ,1,0.0,944.51,1275.98,2.0,%K反転、%D方向改善、直近下落なし（B以下に制限） / 信用需給: 信用データがデータなし、または売残0で信用倍率を算出不能,,https://finance.yahoo.co.jp/quote/6433.T,データなし,データなし,データなし,データなし,データなし,データなし,データなし,データなし,4.0,0,0,4.0,634,634,信用需給は判定不能,信用データがデータなし、または売残0で信用倍率を算出不能
2026-08-20,6532,ベイカレント,プライム,7715.0,3.88,4.26,4.84,9.61,0.64,308.59,7542.0,7834.0,7636.0,7834.0,7834.0,7273.0,6137.0,6829.0,6478.55,6478.55,4,C,81.94,65.97,11.29,65.45,7038.32,6214.15,5927.8,+1.53σ,0.75,なし,強,買い,アンチ,1,0.0,7252.11,8640.78,2.0,%K反転、%D方向改善、直近下落なし（B以下に制限） / 信用需給: 信用データがデータなし、または売残0で信用倍率を算出不能,,https://finance.yahoo.co.jp/quote/6532.T,データなし,データなし,データなし,データなし,データなし,データなし,データなし,データなし,4.0,0,0,4.0,634,634,信用需給は判定不能,信用データがデータなし、または売残0で信用倍率を算出不能
2026-08-20,6209,リケンＮＰＲ,プライム,4020.0,1.9,-0.37,2.42,0.65,0.82,97.87,4025.0,4020.0,3940.0,4025.0,4055.0,3915.0,3775.0,3940.63,3870.01,3870.01,4,C,86.0,61.72,1.66,52.52,3994.2,3927.13,3776.58,+0.12σ,0.7,陰線→陽線 / はらみ足,通常,買い,アンチ,1,0.0,3873.19,4313.62,2.0,%K反転、%D方向改善、直近下落なし（B以下に制限） / 信用需給: 信用データがデータなし、または売残0で信用倍率を算出不能,,https://finance.yahoo.co.jp/quote/6209.T,データなし,データなし,データなし,データなし,データなし,データなし,データなし,データなし,4.0,0,0,4.0,634,634,信用需給は判定不能,信用データがデータなし、または売残0で信用倍率を算出不能
2026-08-20,6963,ローム,プライム,4755.0,-1.82,-9.24,-2.68,1.77,0.61,301.14,4874.0,4807.0,4623.0,4874.0,5375.0,4623.0,3775.0,4276.97,3929.04,3929.04,4,C,17.55,68.71,-10.74,48.65,4672.16,4878.65,3520.2,+0.37σ,0.74,なし,なし,買い,底固め,1,0.0,4303.29,5658.42,2.0,直近2～5日まで下落、直近安値切り上げ、ATR低下、BB幅収縮、RSI安値切り上げ / 信用需給: 信用データがデータなし、または売残0で信用倍率を算出不能,,https://finance.yahoo.co.jp/quote/6963.T,データなし,データなし,データなし,データなし,データなし,データなし,データなし,データなし,4.0,0,0,4.0,634,634,信用需給は判定不能,信用データがデータなし、または売残0で信用倍率を算出不能
2026-08-20,3436,ＳＵＭＣＯ,プライム,3456.0,-1.73,-14.9,-10.14,-6.3,0.5,370.28,3609.0,3519.0,3333.0,3609.0,4178.0,3333.0,2760.0,3249.7,2953.15,2953.15,4,C,13.49,56.18,-12.08,43.86,3688.48,3833.29,2445.87,-0.30σ,0.73,なし,なし,買い,底固め,1,0.0,2900.58,4566.84,2.0,直近2～5日まで下落、直近安値切り上げ、ATR低下、BB幅収縮 / 信用需給: 信用データがデータなし、または売残0で信用倍率を算出不能,,https://finance.yahoo.co.jp/quote/3436.T,データなし,データなし,データなし,データなし,データなし,データなし,データなし,データなし,4.0,0,0,4.0,634,634,信用需給は判定不能,信用データがデータなし、または売残0で信用倍率を算出不能
2026-08-20,3191,ジョイフル本田,プライム,2300.0,1.1,1.86,2.13,-0.64,0.62,60.01,2294.0,2305.0,2268.0,2305.0,2305.0,2237.0,2171.0,2222.76,2122.33,2122.33,4,C,72.41,43.19,11.67,51.19,2314.84,2234.37,2170.86,-0.23σ,0.67,陰線→陽線,通常,買い,アンチ,1,0.0,2209.98,2480.04,2.0,%K反転、%D方向改善、直近下落なし（B以下に制限） / 信用需給: 信用データがデータなし、または売残0で信用倍率を算出不能,,https://finance.yahoo.co.jp/quote/3191.T,データなし,データなし,データなし,データなし,データなし,データなし,データなし,データなし,4.0,0,0,4.0,634,634,信用需給は判定不能,信用データがデータなし、または売残0で信用倍率を算出不能
2026-08-20,3333,あさひ,プライム,1360.0,0.74,-0.8,0.82,1.07,1.07,26.05,1358.0,1370.0,1342.0,1370.0,1390.0,1333.0,1298.0,1320.83,1296.2,1296.2,4,C,53.85,63.9,14.1,55.11,1345.6,1299.56,1308.01,+0.59σ,0.74,なし,通常,買い,アンチ,1,0.0,1320.92,1438.16,2.0,%K反転、%D方向改善、直近下落なし（B以下に制限） / 信用需給: 信用データがデータなし、または売残0で信用倍率を算出不能,,https://finance.yahoo.co.jp/quote/3333.T,データなし,データなし,データなし,データなし,データなし,データなし,データなし,データなし,4.0,0,0,4.0,634,634,信用需給は判定不能,信用データがデータなし、または売残0で信用倍率を算出不能
2026-08-20,5032,ＡＮＹＣＯＬＯＲ,プライム,2850.0,3.11,1.71,3.37,7.66,0.5,88.77,2827.0,2850.0,2806.0,2850.0,2850.0,2715.0,2435.0,2589.35,2482.41,2482.41,4,C,100.0,78.02,1.84,66.44,2647.28,2597.49,3780.17,+1.44σ,0.62,陰線→陽線,強,買い,アンチ,1,0.0,2715.0,3120.0,2.0,%K反転、%D方向改善、直近下落なし（B以下に制限） / 信用需給: 信用データがデータなし、または売残0で信用倍率を算出不能,,https://finance.yahoo.co.jp/quote/5032.T,データなし,データなし,データなし,データなし,データなし,データなし,データなし,データなし,4.0,0,0,4.0,634,634,信用需給は判定不能,信用データがデータなし、または売残0で信用倍率を算出不能
2026-08-20,4680,ラウンドワン,プライム,1366.0,3.25,5.16,4.39,7.44,0.73,68.53,1369.0,1390.0,1340.0,1390.0,1390.0,1275.0,1150.5,1216.13,1160.71,1160.71,4,C,71.24,64.6,6.28,62.27,1271.42,1094.91,1045.27,+1.70σ,0.79,なし,強,買い,アンチ,1,0.0,1263.21,1571.59,2.0,%K反転、%D方向改善、直近下落なし（B以下に制限） / 信用需給: 信用データがデータなし、または売残0で信用倍率を算出不能,,https://finance.yahoo.co.jp/quote/4680.T,データなし,データなし,データなし,データなし,データなし,データなし,データなし,データなし,4.0,0,0,4.0,634,634,信用需給は判定不能,信用データがデータなし、または売残0で信用倍率を算出不能
2026-08-20,4665,ダスキン,プライム,4631.0,1.51,1.94,1.14,2.82,0.62,94.57,4579.0,4656.0,4597.0,4656.0,4656.0,4496.0,4253.0,4390.32,4278.45,4278.45,4,C,59.47,56.67,14.71,61.31,4503.8,4294.72,4217.0,+1.15σ,0.88,なし,通常,買い,アンチ,1,0.0,4489.15,4914.71,2.0,%K反転、%D方向改善、直近下落なし（B以下に制限） / 信用需給: 信用データがデータなし、または売残0で信用倍率を算出不能,,https://finance.yahoo.co.jp/quote/4665.T,データなし,データなし,データなし,データなし,データなし,データなし,データなし,データなし,4.0,0,0,4.0,634,634,信用需給は判定不能,信用データがデータなし、または売残0で信用倍率を算出不能
2026-08-20,4554,富士製薬工業,プライム,1879.0,2.01,2.34,1.84,0.63,0.78,51.5,1861.0,1892.0,1852.0,1892.0,1892.0,1815.0,1729.0,1821.23,1791.32,1791.32,4,C,83.54,69.82,20.22,49.08,1867.24,2047.51,2039.65,+0.93σ,0.73,なし,通常,買い,アンチ,1,0.0,1801.75,2033.51,2.0,%K反転、%D方向改善、直近下落なし（B以下に制限） / 信用需給: 信用データがデータなし、または売残0で信用倍率を算出不能,,https://finance.yahoo.co.jp/quote/4554.T,データなし,データなし,データなし,データなし,データなし,データなし,データなし,データなし,4.0,0,0,4.0,634,634,信用需給は判定不能,信用データがデータなし、または売残0で信用倍率を算出不能
2026-08-20,4687,ＴＤＣソフト,プライム,1037.0,2.88,1.87,4.12,2.09,0.89,35.85,1022.0,1037.0,1005.0,1037.0,1037.0,999.0,895.0,964.16,909.97,909.97,4,C,98.72,61.71,22.1,56.01,1015.76,964.77,1100.8,+0.34σ,1.11,陰線→陽線,通常,買い,アンチ,1,0.0,983.23,1144.54,2.0,%K反転、%D方向改善、直近下落なし（B以下に制限） / 信用需給: 信用データがデータなし、または売残0で信用倍率を算出不能,,https://finance.yahoo.co.jp/quote/4687.T,データなし,データなし,データなし,データなし,データなし,データなし,データなし,データなし,4.0,0,0,4.0,634,634,信用需給は判定不能,信用データがデータなし、または売残0で信用倍率を算出不能
2026-08-20,4812,電通総研,プライム,2745.0,1.48,3.35,2.08,1.88,0.8,51.26,2757.0,2748.0,2707.0,2757.0,2770.0,2651.0,2634.0,2670.03,2643.55,2643.55,4,C,78.99,53.19,10.4,63.44,2694.32,2363.52,2327.93,+1.83σ,0.62,陰線→陽線 / はらみ足,強,買い,アンチ,1,0.0,2651.0,2933.0,2.0,%K反転、%D方向改善、直近下落なし（B以下に制限） / 信用需給: 信用データがデータなし、または売残0で信用倍率を算出不能,,https://finance.yahoo.co.jp/quote/4812.T,データなし,データなし,データなし,データなし,データなし,データなし,データなし,データなし,4.0,0,0,4.0,634,634,信用需給は判定不能,信用データがデータなし、または売残0で信用倍率を算出不能
2026-08-20,4503,アステラス製薬,プライム,2418.0,3.47,5.91,3.89,7.49,0.65,63.7,2339.5,2418.5,2377.0,2418.5,2418.5,2250.0,2125.0,2192.83,2114.37,2114.37,4,C,99.7,81.46,14.9,65.91,2249.56,2214.81,2225.97,+1.87σ,1.06,なし,強,買い,アンチ,1,0.0,2250.0,2754.0,2.0,%K反転、%D方向改善、直近下落なし（B以下に制限） / 信用需給: 信用データがデータなし、または売残0で信用倍率を算出不能,,https://finance.yahoo.co.jp/quote/4503.T,データなし,データなし,データなし,データなし,データなし,データなし,データなし,データなし,4.0,0,0,4.0,634,634,信用需給は判定不能,信用データがデータなし、または売残0で信用倍率を算出不能
2026-08-20,9743,丹青社,プライム,1490.0,1.02,0.74,1.92,4.28,0.88,26.16,1485.0,1493.0,1470.0,1493.0,1493.0,1446.0,1362.0,1402.59,1370.92,1370.92,4,C,95.08,78.71,9.62,69.51,1428.84,1388.64,1454.92,+1.76σ,0.4,陰線→陽線,通常,買い,アンチ,1,0.0,1446.0,1578.0,2.0,%K反転、%D方向改善、直近下落なし（B以下に制限） / 信用需給: 信用データがデータなし、または売残0で信用倍率を算出不能,,https://finance.yahoo.co.jp/quote/9743.T,データなし,データなし,データなし,データなし,データなし,データなし,データなし,データなし,4.0,0,0,4.0,634,634,信用需給は判定不能,信用データがデータなし、または売残0で信用倍率を算出不能
2026-08-20,7593,ＶＴホールディングス,プライム,535.0,0.75,2.1,2.88,8.12,0.52,9.59,535.0,535.0,530.0,535.0,537.0,511.0,474.0,479.02,458.5,458.5,4,除外,94.44,70.82,23.64,77.76,494.8,466.24,500.33,+1.73σ,0.85,はらみ足,通常,買い,アンチ,1,0.0,511.0,583.0,2.0,%K反転、%D方向改善、直近下落なし（B以下に制限） / 信用需給: 信用データがデータなし、または売残0で信用倍率を算出不能,急騰済み（高RSI）,https://finance.yahoo.co.jp/quote/7593.T,データなし,データなし,データなし,データなし,データなし,データなし,データなし,データなし,4.0,0,0,4.0,634,634,信用需給は判定不能,信用データがデータなし、または売残0で信用倍率を算出不能
2026-08-20,7860,エイベックス,プライム,1274.0,1.59,1.76,4.0,0.22,0.97,25.7,1263.0,1278.0,1253.0,1278.0,1278.0,1218.0,1194.0,1234.67,1197.74,1197.74,4,C,93.44,52.76,22.22,54.86,1271.2,1221.65,1211.46,+0.06σ,1.02,陰線→陽線,通常,買い,アンチ,1,0.0,1218.0,1386.0,2.0,%K反転、%D方向改善、直近下落なし（B以下に制限） / 信用需給: 信用データがデータなし、または売残0で信用倍率を算出不能,,https://finance.yahoo.co.jp/quote/7860.T,データなし,データなし,データなし,データなし,データなし,データなし,データなし,データなし,4.0,0,0,4.0,634,634,信用需給は判定不能,信用データがデータなし、または売残0で信用倍率を算出不能
2026-08-20,8281,ゼビオホールディングス,プライム,1208.0,1.0,0.67,5.41,7.21,0.68,30.93,1213.0,1214.0,1193.0,1214.0,1225.0,1119.0,1067.0,1085.65,1039.09,1039.09,4,C,67.42,71.46,18.26,69.74,1126.76,1069.99,1063.73,+1.63σ,0.78,陰線→陽線,通常,買い,アンチ,1,0.0,1119.0,1386.0,2.0,%K反転、%D方向改善、直近下落なし（B以下に制限） / 信用需給: 信用データがデータなし、または売残0で信用倍率を算出不能,,https://finance.yahoo.co.jp/quote/8281.T,データなし,データなし,データなし,データなし,データなし,データなし,データなし,データなし,4.0,0,0,4.0,634,634,信用需給は判定不能,信用データがデータなし、または売残0で信用倍率を算出不能
2026-08-20,7278,エクセディ,プライム,6100.0,0.49,-1.45,-0.65,1.14,0.6,100.08,6190.0,6140.0,6080.0,6190.0,6240.0,6010.0,5840.0,5946.88,5839.77,5839.77,4,C,39.13,70.4,14.3,53.91,6031.2,5988.67,5775.2,+0.43σ,0.93,はらみ足,通常,買い,アンチ,1,0.0,5949.88,6400.24,2.0,%K反転、%D方向改善、直近下落なし（B以下に制限） / 信用需給: 信用データがデータなし、または売残0で信用倍率を算出不能,,https://finance.yahoo.co.jp/quote/7278.T,データなし,データなし,データなし,データなし,データなし,データなし,データなし,データなし,4.0,0,0,4.0,634,634,信用需給は判定不能,信用データがデータなし、または売残0で信用倍率を算出不能
2026-08-20,7269,スズキ,プライム,2087.0,3.21,-0.26,4.32,2.55,0.6,68.19,2081.0,2109.0,2068.0,2109.0,2109.0,2012.5,1806.0,1963.21,1894.25,1894.25,4,C,81.67,72.12,15.52,55.69,2035.14,1950.8,2087.74,+0.79σ,0.74,なし,強,買い,アンチ,1,0.0,1984.72,2291.56,2.0,%K反転、%D方向改善、直近下落なし（B以下に制限） / 信用需給: 信用データがデータなし、または売残0で信用倍率を算出不能,,https://finance.yahoo.co.jp/quote/7269.T,データなし,データなし,データなし,データなし,データなし,データなし,データなし,データなし,4.0,0,0,4.0,634,634,信用需給は判定不能,信用データがデータなし、または売残0で信用倍率を算出不能
2026-08-20,7267,本田技研工業,プライム,1741.5,4.78,3.23,5.71,7.33,0.65,53.02,1729.5,1748.0,1713.5,1748.0,1748.0,1632.0,1531.0,1588.76,1535.34,1535.34,4,C,94.4,75.52,10.36,64.52,1622.6,1488.44,1489.74,+1.86σ,1.04,陰線→陽線,強,買い,アンチ,1,0.0,1632.0,1960.5,2.0,%K反転、%D方向改善、直近下落なし（B以下に制限） / 信用需給: 信用データがデータなし、または売残0で信用倍率を算出不能,,https://finance.yahoo.co.jp/quote/7267.T,データなし,データなし,データなし,データなし,データなし,データなし,データなし,データなし,4.0,0,0,4.0,634,634,信用需給は判定不能,信用データがデータなし、または売残0で信用倍率を算出不能
2026-08-20,7733,オリンパス,プライム,2187.0,2.6,5.35,5.78,15.26,0.82,66.87,2194.5,2210.5,2155.5,2210.5,2210.5,2047.0,1706.5,1785.6,1636.77,1636.77,4,除外,87.5,87.2,10.7,76.53,1897.4,1791.55,1785.72,+1.70σ,1.34,なし,強,買い,アンチ,1,0.0,2047.0,2467.0,2.0,%K反転、%D方向改善、直近下落なし（B以下に制限） / 信用需給: 信用データがデータなし、または売残0で信用倍率を算出不能,急騰済み（25日線上方乖離、高RSI）,https://finance.yahoo.co.jp/quote/7733.T,データなし,データなし,データなし,データなし,データなし,データなし,データなし,データなし,4.0,0,0,4.0,634,634,信用需給は判定不能,信用データがデータなし、または売残0で信用倍率を算出不能
2026-08-20,9842,アークランズ,プライム,1915.0,0.21,0.47,0.63,0.58,0.59,34.1,1925.0,1929.0,1909.0,1929.0,1931.0,1887.0,1831.0,1869.37,1831.13,1831.13,4,C,63.64,62.81,17.59,53.22,1904.04,1873.53,1873.41,+0.19σ,0.57,なし,強,買い,アンチ,1,0.0,1863.85,2017.3,2.0,%K反転、%D方向改善、直近下落なし（B以下に制限） / 信用需給: 信用データがデータなし、または売残0で信用倍率を算出不能,,https://finance.yahoo.co.jp/quote/9842.T,データなし,データなし,データなし,データなし,データなし,データなし,データなし,データなし,4.0,0,0,4.0,634,634,信用需給は判定不能,信用データがデータなし、または売残0で信用倍率を算出不能
2026-08-20,9474,ゼンリン,プライム,899.0,1.47,0.67,1.58,-0.29,0.73,13.69,889.0,899.0,889.0,899.0,899.0,882.0,867.0,875.39,852.47,852.47,4,C,85.19,47.53,16.54,52.71,901.64,880.79,967.16,+0.03σ,0.61,陰線→陽線,通常,買い,アンチ,1,0.0,878.46,940.08,2.0,%K反転、%D方向改善、直近下落なし（B以下に制限） / 信用需給: 信用データがデータなし、または売残0で信用倍率を算出不能,,https://finance.yahoo.co.jp/quote/9474.T,データなし,データなし,データなし,データなし,データなし,データなし,データなし,データなし,4.0,0,0,4.0,634,634,信用需給は判定不能,信用データがデータなし、または売残0で信用倍率を算出不能
2026-08-20,9424,日本通信,プライム,119.0,2.59,4.39,9.17,4.86,0.99,4.02,117.0,120.0,116.0,120.0,120.0,110.0,102.0,109.77,106.39,106.39,4,C,92.31,66.76,1.96,58.69,113.48,114.79,129.7,+1.73σ,1.15,なし,通常,買い,アンチ,1,0.0,110.0,137.0,2.0,%K反転、%D方向改善、直近下落なし（B以下に制限） / 信用需給: 信用データがデータなし、または売残0で信用倍率を算出不能,,https://finance.yahoo.co.jp/quote/9424.T,データなし,データなし,データなし,データなし,データなし,データなし,データなし,データなし,4.0,0,0,4.0,634,634,信用需給は判定不能,信用データがデータなし、または売残0で信用倍率を算出不能
2026-08-20,2269,明治ホールディングス,プライム,4342.0,1.69,3.5,3.58,10.16,0.65,110.16,4358.0,4349.0,4277.0,4358.0,4358.0,4165.0,3598.0,3755.15,3522.14,3522.14,4,除外,93.04,89.19,23.61,70.59,3941.6,3794.61,3672.7,+1.52σ,0.84,陰線→陽線 / はらみ足,強,買い,アンチ,1,0.0,4165.0,4696.0,2.0,%K反転、%D方向改善、直近下落なし（B以下に制限） / 信用需給: 信用データがデータなし、または売残0で信用倍率を算出不能,急騰済み（25日線上方乖離）,https://finance.yahoo.co.jp/quote/2269.T,データなし,データなし,データなし,データなし,データなし,データなし,データなし,データなし,4.0,0,0,4.0,634,634,信用需給は判定不能,信用データがデータなし、または売残0で信用倍率を算出不能
2026-08-20,3167,ＴＯＫＡＩホールディングス,プライム,1252.0,0.89,1.46,1.05,6.03,0.53,24.67,1260.0,1257.0,1244.0,1260.0,1260.0,1230.0,1104.0,1140.45,1091.85,1091.85,4,C,79.49,77.26,18.68,65.77,1180.76,1144.29,1131.2,+1.30σ,0.67,陰線→陽線 / はらみ足,強,買い,アンチ,1,0.0,1214.99,1326.01,2.0,%K反転、%D方向改善、直近下落なし（B以下に制限） / 信用需給: 信用データがデータなし、または売残0で信用倍率を算出不能,,https://finance.yahoo.co.jp/quote/3167.T,データなし,データなし,データなし,データなし,データなし,データなし,データなし,データなし,4.0,0,0,4.0,634,634,信用需給は判定不能,信用データがデータなし、または売残0で信用倍率を算出不能
2026-08-20,9119,飯野海運,プライム,1661.0,0.06,0.97,5.86,7.32,0.75,45.24,1682.0,1677.0,1643.0,1682.0,1697.0,1560.0,1462.0,1503.04,1444.03,1444.03,4,C,76.77,67.28,6.35,68.8,1547.68,1502.35,1528.39,+1.68σ,0.68,はらみ足,通常,買い,アンチ,1,0.0,1560.0,1863.0,2.0,%K反転、%D方向改善、直近下落なし（B以下に制限） / 信用需給: 信用データがデータなし、または売残0で信用倍率を算出不能,,https://finance.yahoo.co.jp/quote/9119.T,データなし,データなし,データなし,データなし,データなし,データなし,データなし,データなし,4.0,0,0,4.0,634,634,信用需給は判定不能,信用データがデータなし、または売残0で信用倍率を算出不能
2026-08-20,2282,日本ハム,プライム,6414.0,1.41,1.71,3.04,2.75,0.55,155.51,6429.0,6428.0,6342.0,6429.0,6429.0,6191.0,5743.0,6043.53,5834.15,5834.15,4,C,94.76,72.61,21.37,58.41,6242.28,6144.84,6545.19,+0.77σ,0.93,はらみ足,通常,買い,アンチ,1,0.0,6180.74,6880.53,2.0,%K反転、%D方向改善、直近下落なし（B以下に制限） / 信用需給: 信用データがデータなし、または売残0で信用倍率を算出不能,,https://finance.yahoo.co.jp/quote/2282.T,データなし,データなし,データなし,データなし,データなし,データなし,データなし,データなし,4.0,0,0,4.0,634,634,信用需給は判定不能,信用データがデータなし、または売残0で信用倍率を算出不能
2026-08-20,2695,くら寿司,プライム,1719.0,1.48,1.84,1.6,3.92,0.64,34.26,1725.0,1722.0,1700.0,1725.0,1725.0,1663.0,1562.0,1625.17,1587.13,1587.13,4,C,90.32,71.08,11.36,64.8,1654.08,1607.41,1678.71,+1.47σ,0.79,陰線→陽線 / はらみ足,強,買い,アンチ,1,0.0,1663.0,1831.0,2.0,%K反転、%D方向改善、直近下落なし（B以下に制限） / 信用需給: 信用データがデータなし、または売残0で信用倍率を算出不能,,https://finance.yahoo.co.jp/quote/2695.T,データなし,データなし,データなし,データなし,データなし,データなし,データなし,データなし,4.0,0,0,4.0,634,634,信用需給は判定不能,信用データがデータなし、または売残0で信用倍率を算出不能
2026-08-20,2146,ＵＴグループ,プライム,229.0,1.78,1.78,5.05,17.05,0.53,7.5,227.0,229.0,225.0,229.0,232.0,213.0,178.0,178.73,158.11,158.11,4,除外,84.21,75.44,15.41,76.54,195.64,183.04,191.15,+1.44σ,0.78,陰線→陽線,通常,買い,アンチ,1,0.0,213.0,261.0,2.0,%K反転、%D方向改善、直近下落なし（B以下に制限） / 信用需給: 信用データがデータなし、または売残0で信用倍率を算出不能,急騰済み（25日線上方乖離、高RSI）,https://finance.yahoo.co.jp/quote/2146.T,データなし,データなし,データなし,データなし,データなし,データなし,データなし,データなし,4.0,0,0,4.0,634,634,信用需給は判定不能,信用データがデータなし、または売残0で信用倍率を算出不能
2026-08-20,2726,パルグループホールディングス,プライム,1532.0,0.86,3.72,2.34,4.18,0.67,41.66,1538.0,1545.0,1517.0,1545.0,1545.0,1468.0,1352.0,1445.07,1404.19,1404.19,4,C,83.12,58.86,7.42,60.36,1470.52,1446.81,1655.85,+1.13σ,0.76,なし,通常,買い,アンチ,1,0.0,1468.0,1660.0,2.0,%K反転、%D方向改善、直近下落なし（B以下に制限） / 信用需給: 信用データがデータなし、または売残0で信用倍率を算出不能,,https://finance.yahoo.co.jp/quote/2726.T,データなし,データなし,データなし,データなし,データなし,データなし,データなし,データなし,4.0,0,0,4.0,634,634,信用需給は判定不能,信用データがデータなし、または売残0で信用倍率を算出不能
2026-08-20,2875,東洋水産,プライム,10640.0,1.33,0.47,1.53,-0.0,0.66,280.55,10670.0,10750.0,10565.0,10750.0,10750.0,10360.0,9855.0,10258.55,9890.59,9890.59,4,C,71.79,61.32,15.05,51.82,10640.2,10528.24,10850.19,+0.04σ,0.49,なし,強,買い,アンチ,1,0.0,10219.18,11481.64,2.0,%K反転、%D方向改善、直近下落なし（B以下に制限） / 信用需給: 信用データがデータなし、または売残0で信用倍率を算出不能,,https://finance.yahoo.co.jp/quote/2875.T,データなし,データなし,データなし,データなし,データなし,データなし,データなし,データなし,4.0,0,0,4.0,634,634,信用需給は判定不能,信用データがデータなし、または売残0で信用倍率を算出不能
2026-08-20,2533,オエノンホールディングス,プライム,473.0,2.16,-0.42,4.42,-1.73,0.64,15.6,469.0,473.0,463.0,473.0,473.0,447.0,423.0,454.15,431.55,431.55,4,C,81.25,49.88,16.21,48.6,481.32,481.16,481.41,-0.17σ,0.45,陰線→陽線,通常,買い,アンチ,1,0.0,447.0,525.0,2.0,%K反転、%D方向改善、直近下落なし（B以下に制限） / 信用需給: 信用データがデータなし、または売残0で信用倍率を算出不能,,https://finance.yahoo.co.jp/quote/2533.T,データなし,データなし,データなし,データなし,データなし,データなし,データなし,データなし,4.0,0,0,4.0,634,634,信用需給は判定不能,信用データがデータなし、または売残0で信用倍率を算出不能
2026-08-20,4377,ワンキャリア,グロース,2498.0,4.83,-1.19,15.33,15.69,1.09,105.25,2473.0,2498.0,2383.0,2498.0,2513.0,2361.0,1913.0,1995.81,1811.72,1811.72,4,除外,79.11,73.65,9.95,68.03,2159.2,1996.48,2191.36,+1.73σ,0.67,陰線→陽線,強,買い,アンチ,1,0.0,2340.13,2813.74,2.0,%K反転、%D方向改善、直近下落なし（B以下に制限） / 信用需給: 信用データがデータなし、または売残0で信用倍率を算出不能,急騰済み（25日線上方乖離）,https://finance.yahoo.co.jp/quote/4377.T,データなし,データなし,データなし,データなし,データなし,データなし,データなし,データなし,4.0,0,0,4.0,634,634,信用需給は判定不能,信用データがデータなし、または売残0で信用倍率を算出不能
2026-08-20,4516,日本新薬,プライム,3697.0,1.96,2.75,2.32,-0.34,0.55,98.09,3658.0,3704.0,3650.0,3704.0,3704.0,3572.0,3376.0,3441.8,3250.44,3250.44,4,C,66.49,67.71,8.68,48.15,3709.64,3979.07,4553.21,+0.33σ,0.54,陰線→陽線,通常,買い,アンチ,1,0.0,3549.86,3991.28,2.0,%K反転、%D方向改善、直近下落なし（B以下に制限） / 信用需給: 信用データがデータなし、または売残0で信用倍率を算出不能,,https://finance.yahoo.co.jp/quote/4516.T,データなし,データなし,データなし,データなし,データなし,データなし,データなし,データなし,4.0,0,0,4.0,634,634,信用需給は判定不能,信用データがデータなし、または売残0で信用倍率を算出不能
2026-08-20,3697,ＳＨＩＦＴ,プライム,955.0,4.98,5.77,7.45,11.65,0.69,50.79,918.0,966.8,931.7,966.8,966.8,868.5,728.0,834.28,782.21,782.21,4,除外,88.0,60.02,8.42,62.58,855.37,729.01,786.12,+1.32σ,0.62,なし,強,買い,アンチ,1,0.0,868.5,1128.0,2.0,%K反転、%D方向改善、直近下落なし（B以下に制限） / 信用需給: 信用データがデータなし、または売残0で信用倍率を算出不能,急騰済み（25日線上方乖離）,https://finance.yahoo.co.jp/quote/3697.T,データなし,データなし,データなし,データなし,データなし,データなし,データなし,データなし,4.0,0,0,4.0,634,634,信用需給は判定不能,信用データがデータなし、または売残0で信用倍率を算出不能
2026-08-20,3968,セグエグループ,プライム,627.0,1.95,-4.27,6.27,4.4,0.81,22.31,630.0,629.0,611.0,630.0,649.0,608.0,570.0,577.27,554.79,554.79,4,C,56.7,53.4,12.35,58.06,600.56,577.45,591.14,+1.21σ,0.54,陰線→陽線 / はらみ足,強,買い,アンチ,1,0.0,593.53,693.94,2.0,%K反転、%D方向改善、直近下落なし（B以下に制限） / 信用需給: 信用データがデータなし、または売残0で信用倍率を算出不能,,https://finance.yahoo.co.jp/quote/3968.T,データなし,データなし,データなし,データなし,データなし,データなし,データなし,データなし,4.0,0,0,4.0,634,634,信用需給は判定不能,信用データがデータなし、または売残0で信用倍率を算出不能
2026-08-20,4684,オービック,プライム,4725.0,2.58,4.1,2.49,5.82,0.61,135.12,4670.0,4789.0,4707.0,4789.0,4789.0,4495.0,4102.0,4372.48,4214.87,4214.87,4,C,78.23,62.05,9.4,64.44,4465.2,4158.55,4352.62,+1.24σ,1.08,なし,強,買い,アンチ,1,0.0,4495.0,5185.0,2.0,%K反転、%D方向改善、直近下落なし（B以下に制限） / 信用需給: 信用データがデータなし、または売残0で信用倍率を算出不能,,https://finance.yahoo.co.jp/quote/4684.T,データなし,データなし,データなし,データなし,データなし,データなし,データなし,データなし,4.0,0,0,4.0,634,634,信用需給は判定不能,信用データがデータなし、または売残0で信用倍率を算出不能
2026-08-20,3659,ネクソン,プライム,3048.0,1.85,0.1,20.88,20.9,0.53,131.42,3085.0,3092.0,3023.0,3092.0,3092.0,2937.0,2197.5,2318.87,2052.01,2052.01,4,除外,68.4,69.62,11.87,76.98,2521.1,2365.81,3016.94,+1.73σ,1.21,陰線→陽線,通常,買い,アンチ,1,0.0,2850.87,3442.27,2.0,%K反転、%D方向改善、直近下落なし（B以下に制限） / 信用需給: 信用データがデータなし、または売残0で信用倍率を算出不能,急騰済み（5営業日急騰、25日線上方乖離、高RSI）,https://finance.yahoo.co.jp/quote/3659.T,データなし,データなし,データなし,データなし,データなし,データなし,データなし,データなし,4.0,0,0,4.0,634,634,信用需給は判定不能,信用データがデータなし、または売残0で信用倍率を算出不能
2026-08-20,9506,東北電力,プライム,1312.0,2.22,4.38,5.93,9.59,1.18,28.79,1300.0,1319.5,1285.5,1319.5,1320.0,1232.0,1133.5,1164.96,1117.12,1117.12,4,除外,92.42,87.47,4.69,79.16,1197.16,1092.84,1127.02,+2.07σ,1.11,陰線→陽線,強,買い,アンチ,1,0.0,1232.0,1472.0,2.0,%K反転、%D方向改善、直近下落なし（B以下に制限） / 信用需給: 信用データがデータなし、または売残0で信用倍率を算出不能,急騰済み（高RSI）,https://finance.yahoo.co.jp/quote/9506.T,データなし,データなし,データなし,データなし,データなし,データなし,データなし,データなし,4.0,0,0,4.0,634,634,信用需給は判定不能,信用データがデータなし、または売残0で信用倍率を算出不能
2026-08-20,9722,藤田観光,プライム,2497.0,2.29,7.54,5.36,18.92,0.94,86.26,2442.0,2523.0,2442.0,2523.0,2523.0,2297.0,1900.0,1944.02,1744.95,1744.95,3,除外,88.5,81.12,17.64,78.06,2099.68,1945.32,2181.97,+1.78σ,1.29,なし,なし,買い,底固め,1,0.0,2297.0,2897.0,2.0,%D方向改善、直近下落なし（B以下に制限）、直近安値切り上げ、RSI安値切り上げ、レンジ上限突破 / 信用需給: 信用データがデータなし、または売残0で信用倍率を算出不能,急騰済み（25日線上方乖離、高RSI）,https://finance.yahoo.co.jp/quote/9722.T,データなし,データなし,データなし,データなし,データなし,データなし,データなし,データなし,3.0,0,0,3.0,698,698,信用需給は判定不能,信用データがデータなし、または売残0で信用倍率を算出不能
2026-08-20,9882,イエローハット,プライム,1786.0,1.08,1.77,1.82,-0.0,1.04,31.69,1780.0,1806.0,1773.0,1806.0,1806.0,1743.0,1706.0,1732.29,1686.43,1686.43,3,C,71.01,61.05,20.32,53.34,1786.04,1725.73,1659.42,+0.17σ,0.78,陰線→陽線,なし,買い,底固め,1,0.0,1738.47,1881.07,2.0,%D方向改善、直近下落なし（B以下に制限）、直近安値切り上げ、RSI安値切り上げ、レンジ上限突破 / 信用需給: 信用データがデータなし、または売残0で信用倍率を算出不能,,https://finance.yahoo.co.jp/quote/9882.T,データなし,データなし,データなし,データなし,データなし,データなし,データなし,データなし,3.0,0,0,3.0,698,698,信用需給は判定不能,信用データがデータなし、または売残0で信用倍率を算出不能
2026-08-20,9831,ヤマダホールディングス,プライム,705.5,0.56,2.96,2.07,0.34,0.74,20.7,714.6,715.8,700.4,715.8,715.8,677.9,650.5,679.61,655.09,655.09,3,C,74.75,60.71,22.63,55.23,703.08,654.2,569.94,+0.06σ,0.96,なし,なし,買い,底固め,1,0.0,674.45,767.61,2.0,%D方向改善、直近下落なし（B以下に制限）、直近安値切り上げ、BB幅収縮、RSI安値切り上げ / 信用需給: 信用データがデータなし、または売残0で信用倍率を算出不能,,https://finance.yahoo.co.jp/quote/9831.T,データなし,データなし,データなし,データなし,データなし,データなし,データなし,データなし,3.0,0,0,3.0,698,698,信用需給は判定不能,信用データがデータなし、または売残0で信用倍率を算出不能
2026-08-20,9757,船井総研ホールディングス,プライム,1154.0,0.61,1.58,1.05,2.6,0.91,18.6,1149.0,1163.0,1146.0,1163.0,1163.0,1126.0,1079.0,1101.95,1078.25,1078.25,3,C,75.68,74.39,22.95,62.05,1124.76,1095.37,1133.2,+1.20σ,0.79,陰線→陽線,なし,買い,底固め,1,0.0,1126.0,1210.0,2.0,%D方向改善、直近下落なし（B以下に制限）、直近安値切り上げ、RSI安値切り上げ、レンジ上限突破 / 信用需給: 信用データがデータなし、または売残0で信用倍率を算出不能,,https://finance.yahoo.co.jp/quote/9757.T,データなし,データなし,データなし,データなし,データなし,データなし,データなし,データなし,3.0,0,0,3.0,698,698,信用需給は判定不能,信用データがデータなし、または売残0で信用倍率を算出不能
2026-08-20,8541,愛媛銀行,プライム,3150.0,-1.25,-1.25,3.62,12.97,1.2,133.6,3320.0,3270.0,3110.0,3320.0,3345.0,3010.0,2436.0,2676.06,2467.77,2467.77,3,除外,63.62,79.95,16.69,66.59,2788.32,2277.48,1837.0,+1.28σ,0.62,なし,なし,買い,底固め,1,0.0,2949.6,3550.8,2.0,%D方向改善、直近下落なし（B以下に制限）、直近安値切り上げ、BB幅収縮、RSI安値切り上げ / 信用需給: 信用データがデータなし、または売残0で信用倍率を算出不能,急騰済み（25日線上方乖離）,https://finance.yahoo.co.jp/quote/8541.T,データなし,データなし,データなし,データなし,データなし,データなし,データなし,データなし,3.0,0,0,3.0,698,698,信用需給は判定不能,信用データがデータなし、または売残0で信用倍率を算出不能
2026-08-20,4828,ビジネスエンジニアリング,プライム,1442.0,1.62,6.97,5.95,15.53,0.92,45.87,1428.0,1473.0,1431.0,1473.0,1473.0,1345.0,1144.0,1185.32,1098.78,1098.78,3,除外,80.86,69.9,20.56,77.66,1248.16,1136.88,1304.51,+1.97σ,1.42,なし,なし,買い,底固め,1,0.0,1345.0,1636.0,2.0,%D方向改善、直近下落なし（B以下に制限）、直近安値切り上げ、RSI安値切り上げ、レンジ上限突破 / 信用需給: 信用データがデータなし、または売残0で信用倍率を算出不能,急騰済み（25日線上方乖離、高RSI）,https://finance.yahoo.co.jp/quote/4828.T,データなし,データなし,データなし,データなし,データなし,データなし,データなし,データなし,3.0,0,0,3.0,698,698,信用需給は判定不能,信用データがデータなし、または売残0で信用倍率を算出不能
2026-08-20,7459,メディパルホールディングス,プライム,2886.5,0.56,2.45,2.49,1.11,0.91,70.14,2880.0,2918.5,2854.5,2918.5,2918.5,2768.0,2690.5,2779.41,2698.12,2698.12,3,C,78.74,61.91,24.0,57.04,2854.76,2750.05,2786.35,+0.32σ,0.91,なし,なし,買い,底固め,1,0.0,2768.0,3123.5,2.0,%D方向改善、直近下落なし（B以下に制限）、直近安値切り上げ、BB幅収縮、RSI安値切り上げ、レンジ上限突破 / 信用需給: 信用データがデータなし、または売残0で信用倍率を算出不能,,https://finance.yahoo.co.jp/quote/7459.T,データなし,データなし,データなし,データなし,データなし,データなし,データなし,データなし,3.0,0,0,3.0,698,698,信用需給は判定不能,信用データがデータなし、または売残0で信用倍率を算出不能
2026-08-20,7513,コジマ,プライム,1470.0,4.26,9.29,8.89,7.39,1.51,38.44,1412.0,1483.0,1425.0,1483.0,1483.0,1324.0,1323.0,1340.1,1303.15,1303.15,3,除外,91.82,50.73,19.63,68.09,1368.84,1328.37,1268.86,+2.52σ,1.22,なし,なし,買い,底固め,1,0.0,1324.0,1762.0,2.0,%D方向改善、直近下落なし（B以下に制限）、直近安値切り上げ、BB幅収縮、出来高減少後の増加、RSI安値切り上げ、レンジ上限突破 / 信用需給: 信用データがデータなし、または売残0で信用倍率を算出不能,急騰済み（BB +2σ大幅超過）,https://finance.yahoo.co.jp/quote/7513.T,データなし,データなし,データなし,データなし,データなし,データなし,データなし,データなし,3.0,0,0,3.0,698,698,信用需給は判定不能,信用データがデータなし、または売残0で信用倍率を算出不能
2026-08-20,7458,第一興商,プライム,1870.0,1.08,2.33,3.09,3.51,0.67,37.48,1860.0,1888.0,1863.0,1888.0,1888.0,1791.5,1717.5,1768.85,1725.29,1725.29,3,C,81.35,71.67,20.49,62.57,1806.54,1721.55,1690.18,+1.32σ,0.8,なし,なし,買い,底固め,1,0.0,1791.5,2027.0,2.0,%D方向改善、直近下落なし（B以下に制限）、直近安値切り上げ、RSI安値切り上げ、レンジ上限突破 / 信用需給: 信用データがデータなし、または売残0で信用倍率を算出不能,,https://finance.yahoo.co.jp/quote/7458.T,データなし,データなし,データなし,データなし,データなし,データなし,データなし,データなし,3.0,0,0,3.0,698,698,信用需給は判定不能,信用データがデータなし、または売残0で信用倍率を算出不能
2026-08-20,7611,ハイデイ日高,プライム,2952.0,0.27,2.22,2.32,3.42,0.81,57.03,2950.0,2980.0,2934.0,2980.0,2980.0,2864.0,2740.0,2802.92,2737.59,2737.59,3,C,77.05,74.42,20.7,64.3,2854.32,2709.28,3025.98,+1.28σ,0.84,なし,なし,買い,底固め,1,0.0,2864.0,3128.0,2.0,%D方向改善、直近下落なし（B以下に制限）、直近安値切り上げ、BB幅収縮、RSI安値切り上げ、レンジ上限突破 / 信用需給: 信用データがデータなし、または売残0で信用倍率を算出不能,,https://finance.yahoo.co.jp/quote/7611.T,データなし,データなし,データなし,データなし,データなし,データなし,データなし,データなし,3.0,0,0,3.0,698,698,信用需給は判定不能,信用データがデータなし、または売残0で信用倍率を算出不能
2026-08-20,8255,アクシアル　リテイリング,プライム,1268.0,0.71,5.49,5.67,4.07,1.0,31.0,1263.0,1295.0,1264.0,1295.0,1295.0,1193.0,1155.0,1187.73,1152.52,1152.52,3,C,74.29,53.04,15.59,64.99,1218.44,1123.8,1158.13,+1.28σ,0.74,なし,なし,買い,底固め,1,0.0,1193.0,1418.0,2.0,%D方向改善、直近下落なし（B以下に制限）、直近安値切り上げ、RSI安値切り上げ、レンジ上限突破 / 信用需給: 信用データがデータなし、または売残0で信用倍率を算出不能,,https://finance.yahoo.co.jp/quote/8255.T,データなし,データなし,データなし,データなし,データなし,データなし,データなし,データなし,3.0,0,0,3.0,698,698,信用需給は判定不能,信用データがデータなし、または売残0で信用倍率を算出不能
2026-08-20,8214,ＡＯＫＩホールディングス,プライム,1727.0,0.88,1.59,2.07,0.67,0.57,29.59,1721.0,1735.0,1718.0,1735.0,1735.0,1682.0,1621.0,1694.73,1672.26,1672.26,3,C,84.91,65.75,17.01,56.37,1715.48,1651.99,1698.73,+0.44σ,0.74,陰線→陽線,なし,買い,底固め,1,0.0,1682.0,1817.0,2.0,%D方向改善、直近下落なし（B以下に制限）、直近安値切り上げ、BB幅収縮、RSI安値切り上げ / 信用需給: 信用データがデータなし、または売残0で信用倍率を算出不能,,https://finance.yahoo.co.jp/quote/8214.T,データなし,データなし,データなし,データなし,データなし,データなし,データなし,データなし,3.0,0,0,3.0,698,698,信用需給は判定不能,信用データがデータなし、または売残0で信用倍率を算出不能
2026-08-20,7014,名村造船所,スタンダード,4585.0,6.88,1.66,3.73,7.38,1.64,274.35,4500.0,4950.0,4500.0,4950.0,4950.0,4265.0,3995.0,4213.67,4080.85,4080.85,3,C,46.72,57.01,7.08,60.23,4269.8,3949.93,4290.0,+1.80σ,2.48,なし,通常,買い,アンチ,1,0.0,4173.48,5408.04,2.0,%K反転、直近下落なし（B以下に制限） / 信用需給: 信用データがデータなし、または売残0で信用倍率を算出不能,,https://finance.yahoo.co.jp/quote/7014.T,データなし,データなし,データなし,データなし,データなし,データなし,データなし,データなし,3.0,0,0,3.0,698,698,信用需給は判定不能,信用データがデータなし、または売残0で信用倍率を算出不能
2026-08-20,5989,エイチワン,プライム,1546.0,3.55,-0.39,6.11,0.59,0.97,49.29,1530.0,1546.0,1498.0,1546.0,1569.0,1466.0,1396.0,1473.68,1424.46,1424.46,3,C,84.56,47.78,7.37,52.29,1536.92,1541.89,1419.68,+0.47σ,0.45,陰線→陽線,通常,買い,アンチ,1,0.0,1466.0,1706.0,2.0,%K反転、直近下落なし（B以下に制限） / 信用需給: 信用データがデータなし、または売残0で信用倍率を算出不能,,https://finance.yahoo.co.jp/quote/5989.T,データなし,データなし,データなし,データなし,データなし,データなし,データなし,データなし,3.0,0,0,3.0,698,698,信用需給は判定不能,信用データがデータなし、または売残0で信用倍率を算出不能
2026-08-20,2809,キユーピー,プライム,4797.0,1.29,3.12,2.98,4.06,0.67,111.37,4762.0,4830.0,4755.0,4830.0,4830.0,4588.0,4395.0,4511.74,4405.33,4405.33,3,C,86.53,76.09,19.52,62.83,4609.68,4327.05,4300.94,+1.68σ,0.89,なし,なし,買い,底固め,1,0.0,4588.0,5215.0,2.0,%D方向改善、直近下落なし（B以下に制限）、直近安値切り上げ、RSI安値切り上げ、レンジ上限突破 / 信用需給: 信用データがデータなし、または売残0で信用倍率を算出不能,,https://finance.yahoo.co.jp/quote/2809.T,データなし,データなし,データなし,データなし,データなし,データなし,データなし,データなし,3.0,0,0,3.0,698,698,信用需給は判定不能,信用データがデータなし、または売残0で信用倍率を算出不能
2026-08-20,9069,センコーグループホールディングス,プライム,2292.5,-1.06,-0.76,-0.17,2.68,1.31,49.73,2343.0,2332.0,2267.0,2343.0,2354.0,2267.0,2141.0,2198.59,2150.15,2150.15,3,C,38.57,64.38,6.91,64.28,2232.58,2039.11,1966.97,+0.94σ,0.69,なし,なし,買い,底固め,1,0.0,2217.91,2441.68,2.0,%D方向改善、直近下落なし（B以下に制限）、直近安値切り上げ、BB幅収縮、RSI安値切り上げ / 信用需給: 信用データがデータなし、または売残0で信用倍率を算出不能,,https://finance.yahoo.co.jp/quote/9069.T,データなし,データなし,データなし,データなし,データなし,データなし,データなし,データなし,3.0,0,0,3.0,698,698,信用需給は判定不能,信用データがデータなし、または売残0で信用倍率を算出不能
2026-08-20,9425,ＲｅＹｕｕ　Ｊａｐａｎ,スタンダード,233.0,-5.67,14.22,16.5,12.98,0.81,21.08,260.0,242.0,225.0,260.0,260.0,199.0,180.0,189.2,172.74,172.74,3,除外,64.94,59.78,12.0,57.99,206.24,212.51,337.21,+1.66σ,1.68,はらみ足,なし,買い,底固め,1,0.0,199.0,301.0,2.0,%D方向改善、直近下落なし（B以下に制限）、直近安値切り上げ、ATR低下、BB幅収縮、RSI安値切り上げ / 信用需給: 信用データがデータなし、または売残0で信用倍率を算出不能,急騰済み（3営業日急騰、25日線上方乖離）,https://finance.yahoo.co.jp/quote/9425.T,データなし,データなし,データなし,データなし,データなし,データなし,データなし,データなし,3.0,0,0,3.0,698,698,信用需給は判定不能,信用データがデータなし、または売残0で信用倍率を算出不能
2026-08-20,4848,フルキャストホールディングス,プライム,1885.0,1.18,2.22,2.17,9.01,1.0,39.84,1873.0,1909.0,1869.0,1909.0,1909.0,1820.0,1621.0,1663.39,1577.99,1577.99,3,除外,83.1,75.74,22.37,73.81,1729.24,1604.64,1652.45,+1.59σ,0.91,なし,なし,買い,底固め,1,0.0,1820.0,2015.0,2.0,%D方向改善、直近下落なし（B以下に制限）、直近安値切り上げ、RSI安値切り上げ、レンジ上限突破 / 信用需給: 信用データがデータなし、または売残0で信用倍率を算出不能,急騰済み（高RSI）,https://finance.yahoo.co.jp/quote/4848.T,データなし,データなし,データなし,データなし,データなし,データなし,データなし,データなし,3.0,0,0,3.0,698,698,信用需給は判定不能,信用データがデータなし、または売残0で信用倍率を算出不能
2026-08-20,5408,中山製鋼所,プライム,641.0,0.94,0.63,2.07,-0.16,0.61,14.79,645.0,641.0,632.0,645.0,648.0,628.0,618.0,634.82,623.63,623.63,3,C,55.56,48.68,0.99,50.79,642.04,631.89,620.02,-0.45σ,0.74,陰線→陽線 / はらみ足,強,買い,アンチ,1,0.0,618.82,685.37,2.0,%K反転、直近下落なし（B以下に制限） / 信用需給: 信用データがデータなし、または売残0で信用倍率を算出不能,,https://finance.yahoo.co.jp/quote/5408.T,データなし,データなし,データなし,データなし,データなし,データなし,データなし,データなし,3.0,0,0,3.0,698,698,信用需給は判定不能,信用データがデータなし、または売残0で信用倍率を算出不能
2026-08-20,6869,シスメックス,プライム,1918.5,1.11,3.67,1.59,12.88,0.63,65.56,1926.0,1945.0,1903.5,1945.0,1945.0,1835.5,1494.0,1579.37,1427.71,1427.71,3,除外,50.61,69.66,0.96,67.33,1699.66,1521.03,1502.78,+1.24σ,1.05,なし,通常,買い,アンチ,1,0.0,1820.16,2115.18,2.0,%K反転、直近下落なし（B以下に制限） / 信用需給: 信用データがデータなし、または売残0で信用倍率を算出不能,急騰済み（25日線上方乖離）,https://finance.yahoo.co.jp/quote/6869.T,データなし,データなし,データなし,データなし,データなし,データなし,データなし,データなし,3.0,0,0,3.0,698,698,信用需給は判定不能,信用データがデータなし、または売残0で信用倍率を算出不能
2026-08-20,9044,ＮＡＮＫＡＩ,プライム,2984.0,0.78,1.79,1.44,0.84,0.93,66.71,2980.0,3016.0,2954.0,3016.0,3016.0,2900.5,2818.5,2860.06,2758.68,2758.68,3,C,73.0,61.07,23.39,55.21,2959.04,2871.86,2937.01,+0.22σ,0.93,なし,なし,買い,底固め,1,0.0,2883.94,3184.13,2.0,%D方向改善、直近下落なし（B以下に制限）、直近安値切り上げ、RSI安値切り上げ、レンジ上限突破 / 信用需給: 信用データがデータなし、または売残0で信用倍率を算出不能,,https://finance.yahoo.co.jp/quote/9044.T,データなし,データなし,データなし,データなし,データなし,データなし,データなし,データなし,3.0,0,0,3.0,698,698,信用需給は判定不能,信用データがデータなし、または売残0で信用倍率を算出不能
2026-08-20,9008,京王電鉄,プライム,773.4,1.1,2.02,1.71,-1.01,0.78,16.21,769.7,780.2,767.6,780.2,780.2,751.6,742.1,753.2,726.58,726.58,3,C,76.22,44.76,20.99,51.48,781.28,756.75,777.99,-0.24σ,0.53,陰線→陽線,なし,買い,底固め,1,0.0,749.09,822.02,2.0,%D方向改善、直近下落なし（B以下に制限）、直近安値切り上げ、RSI安値切り上げ、レンジ上限突破 / 信用需給: 信用データがデータなし、または売残0で信用倍率を算出不能,,https://finance.yahoo.co.jp/quote/9008.T,データなし,データなし,データなし,データなし,データなし,データなし,データなし,データなし,3.0,0,0,3.0,698,698,信用需給は判定不能,信用データがデータなし、または売残0で信用倍率を算出不能
2026-08-20,3856,Ａｂａｌａｎｃｅ,スタンダード,454.0,-1.3,22.37,34.32,5.01,2.71,40.19,460.0,540.0,431.0,540.0,540.0,338.0,306.0,341.7,267.1,267.1,3,除外,57.84,50.97,23.79,54.94,432.32,489.19,571.76,+0.51σ,6.23,なし,なし,買い,底固め,1,0.0,338.0,686.0,2.0,%D方向改善、直近下落なし（B以下に制限）、直近安値切り上げ、出来高減少後の増加、RSI安値切り上げ / 信用需給: 信用データがデータなし、または売残0で信用倍率を算出不能,急騰済み（3営業日急騰、5営業日急騰）,https://finance.yahoo.co.jp/quote/3856.T,データなし,データなし,データなし,データなし,データなし,データなし,データなし,データなし,3.0,0,0,3.0,698,698,信用需給は判定不能,信用データがデータなし、または売残0で信用倍率を算出不能
2026-08-20,4641,アルプス技研,プライム,849.0,0.59,2.04,3.16,3.22,0.78,18.03,849.0,857.0,843.0,857.0,857.0,818.0,762.0,806.47,787.94,787.94,3,C,84.91,74.07,24.09,62.86,822.48,801.05,849.55,+1.30σ,0.59,なし,なし,買い,底固め,1,0.0,818.0,911.0,2.0,%D方向改善、直近下落なし（B以下に制限）、直近安値切り上げ、BB幅収縮、RSI安値切り上げ / 信用需給: 信用データがデータなし、または売残0で信用倍率を算出不能,,https://finance.yahoo.co.jp/quote/4641.T,データなし,データなし,データなし,データなし,データなし,データなし,データなし,データなし,3.0,0,0,3.0,698,698,信用需給は判定不能,信用データがデータなし、または売残0で信用倍率を算出不能
2026-08-20,4418,ＪＤＳＣ,グロース,1082.0,5.15,12.24,35.08,27.23,1.29,58.86,1043.0,1117.0,1041.0,1117.0,1117.0,793.0,728.0,746.08,654.31,654.31,3,除外,89.88,73.35,12.72,78.25,850.44,762.55,962.14,+2.66σ,2.17,なし,なし,買い,底固め,1,0.0,793.0,1660.0,2.0,%D方向改善、直近下落なし（B以下に制限）、直近安値切り上げ、BB幅収縮、RSI安値切り上げ、レンジ上限突破 / 信用需給: 信用データがデータなし、または売残0で信用倍率を算出不能,急騰済み（3営業日急騰、5営業日急騰、25日線上方乖離、高RSI、BB +2σ大幅超過）,https://finance.yahoo.co.jp/quote/4418.T,データなし,データなし,データなし,データなし,データなし,データなし,データなし,データなし,3.0,0,0,3.0,698,698,信用需給は判定不能,信用データがデータなし、または売残0で信用倍率を算出不能
2026-08-20,4528,小野薬品工業,プライム,2481.5,0.87,3.03,2.65,3.19,0.53,55.19,2477.0,2499.0,2470.0,2499.0,2499.0,2396.0,2264.5,2356.0,2303.99,2303.99,3,C,85.11,78.72,21.78,60.41,2404.9,2379.73,2324.52,+1.41σ,0.94,なし,なし,買い,底固め,1,0.0,2396.0,2652.5,2.0,%D方向改善、直近下落なし（B以下に制限）、直近安値切り上げ、RSI安値切り上げ、レンジ上限突破 / 信用需給: 信用データがデータなし、または売残0で信用倍率を算出不能,,https://finance.yahoo.co.jp/quote/4528.T,データなし,データなし,データなし,データなし,データなし,データなし,データなし,データなし,3.0,0,0,3.0,698,698,信用需給は判定不能,信用データがデータなし、または売残0で信用倍率を算出不能
2026-08-20,9003,相鉄ホールディングス,プライム,2583.0,0.76,1.99,1.63,0.79,0.59,56.16,2573.5,2598.0,2565.0,2598.0,2598.0,2498.0,2412.0,2463.64,2368.76,2368.76,3,C,87.7,62.2,26.12,54.75,2562.74,2526.24,2707.11,+0.26σ,0.63,陰線→陽線,なし,買い,底固め,1,0.0,2498.0,2753.0,2.0,%D方向改善、直近下落なし（B以下に制限）、直近安値切り上げ、RSI安値切り上げ、レンジ上限突破 / 信用需給: 信用データがデータなし、または売残0で信用倍率を算出不能,,https://finance.yahoo.co.jp/quote/9003.T,データなし,データなし,データなし,データなし,データなし,データなし,データなし,データなし,3.0,0,0,3.0,698,698,信用需給は判定不能,信用データがデータなし、または売残0で信用倍率を算出不能
2026-08-20,8841,テーオーシー,スタンダード,1064.0,0.38,9.02,9.24,12.41,0.76,36.93,1075.0,1081.0,1053.0,1081.0,1093.0,951.0,866.0,900.42,846.53,846.53,3,除外,79.58,79.74,4.49,71.64,946.56,978.37,910.99,+2.04σ,1.12,なし,通常,買い,アンチ,1,0.0,951.0,1290.0,2.0,%K反転、直近下落なし（B以下に制限） / 信用需給: 信用データがデータなし、または売残0で信用倍率を算出不能,急騰済み（25日線上方乖離）,https://finance.yahoo.co.jp/quote/8841.T,データなし,データなし,データなし,データなし,データなし,データなし,データなし,データなし,3.0,0,0,3.0,698,698,信用需給は判定不能,信用データがデータなし、または売残0で信用倍率を算出不能
2026-08-20,3539,ＪＭホールディングス,プライム,1473.0,0.0,2.79,3.88,6.73,1.01,31.53,1478.0,1488.0,1456.0,1488.0,1488.0,1415.0,1319.0,1355.63,1312.82,1312.82,3,除外,86.73,76.44,21.23,73.74,1380.16,1301.03,1494.8,+1.74σ,0.4,なし,なし,買い,底固め,1,0.0,1415.0,1589.0,2.0,%D方向改善、直近下落なし（B以下に制限）、直近安値切り上げ、BB幅収縮、RSI安値切り上げ / 信用需給: 信用データがデータなし、または売残0で信用倍率を算出不能,急騰済み（高RSI）,https://finance.yahoo.co.jp/quote/3539.T,データなし,データなし,データなし,データなし,データなし,データなし,データなし,データなし,3.0,0,0,3.0,698,698,信用需給は判定不能,信用データがデータなし、または売残0で信用倍率を算出不能
2026-08-20,3284,フージャースホールディングス,プライム,1335.0,2.14,3.01,4.38,6.45,1.45,20.04,1307.0,1335.0,1306.0,1335.0,1335.0,1271.0,1209.0,1223.4,1188.55,1188.55,3,除外,100.0,77.73,27.85,77.25,1254.12,1205.63,1254.88,+2.20σ,2.09,なし,なし,買い,底固め,1,0.0,1271.0,1463.0,2.0,%D方向改善、直近下落なし（B以下に制限）、直近安値切り上げ、RSI安値切り上げ、レンジ上限突破 / 信用需給: 信用データがデータなし、または売残0で信用倍率を算出不能,急騰済み（高RSI、BB +2σ大幅超過）,https://finance.yahoo.co.jp/quote/3284.T,データなし,データなし,データなし,データなし,データなし,データなし,データなし,データなし,3.0,0,0,3.0,698,698,信用需給は判定不能,信用データがデータなし、または売残0で信用倍率を算出不能
2026-08-20,9504,中国電力,プライム,968.9,1.84,3.76,4.76,3.94,0.96,18.74,955.9,975.9,958.0,975.9,975.9,918.0,876.7,912.7,893.94,893.94,3,C,88.87,75.83,15.57,68.54,932.22,906.28,956.39,+2.00σ,1.26,なし,なし,買い,底固め,1,0.0,918.0,1070.7,2.0,%D方向改善、直近下落なし（B以下に制限）、直近安値切り上げ、RSI安値切り上げ、レンジ上限突破 / 信用需給: 信用データがデータなし、または売残0で信用倍率を算出不能,,https://finance.yahoo.co.jp/quote/9504.T,データなし,データなし,データなし,データなし,データなし,データなし,データなし,データなし,3.0,0,0,3.0,698,698,信用需給は判定不能,信用データがデータなし、または売残0で信用倍率を算出不能
2026-08-20,9404,日本テレビホールディングス,プライム,2960.5,0.87,1.16,2.55,1.98,0.78,71.73,2948.0,2972.0,2916.0,2972.0,2972.0,2872.0,2753.0,2842.12,2776.36,2776.36,3,C,88.5,74.02,21.46,56.57,2903.0,2876.89,3297.36,+0.80σ,0.95,陰線→陽線,なし,買い,底固め,1,0.0,2852.9,3175.7,2.0,%D方向改善、直近下落なし（B以下に制限）、直近安値切り上げ、RSI安値切り上げ、レンジ上限突破 / 信用需給: 信用データがデータなし、または売残0で信用倍率を算出不能,,https://finance.yahoo.co.jp/quote/9404.T,データなし,データなし,データなし,データなし,データなし,データなし,データなし,データなし,3.0,0,0,3.0,698,698,信用需給は判定不能,信用データがデータなし、または売残0で信用倍率を算出不能
2026-08-20,9274,ＫＰＰグループホールディングス,プライム,1110.0,0.0,2.4,2.3,1.36,0.66,27.23,1116.0,1112.0,1094.0,1116.0,1123.0,1075.0,1047.0,1082.35,1066.45,1066.45,3,C,82.89,59.5,13.53,56.34,1095.08,1029.13,917.66,+0.74σ,0.84,なし,なし,買い,底固め,1,0.0,1069.16,1191.68,2.0,%D方向改善、直近下落なし（B以下に制限）、直近安値切り上げ、BB幅収縮、RSI安値切り上げ / 信用需給: 信用データがデータなし、または売残0で信用倍率を算出不能,,https://finance.yahoo.co.jp/quote/9274.T,データなし,データなし,データなし,データなし,データなし,データなし,データなし,データなし,3.0,0,0,3.0,698,698,信用需給は判定不能,信用データがデータなし、または売残0で信用倍率を算出不能
2026-08-20,2002,日清製粉グループ本社,プライム,2043.5,0.69,1.62,1.31,0.79,0.6,44.04,2040.0,2063.0,2036.5,2063.0,2063.0,1981.5,1906.0,1966.61,1908.54,1908.54,3,C,76.07,68.12,20.7,54.55,2027.46,1990.27,1984.62,+0.32σ,1.18,なし,なし,買い,底固め,1,0.0,1977.44,2175.63,2.0,%D方向改善、直近下落なし（B以下に制限）、直近安値切り上げ、RSI安値切り上げ、レンジ上限突破 / 信用需給: 信用データがデータなし、または売残0で信用倍率を算出不能,,https://finance.yahoo.co.jp/quote/2002.T,データなし,データなし,データなし,データなし,データなし,データなし,データなし,データなし,3.0,0,0,3.0,698,698,信用需給は判定不能,信用データがデータなし、または売残0で信用倍率を算出不能
2026-08-20,3091,ブロンコビリー,プライム,2724.0,-0.77,1.91,3.5,5.09,1.03,92.27,2774.0,2805.0,2710.0,2805.0,2805.0,2595.0,2333.0,2550.1,2451.75,2451.75,3,C,71.58,51.98,16.47,64.81,2592.16,2307.94,2125.63,+0.77σ,0.44,なし,なし,買い,底固め,1,0.0,2585.6,3000.8,2.0,%D方向改善、直近下落なし（B以下に制限）、直近安値切り上げ、BB幅収縮、RSI安値切り上げ / 信用需給: 信用データがデータなし、または売残0で信用倍率を算出不能,,https://finance.yahoo.co.jp/quote/3091.T,データなし,データなし,データなし,データなし,データなし,データなし,データなし,データなし,3.0,0,0,3.0,698,698,信用需給は判定不能,信用データがデータなし、または売残0で信用倍率を算出不能
2026-08-20,3087,ドトール・日レスホールディングス,プライム,3285.0,1.7,4.29,2.98,4.72,0.75,73.04,3250.0,3315.0,3260.0,3315.0,3315.0,3135.0,3015.0,3101.24,3023.74,3023.74,3,C,83.33,57.94,19.22,67.43,3136.84,2855.25,2782.68,+1.37σ,0.83,なし,なし,買い,底固め,1,0.0,3135.0,3585.0,2.0,%D方向改善、直近下落なし（B以下に制限）、直近安値切り上げ、BB幅収縮、レンジ上限突破 / 信用需給: 信用データがデータなし、または売残0で信用倍率を算出不能,,https://finance.yahoo.co.jp/quote/3087.T,データなし,データなし,データなし,データなし,データなし,データなし,データなし,データなし,3.0,0,0,3.0,698,698,信用需給は判定不能,信用データがデータなし、または売残0で信用倍率を算出不能
2026-08-20,2734,サーラコーポレーション,プライム,1228.0,-0.16,1.74,3.19,5.39,0.99,23.19,1238.0,1245.0,1222.0,1245.0,1245.0,1190.0,1120.0,1136.53,1104.16,1104.16,3,除外,78.48,77.94,14.89,73.74,1165.24,1077.92,1089.45,+1.83σ,0.89,なし,なし,買い,底固め,1,0.0,1190.0,1304.0,2.0,%D方向改善、直近下落なし（B以下に制限）、直近安値切り上げ、BB幅収縮、RSI安値切り上げ / 信用需給: 信用データがデータなし、または売残0で信用倍率を算出不能,急騰済み（高RSI）,https://finance.yahoo.co.jp/quote/2734.T,データなし,データなし,データなし,データなし,データなし,データなし,データなし,データなし,3.0,0,0,3.0,698,698,信用需給は判定不能,信用データがデータなし、または売残0で信用倍率を算出不能
2026-08-20,2784,アルフレッサ　ホールディングス,プライム,2320.0,0.39,3.11,3.99,1.12,0.69,44.19,2313.0,2340.5,2310.0,2340.5,2340.5,2221.5,2131.5,2207.12,2125.02,2125.02,3,C,85.41,64.98,26.06,57.68,2294.34,2246.65,2368.7,+0.37σ,0.54,なし,なし,買い,底固め,1,0.0,2221.5,2517.0,2.0,%D方向改善、直近下落なし（B以下に制限）、直近安値切り上げ、RSI安値切り上げ、レンジ上限突破 / 信用需給: 信用データがデータなし、または売残0で信用倍率を算出不能,,https://finance.yahoo.co.jp/quote/2784.T,データなし,データなし,データなし,データなし,データなし,データなし,データなし,データなし,3.0,0,0,3.0,698,698,信用需給は判定不能,信用データがデータなし、または売残0で信用倍率を算出不能
2026-08-20,1605,ＩＮＰＥＸ,プライム,3869.0,0.23,2.49,4.57,6.76,0.5,107.48,3888.0,3912.0,3858.0,3912.0,3912.0,3661.0,3377.0,3517.45,3378.61,3378.61,3,C,82.87,75.01,21.94,64.73,3624.04,3597.39,3592.26,+1.53σ,0.69,陰線→陽線,なし,買い,底固め,1,0.0,3661.0,4285.0,2.0,%D方向改善、直近下落なし（B以下に制限）、直近安値切り上げ、BB幅収縮、RSI安値切り上げ / 信用需給: 信用データがデータなし、または売残0で信用倍率を算出不能,,https://finance.yahoo.co.jp/quote/1605.T,データなし,データなし,データなし,データなし,データなし,データなし,データなし,データなし,3.0,0,0,3.0,698,698,信用需給は判定不能,信用データがデータなし、または売残0で信用倍率を算出不能
2026-08-20,2157,コシダカホールディングス,プライム,1056.0,0.96,2.92,3.33,1.12,0.93,20.53,1050.0,1062.0,1043.0,1062.0,1062.0,1016.0,1003.0,1016.44,992.99,992.99,3,C,88.24,54.77,20.21,59.47,1044.28,992.32,1089.82,+0.69σ,0.79,なし,なし,買い,底固め,1,0.0,1016.0,1136.0,2.0,%D方向改善、直近下落なし（B以下に制限）、直近安値切り上げ、BB幅収縮、RSI安値切り上げ、レンジ上限突破 / 信用需給: 信用データがデータなし、または売残0で信用倍率を算出不能,,https://finance.yahoo.co.jp/quote/2157.T,データなし,データなし,データなし,データなし,データなし,データなし,データなし,データなし,3.0,0,0,3.0,698,698,信用需給は判定不能,信用データがデータなし、または売残0で信用倍率を算出不能
2026-08-20,7794,イーディーピー,グロース,948.0,1.5,-2.27,3.38,3.75,1.09,50.35,970.0,989.0,934.0,989.0,989.0,907.0,812.0,863.17,821.84,821.84,2,C,58.59,76.75,5.34,49.98,913.72,1065.15,943.18,+1.05σ,1.56,なし,なし,買い,底固め,1,0.0,872.47,1099.06,2.0,直近下落なし（B以下に制限）、直近安値切り上げ、ATR低下、BB幅収縮、RSI安値切り上げ / 信用需給: 信用データがデータなし、または売残0で信用倍率を算出不能,,https://finance.yahoo.co.jp/quote/7794.T,データなし,データなし,データなし,データなし,データなし,データなし,データなし,データなし,2.0,0,0,2.0,738,738,信用需給は判定不能,信用データがデータなし、または売残0で信用倍率を算出不能
2026-08-20,7173,東京きらぼしフィナンシャルグループ,プライム,1692.0,-0.53,-5.9,-4.89,-2.47,0.6,63.03,1767.0,1717.0,1679.0,1767.0,1855.0,1679.0,1642.0,1696.42,1654.89,1654.89,2,C,7.39,54.02,-2.2,46.03,1734.8,1600.43,1373.33,-1.11σ,0.84,なし,なし,買い,底固め,1,0.0,1597.46,1881.09,2.0,直近下落なし（B以下に制限）、直近安値切り上げ、ATR低下、BB幅収縮 / 信用需給: 信用データがデータなし、または売残0で信用倍率を算出不能,,https://finance.yahoo.co.jp/quote/7173.T,データなし,データなし,データなし,データなし,データなし,データなし,データなし,データなし,2.0,0,0,2.0,738,738,信用需給は判定不能,信用データがデータなし、または売残0で信用倍率を算出不能
2026-08-20,6584,三櫻工業,プライム,813.0,1.5,-4.91,2.14,-0.81,0.45,42.01,830.0,821.0,802.0,830.0,878.0,799.0,729.0,787.45,761.9,761.9,2,C,40.37,55.28,-7.55,46.64,819.68,884.92,837.68,+0.00σ,0.36,はらみ足,なし,買い,底固め,1,0.0,749.98,939.03,2.0,直近下落なし（B以下に制限）、直近安値切り上げ、BB幅収縮、RSI安値切り上げ / 信用需給: 信用データがデータなし、または売残0で信用倍率を算出不能,,https://finance.yahoo.co.jp/quote/6584.T,データなし,データなし,データなし,データなし,データなし,データなし,データなし,データなし,2.0,0,0,2.0,738,738,信用需給は判定不能,信用データがデータなし、または売残0で信用倍率を算出不能
2026-08-20,2962,テクニスコ,スタンダード,1605.0,-7.76,18.1,12.63,21.16,2.52,166.96,1985.0,2025.0,1605.0,2025.0,2025.0,1271.0,1063.0,1133.47,957.99,957.99,2,除外,45.03,75.08,3.57,61.02,1324.64,1256.92,879.08,+1.69σ,7.52,なし,なし,買い,底固め,1,0.0,1271.0,2273.0,2.0,直近下落なし（B以下に制限）、直近安値切り上げ、ATR低下、BB幅収縮、RSI安値切り上げ / 信用需給: 信用データがデータなし、または売残0で信用倍率を算出不能,急騰済み（3営業日急騰、25日線上方乖離）,https://finance.yahoo.co.jp/quote/2962.T,データなし,データなし,データなし,データなし,データなし,データなし,データなし,データなし,2.0,0,0,2.0,738,738,信用需給は判定不能,信用データがデータなし、または売残0で信用倍率を算出不能
2026-08-20,9304,澁澤倉庫,プライム,1990.0,-0.7,1.02,1.79,4.6,0.78,74.59,2036.0,2025.0,1967.0,2036.0,2036.0,1941.0,1662.0,1787.68,1699.36,1699.36,2,C,71.69,76.67,-3.76,61.75,1902.56,1649.81,1415.0,+1.29σ,0.54,なし,なし,買い,底固め,1,0.0,1878.12,2213.77,2.0,直近下落なし（B以下に制限）、直近安値切り上げ、BB幅収縮、RSI安値切り上げ / 信用需給: 信用データがデータなし、または売残0で信用倍率を算出不能,,https://finance.yahoo.co.jp/quote/9304.T,データなし,データなし,データなし,データなし,データなし,データなし,データなし,データなし,2.0,0,0,2.0,738,738,信用需給は判定不能,信用データがデータなし、または売残0で信用倍率を算出不能
2026-08-20,9227,マイクロ波化学,グロース,914.0,-1.51,-4.99,0.0,4.88,0.61,47.65,954.0,941.0,912.0,954.0,1015.0,891.0,787.0,839.26,791.96,791.96,2,C,25.19,59.38,1.86,53.24,871.44,903.45,916.22,+0.58σ,0.19,なし,なし,買い,底固め,1,0.0,842.52,1056.95,2.0,直近下落なし（B以下に制限）、直近安値切り上げ、BB幅収縮、RSI安値切り上げ / 信用需給: 信用データがデータなし、または売残0で信用倍率を算出不能,,https://finance.yahoo.co.jp/quote/9227.T,データなし,データなし,データなし,データなし,データなし,データなし,データなし,データなし,2.0,0,0,2.0,738,738,信用需給は判定不能,信用データがデータなし、または売残0で信用倍率を算出不能
