シグナル日,コード,会社名,市場,現在値,前日比,直近3日騰落率,直近5日騰落率,25日線乖離率,ATR当日値幅,ATR14,前日高値,反転足高値,反転足安値,直近2日高値,直近3日高値,直近安値,直近支持線,BB-1σ,BB-2σ,BB下限,スコア,ランク,%K,%D,%D傾き,RSI14,MA25,MA75,MA200,BB位置,出来高倍率,ローソク足パターン,アンチ判定,買い・売り,シグナル種別,シグナル数,自社株買い比率,損切り候補,利確候補,RR,判定理由,除外理由,Yahoo Financeリンク,売残,買残,売残前週比,買残前週比,信用倍率,基準日,取得元URL,取得日時,テクニカルスコア,信用需給による減点,信用需給スコア,総合調整後スコア,テクニカル順位,調整後順位,信用需給判定,信用需給判定理由
2026-08-19,3086,Ｊ．フロント　リテイリング,プライム,2885.0,1.28,-1.0,-3.07,-4.51,0.79,90.94,2870.0,2890.0,2818.5,2890.0,2909.5,2818.5,2814.0,2881.44,2800.6,2800.6,20,S,33.84,42.43,-1.13,44.2,3021.18,2723.64,2501.24,-0.96σ,1.34,強気包み足 / 前日安値割れ反転 / 2～5日下落後の陽線,なし,買い,BB逆張り,1,0.0,2748.59,3157.82,2.0,直近2～5日まで下落、BB -1σ以下から反発、ストキャス売られ過ぎから反転、%K反転、%D方向改善、陽の包み足、長い下ヒゲ反転、2～5日下落後の陽線、出来高増加を伴う反転 / 信用需給: 信用データがデータなし、または売残0で信用倍率を算出不能,,https://finance.yahoo.co.jp/quote/3086.T,データなし,データなし,データなし,データなし,データなし,データなし,データなし,データなし,20.0,0,0,20.0,1,1,信用需給は判定不能,信用データがデータなし、または売残0で信用倍率を算出不能
2026-08-19,8802,三菱地所,プライム,3614.0,0.36,-1.71,-1.9,-7.85,0.74,106.17,3675.0,3628.0,3549.0,3675.0,3751.0,3549.0,3549.0,3662.53,3474.95,3474.95,20,S,19.17,18.66,2.77,33.73,3921.92,4063.04,4113.68,-1.26σ,1.33,陰線→陽線 / 前日安値割れ反転 / 2～5日下落後の陽線,強,買い,BB逆張り / BB＋RSI＋ストキャス / アンチ,3,0.0,3454.75,3932.5,2.0,直近2～5日まで下落、RSI40以下から反転上昇、BB -1σ以下から反発、ストキャス売られ過ぎから反転、%K反転、%D方向改善、長い下ヒゲ反転、2～5日下落後の陽線、出来高増加を伴う反転 / 信用需給: 信用データがデータなし、または売残0で信用倍率を算出不能,,https://finance.yahoo.co.jp/quote/8802.T,データなし,データなし,データなし,データなし,データなし,データなし,データなし,データなし,20.0,0,0,20.0,1,1,信用需給は判定不能,信用データがデータなし、または売残0で信用倍率を算出不能
2026-08-19,4704,トレンドマイクロ,プライム,5614.0,1.78,-4.05,-19.41,-12.0,0.44,273.05,5538.0,5630.0,5511.0,5630.0,5630.0,5302.0,5302.0,5914.36,5455.97,5455.97,18,S,18.57,48.82,-5.13,37.21,6379.8,6105.41,6256.8,-1.66σ,1.13,長い下ヒゲ（ハンマー） / 2～5日下落後の陽線,なし,買い,BB逆張り / BB＋RSI＋ストキャス,2,0.0,5204.43,6433.15,2.0,直近2～5日まで下落、RSI40以下から反転上昇、BB -2σ付近から反発、ストキャス売られ過ぎから反転、%K反転、長い下ヒゲ反転、2～5日下落後の陽線 / 信用需給: 信用データがデータなし、または売残0で信用倍率を算出不能,,https://finance.yahoo.co.jp/quote/4704.T,データなし,データなし,データなし,データなし,データなし,データなし,データなし,データなし,18.0,0,0,18.0,3,3,信用需給は判定不能,信用データがデータなし、または売残0で信用倍率を算出不能
2026-08-19,9336,大栄環境,プライム,3655.0,1.25,-3.31,-6.28,-2.74,0.72,104.34,3660.0,3670.0,3595.0,3670.0,3785.0,3595.0,3595.0,3660.85,3574.19,3574.19,18,S,18.18,37.99,-0.06,43.22,3757.8,3836.4,3833.65,-1.07σ,1.09,陰線→陽線 / 前日安値割れ反転 / 2～5日下落後の陽線,なし,買い,BB逆張り,1,0.0,3498.48,3968.03,2.0,直近2～5日まで下落、RSI40以下から反転上昇、BB -1σ以下から反発、ストキャス売られ過ぎから反転、%K反転、%D方向改善、長い下ヒゲ反転、2～5日下落後の陽線 / 信用需給: 信用データがデータなし、または売残0で信用倍率を算出不能,,https://finance.yahoo.co.jp/quote/9336.T,データなし,データなし,データなし,データなし,データなし,データなし,データなし,データなし,18.0,0,0,18.0,3,3,信用需給は判定不能,信用データがデータなし、または売残0で信用倍率を算出不能
2026-08-19,3791,ＩＧポート,スタンダード,1099.0,1.01,-1.88,-3.09,1.54,0.5,38.1,1103.0,1100.0,1081.0,1103.0,1116.0,1081.0,930.0,1012.83,956.8,956.8,17,S,33.33,67.25,-19.6,45.09,1082.32,1245.2,1298.7,+0.54σ,0.42,陰線→陽線 / 強気包み足 / 前日安値割れ反転 / 2～5日下落後の陽線,なし,買い,底固め,1,0.0,1041.85,1213.31,2.0,直近2～5日まで下落、ストキャス売られ過ぎから反転、%K反転、陽の包み足、長い下ヒゲ反転、2～5日下落後の陽線、直近安値切り上げ、ATR低下、BB幅収縮 / 信用需給: 信用データがデータなし、または売残0で信用倍率を算出不能,,https://finance.yahoo.co.jp/quote/3791.T,データなし,データなし,データなし,データなし,データなし,データなし,データなし,データなし,17.0,0,0,17.0,5,5,信用需給は判定不能,信用データがデータなし、または売残0で信用倍率を算出不能
2026-08-19,3844,コムチュア,プライム,1348.0,1.66,-8.42,-7.35,-3.55,0.78,38.43,1341.0,1357.0,1327.0,1357.0,1357.0,1306.0,1306.0,1355.56,1308.81,1308.81,17,S,23.73,48.57,-14.97,43.79,1397.6,1344.41,1480.74,-1.16σ,2.02,2～5日下落後の陽線,なし,買い,BB逆張り,1,0.0,1290.35,1463.3,2.0,直近2～5日まで下落、RSI40以下から反転上昇、BB -1σ以下から反発、ストキャス売られ過ぎから反転、%K反転、2～5日下落後の陽線、出来高増加を伴う反転 / 信用需給: 信用データがデータなし、または売残0で信用倍率を算出不能,,https://finance.yahoo.co.jp/quote/3844.T,データなし,データなし,データなし,データなし,データなし,データなし,データなし,データなし,17.0,0,0,17.0,5,5,信用需給は判定不能,信用データがデータなし、または売残0で信用倍率を算出不能
2026-08-19,4819,デジタルガレージ,プライム,2311.0,3.31,0.52,-0.64,-0.03,1.42,100.45,2273.0,2328.0,2185.0,2328.0,2370.0,2177.0,2177.0,2242.73,2178.92,2178.92,17,S,55.14,36.0,-3.62,54.22,2311.68,2161.35,2404.14,+0.07σ,1.52,前日安値割れ反転 / 2～5日下落後の陽線,なし,買い,BB逆張り,1,0.0,2160.32,2612.36,2.0,直近2～5日まで下落、BB -1σ以下から反発、ストキャス売られ過ぎから反転、%K反転、%D方向改善、長い下ヒゲ反転、2～5日下落後の陽線、出来高増加を伴う反転 / 信用需給: 信用データがデータなし、または売残0で信用倍率を算出不能,,https://finance.yahoo.co.jp/quote/4819.T,データなし,データなし,データなし,データなし,データなし,データなし,データなし,データなし,17.0,0,0,17.0,5,5,信用需給は判定不能,信用データがデータなし、または売残0で信用倍率を算出不能
2026-08-19,4419,Ｆｉｎａｔｅｘｔホールディングス,グロース,1324.0,0.76,-5.02,-19.76,-14.2,0.72,105.77,1347.0,1335.0,1259.0,1347.0,1347.0,1252.0,1252.0,1389.58,1267.26,1267.26,17,S,17.27,46.21,-11.42,41.43,1543.04,1375.57,1128.36,-1.54σ,1.11,強気包み足 / 前日安値割れ反転 / 2～5日下落後の陽線,なし,買い,BB逆張り,1,0.0,1165.35,1641.3,2.0,直近2～5日まで下落、BB -1σ以下から反発、ストキャス売られ過ぎから反転、%K反転、陽の包み足、長い下ヒゲ反転、2～5日下落後の陽線 / 信用需給: 信用データがデータなし、または売残0で信用倍率を算出不能,,https://finance.yahoo.co.jp/quote/4419.T,データなし,データなし,データなし,データなし,データなし,データなし,データなし,データなし,17.0,0,0,17.0,5,5,信用需給は判定不能,信用データがデータなし、または売残0で信用倍率を算出不能
2026-08-19,9989,サンドラッグ,プライム,3660.0,0.55,-2.3,-2.63,-2.98,1.0,71.11,3694.0,3699.0,3628.0,3699.0,3731.0,3628.0,3628.0,3669.86,3581.62,3581.62,16,S,23.53,38.97,4.07,41.31,3772.4,3766.71,4000.77,-1.11σ,1.21,前日安値割れ反転,通常,買い,BB逆張り / アンチ,2,0.0,3553.33,3873.34,2.0,直近2～5日まで下落、RSI40以下から反転上昇、BB -1σ以下から反発、ストキャス売られ過ぎから反転、%K反転、%D方向改善、長い下ヒゲ反転 / 信用需給: 信用データがデータなし、または売残0で信用倍率を算出不能,,https://finance.yahoo.co.jp/quote/9989.T,データなし,データなし,データなし,データなし,データなし,データなし,データなし,データなし,16.0,0,0,16.0,9,9,信用需給は判定不能,信用データがデータなし、または売残0で信用倍率を算出不能
2026-08-19,3865,北越コーポレーション,プライム,903.0,1.12,0.89,-0.66,-1.75,0.69,27.5,899.0,907.0,888.0,907.0,907.0,865.0,865.0,896.1,874.86,874.86,16,S,40.86,33.92,1.57,48.67,919.04,901.83,911.21,-0.68σ,0.81,強気包み足 / 2～5日下落後の陽線,なし,買い,BB逆張り,1,0.0,861.76,985.49,2.0,直近2～5日まで下落、BB -1σ以下から反発、ストキャス売られ過ぎから反転、%K反転、%D方向改善、陽の包み足、2～5日下落後の陽線 / 信用需給: 信用データがデータなし、または売残0で信用倍率を算出不能,,https://finance.yahoo.co.jp/quote/3865.T,データなし,データなし,データなし,データなし,データなし,データなし,データなし,データなし,16.0,0,0,16.0,9,9,信用需給は判定不能,信用データがデータなし、または売残0で信用倍率を算出不能
2026-08-19,8511,日本証券金融,プライム,2483.0,1.14,-1.74,-0.52,1.39,1.36,61.23,2494.0,2497.0,2414.0,2497.0,2528.0,2414.0,2322.0,2405.73,2352.27,2352.27,16,S,41.57,61.56,1.3,55.03,2449.08,2347.0,2180.35,+0.45σ,1.04,陰線→陽線 / 強気包み足 / 前日安値割れ反転 / 2～5日下落後の陽線,通常,買い,アンチ,1,0.0,2391.15,2666.69,2.0,直近2～5日まで下落、ストキャス売られ過ぎから反転、%K反転、%D方向改善、陽の包み足、長い下ヒゲ反転、2～5日下落後の陽線 / 信用需給: 信用データがデータなし、または売残0で信用倍率を算出不能,,https://finance.yahoo.co.jp/quote/8511.T,データなし,データなし,データなし,データなし,データなし,データなし,データなし,データなし,16.0,0,0,16.0,9,9,信用需給は判定不能,信用データがデータなし、または売残0で信用倍率を算出不能
2026-08-19,2587,サントリービバレッジ＆フード,プライム,4547.0,1.11,-2.17,-1.98,-1.93,0.55,109.67,4532.0,4572.0,4512.0,4572.0,4662.0,4473.0,4416.0,4512.76,4390.46,4390.46,15,S,30.58,42.39,4.79,47.15,4636.64,4459.41,4656.42,-0.72σ,0.72,長い下ヒゲ（ハンマー） / 2～5日下落後の陽線,通常,買い,BB逆張り / アンチ,2,0.0,4382.49,4876.02,2.0,直近2～5日まで下落、BB -1σ以下から反発、ストキャス売られ過ぎから反転、%K反転、%D方向改善、長い下ヒゲ反転、2～5日下落後の陽線 / 信用需給: 信用データがデータなし、または売残0で信用倍率を算出不能,,https://finance.yahoo.co.jp/quote/2587.T,データなし,データなし,データなし,データなし,データなし,データなし,データなし,データなし,15.0,0,0,15.0,12,12,信用需給は判定不能,信用データがデータなし、または売残0で信用倍率を算出不能
2026-08-19,3798,ＵＬＳグループ,スタンダード,524.0,1.16,-0.19,-7.91,-5.18,0.99,18.22,527.0,526.0,508.0,527.0,534.0,505.0,505.0,530.2,509.94,509.94,15,S,28.79,32.86,-0.06,43.18,552.64,528.75,564.15,-1.31σ,1.15,陰線→陽線 / 前日安値割れ反転 / 2～5日下落後の陽線,なし,買い,BB逆張り,1,0.0,496.67,578.66,2.0,直近2～5日まで下落、BB -1σ以下から反発、ストキャス売られ過ぎから反転、%K反転、%D方向改善、長い下ヒゲ反転、2～5日下落後の陽線 / 信用需給: 信用データがデータなし、または売残0で信用倍率を算出不能,,https://finance.yahoo.co.jp/quote/3798.T,データなし,データなし,データなし,データなし,データなし,データなし,データなし,データなし,15.0,0,0,15.0,12,12,信用需給は判定不能,信用データがデータなし、または売残0で信用倍率を算出不能
2026-08-19,3769,ＧＭＯペイメントゲートウェイ,プライム,9403.0,2.49,-7.36,-7.59,-3.93,0.48,402.65,9175.0,9416.0,9221.0,9416.0,9416.0,8485.0,8485.0,9392.01,9010.62,9010.62,15,S,46.6,53.4,-2.38,46.13,9787.64,8944.03,8873.4,-0.97σ,1.73,2～5日下落後の陽線,なし,買い,BB逆張り,1,0.0,8485.0,11239.0,2.0,直近2～5日まで下落、BB -1σ以下から反発、ストキャス売られ過ぎから反転、%K反転、%D方向改善、2～5日下落後の陽線、出来高増加を伴う反転 / 信用需給: 信用データがデータなし、または売残0で信用倍率を算出不能,,https://finance.yahoo.co.jp/quote/3769.T,データなし,データなし,データなし,データなし,データなし,データなし,データなし,データなし,15.0,0,0,15.0,12,12,信用需給は判定不能,信用データがデータなし、または売残0で信用倍率を算出不能
2026-08-19,4293,セプテーニ・ホールディングス,スタンダード,508.0,0.2,-0.2,0.0,-0.03,0.79,15.2,513.0,510.0,498.0,513.0,513.0,498.0,481.0,499.73,491.12,491.12,15,S,81.82,58.34,12.54,52.13,508.16,489.96,449.98,-0.04σ,1.09,強気包み足 / 長い下ヒゲ（ハンマー） / 前日安値割れ反転 / 2～5日下落後の陽線,なし,買い,底固め,1,0.0,485.2,553.59,2.0,直近2～5日まで下落、%K反転、%D方向改善、陽の包み足、長い下ヒゲ反転、2～5日下落後の陽線、直近安値切り上げ、BB幅収縮、RSI安値切り上げ / 信用需給: 信用データがデータなし、または売残0で信用倍率を算出不能,,https://finance.yahoo.co.jp/quote/4293.T,データなし,データなし,データなし,データなし,データなし,データなし,データなし,データなし,15.0,0,0,15.0,12,12,信用需給は判定不能,信用データがデータなし、または売残0で信用倍率を算出不能
2026-08-19,4071,プラスアルファ・コンサルティング,プライム,2210.0,0.78,-0.63,-7.22,-4.43,0.5,99.73,2224.0,2220.0,2170.0,2224.0,2224.0,2014.0,2014.0,2200.98,2139.91,2139.91,15,S,50.13,45.22,4.37,41.49,2312.48,2483.44,2339.61,-0.85σ,0.95,強気包み足 / 前日安値割れ反転 / 2～5日下落後の陽線,通常,買い,BB逆張り / アンチ,2,0.0,2014.0,2602.0,2.0,直近2～5日まで下落、BB -1σ以下から反発、%K反転、%D方向改善、陽の包み足、長い下ヒゲ反転、2～5日下落後の陽線 / 信用需給: 信用データがデータなし、または売残0で信用倍率を算出不能,,https://finance.yahoo.co.jp/quote/4071.T,データなし,データなし,データなし,データなし,データなし,データなし,データなし,データなし,15.0,0,0,15.0,12,12,信用需給は判定不能,信用データがデータなし、または売残0で信用倍率を算出不能
2026-08-19,9936,王将フードサービス,プライム,2880.0,1.69,-0.03,0.03,-1.69,1.17,51.24,2832.0,2888.0,2828.0,2888.0,2888.0,2801.0,2801.0,2846.88,2767.81,2767.81,15,S,79.0,31.42,3.76,47.84,2929.6,2832.28,3042.96,-0.58σ,1.14,長い下ヒゲ（ハンマー） / 2～5日下落後の陽線,なし,買い,BB逆張り,1,0.0,2801.0,3038.0,2.0,直近2～5日まで下落、BB -1σ以下から反発、ストキャス売られ過ぎから反転、%K反転、%D方向改善、長い下ヒゲ反転、2～5日下落後の陽線 / 信用需給: 信用データがデータなし、または売残0で信用倍率を算出不能,,https://finance.yahoo.co.jp/quote/9936.T,データなし,データなし,データなし,データなし,データなし,データなし,データなし,データなし,15.0,0,0,15.0,12,12,信用需給は判定不能,信用データがデータなし、または売残0で信用倍率を算出不能
2026-08-19,7685,ＢｕｙＳｅｌｌ　Ｔｅｃｈｎｏｌｏｇｉｅｓ,グロース,3265.0,2.35,3.16,-1.51,2.07,1.16,177.01,3285.0,3280.0,3075.0,3285.0,3450.0,3075.0,2910.0,3006.23,2882.45,2882.45,15,S,58.43,68.42,12.96,50.94,3198.8,3455.8,2909.42,+1.09σ,1.87,強気包み足 / 前日安値割れ反転 / 2～5日下落後の陽線,通常,買い,アンチ,1,0.0,2999.48,3796.04,2.0,直近2～5日まで下落、%K反転、%D方向改善、陽の包み足、長い下ヒゲ反転、2～5日下落後の陽線、出来高増加を伴う反転 / 信用需給: 信用データがデータなし、または売残0で信用倍率を算出不能,,https://finance.yahoo.co.jp/quote/7685.T,データなし,データなし,データなし,データなし,データなし,データなし,データなし,データなし,15.0,0,0,15.0,12,12,信用需給は判定不能,信用データがデータなし、または売残0で信用倍率を算出不能
2026-08-19,9722,藤田観光,プライム,2441.0,5.58,4.63,4.49,17.58,1.57,86.59,2342.0,2442.0,2306.0,2442.0,2442.0,2297.0,1900.0,1928.11,1741.46,1741.46,15,除外,99.45,72.52,10.43,76.07,2076.0,1939.24,2180.64,+1.75σ,1.53,陰線→陽線 / 強気包み足 / 2～5日下落後の陽線,強,買い,底固め / アンチ,2,0.0,2297.0,2729.0,2.0,直近2～5日まで下落、%K反転、%D方向改善、陽の包み足、2～5日下落後の陽線、出来高増加を伴う反転、直近安値切り上げ、RSI安値切り上げ、レンジ上限突破 / 信用需給: 信用データがデータなし、または売残0で信用倍率を算出不能,急騰済み（25日線上方乖離、高RSI）,https://finance.yahoo.co.jp/quote/9722.T,データなし,データなし,データなし,データなし,データなし,データなし,データなし,データなし,15.0,0,0,15.0,12,12,信用需給は判定不能,信用データがデータなし、または売残0で信用倍率を算出不能
2026-08-19,8113,ユニ・チャーム,プライム,980.4,1.57,-0.72,-2.25,-0.81,0.77,26.92,970.9,983.9,963.3,983.9,994.1,956.6,938.6,968.68,943.36,943.36,14,A,28.2,42.83,-7.91,49.08,988.45,952.17,948.93,-0.54σ,1.15,長い下ヒゲ（ハンマー） / 2～5日下落後の陽線,なし,買い,BB逆張り,1,0.0,940.02,1061.15,2.0,直近2～5日まで下落、BB -1σ以下から反発、ストキャス売られ過ぎから反転、%K反転、長い下ヒゲ反転、2～5日下落後の陽線 / 信用需給: 信用データがデータなし、または売残0で信用倍率を算出不能,,https://finance.yahoo.co.jp/quote/8113.T,データなし,データなし,データなし,データなし,データなし,データなし,データなし,データなし,14.0,0,0,14.0,20,20,信用需給は判定不能,信用データがデータなし、または売残0で信用倍率を算出不能
2026-08-19,8697,日本取引所グループ,プライム,2193.0,0.07,-2.27,-2.62,-1.81,0.98,65.34,2220.0,2199.0,2135.0,2220.0,2233.0,2135.0,2101.5,2195.6,2154.12,2154.12,14,A,34.73,51.7,-4.2,47.78,2233.44,2088.57,1911.96,-1.06σ,1.13,陰線→陽線 / 前日安値割れ反転 / 2～5日下落後の陽線,なし,買い,BB逆張り,1,0.0,2094.98,2389.03,2.0,直近2～5日まで下落、BB -1σ以下から反発、ストキャス売られ過ぎから反転、%K反転、長い下ヒゲ反転、2～5日下落後の陽線 / 信用需給: 信用データがデータなし、または売残0で信用倍率を算出不能,,https://finance.yahoo.co.jp/quote/8697.T,データなし,データなし,データなし,データなし,データなし,データなし,データなし,データなし,14.0,0,0,14.0,20,20,信用需給は判定不能,信用データがデータなし、または売残0で信用倍率を算出不能
2026-08-19,5930,文化シヤッター,プライム,1827.0,0.61,-1.08,-0.16,-3.07,0.71,37.87,1836.0,1845.0,1818.0,1845.0,1855.0,1814.0,1768.0,1815.24,1755.32,1755.32,14,A,40.43,36.86,6.67,41.94,1884.96,1872.83,1963.18,-0.80σ,1.68,なし,強,買い,アンチ,1,0.0,1770.19,1940.62,2.0,直近2～5日まで下落、RSI40以下から反転上昇、BB -1σ以下から反発、ストキャス売られ過ぎから反転、%K反転、%D方向改善 / 信用需給: 信用データがデータなし、または売残0で信用倍率を算出不能,,https://finance.yahoo.co.jp/quote/5930.T,データなし,データなし,データなし,データなし,データなし,データなし,データなし,データなし,14.0,0,0,14.0,20,20,信用需給は判定不能,信用データがデータなし、または売残0で信用倍率を算出不能
2026-08-19,2201,森永製菓,プライム,2551.0,1.13,-0.12,0.51,-2.81,0.69,52.41,2533.0,2551.0,2515.0,2551.0,2559.0,2499.5,2474.5,2531.22,2450.77,2450.77,13,A,57.22,38.41,12.0,43.99,2624.84,2583.37,2665.07,-0.75σ,0.78,陰線→陽線 / 2～5日下落後の陽線,通常,買い,BB逆張り / アンチ,2,0.0,2472.38,2708.24,2.0,直近2～5日まで下落、RSI40以下から反転上昇、BB -1σ以下から反発、%K反転、%D方向改善、2～5日下落後の陽線 / 信用需給: 信用データがデータなし、または売残0で信用倍率を算出不能,,https://finance.yahoo.co.jp/quote/2201.T,データなし,データなし,データなし,データなし,データなし,データなし,データなし,データなし,13.0,0,0,13.0,23,23,信用需給は判定不能,信用データがデータなし、または売残0で信用倍率を算出不能
2026-08-19,3288,オープンハウスグループ,プライム,7950.0,-0.3,-3.6,-3.96,-5.49,0.81,204.0,8156.0,7966.0,7800.0,8156.0,8268.0,7800.0,7800.0,8144.22,7915.53,7915.53,13,A,24.47,31.69,1.19,36.52,8411.64,8554.97,9117.66,-1.85σ,2.0,陰線→陽線 / 2～5日下落後の陽線,通常,買い,アンチ,1,0.0,7644.0,8562.0,2.0,直近2～5日まで下落、ストキャス売られ過ぎから反転、%K反転、%D方向改善、2～5日下落後の陽線、出来高増加を伴う反転 / 信用需給: 信用データがデータなし、または売残0で信用倍率を算出不能,,https://finance.yahoo.co.jp/quote/3288.T,データなし,データなし,データなし,データなし,データなし,データなし,データなし,データなし,13.0,0,0,13.0,23,23,信用需給は判定不能,信用データがデータなし、または売残0で信用倍率を算出不能
2026-08-19,9037,ハマキョウレックス,プライム,1873.0,0.86,-0.85,0.75,2.18,0.95,38.75,1888.0,1873.0,1836.0,1888.0,1890.0,1836.0,1760.0,1804.51,1775.21,1775.21,13,A,67.86,66.85,9.14,58.62,1832.96,1831.37,1795.12,+1.34σ,1.14,陰線→陽線 / 強気包み足 / 前日安値割れ反転 / 2～5日下落後の陽線,通常,買い,アンチ,1,0.0,1814.87,1989.26,2.0,直近2～5日まで下落、%K反転、%D方向改善、陽の包み足、長い下ヒゲ反転、2～5日下落後の陽線 / 信用需給: 信用データがデータなし、または売残0で信用倍率を算出不能,,https://finance.yahoo.co.jp/quote/9037.T,データなし,データなし,データなし,データなし,データなし,データなし,データなし,データなし,13.0,0,0,13.0,23,23,信用需給は判定不能,信用データがデータなし、または売残0で信用倍率を算出不能
2026-08-19,3284,フージャースホールディングス,プライム,1307.0,0.31,0.85,3.48,4.54,0.98,19.35,1305.0,1307.0,1288.0,1307.0,1307.0,1260.0,1209.0,1222.97,1192.63,1192.63,12,除外,100.0,68.45,25.33,72.32,1250.28,1203.53,1254.84,+1.77σ,1.53,強気包み足 / 長い下ヒゲ（ハンマー） / 前日安値割れ反転,なし,買い,底固め,1,0.0,1260.0,1401.0,2.0,%K反転、%D方向改善、陽の包み足、長い下ヒゲ反転、出来高増加を伴う反転、直近下落なし（B以下に制限）、直近安値切り上げ、RSI安値切り上げ、レンジ上限突破 / 信用需給: 信用データがデータなし、または売残0で信用倍率を算出不能,急騰済み（高RSI）,https://finance.yahoo.co.jp/quote/3284.T,データなし,データなし,データなし,データなし,データなし,データなし,データなし,データなし,12.0,0,0,12.0,26,26,信用需給は判定不能,信用データがデータなし、または売残0で信用倍率を算出不能
2026-08-19,6194,アトラエ,プライム,908.0,1.0,1.91,0.78,5.97,0.88,26.18,908.0,915.0,892.0,915.0,915.0,866.0,818.0,836.38,809.06,809.06,12,A,70.49,67.26,1.22,70.86,856.84,751.64,708.65,+1.62σ,1.34,陰線→陽線 / 2～5日下落後の陽線,強,買い,底固め / アンチ,2,0.0,866.0,992.0,2.0,直近2～5日まで下落、%K反転、%D方向改善、2～5日下落後の陽線、出来高増加を伴う反転、直近安値切り上げ、BB幅収縮、RSI安値切り上げ / 信用需給: 信用データがデータなし、または売残0で信用倍率を算出不能,,https://finance.yahoo.co.jp/quote/6194.T,データなし,データなし,データなし,データなし,データなし,データなし,データなし,データなし,12.0,0,0,12.0,26,26,信用需給は判定不能,信用データがデータなし、または売残0で信用倍率を算出不能
2026-08-19,9435,光通信,プライム,38120.0,1.06,-1.19,-4.34,-1.46,0.75,1003.12,38030.0,38410.0,37660.0,38410.0,39100.0,37220.0,36570.0,37880.05,36803.1,36803.1,12,A,23.94,48.85,-14.19,47.23,38686.4,37273.07,40475.9,-0.78σ,1.2,陰線→陽線 / 2～5日下落後の陽線,なし,買い,BB逆張り,1,0.0,36615.33,41129.35,2.0,直近2～5日まで下落、BB -1σ以下から反発、ストキャス売られ過ぎから反転、%K反転、2～5日下落後の陽線 / 信用需給: 信用データがデータなし、または売残0で信用倍率を算出不能,,https://finance.yahoo.co.jp/quote/9435.T,データなし,データなし,データなし,データなし,データなし,データなし,データなし,データなし,12.0,0,0,12.0,26,26,信用需給は判定不能,信用データがデータなし、または売残0で信用倍率を算出不能
2026-08-19,5410,合同製鐵,プライム,3015.0,0.33,1.69,3.08,6.07,0.66,55.65,3020.0,3020.0,2983.0,3020.0,3020.0,2910.0,2697.0,2805.5,2730.9,2730.9,12,A,96.55,81.99,11.66,71.35,2842.56,2727.45,3405.54,+1.81σ,1.33,強気包み足 / はらみ足 / 長い下ヒゲ（ハンマー）,なし,買い,底固め,1,0.0,2910.0,3225.0,2.0,%K反転、%D方向改善、陽の包み足、長い下ヒゲ反転、出来高増加を伴う反転、直近下落なし（B以下に制限）、直近安値切り上げ、出来高減少後の増加、RSI安値切り上げ / 信用需給: 信用データがデータなし、または売残0で信用倍率を算出不能,,https://finance.yahoo.co.jp/quote/5410.T,データなし,データなし,データなし,データなし,データなし,データなし,データなし,データなし,12.0,0,0,12.0,26,26,信用需給は判定不能,信用データがデータなし、または売残0で信用倍率を算出不能
2026-08-19,4418,ＪＤＳＣ,グロース,1029.0,6.08,20.77,29.43,21.93,1.82,56.62,1008.0,1043.0,940.0,1043.0,1043.0,790.0,728.0,753.17,680.35,680.35,12,除外,94.85,69.64,10.95,75.33,843.96,759.39,965.58,+2.79σ,2.47,強気包み足 / 前日安値割れ反転,なし,買い,底固め,1,0.0,790.0,1507.0,2.0,%K反転、%D方向改善、陽の包み足、長い下ヒゲ反転、出来高増加を伴う反転、直近下落なし（B以下に制限）、直近安値切り上げ、BB幅収縮、RSI安値切り上げ、レンジ上限突破 / 信用需給: 信用データがデータなし、または売残0で信用倍率を算出不能,急騰済み（3営業日急騰、5営業日急騰、25日線上方乖離、高RSI、BB +2σ大幅超過）,https://finance.yahoo.co.jp/quote/4418.T,データなし,データなし,データなし,データなし,データなし,データなし,データなし,データなし,12.0,0,0,12.0,26,26,信用需給は判定不能,信用データがデータなし、または売残0で信用倍率を算出不能
2026-08-19,4503,アステラス製薬,プライム,2337.0,1.15,-0.83,-0.81,4.39,0.78,62.33,2311.5,2339.5,2291.0,2339.5,2356.0,2250.0,2125.0,2185.74,2112.3,2112.3,12,A,68.5,73.37,8.27,59.52,2238.68,2212.33,2222.05,+1.06σ,1.24,長い下ヒゲ（ハンマー） / 2～5日下落後の陽線,通常,買い,底固め / アンチ,2,0.0,2243.51,2523.99,2.0,直近2～5日まで下落、%K反転、%D方向改善、長い下ヒゲ反転、2～5日下落後の陽線、直近安値切り上げ、出来高減少後の増加、RSI安値切り上げ / 信用需給: 信用データがデータなし、または売残0で信用倍率を算出不能,,https://finance.yahoo.co.jp/quote/4503.T,データなし,データなし,データなし,データなし,データなし,データなし,データなし,データなし,12.0,0,0,12.0,26,26,信用需給は判定不能,信用データがデータなし、または売残0で信用倍率を算出不能
2026-08-19,2809,キユーピー,プライム,4736.0,2.25,1.96,2.11,3.02,1.24,112.71,4662.0,4762.0,4622.0,4762.0,4762.0,4588.0,4395.0,4507.9,4409.26,4409.26,12,A,86.73,67.94,16.81,60.1,4597.32,4318.64,4298.32,+1.31σ,1.53,2～5日下落後の陽線,通常,買い,底固め / アンチ,2,0.0,4566.93,5074.13,2.0,直近2～5日まで下落、%K反転、%D方向改善、2～5日下落後の陽線、出来高増加を伴う反転、直近安値切り上げ、出来高減少後の増加、RSI安値切り上げ、レンジ上限突破 / 信用需給: 信用データがデータなし、または売残0で信用倍率を算出不能,,https://finance.yahoo.co.jp/quote/2809.T,データなし,データなし,データなし,データなし,データなし,データなし,データなし,データなし,12.0,0,0,12.0,26,26,信用需給は判定不能,信用データがデータなし、または売残0で信用倍率を算出不能
2026-08-19,8614,東洋証券,プライム,699.0,2.49,2.04,4.48,4.05,1.79,16.22,689.0,701.0,672.0,701.0,701.0,669.0,633.0,662.29,651.19,651.19,12,除外,94.44,76.81,8.32,65.54,671.8,638.35,661.24,+2.31σ,2.17,陰線→陽線 / 強気包み足 / 前日安値割れ反転,強,買い,底固め / アンチ,2,0.0,669.0,759.0,2.0,%K反転、%D方向改善、陽の包み足、長い下ヒゲ反転、出来高増加を伴う反転、直近下落なし（B以下に制限）、直近安値切り上げ、BB幅収縮、出来高減少後の増加、RSI安値切り上げ、レンジ上限突破 / 信用需給: 信用データがデータなし、または売残0で信用倍率を算出不能,急騰済み（BB +2σ大幅超過）,https://finance.yahoo.co.jp/quote/8614.T,データなし,データなし,データなし,データなし,データなし,データなし,データなし,データなし,12.0,0,0,12.0,26,26,信用需給は判定不能,信用データがデータなし、または売残0で信用倍率を算出不能
2026-08-19,3048,ビックカメラ,プライム,1746.5,0.95,1.1,0.81,1.6,1.01,35.26,1739.5,1754.0,1718.5,1754.0,1754.0,1703.5,1669.0,1694.71,1655.84,1655.84,12,A,87.29,55.54,17.97,56.48,1718.92,1703.52,1692.1,+0.33σ,1.22,長い下ヒゲ（ハンマー） / 2～5日下落後の陽線,なし,買い,底固め,1,0.0,1693.61,1852.28,2.0,直近2～5日まで下落、%K反転、%D方向改善、長い下ヒゲ反転、2～5日下落後の陽線、直近安値切り上げ、RSI安値切り上げ、レンジ上限突破 / 信用需給: 信用データがデータなし、または売残0で信用倍率を算出不能,,https://finance.yahoo.co.jp/quote/3048.T,データなし,データなし,データなし,データなし,データなし,データなし,データなし,データなし,12.0,0,0,12.0,26,26,信用需給は判定不能,信用データがデータなし、または売残0で信用倍率を算出不能
2026-08-19,8707,岩井コスモホールディングス,プライム,4420.0,1.73,-0.23,1.96,3.19,1.72,116.34,4415.0,4465.0,4265.0,4465.0,4465.0,4265.0,3955.0,4173.01,4069.02,4069.02,12,A,71.11,72.23,-5.13,60.92,4283.2,4016.73,3643.43,+1.38σ,1.74,陰線→陽線 / 強気包み足 / 前日安値割れ反転,なし,買い,底固め,1,0.0,4245.49,4769.02,2.0,%K反転、%D方向改善、陽の包み足、長い下ヒゲ反転、出来高増加を伴う反転、直近下落なし（B以下に制限）、直近安値切り上げ、BB幅収縮、出来高減少後の増加 / 信用需給: 信用データがデータなし、または売残0で信用倍率を算出不能,,https://finance.yahoo.co.jp/quote/8707.T,データなし,データなし,データなし,データなし,データなし,データなし,データなし,データなし,12.0,0,0,12.0,26,26,信用需給は判定不能,信用データがデータなし、または売残0で信用倍率を算出不能
2026-08-19,8622,水戸証券,プライム,886.0,2.19,2.78,4.24,9.97,1.56,27.59,881.0,897.0,854.0,897.0,897.0,844.0,754.0,791.65,756.66,756.66,12,除外,80.7,79.31,-1.03,75.89,805.68,704.93,646.14,+1.70σ,1.7,強気包み足 / 前日安値割れ反転,なし,買い,底固め,1,0.0,844.0,970.0,2.0,%K反転、%D方向改善、陽の包み足、長い下ヒゲ反転、出来高増加を伴う反転、直近下落なし（B以下に制限）、直近安値切り上げ、出来高減少後の増加、RSI安値切り上げ、レンジ上限突破 / 信用需給: 信用データがデータなし、または売残0で信用倍率を算出不能,急騰済み（高RSI）,https://finance.yahoo.co.jp/quote/8622.T,データなし,データなし,データなし,データなし,データなし,データなし,データなし,データなし,12.0,0,0,12.0,26,26,信用需給は判定不能,信用データがデータなし、または売残0で信用倍率を算出不能
2026-08-19,8624,いちよし証券,プライム,1675.0,2.63,1.33,7.03,6.94,1.7,58.89,1655.0,1704.0,1604.0,1704.0,1704.0,1574.0,1423.0,1518.59,1466.23,1466.23,12,A,81.29,76.97,1.76,66.0,1566.28,1408.25,1281.47,+1.99σ,1.65,陰線→陽線 / 強気包み足 / 前日安値割れ反転,強,買い,底固め / アンチ,2,0.0,1574.0,1877.0,2.0,%K反転、%D方向改善、陽の包み足、長い下ヒゲ反転、出来高増加を伴う反転、直近下落なし（B以下に制限）、直近安値切り上げ、BB幅収縮、出来高減少後の増加、RSI安値切り上げ / 信用需給: 信用データがデータなし、または売残0で信用倍率を算出不能,,https://finance.yahoo.co.jp/quote/8624.T,データなし,データなし,データなし,データなし,データなし,データなし,データなし,データなし,12.0,0,0,12.0,26,26,信用需給は判定不能,信用データがデータなし、または売残0で信用倍率を算出不能
2026-08-19,3046,ジンズホールディングス,プライム,6370.0,1.76,-3.48,-2.75,-2.16,0.74,284.47,6420.0,6470.0,6260.0,6470.0,6660.0,6250.0,6170.0,6380.85,6202.69,6202.69,12,A,29.27,42.73,1.98,43.03,6510.4,7424.27,6394.02,-1.06σ,0.7,なし,通常,買い,底固め / アンチ,2,0.0,5943.29,7223.42,2.0,直近2～5日まで下落、BB -1σ以下から反発、ストキャス売られ過ぎから反転、%K反転、直近安値切り上げ、ATR低下、BB幅収縮、RSI安値切り上げ / 信用需給: 信用データがデータなし、または売残0で信用倍率を算出不能,,https://finance.yahoo.co.jp/quote/3046.T,データなし,データなし,データなし,データなし,データなし,データなし,データなし,データなし,12.0,0,0,12.0,26,26,信用需給は判定不能,信用データがデータなし、または売残0で信用倍率を算出不能
2026-08-19,9409,テレビ朝日ホールディングス,プライム,3075.0,0.82,0.65,0.49,-1.28,0.71,70.2,3065.0,3080.0,3030.0,3080.0,3105.0,3000.0,2935.0,3030.26,2961.01,2961.01,11,A,82.35,50.19,16.61,45.6,3115.0,3162.4,3285.4,-0.35σ,0.76,強気包み足 / 2～5日下落後の陽線,通常,買い,アンチ,1,0.0,2969.7,3285.61,2.0,直近2～5日まで下落、%K反転、%D方向改善、陽の包み足、2～5日下落後の陽線 / 信用需給: 信用データがデータなし、または売残0で信用倍率を算出不能,,https://finance.yahoo.co.jp/quote/9409.T,データなし,データなし,データなし,データなし,データなし,データなし,データなし,データなし,11.0,0,0,11.0,39,39,信用需給は判定不能,信用データがデータなし、または売残0で信用倍率を算出不能
2026-08-19,4816,東映アニメーション,スタンダード,2848.0,0.64,0.71,-0.49,0.94,0.84,116.07,2859.0,2938.0,2841.0,2938.0,2938.0,2783.0,2611.0,2739.06,2637.41,2637.41,11,A,24.81,33.97,-7.23,54.57,2821.36,2601.67,2649.44,+0.07σ,0.92,なし,なし,買い,底固め,1,0.0,2673.9,3196.21,2.0,直近2～5日まで下落、ストキャス売られ過ぎから反転、%K反転、%D方向改善、直近安値切り上げ、BB幅収縮、RSI安値切り上げ / 信用需給: 信用データがデータなし、または売残0で信用倍率を算出不能,,https://finance.yahoo.co.jp/quote/4816.T,データなし,データなし,データなし,データなし,データなし,データなし,データなし,データなし,11.0,0,0,11.0,39,39,信用需給は判定不能,信用データがデータなし、または売残0で信用倍率を算出不能
2026-08-19,3591,ワコールホールディングス,プライム,4244.0,0.52,-2.12,-0.24,-3.51,0.64,107.12,4224.0,4256.0,4187.0,4256.0,4307.0,4115.0,4115.0,4273.09,4167.53,4167.53,11,A,30.14,37.19,3.4,41.92,4398.36,4450.13,4535.68,-1.28σ,0.84,なし,通常,買い,アンチ,1,0.0,4083.33,4565.35,2.0,直近2～5日まで下落、BB -1σ以下から反発、ストキャス売られ過ぎから反転、%K反転、%D方向改善 / 信用需給: 信用データがデータなし、または売残0で信用倍率を算出不能,,https://finance.yahoo.co.jp/quote/3591.T,データなし,データなし,データなし,データなし,データなし,データなし,データなし,データなし,11.0,0,0,11.0,39,39,信用需給は判定不能,信用データがデータなし、または売残0で信用倍率を算出不能
2026-08-19,4967,小林製薬,プライム,5543.0,0.76,-0.41,-0.32,-0.25,0.65,107.2,5513.0,5559.0,5489.0,5559.0,5559.0,5456.0,5396.0,5463.03,5361.8,5361.8,11,A,46.27,41.84,1.45,48.97,5556.92,5618.15,5554.17,-0.21σ,0.93,強気包み足 / 2～5日下落後の陽線,強,買い,アンチ,1,0.0,5382.21,5864.59,2.0,直近2～5日まで下落、%K反転、%D方向改善、陽の包み足、2～5日下落後の陽線 / 信用需給: 信用データがデータなし、または売残0で信用倍率を算出不能,,https://finance.yahoo.co.jp/quote/4967.T,データなし,データなし,データなし,データなし,データなし,データなし,データなし,データなし,11.0,0,0,11.0,39,39,信用需給は判定不能,信用データがデータなし、または売残0で信用倍率を算出不能
2026-08-19,5563,新日本電工,プライム,445.0,1.6,0.45,3.73,4.53,0.92,18.43,448.0,447.0,430.0,448.0,449.0,421.0,390.0,412.9,399.7,399.7,11,A,82.76,61.27,-2.0,55.36,425.72,454.8,410.77,+1.43σ,1.24,陰線→陽線 / 強気包み足 / 前日安値割れ反転,なし,買い,底固め,1,0.0,417.36,500.28,2.0,%K反転、%D方向改善、陽の包み足、長い下ヒゲ反転、直近下落なし（B以下に制限）、直近安値切り上げ、BB幅収縮、出来高減少後の増加、RSI安値切り上げ / 信用需給: 信用データがデータなし、または売残0で信用倍率を算出不能,,https://finance.yahoo.co.jp/quote/5563.T,データなし,データなし,データなし,データなし,データなし,データなし,データなし,データなし,11.0,0,0,11.0,39,39,信用需給は判定不能,信用データがデータなし、または売残0で信用倍率を算出不能
2026-08-19,8267,イオン,プライム,1361.0,0.7,-0.95,-2.33,-0.97,0.71,40.37,1359.5,1369.0,1340.5,1369.0,1388.5,1331.5,1306.5,1341.49,1310.68,1310.68,11,A,36.88,50.73,2.55,47.09,1374.28,1397.47,1910.98,-0.37σ,0.93,なし,通常,買い,底固め / アンチ,2,0.0,1300.45,1482.1,2.0,直近2～5日まで下落、ストキャス売られ過ぎから反転、%K反転、%D方向改善、直近安値切り上げ、BB幅収縮、RSI安値切り上げ / 信用需給: 信用データがデータなし、または売残0で信用倍率を算出不能,,https://finance.yahoo.co.jp/quote/8267.T,データなし,データなし,データなし,データなし,データなし,データなし,データなし,データなし,11.0,0,0,11.0,39,39,信用需給は判定不能,信用データがデータなし、または売残0で信用倍率を算出不能
2026-08-19,3856,Ａｂａｌａｎｃｅ,スタンダード,460.0,21.05,32.56,27.07,5.92,2.92,34.9,386.0,460.0,358.0,460.0,460.0,336.0,306.0,342.19,265.83,265.83,11,除外,100.0,46.28,21.99,56.07,434.28,489.81,574.01,+0.54σ,1.27,強気包み足 / 前日安値割れ反転,なし,買い,底固め,1,0.0,336.0,708.0,2.0,%K反転、%D方向改善、陽の包み足、長い下ヒゲ反転、直近下落なし（B以下に制限）、直近安値切り上げ、出来高減少後の増加、RSI安値切り上げ、レンジ上限突破 / 信用需給: 信用データがデータなし、または売残0で信用倍率を算出不能,急騰済み（当日急騰、3営業日急騰、5営業日急騰、ストップ高に近い急騰）,https://finance.yahoo.co.jp/quote/3856.T,データなし,データなし,データなし,データなし,データなし,データなし,データなし,データなし,11.0,0,0,11.0,39,39,信用需給は判定不能,信用データがデータなし、または売残0で信用倍率を算出不能
2026-08-19,3673,ブロードリーフ,プライム,444.0,2.07,3.02,-2.84,1.21,0.72,19.53,440.0,446.0,432.0,446.0,446.0,388.0,388.0,426.36,414.08,414.08,11,A,80.0,71.55,4.78,53.27,438.68,433.6,405.25,+0.44σ,0.69,強気包み足 / 2～5日下落後の陽線,強,買い,アンチ,1,0.0,388.0,556.0,2.0,直近2～5日まで下落、%K反転、%D方向改善、陽の包み足、2～5日下落後の陽線 / 信用需給: 信用データがデータなし、または売残0で信用倍率を算出不能,,https://finance.yahoo.co.jp/quote/3673.T,データなし,データなし,データなし,データなし,データなし,データなし,データなし,データなし,11.0,0,0,11.0,39,39,信用需給は判定不能,信用データがデータなし、または売残0で信用倍率を算出不能
2026-08-19,8167,リテールパートナーズ,プライム,1486.0,1.3,2.62,5.61,7.67,0.78,34.69,1475.0,1489.0,1462.0,1489.0,1489.0,1388.0,1312.0,1341.52,1294.89,1294.89,11,A,97.22,74.21,15.02,69.43,1380.16,1335.45,1328.02,+2.10σ,1.94,強気包み足,なし,買い,底固め,1,0.0,1388.0,1682.0,2.0,%K反転、%D方向改善、陽の包み足、出来高増加を伴う反転、直近下落なし（B以下に制限）、直近安値切り上げ、RSI安値切り上げ、レンジ上限突破 / 信用需給: 信用データがデータなし、または売残0で信用倍率を算出不能,,https://finance.yahoo.co.jp/quote/8167.T,データなし,データなし,データなし,データなし,データなし,データなし,データなし,データなし,11.0,0,0,11.0,39,39,信用需給は判定不能,信用データがデータなし、または売残0で信用倍率を算出不能
2026-08-19,2264,森永乳業,プライム,1191.5,0.63,0.25,-1.69,-1.95,0.76,42.92,1195.5,1212.5,1180.0,1212.5,1212.5,1171.0,1153.0,1177.66,1138.37,1138.37,11,A,45.83,39.56,10.42,45.19,1215.22,1218.62,1108.91,-0.65σ,0.7,陰線→陽線 / 強気包み足 / 2～5日下落後の陽線,強,買い,アンチ,1,0.0,1127.13,1320.25,2.0,直近2～5日まで下落、%K反転、%D方向改善、陽の包み足、2～5日下落後の陽線 / 信用需給: 信用データがデータなし、または売残0で信用倍率を算出不能,,https://finance.yahoo.co.jp/quote/2264.T,データなし,データなし,データなし,データなし,データなし,データなし,データなし,データなし,11.0,0,0,11.0,39,39,信用需給は判定不能,信用データがデータなし、または売残0で信用倍率を算出不能
2026-08-19,2212,山崎製パン,プライム,3566.0,2.86,0.62,0.48,3.78,0.94,104.68,3495.0,3566.0,3468.0,3566.0,3566.0,3433.0,3196.0,3349.53,3238.71,3238.71,11,A,75.57,61.89,7.15,58.82,3436.16,3250.65,3293.9,+0.95σ,0.92,2～5日下落後の陽線,強,買い,アンチ,1,0.0,3408.98,3880.03,2.0,直近2～5日まで下落、ストキャス売られ過ぎから反転、%K反転、%D方向改善、2～5日下落後の陽線 / 信用需給: 信用データがデータなし、または売残0で信用倍率を算出不能,,https://finance.yahoo.co.jp/quote/2212.T,データなし,データなし,データなし,データなし,データなし,データなし,データなし,データなし,11.0,0,0,11.0,39,39,信用需給は判定不能,信用データがデータなし、または売残0で信用倍率を算出不能
2026-08-19,7965,象印マホービン,プライム,1450.0,0.69,-1.43,-0.89,1.52,0.65,25.98,1451.0,1450.0,1433.0,1451.0,1468.0,1428.0,1381.0,1410.95,1384.9,1384.9,11,A,53.97,60.59,3.92,54.15,1428.36,1451.59,1554.78,+0.50σ,0.9,強気包み足 / はらみ足 / 2～5日下落後の陽線,通常,買い,アンチ,1,0.0,1411.03,1527.94,2.0,直近2～5日まで下落、%K反転、%D方向改善、陽の包み足、2～5日下落後の陽線 / 信用需給: 信用データがデータなし、または売残0で信用倍率を算出不能,,https://finance.yahoo.co.jp/quote/7965.T,データなし,データなし,データなし,データなし,データなし,データなし,データなし,データなし,11.0,0,0,11.0,39,39,信用需給は判定不能,信用データがデータなし、または売残0で信用倍率を算出不能
2026-08-19,4392,ＦＩＧ,プライム,1403.0,5.89,33.62,59.79,39.76,1.8,117.61,1377.0,1423.0,1211.0,1423.0,1423.0,896.0,811.0,825.5,665.64,665.64,11,除外,96.73,79.22,21.7,71.96,1003.84,1182.92,643.43,+2.61σ,3.74,強気包み足,なし,買い,底固め,1,0.0,896.0,2417.0,2.0,%K反転、%D方向改善、陽の包み足、出来高増加を伴う反転、直近下落なし（B以下に制限）、直近安値切り上げ、RSI安値切り上げ、レンジ上限突破 / 信用需給: 信用データがデータなし、または売残0で信用倍率を算出不能,急騰済み（3営業日急騰、5営業日急騰、25日線上方乖離、BB +2σ大幅超過）,https://finance.yahoo.co.jp/quote/4392.T,データなし,データなし,データなし,データなし,データなし,データなし,データなし,データなし,11.0,0,0,11.0,39,39,信用需給は判定不能,信用データがデータなし、または売残0で信用倍率を算出不能
2026-08-19,8789,フィンテック　グローバル,スタンダード,167.0,1.83,8.44,21.01,21.23,0.96,4.18,165.0,168.0,164.0,168.0,168.0,142.0,129.0,127.42,115.4,115.4,11,除外,96.97,90.8,8.22,89.26,137.76,130.63,134.05,+2.29σ,1.98,強気包み足,なし,買い,底固め,1,0.0,142.0,217.0,2.0,%K反転、%D方向改善、陽の包み足、出来高増加を伴う反転、直近下落なし（B以下に制限）、直近安値切り上げ、RSI安値切り上げ、レンジ上限突破 / 信用需給: 信用データがデータなし、または売残0で信用倍率を算出不能,急騰済み（5営業日急騰、25日線上方乖離、高RSI、BB +2σ大幅超過）,https://finance.yahoo.co.jp/quote/8789.T,データなし,データなし,データなし,データなし,データなし,データなし,データなし,データなし,11.0,0,0,11.0,39,39,信用需給は判定不能,信用データがデータなし、または売残0で信用倍率を算出不能
2026-08-19,9425,ＲｅＹｕｕ　Ｊａｐａｎ,スタンダード,247.0,7.39,20.49,21.08,19.62,1.86,21.01,251.0,260.0,221.0,260.0,260.0,198.0,180.0,188.7,173.44,173.44,11,除外,83.12,57.28,13.76,63.59,206.48,213.76,339.2,+2.82σ,3.49,強気包み足,なし,買い,底固め,1,0.0,198.0,345.0,2.0,%K反転、%D方向改善、陽の包み足、出来高増加を伴う反転、直近下落なし（B以下に制限）、直近安値切り上げ、ATR低下、BB幅収縮、RSI安値切り上げ / 信用需給: 信用データがデータなし、または売残0で信用倍率を算出不能,急騰済み（3営業日急騰、5営業日急騰、25日線上方乖離、BB +2σ大幅超過）,https://finance.yahoo.co.jp/quote/9425.T,データなし,データなし,データなし,データなし,データなし,データなし,データなし,データなし,11.0,0,0,11.0,39,39,信用需給は判定不能,信用データがデータなし、または売残0で信用倍率を算出不能
2026-08-19,3907,シリコンスタジオ,スタンダード,1577.0,3.21,-1.13,-2.53,31.64,1.12,203.49,1570.0,1684.0,1457.0,1684.0,1684.0,1390.0,904.0,1068.96,819.41,819.41,10,除外,36.67,59.62,0.02,60.75,1198.0,1070.08,858.64,+1.04σ,0.52,強気包み足 / 2～5日下落後の陽線,通常,買い,アンチ,1,0.0,1271.76,2187.47,2.0,直近2～5日まで下落、%K反転、陽の包み足、2～5日下落後の陽線 / 信用需給: 信用データがデータなし、または売残0で信用倍率を算出不能,急騰済み（25日線上方乖離）,https://finance.yahoo.co.jp/quote/3907.T,データなし,データなし,データなし,データなし,データなし,データなし,データなし,データなし,10.0,0,0,10.0,54,54,信用需給は判定不能,信用データがデータなし、または売残0で信用倍率を算出不能
2026-08-19,4996,クミアイ化学工業,プライム,768.0,-0.78,1.05,1.19,3.27,1.17,12.0,781.0,773.0,759.0,781.0,781.0,754.0,728.0,734.5,721.36,721.36,10,B,53.57,77.9,3.41,65.33,743.68,741.99,728.47,+1.55σ,1.39,強気包み足 / 長い下ヒゲ（ハンマー）,なし,買い,底固め,1,0.0,750.0,804.0,2.0,%D方向改善、陽の包み足、長い下ヒゲ反転、出来高増加を伴う反転、直近下落なし（B以下に制限）、直近安値切り上げ、出来高減少後の増加、RSI安値切り上げ / 信用需給: 信用データがデータなし、または売残0で信用倍率を算出不能,,https://finance.yahoo.co.jp/quote/4996.T,データなし,データなし,データなし,データなし,データなし,データなし,データなし,データなし,10.0,0,0,10.0,54,54,信用需給は判定不能,信用データがデータなし、または売残0で信用倍率を算出不能
2026-08-19,6849,日本光電工業,プライム,1483.5,0.75,0.0,-2.18,-3.49,0.56,48.57,1491.5,1484.0,1457.0,1491.5,1493.0,1431.0,1342.5,1472.49,1411.4,1411.4,10,B,54.69,49.09,9.76,46.5,1537.08,1470.33,1572.26,-0.82σ,0.91,強気包み足 / はらみ足 / 2～5日下落後の陽線,なし,買い,BB逆張り,1,0.0,1410.64,1629.21,2.0,直近2～5日まで下落、BB -1σ以下から反発、%D方向改善、陽の包み足、2～5日下落後の陽線 / 信用需給: 信用データがデータなし、または売残0で信用倍率を算出不能,,https://finance.yahoo.co.jp/quote/6849.T,データなし,データなし,データなし,データなし,データなし,データなし,データなし,データなし,10.0,0,0,10.0,54,54,信用需給は判定不能,信用データがデータなし、または売残0で信用倍率を算出不能
2026-08-19,6036,ＫｅｅＰｅｒ技研,プライム,3145.0,3.97,6.32,6.32,9.55,2.27,101.21,3200.0,3230.0,3000.0,3230.0,3280.0,2902.0,2674.0,2736.92,2606.18,2606.18,10,B,66.25,75.14,1.16,66.27,2870.92,2813.11,3149.08,+2.12σ,2.47,陰線→陽線 / 強気包み足 / 前日安値割れ反転,通常,買い,アンチ,1,0.0,2902.0,3631.0,2.0,%K反転、%D方向改善、陽の包み足、長い下ヒゲ反転、出来高増加を伴う反転、直近下落なし（B以下に制限） / 信用需給: 信用データがデータなし、または売残0で信用倍率を算出不能,,https://finance.yahoo.co.jp/quote/6036.T,データなし,データなし,データなし,データなし,データなし,データなし,データなし,データなし,10.0,0,0,10.0,54,54,信用需給は判定不能,信用データがデータなし、または売残0で信用倍率を算出不能
2026-08-19,6183,ベルシステム２４ホールディングス,プライム,1399.0,1.3,-0.57,0.79,1.99,1.24,24.26,1392.0,1399.0,1369.0,1399.0,1406.0,1369.0,1310.0,1345.23,1320.55,1320.55,10,B,86.44,69.5,20.44,57.05,1371.64,1392.99,1409.18,+1.18σ,1.09,陰線→陽線 / 前日安値割れ反転 / 2～5日下落後の陽線,通常,買い,アンチ,1,0.0,1362.6,1471.79,2.0,直近2～5日まで下落、%K反転、%D方向改善、長い下ヒゲ反転、2～5日下落後の陽線 / 信用需給: 信用データがデータなし、または売残0で信用倍率を算出不能,,https://finance.yahoo.co.jp/quote/6183.T,データなし,データなし,データなし,データなし,データなし,データなし,データなし,データなし,10.0,0,0,10.0,54,54,信用需給は判定不能,信用データがデータなし、または売残0で信用倍率を算出不能
2026-08-19,8848,レオパレス２１,プライム,630.0,0.8,1.61,1.78,-4.14,0.44,15.76,628.0,630.0,623.0,630.0,632.0,615.0,605.0,629.9,605.3,605.3,10,B,73.53,29.88,0.65,42.11,657.2,642.37,660.76,-1.00σ,0.71,長い下ヒゲ（ハンマー）,なし,買い,BB逆張り,1,0.0,606.35,677.29,2.0,RSI40以下から反転上昇、BB -1σ以下から反発、ストキャス売られ過ぎから反転、%K反転、%D方向改善、長い下ヒゲ反転、直近下落なし（B以下に制限） / 信用需給: 信用データがデータなし、または売残0で信用倍率を算出不能,,https://finance.yahoo.co.jp/quote/8848.T,データなし,データなし,データなし,データなし,データなし,データなし,データなし,データなし,10.0,0,0,10.0,54,54,信用需給は判定不能,信用データがデータなし、または売残0で信用倍率を算出不能
2026-08-19,9401,ＴＢＳホールディングス,プライム,5869.0,0.63,0.82,-0.58,-3.09,0.64,145.09,5878.0,5889.0,5796.0,5889.0,5958.0,5769.0,5564.0,5800.41,5610.02,5610.02,10,B,77.41,50.49,21.03,43.62,6056.16,6013.59,5849.08,-0.64σ,1.11,陰線→陽線 / 長い下ヒゲ（ハンマー） / 前日安値割れ反転 / 2～5日下落後の陽線,通常,買い,アンチ,1,0.0,5651.37,6304.27,2.0,直近2～5日まで下落、%K反転、%D方向改善、長い下ヒゲ反転、2～5日下落後の陽線 / 信用需給: 信用データがデータなし、または売残0で信用倍率を算出不能,,https://finance.yahoo.co.jp/quote/9401.T,データなし,データなし,データなし,データなし,データなし,データなし,データなし,データなし,10.0,0,0,10.0,54,54,信用需給は判定不能,信用データがデータなし、または売残0で信用倍率を算出不能
2026-08-19,4992,北興化学工業,スタンダード,2027.0,1.25,-0.34,1.96,4.27,1.0,65.1,2053.0,2033.0,1968.0,2053.0,2053.0,1968.0,1731.0,1856.39,1775.28,1775.28,10,B,74.0,85.72,6.71,56.86,1943.96,1932.35,1789.32,+1.10σ,1.57,陰線→陽線 / 前日安値割れ反転,通常,買い,底固め / アンチ,2,0.0,1929.35,2222.3,2.0,%K反転、%D方向改善、長い下ヒゲ反転、出来高増加を伴う反転、直近下落なし（B以下に制限）、直近安値切り上げ、ATR低下、出来高減少後の増加、RSI安値切り上げ / 信用需給: 信用データがデータなし、または売残0で信用倍率を算出不能,,https://finance.yahoo.co.jp/quote/4992.T,データなし,データなし,データなし,データなし,データなし,データなし,データなし,データなし,10.0,0,0,10.0,54,54,信用需給は判定不能,信用データがデータなし、または売残0で信用倍率を算出不能
2026-08-19,3197,すかいらーくホールディングス,プライム,3255.0,3.07,-0.09,1.72,4.17,0.74,92.29,3176.0,3269.0,3201.0,3269.0,3282.0,3120.0,2934.0,3052.35,2950.24,2950.24,10,B,70.31,51.55,1.22,59.47,3124.74,2925.97,3180.83,+0.98σ,1.23,長い下ヒゲ（ハンマー） / 2～5日下落後の陽線,強,買い,アンチ,1,0.0,3116.57,3531.86,2.0,直近2～5日まで下落、%K反転、%D方向改善、長い下ヒゲ反転、2～5日下落後の陽線 / 信用需給: 信用データがデータなし、または売残0で信用倍率を算出不能,,https://finance.yahoo.co.jp/quote/3197.T,データなし,データなし,データなし,データなし,データなし,データなし,データなし,データなし,10.0,0,0,10.0,54,54,信用需給は判定不能,信用データがデータなし、または売残0で信用倍率を算出不能
2026-08-19,4887,サワイグループホールディングス,プライム,1609.0,0.25,-1.41,-1.5,-2.44,0.6,39.05,1624.0,1622.5,1599.0,1624.0,1632.0,1599.0,1550.5,1606.8,1572.53,1572.53,10,B,33.52,34.58,5.89,42.1,1649.18,1733.22,2023.26,-0.94σ,1.0,前日安値割れ反転,通常,買い,BB逆張り / アンチ,2,0.0,1550.43,1726.14,2.0,直近2～5日まで下落、BB -1σ以下から反発、%K反転、%D方向改善、長い下ヒゲ反転 / 信用需給: 信用データがデータなし、または売残0で信用倍率を算出不能,,https://finance.yahoo.co.jp/quote/4887.T,データなし,データなし,データなし,データなし,データなし,データなし,データなし,データなし,10.0,0,0,10.0,54,54,信用需給は判定不能,信用データがデータなし、または売残0で信用倍率を算出不能
2026-08-19,4927,ポーラ・オルビスホールディングス,プライム,1399.5,1.41,-0.64,-2.0,3.2,0.83,30.79,1385.5,1405.0,1379.5,1405.0,1408.0,1366.0,1281.0,1318.33,1273.98,1273.98,10,B,48.91,64.36,8.2,59.06,1356.12,1302.99,1322.15,+0.83σ,0.91,長い下ヒゲ（ハンマー） / 2～5日下落後の陽線,通常,買い,アンチ,1,0.0,1353.32,1491.86,2.0,直近2～5日まで下落、%K反転、%D方向改善、長い下ヒゲ反転、2～5日下落後の陽線 / 信用需給: 信用データがデータなし、または売残0で信用倍率を算出不能,,https://finance.yahoo.co.jp/quote/4927.T,データなし,データなし,データなし,データなし,データなし,データなし,データなし,データなし,10.0,0,0,10.0,54,54,信用需給は判定不能,信用データがデータなし、または売残0で信用倍率を算出不能
2026-08-19,6379,レイズネクスト,プライム,3025.0,0.67,3.21,4.31,10.68,1.44,93.56,3020.0,3085.0,2950.0,3085.0,3085.0,2841.0,2526.0,2646.28,2503.21,2503.21,10,除外,75.41,59.1,5.99,75.26,2733.04,2429.07,2388.94,+1.65σ,1.41,強気包み足 / 前日安値割れ反転,なし,買い,底固め,1,0.0,2841.0,3393.0,2.0,%D方向改善、陽の包み足、長い下ヒゲ反転、出来高増加を伴う反転、直近下落なし（B以下に制限）、直近安値切り上げ、出来高減少後の増加、RSI安値切り上げ / 信用需給: 信用データがデータなし、または売残0で信用倍率を算出不能,急騰済み（25日線上方乖離、高RSI）,https://finance.yahoo.co.jp/quote/6379.T,データなし,データなし,データなし,データなし,データなし,データなし,データなし,データなし,10.0,0,0,10.0,54,54,信用需給は判定不能,信用データがデータなし、または売残0で信用倍率を算出不能
2026-08-19,5332,ＴＯＴＯ,プライム,6176.0,-2.89,-6.86,-5.8,-11.19,0.55,290.92,6695.0,6269.0,6110.0,6695.0,6718.0,6110.0,6095.0,6327.29,5897.17,5897.17,10,B,10.31,48.79,3.22,32.61,6954.4,7445.95,5862.62,-1.35σ,0.8,陰線→陽線 / 2～5日下落後の陽線,通常,買い,アンチ,1,0.0,5739.62,7048.76,2.0,直近2～5日まで下落、ストキャス売られ過ぎから反転、%K反転、2～5日下落後の陽線 / 信用需給: 信用データがデータなし、または売残0で信用倍率を算出不能,,https://finance.yahoo.co.jp/quote/5332.T,データなし,データなし,データなし,データなし,データなし,データなし,データなし,データなし,10.0,0,0,10.0,54,54,信用需給は判定不能,信用データがデータなし、または売残0で信用倍率を算出不能
2026-08-19,4554,富士製薬工業,プライム,1842.0,0.33,-0.49,-0.22,-1.48,0.79,51.62,1853.0,1861.0,1820.0,1861.0,1861.0,1815.0,1729.0,1820.8,1789.1,1789.1,10,B,81.9,64.64,19.18,43.21,1869.64,2051.68,2038.27,-0.33σ,1.0,強気包み足 / 2～5日下落後の陽線,なし,買い,底固め,1,0.0,1764.57,1996.86,2.0,直近2～5日まで下落、%D方向改善、陽の包み足、2～5日下落後の陽線、直近安値切り上げ、BB幅収縮、RSI安値切り上げ / 信用需給: 信用データがデータなし、または売残0で信用倍率を算出不能,,https://finance.yahoo.co.jp/quote/4554.T,データなし,データなし,データなし,データなし,データなし,データなし,データなし,データなし,10.0,0,0,10.0,54,54,信用需給は判定不能,信用データがデータなし、または売残0で信用倍率を算出不能
2026-08-19,2484,出前館,スタンダード,151.0,2.03,5.59,0.0,9.77,0.79,6.32,150.0,152.0,147.0,152.0,152.0,142.0,126.0,134.04,127.07,127.07,10,B,81.82,75.99,3.57,65.29,137.56,125.88,132.74,+1.44σ,1.05,強気包み足 / 2～5日下落後の陽線,強,買い,アンチ,1,0.0,141.52,169.96,2.0,直近2～5日まで下落、%K反転、陽の包み足、2～5日下落後の陽線 / 信用需給: 信用データがデータなし、または売残0で信用倍率を算出不能,,https://finance.yahoo.co.jp/quote/2484.T,データなし,データなし,データなし,データなし,データなし,データなし,データなし,データなし,10.0,0,0,10.0,54,54,信用需給は判定不能,信用データがデータなし、または売残0で信用倍率を算出不能
2026-08-19,9543,静岡ガス,プライム,1266.0,1.36,1.2,0.96,1.19,0.91,23.07,1258.0,1266.0,1245.0,1266.0,1266.0,1231.0,1199.0,1236.3,1218.99,1218.99,10,B,100.0,63.51,17.42,55.79,1251.16,1265.87,1296.27,+0.72σ,0.64,2～5日下落後の陽線,なし,買い,底固め,1,0.0,1231.0,1336.0,2.0,直近2～5日まで下落、%K反転、%D方向改善、2～5日下落後の陽線、直近安値切り上げ、RSI安値切り上げ、レンジ上限突破 / 信用需給: 信用データがデータなし、または売残0で信用倍率を算出不能,,https://finance.yahoo.co.jp/quote/9543.T,データなし,データなし,データなし,データなし,データなし,データなし,データなし,データなし,10.0,0,0,10.0,54,54,信用需給は判定不能,信用データがデータなし、または売残0で信用倍率を算出不能
2026-08-19,3697,ＳＨＩＦＴ,プライム,909.7,3.43,-4.85,-0.71,7.5,0.87,50.3,897.0,918.0,874.3,918.0,946.3,868.5,728.0,821.2,765.49,765.49,10,B,45.08,52.98,1.28,58.39,846.22,725.03,787.15,+0.59σ,0.63,陰線→陽線 / 長い下ヒゲ（ハンマー） / 2～5日下落後の陽線,通常,買い,アンチ,1,0.0,834.25,1060.6,2.0,直近2～5日まで下落、%K反転、%D方向改善、長い下ヒゲ反転、2～5日下落後の陽線 / 信用需給: 信用データがデータなし、または売残0で信用倍率を算出不能,,https://finance.yahoo.co.jp/quote/3697.T,データなし,データなし,データなし,データなし,データなし,データなし,データなし,データなし,10.0,0,0,10.0,54,54,信用需給は判定不能,信用データがデータなし、または売残0で信用倍率を算出不能
2026-08-19,8584,ジャックス,プライム,3740.0,0.54,-1.32,-0.93,-0.04,0.76,65.59,3775.0,3745.0,3695.0,3775.0,3790.0,3695.0,3610.0,3680.94,3626.37,3626.37,10,B,42.86,65.01,9.85,52.64,3741.4,3655.73,3986.22,+0.08σ,0.9,前日安値割れ反転,通常,買い,底固め / アンチ,2,0.0,3641.62,3936.76,2.0,直近2～5日まで下落、%K反転、%D方向改善、長い下ヒゲ反転、直近安値切り上げ、BB幅収縮、RSI安値切り上げ / 信用需給: 信用データがデータなし、または売残0で信用倍率を算出不能,,https://finance.yahoo.co.jp/quote/8584.T,データなし,データなし,データなし,データなし,データなし,データなし,データなし,データなし,10.0,0,0,10.0,54,54,信用需給は判定不能,信用データがデータなし、または売残0で信用倍率を算出不能
2026-08-19,8570,イオンフィナンシャルサービス,プライム,1655.0,0.79,1.25,1.63,4.52,0.79,31.73,1647.5,1664.5,1639.5,1664.5,1664.5,1611.5,1519.5,1556.51,1520.2,1520.2,10,B,87.74,83.02,13.5,66.87,1583.46,1534.81,1591.87,+1.71σ,1.71,長い下ヒゲ（ハンマー）,なし,買い,底固め,1,0.0,1607.41,1750.18,2.0,%K反転、%D方向改善、長い下ヒゲ反転、出来高増加を伴う反転、直近下落なし（B以下に制限）、直近安値切り上げ、出来高減少後の増加、RSI安値切り上げ、レンジ上限突破 / 信用需給: 信用データがデータなし、または売残0で信用倍率を算出不能,,https://finance.yahoo.co.jp/quote/8570.T,データなし,データなし,データなし,データなし,データなし,データなし,データなし,データなし,10.0,0,0,10.0,54,54,信用需給は判定不能,信用データがデータなし、または売残0で信用倍率を算出不能
2026-08-19,2871,ニチレイ,プライム,2152.0,0.49,-1.67,-0.92,-0.62,0.52,70.44,2160.0,2170.0,2133.5,2170.0,2176.5,2101.0,2050.0,2128.71,2068.2,2068.2,10,B,62.2,46.37,8.2,48.92,2165.32,2050.22,1972.25,-0.62σ,0.87,長い下ヒゲ（ハンマー） / 2～5日下落後の陽線,通常,買い,アンチ,1,0.0,2046.34,2363.33,2.0,直近2～5日まで下落、%K反転、%D方向改善、長い下ヒゲ反転、2～5日下落後の陽線 / 信用需給: 信用データがデータなし、または売残0で信用倍率を算出不能,,https://finance.yahoo.co.jp/quote/2871.T,データなし,データなし,データなし,データなし,データなし,データなし,データなし,データなし,10.0,0,0,10.0,54,54,信用需給は判定不能,信用データがデータなし、または売残0で信用倍率を算出不能
2026-08-19,2897,日清食品ホールディングス,プライム,2945.0,0.86,-0.86,0.02,0.6,0.61,82.22,2936.5,2966.5,2916.0,2966.5,2970.0,2878.5,2754.0,2864.55,2793.5,2793.5,10,B,54.96,59.22,7.6,52.68,2927.48,2788.6,2907.12,+0.13σ,0.58,長い下ヒゲ（ハンマー） / 2～5日下落後の陽線,通常,買い,アンチ,1,0.0,2821.68,3191.65,2.0,直近2～5日まで下落、%K反転、%D方向改善、長い下ヒゲ反転、2～5日下落後の陽線 / 信用需給: 信用データがデータなし、または売残0で信用倍率を算出不能,,https://finance.yahoo.co.jp/quote/2897.T,データなし,データなし,データなし,データなし,データなし,データなし,データなし,データなし,10.0,0,0,10.0,54,54,信用需給は判定不能,信用データがデータなし、または売残0で信用倍率を算出不能
2026-08-19,9708,帝国ホテル,スタンダード,999.0,1.01,1.42,1.11,0.73,0.87,14.87,993.0,999.0,986.0,999.0,999.0,981.0,973.0,981.2,972.6,972.6,9,B,100.0,42.49,12.09,51.97,991.8,1030.39,1209.78,+1.07σ,0.76,強気包み足,なし,買い,底固め,1,0.0,976.7,1043.6,2.0,%K反転、%D方向改善、陽の包み足、直近下落なし（B以下に制限）、直近安値切り上げ、RSI安値切り上げ、レンジ上限突破 / 信用需給: 信用データがデータなし、または売残0で信用倍率を算出不能,,https://finance.yahoo.co.jp/quote/9708.T,データなし,データなし,データなし,データなし,データなし,データなし,データなし,データなし,9.0,0,0,9.0,75,75,信用需給は判定不能,信用データがデータなし、または売残0で信用倍率を算出不能
2026-08-19,7649,スギホールディングス,プライム,2701.0,-0.3,-4.73,-4.54,-5.23,1.02,84.32,2730.5,2741.5,2655.5,2741.5,2858.5,2655.5,2655.5,2739.37,2650.54,2650.54,9,B,22.41,45.34,3.16,36.34,2850.08,2957.43,3339.01,-1.43σ,1.34,なし,通常,買い,アンチ,1,0.0,2574.52,2953.96,2.0,直近2～5日まで下落、ストキャス売られ過ぎから反転、%K反転、%D方向改善 / 信用需給: 信用データがデータなし、または売残0で信用倍率を算出不能,,https://finance.yahoo.co.jp/quote/7649.T,データなし,データなし,データなし,データなし,データなし,データなし,データなし,データなし,9.0,0,0,9.0,75,75,信用需給は判定不能,信用データがデータなし、または売残0で信用倍率を算出不能
2026-08-19,2579,コカ・コーラ　ボトラーズジャパンホールディングス,プライム,3741.0,-0.74,-5.96,-4.93,-8.56,1.03,149.82,3837.0,3836.0,3681.0,3837.0,3980.0,3681.0,3681.0,3795.4,3540.1,3540.1,9,B,16.0,40.29,2.72,37.84,4091.36,3879.19,3537.77,-1.21σ,1.24,なし,通常,買い,アンチ,1,0.0,3516.27,4190.45,2.0,直近2～5日まで下落、ストキャス売られ過ぎから反転、%K反転、%D方向改善 / 信用需給: 信用データがデータなし、または売残0で信用倍率を算出不能,,https://finance.yahoo.co.jp/quote/2579.T,データなし,データなし,データなし,データなし,データなし,データなし,データなし,データなし,9.0,0,0,9.0,75,75,信用需給は判定不能,信用データがデータなし、または売残0で信用倍率を算出不能
2026-08-19,1928,積水ハウス,プライム,3374.0,-0.24,-2.03,-1.4,-3.23,0.68,57.51,3404.0,3385.0,3346.0,3404.0,3456.0,3346.0,3326.0,3366.18,3257.66,3257.66,9,B,25.45,41.93,7.95,41.89,3486.72,3398.09,3468.08,-0.93σ,0.75,なし,通常,買い,アンチ,1,0.0,3287.73,3546.54,2.0,直近2～5日まで下落、ストキャス売られ過ぎから反転、%K反転、%D方向改善 / 信用需給: 信用データがデータなし、または売残0で信用倍率を算出不能,,https://finance.yahoo.co.jp/quote/1928.T,データなし,データなし,データなし,データなし,データなし,データなし,データなし,データなし,9.0,0,0,9.0,75,75,信用需給は判定不能,信用データがデータなし、または売残0で信用倍率を算出不能
2026-08-19,9023,東京地下鉄,プライム,1449.5,0.62,-0.89,-0.99,-0.66,0.69,26.21,1449.0,1452.0,1434.0,1452.0,1466.0,1431.0,1415.0,1436.54,1414.65,1414.65,9,B,44.05,50.35,1.35,49.0,1459.2,1446.91,1558.5,-0.41σ,0.76,なし,通常,買い,アンチ,1,0.0,1410.18,1528.14,2.0,直近2～5日まで下落、ストキャス売られ過ぎから反転、%K反転、%D方向改善 / 信用需給: 信用データがデータなし、または売残0で信用倍率を算出不能,,https://finance.yahoo.co.jp/quote/9023.T,データなし,データなし,データなし,データなし,データなし,データなし,データなし,データなし,9.0,0,0,9.0,75,75,信用需給は判定不能,信用データがデータなし、または売残0で信用倍率を算出不能
2026-08-19,4307,野村総合研究所,プライム,4860.0,0.48,-5.28,-2.45,-2.44,0.51,197.47,4888.0,4917.0,4817.0,4917.0,5075.0,4795.0,4486.0,4695.2,4427.51,4427.51,9,B,18.14,50.06,5.72,48.23,4981.52,4745.12,5059.58,-0.38σ,0.91,なし,通常,買い,アンチ,1,0.0,4563.8,5452.41,2.0,直近2～5日まで下落、ストキャス売られ過ぎから反転、%K反転、%D方向改善 / 信用需給: 信用データがデータなし、または売残0で信用倍率を算出不能,,https://finance.yahoo.co.jp/quote/4307.T,データなし,データなし,データなし,データなし,データなし,データなし,データなし,データなし,9.0,0,0,9.0,75,75,信用需給は判定不能,信用データがデータなし、または売残0で信用倍率を算出不能
2026-08-19,3391,ツルハホールディングス,プライム,2385.5,1.04,-0.79,-1.51,-0.96,0.87,63.48,2376.5,2413.0,2357.5,2413.0,2413.0,2332.5,2319.5,2359.35,2297.33,2297.33,9,B,50.96,41.43,2.3,52.65,2408.66,2177.33,2422.16,-0.58σ,0.88,なし,強,買い,アンチ,1,0.0,2290.29,2575.93,2.0,直近2～5日まで下落、ストキャス売られ過ぎから反転、%K反転、%D方向改善 / 信用需給: 信用データがデータなし、または売残0で信用倍率を算出不能,,https://finance.yahoo.co.jp/quote/3391.T,データなし,データなし,データなし,データなし,データなし,データなし,データなし,データなし,9.0,0,0,9.0,75,75,信用需給は判定不能,信用データがデータなし、または売残0で信用倍率を算出不能
2026-08-19,3399,丸千代山岡家,スタンダード,3800.0,1.47,0.53,3.97,3.39,0.92,120.2,3800.0,3800.0,3690.0,3800.0,3840.0,3610.0,3400.0,3559.65,3466.05,3466.05,9,B,82.09,72.71,10.91,61.42,3675.4,3355.6,3273.48,+1.57σ,0.66,陰線→陽線 / 強気包み足 / はらみ足,強,買い,底固め / アンチ,2,0.0,3610.0,4180.0,2.0,%K反転、%D方向改善、陽の包み足、直近下落なし（B以下に制限）、直近安値切り上げ、BB幅収縮、RSI安値切り上げ / 信用需給: 信用データがデータなし、または売残0で信用倍率を算出不能,,https://finance.yahoo.co.jp/quote/3399.T,データなし,データなし,データなし,データなし,データなし,データなし,データなし,データなし,9.0,0,0,9.0,75,75,信用需給は判定不能,信用データがデータなし、または売残0で信用倍率を算出不能
2026-08-19,8804,東京建物,プライム,3312.0,-0.75,-2.1,-1.95,-2.63,0.78,79.9,3363.0,3337.0,3275.0,3363.0,3387.0,3275.0,3245.0,3306.96,3223.52,3223.52,9,B,23.12,42.77,6.17,44.76,3401.36,3336.33,3508.21,-0.94σ,1.13,なし,通常,買い,アンチ,1,0.0,3192.15,3551.7,2.0,直近2～5日まで下落、ストキャス売られ過ぎから反転、%K反転、%D方向改善 / 信用需給: 信用データがデータなし、または売残0で信用倍率を算出不能,,https://finance.yahoo.co.jp/quote/8804.T,データなし,データなし,データなし,データなし,データなし,データなし,データなし,データなし,9.0,0,0,9.0,75,75,信用需給は判定不能,信用データがデータなし、または売残0で信用倍率を算出不能
2026-08-19,8142,トーホー,プライム,1413.0,0.21,0.71,2.24,2.72,0.75,26.71,1425.0,1420.0,1400.0,1425.0,1427.0,1366.0,1320.0,1345.72,1315.94,1315.94,9,B,83.33,72.49,22.55,60.28,1375.64,1346.35,1297.95,+1.26σ,0.53,強気包み足 / はらみ足 / 長い下ヒゲ（ハンマー）,通常,買い,アンチ,1,0.0,1366.0,1507.0,2.0,%K反転、%D方向改善、陽の包み足、長い下ヒゲ反転、直近下落なし（B以下に制限） / 信用需給: 信用データがデータなし、または売残0で信用倍率を算出不能,,https://finance.yahoo.co.jp/quote/8142.T,データなし,データなし,データなし,データなし,データなし,データなし,データなし,データなし,9.0,0,0,9.0,75,75,信用需給は判定不能,信用データがデータなし、または売残0で信用倍率を算出不能
2026-08-19,7476,アズワン,プライム,2375.0,0.7,-0.23,-0.81,-2.19,0.68,56.29,2367.0,2380.5,2342.0,2380.5,2380.5,2333.5,2310.5,2346.75,2272.87,2272.87,9,B,45.86,33.07,3.93,48.61,2428.14,2260.19,2322.61,-0.62σ,0.67,なし,強,買い,アンチ,1,0.0,2290.57,2543.86,2.0,直近2～5日まで下落、ストキャス売られ過ぎから反転、%K反転、%D方向改善 / 信用需給: 信用データがデータなし、または売残0で信用倍率を算出不能,,https://finance.yahoo.co.jp/quote/7476.T,データなし,データなし,データなし,データなし,データなし,データなし,データなし,データなし,9.0,0,0,9.0,75,75,信用需給は判定不能,信用データがデータなし、または売残0で信用倍率を算出不能
2026-08-19,2331,ＡＬＳＯＫ,プライム,1175.5,0.94,0.6,0.47,1.75,0.72,28.34,1169.0,1180.0,1159.5,1180.0,1180.0,1141.5,1117.0,1137.94,1112.89,1112.89,8,B,88.24,53.5,13.97,57.07,1155.32,1121.75,1177.45,+0.50σ,1.17,なし,なし,買い,底固め,1,0.0,1132.99,1260.53,2.0,直近2～5日まで下落、%K反転、%D方向改善、直近安値切り上げ、BB幅収縮、RSI安値切り上げ / 信用需給: 信用データがデータなし、または売残0で信用倍率を算出不能,,https://finance.yahoo.co.jp/quote/2331.T,データなし,データなし,データなし,データなし,データなし,データなし,データなし,データなし,8.0,0,0,8.0,86,86,信用需給は判定不能,信用データがデータなし、または売残0で信用倍率を算出不能
2026-08-19,7164,全国保証,プライム,3172.0,1.12,1.31,1.86,2.01,0.97,49.72,3156.0,3184.0,3136.0,3184.0,3184.0,3093.0,3009.0,3062.12,3010.98,3010.98,8,B,89.57,70.4,19.47,60.43,3109.4,3019.15,3102.36,+1.15σ,1.04,長い下ヒゲ（ハンマー）,通常,買い,底固め / アンチ,2,0.0,3093.0,3330.0,2.0,%K反転、%D方向改善、長い下ヒゲ反転、直近下落なし（B以下に制限）、直近安値切り上げ、RSI安値切り上げ、レンジ上限突破 / 信用需給: 信用データがデータなし、または売残0で信用倍率を算出不能,,https://finance.yahoo.co.jp/quote/7164.T,データなし,データなし,データなし,データなし,データなし,データなし,データなし,データなし,8.0,0,0,8.0,86,86,信用需給は判定不能,信用データがデータなし、または売残0で信用倍率を算出不能
2026-08-19,9716,乃村工藝社,プライム,1214.0,0.41,-0.57,2.19,2.13,0.68,23.67,1223.0,1219.0,1203.0,1223.0,1226.0,1180.0,1147.0,1172.35,1153.6,1153.6,8,B,76.92,65.73,18.6,61.84,1188.68,1135.29,1228.21,+1.22σ,1.01,陰線→陽線 / 前日安値割れ反転,通常,買い,底固め / アンチ,2,0.0,1178.5,1285.0,2.0,%K反転、%D方向改善、長い下ヒゲ反転、直近下落なし（B以下に制限）、直近安値切り上げ、BB幅収縮、RSI安値切り上げ / 信用需給: 信用データがデータなし、または売残0で信用倍率を算出不能,,https://finance.yahoo.co.jp/quote/9716.T,データなし,データなし,データなし,データなし,データなし,データなし,データなし,データなし,8.0,0,0,8.0,86,86,信用需給は判定不能,信用データがデータなし、または売残0で信用倍率を算出不能
2026-08-19,7611,ハイデイ日高,プライム,2944.0,1.13,1.03,2.61,3.38,0.73,57.88,2929.0,2950.0,2908.0,2950.0,2950.0,2858.0,2732.0,2794.03,2728.65,2728.65,8,B,95.0,67.59,16.16,63.61,2847.76,2707.91,3028.52,+1.29σ,1.09,長い下ヒゲ（ハンマー）,なし,買い,底固め,1,0.0,2857.18,3117.64,2.0,%K反転、%D方向改善、長い下ヒゲ反転、直近下落なし（B以下に制限）、直近安値切り上げ、BB幅収縮、RSI安値切り上げ、レンジ上限突破 / 信用需給: 信用データがデータなし、または売残0で信用倍率を算出不能,,https://finance.yahoo.co.jp/quote/7611.T,データなし,データなし,データなし,データなし,データなし,データなし,データなし,データなし,8.0,0,0,8.0,86,86,信用需給は判定不能,信用データがデータなし、または売残0で信用倍率を算出不能
2026-08-19,7606,ユナイテッドアローズ,プライム,2594.0,2.65,1.21,0.62,4.49,0.97,61.05,2539.0,2595.0,2536.0,2595.0,2595.0,2480.0,2377.0,2427.08,2360.36,2360.36,8,B,78.08,58.65,2.24,61.63,2482.64,2467.81,2418.7,+1.50σ,1.19,2～5日下落後の陽線,強,買い,アンチ,1,0.0,2480.0,2822.0,2.0,直近2～5日まで下落、%K反転、%D方向改善、2～5日下落後の陽線 / 信用需給: 信用データがデータなし、または売残0で信用倍率を算出不能,,https://finance.yahoo.co.jp/quote/7606.T,データなし,データなし,データなし,データなし,データなし,データなし,データなし,データなし,8.0,0,0,8.0,86,86,信用需給は判定不能,信用データがデータなし、または売残0で信用倍率を算出不能
2026-08-19,2327,日鉄ソリューションズ,プライム,3790.0,0.56,-1.22,-1.64,-0.68,0.68,97.62,3809.0,3816.0,3750.0,3816.0,3837.0,3702.0,3617.0,3729.3,3645.54,3645.54,8,B,51.46,55.83,6.4,52.42,3816.0,3583.01,3831.36,-0.28σ,0.54,なし,通常,買い,底固め / アンチ,2,0.0,3643.56,4082.87,2.0,直近2～5日まで下落、%K反転、%D方向改善、直近安値切り上げ、BB幅収縮、RSI安値切り上げ / 信用需給: 信用データがデータなし、または売残0で信用倍率を算出不能,,https://finance.yahoo.co.jp/quote/2327.T,データなし,データなし,データなし,データなし,データなし,データなし,データなし,データなし,8.0,0,0,8.0,86,86,信用需給は判定不能,信用データがデータなし、または売残0で信用倍率を算出不能
2026-08-19,3539,ＪＭホールディングス,プライム,1473.0,0.82,2.79,5.29,7.35,0.83,31.5,1469.0,1478.0,1452.0,1478.0,1478.0,1396.0,1314.0,1350.21,1308.87,1308.87,8,除外,95.15,68.41,18.38,73.74,1372.2,1299.55,1495.02,+1.97σ,0.4,長い下ヒゲ（ハンマー）,なし,買い,底固め,1,0.0,1396.0,1627.0,2.0,%K反転、%D方向改善、長い下ヒゲ反転、直近下落なし（B以下に制限）、直近安値切り上げ、BB幅収縮、RSI安値切り上げ、レンジ上限突破 / 信用需給: 信用データがデータなし、または売残0で信用倍率を算出不能,急騰済み（高RSI）,https://finance.yahoo.co.jp/quote/3539.T,データなし,データなし,データなし,データなし,データなし,データなし,データなし,データなし,8.0,0,0,8.0,86,86,信用需給は判定不能,信用データがデータなし、または売残0で信用倍率を算出不能
2026-08-19,6522,アスタリスク,グロース,2058.0,1.63,-4.94,14.72,20.64,0.74,224.93,2103.0,2118.0,1951.0,2118.0,2234.0,1898.0,1311.0,1532.67,1325.0,1325.0,8,除外,58.39,68.6,3.0,59.91,1705.88,1321.25,840.04,+1.53σ,0.76,陰線→陽線 / 強気包み足,通常,買い,底固め / アンチ,2,0.0,1720.6,2732.8,2.0,%K反転、陽の包み足、直近下落なし（B以下に制限）、直近安値切り上げ、BB幅収縮、RSI安値切り上げ / 信用需給: 信用データがデータなし、または売残0で信用倍率を算出不能,急騰済み（25日線上方乖離）,https://finance.yahoo.co.jp/quote/6522.T,データなし,データなし,データなし,データなし,データなし,データなし,データなし,データなし,8.0,0,0,8.0,86,86,信用需給は判定不能,信用データがデータなし、または売残0で信用倍率を算出不能
2026-08-19,2784,アルフレッサ　ホールディングス,プライム,2311.0,0.96,2.71,4.38,0.89,0.84,45.25,2294.5,2313.0,2275.0,2313.0,2313.0,2210.5,2131.5,2207.43,2125.09,2125.09,8,B,98.55,56.44,25.13,56.61,2290.58,2247.26,2368.03,+0.26σ,0.8,長い下ヒゲ（ハンマー）,なし,買い,底固め,1,0.0,2210.5,2512.0,2.0,%K反転、%D方向改善、長い下ヒゲ反転、直近下落なし（B以下に制限）、直近安値切り上げ、RSI安値切り上げ、レンジ上限突破 / 信用需給: 信用データがデータなし、または売残0で信用倍率を算出不能,,https://finance.yahoo.co.jp/quote/2784.T,データなし,データなし,データなし,データなし,データなし,データなし,データなし,データなし,8.0,0,0,8.0,86,86,信用需給は判定不能,信用データがデータなし、または売残0で信用倍率を算出不能
2026-08-19,2810,ハウス食品グループ本社,プライム,3765.0,0.53,-0.66,0.45,-1.96,1.04,76.76,3774.0,3795.0,3715.0,3795.0,3801.0,3715.0,3520.0,3702.88,3577.6,3577.6,8,B,57.78,58.92,13.43,47.87,3840.28,3626.66,3222.78,-0.50σ,0.77,前日安値割れ反転,通常,買い,アンチ,1,0.0,3649.86,3995.28,2.0,直近2～5日まで下落、%K反転、%D方向改善、長い下ヒゲ反転 / 信用需給: 信用データがデータなし、または売残0で信用倍率を算出不能,,https://finance.yahoo.co.jp/quote/2810.T,データなし,データなし,データなし,データなし,データなし,データなし,データなし,データなし,8.0,0,0,8.0,86,86,信用需給は判定不能,信用データがデータなし、または売残0で信用倍率を算出不能
2026-08-19,8200,リンガーハット,プライム,2312.0,0.92,0.96,1.9,-0.18,0.69,46.04,2311.0,2322.0,2290.0,2322.0,2322.0,2267.0,2240.0,2266.51,2221.37,2221.37,8,B,64.0,32.72,9.1,53.86,2316.2,2197.61,2237.18,+0.01σ,0.69,陰線→陽線 / 長い下ヒゲ（ハンマー） / 前日安値割れ反転,通常,買い,底固め / アンチ,2,0.0,2242.93,2450.13,2.0,%K反転、%D方向改善、長い下ヒゲ反転、直近下落なし（B以下に制限）、直近安値切り上げ、BB幅収縮、RSI安値切り上げ / 信用需給: 信用データがデータなし、または売残0で信用倍率を算出不能,,https://finance.yahoo.co.jp/quote/8200.T,データなし,データなし,データなし,データなし,データなし,データなし,データなし,データなし,8.0,0,0,8.0,86,86,信用需給は判定不能,信用データがデータなし、または売残0で信用倍率を算出不能
2026-08-19,8572,アコム,スタンダード,480.2,-0.04,-0.7,-0.52,-0.75,0.5,7.54,481.7,481.5,477.7,481.7,485.3,477.0,469.2,476.8,470.4,470.4,8,B,32.43,50.46,9.2,50.46,483.83,469.97,479.79,-0.47σ,0.77,はらみ足,通常,買い,底固め / アンチ,2,0.0,468.89,502.82,2.0,直近2～5日まで下落、%K反転、%D方向改善、直近安値切り上げ、BB幅収縮、RSI安値切り上げ / 信用需給: 信用データがデータなし、または売残0で信用倍率を算出不能,,https://finance.yahoo.co.jp/quote/8572.T,データなし,データなし,データなし,データなし,データなし,データなし,データなし,データなし,8.0,0,0,8.0,86,86,信用需給は判定不能,信用データがデータなし、または売残0で信用倍率を算出不能
2026-08-19,8278,フジ,プライム,2054.0,1.23,2.09,2.96,2.31,0.74,36.38,2039.0,2055.0,2028.0,2055.0,2055.0,1981.0,1936.0,1975.97,1937.83,1937.83,8,B,98.91,53.88,15.67,58.47,2007.56,1996.88,2046.26,+1.05σ,0.88,長い下ヒゲ（ハンマー）,なし,買い,底固め,1,0.0,1981.0,2200.0,2.0,%K反転、%D方向改善、長い下ヒゲ反転、直近下落なし（B以下に制限）、直近安値切り上げ、RSI安値切り上げ、レンジ上限突破 / 信用需給: 信用データがデータなし、または売残0で信用倍率を算出不能,,https://finance.yahoo.co.jp/quote/8278.T,データなし,データなし,データなし,データなし,データなし,データなし,データなし,データなし,8.0,0,0,8.0,86,86,信用需給は判定不能,信用データがデータなし、または売残0で信用倍率を算出不能
2026-08-19,2752,フジオフードグループ本社,プライム,1131.0,0.98,0.98,3.48,2.15,0.44,20.51,1127.0,1132.0,1123.0,1132.0,1132.0,1093.0,1072.0,1084.46,1059.32,1059.32,8,B,98.33,52.13,18.75,55.74,1107.24,1121.23,1113.08,+0.85σ,0.53,長い下ヒゲ（ハンマー）,なし,買い,底固め,1,0.0,1093.0,1207.0,2.0,%K反転、%D方向改善、長い下ヒゲ反転、直近下落なし（B以下に制限）、直近安値切り上げ、RSI安値切り上げ、レンジ上限突破 / 信用需給: 信用データがデータなし、または売残0で信用倍率を算出不能,,https://finance.yahoo.co.jp/quote/2752.T,データなし,データなし,データなし,データなし,データなし,データなし,データなし,データなし,8.0,0,0,8.0,86,86,信用需給は判定不能,信用データがデータなし、または売残0で信用倍率を算出不能
2026-08-19,9324,安田倉庫,プライム,2597.0,0.0,1.45,3.47,2.33,0.8,66.57,2607.0,2600.0,2547.0,2607.0,2607.0,2503.0,2347.0,2471.06,2411.13,2411.13,8,B,92.7,72.4,20.73,63.21,2537.76,2385.97,2337.06,+1.10σ,0.78,強気包み足 / はらみ足 / 長い下ヒゲ（ハンマー）,なし,買い,底固め,1,0.0,2497.15,2796.7,2.0,%D方向改善、陽の包み足、長い下ヒゲ反転、直近下落なし（B以下に制限）、直近安値切り上げ、BB幅収縮、RSI安値切り上げ / 信用需給: 信用データがデータなし、または売残0で信用倍率を算出不能,,https://finance.yahoo.co.jp/quote/9324.T,データなし,データなし,データなし,データなし,データなし,データなし,データなし,データなし,8.0,0,0,8.0,86,86,信用需給は判定不能,信用データがデータなし、または売残0で信用倍率を算出不能
2026-08-19,9009,京成電鉄,プライム,1303.0,1.05,1.8,2.08,2.15,0.71,29.78,1300.0,1309.0,1288.0,1309.0,1309.0,1257.5,1213.5,1255.74,1233.3,1233.3,8,B,88.35,62.39,12.43,63.46,1275.56,1164.79,1220.51,+1.11σ,1.09,長い下ヒゲ（ハンマー）,なし,買い,底固め,1,0.0,1257.5,1394.0,2.0,%K反転、%D方向改善、長い下ヒゲ反転、直近下落なし（B以下に制限）、直近安値切り上げ、BB幅収縮、RSI安値切り上げ、レンジ上限突破 / 信用需給: 信用データがデータなし、または売残0で信用倍率を算出不能,,https://finance.yahoo.co.jp/quote/9009.T,データなし,データなし,データなし,データなし,データなし,データなし,データなし,データなし,8.0,0,0,8.0,86,86,信用需給は判定不能,信用データがデータなし、または売残0で信用倍率を算出不能
2026-08-19,3245,ディア・ライフ,プライム,1154.0,0.26,0.26,5.39,5.0,0.65,21.57,1162.0,1161.0,1147.0,1162.0,1178.0,1077.0,1058.0,1072.93,1043.91,1043.91,8,B,76.24,66.09,14.91,71.06,1099.04,1039.79,1083.36,+1.79σ,0.95,前日安値割れ反転,通常,買い,底固め / アンチ,2,0.0,1077.0,1308.0,2.0,%K反転、%D方向改善、長い下ヒゲ反転、直近下落なし（B以下に制限）、直近安値切り上げ、BB幅収縮、RSI安値切り上げ / 信用需給: 信用データがデータなし、または売残0で信用倍率を算出不能,,https://finance.yahoo.co.jp/quote/3245.T,データなし,データなし,データなし,データなし,データなし,データなし,データなし,データなし,8.0,0,0,8.0,86,86,信用需給は判定不能,信用データがデータなし、または売残0で信用倍率を算出不能
2026-08-19,3994,マネーフォワード,プライム,5746.0,1.56,-11.31,-0.86,5.03,0.76,361.77,6086.0,5939.0,5665.0,6086.0,6420.0,5640.0,5030.0,5214.5,4872.2,4872.2,8,B,38.34,56.72,6.85,55.84,5470.76,4718.8,4285.05,+0.55σ,1.01,はらみ足,通常,買い,底固め / アンチ,2,0.0,5203.34,6831.32,2.0,直近2～5日まで下落、%K反転、%D方向改善、直近安値切り上げ、BB幅収縮、RSI安値切り上げ / 信用需給: 信用データがデータなし、または売残0で信用倍率を算出不能,,https://finance.yahoo.co.jp/quote/3994.T,データなし,データなし,データなし,データなし,データなし,データなし,データなし,データなし,8.0,0,0,8.0,86,86,信用需給は判定不能,信用データがデータなし、または売残0で信用倍率を算出不能
2026-08-19,8706,極東証券,プライム,1848.0,0.54,-0.54,0.82,3.41,1.3,35.4,1855.0,1868.0,1822.0,1868.0,1868.0,1822.0,1725.0,1766.17,1731.75,1731.75,8,B,66.18,78.99,-0.11,66.44,1787.08,1638.23,1670.84,+1.38σ,1.2,陰線→陽線 / 長い下ヒゲ（ハンマー） / 前日安値割れ反転,なし,買い,底固め,1,0.0,1794.9,1954.19,2.0,%K反転、%D方向改善、長い下ヒゲ反転、直近下落なし（B以下に制限）、直近安値切り上げ、BB幅収縮、RSI安値切り上げ / 信用需給: 信用データがデータなし、または売残0で信用倍率を算出不能,,https://finance.yahoo.co.jp/quote/8706.T,データなし,データなし,データなし,データなし,データなし,データなし,データなし,データなし,8.0,0,0,8.0,86,86,信用需給は判定不能,信用データがデータなし、または売残0で信用倍率を算出不能
2026-08-19,3222,ユナイテッド・スーパーマーケット・ホールディングス,スタンダード,833.0,1.71,0.73,2.46,2.02,0.79,16.38,824.0,833.0,820.0,833.0,833.0,802.0,784.0,799.57,783.08,783.08,8,B,100.0,56.3,19.19,56.67,816.52,816.17,866.08,+1.03σ,1.1,長い下ヒゲ（ハンマー）,なし,買い,底固め,1,0.0,802.0,895.0,2.0,%K反転、%D方向改善、長い下ヒゲ反転、直近下落なし（B以下に制限）、直近安値切り上げ、RSI安値切り上げ、レンジ上限突破 / 信用需給: 信用データがデータなし、または売残0で信用倍率を算出不能,,https://finance.yahoo.co.jp/quote/3222.T,データなし,データなし,データなし,データなし,データなし,データなし,データなし,データなし,8.0,0,0,8.0,86,86,信用需給は判定不能,信用データがデータなし、または売残0で信用倍率を算出不能
2026-08-19,4107,伊勢化学工業,スタンダード,3820.0,0.53,2.41,0.79,5.26,0.68,161.75,3935.0,3820.0,3710.0,3935.0,3935.0,3660.0,3225.0,3492.28,3350.31,3350.31,7,C,60.34,82.43,6.73,54.95,3629.0,3997.13,4638.02,+1.31σ,1.14,陰線→陽線 / 長い下ヒゲ（ハンマー） / 前日安値割れ反転,通常,買い,底固め / アンチ,2,0.0,3577.37,4305.26,2.0,%K反転、長い下ヒゲ反転、直近下落なし（B以下に制限）、直近安値切り上げ、ATR低下、BB幅収縮、RSI安値切り上げ / 信用需給: 信用データがデータなし、または売残0で信用倍率を算出不能,,https://finance.yahoo.co.jp/quote/4107.T,データなし,データなし,データなし,データなし,データなし,データなし,データなし,データなし,7.0,0,0,7.0,106,106,信用需給は判定不能,信用データがデータなし、または売残0で信用倍率を算出不能
2026-08-19,7746,岡本硝子,スタンダード,747.0,0.27,0.54,3.32,-0.13,0.68,32.57,780.0,747.0,725.0,780.0,787.0,723.0,701.0,723.57,706.48,706.48,7,C,42.03,53.53,7.4,48.03,747.96,798.04,776.08,+0.37σ,0.72,陰線→陽線 / 長い下ヒゲ（ハンマー） / 前日安値割れ反転,通常,買い,底固め / アンチ,2,0.0,698.15,844.7,2.0,%K反転、長い下ヒゲ反転、直近下落なし（B以下に制限）、直近安値切り上げ、ATR低下、BB幅収縮、RSI安値切り上げ / 信用需給: 信用データがデータなし、または売残0で信用倍率を算出不能,,https://finance.yahoo.co.jp/quote/7746.T,データなし,データなし,データなし,データなし,データなし,データなし,データなし,データなし,7.0,0,0,7.0,106,106,信用需給は判定不能,信用データがデータなし、または売残0で信用倍率を算出不能
2026-08-19,3543,コメダホールディングス,プライム,2923.0,0.45,0.79,1.21,1.77,0.85,40.14,2913.0,2932.0,2898.0,2932.0,2932.0,2870.0,2804.0,2833.01,2788.56,2788.56,7,C,89.89,61.71,19.06,59.95,2872.28,2838.51,2921.69,+1.02σ,1.33,長い下ヒゲ（ハンマー）,なし,買い,底固め,1,0.0,2862.79,3043.42,2.0,%D方向改善、長い下ヒゲ反転、出来高増加を伴う反転、直近下落なし（B以下に制限）、直近安値切り上げ、RSI安値切り上げ、レンジ上限突破 / 信用需給: 信用データがデータなし、または売残0で信用倍率を算出不能,,https://finance.yahoo.co.jp/quote/3543.T,データなし,データなし,データなし,データなし,データなし,データなし,データなし,データなし,7.0,0,0,7.0,106,106,信用需給は判定不能,信用データがデータなし、または売残0で信用倍率を算出不能
2026-08-19,7513,コジマ,プライム,1410.0,2.99,3.83,4.44,3.48,1.23,35.78,1372.0,1412.0,1368.0,1412.0,1412.0,1324.0,1323.0,1341.26,1310.97,1310.97,6,C,97.75,42.14,10.19,60.62,1362.52,1324.85,1267.23,+1.27σ,0.92,なし,なし,買い,底固め,1,0.0,1324.0,1582.0,2.0,%K反転、%D方向改善、直近下落なし（B以下に制限）、直近安値切り上げ、BB幅収縮、RSI安値切り上げ、レンジ上限突破 / 信用需給: 信用データがデータなし、または売残0で信用倍率を算出不能,,https://finance.yahoo.co.jp/quote/7513.T,データなし,データなし,データなし,データなし,データなし,データなし,データなし,データなし,6.0,0,0,6.0,109,109,信用需給は判定不能,信用データがデータなし、または売残0で信用倍率を算出不能
2026-08-19,2491,バリューコマース,プライム,481.0,1.26,2.56,4.79,4.0,0.66,12.16,478.0,483.0,475.0,483.0,483.0,457.0,448.0,453.97,445.5,445.5,6,C,93.1,60.31,12.3,59.87,462.48,466.64,532.56,+2.19σ,1.28,なし,なし,買い,底固め,1,0.0,457.0,529.0,2.0,%K反転、%D方向改善、直近下落なし（B以下に制限）、直近安値切り上げ、RSI安値切り上げ、レンジ上限突破 / 信用需給: 信用データがデータなし、または売残0で信用倍率を算出不能,,https://finance.yahoo.co.jp/quote/2491.T,データなし,データなし,データなし,データなし,データなし,データなし,データなし,データなし,6.0,0,0,6.0,109,109,信用需給は判定不能,信用データがデータなし、または売残0で信用倍率を算出不能
2026-08-19,9142,九州旅客鉄道,プライム,3446.0,-0.2,-1.18,-1.01,-3.34,0.71,63.17,3479.0,3466.0,3421.0,3479.0,3500.0,3421.0,3404.0,3423.3,3295.26,3295.26,6,C,31.65,35.32,10.51,40.55,3565.12,3543.55,3781.76,-0.82σ,0.79,なし,通常,買い,アンチ,1,0.0,3351.25,3635.51,2.0,直近2～5日まで下落、%K反転、%D方向改善 / 信用需給: 信用データがデータなし、または売残0で信用倍率を算出不能,,https://finance.yahoo.co.jp/quote/9142.T,データなし,データなし,データなし,データなし,データなし,データなし,データなし,データなし,6.0,0,0,6.0,109,109,信用需給は判定不能,信用データがデータなし、または売残0で信用倍率を算出不能
2026-08-19,7459,メディパルホールディングス,プライム,2870.5,0.31,1.52,2.81,0.85,0.5,70.61,2868.5,2880.0,2844.5,2880.0,2880.0,2768.0,2690.5,2778.88,2697.75,2697.75,6,C,91.52,54.04,20.24,55.63,2846.28,2749.02,2784.76,+0.13σ,1.13,なし,なし,買い,底固め,1,0.0,2764.59,3082.33,2.0,%K反転、%D方向改善、直近下落なし（B以下に制限）、直近安値切り上げ、BB幅収縮、RSI安値切り上げ / 信用需給: 信用データがデータなし、または売残0で信用倍率を算出不能,,https://finance.yahoo.co.jp/quote/7459.T,データなし,データなし,データなし,データなし,データなし,データなし,データなし,データなし,6.0,0,0,6.0,109,109,信用需給は判定不能,信用データがデータなし、または売残0で信用倍率を算出不能
2026-08-19,1878,大東建託,プライム,3231.0,0.59,-0.19,-0.65,-1.21,0.8,72.39,3222.0,3248.0,3190.0,3248.0,3253.0,3172.0,3137.0,3174.4,3067.45,3067.45,6,C,56.19,42.34,11.05,49.24,3270.48,3219.39,3243.22,-0.47σ,0.77,なし,通常,買い,アンチ,1,0.0,3122.42,3448.16,2.0,直近2～5日まで下落、%K反転、%D方向改善 / 信用需給: 信用データがデータなし、または売残0で信用倍率を算出不能,,https://finance.yahoo.co.jp/quote/1878.T,データなし,データなし,データなし,データなし,データなし,データなし,データなし,データなし,6.0,0,0,6.0,109,109,信用需給は判定不能,信用データがデータなし、または売残0で信用倍率を算出不能
2026-08-19,2002,日清製粉グループ本社,プライム,2029.5,1.02,0.0,0.89,0.11,0.86,44.85,2015.0,2040.0,2001.5,2040.0,2040.5,1981.5,1906.0,1966.52,1908.49,1908.49,6,C,84.06,61.01,20.41,52.52,2027.28,1989.61,1983.56,+0.09σ,1.1,なし,通常,買い,アンチ,1,0.0,1962.22,2164.06,2.0,直近2～5日まで下落、%K反転、%D方向改善 / 信用需給: 信用データがデータなし、または売残0で信用倍率を算出不能,,https://finance.yahoo.co.jp/quote/2002.T,データなし,データなし,データなし,データなし,データなし,データなし,データなし,データなし,6.0,0,0,6.0,109,109,信用需給は判定不能,信用データがデータなし、または売残0で信用倍率を算出不能
2026-08-19,2229,カルビー,プライム,3037.0,0.86,-0.26,0.1,1.62,0.63,65.55,3021.0,3053.0,3012.0,3053.0,3053.0,2985.5,2826.0,2905.0,2820.18,2820.18,6,C,68.63,63.03,17.91,55.06,2988.56,2931.51,2982.69,+0.56σ,0.9,長い下ヒゲ（ハンマー）,通常,買い,アンチ,1,0.0,2938.67,3233.66,2.0,%K反転、%D方向改善、長い下ヒゲ反転、直近下落なし（B以下に制限） / 信用需給: 信用データがデータなし、または売残0で信用倍率を算出不能,,https://finance.yahoo.co.jp/quote/2229.T,データなし,データなし,データなし,データなし,データなし,データなし,データなし,データなし,6.0,0,0,6.0,109,109,信用需給は判定不能,信用データがデータなし、または売残0で信用倍率を算出不能
2026-08-19,2157,コシダカホールディングス,プライム,1046.0,2.15,0.87,2.45,0.2,1.11,20.64,1031.0,1050.0,1027.0,1050.0,1050.0,1011.0,1003.0,1016.44,992.99,992.99,6,C,89.74,46.67,16.07,56.71,1043.96,991.55,1090.7,+0.26σ,1.21,なし,通常,買い,底固め / アンチ,2,0.0,1011.0,1116.0,2.0,%K反転、%D方向改善、直近下落なし（B以下に制限）、直近安値切り上げ、BB幅収縮、RSI安値切り上げ、レンジ上限突破 / 信用需給: 信用データがデータなし、または売残0で信用倍率を算出不能,,https://finance.yahoo.co.jp/quote/2157.T,データなし,データなし,データなし,データなし,データなし,データなし,データなし,データなし,6.0,0,0,6.0,109,109,信用需給は判定不能,信用データがデータなし、または売残0で信用倍率を算出不能
2026-08-19,7630,壱番屋,プライム,942.0,1.29,0.53,1.51,2.16,0.62,17.68,939.0,943.0,932.0,943.0,943.0,922.0,886.0,906.0,885.8,885.8,6,C,97.14,60.44,13.42,58.86,922.12,892.4,904.02,+0.78σ,0.62,陰線→陽線 / 長い下ヒゲ（ハンマー）,通常,買い,アンチ,1,0.0,915.47,995.05,2.0,%K反転、%D方向改善、長い下ヒゲ反転、直近下落なし（B以下に制限） / 信用需給: 信用データがデータなし、または売残0で信用倍率を算出不能,,https://finance.yahoo.co.jp/quote/7630.T,データなし,データなし,データなし,データなし,データなし,データなし,データなし,データなし,6.0,0,0,6.0,109,109,信用需給は判定不能,信用データがデータなし、または売残0で信用倍率を算出不能
2026-08-19,3087,ドトール・日レスホールディングス,プライム,3230.0,1.41,0.78,1.73,3.44,0.76,72.12,3190.0,3250.0,3195.0,3250.0,3250.0,3135.0,2958.0,3092.71,3016.67,3016.67,6,C,86.67,49.61,11.06,63.99,3122.72,2848.32,2778.66,+0.81σ,0.74,なし,なし,買い,底固め,1,0.0,3121.82,3446.37,2.0,%K反転、%D方向改善、直近下落なし（B以下に制限）、直近安値切り上げ、BB幅収縮、RSI安値切り上げ / 信用需給: 信用データがデータなし、または売残0で信用倍率を算出不能,,https://finance.yahoo.co.jp/quote/3087.T,データなし,データなし,データなし,データなし,データなし,データなし,データなし,データなし,6.0,0,0,6.0,109,109,信用需給は判定不能,信用データがデータなし、または売残0で信用倍率を算出不能
2026-08-19,3088,マツキヨココカラ＆カンパニー,プライム,2521.0,1.35,0.2,0.22,0.7,0.86,64.68,2492.5,2540.0,2484.5,2540.0,2540.0,2443.0,2392.0,2442.18,2375.51,2375.51,6,C,66.67,50.68,8.02,53.41,2503.54,2389.45,2544.86,+0.18σ,1.37,なし,強,買い,アンチ,1,0.0,2423.98,2715.05,2.0,直近2～5日まで下落、%K反転、%D方向改善 / 信用需給: 信用データがデータなし、または売残0で信用倍率を算出不能,,https://finance.yahoo.co.jp/quote/3088.T,データなし,データなし,データなし,データなし,データなし,データなし,データなし,データなし,6.0,0,0,6.0,109,109,信用需給は判定不能,信用データがデータなし、または売残0で信用倍率を算出不能
2026-08-19,8056,ＢＩＰＲＯＧＹ,プライム,4474.0,0.88,-3.85,-0.93,-3.45,0.57,163.58,4473.0,4505.0,4412.0,4505.0,4575.0,4389.0,4036.0,4393.07,4152.15,4152.15,6,C,48.95,45.41,7.18,46.66,4633.84,4528.89,4940.45,-0.66σ,0.83,なし,通常,買い,アンチ,1,0.0,4228.63,4964.74,2.0,直近2～5日まで下落、%K反転、%D方向改善 / 信用需給: 信用データがデータなし、または売残0で信用倍率を算出不能,,https://finance.yahoo.co.jp/quote/8056.T,データなし,データなし,データなし,データなし,データなし,データなし,データなし,データなし,6.0,0,0,6.0,109,109,信用需給は判定不能,信用データがデータなし、または売残0で信用倍率を算出不能
2026-08-19,8153,モスフードサービス,プライム,3855.0,1.72,1.58,2.94,1.4,1.21,78.44,3825.0,3875.0,3780.0,3875.0,3875.0,3745.0,3635.0,3708.92,3614.34,3614.34,6,C,91.67,53.04,17.82,57.34,3801.6,3714.6,4011.62,+0.54σ,1.25,なし,なし,買い,底固め,1,0.0,3737.35,4090.31,2.0,%K反転、%D方向改善、直近下落なし（B以下に制限）、直近安値切り上げ、RSI安値切り上げ、レンジ上限突破 / 信用需給: 信用データがデータなし、または売残0で信用倍率を算出不能,,https://finance.yahoo.co.jp/quote/8153.T,データなし,データなし,データなし,データなし,データなし,データなし,データなし,データなし,6.0,0,0,6.0,109,109,信用需給は判定不能,信用データがデータなし、または売残0で信用倍率を算出不能
2026-08-19,8252,丸井グループ,プライム,2948.0,0.22,-0.67,-1.32,-0.35,1.12,58.64,2949.5,2976.5,2911.0,2976.5,2993.5,2907.0,2835.5,2896.43,2838.59,2838.59,6,C,45.05,57.06,10.31,50.87,2958.42,2881.75,3019.11,-0.11σ,0.89,なし,通常,買い,アンチ,1,0.0,2860.04,3123.93,2.0,直近2～5日まで下落、%K反転、%D方向改善 / 信用需給: 信用データがデータなし、または売残0で信用倍率を算出不能,,https://finance.yahoo.co.jp/quote/8252.T,データなし,データなし,データなし,データなし,データなし,データなし,データなし,データなし,6.0,0,0,6.0,109,109,信用需給は判定不能,信用データがデータなし、または売残0で信用倍率を算出不能
2026-08-19,8255,アクシアル　リテイリング,プライム,1259.0,2.86,4.22,4.83,3.62,1.14,30.62,1231.0,1263.0,1228.0,1263.0,1263.0,1193.0,1155.0,1185.26,1151.17,1151.17,6,C,94.87,47.25,7.8,63.5,1215.04,1121.93,1157.54,+1.16σ,0.99,なし,なし,買い,底固め,1,0.0,1193.0,1391.0,2.0,%K反転、%D方向改善、直近下落なし（B以下に制限）、直近安値切り上げ、RSI安値切り上げ、レンジ上限突破 / 信用需給: 信用データがデータなし、または売残0で信用倍率を算出不能,,https://finance.yahoo.co.jp/quote/8255.T,データなし,データなし,データなし,データなし,データなし,データなし,データなし,データなし,6.0,0,0,6.0,109,109,信用需給は判定不能,信用データがデータなし、または売残0で信用倍率を算出不能
2026-08-19,4684,オービック,プライム,4606.0,1.16,-1.98,-0.41,3.59,0.8,131.43,4587.0,4670.0,4565.0,4670.0,4670.0,4495.0,4097.0,4333.95,4165.25,4165.25,6,C,47.23,54.94,1.33,59.8,4446.2,4151.03,4354.31,+0.61σ,0.79,なし,通常,買い,アンチ,1,0.0,4408.85,5000.3,2.0,直近2～5日まで下落、%K反転、%D方向改善 / 信用需給: 信用データがデータなし、または売残0で信用倍率を算出不能,,https://finance.yahoo.co.jp/quote/4684.T,データなし,データなし,データなし,データなし,データなし,データなし,データなし,データなし,6.0,0,0,6.0,109,109,信用需給は判定不能,信用データがデータなし、または売残0で信用倍率を算出不能
2026-08-19,4681,リゾートトラスト,プライム,1830.0,0.88,-0.08,-3.96,3.17,0.76,49.15,1825.5,1845.5,1808.0,1845.5,1849.5,1789.5,1675.0,1728.21,1671.29,1671.29,6,C,46.17,40.8,1.32,56.45,1773.74,1737.9,1827.94,+0.79σ,0.7,なし,通常,買い,アンチ,1,0.0,1756.27,1977.45,2.0,直近2～5日まで下落、%K反転、%D方向改善 / 信用需給: 信用データがデータなし、または売残0で信用倍率を算出不能,,https://finance.yahoo.co.jp/quote/4681.T,データなし,データなし,データなし,データなし,データなし,データなし,データなし,データなし,6.0,0,0,6.0,109,109,信用需給は判定不能,信用データがデータなし、または売残0で信用倍率を算出不能
2026-08-19,4849,エン,プライム,1528.0,2.0,2.21,5.96,14.89,0.59,48.77,1498.0,1538.0,1509.0,1538.0,1538.0,1391.0,1222.0,1254.3,1158.0,1158.0,6,除外,94.41,75.64,17.62,77.02,1330.0,1231.79,1310.54,+1.84σ,1.44,なし,なし,買い,底固め,1,0.0,1391.0,1802.0,2.0,%K反転、%D方向改善、直近下落なし（B以下に制限）、直近安値切り上げ、RSI安値切り上げ、レンジ上限突破 / 信用需給: 信用データがデータなし、または売残0で信用倍率を算出不能,急騰済み（25日線上方乖離、高RSI）,https://finance.yahoo.co.jp/quote/4849.T,データなし,データなし,データなし,データなし,データなし,データなし,データなし,データなし,6.0,0,0,6.0,109,109,信用需給は判定不能,信用データがデータなし、または売残0で信用倍率を算出不能
2026-08-19,4828,ビジネスエンジニアリング,プライム,1419.0,3.05,2.75,7.91,14.83,0.97,45.24,1388.0,1428.0,1384.0,1428.0,1428.0,1319.0,1144.0,1178.2,1098.25,1098.25,6,除外,96.22,63.05,15.42,76.14,1235.72,1133.69,1303.74,+2.01σ,1.14,なし,なし,買い,底固め,1,0.0,1319.0,1619.0,2.0,%K反転、%D方向改善、直近下落なし（B以下に制限）、直近安値切り上げ、RSI安値切り上げ、レンジ上限突破 / 信用需給: 信用データがデータなし、または売残0で信用倍率を算出不能,急騰済み（25日線上方乖離、高RSI）,https://finance.yahoo.co.jp/quote/4828.T,データなし,データなし,データなし,データなし,データなし,データなし,データなし,データなし,6.0,0,0,6.0,109,109,信用需給は判定不能,信用データがデータなし、または売残0で信用倍率を算出不能
2026-08-19,3252,地主,プライム,2942.0,0.2,0.68,1.1,1.11,0.55,54.56,2966.0,2945.0,2915.0,2966.0,2985.0,2881.0,2800.0,2866.6,2824.0,2824.0,6,C,72.96,59.13,17.8,53.74,2909.68,2960.09,3096.5,+0.77σ,1.2,陰線→陽線 / 前日安値割れ反転,通常,買い,アンチ,1,0.0,2860.16,3105.68,2.0,%K反転、%D方向改善、長い下ヒゲ反転、直近下落なし（B以下に制限） / 信用需給: 信用データがデータなし、または売残0で信用倍率を算出不能,,https://finance.yahoo.co.jp/quote/3252.T,データなし,データなし,データなし,データなし,データなし,データなし,データなし,データなし,6.0,0,0,6.0,109,109,信用需給は判定不能,信用データがデータなし、または売残0で信用倍率を算出不能
2026-08-19,6417,ＳＡＮＫＹＯ,プライム,1926.5,0.31,-0.23,-0.46,5.73,0.94,47.86,1928.5,1949.5,1904.5,1949.5,1949.5,1875.0,1667.0,1782.5,1704.36,1704.36,6,C,63.19,65.63,0.43,66.98,1822.14,1712.11,2108.19,+0.84σ,0.75,なし,通常,買い,アンチ,1,0.0,1854.72,2070.07,2.0,直近2～5日まで下落、%K反転、%D方向改善 / 信用需給: 信用データがデータなし、または売残0で信用倍率を算出不能,,https://finance.yahoo.co.jp/quote/6417.T,データなし,データなし,データなし,データなし,データなし,データなし,データなし,データなし,6.0,0,0,6.0,109,109,信用需給は判定不能,信用データがデータなし、または売残0で信用倍率を算出不能
2026-08-19,8593,三菱ＨＣキャピタル,プライム,1373.0,-0.65,-2.0,-2.59,-3.78,0.65,27.48,1386.0,1382.5,1364.5,1386.0,1403.0,1364.5,1353.5,1393.36,1355.77,1355.77,6,C,29.77,35.47,1.01,42.8,1426.94,1367.78,1362.46,-1.54σ,0.95,なし,通常,買い,アンチ,1,0.0,1331.78,1455.44,2.0,直近2～5日まで下落、%K反転、%D方向改善 / 信用需給: 信用データがデータなし、または売残0で信用倍率を算出不能,,https://finance.yahoo.co.jp/quote/8593.T,データなし,データなし,データなし,データなし,データなし,データなし,データなし,データなし,6.0,0,0,6.0,109,109,信用需給は判定不能,信用データがデータなし、または売残0で信用倍率を算出不能
2026-08-19,4443,Ｓａｎｓａｎ,プライム,2024.0,1.61,-3.89,2.07,5.63,0.57,94.13,2021.0,2045.0,1991.0,2045.0,2105.0,1876.0,1708.0,1853.31,1765.57,1765.57,6,C,55.43,48.77,1.22,61.44,1916.12,1640.97,1537.96,+0.95σ,0.9,なし,強,買い,底固め / アンチ,2,0.0,1876.0,2320.0,2.0,%K反転、%D方向改善、直近下落なし（B以下に制限）、直近安値切り上げ、BB幅収縮、RSI安値切り上げ / 信用需給: 信用データがデータなし、または売残0で信用倍率を算出不能,,https://finance.yahoo.co.jp/quote/4443.T,データなし,データなし,データなし,データなし,データなし,データなし,データなし,データなし,6.0,0,0,6.0,109,109,信用需給は判定不能,信用データがデータなし、または売残0で信用倍率を算出不能
2026-08-19,6750,エレコム,プライム,1910.0,0.26,-0.93,1.92,2.05,1.23,49.76,1929.0,1933.0,1872.0,1933.0,1940.0,1835.0,1800.0,1841.72,1800.15,1800.15,6,C,45.45,47.67,4.14,56.05,1871.6,1770.76,1738.89,+0.64σ,1.29,前日安値割れ反転,通常,買い,アンチ,1,0.0,1835.0,2060.0,2.0,%K反転、%D方向改善、長い下ヒゲ反転、直近下落なし（B以下に制限） / 信用需給: 信用データがデータなし、または売残0で信用倍率を算出不能,,https://finance.yahoo.co.jp/quote/6750.T,データなし,データなし,データなし,データなし,データなし,データなし,データなし,データなし,6.0,0,0,6.0,109,109,信用需給は判定不能,信用データがデータなし、または売残0で信用倍率を算出不能
2026-08-19,2593,伊藤園,プライム,2973.0,1.23,-1.33,-0.37,-0.98,0.85,74.39,2952.5,2995.0,2932.0,2995.0,3008.0,2910.0,2827.0,2907.37,2820.83,2820.83,6,C,57.27,51.89,11.48,49.96,3002.52,2915.36,2995.13,-0.24σ,0.68,なし,強,買い,アンチ,1,0.0,2861.41,3196.18,2.0,直近2～5日まで下落、%K反転、%D方向改善 / 信用需給: 信用データがデータなし、または売残0で信用倍率を算出不能,,https://finance.yahoo.co.jp/quote/2593.T,データなし,データなし,データなし,データなし,データなし,データなし,データなし,データなし,6.0,0,0,6.0,109,109,信用需給は判定不能,信用データがデータなし、または売残0で信用倍率を算出不能
2026-08-19,3662,エイチームホールディングス,プライム,983.0,0.92,1.65,6.04,1.65,1.26,20.67,987.0,989.0,963.0,989.0,989.0,920.0,887.0,908.26,864.81,864.81,6,C,93.94,64.61,24.55,57.21,967.04,967.27,1044.29,+0.72σ,0.47,陰線→陽線 / 前日安値割れ反転,通常,買い,アンチ,1,0.0,920.0,1109.0,2.0,%K反転、%D方向改善、長い下ヒゲ反転、直近下落なし（B以下に制限） / 信用需給: 信用データがデータなし、または売残0で信用倍率を算出不能,,https://finance.yahoo.co.jp/quote/3662.T,データなし,データなし,データなし,データなし,データなし,データなし,データなし,データなし,6.0,0,0,6.0,109,109,信用需給は判定不能,信用データがデータなし、または売残0で信用倍率を算出不能
2026-08-19,3916,デジタル・インフォメーション・テクノロジー,プライム,962.0,0.21,-1.33,1.26,1.25,0.59,22.08,964.0,970.0,957.0,970.0,975.0,931.0,907.0,925.09,906.24,906.24,6,C,60.0,54.39,8.04,58.32,950.16,888.57,1063.85,+0.96σ,0.68,なし,通常,買い,底固め / アンチ,2,0.0,928.87,1028.25,2.0,%K反転、%D方向改善、直近下落なし（B以下に制限）、直近安値切り上げ、BB幅収縮、RSI安値切り上げ / 信用需給: 信用データがデータなし、または売残0で信用倍率を算出不能,,https://finance.yahoo.co.jp/quote/3916.T,データなし,データなし,データなし,データなし,データなし,データなし,データなし,データなし,6.0,0,0,6.0,109,109,信用需給は判定不能,信用データがデータなし、または売残0で信用倍率を算出不能
2026-08-19,4825,ウェザーニューズ,プライム,2053.0,0.54,1.18,2.34,3.58,0.67,40.21,2059.0,2058.0,2031.0,2059.0,2063.0,1983.0,1900.0,1936.51,1893.52,1893.52,6,C,92.0,65.08,9.21,59.87,1982.0,2035.47,2015.06,+1.71σ,1.13,はらみ足,通常,買い,底固め / アンチ,2,0.0,1983.0,2193.0,2.0,%K反転、%D方向改善、直近下落なし（B以下に制限）、直近安値切り上げ、BB幅収縮、RSI安値切り上げ / 信用需給: 信用データがデータなし、または売残0で信用倍率を算出不能,,https://finance.yahoo.co.jp/quote/4825.T,データなし,データなし,データなし,データなし,データなし,データなし,データなし,データなし,6.0,0,0,6.0,109,109,信用需給は判定不能,信用データがデータなし、または売残0で信用倍率を算出不能
2026-08-19,5461,中部鋼鈑,プライム,2063.0,-0.86,-1.15,0.63,-0.94,0.67,40.09,2092.0,2073.0,2046.0,2092.0,2096.0,2035.0,1985.0,2057.38,2027.25,2027.25,6,C,69.64,45.41,9.4,48.11,2082.6,2071.69,2181.35,-0.81σ,0.98,なし,なし,買い,底固め,1,0.0,2002.87,2183.26,2.0,%K反転、%D方向改善、直近下落なし（B以下に制限）、直近安値切り上げ、BB幅収縮、RSI安値切り上げ / 信用需給: 信用データがデータなし、または売残0で信用倍率を算出不能,,https://finance.yahoo.co.jp/quote/5461.T,データなし,データなし,データなし,データなし,データなし,データなし,データなし,データなし,6.0,0,0,6.0,109,109,信用需給は判定不能,信用データがデータなし、または売残0で信用倍率を算出不能
2026-08-19,4928,ノエビアホールディングス,プライム,4790.0,0.63,-0.73,-1.03,1.03,0.62,88.74,4775.0,4820.0,4765.0,4820.0,4825.0,4690.0,4545.0,4660.78,4541.57,4541.57,6,C,58.82,49.89,0.18,55.67,4741.4,4479.0,4536.4,+0.08σ,0.53,なし,強,買い,アンチ,1,0.0,4656.89,5056.22,2.0,直近2～5日まで下落、%K反転、%D方向改善 / 信用需給: 信用データがデータなし、または売残0で信用倍率を算出不能,,https://finance.yahoo.co.jp/quote/4928.T,データなし,データなし,データなし,データなし,データなし,データなし,データなし,データなし,6.0,0,0,6.0,109,109,信用需給は判定不能,信用データがデータなし、または売残0で信用倍率を算出不能
2026-08-19,4180,Ａｐｐｉｅｒ　Ｇｒｏｕｐ,プライム,1274.0,0.08,12.54,29.6,28.76,1.46,59.65,1312.0,1343.0,1256.0,1343.0,1353.0,972.0,840.0,878.3,750.01,750.01,6,除外,80.15,72.22,2.16,80.13,989.4,922.84,970.48,+2.08σ,2.45,前日安値割れ反転,通常,買い,アンチ,1,0.0,972.0,1878.0,2.0,%K反転、%D方向改善、長い下ヒゲ反転、直近下落なし（B以下に制限） / 信用需給: 信用データがデータなし、または売残0で信用倍率を算出不能,急騰済み（3営業日急騰、5営業日急騰、25日線上方乖離、高RSI）,https://finance.yahoo.co.jp/quote/4180.T,データなし,データなし,データなし,データなし,データなし,データなし,データなし,データなし,6.0,0,0,6.0,109,109,信用需給は判定不能,信用データがデータなし、または売残0で信用倍率を算出不能
2026-08-19,4565,ネクセラファーマ,プライム,1167.0,5.04,5.61,16.47,23.97,1.36,48.39,1151.0,1178.0,1112.0,1178.0,1178.0,1020.0,833.0,842.64,739.08,739.08,6,除外,96.66,81.4,16.94,78.4,941.32,995.52,926.02,+2.13σ,1.71,なし,なし,買い,底固め,1,0.0,1020.0,1461.0,2.0,%K反転、%D方向改善、直近下落なし（B以下に制限）、直近安値切り上げ、RSI安値切り上げ、レンジ上限突破 / 信用需給: 信用データがデータなし、または売残0で信用倍率を算出不能,急騰済み（25日線上方乖離、高RSI）,https://finance.yahoo.co.jp/quote/4565.T,データなし,データなし,データなし,データなし,データなし,データなし,データなし,データなし,6.0,0,0,6.0,109,109,信用需給は判定不能,信用データがデータなし、または売残0で信用倍率を算出不能
2026-08-19,4552,ＪＣＲファーマ,プライム,528.0,0.57,0.38,3.73,3.72,0.44,18.3,531.0,532.0,524.0,532.0,532.0,496.0,453.0,489.58,471.27,471.27,6,C,88.89,73.02,12.57,59.25,509.08,491.33,590.13,+1.10σ,0.96,なし,なし,買い,底固め,1,0.0,496.0,592.0,2.0,%K反転、%D方向改善、直近下落なし（B以下に制限）、直近安値切り上げ、BB幅収縮、RSI安値切り上げ / 信用需給: 信用データがデータなし、または売残0で信用倍率を算出不能,,https://finance.yahoo.co.jp/quote/4552.T,データなし,データなし,データなし,データなし,データなし,データなし,データなし,データなし,6.0,0,0,6.0,109,109,信用需給は判定不能,信用データがデータなし、または売残0で信用倍率を算出不能
2026-08-19,4523,エーザイ,プライム,4837.0,1.21,-0.43,-3.03,2.93,0.69,137.24,4825.0,4875.0,4780.0,4875.0,4879.0,4686.0,4440.0,4622.48,4465.91,4465.91,6,C,48.87,56.21,4.25,57.45,4699.32,4327.32,4584.09,+0.37σ,0.66,なし,通常,買い,アンチ,1,0.0,4631.14,5248.72,2.0,直近2～5日まで下落、%K反転、%D方向改善 / 信用需給: 信用データがデータなし、または売残0で信用倍率を算出不能,,https://finance.yahoo.co.jp/quote/4523.T,データなし,データなし,データなし,データなし,データなし,データなし,データなし,データなし,6.0,0,0,6.0,109,109,信用需給は判定不能,信用データがデータなし、または売残0で信用倍率を算出不能
2026-08-19,6027,弁護士ドットコム,プライム,4420.0,18.18,17.87,66.79,69.19,1.98,248.09,4000.0,4440.0,3950.0,4440.0,4440.0,2757.0,2169.0,2041.02,1411.0,1411.0,6,除外,99.02,86.35,6.53,82.08,2612.52,2457.97,2702.84,+2.78σ,6.08,なし,なし,買い,底固め,1,0.0,2757.0,7746.0,2.0,%K反転、%D方向改善、直近下落なし（B以下に制限）、直近安値切り上げ、RSI安値切り上げ、レンジ上限突破 / 信用需給: 信用データがデータなし、または売残0で信用倍率を算出不能,急騰済み（当日急騰、3営業日急騰、5営業日急騰、25日線上方乖離、高RSI、BB +2σ大幅超過、ストップ高に近い急騰）,https://finance.yahoo.co.jp/quote/6027.T,データなし,データなし,データなし,データなし,データなし,データなし,データなし,データなし,6.0,0,0,6.0,109,109,信用需給は判定不能,信用データがデータなし、または売残0で信用倍率を算出不能
2026-08-19,7085,カーブスホールディングス,プライム,957.0,0.95,0.21,1.48,0.61,0.64,18.62,965.0,959.0,947.0,965.0,965.0,938.0,916.0,930.04,911.07,911.07,6,C,70.37,54.86,13.99,55.83,951.2,896.44,823.1,+0.42σ,0.93,陰線→陽線 / はらみ足,通常,買い,底固め / アンチ,2,0.0,929.07,1012.86,2.0,%K反転、%D方向改善、直近下落なし（B以下に制限）、直近安値切り上げ、ATR低下、RSI安値切り上げ / 信用需給: 信用データがデータなし、または売残0で信用倍率を算出不能,,https://finance.yahoo.co.jp/quote/7085.T,データなし,データなし,データなし,データなし,データなし,データなし,データなし,データなし,6.0,0,0,6.0,109,109,信用需給は判定不能,信用データがデータなし、または売残0で信用倍率を算出不能
2026-08-19,2433,博報堂ＤＹホールディングス,プライム,1289.0,1.1,1.02,2.96,1.82,0.55,43.97,1277.0,1291.5,1267.5,1291.5,1306.5,1229.5,1120.0,1223.51,1174.96,1174.96,6,C,77.85,56.97,11.75,56.77,1265.96,1178.09,1146.27,+0.35σ,1.05,長い下ヒゲ（ハンマー）,通常,買い,アンチ,1,0.0,1223.05,1420.9,2.0,%K反転、%D方向改善、長い下ヒゲ反転、直近下落なし（B以下に制限） / 信用需給: 信用データがデータなし、または売残0で信用倍率を算出不能,,https://finance.yahoo.co.jp/quote/2433.T,データなし,データなし,データなし,データなし,データなし,データなし,データなし,データなし,6.0,0,0,6.0,109,109,信用需給は判定不能,信用データがデータなし、または売残0で信用倍率を算出不能
2026-08-19,4568,第一三共,プライム,2729.0,1.07,0.0,-2.71,-0.18,0.76,82.82,2719.0,2759.0,2696.0,2759.0,2759.0,2660.0,2500.0,2622.23,2512.66,2512.66,6,C,41.57,56.82,8.84,51.36,2733.8,2651.27,2987.38,-0.03σ,0.83,なし,通常,買い,アンチ,1,0.0,2604.77,2977.46,2.0,直近2～5日まで下落、%K反転、%D方向改善 / 信用需給: 信用データがデータなし、または売残0で信用倍率を算出不能,,https://finance.yahoo.co.jp/quote/4568.T,データなし,データなし,データなし,データなし,データなし,データなし,データなし,データなし,6.0,0,0,6.0,109,109,信用需給は判定不能,信用データがデータなし、または売残0で信用倍率を算出不能
2026-08-19,2395,新日本科学,プライム,1471.0,0.55,-0.94,-0.94,8.15,0.83,48.14,1481.0,1509.0,1469.0,1509.0,1509.0,1436.0,1224.0,1280.86,1186.72,1186.72,6,C,39.77,76.84,10.32,68.8,1360.16,1244.45,1477.38,+1.02σ,0.83,なし,通常,買い,アンチ,1,0.0,1398.79,1615.42,2.0,直近2～5日まで下落、%K反転、%D方向改善 / 信用需給: 信用データがデータなし、または売残0で信用倍率を算出不能,,https://finance.yahoo.co.jp/quote/2395.T,データなし,データなし,データなし,データなし,データなし,データなし,データなし,データなし,6.0,0,0,6.0,109,109,信用需給は判定不能,信用データがデータなし、または売残0で信用倍率を算出不能
2026-08-19,9517,イーレックス,プライム,863.0,1.29,-0.35,4.23,0.62,0.77,29.9,867.0,874.0,851.0,874.0,874.0,828.0,811.0,840.31,824.27,824.27,6,C,68.57,54.5,10.12,55.9,857.68,834.63,773.74,+0.41σ,0.96,陰線→陽線,なし,買い,底固め,1,0.0,818.15,952.7,2.0,%K反転、%D方向改善、直近下落なし（B以下に制限）、直近安値切り上げ、BB幅収縮、RSI安値切り上げ / 信用需給: 信用データがデータなし、または売残0で信用倍率を算出不能,,https://finance.yahoo.co.jp/quote/9517.T,データなし,データなし,データなし,データなし,データなし,データなし,データなし,データなし,6.0,0,0,6.0,109,109,信用需給は判定不能,信用データがデータなし、または売残0で信用倍率を算出不能
2026-08-19,9467,アルファポリス,グロース,1254.0,6.27,25.02,25.4,19.13,1.51,50.34,1218.0,1259.0,1183.0,1259.0,1259.0,976.0,976.0,983.98,912.05,912.05,6,除外,98.23,43.68,13.59,72.21,1052.6,1049.19,1289.48,+2.75σ,2.07,陰線→陽線,通常,買い,アンチ,1,0.0,976.0,1810.0,2.0,%K反転、%D方向改善、出来高増加を伴う反転、直近下落なし（B以下に制限） / 信用需給: 信用データがデータなし、または売残0で信用倍率を算出不能,急騰済み（3営業日急騰、5営業日急騰、25日線上方乖離、高RSI、BB +2σ大幅超過）,https://finance.yahoo.co.jp/quote/9467.T,データなし,データなし,データなし,データなし,データなし,データなし,データなし,データなし,6.0,0,0,6.0,109,109,信用需給は判定不能,信用データがデータなし、または売残0で信用倍率を算出不能
2026-08-19,9433,ＫＤＤＩ,プライム,2840.5,-0.47,-1.29,0.26,-1.9,1.07,75.11,2854.0,2889.0,2809.0,2889.0,2889.0,2799.0,2779.0,2830.1,2754.8,2754.8,6,C,50.62,34.01,5.51,47.98,2895.56,2758.05,2692.33,-0.86σ,0.95,なし,なし,買い,底固め,1,0.0,2727.84,3065.82,2.0,%K反転、%D方向改善、直近下落なし（B以下に制限）、直近安値切り上げ、BB幅収縮、RSI安値切り上げ / 信用需給: 信用データがデータなし、または売残0で信用倍率を算出不能,,https://finance.yahoo.co.jp/quote/9433.T,データなし,データなし,データなし,データなし,データなし,データなし,データなし,データなし,6.0,0,0,6.0,109,109,信用需給は判定不能,信用データがデータなし、または売残0で信用倍率を算出不能
2026-08-19,3193,エターナルホスピタリティグループ,プライム,1465.0,1.88,-1.74,-1.08,1.42,0.59,40.76,1460.0,1470.0,1446.0,1470.0,1491.0,1431.0,1332.0,1406.35,1367.17,1367.17,6,C,55.56,66.96,4.6,54.85,1444.46,1406.28,1569.16,+0.50σ,0.71,なし,通常,買い,アンチ,1,0.0,1403.86,1587.28,2.0,直近2～5日まで下落、%K反転、%D方向改善 / 信用需給: 信用データがデータなし、または売残0で信用倍率を算出不能,,https://finance.yahoo.co.jp/quote/3193.T,データなし,データなし,データなし,データなし,データなし,データなし,データなし,データなし,6.0,0,0,6.0,109,109,信用需給は判定不能,信用データがデータなし、または売残0で信用倍率を算出不能
2026-08-19,3196,ホットランドホールディングス,プライム,1659.0,1.65,1.65,2.85,2.41,1.01,28.76,1642.0,1662.0,1633.0,1662.0,1662.0,1578.0,1560.0,1591.09,1557.93,1557.93,6,C,96.51,58.33,20.36,61.03,1619.88,1600.68,1839.79,+1.05σ,1.35,なし,なし,買い,底固め,1,0.0,1578.0,1821.0,2.0,%K反転、%D方向改善、直近下落なし（B以下に制限）、直近安値切り上げ、RSI安値切り上げ、レンジ上限突破 / 信用需給: 信用データがデータなし、または売残0で信用倍率を算出不能,,https://finance.yahoo.co.jp/quote/3196.T,データなし,データなし,データなし,データなし,データなし,データなし,データなし,データなし,6.0,0,0,6.0,109,109,信用需給は判定不能,信用データがデータなし、または売残0で信用倍率を算出不能
2026-08-19,8841,テーオーシー,スタンダード,1060.0,0.47,9.05,9.5,12.64,1.75,37.62,1093.0,1075.0,1009.0,1093.0,1093.0,951.0,866.0,898.89,850.78,850.78,6,除外,76.76,80.58,2.58,71.15,941.08,978.17,909.78,+2.35σ,2.16,前日安値割れ反転,通常,買い,アンチ,1,0.0,951.0,1278.0,2.0,%K反転、%D方向改善、長い下ヒゲ反転、直近下落なし（B以下に制限） / 信用需給: 信用データがデータなし、または売残0で信用倍率を算出不能,急騰済み（25日線上方乖離、BB +2σ大幅超過）,https://finance.yahoo.co.jp/quote/8841.T,データなし,データなし,データなし,データなし,データなし,データなし,データなし,データなし,6.0,0,0,6.0,109,109,信用需給は判定不能,信用データがデータなし、または売残0で信用倍率を算出不能
2026-08-19,9021,西日本旅客鉄道,プライム,2875.0,-0.31,-1.54,0.49,-2.97,0.73,68.24,2899.5,2900.5,2850.5,2900.5,2930.0,2834.5,2782.5,2858.01,2757.67,2757.67,6,C,42.19,37.96,8.01,46.37,2962.9,2780.03,3019.35,-0.83σ,0.76,なし,通常,買い,底固め / アンチ,2,0.0,2772.64,3079.72,2.0,%K反転、%D方向改善、直近下落なし（B以下に制限）、直近安値切り上げ、BB幅収縮、RSI安値切り上げ / 信用需給: 信用データがデータなし、または売残0で信用倍率を算出不能,,https://finance.yahoo.co.jp/quote/9021.T,データなし,データなし,データなし,データなし,データなし,データなし,データなし,データなし,6.0,0,0,6.0,109,109,信用需給は判定不能,信用データがデータなし、または売残0で信用倍率を算出不能
2026-08-19,9048,名古屋鉄道,プライム,1869.0,0.24,0.3,0.05,-1.21,0.74,34.52,1871.0,1881.5,1856.0,1881.5,1881.5,1836.0,1813.0,1841.23,1796.63,1796.63,6,C,58.7,42.73,13.57,49.08,1891.9,1847.68,1765.86,-0.38σ,0.51,なし,通常,買い,アンチ,1,0.0,1817.21,1972.57,2.0,直近2～5日まで下落、%K反転、%D方向改善 / 信用需給: 信用データがデータなし、または売残0で信用倍率を算出不能,,https://finance.yahoo.co.jp/quote/9048.T,データなし,データなし,データなし,データなし,データなし,データなし,データなし,データなし,6.0,0,0,6.0,109,109,信用需給は判定不能,信用データがデータなし、または売残0で信用倍率を算出不能
2026-08-19,9025,鴻池運輸,プライム,2892.0,-0.89,-0.62,-1.36,-0.37,0.75,58.49,2924.0,2915.0,2871.0,2924.0,2943.0,2828.0,2788.0,2864.75,2812.61,2812.61,5,C,41.83,45.38,4.89,51.62,2902.72,2784.45,3026.44,-0.48σ,0.47,なし,なし,買い,底固め,1,0.0,2804.27,3067.46,2.0,直近2～5日まで下落、%D方向改善、直近安値切り上げ、BB幅収縮、RSI安値切り上げ / 信用需給: 信用データがデータなし、または売残0で信用倍率を算出不能,,https://finance.yahoo.co.jp/quote/9025.T,データなし,データなし,データなし,データなし,データなし,データなし,データなし,データなし,5.0,0,0,5.0,156,156,信用需給は判定不能,信用データがデータなし、または売残0で信用倍率を算出不能
2026-08-19,8818,京阪神ビルディング,プライム,1089.0,-0.64,-1.45,2.83,-0.48,0.55,30.76,1114.0,1095.0,1078.0,1114.0,1118.0,1066.0,1034.0,1070.71,1045.67,1045.67,5,C,63.95,42.36,11.19,49.08,1094.2,1081.33,1005.22,-0.27σ,0.66,陰線→陽線 / 長い下ヒゲ（ハンマー）,なし,買い,底固め,1,0.0,1042.86,1181.28,2.0,%D方向改善、長い下ヒゲ反転、直近下落なし（B以下に制限）、直近安値切り上げ、BB幅収縮、RSI安値切り上げ / 信用需給: 信用データがデータなし、または売残0で信用倍率を算出不能,,https://finance.yahoo.co.jp/quote/8818.T,データなし,データなし,データなし,データなし,データなし,データなし,データなし,データなし,5.0,0,0,5.0,156,156,信用需給は判定不能,信用データがデータなし、または売残0で信用倍率を算出不能
2026-08-19,8923,トーセイ,プライム,1767.0,-0.28,-1.56,0.8,-0.92,0.8,42.42,1785.0,1774.0,1740.0,1785.0,1811.0,1740.0,1721.0,1747.92,1720.29,1720.29,5,C,51.11,48.76,7.36,51.05,1783.32,1680.92,1662.52,-0.31σ,0.72,陰線→陽線 / 長い下ヒゲ（ハンマー）,なし,買い,底固め,1,0.0,1703.37,1894.26,2.0,%D方向改善、長い下ヒゲ反転、直近下落なし（B以下に制限）、直近安値切り上げ、BB幅収縮、RSI安値切り上げ / 信用需給: 信用データがデータなし、または売残0で信用倍率を算出不能,,https://finance.yahoo.co.jp/quote/8923.T,データなし,データなし,データなし,データなし,データなし,データなし,データなし,データなし,5.0,0,0,5.0,156,156,信用需給は判定不能,信用データがデータなし、または売残0で信用倍率を算出不能
2026-08-19,7595,アルゴグラフィックス,プライム,1316.0,-0.08,-1.42,-0.53,0.08,0.7,27.25,1330.0,1324.0,1305.0,1330.0,1351.0,1300.0,1273.0,1289.88,1259.17,1259.17,5,C,43.55,49.73,4.93,52.22,1314.92,1287.37,1432.73,-0.15σ,0.73,なし,なし,買い,底固め,1,0.0,1275.13,1397.74,2.0,直近2～5日まで下落、%D方向改善、直近安値切り上げ、BB幅収縮、RSI安値切り上げ / 信用需給: 信用データがデータなし、または売残0で信用倍率を算出不能,,https://finance.yahoo.co.jp/quote/7595.T,データなし,データなし,データなし,データなし,データなし,データなし,データなし,データなし,5.0,0,0,5.0,156,156,信用需給は判定不能,信用データがデータなし、または売残0で信用倍率を算出不能
2026-08-19,9744,メイテックグループホールディングス,プライム,3320.0,0.39,-1.07,-0.98,0.79,0.74,48.86,3320.0,3332.0,3296.0,3332.0,3350.0,3285.0,3202.0,3259.06,3210.11,3210.11,5,C,44.3,57.14,4.35,56.65,3294.0,3139.56,3297.72,+0.25σ,0.88,なし,なし,買い,底固め,1,0.0,3246.71,3466.58,2.0,直近2～5日まで下落、%D方向改善、直近安値切り上げ、BB幅収縮、RSI安値切り上げ / 信用需給: 信用データがデータなし、または売残0で信用倍率を算出不能,,https://finance.yahoo.co.jp/quote/9744.T,データなし,データなし,データなし,データなし,データなし,データなし,データなし,データなし,5.0,0,0,5.0,156,156,信用需給は判定不能,信用データがデータなし、または売残0で信用倍率を算出不能
2026-08-19,8708,アイザワ証券グループ,プライム,1724.0,0.0,-0.35,1.71,3.2,1.3,38.53,1737.0,1756.0,1706.0,1756.0,1756.0,1693.0,1588.0,1651.77,1616.89,1616.89,5,C,57.89,63.97,-5.1,63.67,1670.48,1539.31,1467.68,+1.07σ,0.96,強気包み足,なし,買い,底固め,1,0.0,1666.21,1839.59,2.0,陽の包み足、直近下落なし（B以下に制限）、直近安値切り上げ、BB幅収縮、RSI安値切り上げ / 信用需給: 信用データがデータなし、または売残0で信用倍率を算出不能,,https://finance.yahoo.co.jp/quote/8708.T,データなし,データなし,データなし,データなし,データなし,データなし,データなし,データなし,5.0,0,0,5.0,156,156,信用需給は判定不能,信用データがデータなし、または売残0で信用倍率を算出不能
2026-08-19,8698,マネックスグループ,プライム,684.0,-1.3,-1.16,-1.58,-4.63,0.74,17.67,696.0,692.0,679.0,696.0,696.0,679.0,677.0,685.79,662.72,662.72,5,C,22.73,40.01,8.32,43.63,717.2,675.52,702.24,-1.08σ,1.03,なし,なし,買い,底固め,1,0.0,657.5,737.01,2.0,直近2～5日まで下落、%D方向改善、直近安値切り上げ、ATR低下、BB幅収縮 / 信用需給: 信用データがデータなし、または売残0で信用倍率を算出不能,,https://finance.yahoo.co.jp/quote/8698.T,データなし,データなし,データなし,データなし,データなし,データなし,データなし,データなし,5.0,0,0,5.0,156,156,信用需給は判定不能,信用データがデータなし、または売残0で信用倍率を算出不能
2026-08-19,9793,ダイセキ,プライム,3780.0,-0.79,-1.95,-1.56,-0.7,1.33,71.46,3865.0,3835.0,3740.0,3865.0,3900.0,3740.0,3690.0,3758.55,3713.85,3713.85,5,C,25.0,59.54,7.03,43.83,3806.6,3962.53,3754.95,-0.52σ,1.26,なし,なし,買い,底固め,1,0.0,3672.81,3994.38,2.0,直近2～5日まで下落、%D方向改善、直近安値切り上げ、ATR低下、BB幅収縮、出来高減少後の増加、RSI安値切り上げ / 信用需給: 信用データがデータなし、または売残0で信用倍率を算出不能,,https://finance.yahoo.co.jp/quote/9793.T,データなし,データなし,データなし,データなし,データなし,データなし,データなし,データなし,5.0,0,0,5.0,156,156,信用需給は判定不能,信用データがデータなし、または売残0で信用倍率を算出不能
2026-08-19,9418,Ｕ－ＮＥＸＴ　ＨＯＬＤＩＮＧＳ,プライム,1744.0,0.87,0.98,0.63,1.8,1.13,36.37,1738.0,1771.0,1730.0,1771.0,1771.0,1700.0,1645.0,1682.4,1648.45,1648.45,5,C,64.0,58.49,11.48,57.19,1713.24,1637.29,1780.39,+0.81σ,0.99,なし,なし,買い,底固め,1,0.0,1689.44,1853.11,2.0,直近2～5日まで下落、%D方向改善、直近安値切り上げ、RSI安値切り上げ、レンジ上限突破 / 信用需給: 信用データがデータなし、または売残0で信用倍率を算出不能,,https://finance.yahoo.co.jp/quote/9418.T,データなし,データなし,データなし,データなし,データなし,データなし,データなし,データなし,5.0,0,0,5.0,156,156,信用需給は判定不能,信用データがデータなし、または売残0で信用倍率を算出不能
2026-08-19,9504,中国電力,プライム,951.4,0.28,2.1,3.86,2.26,1.28,18.29,949.8,955.9,932.4,955.9,955.9,917.8,876.7,913.2,896.33,896.33,5,C,91.98,70.96,14.23,62.95,930.38,905.28,955.87,+1.26σ,1.25,長い下ヒゲ（ハンマー）,なし,買い,底固め,1,0.0,917.8,1018.6,2.0,%D方向改善、長い下ヒゲ反転、直近下落なし（B以下に制限）、直近安値切り上げ、RSI安値切り上げ、レンジ上限突破 / 信用需給: 信用データがデータなし、または売残0で信用倍率を算出不能,,https://finance.yahoo.co.jp/quote/9504.T,データなし,データなし,データなし,データなし,データなし,データなし,データなし,データなし,5.0,0,0,5.0,156,156,信用需給は判定不能,信用データがデータなし、または売残0で信用倍率を算出不能
2026-08-19,9603,エイチ・アイ・エス,プライム,1131.0,0.8,-0.62,-0.62,6.2,0.67,31.27,1134.0,1135.0,1114.0,1135.0,1140.0,1104.0,976.0,1031.26,982.58,982.58,5,C,62.79,74.85,0.78,62.4,1065.0,1032.28,1157.62,+1.05σ,0.51,なし,通常,買い,アンチ,1,0.0,1084.1,1224.8,2.0,直近2～5日まで下落、%K反転 / 信用需給: 信用データがデータなし、または売残0で信用倍率を算出不能,,https://finance.yahoo.co.jp/quote/9603.T,データなし,データなし,データなし,データなし,データなし,データなし,データなし,データなし,5.0,0,0,5.0,156,156,信用需給は判定不能,信用データがデータなし、または売残0で信用倍率を算出不能
2026-08-19,3989,シェアリングテクノロジー,グロース,1490.0,-0.47,0.61,1.02,4.8,0.9,46.54,1498.0,1507.0,1465.0,1507.0,1526.0,1450.0,1308.0,1364.7,1312.15,1312.15,5,C,68.42,80.55,13.09,66.73,1421.8,1212.15,1170.31,+1.38σ,0.94,長い下ヒゲ（ハンマー）,なし,買い,底固め,1,0.0,1420.19,1629.62,2.0,%D方向改善、長い下ヒゲ反転、直近下落なし（B以下に制限）、直近安値切り上げ、BB幅収縮、RSI安値切り上げ / 信用需給: 信用データがデータなし、または売残0で信用倍率を算出不能,,https://finance.yahoo.co.jp/quote/3989.T,データなし,データなし,データなし,データなし,データなし,データなし,データなし,データなし,5.0,0,0,5.0,156,156,信用需給は判定不能,信用データがデータなし、または売残0で信用倍率を算出不能
2026-08-19,7545,西松屋チェーン,プライム,1992.0,-1.24,-1.34,-1.39,-0.33,1.66,40.97,2024.0,2048.0,1980.0,2048.0,2048.0,1980.0,1913.0,1966.43,1934.85,1934.85,5,C,16.0,45.63,-1.16,48.9,1998.56,1970.89,2073.43,-0.19σ,2.61,なし,なし,買い,底固め,1,0.0,1930.55,2114.9,2.0,直近2～5日まで下落、%D方向改善、直近安値切り上げ、BB幅収縮、RSI安値切り上げ / 信用需給: 信用データがデータなし、または売残0で信用倍率を算出不能,,https://finance.yahoo.co.jp/quote/7545.T,データなし,データなし,データなし,データなし,データなし,データなし,データなし,データなし,5.0,0,0,5.0,156,156,信用需給は判定不能,信用データがデータなし、または売残0で信用倍率を算出不能
2026-08-19,7752,リコー,プライム,1588.5,-0.47,-5.33,-3.08,0.3,0.76,44.26,1621.0,1605.0,1571.5,1621.0,1678.5,1571.5,1503.5,1556.31,1512.94,1512.94,5,C,15.11,62.04,4.41,51.75,1583.74,1490.35,1424.15,-0.26σ,0.82,なし,なし,買い,底固め,1,0.0,1522.12,1721.27,2.0,直近2～5日まで下落、%D方向改善、直近安値切り上げ、BB幅収縮、RSI安値切り上げ / 信用需給: 信用データがデータなし、または売残0で信用倍率を算出不能,,https://finance.yahoo.co.jp/quote/7752.T,データなし,データなし,データなし,データなし,データなし,データなし,データなし,データなし,5.0,0,0,5.0,156,156,信用需給は判定不能,信用データがデータなし、または売残0で信用倍率を算出不能
2026-08-19,3864,三菱製紙,プライム,1156.0,0.43,0.35,2.03,1.37,0.53,41.42,1159.0,1162.0,1140.0,1162.0,1168.0,1130.0,1081.0,1120.66,1095.87,1095.87,5,C,66.2,48.84,-1.9,56.64,1140.4,1065.55,859.54,+0.43σ,0.66,陰線→陽線,なし,買い,底固め,1,0.0,1093.87,1280.26,2.0,%K反転、直近下落なし（B以下に制限）、直近安値切り上げ、BB幅収縮、RSI安値切り上げ / 信用需給: 信用データがデータなし、または売残0で信用倍率を算出不能,,https://finance.yahoo.co.jp/quote/3864.T,データなし,データなし,データなし,データなし,データなし,データなし,データなし,データなし,5.0,0,0,5.0,156,156,信用需給は判定不能,信用データがデータなし、または売残0で信用倍率を算出不能
2026-08-19,8425,みずほリース,プライム,1343.0,-0.59,-1.18,-1.1,0.49,0.83,21.81,1361.0,1354.0,1336.0,1361.0,1364.0,1336.0,1312.0,1329.17,1314.5,1314.5,5,C,23.33,51.09,5.81,53.28,1336.4,1315.97,1370.53,-0.06σ,1.04,なし,なし,買い,底固め,1,0.0,1310.29,1408.42,2.0,直近2～5日まで下落、%D方向改善、直近安値切り上げ、BB幅収縮、RSI安値切り上げ / 信用需給: 信用データがデータなし、または売残0で信用倍率を算出不能,,https://finance.yahoo.co.jp/quote/8425.T,データなし,データなし,データなし,データなし,データなし,データなし,データなし,データなし,5.0,0,0,5.0,156,156,信用需給は判定不能,信用データがデータなし、または売残0で信用倍率を算出不能
2026-08-19,8595,ジャフコ　グループ,プライム,2271.5,-0.46,-1.07,-1.05,-0.36,0.75,32.49,2296.0,2290.0,2265.5,2296.0,2299.5,2265.5,2198.5,2244.67,2219.15,2219.15,5,C,51.56,64.86,13.55,47.28,2279.82,2267.2,2341.12,+0.05σ,1.02,なし,なし,買い,底固め,1,0.0,2222.76,2368.97,2.0,直近2～5日まで下落、%D方向改善、直近安値切り上げ、ATR低下、RSI安値切り上げ / 信用需給: 信用データがデータなし、または売残0で信用倍率を算出不能,,https://finance.yahoo.co.jp/quote/8595.T,データなし,データなし,データなし,データなし,データなし,データなし,データなし,データなし,5.0,0,0,5.0,156,156,信用需給は判定不能,信用データがデータなし、または売残0で信用倍率を算出不能
2026-08-19,4194,ビジョナル,プライム,9037.0,-0.48,-3.32,-2.07,2.49,0.78,309.97,9203.0,9229.0,8987.0,9229.0,9276.0,8823.0,8191.0,8629.16,8344.53,8344.53,5,C,35.02,58.4,2.34,56.71,8817.04,8059.17,8539.86,+0.43σ,0.92,なし,なし,買い,底固め,1,0.0,8572.05,9966.91,2.0,直近2～5日まで下落、%D方向改善、直近安値切り上げ、BB幅収縮、RSI安値切り上げ / 信用需給: 信用データがデータなし、または売残0で信用倍率を算出不能,,https://finance.yahoo.co.jp/quote/4194.T,データなし,データなし,データなし,データなし,データなし,データなし,データなし,データなし,5.0,0,0,5.0,156,156,信用需給は判定不能,信用データがデータなし、または売残0で信用倍率を算出不能
2026-08-19,4373,シンプレクス・ホールディングス,プライム,1125.0,0.0,-4.01,-1.4,2.08,0.63,42.74,1146.0,1144.0,1117.0,1146.0,1176.0,1093.0,1002.0,1071.36,1029.46,1029.46,5,C,44.12,52.22,5.18,55.27,1102.04,1030.51,979.33,+0.28σ,0.53,はらみ足,なし,買い,底固め,1,0.0,1060.89,1253.21,2.0,直近2～5日まで下落、%D方向改善、直近安値切り上げ、BB幅収縮、RSI安値切り上げ / 信用需給: 信用データがデータなし、または売残0で信用倍率を算出不能,,https://finance.yahoo.co.jp/quote/4373.T,データなし,データなし,データなし,データなし,データなし,データなし,データなし,データなし,5.0,0,0,5.0,156,156,信用需給は判定不能,信用データがデータなし、または売残0で信用倍率を算出不能
2026-08-19,7373,アイドマ・ホールディングス,グロース,930.0,-1.27,-3.12,-2.72,-3.95,0.72,27.96,954.0,945.0,925.0,954.0,967.0,925.0,911.0,930.07,902.79,902.79,5,C,25.35,40.35,9.68,33.41,968.2,1111.04,1856.88,-1.00σ,0.73,なし,なし,買い,底固め,1,0.0,888.06,1013.88,2.0,直近2～5日まで下落、%D方向改善、直近安値切り上げ、ATR低下、BB幅収縮、RSI安値切り上げ / 信用需給: 信用データがデータなし、または売残0で信用倍率を算出不能,,https://finance.yahoo.co.jp/quote/7373.T,データなし,データなし,データなし,データなし,データなし,データなし,データなし,データなし,5.0,0,0,5.0,156,156,信用需給は判定不能,信用データがデータなし、または売残0で信用倍率を算出不能
2026-08-19,9104,商船三井,プライム,6966.0,1.24,7.65,12.97,15.63,1.19,178.7,6950.0,6986.0,6774.0,6986.0,6986.0,6192.0,5658.0,5789.64,5444.39,5444.39,5,除外,97.64,89.76,9.25,79.95,6024.16,5706.81,5423.91,+2.41σ,1.7,なし,通常,買い,底固め / アンチ,2,0.0,6192.0,8514.0,2.0,%K反転、直近下落なし（B以下に制限）、直近安値切り上げ、RSI安値切り上げ、レンジ上限突破 / 信用需給: 信用データがデータなし、または売残0で信用倍率を算出不能,急騰済み（25日線上方乖離、高RSI、BB +2σ大幅超過）,https://finance.yahoo.co.jp/quote/9104.T,データなし,データなし,データなし,データなし,データなし,データなし,データなし,データなし,5.0,0,0,5.0,156,156,信用需給は判定不能,信用データがデータなし、または売残0で信用倍率を算出不能
2026-08-19,7616,コロワイド,プライム,2009.5,-0.02,-2.43,-2.1,-0.41,0.65,50.16,2010.0,2027.5,1995.0,2027.5,2037.5,1981.0,1910.0,1971.65,1914.2,1914.2,5,C,20.07,40.81,-7.91,51.59,2017.82,1885.45,1834.56,-0.34σ,0.63,なし,なし,買い,底固め,1,0.0,1934.25,2159.99,2.0,直近2～5日まで下落、%D方向改善、直近安値切り上げ、BB幅収縮、RSI安値切り上げ / 信用需給: 信用データがデータなし、または売残0で信用倍率を算出不能,,https://finance.yahoo.co.jp/quote/7616.T,データなし,データなし,データなし,データなし,データなし,データなし,データなし,データなし,5.0,0,0,5.0,156,156,信用需給は判定不能,信用データがデータなし、または売残0で信用倍率を算出不能
2026-08-19,7730,マニー,プライム,1580.0,-0.94,-2.47,-1.43,0.68,0.45,33.52,1611.0,1586.0,1571.0,1611.0,1620.0,1571.0,1489.0,1509.47,1469.68,1469.68,5,C,56.84,75.6,19.0,47.9,1569.32,1660.0,1584.4,+0.77σ,0.67,なし,なし,買い,底固め,1,0.0,1529.71,1680.57,2.0,直近2～5日まで下落、%D方向改善、直近安値切り上げ、ATR低下、BB幅収縮、RSI安値切り上げ / 信用需給: 信用データがデータなし、または売残0で信用倍率を算出不能,,https://finance.yahoo.co.jp/quote/7730.T,データなし,データなし,データなし,データなし,データなし,データなし,データなし,データなし,5.0,0,0,5.0,156,156,信用需給は判定不能,信用データがデータなし、または売残0で信用倍率を算出不能
2026-08-19,4403,日油,プライム,2706.0,-1.55,-0.88,-1.64,-1.78,0.81,71.23,2779.5,2756.0,2698.0,2779.5,2779.5,2698.0,2510.5,2721.29,2684.13,2684.13,4,C,9.42,62.25,-0.87,45.01,2755.1,2769.77,2947.0,-1.41σ,0.85,なし,なし,買い,底固め,1,0.0,2599.15,2919.69,2.0,直近2～5日まで下落、直近安値切り上げ、BB幅収縮、RSI安値切り上げ / 信用需給: 信用データがデータなし、または売残0で信用倍率を算出不能,,https://finance.yahoo.co.jp/quote/4403.T,データなし,データなし,データなし,データなし,データなし,データなし,データなし,データなし,4.0,0,0,4.0,179,179,信用需給は判定不能,信用データがデータなし、または売残0で信用倍率を算出不能
2026-08-19,8031,三井物産,プライム,4779.0,-1.93,-0.95,-2.47,-1.48,0.52,124.56,4903.0,4820.0,4755.0,4903.0,4903.0,4755.0,4662.0,4803.28,4730.6,4730.6,4,C,12.18,49.57,-3.64,46.48,4850.6,5017.03,5071.5,-1.33σ,0.97,なし,なし,買い,底固め,1,0.0,4592.17,5152.67,2.0,直近2～5日まで下落、直近安値切り上げ、BB幅収縮、RSI安値切り上げ / 信用需給: 信用データがデータなし、または売残0で信用倍率を算出不能,,https://finance.yahoo.co.jp/quote/8031.T,データなし,データなし,データなし,データなし,データなし,データなし,データなし,データなし,4.0,0,0,4.0,179,179,信用需給は判定不能,信用データがデータなし、または売残0で信用倍率を算出不能
2026-08-19,4592,サンバイオ,グロース,984.0,-1.99,-5.66,-3.24,-0.22,0.78,47.48,1033.0,1008.0,971.0,1033.0,1046.0,971.0,874.0,930.28,888.06,888.06,4,C,14.29,72.05,-1.23,46.05,986.2,1226.35,1735.77,+0.27σ,1.19,なし,なし,買い,底固め,1,0.0,912.78,1126.44,2.0,直近2～5日まで下落、直近安値切り上げ、ATR低下、RSI安値切り上げ / 信用需給: 信用データがデータなし、または売残0で信用倍率を算出不能,,https://finance.yahoo.co.jp/quote/4592.T,データなし,データなし,データなし,データなし,データなし,データなし,データなし,データなし,4.0,0,0,4.0,179,179,信用需給は判定不能,信用データがデータなし、または売残0で信用倍率を算出不能
2026-08-19,3299,ムゲンエステート,スタンダード,1705.0,-0.87,-1.96,1.43,-9.21,0.59,51.21,1741.0,1725.0,1695.0,1741.0,1750.0,1677.0,1631.0,1734.15,1613.1,1613.1,4,C,59.2,26.59,8.72,33.29,1877.92,1849.75,2024.17,-1.24σ,0.7,なし,通常,買い,アンチ,1,0.0,1628.19,1858.63,2.0,%K反転、%D方向改善、直近下落なし（B以下に制限） / 信用需給: 信用データがデータなし、または売残0で信用倍率を算出不能,,https://finance.yahoo.co.jp/quote/3299.T,データなし,データなし,データなし,データなし,データなし,データなし,データなし,データなし,4.0,0,0,4.0,179,179,信用需給は判定不能,信用データがデータなし、または売残0で信用倍率を算出不能
2026-08-19,4674,クレスコ,プライム,2018.0,1.0,3.22,8.79,18.88,0.82,54.89,2021.0,2035.0,1990.0,2035.0,2035.0,1828.0,1533.0,1576.05,1415.65,1415.65,4,除外,92.74,90.86,6.2,86.9,1697.52,1564.73,1573.5,+1.76σ,1.5,なし,通常,買い,アンチ,1,0.0,1828.0,2398.0,2.0,%K反転、%D方向改善、直近下落なし（B以下に制限） / 信用需給: 信用データがデータなし、または売残0で信用倍率を算出不能,急騰済み（25日線上方乖離、高RSI）,https://finance.yahoo.co.jp/quote/4674.T,データなし,データなし,データなし,データなし,データなし,データなし,データなし,データなし,4.0,0,0,4.0,179,179,信用需給は判定不能,信用データがデータなし、または売残0で信用倍率を算出不能
2026-08-19,4536,参天製薬,プライム,1880.5,-1.85,-1.98,-4.52,-4.01,1.02,55.95,1925.0,1934.0,1877.0,1934.0,1939.0,1877.0,1803.0,1883.92,1838.32,1838.32,4,C,3.1,54.55,6.78,39.24,1959.06,1945.79,1774.23,-1.07σ,1.32,なし,なし,買い,底固め,1,0.0,1796.57,2048.36,2.0,直近2～5日まで下落、直近安値切り上げ、BB幅収縮、出来高減少後の増加、RSI安値切り上げ / 信用需給: 信用データがデータなし、または売残0で信用倍率を算出不能,,https://finance.yahoo.co.jp/quote/4536.T,データなし,データなし,データなし,データなし,データなし,データなし,データなし,データなし,4.0,0,0,4.0,179,179,信用需給は判定不能,信用データがデータなし、または売残0で信用倍率を算出不能
2026-08-19,2432,ディー・エヌ・エー,プライム,2437.5,-1.3,-3.88,-2.97,-1.05,1.04,63.83,2494.0,2476.5,2410.0,2494.0,2557.0,2410.0,2373.5,2428.65,2387.87,2387.87,4,C,22.9,51.47,-5.49,45.17,2463.3,2560.2,2564.03,-0.78σ,0.93,なし,なし,買い,底固め,1,0.0,2341.76,2628.98,2.0,直近2～5日まで下落、直近安値切り上げ、BB幅収縮、RSI安値切り上げ / 信用需給: 信用データがデータなし、または売残0で信用倍率を算出不能,,https://finance.yahoo.co.jp/quote/2432.T,データなし,データなし,データなし,データなし,データなし,データなし,データなし,データなし,4.0,0,0,4.0,179,179,信用需給は判定不能,信用データがデータなし、または売残0で信用倍率を算出不能
2026-08-19,9404,日本テレビホールディングス,プライム,2935.0,0.26,1.03,0.19,1.21,0.56,72.94,2930.0,2948.0,2907.5,2948.0,2949.5,2872.0,2753.0,2837.26,2771.79,2771.79,4,C,88.8,65.75,17.62,54.17,2899.78,2877.1,3301.29,+0.49σ,0.74,なし,通常,買い,アンチ,1,0.0,2825.58,3153.83,2.0,%K反転、%D方向改善、直近下落なし（B以下に制限） / 信用需給: 信用データがデータなし、または売残0で信用倍率を算出不能,,https://finance.yahoo.co.jp/quote/9404.T,データなし,データなし,データなし,データなし,データなし,データなし,データなし,データなし,4.0,0,0,4.0,179,179,信用需給は判定不能,信用データがデータなし、または売残0で信用倍率を算出不能
2026-08-19,9511,沖縄電力,プライム,1142.0,0.53,2.42,4.48,12.49,0.57,26.25,1154.0,1142.0,1127.0,1154.0,1154.0,1082.0,919.0,957.75,877.25,877.25,4,除外,87.63,82.95,0.73,78.75,1015.2,948.73,1030.42,+1.29σ,0.72,はらみ足,強,買い,アンチ,1,0.0,1082.0,1262.0,2.0,%K反転、%D方向改善、直近下落なし（B以下に制限） / 信用需給: 信用データがデータなし、または売残0で信用倍率を算出不能,急騰済み（25日線上方乖離、高RSI）,https://finance.yahoo.co.jp/quote/9511.T,データなし,データなし,データなし,データなし,データなし,データなし,データなし,データなし,4.0,0,0,4.0,179,179,信用需給は判定不能,信用データがデータなし、または売残0で信用倍率を算出不能
2026-08-19,3449,テクノフレックス,スタンダード,3790.0,-5.13,-6.42,-7.9,-18.79,0.33,497.4,4380.0,3925.0,3760.0,4380.0,4380.0,3760.0,3755.0,3980.53,3507.31,3507.31,4,C,5.6,34.33,-13.19,35.8,4667.2,6347.4,3855.3,-1.40σ,0.66,なし,なし,買い,底固め,1,0.0,3043.9,5282.21,2.0,直近2～5日まで下落、直近安値切り上げ、ATR低下、BB幅収縮、RSI安値切り上げ / 信用需給: 信用データがデータなし、または売残0で信用倍率を算出不能,,https://finance.yahoo.co.jp/quote/3449.T,データなし,データなし,データなし,データなし,データなし,データなし,データなし,データなし,4.0,0,0,4.0,179,179,信用需給は判定不能,信用データがデータなし、または売残0で信用倍率を算出不能
2026-08-19,6327,北川精機,スタンダード,3310.0,-15.88,-7.54,-6.76,-9.06,0.59,525.03,4110.0,3590.0,3280.0,4110.0,4110.0,3280.0,2615.0,2982.07,2563.08,2563.08,4,C,20.0,73.57,12.01,42.49,3639.64,4267.6,2378.5,-0.22σ,1.84,陰線→陽線,なし,買い,底固め,1,0.0,2522.45,4885.1,2.0,出来高増加を伴う反転、直近下落なし（B以下に制限）、直近安値切り上げ、ATR低下、BB幅収縮、RSI安値切り上げ / 信用需給: 信用データがデータなし、または売残0で信用倍率を算出不能,,https://finance.yahoo.co.jp/quote/6327.T,データなし,データなし,データなし,データなし,データなし,データなし,データなし,データなし,4.0,0,0,4.0,179,179,信用需給は判定不能,信用データがデータなし、または売残0で信用倍率を算出不能
2026-08-19,2371,カカクコム,プライム,3700.0,-0.27,-0.4,-0.54,0.7,1.05,30.59,3720.0,3732.0,3700.0,3732.0,3732.0,3700.0,3613.0,3665.28,3638.9,3638.9,4,C,0.0,49.13,-24.43,64.86,3674.36,3442.3,2654.59,+0.32σ,1.4,なし,なし,買い,底固め,1,0.0,3654.12,3791.76,2.0,直近2～5日まで下落、直近安値切り上げ、ATR低下、BB幅収縮、出来高減少後の増加 / 信用需給: 信用データがデータなし、または売残0で信用倍率を算出不能,,https://finance.yahoo.co.jp/quote/2371.T,データなし,データなし,データなし,データなし,データなし,データなし,データなし,データなし,4.0,0,0,4.0,179,179,信用需給は判定不能,信用データがデータなし、または売残0で信用倍率を算出不能
2026-08-19,4063,信越化学工業,プライム,6090.0,-2.44,-4.43,-4.99,-5.63,0.49,221.16,6405.0,6177.0,6068.0,6405.0,6408.0,6068.0,5636.0,5857.24,5491.87,5491.87,4,C,5.0,72.74,5.72,39.48,6453.44,6976.09,6054.63,-0.36σ,0.79,なし,なし,買い,底固め,1,0.0,5758.27,6753.47,2.0,直近2～5日まで下落、直近安値切り上げ、ATR低下、RSI安値切り上げ / 信用需給: 信用データがデータなし、または売残0で信用倍率を算出不能,,https://finance.yahoo.co.jp/quote/4063.T,データなし,データなし,データなし,データなし,データなし,データなし,データなし,データなし,4.0,0,0,4.0,179,179,信用需給は判定不能,信用データがデータなし、または売残0で信用倍率を算出不能
2026-08-19,2001,ニップン,プライム,2854.0,0.21,-0.52,0.99,0.69,0.75,53.55,2855.0,2866.0,2826.0,2866.0,2876.0,2825.0,2741.0,2795.17,2748.25,2748.25,4,C,67.61,59.06,16.03,54.06,2834.48,2750.47,2624.43,+0.25σ,0.69,なし,通常,買い,アンチ,1,0.0,2773.68,3014.64,2.0,%K反転、%D方向改善、直近下落なし（B以下に制限） / 信用需給: 信用データがデータなし、または売残0で信用倍率を算出不能,,https://finance.yahoo.co.jp/quote/2001.T,データなし,データなし,データなし,データなし,データなし,データなし,データなし,データなし,4.0,0,0,4.0,179,179,信用需給は判定不能,信用データがデータなし、または売残0で信用倍率を算出不能
2026-08-19,6532,ベイカレント,プライム,7427.0,0.8,-3.38,0.65,6.04,0.6,301.02,7473.0,7542.0,7361.0,7542.0,7667.0,7175.0,6137.0,6718.8,6332.91,6332.91,4,C,52.02,59.54,4.64,60.51,7003.64,6178.75,5926.06,+0.84σ,0.66,なし,通常,買い,アンチ,1,0.0,6975.46,8330.07,2.0,%K反転、%D方向改善、直近下落なし（B以下に制限） / 信用需給: 信用データがデータなし、または売残0で信用倍率を算出不能,,https://finance.yahoo.co.jp/quote/6532.T,データなし,データなし,データなし,データなし,データなし,データなし,データなし,データなし,4.0,0,0,4.0,179,179,信用需給は判定不能,信用データがデータなし、または売残0で信用倍率を算出不能
2026-08-19,4848,フルキャストホールディングス,プライム,1863.0,1.69,0.38,1.69,8.36,0.91,39.37,1844.0,1873.0,1837.0,1873.0,1878.0,1816.0,1621.0,1655.5,1573.75,1573.75,4,C,92.11,67.75,16.77,71.99,1719.32,1601.15,1651.69,+1.54σ,0.88,なし,通常,買い,アンチ,1,0.0,1803.95,1981.1,2.0,%K反転、%D方向改善、直近下落なし（B以下に制限） / 信用需給: 信用データがデータなし、または売残0で信用倍率を算出不能,,https://finance.yahoo.co.jp/quote/4848.T,データなし,データなし,データなし,データなし,データなし,データなし,データなし,データなし,4.0,0,0,4.0,179,179,信用需給は判定不能,信用データがデータなし、または売残0で信用倍率を算出不能
2026-08-19,4478,フリー,グロース,3465.0,1.32,3.59,23.22,28.56,0.97,175.62,3475.0,3630.0,3460.0,3630.0,3640.0,2745.0,2278.0,2427.04,2087.93,2087.93,4,除外,84.42,86.59,7.12,85.42,2695.24,2319.71,2540.68,+2.06σ,1.11,なし,通常,買い,アンチ,1,0.0,2745.0,4905.0,2.0,%K反転、%D方向改善、直近下落なし（B以下に制限） / 信用需給: 信用データがデータなし、または売残0で信用倍率を算出不能,急騰済み（5営業日急騰、25日線上方乖離、高RSI）,https://finance.yahoo.co.jp/quote/4478.T,データなし,データなし,データなし,データなし,データなし,データなし,データなし,データなし,4.0,0,0,4.0,179,179,信用需給は判定不能,信用データがデータなし、または売残0で信用倍率を算出不能
2026-08-19,4732,ユー・エス・エス,プライム,1972.0,-0.1,-1.94,-1.23,-1.02,0.85,36.08,1996.5,1994.0,1963.5,1996.5,2026.5,1963.5,1918.5,1961.17,1929.42,1929.42,4,C,13.49,50.75,-2.53,48.57,1992.26,1887.91,1795.1,-0.66σ,1.01,なし,なし,買い,底固め,1,0.0,1917.89,2080.23,2.0,直近2～5日まで下落、直近安値切り上げ、BB幅収縮、RSI安値切り上げ / 信用需給: 信用データがデータなし、または売残0で信用倍率を算出不能,,https://finance.yahoo.co.jp/quote/4732.T,データなし,データなし,データなし,データなし,データなし,データなし,データなし,データなし,4.0,0,0,4.0,179,179,信用需給は判定不能,信用データがデータなし、または売残0で信用倍率を算出不能
2026-08-19,3401,帝人,プライム,1726.5,-1.31,-2.01,-3.01,1.13,0.81,46.7,1762.0,1744.0,1706.0,1762.0,1772.5,1706.0,1567.0,1655.59,1603.95,1603.95,4,C,17.37,66.9,4.57,53.4,1707.2,1658.72,1544.19,+0.37σ,1.22,なし,なし,買い,底固め,1,0.0,1656.44,1866.61,2.0,直近2～5日まで下落、直近安値切り上げ、出来高減少後の増加、RSI安値切り上げ / 信用需給: 信用データがデータなし、または売残0で信用倍率を算出不能,,https://finance.yahoo.co.jp/quote/3401.T,データなし,データなし,データなし,データなし,データなし,データなし,データなし,データなし,4.0,0,0,4.0,179,179,信用需給は判定不能,信用データがデータなし、または売残0で信用倍率を算出不能
2026-08-19,3776,ブロードバンドタワー,スタンダード,238.0,-4.03,-4.8,-6.67,-4.63,1.1,12.68,255.0,251.0,237.0,255.0,255.0,237.0,217.0,232.17,222.55,222.55,4,C,5.0,63.79,-5.3,42.55,249.56,262.04,223.37,-0.39σ,0.36,なし,なし,買い,底固め,1,0.0,218.98,276.04,2.0,直近2～5日まで下落、直近安値切り上げ、BB幅収縮、RSI安値切り上げ / 信用需給: 信用データがデータなし、または売残0で信用倍率を算出不能,,https://finance.yahoo.co.jp/quote/3776.T,データなし,データなし,データなし,データなし,データなし,データなし,データなし,データなし,4.0,0,0,4.0,179,179,信用需給は判定不能,信用データがデータなし、または売残0で信用倍率を算出不能
2026-08-19,7458,第一興商,プライム,1850.0,0.93,1.37,0.98,2.56,0.87,37.44,1839.0,1860.0,1827.5,1860.0,1860.0,1791.5,1717.5,1764.88,1722.43,1722.43,4,C,85.4,64.29,16.62,59.9,1803.74,1718.26,1689.11,+1.01σ,0.56,なし,通常,買い,アンチ,1,0.0,1791.5,1967.0,2.0,%K反転、%D方向改善、直近下落なし（B以下に制限） / 信用需給: 信用データがデータなし、または売残0で信用倍率を算出不能,,https://finance.yahoo.co.jp/quote/7458.T,データなし,データなし,データなし,データなし,データなし,データなし,データなし,データなし,4.0,0,0,4.0,179,179,信用需給は判定不能,信用データがデータなし、または売残0で信用倍率を算出不能
2026-08-19,2801,キッコーマン,プライム,1794.0,1.36,0.11,1.44,6.22,0.58,55.97,1779.0,1807.0,1774.5,1807.0,1807.0,1748.0,1555.0,1624.6,1547.22,1547.22,4,C,71.51,71.08,11.25,63.11,1688.9,1571.52,1474.7,+1.19σ,0.93,陰線→陽線,強,買い,アンチ,1,0.0,1710.04,1961.92,2.0,%K反転、%D方向改善、直近下落なし（B以下に制限） / 信用需給: 信用データがデータなし、または売残0で信用倍率を算出不能,,https://finance.yahoo.co.jp/quote/2801.T,データなし,データなし,データなし,データなし,データなし,データなし,データなし,データなし,4.0,0,0,4.0,179,179,信用需給は判定不能,信用データがデータなし、または売残0で信用倍率を算出不能
2026-08-19,2270,雪印メグミルク,プライム,3675.0,0.14,0.27,1.94,-0.88,0.8,99.74,3705.0,3725.0,3645.0,3725.0,3725.0,3585.0,3520.0,3596.76,3481.02,3481.02,4,C,72.22,32.59,11.1,49.77,3707.6,3571.73,3355.04,-0.32σ,0.64,なし,通常,買い,アンチ,1,0.0,3525.39,3974.23,2.0,%K反転、%D方向改善、直近下落なし（B以下に制限） / 信用需給: 信用データがデータなし、または売残0で信用倍率を算出不能,,https://finance.yahoo.co.jp/quote/2270.T,データなし,データなし,データなし,データなし,データなし,データなし,データなし,データなし,4.0,0,0,4.0,179,179,信用需給は判定不能,信用データがデータなし、または売残0で信用倍率を算出不能
2026-08-19,7867,タカラトミー,プライム,3572.0,-0.45,-0.72,-2.46,0.18,0.71,117.02,3589.0,3595.0,3512.0,3595.0,3642.0,3495.0,3338.0,3481.06,3381.73,3381.73,4,C,34.68,56.69,-5.51,53.95,3565.64,3178.19,2952.37,-0.08σ,0.44,なし,なし,買い,底固め,1,0.0,3396.47,3923.06,2.0,直近2～5日まで下落、直近安値切り上げ、BB幅収縮、RSI安値切り上げ / 信用需給: 信用データがデータなし、または売残0で信用倍率を算出不能,,https://finance.yahoo.co.jp/quote/7867.T,データなし,データなし,データなし,データなし,データなし,データなし,データなし,データなし,4.0,0,0,4.0,179,179,信用需給は判定不能,信用データがデータなし、または売残0で信用倍率を算出不能
2026-08-19,2670,エービーシー・マート,プライム,2774.0,-0.16,-2.56,-1.75,1.31,0.71,62.27,2787.5,2796.0,2752.0,2796.0,2847.0,2752.0,2598.0,2690.74,2623.51,2623.51,4,C,23.16,60.05,-3.3,51.51,2738.0,2714.58,2662.91,+0.24σ,0.73,なし,なし,買い,底固め,1,0.0,2680.59,2960.81,2.0,直近2～5日まで下落、直近安値切り上げ、ATR低下、BB幅収縮 / 信用需給: 信用データがデータなし、または売残0で信用倍率を算出不能,,https://finance.yahoo.co.jp/quote/2670.T,データなし,データなし,データなし,データなし,データなし,データなし,データなし,データなし,4.0,0,0,4.0,179,179,信用需給は判定不能,信用データがデータなし、または売残0で信用倍率を算出不能
2026-08-19,2602,日清オイリオグループ,プライム,2012.0,0.85,-0.2,2.65,3.75,0.85,38.96,2003.0,2014.0,1981.0,2014.0,2024.0,1955.0,1802.0,1884.13,1823.97,1823.97,4,C,89.19,72.04,25.4,62.94,1939.24,1845.65,1839.09,+1.13σ,0.68,なし,通常,買い,アンチ,1,0.0,1953.56,2128.87,2.0,%K反転、%D方向改善、直近下落なし（B以下に制限） / 信用需給: 信用データがデータなし、または売残0で信用倍率を算出不能,,https://finance.yahoo.co.jp/quote/2602.T,データなし,データなし,データなし,データなし,データなし,データなし,データなし,データなし,4.0,0,0,4.0,179,179,信用需給は判定不能,信用データがデータなし、または売残0で信用倍率を算出不能
2026-08-19,2730,エディオン,プライム,2507.0,-0.04,-0.24,0.16,1.2,0.64,59.26,2529.0,2518.0,2480.0,2529.0,2529.0,2460.0,2405.0,2455.5,2412.81,2412.81,4,C,62.67,52.98,9.24,55.35,2477.24,2367.32,2212.52,+0.21σ,1.04,はらみ足,強,買い,アンチ,1,0.0,2418.1,2684.79,2.0,%K反転、%D方向改善、直近下落なし（B以下に制限） / 信用需給: 信用データがデータなし、または売残0で信用倍率を算出不能,,https://finance.yahoo.co.jp/quote/2730.T,データなし,データなし,データなし,データなし,データなし,データなし,データなし,データなし,4.0,0,0,4.0,179,179,信用需給は判定不能,信用データがデータなし、または売残0で信用倍率を算出不能
2026-08-19,9303,住友倉庫,プライム,4125.0,0.12,0.86,0.24,2.1,0.61,90.16,4135.0,4130.0,4075.0,4135.0,4135.0,4005.0,3910.0,3995.04,3927.08,3927.08,3,C,53.33,51.91,2.2,58.39,4040.2,3912.07,3780.15,+0.91σ,0.77,はらみ足,なし,買い,底固め,1,0.0,3989.76,4395.47,2.0,%D方向改善、直近下落なし（B以下に制限）、直近安値切り上げ、BB幅収縮、RSI安値切り上げ / 信用需給: 信用データがデータなし、または売残0で信用倍率を算出不能,,https://finance.yahoo.co.jp/quote/9303.T,データなし,データなし,データなし,データなし,データなし,データなし,データなし,データなし,3.0,0,0,3.0,206,206,信用需給は判定不能,信用データがデータなし、または売残0で信用倍率を算出不能
2026-08-19,9069,センコーグループホールディングス,プライム,2317.0,-1.09,0.52,2.45,4.11,0.79,48.55,2354.0,2343.0,2304.5,2354.0,2354.0,2268.0,2141.0,2194.16,2145.89,2145.89,3,C,56.84,62.87,6.85,70.03,2225.44,2033.15,1966.04,+1.55σ,1.11,はらみ足,なし,買い,底固め,1,0.0,2244.17,2462.65,2.0,%D方向改善、直近下落なし（B以下に制限）、直近安値切り上げ、BB幅収縮、RSI安値切り上げ / 信用需給: 信用データがデータなし、または売残0で信用倍率を算出不能,,https://finance.yahoo.co.jp/quote/9069.T,データなし,データなし,データなし,データなし,データなし,データなし,データなし,データなし,3.0,0,0,3.0,206,206,信用需給は判定不能,信用データがデータなし、または売残0で信用倍率を算出不能
2026-08-19,2337,いちご,プライム,403.0,-0.98,-0.98,0.0,-2.88,0.58,8.61,408.0,406.0,401.0,408.0,410.0,401.0,389.0,398.17,384.98,384.98,3,C,63.16,54.96,22.28,40.17,414.96,441.85,439.1,-0.63σ,0.68,なし,なし,買い,底固め,1,0.0,390.09,428.83,2.0,%D方向改善、直近下落なし（B以下に制限）、直近安値切り上げ、ATR低下、RSI安値切り上げ / 信用需給: 信用データがデータなし、または売残0で信用倍率を算出不能,,https://finance.yahoo.co.jp/quote/2337.T,データなし,データなし,データなし,データなし,データなし,データなし,データなし,データなし,3.0,0,0,3.0,206,206,信用需給は判定不能,信用データがデータなし、または売残0で信用倍率を算出不能
2026-08-19,9509,北海道電力,プライム,1046.5,-1.97,0.29,3.05,2.14,1.0,25.88,1075.5,1067.0,1041.0,1075.5,1075.5,1017.0,1001.0,1013.94,998.91,998.91,3,C,52.85,56.9,6.55,58.43,1024.6,972.06,1043.01,+1.17σ,0.92,なし,なし,買い,底固め,1,0.0,1007.68,1124.14,2.0,%D方向改善、直近下落なし（B以下に制限）、直近安値切り上げ、BB幅収縮、RSI安値切り上げ / 信用需給: 信用データがデータなし、または売残0で信用倍率を算出不能,,https://finance.yahoo.co.jp/quote/9509.T,データなし,データなし,データなし,データなし,データなし,データなし,データなし,データなし,3.0,0,0,3.0,206,206,信用需給は判定不能,信用データがデータなし、または売残0で信用倍率を算出不能
2026-08-19,9534,北海道瓦斯,プライム,790.0,-0.63,0.51,2.46,1.33,0.87,14.92,797.0,795.0,782.0,797.0,797.0,770.0,765.0,772.97,765.83,765.83,3,C,75.86,38.78,13.86,57.29,779.64,769.0,798.06,+1.39σ,0.86,なし,なし,買い,底固め,1,0.0,767.62,834.75,2.0,%D方向改善、直近下落なし（B以下に制限）、直近安値切り上げ、BB幅収縮、RSI安値切り上げ / 信用需給: 信用データがデータなし、または売残0で信用倍率を算出不能,,https://finance.yahoo.co.jp/quote/9534.T,データなし,データなし,データなし,データなし,データなし,データなし,データなし,データなし,3.0,0,0,3.0,206,206,信用需給は判定不能,信用データがデータなし、または売残0で信用倍率を算出不能
2026-08-19,9602,東宝,プライム,1535.0,0.95,1.93,2.81,4.25,0.9,49.93,1528.0,1560.0,1515.0,1560.0,1560.0,1457.0,1333.5,1434.85,1377.88,1377.88,3,C,75.73,54.53,8.35,60.42,1472.38,1354.97,1537.26,+0.76σ,0.72,なし,なし,買い,底固め,1,0.0,1457.0,1691.0,2.0,%D方向改善、直近下落なし（B以下に制限）、直近安値切り上げ、RSI安値切り上げ、レンジ上限突破 / 信用需給: 信用データがデータなし、または売残0で信用倍率を算出不能,,https://finance.yahoo.co.jp/quote/9602.T,データなし,データなし,データなし,データなし,データなし,データなし,データなし,データなし,3.0,0,0,3.0,206,206,信用需給は判定不能,信用データがデータなし、または売残0で信用倍率を算出不能
2026-08-19,9434,ソフトバンク,プライム,232.4,-0.68,-1.06,1.35,2.35,0.81,4.91,236.2,236.0,232.0,236.2,237.2,230.7,218.3,223.67,218.57,218.57,3,C,50.0,68.54,13.67,58.83,227.06,219.05,217.57,+0.71σ,0.83,はらみ足,なし,買い,底固め,1,0.0,225.04,247.13,2.0,%D方向改善、直近下落なし（B以下に制限）、直近安値切り上げ、BB幅収縮、RSI安値切り上げ / 信用需給: 信用データがデータなし、または売残0で信用倍率を算出不能,,https://finance.yahoo.co.jp/quote/9434.T,データなし,データなし,データなし,データなし,データなし,データなし,データなし,データなし,3.0,0,0,3.0,206,206,信用需給は判定不能,信用データがデータなし、または売残0で信用倍率を算出不能
2026-08-19,9505,北陸電力,プライム,963.6,-2.1,-0.35,3.28,2.17,1.13,24.08,986.4,981.8,954.6,986.4,986.4,932.8,909.3,928.67,907.03,907.03,3,C,68.72,53.01,18.88,57.28,943.15,892.25,960.72,+0.61σ,0.86,なし,なし,買い,底固め,1,0.0,927.48,1035.84,2.0,%D方向改善、直近下落なし（B以下に制限）、直近安値切り上げ、BB幅収縮、RSI安値切り上げ / 信用需給: 信用データがデータなし、または売残0で信用倍率を算出不能,,https://finance.yahoo.co.jp/quote/9505.T,データなし,データなし,データなし,データなし,データなし,データなし,データなし,データなし,3.0,0,0,3.0,206,206,信用需給は判定不能,信用データがデータなし、または売残0で信用倍率を算出不能
2026-08-19,9508,九州電力,プライム,1873.5,-2.01,0.05,2.94,3.41,1.68,47.84,1912.0,1943.0,1862.5,1943.0,1943.0,1827.5,1751.5,1788.88,1753.13,1753.13,3,C,57.1,50.89,7.28,60.68,1811.8,1724.41,1727.33,+1.37σ,1.25,なし,なし,買い,底固め,1,0.0,1801.74,2017.02,2.0,%D方向改善、直近下落なし（B以下に制限）、直近安値切り上げ、BB幅収縮、出来高減少後の増加、RSI安値切り上げ / 信用需給: 信用データがデータなし、または売残0で信用倍率を算出不能,,https://finance.yahoo.co.jp/quote/9508.T,データなし,データなし,データなし,データなし,データなし,データなし,データなし,データなし,3.0,0,0,3.0,206,206,信用需給は判定不能,信用データがデータなし、または売残0で信用倍率を算出不能
2026-08-19,4528,小野薬品工業,プライム,2460.0,0.8,1.23,1.82,2.37,0.79,56.43,2443.5,2477.0,2432.5,2477.0,2477.0,2396.0,2264.5,2354.98,2305.78,2305.78,3,C,85.59,71.67,18.93,58.06,2402.94,2377.39,2321.29,+1.13σ,0.97,なし,なし,買い,底固め,1,0.0,2375.35,2629.29,2.0,%D方向改善、直近下落なし（B以下に制限）、直近安値切り上げ、RSI安値切り上げ、レンジ上限突破 / 信用需給: 信用データがデータなし、または売残0で信用倍率を算出不能,,https://finance.yahoo.co.jp/quote/4528.T,データなし,データなし,データなし,データなし,データなし,データなし,データなし,データなし,3.0,0,0,3.0,206,206,信用需給は判定不能,信用データがデータなし、または売残0で信用倍率を算出不能
2026-08-19,9831,ヤマダホールディングス,プライム,701.6,-0.86,1.26,1.73,-0.06,0.83,21.11,710.5,714.6,697.0,714.6,714.6,677.9,650.5,679.66,655.13,655.13,3,C,76.95,53.78,21.28,53.96,702.01,651.76,568.84,-0.11σ,0.93,なし,なし,買い,底固め,1,0.0,669.93,764.93,2.0,%D方向改善、直近下落なし（B以下に制限）、直近安値切り上げ、BB幅収縮、RSI安値切り上げ / 信用需給: 信用データがデータなし、または売残0で信用倍率を算出不能,,https://finance.yahoo.co.jp/quote/9831.T,データなし,データなし,データなし,データなし,データなし,データなし,データなし,データなし,3.0,0,0,3.0,206,206,信用需給は判定不能,信用データがデータなし、または売残0で信用倍率を算出不能
2026-08-19,2986,ＬＡホールディングス,グロース,2763.0,-1.39,-2.23,-0.07,0.8,0.71,81.49,2856.0,2802.0,2744.0,2856.0,2858.0,2725.0,2635.0,2684.47,2633.74,2633.74,3,C,51.97,66.2,7.58,49.74,2740.96,2829.59,2880.01,+0.55σ,0.68,なし,なし,買い,底固め,1,0.0,2640.76,3007.48,2.0,%D方向改善、直近下落なし（B以下に制限）、直近安値切り上げ、BB幅収縮、RSI安値切り上げ / 信用需給: 信用データがデータなし、または売残0で信用倍率を算出不能,,https://finance.yahoo.co.jp/quote/2986.T,データなし,データなし,データなし,データなし,データなし,データなし,データなし,データなし,3.0,0,0,3.0,206,206,信用需給は判定不能,信用データがデータなし、または売残0で信用倍率を算出不能
2026-08-19,2982,ＡＤワークスグループ,プライム,412.0,-1.9,-3.06,-1.67,-0.28,0.63,11.19,430.0,417.0,410.0,430.0,430.0,410.0,391.0,405.25,397.71,397.71,3,C,45.45,66.33,12.07,50.18,413.16,403.96,427.02,-0.11σ,0.98,なし,なし,買い,底固め,1,0.0,395.21,445.57,2.0,%D方向改善、直近下落なし（B以下に制限）、直近安値切り上げ、BB幅収縮、RSI安値切り上げ / 信用需給: 信用データがデータなし、または売残0で信用倍率を算出不能,,https://finance.yahoo.co.jp/quote/2982.T,データなし,データなし,データなし,データなし,データなし,データなし,データなし,データなし,3.0,0,0,3.0,206,206,信用需給は判定不能,信用データがデータなし、または売残0で信用倍率を算出不能
2026-08-19,1860,戸田建設,プライム,1466.5,-1.91,-1.38,-0.44,-2.26,0.96,32.9,1516.5,1493.5,1462.0,1516.5,1516.5,1462.0,1455.5,1475.3,1452.93,1452.93,3,C,18.03,30.85,5.19,38.74,1500.44,1525.54,1416.73,-1.39σ,1.15,なし,なし,買い,底固め,1,0.0,1417.15,1565.21,2.0,%D方向改善、直近下落なし（B以下に制限）、直近安値切り上げ、BB幅収縮、RSI安値切り上げ / 信用需給: 信用データがデータなし、または売残0で信用倍率を算出不能,,https://finance.yahoo.co.jp/quote/1860.T,データなし,データなし,データなし,データなし,データなし,データなし,データなし,データなし,3.0,0,0,3.0,206,206,信用需給は判定不能,信用データがデータなし、または売残0で信用倍率を算出不能
2026-08-19,9075,福山通運,プライム,6310.0,-0.63,1.12,2.27,4.03,0.65,199.95,6430.0,6380.0,6250.0,6430.0,6430.0,6130.0,5650.0,5874.16,5673.83,5673.83,3,C,80.0,64.73,22.0,60.19,6065.6,6001.07,5248.35,+1.18σ,0.93,なし,なし,買い,底固め,1,0.0,6010.07,6909.86,2.0,%D方向改善、直近下落なし（B以下に制限）、直近安値切り上げ、BB幅収縮、RSI安値切り上げ / 信用需給: 信用データがデータなし、または売残0で信用倍率を算出不能,,https://finance.yahoo.co.jp/quote/9075.T,データなし,データなし,データなし,データなし,データなし,データなし,データなし,データなし,3.0,0,0,3.0,206,206,信用需給は判定不能,信用データがデータなし、または売残0で信用倍率を算出不能
2026-08-19,8725,ＭＳ＆ＡＤインシュアランスグループホールディングス,プライム,4860.0,-2.51,0.5,0.1,0.73,1.35,119.57,4988.0,4995.0,4833.0,4995.0,5146.0,4790.0,4702.0,4800.63,4713.52,4713.52,3,C,30.75,47.09,4.67,54.78,4824.72,4522.96,4092.81,-0.32σ,1.25,なし,なし,買い,底固め,1,0.0,4680.64,5218.72,2.0,%D方向改善、直近下落なし（B以下に制限）、直近安値切り上げ、BB幅収縮、RSI安値切り上げ / 信用需給: 信用データがデータなし、または売残0で信用倍率を算出不能,,https://finance.yahoo.co.jp/quote/8725.T,データなし,データなし,データなし,データなし,データなし,データなし,データなし,データなし,3.0,0,0,3.0,206,206,信用需給は判定不能,信用データがデータなし、または売残0で信用倍率を算出不能
2026-08-19,9090,ＡＺ－ＣＯＭ丸和ホールディングス,プライム,888.0,0.79,0.91,2.78,0.25,0.37,24.65,888.0,897.0,888.0,897.0,897.0,860.0,817.0,857.69,822.92,822.92,3,C,85.0,49.56,21.4,55.4,885.76,831.61,918.58,-0.13σ,0.75,なし,なし,買い,底固め,1,0.0,851.03,961.94,2.0,%D方向改善、直近下落なし（B以下に制限）、直近安値切り上げ、BB幅収縮、RSI安値切り上げ / 信用需給: 信用データがデータなし、または売残0で信用倍率を算出不能,,https://finance.yahoo.co.jp/quote/9090.T,データなし,データなし,データなし,データなし,データなし,データなし,データなし,データなし,3.0,0,0,3.0,206,206,信用需給は判定不能,信用データがデータなし、または売残0で信用倍率を算出不能
2026-08-19,4477,ＢＡＳＥ,グロース,299.0,-0.99,3.1,3.1,-0.48,0.9,8.87,305.0,306.0,298.0,306.0,306.0,284.0,280.0,288.76,280.17,280.17,3,C,73.08,40.94,8.48,54.07,300.44,281.47,302.21,+0.19σ,0.81,なし,なし,買い,底固め,1,0.0,284.0,329.0,2.0,%D方向改善、直近下落なし（B以下に制限）、直近安値切り上げ、BB幅収縮、RSI安値切り上げ / 信用需給: 信用データがデータなし、または売残0で信用倍率を算出不能,,https://finance.yahoo.co.jp/quote/4477.T,データなし,データなし,データなし,データなし,データなし,データなし,データなし,データなし,3.0,0,0,3.0,206,206,信用需給は判定不能,信用データがデータなし、または売残0で信用倍率を算出不能
2026-08-19,3387,クリエイト・レストランツ・ホールディングス,プライム,767.0,0.0,-1.29,1.59,-0.82,0.78,16.75,775.0,774.0,761.0,775.0,779.0,757.0,740.0,752.41,734.91,734.91,3,C,63.64,47.65,13.37,51.71,773.36,736.48,748.83,-0.17σ,0.92,なし,なし,買い,底固め,1,0.0,741.87,817.26,2.0,%D方向改善、直近下落なし（B以下に制限）、直近安値切り上げ、ATR低下、BB幅収縮、RSI安値切り上げ / 信用需給: 信用データがデータなし、または売残0で信用倍率を算出不能,,https://finance.yahoo.co.jp/quote/3387.T,データなし,データなし,データなし,データなし,データなし,データなし,データなし,データなし,3.0,0,0,3.0,206,206,信用需給は判定不能,信用データがデータなし、または売残0で信用倍率を算出不能
2026-08-19,3608,ＴＳＩホールディングス,プライム,1249.0,-0.48,-1.42,1.54,1.19,0.88,23.9,1262.0,1263.0,1242.0,1263.0,1282.0,1221.0,1197.0,1213.55,1190.01,1190.01,3,C,52.17,52.38,14.03,56.66,1234.28,1196.83,1128.14,+0.51σ,1.07,なし,なし,買い,底固め,1,0.0,1213.15,1320.7,2.0,%D方向改善、直近下落なし（B以下に制限）、直近安値切り上げ、BB幅収縮、RSI安値切り上げ / 信用需給: 信用データがデータなし、または売残0で信用倍率を算出不能,,https://finance.yahoo.co.jp/quote/3608.T,データなし,データなし,データなし,データなし,データなし,データなし,データなし,データなし,3.0,0,0,3.0,206,206,信用需給は判定不能,信用データがデータなし、または売残0で信用倍率を算出不能
2026-08-19,4641,アルプス技研,プライム,844.0,0.0,0.84,1.93,2.84,0.82,18.34,845.0,849.0,834.0,849.0,849.0,818.0,762.0,806.15,788.45,788.45,3,C,90.74,66.5,22.18,61.28,820.72,800.96,849.83,+1.14σ,0.55,なし,なし,買い,底固め,1,0.0,816.49,899.01,2.0,%D方向改善、直近下落なし（B以下に制限）、直近安値切り上げ、BB幅収縮、RSI安値切り上げ / 信用需給: 信用データがデータなし、または売残0で信用倍率を算出不能,,https://finance.yahoo.co.jp/quote/4641.T,データなし,データなし,データなし,データなし,データなし,データなし,データなし,データなし,3.0,0,0,3.0,206,206,信用需給は判定不能,信用データがデータなし、または売残0で信用倍率を算出不能
2026-08-19,5019,出光興産,プライム,1337.0,-2.44,2.33,3.08,3.04,1.15,35.72,1381.5,1364.5,1323.5,1381.5,1381.5,1269.5,1228.0,1273.46,1242.35,1242.35,3,C,60.27,64.36,19.91,56.99,1297.5,1305.54,1305.11,+1.04σ,1.45,なし,なし,買い,底固め,1,0.0,1269.5,1472.0,2.0,%D方向改善、直近下落なし（B以下に制限）、直近安値切り上げ、BB幅収縮、RSI安値切り上げ / 信用需給: 信用データがデータなし、または売残0で信用倍率を算出不能,,https://finance.yahoo.co.jp/quote/5019.T,データなし,データなし,データなし,データなし,データなし,データなし,データなし,データなし,3.0,0,0,3.0,206,206,信用需給は判定不能,信用データがデータなし、または売残0で信用倍率を算出不能
2026-08-19,3950,ザ・パック,プライム,1480.0,-0.13,0.89,4.08,2.27,0.68,27.91,1492.0,1485.0,1466.0,1492.0,1492.0,1421.0,1410.0,1440.03,1423.91,1423.91,3,C,85.37,59.19,9.35,63.15,1447.12,1363.6,1320.4,+1.48σ,0.67,はらみ足,なし,買い,底固め,1,0.0,1421.0,1598.0,2.0,%D方向改善、直近下落なし（B以下に制限）、直近安値切り上げ、BB幅収縮、RSI安値切り上げ / 信用需給: 信用データがデータなし、または売残0で信用倍率を算出不能,,https://finance.yahoo.co.jp/quote/3950.T,データなし,データなし,データなし,データなし,データなし,データなし,データなし,データなし,3.0,0,0,3.0,206,206,信用需給は判定不能,信用データがデータなし、または売残0で信用倍率を算出不能
2026-08-19,5027,ＡｎｙＭｉｎｄ　Ｇｒｏｕｐ,グロース,754.0,-2.2,21.03,26.09,29.14,1.47,38.05,780.0,788.0,732.0,788.0,788.0,579.0,516.0,520.99,450.64,450.64,3,除外,85.09,84.63,13.66,76.49,583.84,507.75,537.74,+2.31σ,1.27,なし,なし,買い,底固め,1,0.0,579.0,1104.0,2.0,%D方向改善、直近下落なし（B以下に制限）、直近安値切り上げ、BB幅収縮、RSI安値切り上げ / 信用需給: 信用データがデータなし、または売残0で信用倍率を算出不能,急騰済み（3営業日急騰、5営業日急騰、25日線上方乖離、高RSI、BB +2σ大幅超過）,https://finance.yahoo.co.jp/quote/5027.T,データなし,データなし,データなし,データなし,データなし,データなし,データなし,データなし,3.0,0,0,3.0,206,206,信用需給は判定不能,信用データがデータなし、または売残0で信用倍率を算出不能
2026-08-19,5949,ユニプレス,プライム,1307.0,-1.66,-1.58,1.32,0.29,0.77,28.58,1332.0,1325.0,1303.0,1332.0,1334.0,1289.0,1265.0,1292.75,1274.15,1274.15,3,C,47.06,55.4,7.86,51.84,1303.24,1270.44,1296.7,-0.23σ,1.12,なし,なし,買い,底固め,1,0.0,1264.14,1392.73,2.0,%D方向改善、直近下落なし（B以下に制限）、直近安値切り上げ、BB幅収縮、RSI安値切り上げ / 信用需給: 信用データがデータなし、または売残0で信用倍率を算出不能,,https://finance.yahoo.co.jp/quote/5949.T,データなし,データなし,データなし,データなし,データなし,データなし,データなし,データなし,3.0,0,0,3.0,206,206,信用需給は判定不能,信用データがデータなし、または売残0で信用倍率を算出不能
2026-08-19,5202,日本板硝子,プライム,483.0,-0.21,0.0,0.42,0.08,0.61,1.65,484.0,484.0,483.0,484.0,484.0,481.0,478.0,481.8,480.9,480.9,3,C,83.33,72.67,25.0,54.79,482.6,479.45,515.29,+0.33σ,0.39,はらみ足,なし,買い,底固め,1,0.0,480.53,487.95,2.0,%D方向改善、直近下落なし（B以下に制限）、直近安値切り上げ、BB幅収縮、RSI安値切り上げ / 信用需給: 信用データがデータなし、または売残0で信用倍率を算出不能,,https://finance.yahoo.co.jp/quote/5202.T,データなし,データなし,データなし,データなし,データなし,データなし,データなし,データなし,3.0,0,0,3.0,206,206,信用需給は判定不能,信用データがデータなし、または売残0で信用倍率を算出不能
2026-08-19,5440,共英製鋼,プライム,1973.0,-1.35,0.41,1.91,3.15,1.15,42.48,2016.0,2010.0,1961.0,2016.0,2016.0,1906.0,1826.0,1882.07,1835.15,1835.15,3,C,64.46,64.39,15.58,61.18,1912.68,1827.55,2191.44,+0.94σ,0.86,なし,なし,買い,底固め,1,0.0,1906.0,2107.0,2.0,%D方向改善、直近下落なし（B以下に制限）、直近安値切り上げ、BB幅収縮、RSI安値切り上げ / 信用需給: 信用データがデータなし、または売残0で信用倍率を算出不能,,https://finance.yahoo.co.jp/quote/5440.T,データなし,データなし,データなし,データなし,データなし,データなし,データなし,データなし,3.0,0,0,3.0,206,206,信用需給は判定不能,信用データがデータなし、または売残0で信用倍率を算出不能
2026-08-19,7071,アンビスホールディングス,プライム,419.0,-0.95,5.81,8.27,8.72,1.22,16.33,426.0,432.0,412.0,432.0,432.0,380.0,360.0,370.83,354.57,354.57,3,C,75.0,68.05,10.79,67.41,385.4,365.93,429.4,+1.96σ,1.58,なし,なし,買い,底固め,1,0.0,380.0,497.0,2.0,%D方向改善、直近下落なし（B以下に制限）、直近安値切り上げ、BB幅収縮、RSI安値切り上げ / 信用需給: 信用データがデータなし、または売残0で信用倍率を算出不能,,https://finance.yahoo.co.jp/quote/7071.T,データなし,データなし,データなし,データなし,データなし,データなし,データなし,データなし,3.0,0,0,3.0,206,206,信用需給は判定不能,信用データがデータなし、または売残0で信用倍率を算出不能
2026-08-19,5445,東京鐵鋼,プライム,2009.0,-1.08,-0.79,0.55,2.41,0.79,33.09,2048.0,2025.0,1999.0,2048.0,2048.0,1985.0,1903.0,1937.88,1905.46,1905.46,3,C,61.76,79.95,12.46,61.57,1961.76,1878.48,1957.05,+1.19σ,0.99,なし,なし,買い,底固め,1,0.0,1959.37,2108.27,2.0,%D方向改善、直近下落なし（B以下に制限）、直近安値切り上げ、BB幅収縮、RSI安値切り上げ / 信用需給: 信用データがデータなし、または売残0で信用倍率を算出不能,,https://finance.yahoo.co.jp/quote/5445.T,データなし,データなし,データなし,データなし,データなし,データなし,データなし,データなし,3.0,0,0,3.0,206,206,信用需給は判定不能,信用データがデータなし、または売残0で信用倍率を算出不能
2026-08-19,7181,かんぽ生命保険,プライム,1632.0,-4.11,-3.83,-1.09,-4.54,1.34,54.04,1702.0,1694.0,1621.5,1702.0,1705.0,1621.5,1603.0,1672.08,1621.5,1621.5,3,C,26.13,44.48,1.91,44.75,1709.58,1589.61,1562.09,-1.79σ,1.21,なし,なし,買い,底固め,1,0.0,1550.94,1794.13,2.0,%D方向改善、直近下落なし（B以下に制限）、直近安値切り上げ、BB幅収縮、RSI安値切り上げ / 信用需給: 信用データがデータなし、または売残0で信用倍率を算出不能,,https://finance.yahoo.co.jp/quote/7181.T,データなし,データなし,データなし,データなし,データなし,データなし,データなし,データなし,3.0,0,0,3.0,206,206,信用需給は判定不能,信用データがデータなし、または売残0で信用倍率を算出不能
2026-08-19,4165,プレイド,グロース,705.0,-2.49,3.22,16.14,17.41,1.2,30.01,729.0,733.0,697.0,733.0,733.0,588.0,533.0,550.08,497.55,497.55,3,除外,81.33,80.59,10.82,70.31,600.44,552.97,665.58,+1.95σ,1.27,なし,なし,買い,底固め,1,0.0,588.0,939.0,2.0,%D方向改善、直近下落なし（B以下に制限）、直近安値切り上げ、BB幅収縮、RSI安値切り上げ / 信用需給: 信用データがデータなし、または売残0で信用倍率を算出不能,急騰済み（25日線上方乖離）,https://finance.yahoo.co.jp/quote/4165.T,データなし,データなし,データなし,データなし,データなし,データなし,データなし,データなし,3.0,0,0,3.0,206,206,信用需給は判定不能,信用データがデータなし、または売残0で信用倍率を算出不能
2026-08-19,3895,ハビックス,スタンダード,503.0,2.24,-11.6,22.98,17.91,2.78,23.01,523.0,538.0,474.0,538.0,569.0,458.0,401.0,384.02,335.99,335.99,3,除外,60.24,78.29,7.46,66.3,426.6,415.72,419.07,+1.48σ,6.37,なし,通常,買い,アンチ,1,0.0,458.0,593.0,2.0,%K反転、直近下落なし（B以下に制限） / 信用需給: 信用データがデータなし、または売残0で信用倍率を算出不能,急騰済み（5営業日急騰、25日線上方乖離）,https://finance.yahoo.co.jp/quote/3895.T,データなし,データなし,データなし,データなし,データなし,データなし,データなし,データなし,3.0,0,0,3.0,206,206,信用需給は判定不能,信用データがデータなし、または売残0で信用倍率を算出不能
2026-08-19,3946,トーモク,プライム,4630.0,-1.91,-1.28,1.09,2.62,1.68,107.43,4740.0,4775.0,4595.0,4775.0,4775.0,4535.0,4360.0,4475.02,4384.53,4384.53,3,C,39.58,64.62,15.07,61.91,4512.0,4082.2,3686.05,+0.71σ,1.01,なし,なし,買い,底固め,1,0.0,4468.85,4952.29,2.0,%D方向改善、直近下落なし（B以下に制限）、直近安値切り上げ、BB幅収縮、RSI安値切り上げ / 信用需給: 信用データがデータなし、または売残0で信用倍率を算出不能,,https://finance.yahoo.co.jp/quote/3946.T,データなし,データなし,データなし,データなし,データなし,データなし,データなし,データなし,3.0,0,0,3.0,206,206,信用需給は判定不能,信用データがデータなし、または売残0で信用倍率を算出不能
2026-08-19,4569,杏林製薬,プライム,1149.0,1.32,2.77,3.23,0.51,0.68,26.32,1146.0,1160.0,1142.0,1160.0,1160.0,1100.0,1052.0,1093.75,1050.74,1050.74,3,C,83.82,58.83,24.43,52.24,1143.2,1215.93,1441.42,+0.28σ,1.56,なし,なし,買い,底固め,1,0.0,1100.0,1247.0,2.0,%D方向改善、直近下落なし（B以下に制限）、直近安値切り上げ、RSI安値切り上げ、レンジ上限突破 / 信用需給: 信用データがデータなし、または売残0で信用倍率を算出不能,,https://finance.yahoo.co.jp/quote/4569.T,データなし,データなし,データなし,データなし,データなし,データなし,データなし,データなし,3.0,0,0,3.0,206,206,信用需給は判定不能,信用データがデータなし、または売残0で信用倍率を算出不能
2026-08-19,6309,巴工業,プライム,1957.0,-2.2,-1.26,0.98,1.73,1.26,37.96,2024.0,1999.0,1951.0,2024.0,2024.0,1933.0,1856.0,1890.78,1854.71,1854.71,3,C,27.96,73.48,4.88,57.51,1923.8,1822.12,1836.38,+0.84σ,0.91,なし,なし,買い,底固め,1,0.0,1900.06,2070.88,2.0,%D方向改善、直近下落なし（B以下に制限）、直近安値切り上げ、BB幅収縮、RSI安値切り上げ / 信用需給: 信用データがデータなし、または売残0で信用倍率を算出不能,,https://finance.yahoo.co.jp/quote/6309.T,データなし,データなし,データなし,データなし,データなし,データなし,データなし,データなし,3.0,0,0,3.0,206,206,信用需給は判定不能,信用データがデータなし、または売残0で信用倍率を算出不能
2026-08-19,5947,リンナイ,プライム,3567.0,-1.36,-2.27,-1.05,-1.2,1.14,73.89,3635.0,3620.0,3536.0,3635.0,3659.0,3536.0,3463.0,3539.58,3470.02,3470.02,3,C,24.6,54.56,11.38,46.87,3610.36,3541.24,3742.64,-0.61σ,1.29,なし,なし,買い,底固め,1,0.0,3456.17,3788.66,2.0,%D方向改善、直近下落なし（B以下に制限）、直近安値切り上げ、出来高減少後の増加、RSI安値切り上げ / 信用需給: 信用データがデータなし、または売残0で信用倍率を算出不能,,https://finance.yahoo.co.jp/quote/5947.T,データなし,データなし,データなし,データなし,データなし,データなし,データなし,データなし,3.0,0,0,3.0,206,206,信用需給は判定不能,信用データがデータなし、または売残0で信用倍率を算出不能
2026-08-19,5463,丸一鋼管,プライム,1745.5,-1.58,-1.13,0.14,-2.71,0.61,50.82,1815.0,1770.0,1739.0,1815.0,1815.0,1736.5,1687.0,1754.72,1723.86,1723.86,3,C,45.7,56.01,4.83,43.95,1794.06,1746.82,1569.38,-1.30σ,0.88,なし,なし,買い,底固め,1,0.0,1669.27,1897.95,2.0,%D方向改善、直近下落なし（B以下に制限）、直近安値切り上げ、BB幅収縮、RSI安値切り上げ / 信用需給: 信用データがデータなし、または売残0で信用倍率を算出不能,,https://finance.yahoo.co.jp/quote/5463.T,データなし,データなし,データなし,データなし,データなし,データなし,データなし,データなし,3.0,0,0,3.0,206,206,信用需給は判定不能,信用データがデータなし、または売残0で信用倍率を算出不能
2026-08-19,3093,トレジャー・ファクトリー,プライム,2102.0,-2.23,-0.47,-0.1,0.33,1.0,70.03,2158.0,2172.0,2102.0,2172.0,2172.0,2052.0,2005.0,2059.8,2024.49,2024.49,3,C,57.06,61.23,14.82,50.42,2095.16,1995.73,1819.54,+0.20σ,0.8,なし,なし,買い,底固め,1,0.0,1996.95,2312.09,2.0,%D方向改善、直近下落なし（B以下に制限）、直近安値切り上げ、ATR低下、BB幅収縮、RSI安値切り上げ / 信用需給: 信用データがデータなし、または売残0で信用倍率を算出不能,,https://finance.yahoo.co.jp/quote/3093.T,データなし,データなし,データなし,データなし,データなし,データなし,データなし,データなし,3.0,0,0,3.0,206,206,信用需給は判定不能,信用データがデータなし、または売残0で信用倍率を算出不能
2026-08-19,3148,クリエイトＳＤホールディングス,プライム,3395.0,0.59,1.8,2.41,1.39,0.88,62.43,3385.0,3415.0,3360.0,3415.0,3415.0,3275.0,3210.0,3271.71,3199.67,3199.67,3,C,87.88,62.37,22.74,58.08,3348.6,3282.47,3286.82,+0.71σ,0.99,なし,なし,買い,底固め,1,0.0,3275.0,3635.0,2.0,%D方向改善、直近下落なし（B以下に制限）、直近安値切り上げ、RSI安値切り上げ、レンジ上限突破 / 信用需給: 信用データがデータなし、または売残0で信用倍率を算出不能,,https://finance.yahoo.co.jp/quote/3148.T,データなし,データなし,データなし,データなし,データなし,データなし,データなし,データなし,3.0,0,0,3.0,206,206,信用需給は判定不能,信用データがデータなし、または売残0で信用倍率を算出不能
2026-08-19,8771,イー・ギャランティ,プライム,1851.0,-0.7,-0.22,1.26,-0.02,0.83,38.5,1870.0,1878.0,1846.0,1878.0,1878.0,1815.0,1753.0,1827.6,1808.61,1808.61,3,C,78.4,70.17,17.95,54.24,1851.32,1759.69,1746.55,+0.23σ,0.81,なし,なし,買い,底固め,1,0.0,1793.25,1966.5,2.0,%D方向改善、直近下落なし（B以下に制限）、直近安値切り上げ、BB幅収縮、RSI安値切り上げ / 信用需給: 信用データがデータなし、または売残0で信用倍率を算出不能,,https://finance.yahoo.co.jp/quote/8771.T,データなし,データなし,データなし,データなし,データなし,データなし,データなし,データなし,3.0,0,0,3.0,206,206,信用需給は判定不能,信用データがデータなし、または売残0で信用倍率を算出不能
2026-08-19,8729,ソニーフィナンシャルグループ,プライム,154.8,-0.13,-0.64,0.26,-0.85,0.84,3.44,156.8,155.7,152.8,156.8,158.2,152.8,149.8,153.49,150.98,150.98,3,C,33.8,43.76,7.03,52.03,156.13,147.29,151.43,-0.48σ,1.07,なし,なし,買い,底固め,1,0.0,149.64,165.12,2.0,%D方向改善、直近下落なし（B以下に制限）、直近安値切り上げ、BB幅収縮、RSI安値切り上げ / 信用需給: 信用データがデータなし、または売残0で信用倍率を算出不能,,https://finance.yahoo.co.jp/quote/8729.T,データなし,データなし,データなし,データなし,データなし,データなし,データなし,データなし,3.0,0,0,3.0,206,206,信用需給は判定不能,信用データがデータなし、または売残0で信用倍率を算出不能
2026-08-19,8354,ふくおかフィナンシャルグループ,プライム,7459.0,-3.92,-3.51,-0.82,-0.85,1.21,230.88,7920.0,7707.0,7428.0,7920.0,7920.0,7428.0,7093.0,7392.36,7235.46,7235.46,3,C,39.97,71.56,10.75,49.72,7522.92,7042.63,6158.34,-0.58σ,1.12,なし,なし,買い,底固め,1,0.0,7112.68,8151.63,2.0,%D方向改善、直近下落なし（B以下に制限）、直近安値切り上げ、BB幅収縮、RSI安値切り上げ / 信用需給: 信用データがデータなし、または売残0で信用倍率を算出不能,,https://finance.yahoo.co.jp/quote/8354.T,データなし,データなし,データなし,データなし,データなし,データなし,データなし,データなし,3.0,0,0,3.0,206,206,信用需給は判定不能,信用データがデータなし、または売残0で信用倍率を算出不能
2026-08-19,8558,東和銀行,プライム,1462.0,-5.8,-4.07,5.03,4.13,1.16,64.54,1583.0,1536.0,1461.0,1583.0,1583.0,1411.0,1275.0,1343.06,1273.27,1273.27,3,C,47.39,74.8,14.59,54.49,1403.96,1359.29,1177.75,+0.70σ,1.12,なし,なし,買い,底固め,1,0.0,1365.19,1655.61,2.0,%D方向改善、直近下落なし（B以下に制限）、直近安値切り上げ、BB幅収縮、RSI安値切り上げ / 信用需給: 信用データがデータなし、または売残0で信用倍率を算出不能,,https://finance.yahoo.co.jp/quote/8558.T,データなし,データなし,データなし,データなし,データなし,データなし,データなし,データなし,3.0,0,0,3.0,206,206,信用需給は判定不能,信用データがデータなし、または売残0で信用倍率を算出不能
2026-08-19,8522,名古屋銀行,プライム,6750.0,-4.66,-1.75,1.96,1.69,1.3,262.24,7090.0,6950.0,6610.0,7090.0,7090.0,6610.0,6140.0,6436.6,6219.19,6219.19,3,C,51.43,65.06,10.04,54.4,6637.6,6211.6,5426.7,+0.44σ,1.46,なし,なし,買い,底固め,1,0.0,6356.64,7536.72,2.0,%D方向改善、直近下落なし（B以下に制限）、直近安値切り上げ、BB幅収縮、RSI安値切り上げ / 信用需給: 信用データがデータなし、または売残0で信用倍率を算出不能,,https://finance.yahoo.co.jp/quote/8522.T,データなし,データなし,データなし,データなし,データなし,データなし,データなし,データなし,3.0,0,0,3.0,206,206,信用需給は判定不能,信用データがデータなし、または売残0で信用倍率を算出不能
2026-08-19,8393,宮崎銀行,プライム,2417.0,-4.09,-3.2,0.12,1.15,1.06,99.64,2589.0,2516.0,2410.0,2589.0,2589.0,2410.0,2217.0,2337.78,2258.21,2258.21,3,C,38.24,65.01,8.47,53.09,2389.52,2162.67,1762.32,-0.00σ,0.99,なし,なし,買い,底固め,1,0.0,2267.55,2715.91,2.0,%D方向改善、直近下落なし（B以下に制限）、直近安値切り上げ、BB幅収縮、RSI安値切り上げ / 信用需給: 信用データがデータなし、または売残0で信用倍率を算出不能,,https://finance.yahoo.co.jp/quote/8393.T,データなし,データなし,データなし,データなし,データなし,データなし,データなし,データなし,3.0,0,0,3.0,206,206,信用需給は判定不能,信用データがデータなし、または売残0で信用倍率を算出不能
2026-08-19,4413,ボードルア,プライム,3035.0,3.16,6.75,7.51,4.1,1.83,149.92,2978.0,3290.0,3015.0,3290.0,3290.0,2735.0,2604.0,2729.62,2602.58,2602.58,3,C,62.44,53.42,18.25,60.25,2915.52,2610.43,2364.52,+1.40σ,5.87,なし,なし,買い,底固め,1,0.0,2735.0,3635.0,2.0,%D方向改善、直近下落なし（B以下に制限）、直近安値切り上げ、出来高減少後の増加、RSI安値切り上げ、レンジ上限突破 / 信用需給: 信用データがデータなし、または売残0で信用倍率を算出不能,,https://finance.yahoo.co.jp/quote/4413.T,データなし,データなし,データなし,データなし,データなし,データなし,データなし,データなし,3.0,0,0,3.0,206,206,信用需給は判定不能,信用データがデータなし、または売残0で信用倍率を算出不能
2026-08-19,4502,武田薬品工業,プライム,5769.0,1.18,2.82,3.72,4.12,0.83,129.59,5727.0,5815.0,5707.0,5815.0,5815.0,5504.0,5225.0,5423.89,5271.68,5271.68,3,C,86.19,69.53,19.97,62.12,5540.68,5273.33,5173.68,+1.27σ,1.63,なし,なし,買い,底固め,1,0.0,5504.0,6299.0,2.0,%D方向改善、直近下落なし（B以下に制限）、直近安値切り上げ、出来高減少後の増加、RSI安値切り上げ、レンジ上限突破 / 信用需給: 信用データがデータなし、または売残0で信用倍率を算出不能,,https://finance.yahoo.co.jp/quote/4502.T,データなし,データなし,データなし,データなし,データなし,データなし,データなし,データなし,3.0,0,0,3.0,206,206,信用需給は判定不能,信用データがデータなし、または売残0で信用倍率を算出不能
2026-08-19,8361,大垣共立銀行,プライム,7880.0,-4.37,-2.11,3.55,2.35,0.83,324.42,8390.0,8090.0,7820.0,8390.0,8390.0,7720.0,6780.0,7286.86,6895.22,6895.22,3,C,54.46,72.84,16.76,53.37,7699.2,7504.93,6201.22,+0.51σ,1.28,なし,なし,買い,底固め,1,0.0,7393.37,8853.26,2.0,%D方向改善、直近下落なし（B以下に制限）、直近安値切り上げ、出来高減少後の増加、RSI安値切り上げ / 信用需給: 信用データがデータなし、または売残0で信用倍率を算出不能,,https://finance.yahoo.co.jp/quote/8361.T,データなし,データなし,データなし,データなし,データなし,データなし,データなし,データなし,3.0,0,0,3.0,206,206,信用需給は判定不能,信用データがデータなし、または売残0で信用倍率を算出不能
2026-08-19,4506,住友ファーマ,プライム,1350.5,-1.78,-1.57,0.04,3.34,1.3,50.46,1399.5,1401.5,1336.0,1401.5,1401.5,1336.0,1188.0,1263.66,1221.48,1221.48,3,C,53.85,83.17,10.26,50.86,1306.82,1450.23,1947.92,+1.06σ,0.64,なし,なし,買い,底固め,1,0.0,1274.81,1501.87,2.0,%D方向改善、直近下落なし（B以下に制限）、直近安値切り上げ、BB幅収縮、RSI安値切り上げ / 信用需給: 信用データがデータなし、または売残0で信用倍率を算出不能,,https://finance.yahoo.co.jp/quote/4506.T,データなし,データなし,データなし,データなし,データなし,データなし,データなし,データなし,3.0,0,0,3.0,206,206,信用需給は判定不能,信用データがデータなし、または売残0で信用倍率を算出不能
2026-08-19,7803,ブシロード,グロース,402.0,-1.95,2.03,4.42,2.88,0.95,21.16,420.0,418.0,398.0,420.0,420.0,372.0,356.0,371.85,357.29,357.29,3,C,50.85,57.98,10.83,61.27,390.76,310.8,295.13,+1.07σ,0.64,なし,なし,買い,底固め,1,0.0,370.26,465.47,2.0,%D方向改善、直近下落なし（B以下に制限）、直近安値切り上げ、BB幅収縮、RSI安値切り上げ / 信用需給: 信用データがデータなし、または売残0で信用倍率を算出不能,,https://finance.yahoo.co.jp/quote/7803.T,データなし,データなし,データなし,データなし,データなし,データなし,データなし,データなし,3.0,0,0,3.0,206,206,信用需給は判定不能,信用データがデータなし、または売残0で信用倍率を算出不能
2026-08-19,7794,イーディーピー,グロース,934.0,-3.21,-1.27,3.43,1.88,1.04,50.0,978.0,970.0,918.0,978.0,981.0,893.0,812.0,863.15,822.24,822.24,3,C,60.83,77.8,12.58,47.81,916.76,1070.27,941.01,+0.73σ,0.87,なし,なし,買い,底固め,1,0.0,859.01,1083.99,2.0,%D方向改善、直近下落なし（B以下に制限）、直近安値切り上げ、ATR低下、BB幅収縮、RSI安値切り上げ / 信用需給: 信用データがデータなし、または売残0で信用倍率を算出不能,,https://finance.yahoo.co.jp/quote/7794.T,データなし,データなし,データなし,データなし,データなし,データなし,データなし,データなし,3.0,0,0,3.0,206,206,信用需給は判定不能,信用データがデータなし、または売残0で信用倍率を算出不能
2026-08-19,8194,ライフコーポレーション,プライム,2612.0,-0.04,0.38,0.58,3.08,0.89,62.05,2629.0,2648.0,2593.0,2648.0,2648.0,2547.0,2418.0,2490.93,2429.07,2429.07,3,C,64.36,62.69,1.77,57.5,2533.88,2533.97,2551.22,+0.96σ,0.86,なし,なし,買い,底固め,1,0.0,2518.93,2798.14,2.0,%D方向改善、直近下落なし（B以下に制限）、直近安値切り上げ、BB幅収縮、RSI安値切り上げ / 信用需給: 信用データがデータなし、または売残0で信用倍率を算出不能,,https://finance.yahoo.co.jp/quote/8194.T,データなし,データなし,データなし,データなし,データなし,データなし,データなし,データなし,3.0,0,0,3.0,206,206,信用需給は判定不能,信用データがデータなし、または売残0で信用倍率を算出不能
2026-08-19,3679,じげん,プライム,465.0,1.75,5.92,9.93,10.74,0.88,11.41,457.0,468.0,458.0,468.0,468.0,413.0,396.0,406.99,390.88,390.88,3,除外,94.55,71.21,13.32,78.57,419.92,402.81,437.32,+2.60σ,1.88,なし,なし,買い,底固め,1,0.0,413.0,569.0,2.0,%D方向改善、直近下落なし（B以下に制限）、直近安値切り上げ、RSI安値切り上げ、レンジ上限突破 / 信用需給: 信用データがデータなし、または売残0で信用倍率を算出不能,急騰済み（25日線上方乖離、高RSI、BB +2σ大幅超過）,https://finance.yahoo.co.jp/quote/3679.T,データなし,データなし,データなし,データなし,データなし,データなし,データなし,データなし,3.0,0,0,3.0,206,206,信用需給は判定不能,信用データがデータなし、または売残0で信用倍率を算出不能
2026-08-19,3612,ワールド,プライム,1645.0,-0.24,0.92,1.29,1.82,0.83,25.31,1653.0,1654.0,1633.0,1654.0,1654.0,1609.0,1573.0,1592.76,1570.62,1570.62,3,C,85.94,62.39,17.44,59.41,1615.56,1561.71,1536.93,+1.36σ,1.49,なし,なし,買い,底固め,1,0.0,1607.03,1720.93,2.0,%D方向改善、直近下落なし（B以下に制限）、直近安値切り上げ、BB幅収縮、RSI安値切り上げ / 信用需給: 信用データがデータなし、または売残0で信用倍率を算出不能,,https://finance.yahoo.co.jp/quote/3612.T,データなし,データなし,データなし,データなし,データなし,データなし,データなし,データなし,3.0,0,0,3.0,206,206,信用需給は判定不能,信用データがデータなし、または売残0で信用倍率を算出不能
2026-08-19,3854,アイル,プライム,2404.0,-0.5,-1.44,3.26,3.92,0.94,62.72,2448.0,2439.0,2380.0,2448.0,2448.0,2271.0,2195.0,2227.62,2155.43,2155.43,3,C,74.07,60.96,20.12,59.3,2313.36,2350.61,2395.26,+1.44σ,0.94,なし,なし,買い,底固め,1,0.0,2271.0,2670.0,2.0,%D方向改善、直近下落なし（B以下に制限）、直近安値切り上げ、BB幅収縮、RSI安値切り上げ / 信用需給: 信用データがデータなし、または売残0で信用倍率を算出不能,,https://finance.yahoo.co.jp/quote/3854.T,データなし,データなし,データなし,データなし,データなし,データなし,データなし,データなし,3.0,0,0,3.0,206,206,信用需給は判定不能,信用データがデータなし、または売残0で信用倍率を算出不能
2026-08-19,3837,アドソル日進,プライム,1501.0,-1.83,-1.12,5.56,1.21,0.54,48.17,1542.0,1517.0,1491.0,1542.0,1544.0,1437.0,1357.0,1441.48,1399.81,1399.81,3,C,77.01,55.76,10.98,54.18,1483.04,1443.64,1531.5,+0.43σ,0.8,なし,なし,買い,底固め,1,0.0,1428.74,1645.51,2.0,%D方向改善、直近下落なし（B以下に制限）、直近安値切り上げ、BB幅収縮、RSI安値切り上げ / 信用需給: 信用データがデータなし、または売残0で信用倍率を算出不能,,https://finance.yahoo.co.jp/quote/3837.T,データなし,データなし,データなし,データなし,データなし,データなし,データなし,データなし,3.0,0,0,3.0,206,206,信用需給は判定不能,信用データがデータなし、または売残0で信用倍率を算出不能
2026-08-19,2749,ＪＰホールディングス,プライム,645.0,-1.23,-0.77,2.22,2.31,0.89,13.47,660.0,654.0,642.0,660.0,660.0,631.0,607.0,618.18,603.71,603.71,3,C,55.77,53.27,12.0,58.13,630.44,617.07,662.28,+0.85σ,0.75,なし,なし,買い,底固め,1,0.0,624.8,685.41,2.0,%D方向改善、直近下落なし（B以下に制限）、直近安値切り上げ、BB幅収縮、RSI安値切り上げ / 信用需給: 信用データがデータなし、または売残0で信用倍率を算出不能,,https://finance.yahoo.co.jp/quote/2749.T,データなし,データなし,データなし,データなし,データなし,データなし,データなし,データなし,3.0,0,0,3.0,206,206,信用需給は判定不能,信用データがデータなし、または売残0で信用倍率を算出不能
2026-08-19,3091,ブロンコビリー,プライム,2745.0,1.48,4.81,7.35,6.66,0.71,92.06,2722.0,2774.0,2709.0,2774.0,2774.0,2551.0,2333.0,2521.44,2410.72,2410.72,3,C,89.02,45.67,12.94,67.28,2573.68,2299.22,2121.45,+1.02σ,0.45,なし,なし,買い,底固め,1,0.0,2551.0,3133.0,2.0,%D方向改善、直近下落なし（B以下に制限）、直近安値切り上げ、RSI安値切り上げ、レンジ上限突破 / 信用需給: 信用データがデータなし、または売残0で信用倍率を算出不能,,https://finance.yahoo.co.jp/quote/3091.T,データなし,データなし,データなし,データなし,データなし,データなし,データなし,データなし,3.0,0,0,3.0,206,206,信用需給は判定不能,信用データがデータなし、または売残0で信用倍率を算出不能
2026-08-19,2734,サーラコーポレーション,プライム,1230.0,0.0,2.59,5.49,5.91,0.56,23.21,1233.0,1238.0,1225.0,1238.0,1238.0,1175.0,1120.0,1135.01,1105.27,1105.27,3,除外,91.21,71.82,13.05,74.76,1161.4,1075.41,1088.82,+2.19σ,0.9,なし,なし,買い,底固め,1,0.0,1175.0,1340.0,2.0,%D方向改善、直近下落なし（B以下に制限）、直近安値切り上げ、BB幅収縮、RSI安値切り上げ / 信用需給: 信用データがデータなし、または売残0で信用倍率を算出不能,急騰済み（高RSI）,https://finance.yahoo.co.jp/quote/2734.T,データなし,データなし,データなし,データなし,データなし,データなし,データなし,データなし,3.0,0,0,3.0,206,206,信用需給は判定不能,信用データがデータなし、または売残0で信用倍率を算出不能
2026-08-19,2962,テクニスコ,スタンダード,1740.0,4.88,26.73,32.22,32.89,1.66,147.49,1659.0,1985.0,1740.0,1985.0,1985.0,1271.0,1063.0,1134.15,971.76,971.76,3,除外,67.11,79.65,11.39,69.07,1309.32,1247.6,872.92,+2.73σ,22.5,なし,なし,買い,底固め,1,0.0,1271.0,2678.0,2.0,%D方向改善、直近下落なし（B以下に制限）、直近安値切り上げ、ATR低下、BB幅収縮、RSI安値切り上げ、レンジ上限突破 / 信用需給: 信用データがデータなし、または売残0で信用倍率を算出不能,急騰済み（3営業日急騰、5営業日急騰、25日線上方乖離、BB +2σ大幅超過）,https://finance.yahoo.co.jp/quote/2962.T,データなし,データなし,データなし,データなし,データなし,データなし,データなし,データなし,3.0,0,0,3.0,206,206,信用需給は判定不能,信用データがデータなし、または売残0で信用倍率を算出不能
2026-08-19,8628,松井証券,プライム,1097.0,-0.81,-0.72,0.18,1.12,0.72,23.45,1110.0,1108.0,1091.0,1110.0,1110.0,1088.0,1023.0,1057.5,1029.16,1029.16,3,C,56.6,68.61,17.48,58.76,1084.84,999.52,929.36,+0.39σ,0.6,はらみ足,なし,買い,底固め,1,0.0,1061.82,1167.35,2.0,%D方向改善、直近下落なし（B以下に制限）、直近安値切り上げ、BB幅収縮、RSI安値切り上げ / 信用需給: 信用データがデータなし、または売残0で信用倍率を算出不能,,https://finance.yahoo.co.jp/quote/8628.T,データなし,データなし,データなし,データなし,データなし,データなし,データなし,データなし,3.0,0,0,3.0,206,206,信用需給は判定不能,信用データがデータなし、または売残0で信用倍率を算出不能
2026-08-19,7278,エクセディ,プライム,6070.0,-2.72,-1.62,0.17,0.76,1.76,102.39,6240.0,6190.0,6010.0,6240.0,6240.0,6010.0,5840.0,5940.27,5832.54,5832.54,3,C,32.0,68.36,16.29,52.15,6024.0,5988.8,5771.6,+0.20σ,1.3,なし,なし,買い,底固め,1,0.0,5916.41,6377.18,2.0,%D方向改善、直近下落なし（B以下に制限）、直近安値切り上げ、出来高減少後の増加、RSI安値切り上げ / 信用需給: 信用データがデータなし、または売残0で信用倍率を算出不能,,https://finance.yahoo.co.jp/quote/7278.T,データなし,データなし,データなし,データなし,データなし,データなし,データなし,データなし,3.0,0,0,3.0,206,206,信用需給は判定不能,信用データがデータなし、または売残0で信用倍率を算出不能
2026-08-19,7868,広済堂ホールディングス,プライム,558.0,-3.96,1.45,2.76,5.05,1.17,19.67,587.0,580.0,557.0,587.0,587.0,533.0,493.0,510.01,489.22,489.22,3,C,67.42,84.69,13.98,56.86,531.2,563.32,506.69,+1.31σ,0.73,なし,なし,買い,底固め,1,0.0,528.5,617.0,2.0,%D方向改善、直近下落なし（B以下に制限）、直近安値切り上げ、ATR低下、BB幅収縮、RSI安値切り上げ / 信用需給: 信用データがデータなし、または売残0で信用倍率を算出不能,,https://finance.yahoo.co.jp/quote/7868.T,データなし,データなし,データなし,データなし,データなし,データなし,データなし,データなし,3.0,0,0,3.0,206,206,信用需給は判定不能,信用データがデータなし、または売残0で信用倍率を算出不能
2026-08-19,7906,ヨネックス,スタンダード,2775.0,0.69,-1.94,-1.6,5.39,0.76,110.15,2784.0,2856.0,2772.0,2856.0,2859.0,2704.0,2452.0,2534.64,2426.54,2426.54,3,C,54.08,58.06,8.74,63.57,2633.12,2485.55,3047.5,+1.22σ,1.06,なし,なし,買い,底固め,1,0.0,2609.78,3105.44,2.0,%D方向改善、直近下落なし（B以下に制限）、直近安値切り上げ、BB幅収縮、RSI安値切り上げ / 信用需給: 信用データがデータなし、または売残0で信用倍率を算出不能,,https://finance.yahoo.co.jp/quote/7906.T,データなし,データなし,データなし,データなし,データなし,データなし,データなし,データなし,3.0,0,0,3.0,206,206,信用需給は判定不能,信用データがデータなし、または売残0で信用倍率を算出不能
2026-08-19,7818,トランザクション,プライム,1192.0,-0.25,-0.67,-0.17,-3.01,0.42,32.96,1197.0,1198.0,1184.0,1198.0,1214.0,1167.0,1151.0,1182.29,1161.43,1161.43,3,C,65.08,45.43,8.51,40.99,1229.0,1268.75,1194.68,-0.53σ,0.85,なし,なし,買い,底固め,1,0.0,1142.56,1290.87,2.0,%D方向改善、直近下落なし（B以下に制限）、直近安値切り上げ、ATR低下、BB幅収縮、RSI安値切り上げ / 信用需給: 信用データがデータなし、または売残0で信用倍率を算出不能,,https://finance.yahoo.co.jp/quote/7818.T,データなし,データなし,データなし,データなし,データなし,データなし,データなし,データなし,3.0,0,0,3.0,206,206,信用需給は判定不能,信用データがデータなし、または売残0で信用倍率を算出不能
2026-08-19,9759,ＮＳＤ,プライム,2809.0,-0.34,-0.88,0.34,1.69,1.0,69.74,2834.5,2850.0,2780.0,2850.0,2850.0,2764.0,2613.0,2696.4,2614.1,2614.1,3,C,70.29,54.03,11.4,56.4,2762.28,2629.1,2973.38,+0.37σ,0.54,なし,なし,買い,底固め,1,0.0,2704.39,3018.22,2.0,%D方向改善、直近下落なし（B以下に制限）、直近安値切り上げ、BB幅収縮、RSI安値切り上げ / 信用需給: 信用データがデータなし、または売残0で信用倍率を算出不能,,https://finance.yahoo.co.jp/quote/9759.T,データなし,データなし,データなし,データなし,データなし,データなし,データなし,データなし,3.0,0,0,3.0,206,206,信用需給は判定不能,信用データがデータなし、または売残0で信用倍率を算出不能
2026-08-19,7389,あいちフィナンシャルグループ,プライム,1769.0,-4.84,-5.3,4.8,2.18,0.97,87.99,1915.0,1836.0,1751.0,1915.0,1926.0,1707.0,1573.0,1648.52,1553.3,1553.3,3,C,55.52,52.79,15.71,55.94,1731.2,1522.67,1272.71,+0.27σ,1.27,なし,なし,買い,底固め,1,0.0,1637.02,2032.97,2.0,%D方向改善、直近下落なし（B以下に制限）、直近安値切り上げ、BB幅収縮、RSI安値切り上げ / 信用需給: 信用データがデータなし、または売残0で信用倍率を算出不能,,https://finance.yahoo.co.jp/quote/7389.T,データなし,データなし,データなし,データなし,データなし,データなし,データなし,データなし,3.0,0,0,3.0,206,206,信用需給は判定不能,信用データがデータなし、または売残0で信用倍率を算出不能
2026-08-19,7226,極東開発工業,プライム,2310.0,-1.7,-1.49,-0.65,-0.93,0.86,40.82,2364.0,2340.0,2305.0,2364.0,2364.0,2305.0,2266.0,2306.93,2279.66,2279.66,3,C,8.33,47.97,6.05,49.6,2331.72,2269.6,2736.72,-0.89σ,1.2,なし,なし,買い,底固め,1,0.0,2248.77,2432.47,2.0,%D方向改善、直近下落なし（B以下に制限）、直近安値切り上げ、BB幅収縮、RSI安値切り上げ / 信用需給: 信用データがデータなし、または売残0で信用倍率を算出不能,,https://finance.yahoo.co.jp/quote/7226.T,データなし,データなし,データなし,データなし,データなし,データなし,データなし,データなし,3.0,0,0,3.0,206,206,信用需給は判定不能,信用データがデータなし、または売残0で信用倍率を算出不能
2026-08-19,9107,川崎汽船,プライム,3157.0,0.51,4.19,9.96,10.88,0.99,84.53,3183.0,3210.0,3126.0,3210.0,3210.0,2870.5,2685.0,2769.39,2652.12,2652.12,3,除外,85.58,73.9,4.9,75.65,2847.34,2646.3,2456.69,+2.31σ,1.34,なし,なし,買い,底固め,1,0.0,2870.5,3730.0,2.0,%D方向改善、直近下落なし（B以下に制限）、直近安値切り上げ、BB幅収縮、RSI安値切り上げ / 信用需給: 信用データがデータなし、または売残0で信用倍率を算出不能,急騰済み（25日線上方乖離、高RSI、BB +2σ大幅超過）,https://finance.yahoo.co.jp/quote/9107.T,データなし,データなし,データなし,データなし,データなし,データなし,データなし,データなし,3.0,0,0,3.0,206,206,信用需給は判定不能,信用データがデータなし、または売残0で信用倍率を算出不能
2026-08-19,2168,パソナグループ,プライム,1627.0,-0.97,-0.79,-0.49,2.5,0.83,33.61,1657.0,1648.0,1620.0,1657.0,1657.0,1608.0,1523.0,1563.54,1532.18,1532.18,3,C,45.45,73.98,12.96,60.37,1587.32,1572.89,1802.42,+1.02σ,0.65,なし,なし,買い,底固め,1,0.0,1576.58,1727.84,2.0,%D方向改善、直近下落なし（B以下に制限）、直近安値切り上げ、BB幅収縮、RSI安値切り上げ / 信用需給: 信用データがデータなし、または売残0で信用倍率を算出不能,,https://finance.yahoo.co.jp/quote/2168.T,データなし,データなし,データなし,データなし,データなし,データなし,データなし,データなし,3.0,0,0,3.0,206,206,信用需給は判定不能,信用データがデータなし、または売残0で信用倍率を算出不能
2026-08-19,9101,日本郵船,プライム,6733.0,-0.75,5.2,9.87,11.51,1.44,170.55,6797.0,6893.0,6647.0,6893.0,6893.0,6141.0,5735.0,5875.96,5610.07,5610.07,3,除外,80.1,78.45,7.58,75.04,6037.96,5611.88,5431.28,+2.22σ,1.27,なし,なし,買い,底固め,1,0.0,6141.0,7917.0,2.0,%D方向改善、直近下落なし（B以下に制限）、直近安値切り上げ、BB幅収縮、RSI安値切り上げ / 信用需給: 信用データがデータなし、または売残0で信用倍率を算出不能,急騰済み（25日線上方乖離、高RSI、BB +2σ大幅超過）,https://finance.yahoo.co.jp/quote/9101.T,データなし,データなし,データなし,データなし,データなし,データなし,データなし,データなし,3.0,0,0,3.0,206,206,信用需給は判定不能,信用データがデータなし、または売残0で信用倍率を算出不能
2026-08-19,1822,大豊建設,スタンダード,801.0,-0.74,-0.99,1.26,1.62,0.68,13.18,810.0,805.0,796.0,810.0,816.0,790.0,765.0,775.44,762.83,762.83,3,C,64.29,64.98,11.54,58.0,788.24,763.4,782.58,+1.03σ,0.79,なし,なし,買い,底固め,1,0.0,781.22,840.55,2.0,%D方向改善、直近下落なし（B以下に制限）、直近安値切り上げ、BB幅収縮、RSI安値切り上げ / 信用需給: 信用データがデータなし、または売残0で信用倍率を算出不能,,https://finance.yahoo.co.jp/quote/1822.T,データなし,データなし,データなし,データなし,データなし,データなし,データなし,データなし,3.0,0,0,3.0,206,206,信用需給は判定不能,信用データがデータなし、または売残0で信用倍率を算出不能
2026-08-19,9274,ＫＰＰグループホールディングス,プライム,1110.0,-1.07,1.37,4.42,1.51,0.68,27.94,1123.0,1116.0,1097.0,1123.0,1123.0,1067.0,1047.0,1082.34,1066.47,1066.47,3,C,82.89,55.79,7.94,56.34,1093.44,1027.23,916.1,+0.74σ,0.84,はらみ足,なし,買い,底固め,1,0.0,1067.0,1196.0,2.0,%D方向改善、直近下落なし（B以下に制限）、直近安値切り上げ、BB幅収縮、RSI安値切り上げ / 信用需給: 信用データがデータなし、または売残0で信用倍率を算出不能,,https://finance.yahoo.co.jp/quote/9274.T,データなし,データなし,データなし,データなし,データなし,データなし,データなし,データなし,3.0,0,0,3.0,206,206,信用需給は判定不能,信用データがデータなし、または売残0で信用倍率を算出不能
2026-08-19,9956,バローホールディングス,プライム,3210.0,-0.62,0.16,1.26,-0.96,0.92,92.54,3230.0,3265.0,3180.0,3265.0,3265.0,3130.0,3115.0,3154.59,3078.68,3078.68,3,C,59.26,37.18,12.29,44.9,3241.2,3445.0,3442.28,-0.27σ,0.83,なし,なし,買い,底固め,1,0.0,3071.19,3487.62,2.0,%D方向改善、直近下落なし（B以下に制限）、直近安値切り上げ、ATR低下、BB幅収縮、RSI安値切り上げ / 信用需給: 信用データがデータなし、または売残0で信用倍率を算出不能,,https://finance.yahoo.co.jp/quote/9956.T,データなし,データなし,データなし,データなし,データなし,データなし,データなし,データなし,3.0,0,0,3.0,206,206,信用需給は判定不能,信用データがデータなし、または売残0で信用倍率を算出不能
2026-08-19,9987,スズケン,プライム,5090.0,1.03,1.8,1.8,0.31,0.87,118.92,5048.0,5152.0,5048.0,5152.0,5152.0,4951.0,4770.0,4906.38,4750.11,4750.11,3,C,81.27,54.89,22.83,53.23,5074.2,5109.93,5729.01,+0.18σ,1.1,なし,なし,買い,底固め,1,0.0,4911.62,5446.76,2.0,%D方向改善、直近下落なし（B以下に制限）、直近安値切り上げ、RSI安値切り上げ、レンジ上限突破 / 信用需給: 信用データがデータなし、または売残0で信用倍率を算出不能,,https://finance.yahoo.co.jp/quote/9987.T,データなし,データなし,データなし,データなし,データなし,データなし,データなし,データなし,3.0,0,0,3.0,206,206,信用需給は判定不能,信用データがデータなし、または売残0で信用倍率を算出不能
2026-08-19,1662,石油資源開発,プライム,1834.0,-2.08,0.77,1.05,4.58,0.93,54.66,1874.0,1872.0,1821.0,1874.0,1874.0,1768.0,1622.0,1719.86,1672.78,1672.78,3,C,71.63,72.68,14.28,60.46,1753.76,1776.68,1871.85,+1.42σ,0.86,なし,なし,買い,底固め,1,0.0,1752.01,1997.97,2.0,%D方向改善、直近下落なし（B以下に制限）、直近安値切り上げ、BB幅収縮、RSI安値切り上げ / 信用需給: 信用データがデータなし、または売残0で信用倍率を算出不能,,https://finance.yahoo.co.jp/quote/1662.T,データなし,データなし,データなし,データなし,データなし,データなし,データなし,データなし,3.0,0,0,3.0,206,206,信用需給は判定不能,信用データがデータなし、または売残0で信用倍率を算出不能
2026-08-19,1605,ＩＮＰＥＸ,プライム,3860.0,-1.03,2.06,3.85,6.92,0.78,111.59,3900.0,3888.0,3801.0,3900.0,3900.0,3661.0,3377.0,3513.44,3383.29,3383.29,3,C,87.46,67.03,17.97,64.35,3610.24,3601.13,3586.91,+1.66σ,1.32,なし,なし,買い,底固め,1,0.0,3661.0,4258.0,2.0,%D方向改善、直近下落なし（B以下に制限）、直近安値切り上げ、BB幅収縮、RSI安値切り上げ / 信用需給: 信用データがデータなし、または売残0で信用倍率を算出不能,,https://finance.yahoo.co.jp/quote/1605.T,データなし,データなし,データなし,データなし,データなし,データなし,データなし,データなし,3.0,0,0,3.0,206,206,信用需給は判定不能,信用データがデータなし、または売残0で信用倍率を算出不能
2026-08-19,1417,ミライト・ワン,プライム,3443.0,-2.02,-1.03,-0.72,-3.31,0.75,78.37,3580.0,3486.0,3427.0,3580.0,3580.0,3427.0,3407.0,3451.26,3373.67,3373.67,3,C,20.81,41.5,12.25,37.53,3560.96,3784.76,3652.57,-1.11σ,1.28,なし,なし,買い,底固め,1,0.0,3325.44,3678.12,2.0,%D方向改善、直近下落なし（B以下に制限）、直近安値切り上げ、出来高減少後の増加、RSI安値切り上げ / 信用需給: 信用データがデータなし、または売残0で信用倍率を算出不能,,https://finance.yahoo.co.jp/quote/1417.T,データなし,データなし,データなし,データなし,データなし,データなし,データなし,データなし,3.0,0,0,3.0,206,206,信用需給は判定不能,信用データがデータなし、または売残0で信用倍率を算出不能
2026-08-19,1377,サカタのタネ,プライム,4455.0,-0.11,2.06,1.37,1.47,0.63,79.06,4470.0,4475.0,4425.0,4475.0,4475.0,4360.0,4265.0,4327.99,4265.73,4265.73,3,C,83.33,58.87,20.89,59.47,4390.6,4242.53,4204.88,+1.04σ,0.82,なし,なし,買い,底固め,1,0.0,4336.4,4692.19,2.0,%D方向改善、直近下落なし（B以下に制限）、直近安値切り上げ、BB幅収縮、RSI安値切り上げ / 信用需給: 信用データがデータなし、または売残0で信用倍率を算出不能,,https://finance.yahoo.co.jp/quote/1377.T,データなし,データなし,データなし,データなし,データなし,データなし,データなし,データなし,3.0,0,0,3.0,206,206,信用需給は判定不能,信用データがデータなし、または売残0で信用倍率を算出不能
2026-08-19,1926,ライト工業,プライム,3740.0,-0.93,-0.27,0.13,-1.82,0.65,84.27,3795.0,3775.0,3720.0,3795.0,3820.0,3720.0,3660.0,3733.4,3675.31,3675.31,3,C,17.39,25.63,1.98,39.95,3809.2,3941.13,3762.98,-0.89σ,0.77,なし,なし,買い,底固め,1,0.0,3613.6,3992.81,2.0,%D方向改善、直近下落なし（B以下に制限）、直近安値切り上げ、BB幅収縮、RSI安値切り上げ / 信用需給: 信用データがデータなし、または売残0で信用倍率を算出不能,,https://finance.yahoo.co.jp/quote/1926.T,データなし,データなし,データなし,データなし,データなし,データなし,データなし,データなし,3.0,0,0,3.0,206,206,信用需給は判定不能,信用データがデータなし、または売残0で信用倍率を算出不能
2026-08-19,9997,ベルーナ,プライム,1032.0,-0.67,-0.1,0.68,-0.88,0.55,21.69,1052.0,1038.0,1026.0,1052.0,1052.0,1014.0,967.0,998.51,959.47,959.47,3,C,62.26,57.99,17.09,52.92,1041.16,971.51,962.32,-0.14σ,0.78,なし,なし,買い,底固め,1,0.0,999.47,1097.07,2.0,%D方向改善、直近下落なし（B以下に制限）、直近安値切り上げ、BB幅収縮、RSI安値切り上げ / 信用需給: 信用データがデータなし、または売残0で信用倍率を算出不能,,https://finance.yahoo.co.jp/quote/9997.T,データなし,データなし,データなし,データなし,データなし,データなし,データなし,データなし,3.0,0,0,3.0,206,206,信用需給は判定不能,信用データがデータなし、または売残0で信用倍率を算出不能
2026-08-19,1882,東亜道路工業,プライム,1596.0,-1.24,-1.54,0.0,-0.8,1.22,22.17,1624.0,1616.0,1589.0,1624.0,1635.0,1589.0,1571.0,1595.62,1579.34,1579.34,2,C,26.42,51.63,2.63,48.28,1608.92,1561.2,1656.77,-0.98σ,1.71,なし,なし,買い,底固め,1,0.0,1562.74,1662.51,2.0,直近下落なし（B以下に制限）、直近安値切り上げ、BB幅収縮、RSI安値切り上げ / 信用需給: 信用データがデータなし、または売残0で信用倍率を算出不能,,https://finance.yahoo.co.jp/quote/1882.T,データなし,データなし,データなし,データなし,データなし,データなし,データなし,データなし,2.0,0,0,2.0,287,287,信用需給は判定不能,信用データがデータなし、または売残0で信用倍率を算出不能
2026-08-19,1887,日本国土開発,プライム,536.0,-1.65,0.37,1.9,2.52,1.21,9.95,550.0,544.0,532.0,550.0,551.0,522.0,507.0,513.33,503.27,503.27,2,C,51.61,80.0,2.97,56.37,522.8,536.48,570.84,+1.25σ,0.81,なし,なし,買い,底固め,1,0.0,521.07,565.85,2.0,直近下落なし（B以下に制限）、直近安値切り上げ、ATR低下、BB幅収縮、RSI安値切り上げ / 信用需給: 信用データがデータなし、または売残0で信用倍率を算出不能,,https://finance.yahoo.co.jp/quote/1887.T,データなし,データなし,データなし,データなし,データなし,データなし,データなし,データなし,2.0,0,0,2.0,287,287,信用需給は判定不能,信用データがデータなし、または売残0で信用倍率を算出不能
2026-08-19,1938,日本リーテック,プライム,2406.0,-2.94,-1.43,0.17,-2.63,0.53,76.85,2520.0,2433.0,2392.0,2520.0,2520.0,2392.0,2330.0,2402.88,2353.27,2353.27,2,C,29.19,48.88,5.17,42.17,2471.0,2663.32,2514.89,-0.94σ,1.22,なし,なし,買い,底固め,1,0.0,2290.72,2636.55,2.0,直近下落なし（B以下に制限）、直近安値切り上げ、BB幅収縮、出来高減少後の増加、RSI安値切り上げ / 信用需給: 信用データがデータなし、または売残0で信用倍率を算出不能,,https://finance.yahoo.co.jp/quote/1938.T,データなし,データなし,データなし,データなし,データなし,データなし,データなし,データなし,2.0,0,0,2.0,287,287,信用需給は判定不能,信用データがデータなし、または売残0で信用倍率を算出不能
2026-08-19,1946,トーエネック,プライム,2048.0,-3.8,-2.57,-1.4,-1.75,0.82,69.28,2170.0,2097.0,2040.0,2170.0,2170.0,2040.0,1948.0,2036.81,1990.88,1990.88,2,C,13.48,57.37,2.87,44.43,2084.4,2179.79,2064.44,-0.76σ,1.03,なし,なし,買い,底固め,1,0.0,1944.09,2255.83,2.0,直近下落なし（B以下に制限）、直近安値切り上げ、BB幅収縮、RSI安値切り上げ / 信用需給: 信用データがデータなし、または売残0で信用倍率を算出不能,,https://finance.yahoo.co.jp/quote/1946.T,データなし,データなし,データなし,データなし,データなし,データなし,データなし,データなし,2.0,0,0,2.0,287,287,信用需給は判定不能,信用データがデータなし、または売残0で信用倍率を算出不能
2026-08-19,1952,新日本空調,プライム,2980.0,-3.56,-5.1,-2.13,-9.2,0.6,134.72,3205.0,3045.0,2964.0,3205.0,3250.0,2964.0,2930.0,3065.25,2896.75,2896.75,2,C,5.59,37.08,-3.23,36.13,3282.0,3428.0,3412.57,-1.51σ,1.46,なし,なし,買い,底固め,1,0.0,2777.92,3384.16,2.0,直近下落なし（B以下に制限）、直近安値切り上げ、出来高減少後の増加、RSI安値切り上げ / 信用需給: 信用データがデータなし、または売残0で信用倍率を算出不能,,https://finance.yahoo.co.jp/quote/1952.T,データなし,データなし,データなし,データなし,データなし,データなし,データなし,データなし,2.0,0,0,2.0,287,287,信用需給は判定不能,信用データがデータなし、または売残0で信用倍率を算出不能
2026-08-19,1961,三機工業,プライム,2358.0,-4.88,-3.4,-0.88,-2.31,0.46,120.88,2559.0,2396.0,2340.0,2559.0,2585.0,2340.0,2127.0,2291.02,2200.59,2200.59,2,C,7.35,66.95,2.85,44.22,2413.88,2525.8,2287.21,-0.26σ,0.85,なし,なし,買い,底固め,1,0.0,2176.68,2720.64,2.0,直近下落なし（B以下に制限）、直近安値切り上げ、BB幅収縮、RSI安値切り上げ / 信用需給: 信用データがデータなし、または売残0で信用倍率を算出不能,,https://finance.yahoo.co.jp/quote/1961.T,データなし,データなし,データなし,データなし,データなし,データなし,データなし,データなし,2.0,0,0,2.0,287,287,信用需給は判定不能,信用データがデータなし、または売残0で信用倍率を算出不能
2026-08-19,1968,太平電業,プライム,2371.0,-0.59,-0.63,-0.29,-2.35,0.61,76.68,2465.0,2396.0,2349.0,2465.0,2465.0,2349.0,2326.0,2383.73,2348.31,2348.31,2,C,29.32,34.68,-4.64,40.67,2428.08,2594.32,2542.47,-1.36σ,1.21,陰線→陽線,なし,買い,底固め,1,0.0,2255.97,2601.05,2.0,直近下落なし（B以下に制限）、直近安値切り上げ、BB幅収縮、RSI安値切り上げ / 信用需給: 信用データがデータなし、または売残0で信用倍率を算出不能,,https://finance.yahoo.co.jp/quote/1968.T,データなし,データなし,データなし,データなし,データなし,データなし,データなし,データなし,2.0,0,0,2.0,287,287,信用需給は判定不能,信用データがデータなし、または売残0で信用倍率を算出不能
2026-08-19,1969,高砂熱学工業,プライム,4149.0,-2.56,-4.36,0.34,-4.58,0.64,169.36,4419.0,4188.0,4080.0,4419.0,4467.0,4080.0,3985.0,4142.42,4003.4,4003.4,2,C,34.02,47.31,7.21,41.44,4348.16,4584.68,4616.83,-0.95σ,0.79,なし,なし,買い,底固め,1,0.0,3894.97,4657.07,2.0,直近下落なし（B以下に制限）、直近安値切り上げ、BB幅収縮、RSI安値切り上げ / 信用需給: 信用データがデータなし、または売残0で信用倍率を算出不能,,https://finance.yahoo.co.jp/quote/1969.T,データなし,データなし,データなし,データなし,データなし,データなし,データなし,データなし,2.0,0,0,2.0,287,287,信用需給は判定不能,信用データがデータなし、または売残0で信用倍率を算出不能
2026-08-19,1975,朝日工業社,プライム,3730.0,-5.09,-2.74,-0.93,-4.85,1.11,184.8,4050.0,3915.0,3710.0,4050.0,4130.0,3710.0,3575.0,3730.72,3594.18,3594.18,2,C,5.88,45.24,2.25,41.19,3920.2,4025.6,3785.72,-1.01σ,1.24,なし,なし,買い,底固め,1,0.0,3452.8,4284.4,2.0,直近下落なし（B以下に制限）、直近安値切り上げ、BB幅収縮、出来高減少後の増加、RSI安値切り上げ / 信用需給: 信用データがデータなし、または売残0で信用倍率を算出不能,,https://finance.yahoo.co.jp/quote/1975.T,データなし,データなし,データなし,データなし,データなし,データなし,データなし,データなし,2.0,0,0,2.0,287,287,信用需給は判定不能,信用データがデータなし、または売残0で信用倍率を算出不能
2026-08-19,1982,日比谷総合設備,プライム,2872.0,-4.27,-3.62,-1.88,-0.28,0.59,122.74,3070.0,2933.0,2860.0,3070.0,3135.0,2860.0,2677.0,2804.98,2721.91,2721.91,2,C,14.61,47.12,1.81,46.76,2879.96,2999.63,2767.98,-0.19σ,0.88,なし,なし,買い,底固め,1,0.0,2687.89,3240.22,2.0,直近下落なし（B以下に制限）、直近安値切り上げ、BB幅収縮、RSI安値切り上げ / 信用需給: 信用データがデータなし、または売残0で信用倍率を算出不能,,https://finance.yahoo.co.jp/quote/1982.T,データなし,データなし,データなし,データなし,データなし,データなし,データなし,データなし,2.0,0,0,2.0,287,287,信用需給は判定不能,信用データがデータなし、または売残0で信用倍率を算出不能
2026-08-19,9348,ｉｓｐａｃｅ,グロース,427.0,-2.73,0.47,1.43,2.0,0.75,14.64,446.0,435.0,424.0,446.0,446.0,417.0,397.0,406.9,397.19,397.19,2,C,48.65,78.32,10.63,49.3,418.64,479.19,496.54,+1.07σ,0.76,なし,なし,買い,底固め,1,0.0,405.03,470.93,2.0,直近下落なし（B以下に制限）、直近安値切り上げ、ATR低下、BB幅収縮、RSI安値切り上げ / 信用需給: 信用データがデータなし、または売残0で信用倍率を算出不能,,https://finance.yahoo.co.jp/quote/9348.T,データなし,データなし,データなし,データなし,データなし,データなし,データなし,データなし,2.0,0,0,2.0,287,287,信用需給は判定不能,信用データがデータなし、または売残0で信用倍率を算出不能
2026-08-19,9519,レノバ,プライム,901.0,-6.54,-4.15,-1.53,-5.69,1.44,40.28,975.0,959.0,901.0,975.0,975.0,901.0,864.0,906.55,868.8,868.8,2,C,21.28,57.0,14.68,42.7,955.36,1027.0,871.08,-1.15σ,0.9,なし,なし,買い,底固め,1,0.0,840.58,1021.84,2.0,直近下落なし（B以下に制限）、直近安値切り上げ、ATR低下、RSI安値切り上げ / 信用需給: 信用データがデータなし、または売残0で信用倍率を算出不能,,https://finance.yahoo.co.jp/quote/9519.T,データなし,データなし,データなし,データなし,データなし,データなし,データなし,データなし,2.0,0,0,2.0,287,287,信用需給は判定不能,信用データがデータなし、または売残0で信用倍率を算出不能
2026-08-19,7220,武蔵精密工業,プライム,3380.0,-6.63,-6.76,-2.87,2.06,0.48,273.64,3825.0,3480.0,3350.0,3825.0,3825.0,3350.0,2860.0,3096.19,2870.39,2870.39,2,C,10.1,62.28,-4.25,44.79,3311.8,4710.67,3589.02,+0.26σ,0.74,なし,なし,買い,底固め,1,0.0,2969.54,4200.92,2.0,直近下落なし（B以下に制限）、直近安値切り上げ、ATR低下、BB幅収縮、RSI安値切り上げ / 信用需給: 信用データがデータなし、または売残0で信用倍率を算出不能,,https://finance.yahoo.co.jp/quote/7220.T,データなし,データなし,データなし,データなし,データなし,データなし,データなし,データなし,2.0,0,0,2.0,287,287,信用需給は判定不能,信用データがデータなし、または売残0で信用倍率を算出不能
2026-08-19,7717,ブイ・テクノロジー,プライム,5430.0,-7.97,-6.54,-3.04,-9.26,0.79,457.18,6250.0,5770.0,5410.0,6250.0,6250.0,5410.0,4860.0,5337.52,4908.3,4908.3,2,C,5.75,55.65,2.88,40.61,5984.2,6294.47,4669.87,-0.78σ,0.76,なし,なし,買い,底固め,1,0.0,4744.23,6801.54,2.0,直近下落なし（B以下に制限）、直近安値切り上げ、ATR低下、BB幅収縮、RSI安値切り上げ / 信用需給: 信用データがデータなし、または売残0で信用倍率を算出不能,,https://finance.yahoo.co.jp/quote/7717.T,データなし,データなし,データなし,データなし,データなし,データなし,データなし,データなし,2.0,0,0,2.0,287,287,信用需給は判定不能,信用データがデータなし、または売残0で信用倍率を算出不能
2026-08-19,7735,ＳＣＲＥＥＮホールディングス,プライム,13180.0,-3.76,-7.67,-4.11,-10.32,0.67,974.41,14590.0,13695.0,13040.0,14590.0,14730.0,13040.0,11370.0,12527.18,11150.11,11150.11,2,C,8.28,69.36,7.47,41.8,14697.4,14146.0,10729.46,-0.53σ,0.92,陰線→陽線,なし,買い,底固め,1,0.0,11718.39,16103.23,2.0,直近下落なし（B以下に制限）、直近安値切り上げ、ATR低下、RSI安値切り上げ / 信用需給: 信用データがデータなし、または売残0で信用倍率を算出不能,,https://finance.yahoo.co.jp/quote/7735.T,データなし,データなし,データなし,データなし,データなし,データなし,データなし,データなし,2.0,0,0,2.0,287,287,信用需給は判定不能,信用データがデータなし、または売残0で信用倍率を算出不能
2026-08-19,7777,スリー・ディー・マトリックス,グロース,357.0,-5.56,-3.77,-0.56,2.47,1.26,16.67,389.0,376.0,355.0,389.0,389.0,355.0,306.0,327.68,308.76,308.76,2,C,37.25,81.79,3.01,50.51,348.4,388.12,420.8,+0.55σ,1.06,なし,なし,買い,底固め,1,0.0,332.0,407.0,2.0,直近下落なし（B以下に制限）、直近安値切り上げ、ATR低下、RSI安値切り上げ / 信用需給: 信用データがデータなし、または売残0で信用倍率を算出不能,,https://finance.yahoo.co.jp/quote/7777.T,データなし,データなし,データなし,データなし,データなし,データなし,データなし,データなし,2.0,0,0,2.0,287,287,信用需給は判定不能,信用データがデータなし、または売残0で信用倍率を算出不能
2026-08-19,7779,ＣＹＢＥＲＤＹＮＥ,グロース,235.0,-2.49,-8.2,-1.67,2.62,0.69,10.16,248.0,238.0,231.0,248.0,259.0,231.0,208.0,218.69,208.19,208.19,2,C,14.29,78.14,-3.71,50.06,229.0,257.11,253.52,+0.55σ,0.83,なし,なし,買い,底固め,1,0.0,219.76,265.48,2.0,直近下落なし（B以下に制限）、直近安値切り上げ、ATR低下、RSI安値切り上げ / 信用需給: 信用データがデータなし、または売残0で信用倍率を算出不能,,https://finance.yahoo.co.jp/quote/7779.T,データなし,データなし,データなし,データなし,データなし,データなし,データなし,データなし,2.0,0,0,2.0,287,287,信用需給は判定不能,信用データがデータなし、または売残0で信用倍率を算出不能
2026-08-19,7917,ＺＡＣＲＯＳ,プライム,1272.0,-2.15,-2.6,0.16,-5.89,0.66,40.93,1318.0,1296.0,1269.0,1318.0,1318.0,1269.0,1257.0,1291.1,1237.79,1237.79,2,C,24.59,31.97,-11.04,40.73,1351.6,1321.87,1274.04,-1.36σ,1.42,なし,なし,買い,底固め,1,0.0,1210.61,1394.79,2.0,直近下落なし（B以下に制限）、直近安値切り上げ、出来高減少後の増加、RSI安値切り上げ / 信用需給: 信用データがデータなし、または売残0で信用倍率を算出不能,,https://finance.yahoo.co.jp/quote/7917.T,データなし,データなし,データなし,データなし,データなし,データなし,データなし,データなし,2.0,0,0,2.0,287,287,信用需給は判定不能,信用データがデータなし、または売残0で信用倍率を算出不能
2026-08-19,8173,Ｊｏｓｈｉｎ,プライム,4130.0,-2.82,0.0,3.12,5.48,1.15,151.71,4300.0,4295.0,4120.0,4300.0,4300.0,3975.0,3560.0,3872.9,3744.3,3744.3,2,C,51.43,52.61,-2.46,60.31,3915.6,3570.31,3054.26,+1.00σ,0.68,はらみ足,なし,買い,底固め,1,0.0,3902.44,4585.12,2.0,直近下落なし（B以下に制限）、直近安値切り上げ、BB幅収縮、RSI安値切り上げ / 信用需給: 信用データがデータなし、または売残0で信用倍率を算出不能,,https://finance.yahoo.co.jp/quote/8173.T,データなし,データなし,データなし,データなし,データなし,データなし,データなし,データなし,2.0,0,0,2.0,287,287,信用需給は判定不能,信用データがデータなし、または売残0で信用倍率を算出不能
2026-08-19,8331,千葉銀行,プライム,2723.5,-4.02,-3.71,-0.86,0.43,1.38,82.43,2892.5,2812.0,2698.5,2892.5,2892.5,2698.5,2504.0,2638.11,2559.28,2559.28,2,C,29.88,75.22,10.0,52.12,2711.86,2515.93,2151.48,+0.08σ,1.04,なし,なし,買い,底固め,1,0.0,2599.86,2970.78,2.0,直近下落なし（B以下に制限）、直近安値切り上げ、BB幅収縮、RSI安値切り上げ / 信用需給: 信用データがデータなし、または売残0で信用倍率を算出不能,,https://finance.yahoo.co.jp/quote/8331.T,データなし,データなし,データなし,データなし,データなし,データなし,データなし,データなし,2.0,0,0,2.0,287,287,信用需給は判定不能,信用データがデータなし、または売残0で信用倍率を算出不能
2026-08-19,8337,千葉興業銀行,プライム,2643.0,-5.71,-6.11,-2.18,-0.8,1.43,99.23,2855.0,2779.0,2637.0,2855.0,2855.0,2637.0,2485.0,2588.8,2507.76,2507.76,2,C,32.42,67.75,8.11,49.56,2664.2,2464.19,2117.67,-0.33σ,0.92,なし,なし,買い,底固め,1,0.0,2494.16,2940.69,2.0,直近下落なし（B以下に制限）、直近安値切り上げ、BB幅収縮、RSI安値切り上げ / 信用需給: 信用データがデータなし、または売残0で信用倍率を算出不能,,https://finance.yahoo.co.jp/quote/8337.T,データなし,データなし,データなし,データなし,データなし,データなし,データなし,データなし,2.0,0,0,2.0,287,287,信用需給は判定不能,信用データがデータなし、または売残0で信用倍率を算出不能
2026-08-19,6387,サムコ,プライム,9050.0,-9.23,-8.59,-1.63,-6.27,0.76,886.61,10950.0,9590.0,8920.0,10950.0,10950.0,8920.0,7130.0,8410.87,7563.74,7563.74,2,C,13.64,69.52,0.85,43.09,9655.2,11709.07,8006.58,-0.25σ,1.52,なし,なし,買い,底固め,1,0.0,7720.08,11709.83,2.0,直近下落なし（B以下に制限）、直近安値切り上げ、ATR低下、RSI安値切り上げ / 信用需給: 信用データがデータなし、または売残0で信用倍率を算出不能,,https://finance.yahoo.co.jp/quote/6387.T,データなし,データなし,データなし,データなし,データなし,データなし,データなし,データなし,2.0,0,0,2.0,287,287,信用需給は判定不能,信用データがデータなし、または売残0で信用倍率を算出不能
2026-08-19,6472,ＮＴＮ,プライム,369.2,-5.67,-5.43,-4.89,-3.64,1.15,14.57,410.5,386.0,369.2,410.5,410.5,369.2,354.2,374.34,364.95,364.95,2,C,0.0,53.14,-21.4,40.16,383.16,407.09,380.9,-1.55σ,1.25,なし,なし,買い,底固め,1,0.0,347.35,412.9,2.0,直近下落なし（B以下に制限）、直近安値切り上げ、BB幅収縮、出来高減少後の増加 / 信用需給: 信用データがデータなし、または売残0で信用倍率を算出不能,,https://finance.yahoo.co.jp/quote/6472.T,データなし,データなし,データなし,データなし,データなし,データなし,データなし,データなし,2.0,0,0,2.0,287,287,信用需給は判定不能,信用データがデータなし、または売残0で信用倍率を算出不能
2026-08-19,6521,オキサイド,グロース,3165.0,-5.8,-6.91,-3.21,-3.11,1.39,236.98,3490.0,3470.0,3140.0,3490.0,3490.0,3140.0,2628.0,2961.2,2750.85,2750.85,2,C,13.4,71.43,-1.94,40.49,3266.64,4523.08,3404.66,-0.03σ,2.04,なし,なし,買い,底固め,1,0.0,2809.53,3875.94,2.0,直近下落なし（B以下に制限）、直近安値切り上げ、ATR低下、BB幅収縮、出来高減少後の増加、RSI安値切り上げ / 信用需給: 信用データがデータなし、または売残0で信用倍率を算出不能,,https://finance.yahoo.co.jp/quote/6521.T,データなし,データなし,データなし,データなし,データなし,データなし,データなし,データなし,2.0,0,0,2.0,287,287,信用需給は判定不能,信用データがデータなし、または売残0で信用倍率を算出不能
2026-08-19,6584,三櫻工業,プライム,801.0,-4.64,-2.55,-0.62,-2.47,0.71,43.7,878.0,830.0,799.0,878.0,878.0,793.0,729.0,788.02,761.1,761.1,2,C,48.32,60.56,0.21,44.75,821.32,883.97,838.4,-0.52σ,0.61,なし,なし,買い,底固め,1,0.0,735.44,932.11,2.0,直近下落なし（B以下に制限）、直近安値切り上げ、BB幅収縮、RSI安値切り上げ / 信用需給: 信用データがデータなし、または売残0で信用倍率を算出不能,,https://finance.yahoo.co.jp/quote/6584.T,データなし,データなし,データなし,データなし,データなし,データなし,データなし,データなし,2.0,0,0,2.0,287,287,信用需給は判定不能,信用データがデータなし、または売残0で信用倍率を算出不能
2026-08-19,6613,ＱＤレーザ,グロース,1988.0,-4.93,10.08,14.58,12.75,0.84,211.75,2299.0,2100.0,1922.0,2299.0,2299.0,1743.0,1208.0,1465.28,1236.15,1236.15,2,除外,50.16,69.55,1.31,52.38,1763.16,2237.72,1269.66,+1.28σ,0.91,なし,なし,買い,底固め,1,0.0,1670.38,2623.24,2.0,直近下落なし（B以下に制限）、直近安値切り上げ、BB幅収縮、RSI安値切り上げ / 信用需給: 信用データがデータなし、または売残0で信用倍率を算出不能,急騰済み（25日線上方乖離）,https://finance.yahoo.co.jp/quote/6613.T,データなし,データなし,データなし,データなし,データなし,データなし,データなし,データなし,2.0,0,0,2.0,287,287,信用需給は判定不能,信用データがデータなし、または売残0で信用倍率を算出不能
2026-08-19,6619,ダブル・スコープ,プライム,152.0,-6.17,-4.4,-3.18,-2.76,0.79,8.87,168.0,157.0,150.0,168.0,168.0,150.0,139.0,147.83,141.6,141.6,2,C,11.11,70.93,0.26,40.14,156.32,211.03,201.14,-0.33σ,1.21,なし,なし,買い,底固め,1,0.0,138.7,178.61,2.0,直近下落なし（B以下に制限）、直近安値切り上げ、ATR低下、BB幅収縮、出来高減少後の増加、RSI安値切り上げ / 信用需給: 信用データがデータなし、または売残0で信用倍率を算出不能,,https://finance.yahoo.co.jp/quote/6619.T,データなし,データなし,データなし,データなし,データなし,データなし,データなし,データなし,2.0,0,0,2.0,287,287,信用需給は判定不能,信用データがデータなし、または売残0で信用倍率を算出不能
2026-08-19,6638,ミマキエンジニアリング,プライム,1851.0,-3.69,-7.54,-2.78,-11.0,0.62,88.28,1958.0,1901.0,1846.0,1958.0,2021.0,1846.0,1805.0,1934.45,1800.26,1800.26,2,C,20.81,35.93,-10.76,38.88,2079.68,1901.32,1750.65,-1.62σ,0.67,なし,なし,買い,底固め,1,0.0,1718.58,2115.85,2.0,直近下落なし（B以下に制限）、直近安値切り上げ、BB幅収縮、RSI安値切り上げ / 信用需給: 信用データがデータなし、または売残0で信用倍率を算出不能,,https://finance.yahoo.co.jp/quote/6638.T,データなし,データなし,データなし,データなし,データなし,データなし,データなし,データなし,2.0,0,0,2.0,287,287,信用需給は判定不能,信用データがデータなし、または売残0で信用倍率を算出不能
2026-08-19,6762,ＴＤＫ,プライム,3006.0,-4.24,-6.36,-3.47,-1.95,0.5,160.14,3300.0,3052.0,2971.5,3300.0,3300.0,2971.5,2651.0,2928.5,2805.15,2805.15,2,C,10.5,57.74,-4.94,43.53,3065.72,3366.08,2690.12,-0.37σ,0.89,陰線→陽線,なし,買い,底固め,1,0.0,2765.79,3486.41,2.0,直近下落なし（B以下に制限）、直近安値切り上げ、BB幅収縮、RSI安値切り上げ / 信用需給: 信用データがデータなし、または売残0で信用倍率を算出不能,,https://finance.yahoo.co.jp/quote/6762.T,データなし,データなし,データなし,データなし,データなし,データなし,データなし,データなし,2.0,0,0,2.0,287,287,信用需給は判定不能,信用データがデータなし、または売残0で信用倍率を算出不能
2026-08-19,6769,ザインエレクトロニクス,スタンダード,1074.0,-6.93,-2.54,-1.1,3.61,1.01,56.25,1175.0,1128.0,1071.0,1175.0,1175.0,1071.0,902.0,985.82,925.44,925.44,2,C,16.53,79.66,-2.23,51.07,1036.56,1109.59,952.93,+0.46σ,0.46,なし,なし,買い,底固め,1,0.0,989.62,1242.76,2.0,直近下落なし（B以下に制限）、直近安値切り上げ、ATR低下、RSI安値切り上げ / 信用需給: 信用データがデータなし、または売残0で信用倍率を算出不能,,https://finance.yahoo.co.jp/quote/6769.T,データなし,データなし,データなし,データなし,データなし,データなし,データなし,データなし,2.0,0,0,2.0,287,287,信用需給は判定不能,信用データがデータなし、または売残0で信用倍率を算出不能
2026-08-19,6777,ｓａｎｔｅｃ　Ｈｏｌｄｉｎｇｓ,スタンダード,17990.0,-9.0,-6.4,-7.51,-4.98,0.47,1669.45,21260.0,18580.0,17800.0,21260.0,21260.0,17800.0,14830.0,17057.37,15499.73,15499.73,2,C,6.03,56.99,-6.4,43.5,18932.4,23766.4,18158.5,-0.40σ,1.41,なし,なし,買い,底固め,1,0.0,15485.83,22998.34,2.0,直近下落なし（B以下に制限）、直近安値切り上げ、BB幅収縮、RSI安値切り上げ / 信用需給: 信用データがデータなし、または売残0で信用倍率を算出不能,,https://finance.yahoo.co.jp/quote/6777.T,データなし,データなし,データなし,データなし,データなし,データなし,データなし,データなし,2.0,0,0,2.0,287,287,信用需給は判定不能,信用データがデータなし、または売残0で信用倍率を算出不能
2026-08-19,6834,精工技研,スタンダード,23870.0,-7.91,-2.97,0.72,11.62,1.01,2236.28,28250.0,25830.0,23580.0,28250.0,28250.0,23580.0,15660.0,18567.47,15556.94,15556.94,2,除外,39.0,74.43,-0.76,52.2,21386.0,25804.53,20906.55,+0.76σ,1.29,なし,なし,買い,底固め,1,0.0,20515.57,30578.85,2.0,直近下落なし（B以下に制限）、直近安値切り上げ、BB幅収縮、RSI安値切り上げ / 信用需給: 信用データがデータなし、または売残0で信用倍率を算出不能,急騰済み（25日線上方乖離）,https://finance.yahoo.co.jp/quote/6834.T,データなし,データなし,データなし,データなし,データなし,データなし,データなし,データなし,2.0,0,0,2.0,287,287,信用需給は判定不能,信用データがデータなし、または売残0で信用倍率を算出不能
2026-08-19,6838,多摩川ホールディングス,スタンダード,1437.0,-5.09,-8.35,-3.62,1.39,0.8,96.72,1580.0,1497.0,1420.0,1580.0,1592.0,1420.0,1161.0,1310.28,1202.86,1202.86,2,C,8.42,73.13,-9.45,45.32,1417.28,1781.49,1262.89,+0.18σ,1.02,なし,なし,買い,底固め,1,0.0,1291.92,1727.16,2.0,直近下落なし（B以下に制限）、直近安値切り上げ、ATR低下、BB幅収縮 / 信用需給: 信用データがデータなし、または売残0で信用倍率を算出不能,,https://finance.yahoo.co.jp/quote/6838.T,データなし,データなし,データなし,データなし,データなし,データなし,データなし,データなし,2.0,0,0,2.0,287,287,信用需給は判定不能,信用データがデータなし、または売残0で信用倍率を算出不能
2026-08-19,6941,山一電機,プライム,8040.0,-8.32,-4.06,-2.43,-7.82,0.41,758.12,9450.0,8340.0,8030.0,9450.0,9450.0,8030.0,7230.0,8001.42,7351.83,7351.83,2,C,0.7,38.76,-7.34,44.22,8722.4,9260.93,7915.55,-0.94σ,1.25,なし,なし,買い,底固め,1,0.0,6902.82,10314.37,2.0,直近下落なし（B以下に制限）、直近安値切り上げ、出来高減少後の増加、RSI安値切り上げ / 信用需給: 信用データがデータなし、または売残0で信用倍率を算出不能,,https://finance.yahoo.co.jp/quote/6941.T,データなし,データなし,データなし,データなし,データなし,データなし,データなし,データなし,2.0,0,0,2.0,287,287,信用需給は判定不能,信用データがデータなし、または売残0で信用倍率を算出不能
2026-08-19,6962,大真空,プライム,775.0,-4.44,-4.67,-1.9,0.7,0.57,44.24,840.0,796.0,771.0,840.0,840.0,771.0,673.0,732.39,695.17,695.17,2,C,21.84,68.72,-3.21,46.06,769.64,864.29,705.08,+0.15σ,0.76,なし,なし,買い,底固め,1,0.0,708.65,907.71,2.0,直近下落なし（B以下に制限）、直近安値切り上げ、ATR低下、BB幅収縮 / 信用需給: 信用データがデータなし、または売残0で信用倍率を算出不能,,https://finance.yahoo.co.jp/quote/6962.T,データなし,データなし,データなし,データなし,データなし,データなし,データなし,データなし,2.0,0,0,2.0,287,287,信用需給は判定不能,信用データがデータなし、または売残0で信用倍率を算出不能
2026-08-19,6963,ローム,プライム,4843.0,-3.91,-3.45,1.04,3.26,0.42,307.38,5375.0,4874.0,4746.0,5375.0,5375.0,4746.0,3775.0,4277.85,3929.3,3929.3,2,C,32.49,76.47,2.46,50.54,4690.28,4860.56,3507.96,+0.62σ,0.83,陰線→陽線,なし,買い,底固め,1,0.0,4381.93,5765.14,2.0,直近下落なし（B以下に制限）、直近安値切り上げ、ATR低下、BB幅収縮、RSI安値切り上げ / 信用需給: 信用データがデータなし、または売残0で信用倍率を算出不能,,https://finance.yahoo.co.jp/quote/6963.T,データなし,データなし,データなし,データなし,データなし,データなし,データなし,データなし,2.0,0,0,2.0,287,287,信用需給は判定不能,信用データがデータなし、または売残0で信用倍率を算出不能
2026-08-19,6969,松尾電機,スタンダード,1000.0,-6.45,-6.89,4.28,-7.53,0.43,94.52,1110.0,1025.0,984.0,1110.0,1115.0,984.0,901.0,989.31,909.22,909.22,2,C,13.58,51.25,-13.93,41.77,1081.48,1452.87,1129.76,-0.87σ,1.26,なし,なし,買い,底固め,1,0.0,858.22,1283.57,2.0,直近下落なし（B以下に制限）、直近安値切り上げ、BB幅収縮、RSI安値切り上げ / 信用需給: 信用データがデータなし、または売残0で信用倍率を算出不能,,https://finance.yahoo.co.jp/quote/6969.T,データなし,データなし,データなし,データなし,データなし,データなし,データなし,データなし,2.0,0,0,2.0,287,287,信用需給は判定不能,信用データがデータなし、または売残0で信用倍率を算出不能
2026-08-19,6976,太陽誘電,プライム,9686.0,-3.05,-12.07,-5.64,-10.11,0.36,1305.82,11500.0,9984.0,9510.0,11500.0,11500.0,9510.0,8601.0,9504.43,8527.8,8527.8,2,C,16.01,53.3,0.6,40.81,10775.44,12954.36,7398.26,-0.81σ,0.94,陰線→陽線,なし,買い,底固め,1,0.0,7727.27,13603.47,2.0,直近下落なし（B以下に制限）、直近安値切り上げ、ATR低下、BB幅収縮、RSI安値切り上げ / 信用需給: 信用データがデータなし、または売残0で信用倍率を算出不能,,https://finance.yahoo.co.jp/quote/6976.T,データなし,データなし,データなし,データなし,データなし,データなし,データなし,データなし,2.0,0,0,2.0,287,287,信用需給は判定不能,信用データがデータなし、または売残0で信用倍率を算出不能
2026-08-19,6981,村田製作所,プライム,7331.0,-2.2,-10.98,-2.75,-5.54,0.66,715.68,8364.0,7636.0,7162.0,8364.0,8364.0,7162.0,5861.0,6963.71,6337.92,6337.92,2,C,17.19,65.98,-1.2,43.37,7760.92,8544.09,5409.6,-0.41σ,0.92,陰線→陽線,なし,買い,底固め,1,0.0,6257.48,9478.05,2.0,直近下落なし（B以下に制限）、直近安値切り上げ、ATR低下、BB幅収縮、RSI安値切り上げ / 信用需給: 信用データがデータなし、または売残0で信用倍率を算出不能,,https://finance.yahoo.co.jp/quote/6981.T,データなし,データなし,データなし,データなし,データなし,データなし,データなし,データなし,2.0,0,0,2.0,287,287,信用需給は判定不能,信用データがデータなし、または売残0で信用倍率を算出不能
2026-08-19,6994,指月電機製作所,スタンダード,1144.0,-6.92,-3.78,3.91,4.9,0.53,83.66,1334.0,1186.0,1142.0,1334.0,1334.0,1117.0,891.0,1002.78,908.46,908.46,2,C,25.49,56.19,-6.83,50.69,1090.52,1161.07,996.35,+0.50σ,0.82,なし,なし,買い,底固め,1,0.0,1018.51,1394.99,2.0,直近下落なし（B以下に制限）、直近安値切り上げ、BB幅収縮、RSI安値切り上げ / 信用需給: 信用データがデータなし、または売残0で信用倍率を算出不能,,https://finance.yahoo.co.jp/quote/6994.T,データなし,データなし,データなし,データなし,データなし,データなし,データなし,データなし,2.0,0,0,2.0,287,287,信用需給は判定不能,信用データがデータなし、または売残0で信用倍率を算出不能
2026-08-19,7173,東京きらぼしフィナンシャルグループ,プライム,1701.0,-5.81,-4.44,-1.22,-2.03,1.02,64.96,1855.0,1767.0,1701.0,1855.0,1855.0,1701.0,1642.0,1700.03,1659.85,1659.85,2,C,13.48,58.68,8.52,46.95,1736.2,1597.3,1369.39,-0.98σ,0.85,なし,なし,買い,底固め,1,0.0,1603.57,1895.87,2.0,直近下落なし（B以下に制限）、直近安値切り上げ、ATR低下、BB幅収縮、RSI安値切り上げ / 信用需給: 信用データがデータなし、または売残0で信用倍率を算出不能,,https://finance.yahoo.co.jp/quote/7173.T,データなし,データなし,データなし,データなし,データなし,データなし,データなし,データなし,2.0,0,0,2.0,287,287,信用需給は判定不能,信用データがデータなし、または売残0で信用倍率を算出不能
2026-08-19,7177,ＧＭＯフィナンシャルホールディングス,スタンダード,1074.0,-1.47,-2.54,-0.92,-0.19,0.72,25.13,1097.0,1082.0,1064.0,1097.0,1106.0,1064.0,1032.0,1064.79,1049.48,1049.48,2,C,19.61,63.94,-13.99,50.58,1076.04,1054.25,966.81,-0.40σ,1.29,なし,なし,買い,底固め,1,0.0,1036.3,1149.39,2.0,直近下落なし（B以下に制限）、直近安値切り上げ、BB幅収縮、出来高減少後の増加 / 信用需給: 信用データがデータなし、または売残0で信用倍率を算出不能,,https://finance.yahoo.co.jp/quote/7177.T,データなし,データなし,データなし,データなし,データなし,データなし,データなし,データなし,2.0,0,0,2.0,287,287,信用需給は判定不能,信用データがデータなし、または売残0で信用倍率を算出不能
2026-08-19,7184,富山第一銀行,プライム,3100.0,-6.49,-6.34,1.97,2.56,1.03,145.68,3370.0,3245.0,3095.0,3370.0,3370.0,3085.0,2765.0,2943.18,2812.75,2812.75,2,C,34.83,71.48,6.88,53.86,3022.68,2713.77,2356.88,+0.20σ,0.98,なし,なし,買い,底固め,1,0.0,2881.49,3537.03,2.0,直近下落なし（B以下に制限）、直近安値切り上げ、BB幅収縮、RSI安値切り上げ / 信用需給: 信用データがデータなし、または売残0で信用倍率を算出不能,,https://finance.yahoo.co.jp/quote/7184.T,データなし,データなし,データなし,データなし,データなし,データなし,データなし,データなし,2.0,0,0,2.0,287,287,信用需給は判定不能,信用データがデータなし、または売残0で信用倍率を算出不能
2026-08-19,7186,横浜フィナンシャルグループ,プライム,1853.0,-4.26,-4.21,-1.15,-1.71,1.03,57.23,1970.0,1911.5,1852.5,1970.0,1970.0,1852.5,1750.0,1835.87,1785.76,1785.76,2,C,18.47,67.44,10.48,48.41,1885.28,1753.81,1521.54,-0.66σ,1.23,なし,なし,買い,底固め,1,0.0,1767.15,2024.7,2.0,直近下落なし（B以下に制限）、直近安値切り上げ、BB幅収縮、RSI安値切り上げ / 信用需給: 信用データがデータなし、または売残0で信用倍率を算出不能,,https://finance.yahoo.co.jp/quote/7186.T,データなし,データなし,データなし,データなし,データなし,データなし,データなし,データなし,2.0,0,0,2.0,287,287,信用需給は判定不能,信用データがデータなし、または売残0で信用倍率を算出不能
2026-08-19,5020,ＥＮＥＯＳホールディングス,プライム,1277.0,-3.15,-1.08,-0.35,-1.54,0.83,37.37,1329.5,1305.0,1274.0,1329.5,1329.5,1268.0,1265.0,1281.44,1259.94,1259.94,2,C,16.44,34.58,-1.92,47.85,1296.98,1279.73,1252.07,-1.21σ,1.04,なし,なし,買い,底固め,1,0.0,1220.95,1389.1,2.0,直近下落なし（B以下に制限）、直近安値切り上げ、BB幅収縮、RSI安値切り上げ / 信用需給: 信用データがデータなし、または売残0で信用倍率を算出不能,,https://finance.yahoo.co.jp/quote/5020.T,データなし,データなし,データなし,データなし,データなし,データなし,データなし,データなし,2.0,0,0,2.0,287,287,信用需給は判定不能,信用データがデータなし、または売残0で信用倍率を算出不能
2026-08-19,5367,ニッカトー,スタンダード,1219.0,-3.33,-5.14,0.49,1.09,0.49,98.64,1376.0,1259.0,1211.0,1376.0,1376.0,1211.0,950.0,1113.01,1017.53,1017.53,2,C,21.89,58.62,-10.03,48.26,1205.8,1213.12,880.48,+0.11σ,0.25,なし,なし,買い,底固め,1,0.0,1071.04,1514.92,2.0,直近下落なし（B以下に制限）、直近安値切り上げ、ATR低下、BB幅収縮、RSI安値切り上げ / 信用需給: 信用データがデータなし、または売残0で信用倍率を算出不能,,https://finance.yahoo.co.jp/quote/5367.T,データなし,データなし,データなし,データなし,データなし,データなし,データなし,データなし,2.0,0,0,2.0,287,287,信用需給は判定不能,信用データがデータなし、または売残0で信用倍率を算出不能
2026-08-19,5631,日本製鋼所,プライム,7829.0,-5.17,0.2,1.07,1.95,1.28,327.27,8477.0,8149.0,7730.0,8477.0,8477.0,7730.0,6989.0,7453.91,7220.27,7220.27,2,C,27.19,74.76,1.49,51.09,7679.2,7893.88,8722.06,+0.61σ,1.59,なし,なし,買い,底固め,1,0.0,7338.1,8810.8,2.0,直近下落なし（B以下に制限）、直近安値切り上げ、ATR低下、BB幅収縮、RSI安値切り上げ / 信用需給: 信用データがデータなし、または売残0で信用倍率を算出不能,,https://finance.yahoo.co.jp/quote/5631.T,データなし,データなし,データなし,データなし,データなし,データなし,データなし,データなし,2.0,0,0,2.0,287,287,信用需給は判定不能,信用データがデータなし、または売残0で信用倍率を算出不能
2026-08-19,5706,三井金属,プライム,27505.0,-8.5,-6.37,-5.16,-10.99,0.64,2866.99,33120.0,29090.0,27255.0,33120.0,33120.0,27255.0,24780.0,28051.61,25622.96,25622.96,2,C,24.07,51.28,-7.89,40.28,30901.0,40416.07,30588.22,-1.23σ,1.2,なし,なし,買い,底固め,1,0.0,23204.51,36105.97,2.0,直近下落なし（B以下に制限）、直近安値切り上げ、BB幅収縮、RSI安値切り上げ / 信用需給: 信用データがデータなし、または売残0で信用倍率を算出不能,,https://finance.yahoo.co.jp/quote/5706.T,データなし,データなし,データなし,データなし,データなし,データなし,データなし,データなし,2.0,0,0,2.0,287,287,信用需給は判定不能,信用データがデータなし、または売残0で信用倍率を算出不能
2026-08-19,5802,住友電気工業,プライム,2210.0,-8.66,-7.38,-2.64,-3.83,0.56,172.63,2584.0,2282.5,2186.0,2584.0,2584.0,2186.0,1973.0,2130.53,1987.18,1987.18,2,C,22.57,63.25,9.99,44.17,2298.04,2699.37,2236.08,-0.45σ,0.91,なし,なし,買い,底固め,1,0.0,1951.06,2727.88,2.0,直近下落なし（B以下に制限）、直近安値切り上げ、BB幅収縮、RSI安値切り上げ / 信用需給: 信用データがデータなし、または売残0で信用倍率を算出不能,,https://finance.yahoo.co.jp/quote/5802.T,データなし,データなし,データなし,データなし,データなし,データなし,データなし,データなし,2.0,0,0,2.0,287,287,信用需給は判定不能,信用データがデータなし、または売残0で信用倍率を算出不能
2026-08-19,6016,ジャパンエンジンコーポレーション,スタンダード,9730.0,-4.51,0.41,1.67,4.54,1.43,602.07,10490.0,10380.0,9520.0,10490.0,10490.0,9520.0,8440.0,9099.76,8724.52,8724.52,2,C,54.49,67.8,2.03,55.34,9307.2,9119.33,11746.25,+0.68σ,0.98,なし,なし,買い,底固め,1,0.0,8826.9,11536.21,2.0,直近下落なし（B以下に制限）、直近安値切り上げ、BB幅収縮、RSI安値切り上げ / 信用需給: 信用データがデータなし、または売残0で信用倍率を算出不能,,https://finance.yahoo.co.jp/quote/6016.T,データなし,データなし,データなし,データなし,データなし,データなし,データなし,データなし,2.0,0,0,2.0,287,287,信用需給は判定不能,信用データがデータなし、または売残0で信用倍率を算出不能
2026-08-19,6196,ストライクグループ,プライム,1306.0,-1.73,-2.68,-1.28,-2.32,0.77,28.55,1342.0,1322.0,1300.0,1342.0,1344.0,1300.0,1248.0,1310.24,1289.57,1289.57,2,C,12.24,57.76,2.33,45.66,1336.96,1280.73,1339.92,-1.21σ,0.81,なし,なし,買い,底固め,1,0.0,1263.17,1391.65,2.0,直近下落なし（B以下に制限）、直近安値切り上げ、BB幅収縮、RSI安値切り上げ / 信用需給: 信用データがデータなし、または売残0で信用倍率を算出不能,,https://finance.yahoo.co.jp/quote/6196.T,データなし,データなし,データなし,データなし,データなし,データなし,データなし,データなし,2.0,0,0,2.0,287,287,信用需給は判定不能,信用データがデータなし、または売残0で信用倍率を算出不能
2026-08-19,6203,豊和工業,スタンダード,1448.0,-3.34,-3.92,-3.34,-0.66,0.62,73.94,1544.0,1478.0,1432.0,1544.0,1545.0,1432.0,1296.0,1382.17,1322.0,1322.0,2,C,14.16,61.65,-1.32,45.81,1457.6,1533.97,1469.55,+0.09σ,0.62,なし,なし,買い,底固め,1,0.0,1337.1,1669.81,2.0,直近下落なし（B以下に制限）、直近安値切り上げ、ATR低下、BB幅収縮 / 信用需給: 信用データがデータなし、または売残0で信用倍率を算出不能,,https://finance.yahoo.co.jp/quote/6203.T,データなし,データなし,データなし,データなし,データなし,データなし,データなし,データなし,2.0,0,0,2.0,287,287,信用需給は判定不能,信用データがデータなし、または売残0で信用倍率を算出不能
2026-08-19,6217,津田駒工業,スタンダード,830.0,-6.11,0.24,3.23,9.03,1.44,75.11,927.0,932.0,824.0,932.0,956.0,796.0,629.0,697.31,626.77,626.77,2,C,42.99,75.63,3.38,51.07,761.24,1113.83,760.24,+0.88σ,1.9,なし,なし,買い,底固め,1,0.0,717.33,1055.34,2.0,直近下落なし（B以下に制限）、直近安値切り上げ、ATR低下、BB幅収縮、RSI安値切り上げ / 信用需給: 信用データがデータなし、または売残0で信用倍率を算出不能,,https://finance.yahoo.co.jp/quote/6217.T,データなし,データなし,データなし,データなし,データなし,データなし,データなし,データなし,2.0,0,0,2.0,287,287,信用需給は判定不能,信用データがデータなし、または売残0で信用倍率を算出不能
2026-08-19,6264,マルマエ,プライム,2025.0,-7.95,-5.68,-2.92,-0.85,0.62,147.8,2278.0,2117.0,2025.0,2278.0,2278.0,2025.0,1675.0,1907.56,1780.43,1780.43,2,C,12.15,68.29,-6.89,45.4,2042.32,2280.23,1706.19,-0.08σ,0.73,なし,なし,買い,底固め,1,0.0,1803.3,2468.4,2.0,直近下落なし（B以下に制限）、直近安値切り上げ、ATR低下、BB幅収縮 / 信用需給: 信用データがデータなし、または売残0で信用倍率を算出不能,,https://finance.yahoo.co.jp/quote/6264.T,データなし,データなし,データなし,データなし,データなし,データなし,データなし,データなし,2.0,0,0,2.0,287,287,信用需給は判定不能,信用データがデータなし、または売残0で信用倍率を算出不能
2026-08-19,6269,三井海洋開発,プライム,9817.0,-8.38,-6.59,-0.82,-3.27,1.25,530.35,11185.0,10415.0,9753.0,11185.0,11185.0,9753.0,9436.0,9948.96,9690.22,9690.22,2,C,21.78,57.08,3.39,45.16,10148.68,10385.97,12350.33,-1.51σ,1.76,なし,なし,買い,底固め,1,0.0,9021.48,11408.04,2.0,直近下落なし（B以下に制限）、直近安値切り上げ、BB幅収縮、RSI安値切り上げ / 信用需給: 信用データがデータなし、または売残0で信用倍率を算出不能,,https://finance.yahoo.co.jp/quote/6269.T,データなし,データなし,データなし,データなし,データなし,データなし,データなし,データなし,2.0,0,0,2.0,287,287,信用需給は判定不能,信用データがデータなし、または売残0で信用倍率を算出不能
2026-08-19,6298,ワイエイシイホールディングス,プライム,1280.0,-5.88,-2.88,1.27,5.41,1.14,62.54,1381.0,1335.0,1264.0,1381.0,1394.0,1233.0,1058.0,1133.71,1054.42,1054.42,2,C,41.24,81.22,-1.23,52.83,1214.32,1293.56,1150.84,+0.84σ,1.36,なし,なし,買い,底固め,1,0.0,1186.19,1467.62,2.0,直近下落なし（B以下に制限）、直近安値切り上げ、BB幅収縮、RSI安値切り上げ / 信用需給: 信用データがデータなし、または売残0で信用倍率を算出不能,,https://finance.yahoo.co.jp/quote/6298.T,データなし,データなし,データなし,データなし,データなし,データなし,データなし,データなし,2.0,0,0,2.0,287,287,信用需給は判定不能,信用データがデータなし、または売残0で信用倍率を算出不能
2026-08-19,6369,トーヨーカネツ,プライム,2443.0,-2.12,-2.36,1.75,-0.18,0.93,60.35,2516.0,2488.0,2432.0,2516.0,2526.0,2406.0,2311.0,2416.66,2379.72,2379.72,2,C,61.4,73.54,0.64,48.92,2447.36,2417.84,2544.45,-0.29σ,0.85,なし,なし,買い,底固め,1,0.0,2352.47,2624.06,2.0,直近下落なし（B以下に制限）、直近安値切り上げ、BB幅収縮、RSI安値切り上げ / 信用需給: 信用データがデータなし、または売残0で信用倍率を算出不能,,https://finance.yahoo.co.jp/quote/6369.T,データなし,データなし,データなし,データなし,データなし,データなし,データなし,データなし,2.0,0,0,2.0,287,287,信用需給は判定不能,信用データがデータなし、または売残0で信用倍率を算出不能
2026-08-19,4575,キャンバス,グロース,762.0,-5.93,-3.67,2.42,2.15,1.39,41.73,863.0,814.0,756.0,863.0,863.0,724.0,668.0,714.04,682.08,682.08,2,C,27.34,75.73,-1.11,54.78,745.96,660.76,755.84,+0.50σ,1.27,なし,なし,買い,底固め,1,0.0,699.41,887.18,2.0,直近下落なし（B以下に制限）、直近安値切り上げ、ATR低下、BB幅収縮 / 信用需給: 信用データがデータなし、または売残0で信用倍率を算出不能,,https://finance.yahoo.co.jp/quote/4575.T,データなし,データなし,データなし,データなし,データなし,データなし,データなし,データなし,2.0,0,0,2.0,287,287,信用需給は判定不能,信用データがデータなし、または売残0で信用倍率を算出不能
2026-08-19,4587,ペプチドリーム,プライム,1027.0,0.15,-0.44,1.99,5.06,0.75,41.34,1048.0,1044.0,1013.0,1048.0,1049.5,972.5,906.4,939.52,903.8,903.8,2,C,54.23,72.96,-0.54,57.28,977.57,1032.96,1321.06,+1.45σ,0.91,はらみ足,なし,買い,底固め,1,0.0,964.99,1151.02,2.0,直近下落なし（B以下に制限）、直近安値切り上げ、BB幅収縮、RSI安値切り上げ / 信用需給: 信用データがデータなし、または売残0で信用倍率を算出不能,,https://finance.yahoo.co.jp/quote/4587.T,データなし,データなし,データなし,データなし,データなし,データなし,データなし,データなし,2.0,0,0,2.0,287,287,信用需給は判定不能,信用データがデータなし、または売残0で信用倍率を算出不能
2026-08-19,4784,ＧＭＯインターネット,プライム,548.0,-6.16,-3.69,-1.97,1.14,1.44,28.39,588.0,583.0,542.0,588.0,592.0,531.0,495.0,519.02,496.38,496.38,2,C,32.31,51.2,-10.99,52.09,541.84,526.92,687.1,+0.28σ,1.41,なし,なし,買い,底固め,1,0.0,505.41,633.17,2.0,直近下落なし（B以下に制限）、直近安値切り上げ、BB幅収縮、RSI安値切り上げ / 信用需給: 信用データがデータなし、または売残0で信用倍率を算出不能,,https://finance.yahoo.co.jp/quote/4784.T,データなし,データなし,データなし,データなし,データなし,データなし,データなし,データなし,2.0,0,0,2.0,287,287,信用需給は判定不能,信用データがデータなし、または売残0で信用倍率を算出不能
2026-08-19,4935,リベルタ,スタンダード,216.0,-1.82,-3.57,0.47,-16.28,0.2,24.79,232.0,219.0,214.0,232.0,232.0,214.0,212.0,217.72,189.79,189.79,2,C,12.5,21.39,1.9,40.44,258.0,257.2,306.43,-1.06σ,0.22,なし,なし,買い,底固め,1,0.0,178.82,290.37,2.0,直近下落なし（B以下に制限）、直近安値切り上げ、ATR低下、BB幅収縮、RSI安値切り上げ / 信用需給: 信用データがデータなし、または売残0で信用倍率を算出不能,,https://finance.yahoo.co.jp/quote/4935.T,データなし,データなし,データなし,データなし,データなし,データなし,データなし,データなし,2.0,0,0,2.0,287,287,信用需給は判定不能,信用データがデータなし、または売残0で信用倍率を算出不能
2026-08-19,4021,日産化学,プライム,7762.0,-3.69,-2.68,-2.03,0.15,1.19,250.39,8193.0,8057.0,7760.0,8193.0,8193.0,7760.0,7210.0,7470.01,7226.46,7226.46,2,C,27.32,71.44,6.96,48.4,7750.2,7688.89,6511.77,+0.20σ,1.63,なし,なし,買い,底固め,1,0.0,7386.42,8513.16,2.0,直近下落なし（B以下に制限）、直近安値切り上げ、BB幅収縮、RSI安値切り上げ / 信用需給: 信用データがデータなし、または売残0で信用倍率を算出不能,,https://finance.yahoo.co.jp/quote/4021.T,データなし,データなし,データなし,データなし,データなし,データなし,データなし,データなし,2.0,0,0,2.0,287,287,信用需給は判定不能,信用データがデータなし、または売残0で信用倍率を算出不能
2026-08-19,4092,日本化学工業,プライム,5300.0,-8.62,-4.5,2.32,-1.94,0.53,416.03,5840.0,5400.0,5180.0,5840.0,5840.0,5170.0,4850.0,5300.19,5042.88,5042.88,2,C,21.74,44.76,-5.69,49.19,5404.6,4817.13,3692.23,-1.00σ,0.92,なし,なし,買い,底固め,1,0.0,4675.96,6548.08,2.0,直近下落なし（B以下に制限）、直近安値切り上げ、BB幅収縮、RSI安値切り上げ / 信用需給: 信用データがデータなし、または売残0で信用倍率を算出不能,,https://finance.yahoo.co.jp/quote/4092.T,データなし,データなし,データなし,データなし,データなし,データなし,データなし,データなし,2.0,0,0,2.0,287,287,信用需給は判定不能,信用データがデータなし、または売残0で信用倍率を算出不能
2026-08-19,4109,ステラ　ケミファ,プライム,5340.0,-3.78,-6.32,-1.66,-1.73,0.45,269.52,5770.0,5460.0,5340.0,5770.0,5770.0,5340.0,4835.0,5130.08,4882.15,4882.15,2,C,11.54,59.11,4.15,44.42,5434.0,6281.47,5324.9,-0.15σ,0.78,なし,なし,買い,底固め,1,0.0,4935.73,6148.55,2.0,直近下落なし（B以下に制限）、直近安値切り上げ、BB幅収縮、RSI安値切り上げ / 信用需給: 信用データがデータなし、または売残0で信用倍率を算出不能,,https://finance.yahoo.co.jp/quote/4109.T,データなし,データなし,データなし,データなし,データなし,データなし,データなし,データなし,2.0,0,0,2.0,287,287,信用需給は判定不能,信用データがデータなし、または売残0で信用倍率を算出不能
2026-08-19,4320,ＣＥホールディングス,スタンダード,1652.0,-0.3,0.24,0.24,-2.89,0.27,30.18,1658.0,1659.0,1651.0,1659.0,1661.0,1648.0,1625.0,1650.12,1618.49,1618.49,2,C,30.77,33.09,-1.17,39.35,1701.2,1653.92,1325.64,-0.94σ,0.67,なし,なし,買い,底固め,1,0.0,1606.73,1742.55,2.0,直近下落なし（B以下に制限）、直近安値切り上げ、ATR低下、RSI安値切り上げ / 信用需給: 信用データがデータなし、または売残0で信用倍率を算出不能,,https://finance.yahoo.co.jp/quote/4320.T,データなし,データなし,データなし,データなし,データなし,データなし,データなし,データなし,2.0,0,0,2.0,287,287,信用需給は判定不能,信用データがデータなし、または売残0で信用倍率を算出不能
2026-08-19,3436,ＳＵＭＣＯ,プライム,3517.0,-7.15,-10.28,-3.56,-6.53,0.49,384.45,4178.0,3609.0,3422.0,4178.0,4178.0,3422.0,2760.0,3262.51,2962.32,2962.32,2,C,24.48,63.81,-1.09,44.89,3762.52,3820.23,2436.81,-0.15σ,0.74,陰線→陽線,なし,買い,底固め,1,0.0,2940.32,4670.36,2.0,直近下落なし（B以下に制限）、直近安値切り上げ、ATR低下、BB幅収縮、RSI安値切り上げ / 信用需給: 信用データがデータなし、または売残0で信用倍率を算出不能,,https://finance.yahoo.co.jp/quote/3436.T,データなし,データなし,データなし,データなし,データなし,データなし,データなし,データなし,2.0,0,0,2.0,287,287,信用需給は判定不能,信用データがデータなし、または売残0で信用倍率を算出不能
2026-08-19,3444,菊池製作所,スタンダード,997.0,-4.87,-2.92,-0.5,2.06,0.8,59.8,1130.0,1038.0,990.0,1130.0,1130.0,990.0,861.0,923.4,872.95,872.95,2,C,14.19,79.99,-1.35,48.94,976.84,1103.95,877.72,+0.46σ,0.88,なし,なし,買い,底固め,1,0.0,907.3,1176.4,2.0,直近下落なし（B以下に制限）、直近安値切り上げ、ATR低下、BB幅収縮、RSI安値切り上げ / 信用需給: 信用データがデータなし、または売残0で信用倍率を算出不能,,https://finance.yahoo.co.jp/quote/3444.T,データなし,データなし,データなし,データなし,データなし,データなし,データなし,データなし,2.0,0,0,2.0,287,287,信用需給は判定不能,信用データがデータなし、または売残0で信用倍率を算出不能
2026-08-19,3853,アステリア,プライム,1121.0,-2.27,-4.51,-0.97,2.26,0.57,61.09,1201.0,1147.0,1112.0,1201.0,1201.0,1112.0,989.0,1045.65,996.8,996.8,2,C,8.74,60.93,-9.74,47.0,1096.24,1437.92,1327.2,+0.54σ,0.55,なし,なし,買い,底固め,1,0.0,1029.37,1304.26,2.0,直近下落なし（B以下に制限）、直近安値切り上げ、ATR低下、BB幅収縮、RSI安値切り上げ / 信用需給: 信用データがデータなし、または売残0で信用倍率を算出不能,,https://finance.yahoo.co.jp/quote/3853.T,データなし,データなし,データなし,データなし,データなし,データなし,データなし,データなし,2.0,0,0,2.0,287,287,信用需給は判定不能,信用データがデータなし、または売残0で信用倍率を算出不能
2026-08-19,3863,日本製紙,プライム,1353.0,-1.38,-4.72,-2.59,-4.83,0.31,55.12,1381.0,1370.0,1353.0,1381.0,1416.0,1334.0,1251.0,1342.87,1268.53,1268.53,2,C,17.76,54.23,6.12,46.01,1421.6,1346.93,1256.21,-0.86σ,0.5,はらみ足,なし,買い,底固め,1,0.0,1270.32,1518.35,2.0,直近下落なし（B以下に制限）、直近安値切り上げ、BB幅収縮、RSI安値切り上げ / 信用需給: 信用データがデータなし、または売残0で信用倍率を算出不能,,https://finance.yahoo.co.jp/quote/3863.T,データなし,データなし,データなし,データなし,データなし,データなし,データなし,データなし,2.0,0,0,2.0,287,287,信用需給は判定不能,信用データがデータなし、または売残0で信用倍率を算出不能
2026-08-19,2585,ライフドリンク　カンパニー,プライム,1601.0,-3.44,-10.41,5.82,6.47,1.34,91.23,1708.0,1707.0,1585.0,1708.0,1896.0,1480.0,1388.0,1422.06,1329.22,1329.22,2,C,31.55,63.72,2.22,54.62,1503.64,1544.0,1586.16,+0.93σ,1.55,なし,なし,買い,底固め,1,0.0,1464.15,1874.69,2.0,直近下落なし（B以下に制限）、直近安値切り上げ、BB幅収縮、RSI安値切り上げ / 信用需給: 信用データがデータなし、または売残0で信用倍率を算出不能,,https://finance.yahoo.co.jp/quote/2585.T,データなし,データなし,データなし,データなし,データなし,データなし,データなし,データなし,2.0,0,0,2.0,287,287,信用需給は判定不能,信用データがデータなし、または売残0で信用倍率を算出不能
2026-08-19,3110,日東紡績,プライム,2996.0,-6.67,-5.34,-1.77,-3.04,0.58,292.53,3455.0,3110.0,2940.0,3455.0,3500.0,2940.0,2520.0,2791.08,2540.15,2540.15,2,C,28.91,50.36,2.15,45.69,3090.0,3946.48,3608.0,-0.18σ,1.29,なし,なし,買い,底固め,1,0.0,2557.2,3873.59,2.0,直近下落なし（B以下に制限）、直近安値切り上げ、BB幅収縮、RSI安値切り上げ / 信用需給: 信用データがデータなし、または売残0で信用倍率を算出不能,,https://finance.yahoo.co.jp/quote/3110.T,データなし,データなし,データなし,データなし,データなし,データなし,データなし,データなし,2.0,0,0,2.0,287,287,信用需給は判定不能,信用データがデータなし、または売残0で信用倍率を算出不能
2026-08-19,3186,ネクステージ,プライム,3425.0,-4.99,-5.12,-3.79,-1.31,1.37,134.94,3660.0,3610.0,3425.0,3660.0,3660.0,3425.0,3205.0,3370.38,3275.27,3275.27,2,C,18.97,78.08,2.75,43.11,3470.4,3645.0,3304.02,-0.43σ,0.58,なし,なし,買い,底固め,1,0.0,3222.58,3829.83,2.0,直近下落なし（B以下に制限）、直近安値切り上げ、ATR低下、BB幅収縮 / 信用需給: 信用データがデータなし、または売残0で信用倍率を算出不能,,https://finance.yahoo.co.jp/quote/3186.T,データなし,データなし,データなし,データなし,データなし,データなし,データなし,データなし,2.0,0,0,2.0,287,287,信用需給は判定不能,信用データがデータなし、または売残0で信用倍率を算出不能
2026-08-19,9072,ニッコンホールディングス,プライム,5445.0,-4.89,1.1,2.74,3.07,1.1,201.59,5929.0,5667.0,5445.0,5929.0,5929.0,5289.0,4910.0,5075.22,4897.53,4897.53,2,C,35.21,76.31,6.38,52.74,5282.88,5614.45,4540.6,+1.08σ,2.2,はらみ足,なし,買い,底固め,1,0.0,5142.62,6049.76,2.0,直近下落なし（B以下に制限）、直近安値切り上げ、BB幅収縮、RSI安値切り上げ / 信用需給: 信用データがデータなし、または売残0で信用倍率を算出不能,,https://finance.yahoo.co.jp/quote/9072.T,データなし,データなし,データなし,データなし,データなし,データなし,データなし,データなし,2.0,0,0,2.0,287,287,信用需給は判定不能,信用データがデータなし、または売残0で信用倍率を算出不能
2026-08-19,9227,マイクロ波化学,グロース,928.0,-3.33,0.11,3.34,6.86,0.75,49.09,1015.0,954.0,917.0,1015.0,1015.0,880.0,787.0,831.82,782.25,782.25,2,C,35.56,61.04,9.87,55.89,868.4,904.92,915.64,+0.94σ,0.3,なし,なし,買い,底固め,1,0.0,854.37,1075.26,2.0,直近下落なし（B以下に制限）、直近安値切り上げ、BB幅収縮、RSI安値切り上げ / 信用需給: 信用データがデータなし、または売残0で信用倍率を算出不能,,https://finance.yahoo.co.jp/quote/9227.T,データなし,データなし,データなし,データなし,データなし,データなし,データなし,データなし,2.0,0,0,2.0,287,287,信用需給は判定不能,信用データがデータなし、または売残0で信用倍率を算出不能
2026-08-19,9304,澁澤倉庫,プライム,2004.0,-0.94,1.37,5.98,5.3,0.74,75.86,2033.0,2036.0,1980.0,2036.0,2037.0,1887.0,1662.0,1783.75,1699.1,1699.1,2,C,81.14,79.0,-3.34,63.54,1903.12,1640.2,1410.74,+1.60σ,0.55,なし,なし,買い,底固め,1,0.0,1887.0,2238.0,2.0,直近下落なし（B以下に制限）、直近安値切り上げ、BB幅収縮、RSI安値切り上げ / 信用需給: 信用データがデータなし、または売残0で信用倍率を算出不能,,https://finance.yahoo.co.jp/quote/9304.T,データなし,データなし,データなし,データなし,データなし,データなし,データなし,データなし,2.0,0,0,2.0,287,287,信用需給は判定不能,信用データがデータなし、または売残0で信用倍率を算出不能
2026-08-19,1815,鉄建建設,プライム,4240.0,-2.86,-2.42,0.47,-3.99,1.02,127.86,4450.0,4345.0,4215.0,4450.0,4460.0,4215.0,4190.0,4283.28,4181.81,4181.81,2,C,18.52,32.72,2.37,41.84,4416.2,4516.53,4529.05,-1.43σ,1.5,なし,なし,買い,底固め,1,0.0,4048.21,4623.59,2.0,直近下落なし（B以下に制限）、直近安値切り上げ、出来高減少後の増加、RSI安値切り上げ / 信用需給: 信用データがデータなし、または売残0で信用倍率を算出不能,,https://finance.yahoo.co.jp/quote/1815.T,データなし,データなし,データなし,データなし,データなし,データなし,データなし,データなし,2.0,0,0,2.0,287,287,信用需給は判定不能,信用データがデータなし、または売残0で信用倍率を算出不能
2026-08-19,1814,大末建設,プライム,3530.0,-3.68,-4.72,-3.81,-2.18,1.0,115.16,3720.0,3635.0,3520.0,3720.0,3795.0,3520.0,3385.0,3524.58,3423.92,3423.92,2,C,3.17,53.56,-1.81,46.81,3608.8,3386.93,3622.72,-0.95σ,1.49,なし,なし,買い,底固め,1,0.0,3357.26,3875.49,2.0,直近下落なし（B以下に制限）、直近安値切り上げ、BB幅収縮、出来高減少後の増加 / 信用需給: 信用データがデータなし、または売残0で信用倍率を算出不能,,https://finance.yahoo.co.jp/quote/1814.T,データなし,データなし,データなし,データなし,データなし,データなし,データなし,データなし,2.0,0,0,2.0,287,287,信用需給は判定不能,信用データがデータなし、または売残0で信用倍率を算出不能
2026-08-19,1514,住石ホールディングス,スタンダード,638.0,-4.35,-1.24,2.08,6.04,1.28,24.15,670.0,666.0,635.0,670.0,670.0,621.0,557.0,579.35,551.75,551.75,2,C,58.97,81.73,5.76,60.5,601.68,596.56,682.16,+1.13σ,1.76,なし,なし,買い,底固め,1,0.0,601.78,710.45,2.0,直近下落なし（B以下に制限）、直近安値切り上げ、BB幅収縮、RSI安値切り上げ / 信用需給: 信用データがデータなし、または売残0で信用倍率を算出不能,,https://finance.yahoo.co.jp/quote/1514.T,データなし,データなし,データなし,データなし,データなし,データなし,データなし,データなし,2.0,0,0,2.0,287,287,信用需給は判定不能,信用データがデータなし、または売残0で信用倍率を算出不能
