コード,銘柄名,最終判断,最終分類,注文方式,買いゾーン下限,買いゾーン上限,反転確認高値,逆指値発動価格,追いかけ禁止価格,損切り価格,利確目標,推奨株数,必要資金,最大想定損失,RR,分析評価,運用評価,総合順位点,RSI,BB位置,出来高倍率,暴落リバウンド型,ファンダメンタルスコア,テクニカルスコア,反転確認スコア,市場環境スコア,業種環境スコア,ニュース影響スコア,資金・リスク評価,分析コメント,運用コメント,注文理由,信用需給による減点,信用需給スコア,総合調整後スコア,テクニカル順位,調整後順位,信用需給判定,信用需給判定理由,ファンダメンタル評価,ファンダメンタル十分,ファンダメンタル不足理由,売上高前年同期比,営業利益前年同期比,経常・純利益前年比,EPS,PER,PBR,ROE,自己資本比率,配当利回り,利益状態,業績4象限,配当性向,配当判定,ファンダメンタル加減点理由,今期会社予想,直近決算発表日,次回決算予定日,時価総額,総合判定,判定理由,業績修正,重要適時開示,ファンダメンタル取得元,ファンダメンタル参照先,ファンダメンタル取得日時,stocknote_評価,stocknote_信頼度,stocknote_要約,stocknote_逆張りスコア,stocknote_RSI,stocknote_BB位置,stocknote_トレンド,stocknote_PER,stocknote_PBR,stocknote_財務健全性,stocknote_売上成長,stocknote_利益成長,stocknote_推奨買い価格,stocknote_予想売り価格,stocknote_最終目標価格,stocknote_注意点
6464,ツバキ・ナカシマ,見送り,見送り,見送り,334.56,340.0,343.0,345.18,356.06,312.54,410.46,0,0.0,0.0,2.57,A+,見送り,16.94,40.9,-1.08σ,1.47,False,データなし,20.0,3,-9.0,0,0.0,強いリスクオフ・通常の25%,押し目と反転足を確認。ファンダメンタル=データ不足、RSI 40.9、出来高 1.47倍、BB -1.08σ,方式別実績はサンプル蓄積中。市場=強いリスクオフ、ニュース重大度と300万円の損失・投入・現金・保有数制約を適用,強いリスクオフのため新規主力買い停止,0.0,0.0,20.0,1,1,信用需給は判定不能,信用データがデータなし、または売残0で信用倍率を算出不能,データ不足,False,公式取得元または参照先なし,データなし,データなし,データなし,データなし,データなし,データなし,データなし,データなし,データなし,評価不能,評価不能,,評価不能,,データなし,データなし,データなし,データなし,データ不足,公式取得元または参照先なし,,,データなし,データなし,データなし,,,,,,,,,,,,,,,,
4755,楽天グループ,見送り,見送り,見送り,769.83,777.4,790.4,793.43,817.23,741.81,896.66,0,0.0,0.0,3.35,A+,見送り,16.06,44.76,-1.03σ,1.53,False,データなし,19.0,3,-9.0,0,0.0,強いリスクオフ・通常の25%,押し目と反転足を確認。ファンダメンタル=データ不足、RSI 44.8、出来高 1.53倍、BB -1.03σ,方式別実績はサンプル蓄積中。市場=強いリスクオフ、ニュース重大度と300万円の損失・投入・現金・保有数制約を適用,強いリスクオフのため新規主力買い停止,0.0,0.0,19.0,2,2,信用需給は判定不能,信用データがデータなし、または売残0で信用倍率を算出不能,データ不足,False,公式取得元または参照先なし,データなし,データなし,データなし,データなし,データなし,データなし,データなし,データなし,データなし,評価不能,評価不能,,評価不能,,データなし,データなし,データなし,データなし,データ不足,公式取得元または参照先なし,,,データなし,データなし,データなし,,,,,,,,,,,,,,,,
4889,レナサイエンス,見送り,見送り,見送り,1271.14,1320.0,1344.0,1355.73,1414.36,1101.0,1865.18,0,0.0,0.0,2.49,C,見送り,15.02,43.69,-0.85σ,2.01,False,データなし,17.0,3,-9.0,0,0.0,強いリスクオフ・通常の25%,急騰済みを最優先して除外。ファンダメンタル=データ不足、RSI 43.7、出来高 2.01倍、BB -0.85σ,方式別実績はサンプル蓄積中。市場=強いリスクオフ、ニュース重大度と300万円の損失・投入・現金・保有数制約を適用,強いリスクオフのため新規主力買い停止,0.0,0.0,17.0,6,6,信用需給は判定不能,信用データがデータなし、または売残0で信用倍率を算出不能,データ不足,False,公式取得元または参照先なし,データなし,データなし,データなし,データなし,データなし,データなし,データなし,データなし,データなし,評価不能,評価不能,,評価不能,,データなし,データなし,データなし,データなし,データ不足,公式取得元または参照先なし,,,データなし,データなし,データなし,,,,,,,,,,,,,,,,
4971,メック,見送り,見送り,見送り,7525.45,7879.61,7990.0,8060.83,8414.99,6998.37,10185.76,0,0.0,0.0,2.28,A+,見送り,13.96,44.08,-0.59σ,1.48,False,データなし,17.0,3,-9.0,0,0.0,強いリスクオフ・通常の25%,押し目と反転足を確認。ファンダメンタル=データ不足、RSI 44.1、出来高 1.48倍、BB -0.59σ,方式別実績はサンプル蓄積中。市場=強いリスクオフ、ニュース重大度と300万円の損失・投入・現金・保有数制約を適用,強いリスクオフのため新規主力買い停止,0.0,0.0,17.0,6,6,信用需給は判定不能,信用データがデータなし、または売残0で信用倍率を算出不能,データ不足,False,公式取得元または参照先なし,データなし,データなし,データなし,データなし,データなし,データなし,データなし,データなし,データなし,評価不能,評価不能,,評価不能,,データなし,データなし,データなし,データなし,データ不足,公式取得元または参照先なし,,,データなし,データなし,データなし,,,,,,,,,,,,,,,,
7746,岡本硝子,見送り,見送り,見送り,714.77,731.39,787.0,790.33,814.03,704.77,961.44,0,0.0,0.0,3.06,B,見送り,12.86,52.56,+1.45σ,1.93,False,データなし,15.0,3,-9.0,0,0.0,強いリスクオフ・通常の25%,反転条件の完成待ち。ファンダメンタル=データ不足、RSI 52.6、出来高 1.93倍、BB +1.45σ,方式別実績はサンプル蓄積中。市場=強いリスクオフ、ニュース重大度と300万円の損失・投入・現金・保有数制約を適用,強いリスクオフのため新規主力買い停止,0.0,0.0,15.0,10,10,信用需給は判定不能,信用データがデータなし、または売残0で信用倍率を算出不能,データ不足,False,公式取得元または参照先なし,データなし,データなし,データなし,データなし,データなし,データなし,データなし,データなし,データなし,評価不能,評価不能,,評価不能,,データなし,データなし,データなし,データなし,データ不足,公式取得元または参照先なし,,,データなし,データなし,データなし,,,,,,,,,,,,,,,,
7211,三菱自動車工業,見送り,見送り,見送り,340.94,347.5,350.0,351.31,361.85,327.24,399.46,100,34800.0,2075.999999999999,2.48,B,見送り,12.3,47.62,-0.78σ,0.65,False,データなし,17.0,3,-9.0,0,0.0,強いリスクオフ・通常の25%,反転条件の完成待ち。ファンダメンタル=データ不足、RSI 47.6、出来高 0.65倍、BB -0.78σ,方式別実績はサンプル蓄積中。市場=強いリスクオフ、ニュース重大度と300万円の損失・投入・現金・保有数制約を適用,強いリスクオフのため新規主力買い停止,0.0,0.0,17.0,6,6,信用需給は判定不能,信用データがデータなし、または売残0で信用倍率を算出不能,データ不足,False,公式取得元または参照先なし,データなし,データなし,データなし,データなし,データなし,データなし,データなし,データなし,データなし,評価不能,評価不能,,評価不能,,データなし,データなし,データなし,データなし,データ不足,公式取得元または参照先なし,,,データなし,データなし,データなし,,,,,,,,,,,,,,,,
6278,ユニオンツール,見送り,見送り,見送り,14930.52,15717.0,17340.0,17497.3,18283.78,13837.01,24817.87,0,0.0,0.0,2.3,B,見送り,11.12,47.09,+0.24σ,0.56,False,データなし,16.0,3,-9.0,0,0.0,強いリスクオフ・通常の25%,出来高0.6倍未満のため主力不可。ファンダメンタル=データ不足、RSI 47.1、出来高 0.56倍、BB +0.24σ,方式別実績はサンプル蓄積中。市場=強いリスクオフ、ニュース重大度と300万円の損失・投入・現金・保有数制約を適用,強いリスクオフのため新規主力買い停止,0.0,0.0,16.0,9,9,信用需給は判定不能,信用データがデータなし、または売残0で信用倍率を算出不能,データ不足,False,公式取得元または参照先なし,データなし,データなし,データなし,データなし,データなし,データなし,データなし,データなし,データなし,評価不能,評価不能,,評価不能,,データなし,データなし,データなし,データなし,データ不足,公式取得元または参照先なし,,,データなし,データなし,データなし,,,,,,,,,,,,,,,,
6310,井関農機,見送り,見送り,見送り,1770.24,1799.0,1799.0,1806.3,1860.49,1696.81,2025.27,0,0.0,0.0,2.21,B,見送り,11.04,46.46,-0.84σ,1.02,False,データなし,15.0,3,-9.0,0,0.0,強いリスクオフ・通常の25%,反転条件の完成待ち。ファンダメンタル=データ不足、RSI 46.5、出来高 1.02倍、BB -0.84σ,方式別実績はサンプル蓄積中。市場=強いリスクオフ、ニュース重大度と300万円の損失・投入・現金・保有数制約を適用,強いリスクオフのため新規主力買い停止,0.0,0.0,15.0,10,10,信用需給は判定不能,信用データがデータなし、または売残0で信用倍率を算出不能,データ不足,False,公式取得元または参照先なし,データなし,データなし,データなし,データなし,データなし,データなし,データなし,データなし,データなし,評価不能,評価不能,,評価不能,,データなし,データなし,データなし,データなし,データ不足,公式取得元または参照先なし,,,データなし,データなし,データなし,,,,,,,,,,,,,,,,
8789,フィンテック　グローバル,見送り,見送り,見送り,126.44,128.43,163.0,163.4,168.3,118.92,252.35,0,0.0,0.0,2.1,C,見送り,11.0,87.62,+3.06σ,3.38,False,データなし,11.0,3,-9.0,0,0.0,強いリスクオフ・通常の25%,急騰済みを最優先して除外。ファンダメンタル=データ不足、RSI 87.6、出来高 3.38倍、BB +3.06σ,方式別実績はサンプル蓄積中。市場=強いリスクオフ、ニュース重大度と300万円の損失・投入・現金・保有数制約を適用,強いリスクオフのため新規主力買い停止,0.0,0.0,11.0,30,30,信用需給は判定不能,信用データがデータなし、または売残0で信用倍率を算出不能,データ不足,False,公式取得元または参照先なし,データなし,データなし,データなし,データなし,データなし,データなし,データなし,データなし,データなし,評価不能,評価不能,,評価不能,,データなし,データなし,データなし,データなし,データ不足,公式取得元または参照先なし,,,データなし,データなし,データなし,,,,,,,,,,,,,,,,
6807,日本航空電子工業,見送り,見送り,見送り,2308.65,2340.49,2355.0,2361.37,2432.21,2254.7,2574.71,0,0.0,0.0,2.54,B,見送り,10.64,46.57,-0.71σ,0.82,False,データなし,15.0,3,-9.0,0,0.0,強いリスクオフ・通常の25%,反転条件の完成待ち。ファンダメンタル=データ不足、RSI 46.6、出来高 0.82倍、BB -0.71σ,方式別実績はサンプル蓄積中。市場=強いリスクオフ、ニュース重大度と300万円の損失・投入・現金・保有数制約を適用,強いリスクオフのため新規主力買い停止,0.0,0.0,15.0,10,10,信用需給は判定不能,信用データがデータなし、または売残0で信用倍率を算出不能,データ不足,False,公式取得元または参照先なし,データなし,データなし,データなし,データなし,データなし,データなし,データなし,データなし,データなし,評価不能,評価不能,,評価不能,,データなし,データなし,データなし,データなし,データ不足,公式取得元または参照先なし,,,データなし,データなし,データなし,,,,,,,,,,,,,,,,
6707,サンケン電気,見送り,見送り,見送り,8116.58,8372.14,8487.0,8538.11,8794.25,7767.92,10078.49,0,0.0,0.0,2.53,A+,見送り,10.28,43.12,-0.63σ,1.14,False,データなし,14.0,3,-9.0,0,0.0,強いリスクオフ・通常の25%,押し目と反転足を確認。ファンダメンタル=データ不足、RSI 43.1、出来高 1.14倍、BB -0.63σ,方式別実績はサンプル蓄積中。市場=強いリスクオフ、ニュース重大度と300万円の損失・投入・現金・保有数制約を適用,強いリスクオフのため新規主力買い停止,0.0,0.0,14.0,17,17,信用需給は判定不能,信用データがデータなし、または売残0で信用倍率を算出不能,データ不足,False,公式取得元または参照先なし,データなし,データなし,データなし,データなし,データなし,データなし,データなし,データなし,データなし,評価不能,評価不能,,評価不能,,データなし,データなし,データなし,データなし,データ不足,公式取得元または参照先なし,,,データなし,データなし,データなし,,,,,,,,,,,,,,,,
4275,カーリット,見送り,見送り,見送り,2097.7,2127.0,2153.0,2164.72,2229.66,1988.93,2516.29,0,0.0,0.0,2.82,A+,見送り,10.26,42.42,-1.11σ,0.63,False,データなし,15.0,3,-9.0,0,0.0,強いリスクオフ・通常の25%,押し目と反転足を確認。ファンダメンタル=データ不足、RSI 42.4、出来高 0.63倍、BB -1.11σ,方式別実績はサンプル蓄積中。市場=強いリスクオフ、ニュース重大度と300万円の損失・投入・現金・保有数制約を適用,強いリスクオフのため新規主力買い停止,0.0,0.0,15.0,10,10,信用需給は判定不能,信用データがデータなし、または売残0で信用倍率を算出不能,データ不足,False,公式取得元または参照先なし,データなし,データなし,データなし,データなし,データなし,データなし,データなし,データなし,データなし,評価不能,評価不能,,評価不能,,データなし,データなし,データなし,データなし,データ不足,公式取得元または参照先なし,,,データなし,データなし,データなし,,,,,,,,,,,,,,,,
7685,ＢｕｙＳｅｌｌ　Ｔｅｃｈｎｏｌｏｇｉｅｓ,見送り,見送り,見送り,2960.98,3045.14,3450.0,3466.83,3570.84,2861.37,4677.75,0,0.0,0.0,2.37,B,見送り,10.0,56.95,+1.80σ,3.43,False,データなし,10.0,3,-9.0,0,0.0,強いリスクオフ・通常の25%,反転条件の完成待ち。ファンダメンタル=データ不足、RSI 57.0、出来高 3.43倍、BB +1.80σ,方式別実績はサンプル蓄積中。市場=強いリスクオフ、ニュース重大度と300万円の損失・投入・現金・保有数制約を適用,強いリスクオフのため新規主力買い停止,0.0,0.0,10.0,49,49,信用需給は判定不能,信用データがデータなし、または売残0で信用倍率を算出不能,データ不足,False,公式取得元または参照先なし,データなし,データなし,データなし,データなし,データなし,データなし,データなし,データなし,データなし,評価不能,評価不能,,評価不能,,データなし,データなし,データなし,データなし,データ不足,公式取得元または参照先なし,,,データなし,データなし,データなし,,,,,,,,,,,,,,,,
7747,朝日インテック,見送り,見送り,見送り,3440.36,3500.58,4138.0,4150.04,4274.54,3282.83,5884.47,0,0.0,0.0,2.17,C,見送り,10.0,72.21,+2.37σ,3.28,False,データなし,10.0,3,-9.0,0,0.0,強いリスクオフ・通常の25%,急騰済みを最優先して除外。ファンダメンタル=データ不足、RSI 72.2、出来高 3.28倍、BB +2.37σ,方式別実績はサンプル蓄積中。市場=強いリスクオフ、ニュース重大度と300万円の損失・投入・現金・保有数制約を適用,強いリスクオフのため新規主力買い停止,0.0,0.0,10.0,49,49,信用需給は判定不能,信用データがデータなし、または売残0で信用倍率を算出不能,データ不足,False,公式取得元または参照先なし,データなし,データなし,データなし,データなし,データなし,データなし,データなし,データなし,データなし,評価不能,評価不能,,評価不能,,データなし,データなし,データなし,データなし,データ不足,公式取得元または参照先なし,,,データなし,データなし,データなし,,,,,,,,,,,,,,,,
8995,誠建設工業,見送り,見送り,見送り,748.78,831.22,1980.0,1996.49,2078.93,494.49,5000.48,0,0.0,0.0,2.03,C,見送り,10.0,80.88,+3.12σ,4.37,False,データなし,10.0,3,-9.0,0,0.0,強いリスクオフ・通常の25%,急騰済みを最優先して除外。ファンダメンタル=データ不足、RSI 80.9、出来高 4.37倍、BB +3.12σ,方式別実績はサンプル蓄積中。市場=強いリスクオフ、ニュース重大度と300万円の損失・投入・現金・保有数制約を適用,強いリスクオフのため新規主力買い停止,0.0,0.0,10.0,49,49,信用需給は判定不能,信用データがデータなし、または売残0で信用倍率を算出不能,データ不足,False,公式取得元または参照先なし,データなし,データなし,データなし,データなし,データなし,データなし,データなし,データなし,データなし,評価不能,評価不能,,評価不能,,データなし,データなし,データなし,データなし,データ不足,公式取得元または参照先なし,,,データなし,データなし,データなし,,,,,,,,,,,,,,,,
6787,メイコー,見送り,見送り,見送り,18108.73,19190.67,19600.0,19816.39,20898.34,16233.91,26981.35,0,0.0,0.0,2.44,A,見送り,9.72,41.29,-0.71σ,0.86,True,データなし,18.0,3,-9.0,0,0.0,強いリスクオフ・通常の25%,暴落リバウンド型のため主力不可。ファンダメンタル=データ不足、RSI 41.3、出来高 0.86倍、BB -0.71σ,方式別実績はサンプル蓄積中。市場=強いリスクオフ、ニュース重大度と300万円の損失・投入・現金・保有数制約を適用,強いリスクオフのため新規主力買い停止,0.0,0.0,18.0,3,3,信用需給は判定不能,信用データがデータなし、または売残0で信用倍率を算出不能,データ不足,False,公式取得元または参照先なし,データなし,データなし,データなし,データなし,データなし,データなし,データなし,データなし,データなし,評価不能,評価不能,,評価不能,,データなし,データなし,データなし,データなし,データ不足,公式取得元または参照先なし,,,データなし,データなし,データなし,,,,,,,,,,,,,,,,
4165,プレイド,見送り,見送り,見送り,545.79,560.28,702.0,704.9,726.04,515.92,1082.85,0,0.0,0.0,2.1,C,見送り,9.58,72.97,+2.93σ,2.29,False,データなし,11.0,3,-9.0,0,0.0,強いリスクオフ・通常の25%,急騰済みを最優先して除外。ファンダメンタル=データ不足、RSI 73.0、出来高 2.29倍、BB +2.93σ,方式別実績はサンプル蓄積中。市場=強いリスクオフ、ニュース重大度と300万円の損失・投入・現金・保有数制約を適用,強いリスクオフのため新規主力買い停止,0.0,0.0,11.0,30,30,信用需給は判定不能,信用データがデータなし、または売残0で信用倍率を算出不能,データ不足,False,公式取得元または参照先なし,データなし,データなし,データなし,データなし,データなし,データなし,データなし,データなし,データなし,評価不能,評価不能,,評価不能,,データなし,データなし,データなし,データなし,データ不足,公式取得元または参照先なし,,,データなし,データなし,データなし,,,,,,,,,,,,,,,,
6498,キッツ,見送り,見送り,見送り,2041.05,2094.0,2098.0,2108.79,2172.05,1941.63,2443.11,0,0.0,0.0,2.29,A+,見送り,9.22,42.4,-0.79σ,0.61,False,データなし,14.0,3,-9.0,0,0.0,強いリスクオフ・通常の25%,押し目と反転足を確認。ファンダメンタル=データ不足、RSI 42.4、出来高 0.61倍、BB -0.79σ,方式別実績はサンプル蓄積中。市場=強いリスクオフ、ニュース重大度と300万円の損失・投入・現金・保有数制約を適用,強いリスクオフのため新規主力買い停止,0.0,0.0,14.0,17,17,信用需給は判定不能,信用データがデータなし、または売残0で信用倍率を算出不能,データ不足,False,公式取得元または参照先なし,データなし,データなし,データなし,データなし,データなし,データなし,データなし,データなし,データなし,評価不能,評価不能,,評価不能,,データなし,データなし,データなし,データなし,データ不足,公式取得元または参照先なし,,,データなし,データなし,データなし,,,,,,,,,,,,,,,,
6656,インスペック,見送り,見送り,見送り,847.29,891.75,912.0,920.89,965.36,770.6,1221.48,0,0.0,0.0,2.28,B,見送り,9.1,42.67,-0.61σ,0.55,True,データなし,18.0,3,-9.0,0,0.0,強いリスクオフ・通常の25%,出来高0.6倍未満のため主力不可。ファンダメンタル=データ不足、RSI 42.7、出来高 0.55倍、BB -0.61σ,方式別実績はサンプル蓄積中。市場=強いリスクオフ、ニュース重大度と300万円の損失・投入・現金・保有数制約を適用,強いリスクオフのため新規主力買い停止,0.0,0.0,18.0,3,3,信用需給は判定不能,信用データがデータなし、または売残0で信用倍率を算出不能,データ不足,False,公式取得元または参照先なし,データなし,データなし,データなし,データなし,データなし,データなし,データなし,データなし,データなし,評価不能,評価不能,,評価不能,,データなし,データなし,データなし,データなし,データ不足,公式取得元または参照先なし,,,データなし,データなし,データなし,,,,,,,,,,,,,,,,
6524,湖北工業,見送り,見送り,見送り,4189.26,4345.27,5150.0,5181.2,5337.21,3952.28,7639.05,0,0.0,0.0,2.18,C,見送り,9.02,57.17,+1.68σ,1.01,False,データなし,13.0,3,-9.0,0,0.0,強いリスクオフ・通常の25%,急騰済みを最優先して除外。ファンダメンタル=データ不足、RSI 57.2、出来高 1.01倍、BB +1.68σ,方式別実績はサンプル蓄積中。市場=強いリスクオフ、ニュース重大度と300万円の損失・投入・現金・保有数制約を適用,強いリスクオフのため新規主力買い停止,0.0,0.0,13.0,22,22,信用需給は判定不能,信用データがデータなし、または売残0で信用倍率を算出不能,データ不足,False,公式取得元または参照先なし,データなし,データなし,データなし,データなし,データなし,データなし,データなし,データなし,データなし,評価不能,評価不能,,評価不能,,データなし,データなし,データなし,データなし,データ不足,公式取得元または参照先なし,,,データなし,データなし,データなし,,,,,,,,,,,,,,,,
6194,アトラエ,見送り,見送り,見送り,824.31,837.89,913.0,915.72,943.19,805.7,1135.74,0,0.0,0.0,2.2,C,見送り,8.88,73.67,+2.07σ,1.44,False,データなし,12.0,3,-9.0,0,0.0,強いリスクオフ・通常の25%,急騰済みを最優先して除外。ファンダメンタル=データ不足、RSI 73.7、出来高 1.44倍、BB +2.07σ,方式別実績はサンプル蓄積中。市場=強いリスクオフ、ニュース重大度と300万円の損失・投入・現金・保有数制約を適用,強いリスクオフのため新規主力買い停止,0.0,0.0,12.0,25,25,信用需給は判定不能,信用データがデータなし、または売残0で信用倍率を算出不能,データ不足,False,公式取得元または参照先なし,データなし,データなし,データなし,データなし,データなし,データなし,データなし,データなし,データなし,評価不能,評価不能,,評価不能,,データなし,データなし,データなし,データなし,データ不足,公式取得元または参照先なし,,,データなし,データなし,データなし,,,,,,,,,,,,,,,,
4182,三菱瓦斯化学,見送り,見送り,見送り,3926.87,4058.01,4226.0,4252.23,4383.37,3740.12,5276.45,0,0.0,0.0,2.16,B,見送り,8.62,46.97,-0.07σ,1.31,False,データなし,12.0,3,-9.0,0,0.0,強いリスクオフ・通常の25%,反転条件の完成待ち。ファンダメンタル=データ不足、RSI 47.0、出来高 1.31倍、BB -0.07σ,方式別実績はサンプル蓄積中。市場=強いリスクオフ、ニュース重大度と300万円の損失・投入・現金・保有数制約を適用,強いリスクオフのため新規主力買い停止,0.0,0.0,12.0,25,25,信用需給は判定不能,信用データがデータなし、または売残0で信用倍率を算出不能,データ不足,False,公式取得元または参照先なし,データなし,データなし,データなし,データなし,データなし,データなし,データなし,データなし,データなし,評価不能,評価不能,,評価不能,,データなし,データなし,データなし,データなし,データ不足,公式取得元または参照先なし,,,データなし,データなし,データなし,,,,,,,,,,,,,,,,
4935,リベルタ,見送り,見送り,見送り,216.72,228.0,230.0,232.72,246.31,191.95,314.26,0,0.0,0.0,2.39,B,見送り,8.56,43.08,-0.84σ,0.28,True,データなし,18.0,3,-9.0,0,0.0,強いリスクオフ・通常の25%,出来高0.6倍未満のため主力不可。ファンダメンタル=データ不足、RSI 43.1、出来高 0.28倍、BB -0.84σ,方式別実績はサンプル蓄積中。市場=強いリスクオフ、ニュース重大度と300万円の損失・投入・現金・保有数制約を適用,強いリスクオフのため新規主力買い停止,0.0,0.0,18.0,3,3,信用需給は判定不能,信用データがデータなし、または売残0で信用倍率を算出不能,データ不足,False,公式取得元または参照先なし,データなし,データなし,データなし,データなし,データなし,データなし,データなし,データなし,データなし,評価不能,評価不能,,評価不能,,データなし,データなし,データなし,データなし,データ不足,公式取得元または参照先なし,,,データなし,データなし,データなし,,,,,,,,,,,,,,,,
4626,太陽ホールディングス,見送り,見送り,見送り,4711.82,4749.65,4911.0,4918.57,5066.12,4668.88,5417.94,0,0.0,0.0,3.02,B,見送り,8.34,51.34,+1.01σ,0.67,False,データなし,13.0,3,-9.0,0,0.0,強いリスクオフ・通常の25%,反転条件の完成待ち。ファンダメンタル=データ不足、RSI 51.3、出来高 0.67倍、BB +1.01σ,方式別実績はサンプル蓄積中。市場=強いリスクオフ、ニュース重大度と300万円の損失・投入・現金・保有数制約を適用,強いリスクオフのため新規主力買い停止,0.0,0.0,13.0,22,22,信用需給は判定不能,信用データがデータなし、または売残0で信用倍率を算出不能,データ不足,False,公式取得元または参照先なし,データなし,データなし,データなし,データなし,データなし,データなし,データなし,データなし,データなし,評価不能,評価不能,,評価不能,,データなし,データなし,データなし,データなし,データ不足,公式取得元または参照先なし,,,データなし,データなし,データなし,,,,,,,,,,,,,,,,
7224,新明和工業,見送り,見送り,見送り,1953.06,1977.6,2033.0,2037.91,2099.05,1938.06,2237.61,0,0.0,0.0,2.53,B,見送り,8.24,52.12,+1.11σ,0.62,False,データなし,13.0,3,-9.0,0,0.0,強いリスクオフ・通常の25%,反転条件の完成待ち。ファンダメンタル=データ不足、RSI 52.1、出来高 0.62倍、BB +1.11σ,方式別実績はサンプル蓄積中。市場=強いリスクオフ、ニュース重大度と300万円の損失・投入・現金・保有数制約を適用,強いリスクオフのため新規主力買い停止,0.0,0.0,13.0,22,22,信用需給は判定不能,信用データがデータなし、または売残0で信用倍率を算出不能,データ不足,False,公式取得元または参照先なし,データなし,データなし,データなし,データなし,データなし,データなし,データなし,データなし,データなし,評価不能,評価不能,,評価不能,,データなし,データなし,データなし,データなし,データ不足,公式取得元または参照先なし,,,データなし,データなし,データなし,,,,,,,,,,,,,,,,
4320,ＣＥホールディングス,見送り,見送り,見送り,1646.27,1657.0,1661.0,1664.4,1714.34,1613.36,1766.49,0,0.0,0.0,2.51,B,見送り,8.1,40.53,-0.94σ,1.55,False,データなし,14.0,0,-9.0,0,0.0,強いリスクオフ・通常の25%,反転条件の完成待ち。ファンダメンタル=データ不足、RSI 40.5、出来高 1.55倍、BB -0.94σ,方式別実績はサンプル蓄積中。市場=強いリスクオフ、ニュース重大度と300万円の損失・投入・現金・保有数制約を適用,強いリスクオフのため新規主力買い停止,0.0,0.0,14.0,17,17,信用需給は判定不能,信用データがデータなし、または売残0で信用倍率を算出不能,データ不足,False,公式取得元または参照先なし,データなし,データなし,データなし,データなし,データなし,データなし,データなし,データなし,データなし,評価不能,評価不能,,評価不能,,データなし,データなし,データなし,データなし,データ不足,公式取得元または参照先なし,,,データなし,データなし,データなし,,,,,,,,,,,,,,,,
4392,ＦＩＧ,見送り,見送り,見送り,825.47,877.51,1279.0,1289.41,1341.44,747.34,2373.54,0,0.0,0.0,2.37,C,見送り,8.0,65.2,+2.63σ,10.25,False,データなし,8.0,3,-9.0,0,0.0,強いリスクオフ・通常の25%,急騰済みを最優先して除外。ファンダメンタル=データ不足、RSI 65.2、出来高 10.25倍、BB +2.63σ,方式別実績はサンプル蓄積中。市場=強いリスクオフ、ニュース重大度と300万円の損失・投入・現金・保有数制約を適用,強いリスクオフのため新規主力買い停止,0.0,0.0,8.0,118,118,信用需給は判定不能,信用データがデータなし、または売残0で信用倍率を算出不能,データ不足,False,公式取得元または参照先なし,データなし,データなし,データなし,データなし,データなし,データなし,データなし,データなし,データなし,評価不能,評価不能,,評価不能,,データなし,データなし,データなし,データなし,データ不足,公式取得元または参照先なし,,,データなし,データなし,データなし,,,,,,,,,,,,,,,,
6071,ＩＢＪ,見送り,見送り,見送り,799.05,811.71,955.0,957.53,986.26,777.71,1317.17,0,0.0,0.0,2.32,C,見送り,8.0,75.14,+3.87σ,15.06,False,データなし,8.0,3,-9.0,0,0.0,強いリスクオフ・通常の25%,急騰済みを最優先して除外。ファンダメンタル=データ不足、RSI 75.1、出来高 15.06倍、BB +3.87σ,方式別実績はサンプル蓄積中。市場=強いリスクオフ、ニュース重大度と300万円の損失・投入・現金・保有数制約を適用,強いリスクオフのため新規主力買い停止,0.0,0.0,8.0,118,118,信用需給は判定不能,信用データがデータなし、または売残0で信用倍率を算出不能,データ不足,False,公式取得元または参照先なし,データなし,データなし,データなし,データなし,データなし,データなし,データなし,データなし,データなし,評価不能,評価不能,,評価不能,,データなし,データなし,データなし,データなし,データ不足,公式取得元または参照先なし,,,データなし,データなし,データなし,,,,,,,,,,,,,,,,
3445,ＲＳ　Ｔｅｃｈｎｏｌｏｇｉｅｓ,見送り,見送り,見送り,5978.44,6251.96,6400.0,6454.7,6728.23,5634.13,8095.85,0,0.0,0.0,2.44,B,見送り,7.98,45.55,-0.42σ,0.99,False,データなし,12.0,3,-9.0,0,0.0,強いリスクオフ・通常の25%,反転条件の完成待ち。ファンダメンタル=データ不足、RSI 45.5、出来高 0.99倍、BB -0.42σ,方式別実績はサンプル蓄積中。市場=強いリスクオフ、ニュース重大度と300万円の損失・投入・現金・保有数制約を適用,強いリスクオフのため新規主力買い停止,0.0,0.0,12.0,25,25,信用需給は判定不能,信用データがデータなし、または売残0で信用倍率を算出不能,データ不足,False,公式取得元または参照先なし,データなし,データなし,データなし,データなし,データなし,データなし,データなし,データなし,データなし,評価不能,評価不能,,評価不能,,データなし,データなし,データなし,データなし,データ不足,公式取得元または参照先なし,,,データなし,データなし,データなし,,,,,,,,,,,,,,,,
5985,サンコール,見送り,見送り,見送り,1072.97,1152.65,2359.0,2374.94,2454.62,753.07,5618.67,0,0.0,0.0,2.03,C,見送り,7.84,78.32,+2.46σ,1.42,False,データなし,11.0,3,-9.0,0,0.0,強いリスクオフ・通常の25%,急騰済みを最優先して除外。ファンダメンタル=データ不足、RSI 78.3、出来高 1.42倍、BB +2.46σ,方式別実績はサンプル蓄積中。市場=強いリスクオフ、ニュース重大度と300万円の損失・投入・現金・保有数制約を適用,強いリスクオフのため新規主力買い停止,0.0,0.0,11.0,30,30,信用需給は判定不能,信用データがデータなし、または売残0で信用倍率を算出不能,データ不足,False,公式取得元または参照先なし,データなし,データなし,データなし,データなし,データなし,データなし,データなし,データなし,データなし,評価不能,評価不能,,評価不能,,データなし,データなし,データなし,データなし,データ不足,公式取得元または参照先なし,,,データなし,データなし,データなし,,,,,,,,,,,,,,,,
6844,新電元工業,見送り,見送り,見送り,3190.7,3285.26,3350.0,3368.91,3469.98,3038.46,4029.81,0,0.0,0.0,2.34,B,見送り,7.74,45.17,-0.51σ,0.87,False,データなし,12.0,3,-9.0,0,0.0,強いリスクオフ・通常の25%,反転条件の完成待ち。ファンダメンタル=データ不足、RSI 45.2、出来高 0.87倍、BB -0.51σ,方式別実績はサンプル蓄積中。市場=強いリスクオフ、ニュース重大度と300万円の損失・投入・現金・保有数制約を適用,強いリスクオフのため新規主力買い停止,0.0,0.0,12.0,25,25,信用需給は判定不能,信用データがデータなし、または売残0で信用倍率を算出不能,データ不足,False,公式取得元または参照先なし,データなし,データなし,データなし,データなし,データなし,データなし,データなし,データなし,データなし,評価不能,評価不能,,評価不能,,データなし,データなし,データなし,データなし,データ不足,公式取得元または参照先なし,,,データなし,データなし,データなし,,,,,,,,,,,,,,,,
9308,乾汽船,見送り,見送り,見送り,1736.8,1773.84,2147.0,2154.41,2219.04,1615.29,3232.64,0,0.0,0.0,2.04,C,見送り,7.62,82.77,+1.80σ,1.31,False,データなし,11.0,3,-9.0,0,0.0,強いリスクオフ・通常の25%,急騰済みを最優先して除外。ファンダメンタル=データ不足、RSI 82.8、出来高 1.31倍、BB +1.80σ,方式別実績はサンプル蓄積中。市場=強いリスクオフ、ニュース重大度と300万円の損失・投入・現金・保有数制約を適用,強いリスクオフのため新規主力買い停止,0.0,0.0,11.0,30,30,信用需給は判定不能,信用データがデータなし、または売残0で信用倍率を算出不能,データ不足,False,公式取得元または参照先なし,データなし,データなし,データなし,データなし,データなし,データなし,データなし,データなし,データなし,評価不能,評価不能,,評価不能,,データなし,データなし,データなし,データなし,データ不足,公式取得元または参照先なし,,,データなし,データなし,データなし,,,,,,,,,,,,,,,,
2780,コメ兵ホールディングス,見送り,見送り,見送り,4949.05,5060.25,5410.0,5432.24,5595.21,4831.79,6633.14,0,0.0,0.0,2.69,B,見送り,7.46,53.65,+0.82σ,2.73,False,データなし,8.0,3,-9.0,0,0.0,強いリスクオフ・通常の25%,反転条件の完成待ち。ファンダメンタル=データ不足、RSI 53.6、出来高 2.73倍、BB +0.82σ,方式別実績はサンプル蓄積中。市場=強いリスクオフ、ニュース重大度と300万円の損失・投入・現金・保有数制約を適用,強いリスクオフのため新規主力買い停止,0.0,0.0,8.0,118,118,信用需給は判定不能,信用データがデータなし、または売残0で信用倍率を算出不能,データ不足,False,公式取得元または参照先なし,データなし,データなし,データなし,データなし,データなし,データなし,データなし,データなし,データなし,評価不能,評価不能,,評価不能,,データなし,データなし,データなし,データなし,データ不足,公式取得元または参照先なし,,,データなし,データなし,データなし,,,,,,,,,,,,,,,,
4368,扶桑化学工業,見送り,見送り,見送り,3384.94,3516.68,3600.0,3626.35,3758.08,3171.36,4536.32,0,0.0,0.0,2.92,A+,見送り,7.4,43.45,-0.75σ,0.7,False,データなし,12.0,3,-9.0,0,0.0,強いリスクオフ・通常の25%,押し目と反転足を確認。ファンダメンタル=データ不足、RSI 43.5、出来高 0.70倍、BB -0.75σ,方式別実績はサンプル蓄積中。市場=強いリスクオフ、ニュース重大度と300万円の損失・投入・現金・保有数制約を適用,強いリスクオフのため新規主力買い停止,0.0,0.0,12.0,25,25,信用需給は判定不能,信用データがデータなし、または売残0で信用倍率を算出不能,データ不足,False,公式取得元または参照先なし,データなし,データなし,データなし,データなし,データなし,データなし,データなし,データなし,データなし,評価不能,評価不能,,評価不能,,データなし,データなし,データなし,データなし,データ不足,公式取得元または参照先なし,,,データなし,データなし,データなし,,,,,,,,,,,,,,,,
2334,イオレ,見送り,見送り,見送り,467.18,483.65,564.0,567.29,584.31,444.81,812.26,0,0.0,0.0,2.43,B,見送り,7.34,56.4,+1.50σ,1.67,False,データなし,10.0,3,-9.0,0,0.0,強いリスクオフ・通常の25%,反転条件の完成待ち。ファンダメンタル=データ不足、RSI 56.4、出来高 1.67倍、BB +1.50σ,方式別実績はサンプル蓄積中。市場=強いリスクオフ、ニュース重大度と300万円の損失・投入・現金・保有数制約を適用,強いリスクオフのため新規主力買い停止,0.0,0.0,10.0,49,49,信用需給は判定不能,信用データがデータなし、または売残0で信用倍率を算出不能,データ不足,False,公式取得元または参照先なし,データなし,データなし,データなし,データなし,データなし,データなし,データなし,データなし,データなし,評価不能,評価不能,,評価不能,,データなし,データなし,データなし,データなし,データ不足,公式取得元または参照先なし,,,データなし,データなし,データなし,,,,,,,,,,,,,,,,
3964,オークネット,見送り,見送り,見送り,1353.03,1376.27,1510.0,1514.65,1560.09,1312.05,1919.84,0,0.0,0.0,2.51,B,見送り,7.32,63.18,+1.29σ,1.66,False,データなし,10.0,3,-9.0,0,0.0,強いリスクオフ・通常の25%,反転条件の完成待ち。ファンダメンタル=データ不足、RSI 63.2、出来高 1.66倍、BB +1.29σ,方式別実績はサンプル蓄積中。市場=強いリスクオフ、ニュース重大度と300万円の損失・投入・現金・保有数制約を適用,強いリスクオフのため新規主力買い停止,0.0,0.0,10.0,49,49,信用需給は判定不能,信用データがデータなし、または売残0で信用倍率を算出不能,データ不足,False,公式取得元または参照先なし,データなし,データなし,データなし,データなし,データなし,データなし,データなし,データなし,データなし,評価不能,評価不能,,評価不能,,データなし,データなし,データなし,データなし,データ不足,公式取得元または参照先なし,,,データなし,データなし,データなし,,,,,,,,,,,,,,,,
6023,ダイハツインフィニアース,見送り,見送り,見送り,2657.66,2724.6,3140.0,3153.39,3247.99,2530.21,4399.74,0,0.0,0.0,2.4,B,見送り,7.32,62.5,+1.42σ,1.16,False,データなし,11.0,3,-9.0,0,0.0,強いリスクオフ・通常の25%,反転条件の完成待ち。ファンダメンタル=データ不足、RSI 62.5、出来高 1.16倍、BB +1.42σ,方式別実績はサンプル蓄積中。市場=強いリスクオフ、ニュース重大度と300万円の損失・投入・現金・保有数制約を適用,強いリスクオフのため新規主力買い停止,0.0,0.0,11.0,30,30,信用需給は判定不能,信用データがデータなし、または売残0で信用倍率を算出不能,データ不足,False,公式取得元または参照先なし,データなし,データなし,データなし,データなし,データなし,データなし,データなし,データなし,データなし,評価不能,評価不能,,評価不能,,データなし,データなし,データなし,データなし,データ不足,公式取得元または参照先なし,,,データなし,データなし,データなし,,,,,,,,,,,,,,,,
3692,ＦＦＲＩセキュリティ,見送り,見送り,見送り,4672.99,4740.0,4800.0,4826.81,4971.61,4424.73,5630.95,0,0.0,0.0,2.83,A,見送り,7.3,39.16,-1.56σ,1.15,True,データなし,15.0,3,-9.0,0,0.0,強いリスクオフ・通常の25%,暴落リバウンド型のため主力不可。ファンダメンタル=データ不足、RSI 39.2、出来高 1.15倍、BB -1.56σ,方式別実績はサンプル蓄積中。市場=強いリスクオフ、ニュース重大度と300万円の損失・投入・現金・保有数制約を適用,強いリスクオフのため新規主力買い停止,0.0,0.0,15.0,10,10,信用需給は判定不能,信用データがデータなし、または売残0で信用倍率を算出不能,データ不足,False,公式取得元または参照先なし,データなし,データなし,データなし,データなし,データなし,データなし,データなし,データなし,データなし,評価不能,評価不能,,評価不能,,データなし,データなし,データなし,データなし,データ不足,公式取得元または参照先なし,,,データなし,データなし,データなし,,,,,,,,,,,,,,,,
1938,日本リーテック,見送り,見送り,見送り,2387.99,2426.15,2510.0,2517.63,2593.16,2357.54,2837.81,0,0.0,0.0,2.15,B,見送り,7.1,50.98,+1.08σ,1.05,False,データなし,11.0,3,-9.0,0,0.0,強いリスクオフ・通常の25%,反転条件の完成待ち。ファンダメンタル=データ不足、RSI 51.0、出来高 1.05倍、BB +1.08σ,方式別実績はサンプル蓄積中。市場=強いリスクオフ、ニュース重大度と300万円の損失・投入・現金・保有数制約を適用,強いリスクオフのため新規主力買い停止,0.0,0.0,11.0,30,30,信用需給は判定不能,信用データがデータなし、または売残0で信用倍率を算出不能,データ不足,False,公式取得元または参照先なし,データなし,データなし,データなし,データなし,データなし,データなし,データなし,データなし,データなし,評価不能,評価不能,,評価不能,,データなし,データなし,データなし,データなし,データ不足,公式取得元または参照先なし,,,データなし,データなし,データなし,,,,,,,,,,,,,,,,
3093,トレジャー・ファクトリー,見送り,見送り,見送り,2032.0,2067.6,2134.0,2141.12,2205.35,2009.0,2405.36,0,0.0,0.0,2.39,B,見送り,7.04,54.1,+1.03σ,1.02,False,データなし,11.0,3,-9.0,0,0.0,強いリスクオフ・通常の25%,反転条件の完成待ち。ファンダメンタル=データ不足、RSI 54.1、出来高 1.02倍、BB +1.03σ,方式別実績はサンプル蓄積中。市場=強いリスクオフ、ニュース重大度と300万円の損失・投入・現金・保有数制約を適用,強いリスクオフのため新規主力買い停止,0.0,0.0,11.0,30,30,信用需給は判定不能,信用データがデータなし、または売残0で信用倍率を算出不能,データ不足,False,公式取得元または参照先なし,データなし,データなし,データなし,データなし,データなし,データなし,データなし,データなし,データなし,評価不能,評価不能,,評価不能,,データなし,データなし,データなし,データなし,データ不足,公式取得元または参照先なし,,,データなし,データなし,データなし,,,,,,,,,,,,,,,,
3810,サイバーステップホールディングス,見送り,見送り,見送り,148.3,156.68,231.0,232.68,241.05,132.62,432.79,0,0.0,0.0,2.15,C,見送り,7.0,70.06,+2.80σ,4.31,False,データなし,7.0,3,-9.0,0,0.0,強いリスクオフ・通常の25%,急騰済みを最優先して除外。ファンダメンタル=データ不足、RSI 70.1、出来高 4.31倍、BB +2.80σ,方式別実績はサンプル蓄積中。市場=強いリスクオフ、ニュース重大度と300万円の損失・投入・現金・保有数制約を適用,強いリスクオフのため新規主力買い停止,0.0,0.0,7.0,177,177,信用需給は判定不能,信用データがデータなし、または売残0で信用倍率を算出不能,データ不足,False,公式取得元または参照先なし,データなし,データなし,データなし,データなし,データなし,データなし,データなし,データなし,データなし,評価不能,評価不能,,評価不能,,データなし,データなし,データなし,データなし,データ不足,公式取得元または参照先なし,,,データなし,データなし,データなし,,,,,,,,,,,,,,,,
3196,ホットランドホールディングス,見送り,見送り,見送り,1580.36,1594.56,1637.0,1639.84,1689.04,1554.87,1809.78,0,0.0,0.0,2.63,B,見送り,6.86,53.39,+0.15σ,2.43,False,データなし,8.0,3,-9.0,0,0.0,強いリスクオフ・通常の25%,反転条件の完成待ち。ファンダメンタル=データ不足、RSI 53.4、出来高 2.43倍、BB +0.15σ,方式別実績はサンプル蓄積中。市場=強いリスクオフ、ニュース重大度と300万円の損失・投入・現金・保有数制約を適用,強いリスクオフのため新規主力買い停止,0.0,0.0,8.0,118,118,信用需給は判定不能,信用データがデータなし、または売残0で信用倍率を算出不能,データ不足,False,公式取得元または参照先なし,データなし,データなし,データなし,データなし,データなし,データなし,データなし,データなし,データなし,評価不能,評価不能,,評価不能,,データなし,データなし,データなし,データなし,データ不足,公式取得元または参照先なし,,,データなし,データなし,データなし,,,,,,,,,,,,,,,,
7318,セレンディップ・ホールディングス,見送り,見送り,見送り,1505.77,1545.0,1563.0,1578.69,1657.16,1343.28,2049.51,0,0.0,0.0,2.5,A,見送り,6.84,35.91,-1.45σ,0.92,True,データなし,15.0,3,-9.0,0,0.0,強いリスクオフ・通常の25%,暴落リバウンド型のため主力不可。ファンダメンタル=データ不足、RSI 35.9、出来高 0.92倍、BB -1.45σ,方式別実績はサンプル蓄積中。市場=強いリスクオフ、ニュース重大度と300万円の損失・投入・現金・保有数制約を適用,強いリスクオフのため新規主力買い停止,0.0,0.0,15.0,10,10,信用需給は判定不能,信用データがデータなし、または売残0で信用倍率を算出不能,データ不足,False,公式取得元または参照先なし,データなし,データなし,データなし,データなし,データなし,データなし,データなし,データなし,データなし,評価不能,評価不能,,評価不能,,データなし,データなし,データなし,データなし,データ不足,公式取得元または参照先なし,,,データなし,データなし,データなし,,,,,,,,,,,,,,,,
6838,多摩川ホールディングス,見送り,見送り,見送り,1273.95,1323.03,1622.0,1631.82,1680.89,1191.88,2511.68,0,0.0,0.0,2.35,C,見送り,6.8,56.17,+1.70σ,0.9,False,データなし,11.0,3,-9.0,0,0.0,強いリスクオフ・通常の25%,急騰済みを最優先して除外。ファンダメンタル=データ不足、RSI 56.2、出来高 0.90倍、BB +1.70σ,方式別実績はサンプル蓄積中。市場=強いリスクオフ、ニュース重大度と300万円の損失・投入・現金・保有数制約を適用,強いリスクオフのため新規主力買い停止,0.0,0.0,11.0,30,30,信用需給は判定不能,信用データがデータなし、または売残0で信用倍率を算出不能,データ不足,False,公式取得元または参照先なし,データなし,データなし,データなし,データなし,データなし,データなし,データなし,データなし,データなし,評価不能,評価不能,,評価不能,,データなし,データなし,データなし,データなし,データ不足,公式取得元または参照先なし,,,データなし,データなし,データなし,,,,,,,,,,,,,,,,
9324,安田倉庫,見送り,見送り,見送り,2453.28,2487.3,2599.0,2605.8,2683.98,2408.98,2999.45,0,0.0,0.0,2.64,B,見送り,6.8,60.48,+0.64σ,0.9,False,データなし,11.0,3,-9.0,0,0.0,強いリスクオフ・通常の25%,反転条件の完成待ち。ファンダメンタル=データ不足、RSI 60.5、出来高 0.90倍、BB +0.64σ,方式別実績はサンプル蓄積中。市場=強いリスクオフ、ニュース重大度と300万円の損失・投入・現金・保有数制約を適用,強いリスクオフのため新規主力買い停止,0.0,0.0,11.0,30,30,信用需給は判定不能,信用データがデータなし、または売残0で信用倍率を算出不能,データ不足,False,公式取得元または参照先なし,データなし,データなし,データなし,データなし,データなし,データなし,データなし,データなし,データなし,評価不能,評価不能,,評価不能,,データなし,データなし,データなし,データなし,データ不足,公式取得元または参照先なし,,,データなし,データなし,データなし,,,,,,,,,,,,,,,,
3798,ＵＬＳグループ,見送り,見送り,見送り,523.32,528.0,534.0,535.87,551.95,505.0,597.62,100,52800.0,2300.0,3.03,B,見送り,6.78,43.62,-1.49σ,1.39,False,データなし,10.0,3,-9.0,0,0.0,強いリスクオフ・通常の25%,反転条件の完成待ち。ファンダメンタル=データ不足、RSI 43.6、出来高 1.39倍、BB -1.49σ,方式別実績はサンプル蓄積中。市場=強いリスクオフ、ニュース重大度と300万円の損失・投入・現金・保有数制約を適用,強いリスクオフのため新規主力買い停止,0.0,0.0,10.0,49,49,信用需給は判定不能,信用データがデータなし、または売残0で信用倍率を算出不能,データ不足,False,公式取得元または参照先なし,データなし,データなし,データなし,データなし,データなし,データなし,データなし,データなし,データなし,評価不能,評価不能,,評価不能,,データなし,データなし,データなし,データなし,データ不足,公式取得元または参照先なし,,,データなし,データなし,データなし,,,,,,,,,,,,,,,,
6742,京三製作所,見送り,見送り,見送り,848.44,876.86,1100.0,1105.68,1138.85,787.36,1742.33,0,0.0,0.0,2.29,C,見送り,6.72,65.24,+1.86σ,1.36,False,データなし,10.0,3,-9.0,0,0.0,強いリスクオフ・通常の25%,急騰済みを最優先して除外。ファンダメンタル=データ不足、RSI 65.2、出来高 1.36倍、BB +1.86σ,方式別実績はサンプル蓄積中。市場=強いリスクオフ、ニュース重大度と300万円の損失・投入・現金・保有数制約を適用,強いリスクオフのため新規主力買い停止,0.0,0.0,10.0,49,49,信用需給は判定不能,信用データがデータなし、または売残0で信用倍率を算出不能,データ不足,False,公式取得元または参照先なし,データなし,データなし,データなし,データなし,データなし,データなし,データなし,データなし,データなし,評価不能,評価不能,,評価不能,,データなし,データなし,データなし,データなし,データ不足,公式取得元または参照先なし,,,データなし,データなし,データなし,,,,,,,,,,,,,,,,
6619,ダブル・スコープ,見送り,見送り,見送り,145.69,150.07,163.0,163.88,168.79,141.87,207.88,100,16200.0,2012.9999999999995,2.28,B,見送り,6.7,48.08,+1.35σ,0.85,False,データなし,11.0,3,-9.0,0,0.0,強いリスクオフ・通常の25%,反転条件の完成待ち。ファンダメンタル=データ不足、RSI 48.1、出来高 0.85倍、BB +1.35σ,方式別実績はサンプル蓄積中。市場=強いリスクオフ、ニュース重大度と300万円の損失・投入・現金・保有数制約を適用,強いリスクオフのため新規主力買い停止,0.0,0.0,11.0,30,30,信用需給は判定不能,信用データがデータなし、または売残0で信用倍率を算出不能,データ不足,False,公式取得元または参照先なし,データなし,データなし,データなし,データなし,データなし,データなし,データなし,データなし,データなし,評価不能,評価不能,,評価不能,,データなし,データなし,データなし,データなし,データ不足,公式取得元または参照先なし,,,データなし,データなし,データなし,,,,,,,,,,,,,,,,
5121,藤倉コンポジット,見送り,見送り,見送り,2438.4,2481.3,2830.0,2838.58,2923.74,2323.41,3868.92,0,0.0,0.0,2.24,B,見送り,6.68,67.01,+1.50σ,0.84,False,データなし,11.0,3,-9.0,0,0.0,強いリスクオフ・通常の25%,反転条件の完成待ち。ファンダメンタル=データ不足、RSI 67.0、出来高 0.84倍、BB +1.50σ,方式別実績はサンプル蓄積中。市場=強いリスクオフ、ニュース重大度と300万円の損失・投入・現金・保有数制約を適用,強いリスクオフのため新規主力買い停止,0.0,0.0,11.0,30,30,信用需給は判定不能,信用データがデータなし、または売残0で信用倍率を算出不能,データ不足,False,公式取得元または参照先なし,データなし,データなし,データなし,データなし,データなし,データなし,データなし,データなし,データなし,評価不能,評価不能,,評価不能,,データなし,データなし,データなし,データなし,データ不足,公式取得元または参照先なし,,,データなし,データなし,データなし,,,,,,,,,,,,,,,,
7059,コプロ・ホールディングス,見送り,見送り,見送り,777.33,789.01,939.0,941.34,969.58,740.03,1343.95,0,0.0,0.0,2.13,C,見送り,6.66,79.34,+2.47σ,1.33,False,データなし,10.0,3,-9.0,0,0.0,強いリスクオフ・通常の25%,急騰済みを最優先して除外。ファンダメンタル=データ不足、RSI 79.3、出来高 1.33倍、BB +2.47σ,方式別実績はサンプル蓄積中。市場=強いリスクオフ、ニュース重大度と300万円の損失・投入・現金・保有数制約を適用,強いリスクオフのため新規主力買い停止,0.0,0.0,10.0,49,49,信用需給は判定不能,信用データがデータなし、または売残0で信用倍率を算出不能,データ不足,False,公式取得元または参照先なし,データなし,データなし,データなし,データなし,データなし,データなし,データなし,データなし,データなし,評価不能,評価不能,,評価不能,,データなし,データなし,データなし,データなし,データ不足,公式取得元または参照先なし,,,データなし,データなし,データなし,,,,,,,,,,,,,,,,
6862,ミナトホールディングス,見送り,見送り,見送り,1565.56,1688.08,4020.0,4044.5,4167.02,950.94,10231.63,0,0.0,0.0,2.12,C,見送り,6.62,83.62,+2.40σ,1.81,False,データなし,9.0,3,-9.0,0,0.0,強いリスクオフ・通常の25%,急騰済みを最優先して除外。ファンダメンタル=データ不足、RSI 83.6、出来高 1.81倍、BB +2.40σ,方式別実績はサンプル蓄積中。市場=強いリスクオフ、ニュース重大度と300万円の損失・投入・現金・保有数制約を適用,強いリスクオフのため新規主力買い停止,0.0,0.0,9.0,87,87,信用需給は判定不能,信用データがデータなし、または売残0で信用倍率を算出不能,データ不足,False,公式取得元または参照先なし,データなし,データなし,データなし,データなし,データなし,データなし,データなし,データなし,データなし,評価不能,評価不能,,評価不能,,データなし,データなし,データなし,データなし,データ不足,公式取得元または参照先なし,,,データなし,データなし,データなし,,,,,,,,,,,,,,,,
2802,味の素,見送り,見送り,見送り,4875.87,4990.31,5754.0,5776.89,5950.19,4679.68,7971.3,0,0.0,0.0,2.16,B,見送り,6.6,62.37,+2.11σ,0.8,False,データなし,11.0,3,-9.0,0,0.0,強いリスクオフ・通常の25%,反転条件の完成待ち。ファンダメンタル=データ不足、RSI 62.4、出来高 0.80倍、BB +2.11σ,方式別実績はサンプル蓄積中。市場=強いリスクオフ、ニュース重大度と300万円の損失・投入・現金・保有数制約を適用,強いリスクオフのため新規主力買い停止,0.0,0.0,11.0,30,30,信用需給は判定不能,信用データがデータなし、または売残0で信用倍率を算出不能,データ不足,False,公式取得元または参照先なし,データなし,データなし,データなし,データなし,データなし,データなし,データなし,データなし,データなし,評価不能,評価不能,,評価不能,,データなし,データなし,データなし,データなし,データ不足,公式取得元または参照先なし,,,データなし,データなし,データなし,,,,,,,,,,,,,,,,
1723,日本電技,見送り,見送り,見送り,2051.27,2115.17,2219.0,2231.78,2298.73,1966.2,2762.94,0,0.0,0.0,2.53,B,見送り,6.52,48.73,-0.07σ,0.76,False,データなし,11.0,3,-9.0,0,0.0,強いリスクオフ・通常の25%,反転条件の完成待ち。ファンダメンタル=データ不足、RSI 48.7、出来高 0.76倍、BB -0.07σ,方式別実績はサンプル蓄積中。市場=強いリスクオフ、ニュース重大度と300万円の損失・投入・現金・保有数制約を適用,強いリスクオフのため新規主力買い停止,0.0,0.0,11.0,30,30,信用需給は判定不能,信用データがデータなし、または売残0で信用倍率を算出不能,データ不足,False,公式取得元または参照先なし,データなし,データなし,データなし,データなし,データなし,データなし,データなし,データなし,データなし,評価不能,評価不能,,評価不能,,データなし,データなし,データなし,データなし,データ不足,公式取得元または参照先なし,,,データなし,データなし,データなし,,,,,,,,,,,,,,,,
3679,じげん,見送り,見送り,見送り,405.08,410.44,452.0,453.07,466.66,397.47,564.27,0,0.0,0.0,2.44,C,見送り,6.5,72.46,+2.72σ,2.25,False,データなし,8.0,3,-9.0,0,0.0,強いリスクオフ・通常の25%,急騰済みを最優先して除外。ファンダメンタル=データ不足、RSI 72.5、出来高 2.25倍、BB +2.72σ,方式別実績はサンプル蓄積中。市場=強いリスクオフ、ニュース重大度と300万円の損失・投入・現金・保有数制約を適用,強いリスクオフのため新規主力買い停止,0.0,0.0,8.0,118,118,信用需給は判定不能,信用データがデータなし、または売残0で信用倍率を算出不能,データ不足,False,公式取得元または参照先なし,データなし,データなし,データなし,データなし,データなし,データなし,データなし,データなし,データなし,評価不能,評価不能,,評価不能,,データなし,データなし,データなし,データなし,データ不足,公式取得元または参照先なし,,,データなし,データなし,データなし,,,,,,,,,,,,,,,,
1407,ウエストホールディングス,見送り,見送り,見送り,2555.47,2639.05,2825.0,2841.72,2926.97,2507.52,3510.11,0,0.0,0.0,2.5,B,見送り,6.48,57.33,+1.19σ,0.74,False,データなし,11.0,3,-9.0,0,0.0,強いリスクオフ・通常の25%,反転条件の完成待ち。ファンダメンタル=データ不足、RSI 57.3、出来高 0.74倍、BB +1.19σ,方式別実績はサンプル蓄積中。市場=強いリスクオフ、ニュース重大度と300万円の損失・投入・現金・保有数制約を適用,強いリスクオフのため新規主力買い停止,0.0,0.0,11.0,30,30,信用需給は判定不能,信用データがデータなし、または売残0で信用倍率を算出不能,データ不足,False,公式取得元または参照先なし,データなし,データなし,データなし,データなし,データなし,データなし,データなし,データなし,データなし,評価不能,評価不能,,評価不能,,データなし,データなし,データなし,データなし,データ不足,公式取得元または参照先なし,,,データなし,データなし,データなし,,,,,,,,,,,,,,,,
6584,三櫻工業,見送り,見送り,見送り,777.14,799.13,860.0,864.4,890.33,729.0,1135.19,0,0.0,0.0,2.22,B,見送り,6.38,52.36,+1.53σ,0.69,False,データなし,11.0,3,-9.0,0,0.0,強いリスクオフ・通常の25%,反転条件の完成待ち。ファンダメンタル=データ不足、RSI 52.4、出来高 0.69倍、BB +1.53σ,方式別実績はサンプル蓄積中。市場=強いリスクオフ、ニュース重大度と300万円の損失・投入・現金・保有数制約を適用,強いリスクオフのため新規主力買い停止,0.0,0.0,11.0,30,30,信用需給は判定不能,信用データがデータなし、または売残0で信用倍率を算出不能,データ不足,False,公式取得元または参照先なし,データなし,データなし,データなし,データなし,データなし,データなし,データなし,データなし,データなし,評価不能,評価不能,,評価不能,,データなし,データなし,データなし,データなし,データ不足,公式取得元または参照先なし,,,データなし,データなし,データなし,,,,,,,,,,,,,,,,
4047,関東電化工業,見送り,見送り,見送り,2529.42,2627.38,2745.0,2764.59,2862.55,2416.95,3459.88,0,0.0,0.0,2.5,B,見送り,6.34,44.68,-0.15σ,1.17,False,データなし,10.0,3,-9.0,0,0.0,強いリスクオフ・通常の25%,反転条件の完成待ち。ファンダメンタル=データ不足、RSI 44.7、出来高 1.17倍、BB -0.15σ,方式別実績はサンプル蓄積中。市場=強いリスクオフ、ニュース重大度と300万円の損失・投入・現金・保有数制約を適用,強いリスクオフのため新規主力買い停止,0.0,0.0,10.0,49,49,信用需給は判定不能,信用データがデータなし、または売残0で信用倍率を算出不能,データ不足,False,公式取得元または参照先なし,データなし,データなし,データなし,データなし,データなし,データなし,データなし,データなし,データなし,評価不能,評価不能,,評価不能,,データなし,データなし,データなし,データなし,データ不足,公式取得元または参照先なし,,,データなし,データなし,データなし,,,,,,,,,,,,,,,,
6238,フリュー,見送り,見送り,見送り,1343.8,1363.22,1392.0,1395.88,1437.76,1302.0,1583.65,0,0.0,0.0,2.31,B,見送り,6.28,53.64,+0.63σ,1.14,False,データなし,10.0,3,-9.0,0,0.0,強いリスクオフ・通常の25%,反転条件の完成待ち。ファンダメンタル=データ不足、RSI 53.6、出来高 1.14倍、BB +0.63σ,方式別実績はサンプル蓄積中。市場=強いリスクオフ、ニュース重大度と300万円の損失・投入・現金・保有数制約を適用,強いリスクオフのため新規主力買い停止,0.0,0.0,10.0,49,49,信用需給は判定不能,信用データがデータなし、または売残0で信用倍率を算出不能,データ不足,False,公式取得元または参照先なし,データなし,データなし,データなし,データなし,データなし,データなし,データなし,データなし,データなし,評価不能,評価不能,,評価不能,,データなし,データなし,データなし,データなし,データ不足,公式取得元または参照先なし,,,データなし,データなし,データなし,,,,,,,,,,,,,,,,
6516,山洋電気,見送り,見送り,見送り,5379.49,5520.31,6070.0,6098.16,6281.11,5205.8,7882.89,0,0.0,0.0,2.29,B,見送り,6.22,54.03,+1.34σ,0.61,False,データなし,11.0,3,-9.0,0,0.0,強いリスクオフ・通常の25%,反転条件の完成待ち。ファンダメンタル=データ不足、RSI 54.0、出来高 0.61倍、BB +1.34σ,方式別実績はサンプル蓄積中。市場=強いリスクオフ、ニュース重大度と300万円の損失・投入・現金・保有数制約を適用,強いリスクオフのため新規主力買い停止,0.0,0.0,11.0,30,30,信用需給は判定不能,信用データがデータなし、または売残0で信用倍率を算出不能,データ不足,False,公式取得元または参照先なし,データなし,データなし,データなし,データなし,データなし,データなし,データなし,データなし,データなし,評価不能,評価不能,,評価不能,,データなし,データなし,データなし,データなし,データ不足,公式取得元または参照先なし,,,データなし,データなし,データなし,,,,,,,,,,,,,,,,
6908,イリソ電子工業,見送り,見送り,見送り,2740.84,2771.66,2845.0,2851.16,2936.7,2723.1,3107.29,0,0.0,0.0,2.26,B,見送り,6.16,51.37,+1.56σ,0.58,False,データなし,11.0,3,-9.0,0,0.0,強いリスクオフ・通常の25%,出来高0.6倍未満のため主力不可。ファンダメンタル=データ不足、RSI 51.4、出来高 0.58倍、BB +1.56σ,方式別実績はサンプル蓄積中。市場=強いリスクオフ、ニュース重大度と300万円の損失・投入・現金・保有数制約を適用,強いリスクオフのため新規主力買い停止,0.0,0.0,11.0,30,30,信用需給は判定不能,信用データがデータなし、または売残0で信用倍率を算出不能,データ不足,False,公式取得元または参照先なし,データなし,データなし,データなし,データなし,データなし,データなし,データなし,データなし,データなし,評価不能,評価不能,,評価不能,,データなし,データなし,データなし,データなし,データ不足,公式取得元または参照先なし,,,データなし,データなし,データなし,,,,,,,,,,,,,,,,
3104,富士紡ホールディングス,見送り,見送り,見送り,3475.86,3576.7,3785.0,3805.17,3919.32,3332.06,4751.38,0,0.0,0.0,2.13,B,見送り,6.1,50.28,+0.33σ,0.55,False,データなし,11.0,3,-9.0,0,0.0,強いリスクオフ・通常の25%,出来高0.6倍未満のため主力不可。ファンダメンタル=データ不足、RSI 50.3、出来高 0.55倍、BB +0.33σ,方式別実績はサンプル蓄積中。市場=強いリスクオフ、ニュース重大度と300万円の損失・投入・現金・保有数制約を適用,強いリスクオフのため新規主力買い停止,0.0,0.0,11.0,30,30,信用需給は判定不能,信用データがデータなし、または売残0で信用倍率を算出不能,データ不足,False,公式取得元または参照先なし,データなし,データなし,データなし,データなし,データなし,データなし,データなし,データなし,データなし,評価不能,評価不能,,評価不能,,データなし,データなし,データなし,データなし,データ不足,公式取得元または参照先なし,,,データなし,データなし,データなし,,,,,,,,,,,,,,,,
3449,テクノフレックス,見送り,見送り,見送り,3975.18,4200.0,4270.0,4322.39,4584.36,3536.48,5894.21,0,0.0,0.0,2.55,B,見送り,6.0,39.45,-0.79σ,0.5,True,データなし,15.0,3,-9.0,0,0.0,強いリスクオフ・通常の25%,出来高0.6倍未満のため主力不可。ファンダメンタル=データ不足、RSI 39.5、出来高 0.50倍、BB -0.79σ,方式別実績はサンプル蓄積中。市場=強いリスクオフ、ニュース重大度と300万円の損失・投入・現金・保有数制約を適用,強いリスクオフのため新規主力買い停止,0.0,0.0,15.0,10,10,信用需給は判定不能,信用データがデータなし、または売残0で信用倍率を算出不能,データ不足,False,公式取得元または参照先なし,データなし,データなし,データなし,データなし,データなし,データなし,データなし,データなし,データなし,評価不能,評価不能,,評価不能,,データなし,データなし,データなし,データなし,データ不足,公式取得元または参照先なし,,,データなし,データなし,データなし,,,,,,,,,,,,,,,,
7256,河西工業,見送り,見送り,見送り,401.99,417.79,511.0,514.16,529.97,378.0,786.49,0,0.0,0.0,3.81,B,見送り,6.0,59.78,+2.15σ,3.09,False,データなし,6.0,3,-9.0,0,0.0,強いリスクオフ・通常の25%,反転条件の完成待ち。ファンダメンタル=データ不足、RSI 59.8、出来高 3.09倍、BB +2.15σ,方式別実績はサンプル蓄積中。市場=強いリスクオフ、ニュース重大度と300万円の損失・投入・現金・保有数制約を適用,強いリスクオフのため新規主力買い停止,0.0,0.0,6.0,198,198,信用需給は判定不能,信用データがデータなし、または売残0で信用倍率を算出不能,データ不足,False,公式取得元または参照先なし,データなし,データなし,データなし,データなし,データなし,データなし,データなし,データなし,データなし,評価不能,評価不能,,評価不能,,データなし,データなし,データなし,データなし,データ不足,公式取得元または参照先なし,,,データなし,データなし,データなし,,,,,,,,,,,,,,,,
9072,ニッコンホールディングス,見送り,見送り,見送り,5049.62,5133.46,5449.0,5465.77,5629.74,4954.37,6488.56,0,0.0,0.0,2.22,B,見送り,6.0,55.38,+1.47σ,0.5,False,データなし,11.0,3,-9.0,0,0.0,強いリスクオフ・通常の25%,出来高0.6倍未満のため主力不可。ファンダメンタル=データ不足、RSI 55.4、出来高 0.50倍、BB +1.47σ,方式別実績はサンプル蓄積中。市場=強いリスクオフ、ニュース重大度と300万円の損失・投入・現金・保有数制約を適用,強いリスクオフのため新規主力買い停止,0.0,0.0,11.0,30,30,信用需給は判定不能,信用データがデータなし、または売残0で信用倍率を算出不能,データ不足,False,公式取得元または参照先なし,データなし,データなし,データなし,データなし,データなし,データなし,データなし,データなし,データなし,評価不能,評価不能,,評価不能,,データなし,データなし,データなし,データなし,データ不足,公式取得元または参照先なし,,,データなし,データなし,データなし,,,,,,,,,,,,,,,,
1945,東京エネシス,見送り,見送り,見送り,1949.93,1984.57,2091.0,2097.93,2160.86,1920.45,2452.88,0,0.0,0.0,2.2,B,見送り,5.96,53.67,+1.56σ,0.98,False,データなし,10.0,3,-9.0,0,0.0,強いリスクオフ・通常の25%,反転条件の完成待ち。ファンダメンタル=データ不足、RSI 53.7、出来高 0.98倍、BB +1.56σ,方式別実績はサンプル蓄積中。市場=強いリスクオフ、ニュース重大度と300万円の損失・投入・現金・保有数制約を適用,強いリスクオフのため新規主力買い停止,0.0,0.0,10.0,49,49,信用需給は判定不能,信用データがデータなし、または売残0で信用倍率を算出不能,データ不足,False,公式取得元または参照先なし,データなし,データなし,データなし,データなし,データなし,データなし,データなし,データなし,データなし,評価不能,評価不能,,評価不能,,データなし,データなし,データなし,データなし,データ不足,公式取得元または参照先なし,,,データなし,データなし,データなし,,,,,,,,,,,,,,,,
6986,双葉電子工業,見送り,見送り,見送り,578.26,588.4,689.0,691.03,711.76,550.5,972.08,0,0.0,0.0,2.11,C,見送り,5.92,78.3,+2.13σ,1.96,False,データなし,8.0,3,-9.0,0,0.0,強いリスクオフ・通常の25%,急騰済みを最優先して除外。ファンダメンタル=データ不足、RSI 78.3、出来高 1.96倍、BB +2.13σ,方式別実績はサンプル蓄積中。市場=強いリスクオフ、ニュース重大度と300万円の損失・投入・現金・保有数制約を適用,強いリスクオフのため新規主力買い停止,0.0,0.0,8.0,118,118,信用需給は判定不能,信用データがデータなし、または売残0で信用倍率を算出不能,データ不足,False,公式取得元または参照先なし,データなし,データなし,データなし,データなし,データなし,データなし,データなし,データなし,データなし,評価不能,評価不能,,評価不能,,データなし,データなし,データなし,データなし,データ不足,公式取得元または参照先なし,,,データなし,データなし,データなし,,,,,,,,,,,,,,,,
6367,ダイキン工業,見送り,見送り,見送り,21306.21,21450.0,21535.0,21592.52,22240.29,20729.78,23318.0,0,0.0,0.0,2.59,B,見送り,5.86,28.03,-1.46σ,0.43,False,データなし,14.0,0,-9.0,0,0.0,強いリスクオフ・通常の25%,出来高0.6倍未満のため主力不可。ファンダメンタル=データ不足、RSI 28.0、出来高 0.43倍、BB -1.46σ,方式別実績はサンプル蓄積中。市場=強いリスクオフ、ニュース重大度と300万円の損失・投入・現金・保有数制約を適用,強いリスクオフのため新規主力買い停止,0.0,0.0,14.0,17,17,信用需給は判定不能,信用データがデータなし、または売残0で信用倍率を算出不能,データ不足,False,公式取得元または参照先なし,データなし,データなし,データなし,データなし,データなし,データなし,データなし,データなし,データなし,評価不能,評価不能,,評価不能,,データなし,データなし,データなし,データなし,データ不足,公式取得元または参照先なし,,,データなし,データなし,データなし,,,,,,,,,,,,,,,,
1968,太平電業,見送り,見送り,見送り,2370.26,2409.55,2433.0,2440.86,2514.08,2322.99,2676.6,0,0.0,0.0,2.21,B,見送り,5.82,47.35,+0.27σ,0.91,False,データなし,10.0,3,-9.0,0,0.0,強いリスクオフ・通常の25%,反転条件の完成待ち。ファンダメンタル=データ不足、RSI 47.4、出来高 0.91倍、BB +0.27σ,方式別実績はサンプル蓄積中。市場=強いリスクオフ、ニュース重大度と300万円の損失・投入・現金・保有数制約を適用,強いリスクオフのため新規主力買い停止,0.0,0.0,10.0,49,49,信用需給は判定不能,信用データがデータなし、または売残0で信用倍率を算出不能,データ不足,False,公式取得元または参照先なし,データなし,データなし,データなし,データなし,データなし,データなし,データなし,データなし,データなし,評価不能,評価不能,,評価不能,,データなし,データなし,データなし,データなし,データ不足,公式取得元または参照先なし,,,データなし,データなし,データなし,,,,,,,,,,,,,,,,
8343,秋田銀行,見送り,見送り,見送り,7080.19,7233.49,8890.0,8920.66,9188.28,6649.19,13463.6,0,0.0,0.0,2.21,C,見送り,5.78,76.44,+2.18σ,1.89,False,データなし,8.0,3,-9.0,0,0.0,強いリスクオフ・通常の25%,急騰済みを最優先して除外。ファンダメンタル=データ不足、RSI 76.4、出来高 1.89倍、BB +2.18σ,方式別実績はサンプル蓄積中。市場=強いリスクオフ、ニュース重大度と300万円の損失・投入・現金・保有数制約を適用,強いリスクオフのため新規主力買い停止,0.0,0.0,8.0,118,118,信用需給は判定不能,信用データがデータなし、または売残0で信用倍率を算出不能,データ不足,False,公式取得元または参照先なし,データなし,データなし,データなし,データなし,データなし,データなし,データなし,データなし,データなし,評価不能,評価不能,,評価不能,,データなし,データなし,データなし,データなし,データ不足,公式取得元または参照先なし,,,データなし,データなし,データなし,,,,,,,,,,,,,,,,
4403,日油,見送り,見送り,見送り,2702.89,2740.18,2779.0,2786.46,2870.05,2674.59,3010.2,0,0.0,0.0,2.91,B,見送り,5.74,50.97,+0.06σ,0.87,False,データなし,10.0,3,-9.0,0,0.0,強いリスクオフ・通常の25%,反転条件の完成待ち。ファンダメンタル=データ不足、RSI 51.0、出来高 0.87倍、BB +0.06σ,方式別実績はサンプル蓄積中。市場=強いリスクオフ、ニュース重大度と300万円の損失・投入・現金・保有数制約を適用,強いリスクオフのため新規主力買い停止,0.0,0.0,10.0,49,49,信用需給は判定不能,信用データがデータなし、または売残0で信用倍率を算出不能,データ不足,False,公式取得元または参照先なし,データなし,データなし,データなし,データなし,データなし,データなし,データなし,データなし,データなし,評価不能,評価不能,,評価不能,,データなし,データなし,データなし,データなし,データ不足,公式取得元または参照先なし,,,データなし,データなし,データなし,,,,,,,,,,,,,,,,
6418,日本金銭機械,見送り,見送り,見送り,1062.07,1078.95,1326.0,1329.38,1369.26,995.78,1996.57,0,0.0,0.0,2.25,C,見送り,5.74,81.74,+2.12σ,1.87,False,データなし,8.0,3,-9.0,0,0.0,強いリスクオフ・通常の25%,急騰済みを最優先して除外。ファンダメンタル=データ不足、RSI 81.7、出来高 1.87倍、BB +2.12σ,方式別実績はサンプル蓄積中。市場=強いリスクオフ、ニュース重大度と300万円の損失・投入・現金・保有数制約を適用,強いリスクオフのため新規主力買い停止,0.0,0.0,8.0,118,118,信用需給は判定不能,信用データがデータなし、または売残0で信用倍率を算出不能,データ不足,False,公式取得元または参照先なし,データなし,データなし,データなし,データなし,データなし,データなし,データなし,データなし,データなし,評価不能,評価不能,,評価不能,,データなし,データなし,データなし,データなし,データ不足,公式取得元または参照先なし,,,データなし,データなし,データなし,,,,,,,,,,,,,,,,
3968,セグエグループ,見送り,見送り,見送り,569.72,580.78,669.0,671.21,691.35,554.85,903.94,0,0.0,0.0,2.49,C,見送り,5.7,70.18,+2.91σ,1.85,False,データなし,8.0,3,-9.0,0,0.0,強いリスクオフ・通常の25%,急騰済みを最優先して除外。ファンダメンタル=データ不足、RSI 70.2、出来高 1.85倍、BB +2.91σ,方式別実績はサンプル蓄積中。市場=強いリスクオフ、ニュース重大度と300万円の損失・投入・現金・保有数制約を適用,強いリスクオフのため新規主力買い停止,0.0,0.0,8.0,118,118,信用需給は判定不能,信用データがデータなし、または売残0で信用倍率を算出不能,データ不足,False,公式取得元または参照先なし,データなし,データなし,データなし,データなし,データなし,データなし,データなし,データなし,データなし,評価不能,評価不能,,評価不能,,データなし,データなし,データなし,データなし,データ不足,公式取得元または参照先なし,,,データなし,データなし,データなし,,,,,,,,,,,,,,,,
3482,ロードスターキャピタル,見送り,見送り,見送り,2599.38,2633.05,2658.0,2664.73,2744.68,2551.27,2891.66,0,0.0,0.0,2.71,B,見送り,5.68,46.49,-0.59σ,0.84,False,データなし,10.0,3,-9.0,0,0.0,強いリスクオフ・通常の25%,反転条件の完成待ち。ファンダメンタル=データ不足、RSI 46.5、出来高 0.84倍、BB -0.59σ,方式別実績はサンプル蓄積中。市場=強いリスクオフ、ニュース重大度と300万円の損失・投入・現金・保有数制約を適用,強いリスクオフのため新規主力買い停止,0.0,0.0,10.0,49,49,信用需給は判定不能,信用データがデータなし、または売残0で信用倍率を算出不能,データ不足,False,公式取得元または参照先なし,データなし,データなし,データなし,データなし,データなし,データなし,データなし,データなし,データなし,評価不能,評価不能,,評価不能,,データなし,データなし,データなし,データなし,データ不足,公式取得元または参照先なし,,,データなし,データなし,データなし,,,,,,,,,,,,,,,,
7613,シークス,見送り,見送り,見送り,1376.32,1399.44,1682.0,1686.62,1737.22,1277.61,2504.65,0,0.0,0.0,2.08,C,見送り,5.64,83.28,+1.61σ,1.32,False,データなし,9.0,3,-9.0,0,0.0,強いリスクオフ・通常の25%,急騰済みを最優先して除外。ファンダメンタル=データ不足、RSI 83.3、出来高 1.32倍、BB +1.61σ,方式別実績はサンプル蓄積中。市場=強いリスクオフ、ニュース重大度と300万円の損失・投入・現金・保有数制約を適用,強いリスクオフのため新規主力買い停止,0.0,0.0,9.0,87,87,信用需給は判定不能,信用データがデータなし、または売残0で信用倍率を算出不能,データ不足,False,公式取得元または参照先なし,データなし,データなし,データなし,データなし,データなし,データなし,データなし,データなし,データなし,評価不能,評価不能,,評価不能,,データなし,データなし,データなし,データなし,データ不足,公式取得元または参照先なし,,,データなし,データなし,データなし,,,,,,,,,,,,,,,,
9401,ＴＢＳホールディングス,見送り,見送り,見送り,5794.26,5870.5,5958.0,5973.25,6152.45,5564.0,6791.75,0,0.0,0.0,2.46,B,見送り,5.64,45.04,-0.56σ,0.82,False,データなし,10.0,3,-9.0,0,0.0,強いリスクオフ・通常の25%,反転条件の完成待ち。ファンダメンタル=データ不足、RSI 45.0、出来高 0.82倍、BB -0.56σ,方式別実績はサンプル蓄積中。市場=強いリスクオフ、ニュース重大度と300万円の損失・投入・現金・保有数制約を適用,強いリスクオフのため新規主力買い停止,0.0,0.0,10.0,49,49,信用需給は判定不能,信用データがデータなし、または売残0で信用倍率を算出不能,データ不足,False,公式取得元または参照先なし,データなし,データなし,データなし,データなし,データなし,データなし,データなし,データなし,データなし,評価不能,評価不能,,評価不能,,データなし,データなし,データなし,データなし,データ不足,公式取得元または参照先なし,,,データなし,データなし,データなし,,,,,,,,,,,,,,,,
5240,ｍｏｎｏＡＩ　ｔｅｃｈｎｏｌｏｇｙ,見送り,見送り,見送り,176.87,188.37,215.0,217.3,228.81,160.79,330.32,0,0.0,0.0,2.38,B,見送り,5.6,54.82,+0.30σ,0.8,False,データなし,10.0,3,-9.0,0,0.0,強いリスクオフ・通常の25%,反転条件の完成待ち。ファンダメンタル=データ不足、RSI 54.8、出来高 0.80倍、BB +0.30σ,方式別実績はサンプル蓄積中。市場=強いリスクオフ、ニュース重大度と300万円の損失・投入・現金・保有数制約を適用,強いリスクオフのため新規主力買い停止,0.0,0.0,10.0,49,49,信用需給は判定不能,信用データがデータなし、または売残0で信用倍率を算出不能,データ不足,False,公式取得元または参照先なし,データなし,データなし,データなし,データなし,データなし,データなし,データなし,データなし,データなし,評価不能,評価不能,,評価不能,,データなし,データなし,データなし,データなし,データ不足,公式取得元または参照先なし,,,データなし,データなし,データなし,,,,,,,,,,,,,,,,
7760,ＩＭＶ,見送り,見送り,見送り,2018.26,2098.18,2197.0,2212.99,2292.91,1861.5,2915.96,0,0.0,0.0,2.18,B,見送り,5.54,46.79,-0.31σ,0.77,False,データなし,10.0,3,-9.0,0,0.0,強いリスクオフ・通常の25%,反転条件の完成待ち。ファンダメンタル=データ不足、RSI 46.8、出来高 0.77倍、BB -0.31σ,方式別実績はサンプル蓄積中。市場=強いリスクオフ、ニュース重大度と300万円の損失・投入・現金・保有数制約を適用,強いリスクオフのため新規主力買い停止,0.0,0.0,10.0,49,49,信用需給は判定不能,信用データがデータなし、または売残0で信用倍率を算出不能,データ不足,False,公式取得元または参照先なし,データなし,データなし,データなし,データなし,データなし,データなし,データなし,データなし,データなし,評価不能,評価不能,,評価不能,,データなし,データなし,データなし,データなし,データ不足,公式取得元または参照先なし,,,データなし,データなし,データなし,,,,,,,,,,,,,,,,
1786,オリエンタル白石,見送り,見送り,見送り,350.98,356.2,357.0,358.04,368.78,342.0,390.13,100,35700.0,1500.0,2.21,B,見送り,5.52,49.34,-0.64σ,0.76,False,データなし,10.0,3,-9.0,0,0.0,強いリスクオフ・通常の25%,反転条件の完成待ち。ファンダメンタル=データ不足、RSI 49.3、出来高 0.76倍、BB -0.64σ,方式別実績はサンプル蓄積中。市場=強いリスクオフ、ニュース重大度と300万円の損失・投入・現金・保有数制約を適用,強いリスクオフのため新規主力買い停止,0.0,0.0,10.0,49,49,信用需給は判定不能,信用データがデータなし、または売残0で信用倍率を算出不能,データ不足,False,公式取得元または参照先なし,データなし,データなし,データなし,データなし,データなし,データなし,データなし,データなし,データなし,評価不能,評価不能,,評価不能,,データなし,データなし,データなし,データなし,データ不足,公式取得元または参照先なし,,,データなし,データなし,データなし,,,,,,,,,,,,,,,,
1951,エクシオグループ,見送り,見送り,見送り,2566.42,2599.86,2683.5,2690.19,2770.89,2544.77,2981.03,0,0.0,0.0,2.79,B,見送り,5.5,51.47,+1.00σ,0.75,False,データなし,10.0,3,-9.0,0,0.0,強いリスクオフ・通常の25%,反転条件の完成待ち。ファンダメンタル=データ不足、RSI 51.5、出来高 0.75倍、BB +1.00σ,方式別実績はサンプル蓄積中。市場=強いリスクオフ、ニュース重大度と300万円の損失・投入・現金・保有数制約を適用,強いリスクオフのため新規主力買い停止,0.0,0.0,10.0,49,49,信用需給は判定不能,信用データがデータなし、または売残0で信用倍率を算出不能,データ不足,False,公式取得元または参照先なし,データなし,データなし,データなし,データなし,データなし,データなし,データなし,データなし,データなし,評価不能,評価不能,,評価不能,,データなし,データなし,データなし,データなし,データ不足,公式取得元または参照先なし,,,データなし,データなし,データなし,,,,,,,,,,,,,,,,
5019,出光興産,見送り,見送り,見送り,1258.65,1275.42,1332.5,1335.85,1375.93,1238.2,1531.16,0,0.0,0.0,2.19,B,見送り,5.5,58.24,+1.18σ,0.75,False,データなし,10.0,3,-9.0,0,0.0,強いリスクオフ・通常の25%,反転条件の完成待ち。ファンダメンタル=データ不足、RSI 58.2、出来高 0.75倍、BB +1.18σ,方式別実績はサンプル蓄積中。市場=強いリスクオフ、ニュース重大度と300万円の損失・投入・現金・保有数制約を適用,強いリスクオフのため新規主力買い停止,0.0,0.0,10.0,49,49,信用需給は判定不能,信用データがデータなし、または売残0で信用倍率を算出不能,データ不足,False,公式取得元または参照先なし,データなし,データなし,データなし,データなし,データなし,データなし,データなし,データなし,データなし,評価不能,評価不能,,評価不能,,データなし,データなし,データなし,データなし,データ不足,公式取得元または参照先なし,,,データなし,データなし,データなし,,,,,,,,,,,,,,,,
2484,出前館,見送り,見送り,見送り,129.63,132.82,150.0,150.64,155.16,123.72,204.47,100,14800.0,2428.0,2.33,B,見送り,5.48,62.73,+1.23σ,0.74,False,データなし,10.0,3,-9.0,0,0.0,強いリスクオフ・通常の25%,反転条件の完成待ち。ファンダメンタル=データ不足、RSI 62.7、出来高 0.74倍、BB +1.23σ,方式別実績はサンプル蓄積中。市場=強いリスクオフ、ニュース重大度と300万円の損失・投入・現金・保有数制約を適用,強いリスクオフのため新規主力買い停止,0.0,0.0,10.0,49,49,信用需給は判定不能,信用データがデータなし、または売残0で信用倍率を算出不能,データ不足,False,公式取得元または参照先なし,データなし,データなし,データなし,データなし,データなし,データなし,データなし,データなし,データなし,評価不能,評価不能,,評価不能,,データなし,データなし,データなし,データなし,データ不足,公式取得元または参照先なし,,,データなし,データなし,データなし,,,,,,,,,,,,,,,,
6136,オーエスジー,見送り,見送り,見送り,3642.35,3716.05,3982.0,3996.74,4116.64,3547.9,4894.42,0,0.0,0.0,2.31,B,見送り,5.4,57.01,+1.10σ,0.7,False,データなし,10.0,3,-9.0,0,0.0,強いリスクオフ・通常の25%,反転条件の完成待ち。ファンダメンタル=データ不足、RSI 57.0、出来高 0.70倍、BB +1.10σ,方式別実績はサンプル蓄積中。市場=強いリスクオフ、ニュース重大度と300万円の損失・投入・現金・保有数制約を適用,強いリスクオフのため新規主力買い停止,0.0,0.0,10.0,49,49,信用需給は判定不能,信用データがデータなし、または売残0で信用倍率を算出不能,データ不足,False,公式取得元または参照先なし,データなし,データなし,データなし,データなし,データなし,データなし,データなし,データなし,データなし,評価不能,評価不能,,評価不能,,データなし,データなし,データなし,データなし,データ不足,公式取得元または参照先なし,,,データなし,データなし,データなし,,,,,,,,,,,,,,,,
6013,タクマ,見送り,見送り,見送り,3226.46,3250.0,3265.0,3274.42,3372.65,3133.16,3556.93,0,0.0,0.0,2.63,B,見送り,5.36,40.98,-1.01σ,0.68,False,データなし,10.0,3,-9.0,0,0.0,強いリスクオフ・通常の25%,反転条件の完成待ち。ファンダメンタル=データ不足、RSI 41.0、出来高 0.68倍、BB -1.01σ,方式別実績はサンプル蓄積中。市場=強いリスクオフ、ニュース重大度と300万円の損失・投入・現金・保有数制約を適用,強いリスクオフのため新規主力買い停止,0.0,0.0,10.0,49,49,信用需給は判定不能,信用データがデータなし、または売残0で信用倍率を算出不能,データ不足,False,公式取得元または参照先なし,データなし,データなし,データなし,データなし,データなし,データなし,データなし,データなし,データなし,評価不能,評価不能,,評価不能,,データなし,データなし,データなし,データなし,データ不足,公式取得元または参照先なし,,,データなし,データなし,データなし,,,,,,,,,,,,,,,,
4975,ＪＣＵ,見送り,見送り,見送り,5530.12,5691.0,5780.0,5812.17,5986.54,5232.11,6972.3,0,0.0,0.0,2.43,B,見送り,5.32,41.77,-0.66σ,0.66,False,データなし,10.0,3,-9.0,0,0.0,強いリスクオフ・通常の25%,反転条件の完成待ち。ファンダメンタル=データ不足、RSI 41.8、出来高 0.66倍、BB -0.66σ,方式別実績はサンプル蓄積中。市場=強いリスクオフ、ニュース重大度と300万円の損失・投入・現金・保有数制約を適用,強いリスクオフのため新規主力買い停止,0.0,0.0,10.0,49,49,信用需給は判定不能,信用データがデータなし、または売残0で信用倍率を算出不能,データ不足,False,公式取得元または参照先なし,データなし,データなし,データなし,データなし,データなし,データなし,データなし,データなし,データなし,評価不能,評価不能,,評価不能,,データなし,データなし,データなし,データなし,データ不足,公式取得元または参照先なし,,,データなし,データなし,データなし,,,,,,,,,,,,,,,,
7794,イーディーピー,見送り,見送り,見送り,850.04,875.61,981.0,986.11,1015.7,824.59,1309.16,0,0.0,0.0,2.33,B,見送り,5.32,53.26,+1.80σ,1.16,False,データなし,9.0,3,-9.0,0,0.0,強いリスクオフ・通常の25%,反転条件の完成待ち。ファンダメンタル=データ不足、RSI 53.3、出来高 1.16倍、BB +1.80σ,方式別実績はサンプル蓄積中。市場=強いリスクオフ、ニュース重大度と300万円の損失・投入・現金・保有数制約を適用,強いリスクオフのため新規主力買い停止,0.0,0.0,9.0,87,87,信用需給は判定不能,信用データがデータなし、または売残0で信用倍率を算出不能,データ不足,False,公式取得元または参照先なし,データなし,データなし,データなし,データなし,データなし,データなし,データなし,データなし,データなし,評価不能,評価不能,,評価不能,,データなし,データなし,データなし,データなし,データ不足,公式取得元または参照先なし,,,データなし,データなし,データなし,,,,,,,,,,,,,,,,
6613,ＱＤレーザ,見送り,見送り,見送り,1411.35,1515.85,2129.0,2149.9,2254.39,1264.64,3920.42,0,0.0,0.0,2.25,C,見送り,5.3,55.63,+2.11σ,1.65,False,データなし,8.0,3,-9.0,0,0.0,強いリスクオフ・通常の25%,急騰済みを最優先して除外。ファンダメンタル=データ不足、RSI 55.6、出来高 1.65倍、BB +2.11σ,方式別実績はサンプル蓄積中。市場=強いリスクオフ、ニュース重大度と300万円の損失・投入・現金・保有数制約を適用,強いリスクオフのため新規主力買い停止,0.0,0.0,8.0,118,118,信用需給は判定不能,信用データがデータなし、または売残0で信用倍率を算出不能,データ不足,False,公式取得元または参照先なし,データなし,データなし,データなし,データなし,データなし,データなし,データなし,データなし,データなし,評価不能,評価不能,,評価不能,,データなし,データなし,データなし,データなし,データ不足,公式取得元または参照先なし,,,データなし,データなし,データなし,,,,,,,,,,,,,,,,
7917,ＺＡＣＲＯＳ,見送り,見送り,見送り,1293.22,1311.0,1316.0,1320.31,1359.92,1251.86,1457.22,0,0.0,0.0,2.47,B,見送り,5.28,45.75,-0.87σ,0.64,False,データなし,10.0,3,-9.0,0,0.0,強いリスクオフ・通常の25%,反転条件の完成待ち。ファンダメンタル=データ不足、RSI 45.8、出来高 0.64倍、BB -0.87σ,方式別実績はサンプル蓄積中。市場=強いリスクオフ、ニュース重大度と300万円の損失・投入・現金・保有数制約を適用,強いリスクオフのため新規主力買い停止,0.0,0.0,10.0,49,49,信用需給は判定不能,信用データがデータなし、または売残0で信用倍率を算出不能,データ不足,False,公式取得元または参照先なし,データなし,データなし,データなし,データなし,データなし,データなし,データなし,データなし,データなし,評価不能,評価不能,,評価不能,,データなし,データなし,データなし,データなし,データ不足,公式取得元または参照先なし,,,データなし,データなし,データなし,,,,,,,,,,,,,,,,
4425,Ｋｕｄａｎ,見送り,見送り,見送り,1591.63,1636.27,1730.0,1738.93,1791.1,1531.2,2154.38,0,0.0,0.0,2.76,B,見送り,5.2,46.14,+0.00σ,0.6,False,データなし,10.0,3,-9.0,0,0.0,強いリスクオフ・通常の25%,反転条件の完成待ち。ファンダメンタル=データ不足、RSI 46.1、出来高 0.60倍、BB +0.00σ,方式別実績はサンプル蓄積中。市場=強いリスクオフ、ニュース重大度と300万円の損失・投入・現金・保有数制約を適用,強いリスクオフのため新規主力買い停止,0.0,0.0,10.0,49,49,信用需給は判定不能,信用データがデータなし、または売残0で信用倍率を算出不能,データ不足,False,公式取得元または参照先なし,データなし,データなし,データなし,データなし,データなし,データなし,データなし,データなし,データなし,評価不能,評価不能,,評価不能,,データなし,データなし,データなし,データなし,データ不足,公式取得元または参照先なし,,,データなし,データなし,データなし,,,,,,,,,,,,,,,,
6143,ソディック,見送り,見送り,見送り,1607.33,1663.41,1845.0,1856.22,1912.3,1530.69,2507.27,0,0.0,0.0,2.32,B,見送り,5.2,52.51,+0.81σ,0.6,False,データなし,10.0,3,-9.0,0,0.0,強いリスクオフ・通常の25%,反転条件の完成待ち。ファンダメンタル=データ不足、RSI 52.5、出来高 0.60倍、BB +0.81σ,方式別実績はサンプル蓄積中。市場=強いリスクオフ、ニュース重大度と300万円の損失・投入・現金・保有数制約を適用,強いリスクオフのため新規主力買い停止,0.0,0.0,10.0,49,49,信用需給は判定不能,信用データがデータなし、または売残0で信用倍率を算出不能,データ不足,False,公式取得元または参照先なし,データなし,データなし,データなし,データなし,データなし,データなし,データなし,データなし,データなし,評価不能,評価不能,,評価不能,,データなし,データなし,データなし,データなし,データ不足,公式取得元または参照先なし,,,データなし,データなし,データなし,,,,,,,,,,,,,,,,
6178,日本郵政,見送り,見送り,見送り,2333.48,2363.02,2425.0,2430.91,2503.84,2291.97,2708.78,0,0.0,0.0,3.07,B,見送り,5.18,53.8,-0.18σ,0.59,False,データなし,10.0,3,-9.0,0,0.0,強いリスクオフ・通常の25%,出来高0.6倍未満のため主力不可。ファンダメンタル=データ不足、RSI 53.8、出来高 0.59倍、BB -0.18σ,方式別実績はサンプル蓄積中。市場=強いリスクオフ、ニュース重大度と300万円の損失・投入・現金・保有数制約を適用,強いリスクオフのため新規主力買い停止,0.0,0.0,10.0,49,49,信用需給は判定不能,信用データがデータなし、または売残0で信用倍率を算出不能,データ不足,False,公式取得元または参照先なし,データなし,データなし,データなし,データなし,データなし,データなし,データなし,データなし,データなし,評価不能,評価不能,,評価不能,,データなし,データなし,データなし,データなし,データ不足,公式取得元または参照先なし,,,データなし,データなし,データなし,,,,,,,,,,,,,,,,
6387,サムコ,見送り,見送り,見送り,8229.79,8661.97,10700.0,10786.43,11218.61,7573.26,17212.78,0,0.0,0.0,2.13,C,見送り,5.18,53.84,+1.53σ,1.09,False,データなし,9.0,3,-9.0,0,0.0,強いリスクオフ・通常の25%,急騰済みを最優先して除外。ファンダメンタル=データ不足、RSI 53.8、出来高 1.09倍、BB +1.53σ,方式別実績はサンプル蓄積中。市場=強いリスクオフ、ニュース重大度と300万円の損失・投入・現金・保有数制約を適用,強いリスクオフのため新規主力買い停止,0.0,0.0,9.0,87,87,信用需給は判定不能,信用データがデータなし、または売残0で信用倍率を算出不能,データ不足,False,公式取得元または参照先なし,データなし,データなし,データなし,データなし,データなし,データなし,データなし,データなし,データなし,評価不能,評価不能,,評価不能,,データなし,データなし,データなし,データなし,データ不足,公式取得元または参照先なし,,,データなし,データなし,データなし,,,,,,,,,,,,,,,,
6327,北川精機,見送り,見送り,見送り,2865.6,3127.16,4025.0,4077.31,4338.87,2554.96,7122.01,0,0.0,0.0,2.19,C,見送り,5.14,51.27,+1.24σ,1.57,False,データなし,8.0,3,-9.0,0,0.0,強いリスクオフ・通常の25%,急騰済みを最優先して除外。ファンダメンタル=データ不足、RSI 51.3、出来高 1.57倍、BB +1.24σ,方式別実績はサンプル蓄積中。市場=強いリスクオフ、ニュース重大度と300万円の損失・投入・現金・保有数制約を適用,強いリスクオフのため新規主力買い停止,0.0,0.0,8.0,118,118,信用需給は判定不能,信用データがデータなし、または売残0で信用倍率を算出不能,データ不足,False,公式取得元または参照先なし,データなし,データなし,データなし,データなし,データなし,データなし,データなし,データなし,データなし,評価不能,評価不能,,評価不能,,データなし,データなし,データなし,データなし,データ不足,公式取得元または参照先なし,,,データなし,データなし,データなし,,,,,,,,,,,,,,,,
1377,サカタのタネ,見送り,見送り,見送り,4304.64,4344.18,4430.0,4437.91,4571.05,4266.07,4781.59,0,0.0,0.0,3.52,B,見送り,5.1,53.19,-0.05σ,0.55,False,データなし,10.0,3,-9.0,0,0.0,強いリスクオフ・通常の25%,出来高0.6倍未満のため主力不可。ファンダメンタル=データ不足、RSI 53.2、出来高 0.55倍、BB -0.05σ,方式別実績はサンプル蓄積中。市場=強いリスクオフ、ニュース重大度と300万円の損失・投入・現金・保有数制約を適用,強いリスクオフのため新規主力買い停止,0.0,0.0,10.0,49,49,信用需給は判定不能,信用データがデータなし、または売残0で信用倍率を算出不能,データ不足,False,公式取得元または参照先なし,データなし,データなし,データなし,データなし,データなし,データなし,データなし,データなし,データなし,評価不能,評価不能,,評価不能,,データなし,データなし,データなし,データなし,データ不足,公式取得元または参照先なし,,,データなし,データなし,データなし,,,,,,,,,,,,,,,,
1926,ライト工業,見送り,見送り,見送り,3718.64,3764.08,3820.0,3829.09,3943.96,3678.21,4130.84,0,0.0,0.0,2.88,B,見送り,5.1,45.28,-0.15σ,0.55,False,データなし,10.0,3,-9.0,0,0.0,強いリスクオフ・通常の25%,出来高0.6倍未満のため主力不可。ファンダメンタル=データ不足、RSI 45.3、出来高 0.55倍、BB -0.15σ,方式別実績はサンプル蓄積中。市場=強いリスクオフ、ニュース重大度と300万円の損失・投入・現金・保有数制約を適用,強いリスクオフのため新規主力買い停止,0.0,0.0,10.0,49,49,信用需給は判定不能,信用データがデータなし、または売残0で信用倍率を算出不能,データ不足,False,公式取得元または参照先なし,データなし,データなし,データなし,データなし,データなし,データなし,データなし,データなし,データなし,評価不能,評価不能,,評価不能,,データなし,データなし,データなし,データなし,データ不足,公式取得元または参照先なし,,,データなし,データなし,データなし,,,,,,,,,,,,,,,,
1944,きんでん,見送り,見送り,見送り,6842.56,6976.6,7155.0,7181.81,7397.26,6641.6,8262.22,0,0.0,0.0,2.67,B,見送り,5.1,46.33,-0.35σ,0.55,False,データなし,10.0,3,-9.0,0,0.0,強いリスクオフ・通常の25%,出来高0.6倍未満のため主力不可。ファンダメンタル=データ不足、RSI 46.3、出来高 0.55倍、BB -0.35σ,方式別実績はサンプル蓄積中。市場=強いリスクオフ、ニュース重大度と300万円の損失・投入・現金・保有数制約を適用,強いリスクオフのため新規主力買い停止,0.0,0.0,10.0,49,49,信用需給は判定不能,信用データがデータなし、または売残0で信用倍率を算出不能,データ不足,False,公式取得元または参照先なし,データなし,データなし,データなし,データなし,データなし,データなし,データなし,データなし,データなし,評価不能,評価不能,,評価不能,,データなし,データなし,データなし,データなし,データ不足,公式取得元または参照先なし,,,データなし,データなし,データなし,,,,,,,,,,,,,,,,
3443,川田テクノロジーズ,見送り,見送り,見送り,1270.68,1290.0,1443.0,1446.86,1490.27,1242.94,1854.71,0,0.0,0.0,2.56,C,見送り,5.02,67.95,+2.60σ,1.51,False,データなし,8.0,3,-9.0,0,0.0,強いリスクオフ・通常の25%,急騰済みを最優先して除外。ファンダメンタル=データ不足、RSI 68.0、出来高 1.51倍、BB +2.60σ,方式別実績はサンプル蓄積中。市場=強いリスクオフ、ニュース重大度と300万円の損失・投入・現金・保有数制約を適用,強いリスクオフのため新規主力買い停止,0.0,0.0,8.0,118,118,信用需給は判定不能,信用データがデータなし、または売残0で信用倍率を算出不能,データ不足,False,公式取得元または参照先なし,データなし,データなし,データなし,データなし,データなし,データなし,データなし,データなし,データなし,評価不能,評価不能,,評価不能,,データなし,データなし,データなし,データなし,データ不足,公式取得元または参照先なし,,,データなし,データなし,データなし,,,,,,,,,,,,,,,,
9511,沖縄電力,見送り,見送り,見送り,930.41,943.81,1142.0,1144.68,1179.02,857.56,1718.92,0,0.0,0.0,2.03,C,見送り,5.0,80.37,+1.58σ,1.0,False,データなし,9.0,3,-9.0,0,0.0,強いリスクオフ・通常の25%,急騰済みを最優先して除外。ファンダメンタル=データ不足、RSI 80.4、出来高 1.00倍、BB +1.58σ,方式別実績はサンプル蓄積中。市場=強いリスクオフ、ニュース重大度と300万円の損失・投入・現金・保有数制約を適用,強いリスクオフのため新規主力買い停止,0.0,0.0,9.0,87,87,信用需給は判定不能,信用データがデータなし、または売残0で信用倍率を算出不能,データ不足,False,公式取得元または参照先なし,データなし,データなし,データなし,データなし,データなし,データなし,データなし,データなし,データなし,評価不能,評価不能,,評価不能,,データなし,データなし,データなし,データなし,データ不足,公式取得元または参照先なし,,,データなし,データなし,データなし,,,,,,,,,,,,,,,,
6834,精工技研,見送り,見送り,見送り,17650.75,18747.53,27600.0,27819.36,28916.14,15363.78,52730.51,0,0.0,0.0,2.05,C,見送り,4.86,63.45,+2.32σ,1.43,False,データなし,8.0,3,-9.0,0,0.0,強いリスクオフ・通常の25%,急騰済みを最優先して除外。ファンダメンタル=データ不足、RSI 63.5、出来高 1.43倍、BB +2.32σ,方式別実績はサンプル蓄積中。市場=強いリスクオフ、ニュース重大度と300万円の損失・投入・現金・保有数制約を適用,強いリスクオフのため新規主力買い停止,0.0,0.0,8.0,118,118,信用需給は判定不能,信用データがデータなし、または売残0で信用倍率を算出不能,データ不足,False,公式取得元または参照先なし,データなし,データなし,データなし,データなし,データなし,データなし,データなし,データなし,データなし,評価不能,評価不能,,評価不能,,データなし,データなし,データなし,データなし,データ不足,公式取得元または参照先なし,,,データなし,データなし,データなし,,,,,,,,,,,,,,,,
2533,オエノンホールディングス,見送り,見送り,見送り,453.54,462.2,479.0,480.73,495.15,434.03,574.14,0,0.0,0.0,2.42,B,見送り,4.84,48.65,-0.28σ,0.92,False,データなし,9.0,3,-9.0,0,0.0,強いリスクオフ・通常の25%,反転条件の完成待ち。ファンダメンタル=データ不足、RSI 48.6、出来高 0.92倍、BB -0.28σ,方式別実績はサンプル蓄積中。市場=強いリスクオフ、ニュース重大度と300万円の損失・投入・現金・保有数制約を適用,強いリスクオフのため新規主力買い停止,0.0,0.0,9.0,87,87,信用需給は判定不能,信用データがデータなし、または売残0で信用倍率を算出不能,データ不足,False,公式取得元または参照先なし,データなし,データなし,データなし,データなし,データなし,データなし,データなし,データなし,データなし,評価不能,評価不能,,評価不能,,データなし,データなし,データなし,データなし,データ不足,公式取得元または参照先なし,,,データなし,データなし,データなし,,,,,,,,,,,,,,,,
4082,第一稀元素化学工業,見送り,見送り,見送り,1730.21,1777.79,2107.0,2116.52,2180.01,1645.34,3058.87,0,0.0,0.0,2.22,C,見送り,4.82,61.12,+2.05σ,1.41,False,データなし,8.0,3,-9.0,0,0.0,強いリスクオフ・通常の25%,急騰済みを最優先して除外。ファンダメンタル=データ不足、RSI 61.1、出来高 1.41倍、BB +2.05σ,方式別実績はサンプル蓄積中。市場=強いリスクオフ、ニュース重大度と300万円の損失・投入・現金・保有数制約を適用,強いリスクオフのため新規主力買い停止,0.0,0.0,8.0,118,118,信用需給は判定不能,信用データがデータなし、または売残0で信用倍率を算出不能,データ不足,False,公式取得元または参照先なし,データなし,データなし,データなし,データなし,データなし,データなし,データなし,データなし,データなし,評価不能,評価不能,,評価不能,,データなし,データなし,データなし,データなし,データ不足,公式取得元または参照先なし,,,データなし,データなし,データなし,,,,,,,,,,,,,,,,
6232,ＡＣＳＬ,見送り,見送り,見送り,1573.95,1626.88,1796.0,1806.59,1860.78,1494.91,2429.94,0,0.0,0.0,2.45,B,見送り,4.82,51.4,+0.57σ,1.41,False,データなし,8.0,3,-9.0,0,0.0,強いリスクオフ・通常の25%,反転条件の完成待ち。ファンダメンタル=データ不足、RSI 51.4、出来高 1.41倍、BB +0.57σ,方式別実績はサンプル蓄積中。市場=強いリスクオフ、ニュース重大度と300万円の損失・投入・現金・保有数制約を適用,強いリスクオフのため新規主力買い停止,0.0,0.0,8.0,118,118,信用需給は判定不能,信用データがデータなし、または売残0で信用倍率を算出不能,データ不足,False,公式取得元または参照先なし,データなし,データなし,データなし,データなし,データなし,データなし,データなし,データなし,データなし,評価不能,評価不能,,評価不能,,データなし,データなし,データなし,データなし,データ不足,公式取得元または参照先なし,,,データなし,データなし,データなし,,,,,,,,,,,,,,,,
9256,サクシード,見送り,見送り,見送り,1074.82,1229.18,1250.0,1280.87,1435.23,20.57,3801.47,0,0.0,0.0,2.08,C,見送り,4.76,32.29,-0.67σ,0.38,True,データなし,14.0,3,-9.0,0,0.0,強いリスクオフ・通常の25%,急騰済みを最優先して除外。ファンダメンタル=データ不足、RSI 32.3、出来高 0.38倍、BB -0.67σ,方式別実績はサンプル蓄積中。市場=強いリスクオフ、ニュース重大度と300万円の損失・投入・現金・保有数制約を適用,強いリスクオフのため新規主力買い停止,0.0,0.0,14.0,17,17,信用需給は判定不能,信用データがデータなし、または売残0で信用倍率を算出不能,データ不足,False,公式取得元または参照先なし,データなし,データなし,データなし,データなし,データなし,データなし,データなし,データなし,データなし,評価不能,評価不能,,評価不能,,データなし,データなし,データなし,データなし,データ不足,公式取得元または参照先なし,,,データなし,データなし,データなし,,,,,,,,,,,,,,,,
6890,フェローテック,見送り,見送り,見送り,7415.54,7764.76,10050.0,10119.84,10469.06,6765.3,16828.93,0,0.0,0.0,2.37,C,見送り,4.72,59.43,+1.62σ,1.36,False,データなし,8.0,3,-9.0,0,0.0,強いリスクオフ・通常の25%,急騰済みを最優先して除外。ファンダメンタル=データ不足、RSI 59.4、出来高 1.36倍、BB +1.62σ,方式別実績はサンプル蓄積中。市場=強いリスクオフ、ニュース重大度と300万円の損失・投入・現金・保有数制約を適用,強いリスクオフのため新規主力買い停止,0.0,0.0,8.0,118,118,信用需給は判定不能,信用データがデータなし、または売残0で信用倍率を算出不能,データ不足,False,公式取得元または参照先なし,データなし,データなし,データなし,データなし,データなし,データなし,データなし,データなし,データなし,評価不能,評価不能,,評価不能,,データなし,データなし,データなし,データなし,データ不足,公式取得元または参照先なし,,,データなし,データなし,データなし,,,,,,,,,,,,,,,,
6196,ストライクグループ,見送り,見送り,見送り,1305.99,1320.73,1349.0,1351.95,1392.51,1293.17,1469.5,0,0.0,0.0,2.47,B,見送り,4.68,54.62,+0.52σ,0.84,False,データなし,9.0,3,-9.0,0,0.0,強いリスクオフ・通常の25%,反転条件の完成待ち。ファンダメンタル=データ不足、RSI 54.6、出来高 0.84倍、BB +0.52σ,方式別実績はサンプル蓄積中。市場=強いリスクオフ、ニュース重大度と300万円の損失・投入・現金・保有数制約を適用,強いリスクオフのため新規主力買い停止,0.0,0.0,9.0,87,87,信用需給は判定不能,信用データがデータなし、または売残0で信用倍率を算出不能,データ不足,False,公式取得元または参照先なし,データなし,データなし,データなし,データなし,データなし,データなし,データなし,データなし,データなし,評価不能,評価不能,,評価不能,,データなし,データなし,データなし,データなし,データ不足,公式取得元または参照先なし,,,データなし,データなし,データなし,,,,,,,,,,,,,,,,
6407,ＣＫＤ,見送り,見送り,見送り,5627.01,5862.43,6470.0,6517.08,6752.5,5315.43,8920.39,0,0.0,0.0,2.99,B,見送り,4.6,47.71,+0.11σ,0.8,False,データなし,9.0,3,-9.0,0,0.0,強いリスクオフ・通常の25%,反転条件の完成待ち。ファンダメンタル=データ不足、RSI 47.7、出来高 0.80倍、BB +0.11σ,方式別実績はサンプル蓄積中。市場=強いリスクオフ、ニュース重大度と300万円の損失・投入・現金・保有数制約を適用,強いリスクオフのため新規主力買い停止,0.0,0.0,9.0,87,87,信用需給は判定不能,信用データがデータなし、または売残0で信用倍率を算出不能,データ不足,False,公式取得元または参照先なし,データなし,データなし,データなし,データなし,データなし,データなし,データなし,データなし,データなし,評価不能,評価不能,,評価不能,,データなし,データなし,データなし,データなし,データ不足,公式取得元または参照先なし,,,データなし,データなし,データなし,,,,,,,,,,,,,,,,
5074,テスホールディングス,見送り,見送り,見送り,655.74,686.0,797.0,803.34,835.03,615.33,1179.36,0,0.0,0.0,6.98,A,見送り,4.56,42.67,-0.74σ,2.28,True,データなし,10.0,3,-9.0,0,0.0,強いリスクオフ・通常の25%,暴落リバウンド型のため主力不可。ファンダメンタル=データ不足、RSI 42.7、出来高 2.28倍、BB -0.74σ,方式別実績はサンプル蓄積中。市場=強いリスクオフ、ニュース重大度と300万円の損失・投入・現金・保有数制約を適用,強いリスクオフのため新規主力買い停止,0.0,0.0,10.0,49,49,信用需給は判定不能,信用データがデータなし、または売残0で信用倍率を算出不能,データ不足,False,公式取得元または参照先なし,データなし,データなし,データなし,データなし,データなし,データなし,データなし,データなし,データなし,評価不能,評価不能,,評価不能,,データなし,データなし,データなし,データなし,データ不足,公式取得元または参照先なし,,,データなし,データなし,データなし,,,,,,,,,,,,,,,,
4022,ラサ工業,見送り,見送り,見送り,1728.17,1810.48,2543.0,2559.46,2641.77,1512.46,4653.47,0,0.0,0.0,2.07,C,見送り,4.54,65.84,+1.98σ,0.77,False,データなし,9.0,3,-9.0,0,0.0,強いリスクオフ・通常の25%,急騰済みを最優先して除外。ファンダメンタル=データ不足、RSI 65.8、出来高 0.77倍、BB +1.98σ,方式別実績はサンプル蓄積中。市場=強いリスクオフ、ニュース重大度と300万円の損失・投入・現金・保有数制約を適用,強いリスクオフのため新規主力買い停止,0.0,0.0,9.0,87,87,信用需給は判定不能,信用データがデータなし、または売残0で信用倍率を算出不能,データ不足,False,公式取得元または参照先なし,データなし,データなし,データなし,データなし,データなし,データなし,データなし,データなし,データなし,評価不能,評価不能,,評価不能,,データなし,データなし,データなし,データなし,データ不足,公式取得元または参照先なし,,,データなし,データなし,データなし,,,,,,,,,,,,,,,,
3776,ブロードバンドタワー,見送り,見送り,見送り,227.9,234.4,257.0,258.3,266.05,218.1,338.7,0,0.0,0.0,2.36,B,見送り,4.52,50.32,+0.75σ,0.26,False,データなし,10.0,3,-9.0,0,0.0,強いリスクオフ・通常の25%,出来高0.6倍未満のため主力不可。ファンダメンタル=データ不足、RSI 50.3、出来高 0.26倍、BB +0.75σ,方式別実績はサンプル蓄積中。市場=強いリスクオフ、ニュース重大度と300万円の損失・投入・現金・保有数制約を適用,強いリスクオフのため新規主力買い停止,0.0,0.0,10.0,49,49,信用需給は判定不能,信用データがデータなし、または売残0で信用倍率を算出不能,データ不足,False,公式取得元または参照先なし,データなし,データなし,データなし,データなし,データなし,データなし,データなし,データなし,データなし,評価不能,評価不能,,評価不能,,データなし,データなし,データなし,データなし,データ不足,公式取得元または参照先なし,,,データなし,データなし,データなし,,,,,,,,,,,,,,,,
2975,スター・マイカ・ホールディングス,見送り,見送り,見送り,1484.61,1505.21,1625.0,1629.12,1677.99,1454.57,1978.22,0,0.0,0.0,2.2,B,見送り,4.48,61.76,+2.05σ,1.24,False,データなし,8.0,3,-9.0,0,0.0,強いリスクオフ・通常の25%,反転条件の完成待ち。ファンダメンタル=データ不足、RSI 61.8、出来高 1.24倍、BB +2.05σ,方式別実績はサンプル蓄積中。市場=強いリスクオフ、ニュース重大度と300万円の損失・投入・現金・保有数制約を適用,強いリスクオフのため新規主力買い停止,0.0,0.0,8.0,118,118,信用需給は判定不能,信用データがデータなし、または売残0で信用倍率を算出不能,データ不足,False,公式取得元または参照先なし,データなし,データなし,データなし,データなし,データなし,データなし,データなし,データなし,データなし,評価不能,評価不能,,評価不能,,データなし,データなし,データなし,データなし,データ不足,公式取得元または参照先なし,,,データなし,データなし,データなし,,,,,,,,,,,,,,,,
9743,丹青社,見送り,見送り,見送り,1390.08,1404.0,1481.0,1483.78,1528.3,1371.18,1708.99,0,0.0,0.0,2.13,B,見送り,4.46,68.11,+2.17σ,0.73,False,データなし,9.0,3,-9.0,0,0.0,強いリスクオフ・通常の25%,反転条件の完成待ち。ファンダメンタル=データ不足、RSI 68.1、出来高 0.73倍、BB +2.17σ,方式別実績はサンプル蓄積中。市場=強いリスクオフ、ニュース重大度と300万円の損失・投入・現金・保有数制約を適用,強いリスクオフのため新規主力買い停止,0.0,0.0,9.0,87,87,信用需給は判定不能,信用データがデータなし、または売残0で信用倍率を算出不能,データ不足,False,公式取得元または参照先なし,データなし,データなし,データなし,データなし,データなし,データなし,データなし,データなし,データなし,評価不能,評価不能,,評価不能,,データなし,データなし,データなし,データなし,データ不足,公式取得元または参照先なし,,,データなし,データなし,データなし,,,,,,,,,,,,,,,,
5802,住友電気工業,見送り,見送り,見送り,2090.29,2173.74,2473.5,2490.19,2573.64,1992.34,3485.89,0,0.0,0.0,2.11,B,見送り,4.42,54.03,+1.44σ,0.71,False,データなし,9.0,3,-9.0,0,0.0,強いリスクオフ・通常の25%,反転条件の完成待ち。ファンダメンタル=データ不足、RSI 54.0、出来高 0.71倍、BB +1.44σ,方式別実績はサンプル蓄積中。市場=強いリスクオフ、ニュース重大度と300万円の損失・投入・現金・保有数制約を適用,強いリスクオフのため新規主力買い停止,0.0,0.0,9.0,87,87,信用需給は判定不能,信用データがデータなし、または売残0で信用倍率を算出不能,データ不足,False,公式取得元または参照先なし,データなし,データなし,データなし,データなし,データなし,データなし,データなし,データなし,データなし,評価不能,評価不能,,評価不能,,データなし,データなし,データなし,データなし,データ不足,公式取得元または参照先なし,,,データなし,データなし,データなし,,,,,,,,,,,,,,,,
5852,アーレスティ,見送り,見送り,見送り,669.04,677.05,680.0,681.6,702.05,654.94,734.93,0,0.0,0.0,2.47,B,見送り,4.42,43.02,-0.73σ,0.71,False,データなし,9.0,3,-9.0,0,0.0,強いリスクオフ・通常の25%,反転条件の完成待ち。ファンダメンタル=データ不足、RSI 43.0、出来高 0.71倍、BB -0.73σ,方式別実績はサンプル蓄積中。市場=強いリスクオフ、ニュース重大度と300万円の損失・投入・現金・保有数制約を適用,強いリスクオフのため新規主力買い停止,0.0,0.0,9.0,87,87,信用需給は判定不能,信用データがデータなし、または売残0で信用倍率を算出不能,データ不足,False,公式取得元または参照先なし,データなし,データなし,データなし,データなし,データなし,データなし,データなし,データなし,データなし,評価不能,評価不能,,評価不能,,データなし,データなし,データなし,データなし,データ不足,公式取得元または参照先なし,,,データなし,データなし,データなし,,,,,,,,,,,,,,,,
6616,トレックス・セミコンダクター,見送り,見送り,見送り,1726.95,1789.63,2160.0,2172.54,2237.71,1616.38,3284.85,0,0.0,0.0,2.07,C,見送り,4.36,57.96,+1.82σ,0.68,False,データなし,9.0,3,-9.0,0,0.0,強いリスクオフ・通常の25%,急騰済みを最優先して除外。ファンダメンタル=データ不足、RSI 58.0、出来高 0.68倍、BB +1.82σ,方式別実績はサンプル蓄積中。市場=強いリスクオフ、ニュース重大度と300万円の損失・投入・現金・保有数制約を適用,強いリスクオフのため新規主力買い停止,0.0,0.0,9.0,87,87,信用需給は判定不能,信用データがデータなし、または売残0で信用倍率を算出不能,データ不足,False,公式取得元または参照先なし,データなし,データなし,データなし,データなし,データなし,データなし,データなし,データなし,データなし,評価不能,評価不能,,評価不能,,データなし,データなし,データなし,データなし,データ不足,公式取得元または参照先なし,,,データなし,データなし,データなし,,,,,,,,,,,,,,,,
7912,大日本印刷,見送り,見送り,見送り,2939.97,2985.13,3364.0,3373.03,3474.22,2826.33,4466.44,0,0.0,0.0,2.33,B,見送り,4.36,70.39,+1.62σ,0.68,False,データなし,9.0,3,-9.0,0,0.0,強いリスクオフ・通常の25%,反転条件の完成待ち。ファンダメンタル=データ不足、RSI 70.4、出来高 0.68倍、BB +1.62σ,方式別実績はサンプル蓄積中。市場=強いリスクオフ、ニュース重大度と300万円の損失・投入・現金・保有数制約を適用,強いリスクオフのため新規主力買い停止,0.0,0.0,9.0,87,87,信用需給は判定不能,信用データがデータなし、または売残0で信用倍率を算出不能,データ不足,False,公式取得元または参照先なし,データなし,データなし,データなし,データなし,データなし,データなし,データなし,データなし,データなし,評価不能,評価不能,,評価不能,,データなし,データなし,データなし,データなし,データ不足,公式取得元または参照先なし,,,データなし,データなし,データなし,,,,,,,,,,,,,,,,
3299,ムゲンエステート,見送り,見送り,見送り,1728.35,1742.0,1756.0,1761.46,1814.3,1631.0,2022.38,0,0.0,0.0,2.53,B,見送り,4.3,36.65,-1.20σ,0.65,False,データなし,9.0,3,-9.0,0,0.0,強いリスクオフ・通常の25%,反転条件の完成待ち。ファンダメンタル=データ不足、RSI 36.6、出来高 0.65倍、BB -1.20σ,方式別実績はサンプル蓄積中。市場=強いリスクオフ、ニュース重大度と300万円の損失・投入・現金・保有数制約を適用,強いリスクオフのため新規主力買い停止,0.0,0.0,9.0,87,87,信用需給は判定不能,信用データがデータなし、または売残0で信用倍率を算出不能,データ不足,False,公式取得元または参照先なし,データなし,データなし,データなし,データなし,データなし,データなし,データなし,データなし,データなし,評価不能,評価不能,,評価不能,,データなし,データなし,データなし,データなし,データ不足,公式取得元または参照先なし,,,データなし,データなし,データなし,,,,,,,,,,,,,,,,
6433,ヒーハイスト,見送り,見送り,見送り,867.91,906.69,1062.0,1069.76,1108.53,819.34,1570.59,0,0.0,0.0,2.57,B,見送り,4.3,53.52,+1.10σ,0.65,False,データなし,9.0,3,-9.0,0,0.0,強いリスクオフ・通常の25%,反転条件の完成待ち。ファンダメンタル=データ不足、RSI 53.5、出来高 0.65倍、BB +1.10σ,方式別実績はサンプル蓄積中。市場=強いリスクオフ、ニュース重大度と300万円の損失・投入・現金・保有数制約を適用,強いリスクオフのため新規主力買い停止,0.0,0.0,9.0,87,87,信用需給は判定不能,信用データがデータなし、または売残0で信用倍率を算出不能,データ不足,False,公式取得元または参照先なし,データなし,データなし,データなし,データなし,データなし,データなし,データなし,データなし,データなし,評価不能,評価不能,,評価不能,,データなし,データなし,データなし,データなし,データ不足,公式取得元または参照先なし,,,データなし,データなし,データなし,,,,,,,,,,,,,,,,
5201,ＡＧＣ,見送り,見送り,見送り,5780.05,5875.61,6026.0,6045.11,6226.47,5631.26,6872.82,0,0.0,0.0,2.4,B,見送り,4.28,43.76,-0.14σ,0.64,False,データなし,9.0,3,-9.0,0,0.0,強いリスクオフ・通常の25%,反転条件の完成待ち。ファンダメンタル=データ不足、RSI 43.8、出来高 0.64倍、BB -0.14σ,方式別実績はサンプル蓄積中。市場=強いリスクオフ、ニュース重大度と300万円の損失・投入・現金・保有数制約を適用,強いリスクオフのため新規主力買い停止,0.0,0.0,9.0,87,87,信用需給は判定不能,信用データがデータなし、または売残0で信用倍率を算出不能,データ不足,False,公式取得元または参照先なし,データなし,データなし,データなし,データなし,データなし,データなし,データなし,データなし,データなし,評価不能,評価不能,,評価不能,,データなし,データなし,データなし,データなし,データ不足,公式取得元または参照先なし,,,データなし,データなし,データなし,,,,,,,,,,,,,,,,
6264,マルマエ,見送り,見送り,見送り,1858.35,1933.5,2240.0,2255.03,2330.18,1772.59,3219.91,0,0.0,0.0,2.15,B,見送り,4.28,54.7,+1.73σ,0.64,False,データなし,9.0,3,-9.0,0,0.0,強いリスクオフ・通常の25%,反転条件の完成待ち。ファンダメンタル=データ不足、RSI 54.7、出来高 0.64倍、BB +1.73σ,方式別実績はサンプル蓄積中。市場=強いリスクオフ、ニュース重大度と300万円の損失・投入・現金・保有数制約を適用,強いリスクオフのため新規主力買い停止,0.0,0.0,9.0,87,87,信用需給は判定不能,信用データがデータなし、または売残0で信用倍率を算出不能,データ不足,False,公式取得元または参照先なし,データなし,データなし,データなし,データなし,データなし,データなし,データなし,データなし,データなし,評価不能,評価不能,,評価不能,,データなし,データなし,データなし,データなし,データ不足,公式取得元または参照先なし,,,データなし,データなし,データなし,,,,,,,,,,,,,,,,
9551,メタウォーター,見送り,見送り,見送り,3082.26,3132.0,3265.0,3274.95,3373.2,3032.77,3759.3,0,0.0,0.0,2.51,B,見送り,4.26,51.79,+0.79σ,0.63,False,データなし,9.0,3,-9.0,0,0.0,強いリスクオフ・通常の25%,反転条件の完成待ち。ファンダメンタル=データ不足、RSI 51.8、出来高 0.63倍、BB +0.79σ,方式別実績はサンプル蓄積中。市場=強いリスクオフ、ニュース重大度と300万円の損失・投入・現金・保有数制約を適用,強いリスクオフのため新規主力買い停止,0.0,0.0,9.0,87,87,信用需給は判定不能,信用データがデータなし、または売残0で信用倍率を算出不能,データ不足,False,公式取得元または参照先なし,データなし,データなし,データなし,データなし,データなし,データなし,データなし,データなし,データなし,評価不能,評価不能,,評価不能,,データなし,データなし,データなし,データなし,データ不足,公式取得元または参照先なし,,,データなし,データなし,データなし,,,,,,,,,,,,,,,,
6800,ヨコオ,見送り,見送り,見送り,3825.75,3991.95,4460.0,4493.24,4659.45,3619.96,6239.8,0,0.0,0.0,2.18,B,見送り,4.22,49.78,+0.86σ,0.61,False,データなし,9.0,3,-9.0,0,0.0,強いリスクオフ・通常の25%,反転条件の完成待ち。ファンダメンタル=データ不足、RSI 49.8、出来高 0.61倍、BB +0.86σ,方式別実績はサンプル蓄積中。市場=強いリスクオフ、ニュース重大度と300万円の損失・投入・現金・保有数制約を適用,強いリスクオフのため新規主力買い停止,0.0,0.0,9.0,87,87,信用需給は判定不能,信用データがデータなし、または売残0で信用倍率を算出不能,データ不足,False,公式取得元または参照先なし,データなし,データなし,データなし,データなし,データなし,データなし,データなし,データなし,データなし,評価不能,評価不能,,評価不能,,データなし,データなし,データなし,データなし,データ不足,公式取得元または参照先なし,,,データなし,データなし,データなし,,,,,,,,,,,,,,,,
6383,ダイフク,見送り,見送り,見送り,5886.39,6000.05,6406.0,6428.73,6621.59,5738.54,7809.12,0,0.0,0.0,2.4,B,見送り,4.18,50.49,+0.97σ,1.09,False,データなし,8.0,3,-9.0,0,0.0,強いリスクオフ・通常の25%,反転条件の完成待ち。ファンダメンタル=データ不足、RSI 50.5、出来高 1.09倍、BB +0.97σ,方式別実績はサンプル蓄積中。市場=強いリスクオフ、ニュース重大度と300万円の損失・投入・現金・保有数制約を適用,強いリスクオフのため新規主力買い停止,0.0,0.0,8.0,118,118,信用需給は判定不能,信用データがデータなし、または売残0で信用倍率を算出不能,データ不足,False,公式取得元または参照先なし,データなし,データなし,データなし,データなし,データなし,データなし,データなし,データなし,データなし,評価不能,評価不能,,評価不能,,データなし,データなし,データなし,データなし,データ不足,公式取得元または参照先なし,,,データなし,データなし,データなし,,,,,,,,,,,,,,,,
5838,楽天銀行,見送り,見送り,見送り,5284.96,5405.52,6372.0,6396.11,6588.0,5096.99,8994.36,0,0.0,0.0,2.47,C,見送り,4.16,67.06,+2.52σ,1.08,False,データなし,8.0,3,-9.0,0,0.0,強いリスクオフ・通常の25%,急騰済みを最優先して除外。ファンダメンタル=データ不足、RSI 67.1、出来高 1.08倍、BB +2.52σ,方式別実績はサンプル蓄積中。市場=強いリスクオフ、ニュース重大度と300万円の損失・投入・現金・保有数制約を適用,強いリスクオフのため新規主力買い停止,0.0,0.0,8.0,118,118,信用需給は判定不能,信用データがデータなし、または売残0で信用倍率を算出不能,データ不足,False,公式取得元または参照先なし,データなし,データなし,データなし,データなし,データなし,データなし,データなし,データなし,データなし,評価不能,評価不能,,評価不能,,データなし,データなし,データなし,データなし,データ不足,公式取得元または参照先なし,,,データなし,データなし,データなし,,,,,,,,,,,,,,,,
5243,ｎｏｔｅ,見送り,見送り,見送り,1959.23,2032.65,2600.0,2614.69,2693.13,1792.13,4259.8,0,0.0,0.0,2.16,C,見送り,4.14,68.19,+1.83σ,0.57,False,データなし,9.0,3,-9.0,0,0.0,強いリスクオフ・通常の25%,急騰済みを最優先して除外。ファンダメンタル=データ不足、RSI 68.2、出来高 0.57倍、BB +1.83σ,方式別実績はサンプル蓄積中。市場=強いリスクオフ、ニュース重大度と300万円の損失・投入・現金・保有数制約を適用,強いリスクオフのため新規主力買い停止,0.0,0.0,9.0,87,87,信用需給は判定不能,信用データがデータなし、または売残0で信用倍率を算出不能,データ不足,False,公式取得元または参照先なし,データなし,データなし,データなし,データなし,データなし,データなし,データなし,データなし,データなし,評価不能,評価不能,,評価不能,,データなし,データなし,データなし,データなし,データ不足,公式取得元または参照先なし,,,データなし,データなし,データなし,,,,,,,,,,,,,,,,
3915,テラスカイ,見送り,見送り,見送り,2027.53,2084.28,2452.0,2463.35,2537.25,1926.2,3537.65,0,0.0,0.0,2.12,C,見送り,4.06,62.08,+1.98σ,0.53,False,データなし,9.0,3,-9.0,0,0.0,強いリスクオフ・通常の25%,急騰済みを最優先して除外。ファンダメンタル=データ不足、RSI 62.1、出来高 0.53倍、BB +1.98σ,方式別実績はサンプル蓄積中。市場=強いリスクオフ、ニュース重大度と300万円の損失・投入・現金・保有数制約を適用,強いリスクオフのため新規主力買い停止,0.0,0.0,9.0,87,87,信用需給は判定不能,信用データがデータなし、または売残0で信用倍率を算出不能,データ不足,False,公式取得元または参照先なし,データなし,データなし,データなし,データなし,データなし,データなし,データなし,データなし,データなし,評価不能,評価不能,,評価不能,,データなし,データなし,データなし,データなし,データ不足,公式取得元または参照先なし,,,データなし,データなし,データなし,,,,,,,,,,,,,,,,
6882,三社電機製作所,見送り,見送り,見送り,1091.44,1117.24,1259.0,1264.16,1302.09,1050.12,1692.24,0,0.0,0.0,2.09,B,見送り,4.04,59.99,+1.83σ,0.52,False,データなし,9.0,3,-9.0,0,0.0,強いリスクオフ・通常の25%,出来高0.6倍未満のため主力不可。ファンダメンタル=データ不足、RSI 60.0、出来高 0.52倍、BB +1.83σ,方式別実績はサンプル蓄積中。市場=強いリスクオフ、ニュース重大度と300万円の損失・投入・現金・保有数制約を適用,強いリスクオフのため新規主力買い停止,0.0,0.0,9.0,87,87,信用需給は判定不能,信用データがデータなし、または売残0で信用倍率を算出不能,データ不足,False,公式取得元または参照先なし,データなし,データなし,データなし,データなし,データなし,データなし,データなし,データなし,データなし,評価不能,評価不能,,評価不能,,データなし,データなし,データなし,データなし,データ不足,公式取得元または参照先なし,,,データなし,データなし,データなし,,,,,,,,,,,,,,,,
2982,ＡＤワークスグループ,見送り,見送り,見送り,401.83,407.37,430.0,431.11,444.04,397.0,499.32,0,0.0,0.0,2.3,B,見送り,4.02,62.96,+2.12σ,1.01,False,データなし,8.0,3,-9.0,0,0.0,強いリスクオフ・通常の25%,反転条件の完成待ち。ファンダメンタル=データ不足、RSI 63.0、出来高 1.01倍、BB +2.12σ,方式別実績はサンプル蓄積中。市場=強いリスクオフ、ニュース重大度と300万円の損失・投入・現金・保有数制約を適用,強いリスクオフのため新規主力買い停止,0.0,0.0,8.0,118,118,信用需給は判定不能,信用データがデータなし、または売残0で信用倍率を算出不能,データ不足,False,公式取得元または参照先なし,データなし,データなし,データなし,データなし,データなし,データなし,データなし,データなし,データなし,評価不能,評価不能,,評価不能,,データなし,データなし,データなし,データなし,データ不足,公式取得元または参照先なし,,,データなし,データなし,データなし,,,,,,,,,,,,,,,,
3905,データセクション,見送り,見送り,見送り,1748.91,1807.0,1953.0,1976.23,2092.4,1617.58,2693.54,0,0.0,0.0,4.68,A,見送り,4.0,32.61,-1.23σ,3.83,True,データなし,8.0,3,-9.0,0,0.0,強いリスクオフ・通常の25%,暴落リバウンド型のため主力不可。ファンダメンタル=データ不足、RSI 32.6、出来高 3.83倍、BB -1.23σ,方式別実績はサンプル蓄積中。市場=強いリスクオフ、ニュース重大度と300万円の損失・投入・現金・保有数制約を適用,強いリスクオフのため新規主力買い停止,0.0,0.0,8.0,118,118,信用需給は判定不能,信用データがデータなし、または売残0で信用倍率を算出不能,データ不足,False,公式取得元または参照先なし,データなし,データなし,データなし,データなし,データなし,データなし,データなし,データなし,データなし,評価不能,評価不能,,評価不能,,データなし,データなし,データなし,データなし,データ不足,公式取得元または参照先なし,,,データなし,データなし,データなし,,,,,,,,,,,,,,,,
7220,武蔵精密工業,見送り,見送り,見送り,2985.29,3122.59,3770.0,3797.46,3934.76,2828.38,5735.62,0,0.0,0.0,2.39,C,見送り,4.0,53.74,+1.80σ,0.5,False,データなし,9.0,3,-9.0,0,0.0,強いリスクオフ・通常の25%,急騰済みを最優先して除外。ファンダメンタル=データ不足、RSI 53.7、出来高 0.50倍、BB +1.80σ,方式別実績はサンプル蓄積中。市場=強いリスクオフ、ニュース重大度と300万円の損失・投入・現金・保有数制約を適用,強いリスクオフのため新規主力買い停止,0.0,0.0,9.0,87,87,信用需給は判定不能,信用データがデータなし、または売残0で信用倍率を算出不能,データ不足,False,公式取得元または参照先なし,データなし,データなし,データなし,データなし,データなし,データなし,データなし,データなし,データなし,評価不能,評価不能,,評価不能,,データなし,データなし,データなし,データなし,データ不足,公式取得元または参照先なし,,,データなし,データなし,データなし,,,,,,,,,,,,,,,,
8934,サンフロンティア不動産,見送り,見送り,見送り,2432.67,2458.15,2505.0,2510.1,2585.4,2398.41,2733.47,0,0.0,0.0,3.88,B,見送り,3.96,48.87,-0.54σ,0.98,False,データなし,8.0,3,-9.0,0,0.0,強いリスクオフ・通常の25%,反転条件の完成待ち。ファンダメンタル=データ不足、RSI 48.9、出来高 0.98倍、BB -0.54σ,方式別実績はサンプル蓄積中。市場=強いリスクオフ、ニュース重大度と300万円の損失・投入・現金・保有数制約を適用,強いリスクオフのため新規主力買い停止,0.0,0.0,8.0,118,118,信用需給は判定不能,信用データがデータなし、または売残0で信用倍率を算出不能,データ不足,False,公式取得元または参照先なし,データなし,データなし,データなし,データなし,データなし,データなし,データなし,データなし,データなし,評価不能,評価不能,,評価不能,,データなし,データなし,データなし,データなし,データ不足,公式取得元または参照先なし,,,データなし,データなし,データなし,,,,,,,,,,,,,,,,
5706,三井金属,見送り,見送り,見送り,27619.58,29039.0,31780.0,32063.88,33483.29,25725.0,44741.65,0,0.0,0.0,2.24,B,見送り,3.94,47.76,+0.40σ,0.97,False,データなし,8.0,3,-9.0,0,0.0,強いリスクオフ・通常の25%,反転条件の完成待ち。ファンダメンタル=データ不足、RSI 47.8、出来高 0.97倍、BB +0.40σ,方式別実績はサンプル蓄積中。市場=強いリスクオフ、ニュース重大度と300万円の損失・投入・現金・保有数制約を適用,強いリスクオフのため新規主力買い停止,0.0,0.0,8.0,118,118,信用需給は判定不能,信用データがデータなし、または売残0で信用倍率を算出不能,データ不足,False,公式取得元または参照先なし,データなし,データなし,データなし,データなし,データなし,データなし,データなし,データなし,データなし,評価不能,評価不能,,評価不能,,データなし,データなし,データなし,データなし,データ不足,公式取得元または参照先なし,,,データなし,データなし,データなし,,,,,,,,,,,,,,,,
6226,守谷輸送機工業,見送り,見送り,見送り,2051.02,2116.98,2239.0,2252.19,2319.76,1878.0,3000.58,0,0.0,0.0,2.28,C,見送り,3.92,48.71,-0.34σ,1.46,False,データなし,10.0,0,-9.0,0,0.0,強いリスクオフ・通常の25%,急騰済みを最優先して除外。ファンダメンタル=データ不足、RSI 48.7、出来高 1.46倍、BB -0.34σ,方式別実績はサンプル蓄積中。市場=強いリスクオフ、ニュース重大度と300万円の損失・投入・現金・保有数制約を適用,強いリスクオフのため新規主力買い停止,0.0,0.0,10.0,49,49,信用需給は判定不能,信用データがデータなし、または売残0で信用倍率を算出不能,データ不足,False,公式取得元または参照先なし,データなし,データなし,データなし,データなし,データなし,データなし,データなし,データなし,データなし,評価不能,評価不能,,評価不能,,データなし,データなし,データなし,データなし,データ不足,公式取得元または参照先なし,,,データなし,データなし,データなし,,,,,,,,,,,,,,,,
6617,東光高岳,見送り,見送り,見送り,7047.99,7280.37,8040.0,8086.47,8329.07,6688.37,10882.68,0,0.0,0.0,2.71,B,見送り,3.88,52.6,+0.38σ,0.44,False,データなし,9.0,3,-9.0,0,0.0,強いリスクオフ・通常の25%,出来高0.6倍未満のため主力不可。ファンダメンタル=データ不足、RSI 52.6、出来高 0.44倍、BB +0.38σ,方式別実績はサンプル蓄積中。市場=強いリスクオフ、ニュース重大度と300万円の損失・投入・現金・保有数制約を適用,強いリスクオフのため新規主力買い停止,0.0,0.0,9.0,87,87,信用需給は判定不能,信用データがデータなし、または売残0で信用倍率を算出不能,データ不足,False,公式取得元または参照先なし,データなし,データなし,データなし,データなし,データなし,データなし,データなし,データなし,データなし,評価不能,評価不能,,評価不能,,データなし,データなし,データなし,データなし,データ不足,公式取得元または参照先なし,,,データなし,データなし,データなし,,,,,,,,,,,,,,,,
6817,スミダコーポレーション,見送り,見送り,見送り,1183.72,1207.04,1283.0,1287.66,1326.29,1132.12,1598.75,0,0.0,0.0,2.41,B,見送り,3.88,48.53,+0.16σ,0.44,False,データなし,9.0,3,-9.0,0,0.0,強いリスクオフ・通常の25%,出来高0.6倍未満のため主力不可。ファンダメンタル=データ不足、RSI 48.5、出来高 0.44倍、BB +0.16σ,方式別実績はサンプル蓄積中。市場=強いリスクオフ、ニュース重大度と300万円の損失・投入・現金・保有数制約を適用,強いリスクオフのため新規主力買い停止,0.0,0.0,9.0,87,87,信用需給は判定不能,信用データがデータなし、または売残0で信用倍率を算出不能,データ不足,False,公式取得元または参照先なし,データなし,データなし,データなし,データなし,データなし,データなし,データなし,データなし,データなし,評価不能,評価不能,,評価不能,,データなし,データなし,データなし,データなし,データ不足,公式取得元または参照先なし,,,データなし,データなし,データなし,,,,,,,,,,,,,,,,
4107,伊勢化学工業,見送り,見送り,見送り,3423.21,3506.87,3850.0,3866.73,3982.73,3329.09,4942.02,0,0.0,0.0,2.1,B,見送り,3.84,56.7,+1.83σ,0.92,False,データなし,8.0,3,-9.0,0,0.0,強いリスクオフ・通常の25%,反転条件の完成待ち。ファンダメンタル=データ不足、RSI 56.7、出来高 0.92倍、BB +1.83σ,方式別実績はサンプル蓄積中。市場=強いリスクオフ、ニュース重大度と300万円の損失・投入・現金・保有数制約を適用,強いリスクオフのため新規主力買い停止,0.0,0.0,8.0,118,118,信用需給は判定不能,信用データがデータなし、または売残0で信用倍率を算出不能,データ不足,False,公式取得元または参照先なし,データなし,データなし,データなし,データなし,データなし,データなし,データなし,データなし,データなし,評価不能,評価不能,,評価不能,,データなし,データなし,データなし,データなし,データ不足,公式取得元または参照先なし,,,データなし,データなし,データなし,,,,,,,,,,,,,,,,
3284,フージャースホールディングス,見送り,見送り,見送り,1215.93,1225.75,1298.0,1299.96,1338.96,1195.49,1508.91,0,0.0,0.0,2.12,B,見送り,3.76,70.06,+1.96σ,0.88,False,データなし,8.0,3,-9.0,0,0.0,強いリスクオフ・通常の25%,反転条件の完成待ち。ファンダメンタル=データ不足、RSI 70.1、出来高 0.88倍、BB +1.96σ,方式別実績はサンプル蓄積中。市場=強いリスクオフ、ニュース重大度と300万円の損失・投入・現金・保有数制約を適用,強いリスクオフのため新規主力買い停止,0.0,0.0,8.0,118,118,信用需給は判定不能,信用データがデータなし、または売残0で信用倍率を算出不能,データ不足,False,公式取得元または参照先なし,データなし,データなし,データなし,データなし,データなし,データなし,データなし,データなし,データなし,評価不能,評価不能,,評価不能,,データなし,データなし,データなし,データなし,データ不足,公式取得元または参照先なし,,,データなし,データなし,データなし,,,,,,,,,,,,,,,,
6859,エスペック,見送り,見送り,見送り,3889.18,3974.38,4285.0,4302.04,4431.1,3770.06,5366.0,0,0.0,0.0,2.1,B,見送り,3.74,58.57,+1.18σ,0.37,False,データなし,9.0,3,-9.0,0,0.0,強いリスクオフ・通常の25%,出来高0.6倍未満のため主力不可。ファンダメンタル=データ不足、RSI 58.6、出来高 0.37倍、BB +1.18σ,方式別実績はサンプル蓄積中。市場=強いリスクオフ、ニュース重大度と300万円の損失・投入・現金・保有数制約を適用,強いリスクオフのため新規主力買い停止,0.0,0.0,9.0,87,87,信用需給は判定不能,信用データがデータなし、または売残0で信用倍率を算出不能,データ不足,False,公式取得元または参照先なし,データなし,データなし,データなし,データなし,データなし,データなし,データなし,データなし,データなし,評価不能,評価不能,,評価不能,,データなし,データなし,データなし,データなし,データ不足,公式取得元または参照先なし,,,データなし,データなし,データなし,,,,,,,,,,,,,,,,
3989,シェアリングテクノロジー,見送り,見送り,見送り,1351.78,1375.99,1526.0,1530.84,1576.77,1317.66,1957.21,0,0.0,0.0,2.61,B,見送り,3.72,68.21,+1.84σ,2.36,False,データなし,5.0,3,-9.0,0,0.0,強いリスクオフ・通常の25%,反転条件の完成待ち。ファンダメンタル=データ不足、RSI 68.2、出来高 2.36倍、BB +1.84σ,方式別実績はサンプル蓄積中。市場=強いリスクオフ、ニュース重大度と300万円の損失・投入・現金・保有数制約を適用,強いリスクオフのため新規主力買い停止,0.0,0.0,5.0,300,300,信用需給は判定不能,信用データがデータなし、または売残0で信用倍率を算出不能,データ不足,False,公式取得元または参照先なし,データなし,データなし,データなし,データなし,データなし,データなし,データなし,データなし,データなし,評価不能,評価不能,,評価不能,,データなし,データなし,データなし,データなし,データ不足,公式取得元または参照先なし,,,データなし,データなし,データなし,,,,,,,,,,,,,,,,
4246,ダイキョーニシカワ,見送り,見送り,見送り,995.75,1007.69,1136.0,1138.39,1172.54,957.64,1499.88,0,0.0,0.0,2.15,C,見送り,3.7,78.48,+1.91σ,0.85,False,データなし,8.0,3,-9.0,0,0.0,強いリスクオフ・通常の25%,急騰済みを最優先して除外。ファンダメンタル=データ不足、RSI 78.5、出来高 0.85倍、BB +1.91σ,方式別実績はサンプル蓄積中。市場=強いリスクオフ、ニュース重大度と300万円の損失・投入・現金・保有数制約を適用,強いリスクオフのため新規主力買い停止,0.0,0.0,8.0,118,118,信用需給は判定不能,信用データがデータなし、または売残0で信用倍率を算出不能,データ不足,False,公式取得元または参照先なし,データなし,データなし,データなし,データなし,データなし,データなし,データなし,データなし,データなし,評価不能,評価不能,,評価不能,,データなし,データなし,データなし,データなし,データ不足,公式取得元または参照先なし,,,データなし,データなし,データなし,,,,,,,,,,,,,,,,
4061,デンカ,見送り,見送り,見送り,3360.48,3456.2,3674.0,3693.15,3803.94,3249.52,4580.4,0,0.0,0.0,2.73,B,見送り,3.66,47.21,+0.24σ,0.83,False,データなし,8.0,3,-9.0,0,0.0,強いリスクオフ・通常の25%,反転条件の完成待ち。ファンダメンタル=データ不足、RSI 47.2、出来高 0.83倍、BB +0.24σ,方式別実績はサンプル蓄積中。市場=強いリスクオフ、ニュース重大度と300万円の損失・投入・現金・保有数制約を適用,強いリスクオフのため新規主力買い停止,0.0,0.0,8.0,118,118,信用需給は判定不能,信用データがデータなし、または売残0で信用倍率を算出不能,データ不足,False,公式取得元または参照先なし,データなし,データなし,データなし,データなし,データなし,データなし,データなし,データなし,データなし,評価不能,評価不能,,評価不能,,データなし,データなし,データなし,データなし,データ不足,公式取得元または参照先なし,,,データなし,データなし,データなし,,,,,,,,,,,,,,,,
5631,日本製鋼所,見送り,見送り,見送り,7342.47,7494.11,8077.0,8107.33,8350.55,7213.33,9895.33,0,0.0,0.0,2.2,B,見送り,3.56,58.13,+2.09σ,0.78,False,データなし,8.0,3,-9.0,0,0.0,強いリスクオフ・通常の25%,反転条件の完成待ち。ファンダメンタル=データ不足、RSI 58.1、出来高 0.78倍、BB +2.09σ,方式別実績はサンプル蓄積中。市場=強いリスクオフ、ニュース重大度と300万円の損失・投入・現金・保有数制約を適用,強いリスクオフのため新規主力買い停止,0.0,0.0,8.0,118,118,信用需給は判定不能,信用データがデータなし、または売残0で信用倍率を算出不能,データ不足,False,公式取得元または参照先なし,データなし,データなし,データなし,データなし,データなし,データなし,データなし,データなし,データなし,評価不能,評価不能,,評価不能,,データなし,データなし,データなし,データなし,データ不足,公式取得元または参照先なし,,,データなし,データなし,データなし,,,,,,,,,,,,,,,,
6674,ジーエス・ユアサ　コーポレーション,見送り,見送り,見送り,5286.13,5441.37,5733.0,5764.05,5936.97,5126.29,7039.56,0,0.0,0.0,2.45,B,見送り,3.56,47.87,+0.34σ,0.78,False,データなし,8.0,3,-9.0,0,0.0,強いリスクオフ・通常の25%,反転条件の完成待ち。ファンダメンタル=データ不足、RSI 47.9、出来高 0.78倍、BB +0.34σ,方式別実績はサンプル蓄積中。市場=強いリスクオフ、ニュース重大度と300万円の損失・投入・現金・保有数制約を適用,強いリスクオフのため新規主力買い停止,0.0,0.0,8.0,118,118,信用需給は判定不能,信用データがデータなし、または売残0で信用倍率を算出不能,データ不足,False,公式取得元または参照先なし,データなし,データなし,データなし,データなし,データなし,データなし,データなし,データなし,データなし,評価不能,評価不能,,評価不能,,データなし,データなし,データなし,データなし,データ不足,公式取得元または参照先なし,,,データなし,データなし,データなし,,,,,,,,,,,,,,,,
4825,ウェザーニューズ,見送り,見送り,見送り,1922.47,1942.97,2063.0,2067.1,2129.11,1895.64,2410.02,0,0.0,0.0,2.21,C,見送り,3.54,61.18,+2.32σ,1.27,False,データなし,7.0,3,-9.0,0,0.0,強いリスクオフ・通常の25%,急騰済みを最優先して除外。ファンダメンタル=データ不足、RSI 61.2、出来高 1.27倍、BB +2.32σ,方式別実績はサンプル蓄積中。市場=強いリスクオフ、ニュース重大度と300万円の損失・投入・現金・保有数制約を適用,強いリスクオフのため新規主力買い停止,0.0,0.0,7.0,177,177,信用需給は判定不能,信用データがデータなし、または売残0で信用倍率を算出不能,データ不足,False,公式取得元または参照先なし,データなし,データなし,データなし,データなし,データなし,データなし,データなし,データなし,データなし,評価不能,評価不能,,評価不能,,データなし,データなし,データなし,データなし,データ不足,公式取得元または参照先なし,,,データなし,データなし,データなし,,,,,,,,,,,,,,,,
7970,信越ポリマー,見送り,見送り,見送り,2153.49,2187.59,2352.0,2358.82,2429.58,2059.34,2957.77,0,0.0,0.0,2.09,B,見送り,3.52,54.38,+0.61σ,0.26,False,データなし,9.0,3,-9.0,0,0.0,強いリスクオフ・通常の25%,出来高0.6倍未満のため主力不可。ファンダメンタル=データ不足、RSI 54.4、出来高 0.26倍、BB +0.61σ,方式別実績はサンプル蓄積中。市場=強いリスクオフ、ニュース重大度と300万円の損失・投入・現金・保有数制約を適用,強いリスクオフのため新規主力買い停止,0.0,0.0,9.0,87,87,信用需給は判定不能,信用データがデータなし、または売残0で信用倍率を算出不能,データ不足,False,公式取得元または参照先なし,データなし,データなし,データなし,データなし,データなし,データなし,データなし,データなし,データなし,評価不能,評価不能,,評価不能,,データなし,データなし,データなし,データなし,データ不足,公式取得元または参照先なし,,,データなし,データなし,データなし,,,,,,,,,,,,,,,,
7164,全国保証,見送り,見送り,見送り,3044.57,3069.49,3145.0,3149.98,3244.48,3007.12,3435.71,0,0.0,0.0,2.25,B,見送り,3.42,56.62,+0.64σ,0.71,False,データなし,8.0,3,-9.0,0,0.0,強いリスクオフ・通常の25%,反転条件の完成待ち。ファンダメンタル=データ不足、RSI 56.6、出来高 0.71倍、BB +0.64σ,方式別実績はサンプル蓄積中。市場=強いリスクオフ、ニュース重大度と300万円の損失・投入・現金・保有数制約を適用,強いリスクオフのため新規主力買い停止,0.0,0.0,8.0,118,118,信用需給は判定不能,信用データがデータなし、または売残0で信用倍率を算出不能,データ不足,False,公式取得元または参照先なし,データなし,データなし,データなし,データなし,データなし,データなし,データなし,データなし,データなし,評価不能,評価不能,,評価不能,,データなし,データなし,データなし,データなし,データ不足,公式取得元または参照先なし,,,データなし,データなし,データなし,,,,,,,,,,,,,,,,
6145,ＮＩＴＴＯＫＵ,見送り,見送り,見送り,2411.2,2474.26,2520.0,2532.61,2608.59,2269.0,3059.83,0,0.0,0.0,2.15,B,見送り,3.4,44.53,-0.44σ,0.7,False,データなし,8.0,3,-9.0,0,0.0,強いリスクオフ・通常の25%,反転条件の完成待ち。ファンダメンタル=データ不足、RSI 44.5、出来高 0.70倍、BB -0.44σ,方式別実績はサンプル蓄積中。市場=強いリスクオフ、ニュース重大度と300万円の損失・投入・現金・保有数制約を適用,強いリスクオフのため新規主力買い停止,0.0,0.0,8.0,118,118,信用需給は判定不能,信用データがデータなし、または売残0で信用倍率を算出不能,データ不足,False,公式取得元または参照先なし,データなし,データなし,データなし,データなし,データなし,データなし,データなし,データなし,データなし,評価不能,評価不能,,評価不能,,データなし,データなし,データなし,データなし,データ不足,公式取得元または参照先なし,,,データなし,データなし,データなし,,,,,,,,,,,,,,,,
4222,児玉化学工業,見送り,見送り,見送り,557.86,575.08,738.0,741.45,763.69,522.83,1178.68,0,0.0,0.0,2.45,C,見送り,3.38,68.69,+2.36σ,1.69,False,データなし,6.0,3,-9.0,0,0.0,強いリスクオフ・通常の25%,急騰済みを最優先して除外。ファンダメンタル=データ不足、RSI 68.7、出来高 1.69倍、BB +2.36σ,方式別実績はサンプル蓄積中。市場=強いリスクオフ、ニュース重大度と300万円の損失・投入・現金・保有数制約を適用,強いリスクオフのため新規主力買い停止,0.0,0.0,6.0,198,198,信用需給は判定不能,信用データがデータなし、または売残0で信用倍率を算出不能,データ不足,False,公式取得元または参照先なし,データなし,データなし,データなし,データなし,データなし,データなし,データなし,データなし,データなし,評価不能,評価不能,,評価不能,,データなし,データなし,データなし,データなし,データ不足,公式取得元または参照先なし,,,データなし,データなし,データなし,,,,,,,,,,,,,,,,
3687,フィックスターズ,見送り,見送り,見送り,2054.76,2120.72,2360.0,2373.19,2444.39,2001.43,3116.71,0,0.0,0.0,2.48,B,見送り,3.36,55.89,+1.71σ,0.68,False,データなし,8.0,3,-9.0,0,0.0,強いリスクオフ・通常の25%,反転条件の完成待ち。ファンダメンタル=データ不足、RSI 55.9、出来高 0.68倍、BB +1.71σ,方式別実績はサンプル蓄積中。市場=強いリスクオフ、ニュース重大度と300万円の損失・投入・現金・保有数制約を適用,強いリスクオフのため新規主力買い停止,0.0,0.0,8.0,118,118,信用需給は判定不能,信用データがデータなし、または売残0で信用倍率を算出不能,データ不足,False,公式取得元または参照先なし,データなし,データなし,データなし,データなし,データなし,データなし,データなし,データなし,データなし,評価不能,評価不能,,評価不能,,データなし,データなし,データなし,データなし,データ不足,公式取得元または参照先なし,,,データなし,データなし,データなし,,,,,,,,,,,,,,,,
3436,ＳＵＭＣＯ,見送り,見送り,見送り,3177.74,3370.28,4245.0,4283.51,4476.05,2959.87,6930.79,0,0.0,0.0,2.61,B,見送り,3.34,55.25,+1.51σ,0.67,False,データなし,8.0,3,-9.0,0,0.0,強いリスクオフ・通常の25%,反転条件の完成待ち。ファンダメンタル=データ不足、RSI 55.2、出来高 0.67倍、BB +1.51σ,方式別実績はサンプル蓄積中。市場=強いリスクオフ、ニュース重大度と300万円の損失・投入・現金・保有数制約を適用,強いリスクオフのため新規主力買い停止,0.0,0.0,8.0,118,118,信用需給は判定不能,信用データがデータなし、または売残0で信用倍率を算出不能,データ不足,False,公式取得元または参照先なし,データなし,データなし,データなし,データなし,データなし,データなし,データなし,データなし,データなし,評価不能,評価不能,,評価不能,,データなし,データなし,データなし,データなし,データ不足,公式取得元または参照先なし,,,データなし,データなし,データなし,,,,,,,,,,,,,,,,
8331,千葉銀行,見送り,見送り,見送り,2595.32,2635.15,2886.0,2893.97,2980.78,2531.84,3618.22,0,0.0,0.0,2.49,B,見送り,3.32,65.37,+1.74σ,0.66,False,データなし,8.0,3,-9.0,0,0.0,強いリスクオフ・通常の25%,反転条件の完成待ち。ファンダメンタル=データ不足、RSI 65.4、出来高 0.66倍、BB +1.74σ,方式別実績はサンプル蓄積中。市場=強いリスクオフ、ニュース重大度と300万円の損失・投入・現金・保有数制約を適用,強いリスクオフのため新規主力買い停止,0.0,0.0,8.0,118,118,信用需給は判定不能,信用データがデータなし、または売残0で信用倍率を算出不能,データ不足,False,公式取得元または参照先なし,データなし,データなし,データなし,データなし,データなし,データなし,データなし,データなし,データなし,評価不能,評価不能,,評価不能,,データなし,データなし,データなし,データなし,データ不足,公式取得元または参照先なし,,,データなし,データなし,データなし,,,,,,,,,,,,,,,,
6976,太陽誘電,見送り,見送り,見送り,9309.93,9981.23,11440.0,11574.26,12245.56,8654.96,17412.86,0,0.0,0.0,2.32,B,見送り,3.28,47.96,+0.67σ,0.64,False,データなし,8.0,3,-9.0,0,0.0,強いリスクオフ・通常の25%,反転条件の完成待ち。ファンダメンタル=データ不足、RSI 48.0、出来高 0.64倍、BB +0.67σ,方式別実績はサンプル蓄積中。市場=強いリスクオフ、ニュース重大度と300万円の損失・投入・現金・保有数制約を適用,強いリスクオフのため新規主力買い停止,0.0,0.0,8.0,118,118,信用需給は判定不能,信用データがデータなし、または売残0で信用倍率を算出不能,データ不足,False,公式取得元または参照先なし,データなし,データなし,データなし,データなし,データなし,データなし,データなし,データなし,データなし,評価不能,評価不能,,評価不能,,データなし,データなし,データなし,データなし,データ不足,公式取得元または参照先なし,,,データなし,データなし,データなし,,,,,,,,,,,,,,,,
9412,スカパーＪＳＡＴ,見送り,見送り,見送り,2113.33,2173.01,2397.0,2408.94,2481.2,2029.08,3168.65,0,0.0,0.0,2.39,B,見送り,3.28,48.07,+0.94σ,0.64,False,データなし,8.0,3,-9.0,0,0.0,強いリスクオフ・通常の25%,反転条件の完成待ち。ファンダメンタル=データ不足、RSI 48.1、出来高 0.64倍、BB +0.94σ,方式別実績はサンプル蓄積中。市場=強いリスクオフ、ニュース重大度と300万円の損失・投入・現金・保有数制約を適用,強いリスクオフのため新規主力買い停止,0.0,0.0,8.0,118,118,信用需給は判定不能,信用データがデータなし、または売残0で信用倍率を算出不能,データ不足,False,公式取得元または参照先なし,データなし,データなし,データなし,データなし,データなし,データなし,データなし,データなし,データなし,評価不能,評価不能,,評価不能,,データなし,データなし,データなし,データなし,データ不足,公式取得元または参照先なし,,,データなし,データなし,データなし,,,,,,,,,,,,,,,,
6981,村田製作所,見送り,見送り,見送り,6821.19,7181.81,8540.0,8612.12,8972.73,6373.19,13089.99,0,0.0,0.0,2.5,B,見送り,3.26,51.7,+1.05σ,0.63,False,データなし,8.0,3,-9.0,0,0.0,強いリスクオフ・通常の25%,反転条件の完成待ち。ファンダメンタル=データ不足、RSI 51.7、出来高 0.63倍、BB +1.05σ,方式別実績はサンプル蓄積中。市場=強いリスクオフ、ニュース重大度と300万円の損失・投入・現金・保有数制約を適用,強いリスクオフのため新規主力買い停止,0.0,0.0,8.0,118,118,信用需給は判定不能,信用データがデータなし、または売残0で信用倍率を算出不能,データ不足,False,公式取得元または参照先なし,データなし,データなし,データなし,データなし,データなし,データなし,データなし,データなし,データなし,評価不能,評価不能,,評価不能,,データなし,データなし,データなし,データなし,データ不足,公式取得元または参照先なし,,,データなし,データなし,データなし,,,,,,,,,,,,,,,,
8359,八十二長野銀行,見送り,見送り,見送り,2490.72,2530.72,2737.5,2745.5,2827.86,2432.2,3372.1,0,0.0,0.0,2.25,B,見送り,3.24,62.95,+1.68σ,0.62,False,データなし,8.0,3,-9.0,0,0.0,強いリスクオフ・通常の25%,反転条件の完成待ち。ファンダメンタル=データ不足、RSI 63.0、出来高 0.62倍、BB +1.68σ,方式別実績はサンプル蓄積中。市場=強いリスクオフ、ニュース重大度と300万円の損失・投入・現金・保有数制約を適用,強いリスクオフのため新規主力買い停止,0.0,0.0,8.0,118,118,信用需給は判定不能,信用データがデータなし、または売残0で信用倍率を算出不能,データ不足,False,公式取得元または参照先なし,データなし,データなし,データなし,データなし,データなし,データなし,データなし,データなし,データなし,評価不能,評価不能,,評価不能,,データなし,データなし,データなし,データなし,データ不足,公式取得元または参照先なし,,,データなし,データなし,データなし,,,,,,,,,,,,,,,,
9504,中国電力,見送り,見送り,見送り,908.46,917.36,938.7,940.48,968.7,897.16,1027.12,0,0.0,0.0,2.55,B,見送り,3.24,56.09,+0.33σ,0.62,False,データなし,8.0,3,-9.0,0,0.0,強いリスクオフ・通常の25%,反転条件の完成待ち。ファンダメンタル=データ不足、RSI 56.1、出来高 0.62倍、BB +0.33σ,方式別実績はサンプル蓄積中。市場=強いリスクオフ、ニュース重大度と300万円の損失・投入・現金・保有数制約を適用,強いリスクオフのため新規主力買い停止,0.0,0.0,8.0,118,118,信用需給は判定不能,信用データがデータなし、または売残0で信用倍率を算出不能,データ不足,False,公式取得元または参照先なし,データなし,データなし,データなし,データなし,データなし,データなし,データなし,データなし,データなし,評価不能,評価不能,,評価不能,,データなし,データなし,データなし,データなし,データ不足,公式取得元または参照先なし,,,データなし,データなし,データなし,,,,,,,,,,,,,,,,
7366,ＬＩＴＡＬＩＣＯ,見送り,見送り,見送り,1564.31,1595.91,1849.0,1855.32,1910.98,1485.72,2594.52,0,0.0,0.0,2.09,C,見送り,3.22,69.96,+1.80σ,1.11,False,データなし,7.0,3,-9.0,0,0.0,強いリスクオフ・通常の25%,急騰済みを最優先して除外。ファンダメンタル=データ不足、RSI 70.0、出来高 1.11倍、BB +1.80σ,方式別実績はサンプル蓄積中。市場=強いリスクオフ、ニュース重大度と300万円の損失・投入・現金・保有数制約を適用,強いリスクオフのため新規主力買い停止,0.0,0.0,7.0,177,177,信用需給は判定不能,信用データがデータなし、または売残0で信用倍率を算出不能,データ不足,False,公式取得元または参照先なし,データなし,データなし,データなし,データなし,データなし,データなし,データなし,データなし,データなし,評価不能,評価不能,,評価不能,,データなし,データなし,データなし,データなし,データ不足,公式取得元または参照先なし,,,データなし,データなし,データなし,,,,,,,,,,,,,,,,
7564,ワークマン,見送り,見送り,見送り,5684.67,5784.05,6330.0,6349.87,6540.37,5497.72,8054.18,0,0.0,0.0,2.64,B,見送り,3.2,51.98,+0.97σ,0.6,False,データなし,8.0,3,-9.0,0,0.0,強いリスクオフ・通常の25%,反転条件の完成待ち。ファンダメンタル=データ不足、RSI 52.0、出来高 0.60倍、BB +0.97σ,方式別実績はサンプル蓄積中。市場=強いリスクオフ、ニュース重大度と300万円の損失・投入・現金・保有数制約を適用,強いリスクオフのため新規主力買い停止,0.0,0.0,8.0,118,118,信用需給は判定不能,信用データがデータなし、または売残0で信用倍率を算出不能,データ不足,False,公式取得元または参照先なし,データなし,データなし,データなし,データなし,データなし,データなし,データなし,データなし,データなし,評価不能,評価不能,,評価不能,,データなし,データなし,データなし,データなし,データ不足,公式取得元または参照先なし,,,データなし,データなし,データなし,,,,,,,,,,,,,,,,
1860,戸田建設,見送り,見送り,見送り,1470.5,1487.38,1512.0,1515.38,1560.84,1455.5,1635.13,0,0.0,0.0,2.91,B,見送り,3.18,47.27,+0.03σ,0.59,False,データなし,8.0,3,-9.0,0,0.0,強いリスクオフ・通常の25%,出来高0.6倍未満のため主力不可。ファンダメンタル=データ不足、RSI 47.3、出来高 0.59倍、BB +0.03σ,方式別実績はサンプル蓄積中。市場=強いリスクオフ、ニュース重大度と300万円の損失・投入・現金・保有数制約を適用,強いリスクオフのため新規主力買い停止,0.0,0.0,8.0,118,118,信用需給は判定不能,信用データがデータなし、または売残0で信用倍率を算出不能,データ不足,False,公式取得元または参照先なし,データなし,データなし,データなし,データなし,データなし,データなし,データなし,データなし,データなし,評価不能,評価不能,,評価不能,,データなし,データなし,データなし,データなし,データ不足,公式取得元または参照先なし,,,データなし,データなし,データなし,,,,,,,,,,,,,,,,
9519,レノバ,見送り,見送り,見送り,901.6,921.31,962.0,965.94,994.92,873.54,1150.75,0,0.0,0.0,2.72,B,見送り,3.16,50.05,-0.04σ,0.58,False,データなし,8.0,3,-9.0,0,0.0,強いリスクオフ・通常の25%,出来高0.6倍未満のため主力不可。ファンダメンタル=データ不足、RSI 50.0、出来高 0.58倍、BB -0.04σ,方式別実績はサンプル蓄積中。市場=強いリスクオフ、ニュース重大度と300万円の損失・投入・現金・保有数制約を適用,強いリスクオフのため新規主力買い停止,0.0,0.0,8.0,118,118,信用需給は判定不能,信用データがデータなし、または売残0で信用倍率を算出不能,データ不足,False,公式取得元または参照先なし,データなし,データなし,データなし,データなし,データなし,データなし,データなし,データなし,データなし,評価不能,評価不能,,評価不能,,データなし,データなし,データなし,データなし,データ不足,公式取得元または参照先なし,,,データなし,データなし,データなし,,,,,,,,,,,,,,,,
6965,浜松ホトニクス,見送り,見送り,見送り,2227.59,2287.87,2615.5,2627.56,2706.38,2130.8,3621.07,0,0.0,0.0,2.1,B,見送り,3.14,58.56,+1.79σ,0.57,False,データなし,8.0,3,-9.0,0,0.0,強いリスクオフ・通常の25%,出来高0.6倍未満のため主力不可。ファンダメンタル=データ不足、RSI 58.6、出来高 0.57倍、BB +1.79σ,方式別実績はサンプル蓄積中。市場=強いリスクオフ、ニュース重大度と300万円の損失・投入・現金・保有数制約を適用,強いリスクオフのため新規主力買い停止,0.0,0.0,8.0,118,118,信用需給は判定不能,信用データがデータなし、または売残0で信用倍率を算出不能,データ不足,False,公式取得元または参照先なし,データなし,データなし,データなし,データなし,データなし,データなし,データなし,データなし,データなし,評価不能,評価不能,,評価不能,,データなし,データなし,データなし,データなし,データ不足,公式取得元または参照先なし,,,データなし,データなし,データなし,,,,,,,,,,,,,,,,
6356,日本ギア工業,見送り,見送り,見送り,1281.18,1316.18,1429.0,1436.0,1479.08,1244.91,1818.18,0,0.0,0.0,2.52,B,見送り,3.12,51.34,+1.03σ,0.56,False,データなし,8.0,3,-9.0,0,0.0,強いリスクオフ・通常の25%,出来高0.6倍未満のため主力不可。ファンダメンタル=データ不足、RSI 51.3、出来高 0.56倍、BB +1.03σ,方式別実績はサンプル蓄積中。市場=強いリスクオフ、ニュース重大度と300万円の損失・投入・現金・保有数制約を適用,強いリスクオフのため新規主力買い停止,0.0,0.0,8.0,118,118,信用需給は判定不能,信用データがデータなし、または売残0で信用倍率を算出不能,データ不足,False,公式取得元または参照先なし,データなし,データなし,データなし,データなし,データなし,データなし,データなし,データなし,データなし,評価不能,評価不能,,評価不能,,データなし,データなし,データなし,データなし,データ不足,公式取得元または参照先なし,,,データなし,データなし,データなし,,,,,,,,,,,,,,,,
5344,ＭＡＲＵＷＡ,見送り,見送り,見送り,53149.22,55097.16,64290.0,64679.59,66627.52,51054.88,91929.0,0,0.0,0.0,2.74,B,見送り,3.1,54.22,+1.56σ,0.55,False,データなし,8.0,3,-9.0,0,0.0,強いリスクオフ・通常の25%,出来高0.6倍未満のため主力不可。ファンダメンタル=データ不足、RSI 54.2、出来高 0.55倍、BB +1.56σ,方式別実績はサンプル蓄積中。市場=強いリスクオフ、ニュース重大度と300万円の損失・投入・現金・保有数制約を適用,強いリスクオフのため新規主力買い停止,0.0,0.0,8.0,118,118,信用需給は判定不能,信用データがデータなし、または売残0で信用倍率を算出不能,データ不足,False,公式取得元または参照先なし,データなし,データなし,データなし,データなし,データなし,データなし,データなし,データなし,データなし,評価不能,評価不能,,評価不能,,データなし,データなし,データなし,データなし,データ不足,公式取得元または参照先なし,,,データなし,データなし,データなし,,,,,,,,,,,,,,,,
6962,大真空,見送り,見送り,見送り,716.72,739.44,843.0,847.54,872.97,691.47,1159.69,0,0.0,0.0,2.79,B,見送り,3.1,52.5,+1.37σ,0.55,False,データなし,8.0,3,-9.0,0,0.0,強いリスクオフ・通常の25%,出来高0.6倍未満のため主力不可。ファンダメンタル=データ不足、RSI 52.5、出来高 0.55倍、BB +1.37σ,方式別実績はサンプル蓄積中。市場=強いリスクオフ、ニュース重大度と300万円の損失・投入・現金・保有数制約を適用,強いリスクオフのため新規主力買い停止,0.0,0.0,8.0,118,118,信用需給は判定不能,信用データがデータなし、または売残0で信用倍率を算出不能,データ不足,False,公式取得元または参照先なし,データなし,データなし,データなし,データなし,データなし,データなし,データなし,データなし,データなし,評価不能,評価不能,,評価不能,,データなし,データなし,データなし,データなし,データ不足,公式取得元または参照先なし,,,データなし,データなし,データなし,,,,,,,,,,,,,,,,
7717,ブイ・テクノロジー,見送り,見送り,見送り,5265.18,5494.61,6130.0,6175.89,6405.32,4922.03,8683.6,0,0.0,0.0,2.25,B,見送り,3.08,49.43,+0.53σ,0.54,False,データなし,8.0,3,-9.0,0,0.0,強いリスクオフ・通常の25%,出来高0.6倍未満のため主力不可。ファンダメンタル=データ不足、RSI 49.4、出来高 0.54倍、BB +0.53σ,方式別実績はサンプル蓄積中。市場=強いリスクオフ、ニュース重大度と300万円の損失・投入・現金・保有数制約を適用,強いリスクオフのため新規主力買い停止,0.0,0.0,8.0,118,118,信用需給は判定不能,信用データがデータなし、または売残0で信用倍率を算出不能,データ不足,False,公式取得元または参照先なし,データなし,データなし,データなし,データなし,データなし,データなし,データなし,データなし,データなし,評価不能,評価不能,,評価不能,,データなし,データなし,データなし,データなし,データ不足,公式取得元または参照先なし,,,データなし,データなし,データなし,,,,,,,,,,,,,,,,
6920,レーザーテック,見送り,見送り,見送り,36410.86,38068.72,41680.0,42011.57,43669.44,33863.08,58308.56,0,0.0,0.0,3.53,B,見送り,3.06,45.82,-0.40σ,0.53,False,データなし,8.0,3,-9.0,0,0.0,強いリスクオフ・通常の25%,出来高0.6倍未満のため主力不可。ファンダメンタル=データ不足、RSI 45.8、出来高 0.53倍、BB -0.40σ,方式別実績はサンプル蓄積中。市場=強いリスクオフ、ニュース重大度と300万円の損失・投入・現金・保有数制約を適用,強いリスクオフのため新規主力買い停止,0.0,0.0,8.0,118,118,信用需給は判定不能,信用データがデータなし、または売残0で信用倍率を算出不能,データ不足,False,公式取得元または参照先なし,データなし,データなし,データなし,データなし,データなし,データなし,データなし,データなし,データなし,評価不能,評価不能,,評価不能,,データなし,データなし,データなし,データなし,データ不足,公式取得元または参照先なし,,,データなし,データなし,データなし,,,,,,,,,,,,,,,,
5105,ＴＯＹＯ　ＴＩＲＥ,見送り,見送り,見送り,3767.69,3804.0,3838.0,3852.52,3968.1,3634.66,4288.24,0,0.0,0.0,2.86,B,見送り,3.04,42.97,-1.14σ,1.02,False,データなし,7.0,3,-9.0,0,0.0,強いリスクオフ・通常の25%,反転条件の完成待ち。ファンダメンタル=データ不足、RSI 43.0、出来高 1.02倍、BB -1.14σ,方式別実績はサンプル蓄積中。市場=強いリスクオフ、ニュース重大度と300万円の損失・投入・現金・保有数制約を適用,強いリスクオフのため新規主力買い停止,0.0,0.0,7.0,177,177,信用需給は判定不能,信用データがデータなし、または売残0で信用倍率を算出不能,データ不足,False,公式取得元または参照先なし,データなし,データなし,データなし,データなし,データなし,データなし,データなし,データなし,データなし,評価不能,評価不能,,評価不能,,データなし,データなし,データなし,データなし,データ不足,公式取得元または参照先なし,,,データなし,データなし,データなし,,,,,,,,,,,,,,,,
6762,ＴＤＫ,見送り,見送り,見送り,2884.38,2963.34,3300.0,3315.79,3415.27,2801.07,4345.24,0,0.0,0.0,2.49,B,見送り,3.04,53.68,+1.61σ,0.52,False,データなし,8.0,3,-9.0,0,0.0,強いリスクオフ・通常の25%,出来高0.6倍未満のため主力不可。ファンダメンタル=データ不足、RSI 53.7、出来高 0.52倍、BB +1.61σ,方式別実績はサンプル蓄積中。市場=強いリスクオフ、ニュース重大度と300万円の損失・投入・現金・保有数制約を適用,強いリスクオフのため新規主力買い停止,0.0,0.0,8.0,118,118,信用需給は判定不能,信用データがデータなし、または売残0で信用倍率を算出不能,データ不足,False,公式取得元または参照先なし,データなし,データなし,データなし,データなし,データなし,データなし,データなし,データなし,データなし,評価不能,評価不能,,評価不能,,データなし,データなし,データなし,データなし,データ不足,公式取得元または参照先なし,,,データなし,データなし,データなし,,,,,,,,,,,,,,,,
4418,ＪＤＳＣ,見送り,見送り,見送り,752.31,778.61,1002.0,1007.26,1037.48,716.81,1588.16,0,0.0,0.0,2.53,C,見送り,3.0,70.91,+3.08σ,5.75,False,データなし,6.0,0,-9.0,0,0.0,強いリスクオフ・通常の25%,急騰済みを最優先して除外。ファンダメンタル=データ不足、RSI 70.9、出来高 5.75倍、BB +3.08σ,方式別実績はサンプル蓄積中。市場=強いリスクオフ、ニュース重大度と300万円の損失・投入・現金・保有数制約を適用,強いリスクオフのため新規主力買い停止,0.0,0.0,6.0,198,198,信用需給は判定不能,信用データがデータなし、または売残0で信用倍率を算出不能,データ不足,False,公式取得元または参照先なし,データなし,データなし,データなし,データなし,データなし,データなし,データなし,データなし,データなし,評価不能,評価不能,,評価不能,,データなし,データなし,データなし,データなし,データ不足,公式取得元または参照先なし,,,データなし,データなし,データなし,,,,,,,,,,,,,,,,
5027,ＡｎｙＭｉｎｄ　Ｇｒｏｕｐ,見送り,見送り,見送り,518.87,536.04,723.0,726.43,748.23,485.39,1208.52,0,0.0,0.0,2.04,C,見送り,3.0,77.43,+3.65σ,8.88,False,データなし,6.0,0,-9.0,0,0.0,強いリスクオフ・通常の25%,急騰済みを最優先して除外。ファンダメンタル=データ不足、RSI 77.4、出来高 8.88倍、BB +3.65σ,方式別実績はサンプル蓄積中。市場=強いリスクオフ、ニュース重大度と300万円の損失・投入・現金・保有数制約を適用,強いリスクオフのため新規主力買い停止,0.0,0.0,6.0,198,198,信用需給は判定不能,信用データがデータなし、または売残0で信用倍率を算出不能,データ不足,False,公式取得元または参照先なし,データなし,データなし,データなし,データなし,データなし,データなし,データなし,データなし,データなし,評価不能,評価不能,,評価不能,,データなし,データなし,データなし,データなし,データ不足,公式取得元または参照先なし,,,データなし,データなし,データなし,,,,,,,,,,,,,,,,
6217,津田駒工業,見送り,見送り,見送り,670.63,707.75,956.0,963.42,1000.54,624.58,1641.11,0,0.0,0.0,2.35,C,見送り,3.0,60.53,+2.70σ,4.71,False,データなし,6.0,0,-9.0,0,0.0,強いリスクオフ・通常の25%,急騰済みを最優先して除外。ファンダメンタル=データ不足、RSI 60.5、出来高 4.71倍、BB +2.70σ,方式別実績はサンプル蓄積中。市場=強いリスクオフ、ニュース重大度と300万円の損失・投入・現金・保有数制約を適用,強いリスクオフのため新規主力買い停止,0.0,0.0,6.0,198,198,信用需給は判定不能,信用データがデータなし、または売残0で信用倍率を算出不能,データ不足,False,公式取得元または参照先なし,データなし,データなし,データなし,データなし,データなし,データなし,データなし,データなし,データなし,評価不能,評価不能,,評価不能,,データなし,データなし,データなし,データなし,データ不足,公式取得元または参照先なし,,,データなし,データなし,データなし,,,,,,,,,,,,,,,,
6779,日本電波工業,見送り,見送り,見送り,2462.82,2608.12,3360.0,3389.06,3534.35,2288.08,5591.02,0,0.0,0.0,2.68,C,見送り,3.0,55.03,+1.63σ,0.5,False,データなし,8.0,3,-9.0,0,0.0,強いリスクオフ・通常の25%,急騰済みを最優先して除外。ファンダメンタル=データ不足、RSI 55.0、出来高 0.50倍、BB +1.63σ,方式別実績はサンプル蓄積中。市場=強いリスクオフ、ニュース重大度と300万円の損失・投入・現金・保有数制約を適用,強いリスクオフのため新規主力買い停止,0.0,0.0,8.0,118,118,信用需給は判定不能,信用データがデータなし、または売残0で信用倍率を算出不能,データ不足,False,公式取得元または参照先なし,データなし,データなし,データなし,データなし,データなし,データなし,データなし,データなし,データなし,評価不能,評価不能,,評価不能,,データなし,データなし,データなし,データなし,データ不足,公式取得元または参照先なし,,,データなし,データなし,データなし,,,,,,,,,,,,,,,,
4063,信越化学工業,見送り,見送り,見送り,5804.3,5918.26,6508.0,6530.79,6726.72,5398.46,8795.46,0,0.0,0.0,2.44,B,見送り,2.98,46.87,+0.13σ,0.49,False,データなし,8.0,3,-9.0,0,0.0,強いリスクオフ・通常の25%,出来高0.6倍未満のため主力不可。ファンダメンタル=データ不足、RSI 46.9、出来高 0.49倍、BB +0.13σ,方式別実績はサンプル蓄積中。市場=強いリスクオフ、ニュース重大度と300万円の損失・投入・現金・保有数制約を適用,強いリスクオフのため新規主力買い停止,0.0,0.0,8.0,118,118,信用需給は判定不能,信用データがデータなし、または売残0で信用倍率を算出不能,データ不足,False,公式取得元または参照先なし,データなし,データなし,データなし,データなし,データなし,データなし,データなし,データなし,データなし,評価不能,評価不能,,評価不能,,データなし,データなし,データなし,データなし,データ不足,公式取得元または参照先なし,,,データなし,データなし,データなし,,,,,,,,,,,,,,,,
4023,クレハ,見送り,見送り,見送り,4205.54,4253.56,4550.0,4559.6,4696.39,4113.6,5451.61,0,0.0,0.0,2.33,B,見送り,2.96,67.4,+1.46σ,0.48,False,データなし,8.0,3,-9.0,0,0.0,強いリスクオフ・通常の25%,出来高0.6倍未満のため主力不可。ファンダメンタル=データ不足、RSI 67.4、出来高 0.48倍、BB +1.46σ,方式別実績はサンプル蓄積中。市場=強いリスクオフ、ニュース重大度と300万円の損失・投入・現金・保有数制約を適用,強いリスクオフのため新規主力買い停止,0.0,0.0,8.0,118,118,信用需給は判定不能,信用データがデータなし、または売残0で信用倍率を算出不能,データ不足,False,公式取得元または参照先なし,データなし,データなし,データなし,データなし,データなし,データなし,データなし,データなし,データなし,評価不能,評価不能,,評価不能,,データなし,データなし,データなし,データなし,データ不足,公式取得元または参照先なし,,,データなし,データなし,データなし,,,,,,,,,,,,,,,,
6339,新東工業,見送り,見送り,見送り,1128.57,1144.81,1270.0,1273.25,1311.45,1091.73,1636.29,0,0.0,0.0,2.05,B,見送り,2.96,63.95,+1.97σ,0.98,False,データなし,7.0,3,-9.0,0,0.0,強いリスクオフ・通常の25%,反転条件の完成待ち。ファンダメンタル=データ不足、RSI 64.0、出来高 0.98倍、BB +1.97σ,方式別実績はサンプル蓄積中。市場=強いリスクオフ、ニュース重大度と300万円の損失・投入・現金・保有数制約を適用,強いリスクオフのため新規主力買い停止,0.0,0.0,7.0,177,177,信用需給は判定不能,信用データがデータなし、または売残0で信用倍率を算出不能,データ不足,False,公式取得元または参照先なし,データなし,データなし,データなし,データなし,データなし,データなし,データなし,データなし,データなし,評価不能,評価不能,,評価不能,,データなし,データなし,データなし,データなし,データ不足,公式取得元または参照先なし,,,データなし,データなし,データなし,,,,,,,,,,,,,,,,
3891,ニッポン高度紙工業,見送り,見送り,見送り,6187.01,6489.41,7570.0,7630.48,7932.89,5803.42,11284.61,0,0.0,0.0,2.25,B,見送り,2.9,52.58,+1.15σ,0.45,False,データなし,8.0,3,-9.0,0,0.0,強いリスクオフ・通常の25%,出来高0.6倍未満のため主力不可。ファンダメンタル=データ不足、RSI 52.6、出来高 0.45倍、BB +1.15σ,方式別実績はサンプル蓄積中。市場=強いリスクオフ、ニュース重大度と300万円の損失・投入・現金・保有数制約を適用,強いリスクオフのため新規主力買い停止,0.0,0.0,8.0,118,118,信用需給は判定不能,信用データがデータなし、または売残0で信用倍率を算出不能,データ不足,False,公式取得元または参照先なし,データなし,データなし,データなし,データなし,データなし,データなし,データなし,データなし,データなし,評価不能,評価不能,,評価不能,,データなし,データなし,データなし,データなし,データ不足,公式取得元または参照先なし,,,データなし,データなし,データなし,,,,,,,,,,,,,,,,
6363,酉島製作所,見送り,見送り,見送り,2706.74,2777.6,3320.0,3334.17,3434.2,2531.55,4939.41,0,0.0,0.0,2.15,C,見送り,2.9,67.3,+1.62σ,0.95,False,データなし,7.0,3,-9.0,0,0.0,強いリスクオフ・通常の25%,急騰済みを最優先して除外。ファンダメンタル=データ不足、RSI 67.3、出来高 0.95倍、BB +1.62σ,方式別実績はサンプル蓄積中。市場=強いリスクオフ、ニュース重大度と300万円の損失・投入・現金・保有数制約を適用,強いリスクオフのため新規主力買い停止,0.0,0.0,7.0,177,177,信用需給は判定不能,信用データがデータなし、または売残0で信用倍率を算出不能,データ不足,False,公式取得元または参照先なし,データなし,データなし,データなし,データなし,データなし,データなし,データなし,データなし,データなし,評価不能,評価不能,,評価不能,,データなし,データなし,データなし,データなし,データ不足,公式取得元または参照先なし,,,データなし,データなし,データなし,,,,,,,,,,,,,,,,
6941,山一電機,見送り,見送り,見送り,7858.38,8240.42,9120.0,9196.41,9578.45,7410.79,12767.65,0,0.0,0.0,2.29,B,見送り,2.9,51.98,+0.55σ,0.95,False,データなし,7.0,3,-9.0,0,0.0,強いリスクオフ・通常の25%,反転条件の完成待ち。ファンダメンタル=データ不足、RSI 52.0、出来高 0.95倍、BB +0.55σ,方式別実績はサンプル蓄積中。市場=強いリスクオフ、ニュース重大度と300万円の損失・投入・現金・保有数制約を適用,強いリスクオフのため新規主力買い停止,0.0,0.0,7.0,177,177,信用需給は判定不能,信用データがデータなし、または売残0で信用倍率を算出不能,データ不足,False,公式取得元または参照先なし,データなし,データなし,データなし,データなし,データなし,データなし,データなし,データなし,データなし,評価不能,評価不能,,評価不能,,データなし,データなし,データなし,データなし,データ不足,公式取得元または参照先なし,,,データなし,データなし,データなし,,,,,,,,,,,,,,,,
4970,東洋合成工業,見送り,見送り,見送り,11965.34,12499.68,13060.0,13166.87,13701.22,10939.52,17621.57,0,0.0,0.0,2.26,B,見送り,2.84,45.05,-0.41σ,0.92,False,データなし,7.0,3,-9.0,0,0.0,強いリスクオフ・通常の25%,反転条件の完成待ち。ファンダメンタル=データ不足、RSI 45.0、出来高 0.92倍、BB -0.41σ,方式別実績はサンプル蓄積中。市場=強いリスクオフ、ニュース重大度と300万円の損失・投入・現金・保有数制約を適用,強いリスクオフのため新規主力買い停止,0.0,0.0,7.0,177,177,信用需給は判定不能,信用データがデータなし、または売残0で信用倍率を算出不能,データ不足,False,公式取得元または参照先なし,データなし,データなし,データなし,データなし,データなし,データなし,データなし,データなし,データなし,評価不能,評価不能,,評価不能,,データなし,データなし,データなし,データなし,データ不足,公式取得元または参照先なし,,,データなし,データなし,データなし,,,,,,,,,,,,,,,,
8154,加賀電子,見送り,見送り,見送り,4266.63,4354.09,5210.0,5227.49,5384.32,3954.97,7772.53,0,0.0,0.0,2.14,C,見送り,2.84,71.05,+1.42σ,0.92,False,データなし,7.0,3,-9.0,0,0.0,強いリスクオフ・通常の25%,急騰済みを最優先して除外。ファンダメンタル=データ不足、RSI 71.0、出来高 0.92倍、BB +1.42σ,方式別実績はサンプル蓄積中。市場=強いリスクオフ、ニュース重大度と300万円の損失・投入・現金・保有数制約を適用,強いリスクオフのため新規主力買い停止,0.0,0.0,7.0,177,177,信用需給は判定不能,信用データがデータなし、または売残0で信用倍率を算出不能,データ不足,False,公式取得元または参照先なし,データなし,データなし,データなし,データなし,データなし,データなし,データなし,データなし,データなし,評価不能,評価不能,,評価不能,,データなし,データなし,データなし,データなし,データ不足,公式取得元または参照先なし,,,データなし,データなし,データなし,,,,,,,,,,,,,,,,
1417,ミライト・ワン,見送り,見送り,見送り,3443.75,3482.71,3565.0,3572.79,3679.98,3381.37,3955.64,0,0.0,0.0,2.37,B,見送り,2.82,46.43,+0.08σ,0.91,False,データなし,7.0,3,-9.0,0,0.0,強いリスクオフ・通常の25%,反転条件の完成待ち。ファンダメンタル=データ不足、RSI 46.4、出来高 0.91倍、BB +0.08σ,方式別実績はサンプル蓄積中。市場=強いリスクオフ、ニュース重大度と300万円の損失・投入・現金・保有数制約を適用,強いリスクオフのため新規主力買い停止,0.0,0.0,7.0,177,177,信用需給は判定不能,信用データがデータなし、または売残0で信用倍率を算出不能,データ不足,False,公式取得元または参照先なし,データなし,データなし,データなし,データなし,データなし,データなし,データなし,データなし,データなし,評価不能,評価不能,,評価不能,,データなし,データなし,データなし,データなし,データ不足,公式取得元または参照先なし,,,データなし,データなし,データなし,,,,,,,,,,,,,,,,
3186,ネクステージ,見送り,見送り,見送り,3338.65,3406.74,3655.0,3668.62,3778.68,3282.65,4440.55,0,0.0,0.0,2.38,B,見送り,2.82,55.48,+1.80σ,0.41,False,データなし,8.0,3,-9.0,0,0.0,強いリスクオフ・通常の25%,出来高0.6倍未満のため主力不可。ファンダメンタル=データ不足、RSI 55.5、出来高 0.41倍、BB +1.80σ,方式別実績はサンプル蓄積中。市場=強いリスクオフ、ニュース重大度と300万円の損失・投入・現金・保有数制約を適用,強いリスクオフのため新規主力買い停止,0.0,0.0,8.0,118,118,信用需給は判定不能,信用データがデータなし、または売残0で信用倍率を算出不能,データ不足,False,公式取得元または参照先なし,データなし,データなし,データなし,データなし,データなし,データなし,データなし,データなし,データなし,評価不能,評価不能,,評価不能,,データなし,データなし,データなし,データなし,データ不足,公式取得元または参照先なし,,,データなし,データなし,データなし,,,,,,,,,,,,,,,,
6966,三井ハイテック,見送り,見送り,見送り,873.37,896.69,984.0,988.66,1018.32,847.2,1271.59,0,0.0,0.0,2.27,B,見送り,2.8,55.27,+1.43σ,0.4,False,データなし,8.0,3,-9.0,0,0.0,強いリスクオフ・通常の25%,出来高0.6倍未満のため主力不可。ファンダメンタル=データ不足、RSI 55.3、出来高 0.40倍、BB +1.43σ,方式別実績はサンプル蓄積中。市場=強いリスクオフ、ニュース重大度と300万円の損失・投入・現金・保有数制約を適用,強いリスクオフのため新規主力買い停止,0.0,0.0,8.0,118,118,信用需給は判定不能,信用データがデータなし、または売残0で信用倍率を算出不能,データ不足,False,公式取得元または参照先なし,データなし,データなし,データなし,データなし,データなし,データなし,データなし,データなし,データなし,評価不能,評価不能,,評価不能,,データなし,データなし,データなし,データなし,データ不足,公式取得元または参照先なし,,,データなし,データなし,データなし,,,,,,,,,,,,,,,,
1893,五洋建設,見送り,見送り,見送り,1432.35,1460.83,1492.0,1497.7,1542.63,1384.74,1723.61,0,0.0,0.0,3.25,B,見送り,2.78,41.92,-0.71σ,0.89,False,データなし,10.0,0,-9.0,0,0.0,強いリスクオフ・通常の25%,反転条件の完成待ち。ファンダメンタル=データ不足、RSI 41.9、出来高 0.89倍、BB -0.71σ,方式別実績はサンプル蓄積中。市場=強いリスクオフ、ニュース重大度と300万円の損失・投入・現金・保有数制約を適用,強いリスクオフのため新規主力買い停止,0.0,0.0,10.0,49,49,信用需給は判定不能,信用データがデータなし、または売残0で信用倍率を算出不能,データ不足,False,公式取得元または参照先なし,データなし,データなし,データなし,データなし,データなし,データなし,データなし,データなし,データなし,評価不能,評価不能,,評価不能,,データなし,データなし,データなし,データなし,データ不足,公式取得元または参照先なし,,,データなし,データなし,データなし,,,,,,,,,,,,,,,,
5805,ＳＷＣＣ,見送り,見送り,見送り,10506.91,10917.86,14840.0,14922.19,15369.86,9385.78,25995.01,0,0.0,0.0,2.14,C,見送り,2.78,67.9,+1.99σ,0.89,False,データなし,7.0,3,-9.0,0,0.0,強いリスクオフ・通常の25%,急騰済みを最優先して除外。ファンダメンタル=データ不足、RSI 67.9、出来高 0.89倍、BB +1.99σ,方式別実績はサンプル蓄積中。市場=強いリスクオフ、ニュース重大度と300万円の損失・投入・現金・保有数制約を適用,強いリスクオフのため新規主力買い停止,0.0,0.0,7.0,177,177,信用需給は判定不能,信用データがデータなし、または売残0で信用倍率を算出不能,データ不足,False,公式取得元または参照先なし,データなし,データなし,データなし,データなし,データなし,データなし,データなし,データなし,データなし,評価不能,評価不能,,評価不能,,データなし,データなし,データなし,データなし,データ不足,公式取得元または参照先なし,,,データなし,データなし,データなし,,,,,,,,,,,,,,,,
8338,筑波銀行,見送り,見送り,見送り,613.8,631.36,783.0,786.51,810.11,578.87,1201.8,0,0.0,0.0,2.28,C,見送り,2.74,67.72,+2.35σ,0.87,False,データなし,7.0,3,-9.0,0,0.0,強いリスクオフ・通常の25%,急騰済みを最優先して除外。ファンダメンタル=データ不足、RSI 67.7、出来高 0.87倍、BB +2.35σ,方式別実績はサンプル蓄積中。市場=強いリスクオフ、ニュース重大度と300万円の損失・投入・現金・保有数制約を適用,強いリスクオフのため新規主力買い停止,0.0,0.0,7.0,177,177,信用需給は判定不能,信用データがデータなし、または売残0で信用倍率を算出不能,データ不足,False,公式取得元または参照先なし,データなし,データなし,データなし,データなし,データなし,データなし,データなし,データなし,データなし,評価不能,評価不能,,評価不能,,データなし,データなし,データなし,データなし,データ不足,公式取得元または参照先なし,,,データなし,データなし,データなし,,,,,,,,,,,,,,,,
6768,タムラ製作所,見送り,見送り,見送り,774.24,796.96,831.0,835.54,860.61,736.7,1033.23,0,0.0,0.0,2.56,B,見送り,2.72,45.33,-0.30σ,0.36,False,データなし,8.0,3,-9.0,0,0.0,強いリスクオフ・通常の25%,出来高0.6倍未満のため主力不可。ファンダメンタル=データ不足、RSI 45.3、出来高 0.36倍、BB -0.30σ,方式別実績はサンプル蓄積中。市場=強いリスクオフ、ニュース重大度と300万円の損失・投入・現金・保有数制約を適用,強いリスクオフのため新規主力買い停止,0.0,0.0,8.0,118,118,信用需給は判定不能,信用データがデータなし、または売残0で信用倍率を算出不能,データ不足,False,公式取得元または参照先なし,データなし,データなし,データなし,データなし,データなし,データなし,データなし,データなし,データなし,評価不能,評価不能,,評価不能,,データなし,データなし,データなし,データなし,データ不足,公式取得元または参照先なし,,,データなし,データなし,データなし,,,,,,,,,,,,,,,,
6506,安川電機,見送り,見送り,見送り,4810.62,4957.72,5639.0,5668.42,5838.47,4612.05,7781.16,0,0.0,0.0,2.69,B,見送り,2.7,48.69,+1.16σ,0.35,False,データなし,8.0,3,-9.0,0,0.0,強いリスクオフ・通常の25%,出来高0.6倍未満のため主力不可。ファンダメンタル=データ不足、RSI 48.7、出来高 0.35倍、BB +1.16σ,方式別実績はサンプル蓄積中。市場=強いリスクオフ、ニュース重大度と300万円の損失・投入・現金・保有数制約を適用,強いリスクオフのため新規主力買い停止,0.0,0.0,8.0,118,118,信用需給は判定不能,信用データがデータなし、または売残0で信用倍率を算出不能,データ不足,False,公式取得元または参照先なし,データなし,データなし,データなし,データなし,データなし,データなし,データなし,データなし,データなし,評価不能,評価不能,,評価不能,,データなし,データなし,データなし,データなし,データ不足,公式取得元または参照先なし,,,データなし,データなし,データなし,,,,,,,,,,,,,,,,
5332,ＴＯＴＯ,見送り,見送り,見送り,6360.66,6505.96,6740.0,6769.06,6972.13,5986.83,8333.52,0,0.0,0.0,2.49,B,見送り,2.68,40.5,-0.49σ,0.84,False,データなし,7.0,3,-9.0,0,0.0,強いリスクオフ・通常の25%,反転条件の完成待ち。ファンダメンタル=データ不足、RSI 40.5、出来高 0.84倍、BB -0.49σ,方式別実績はサンプル蓄積中。市場=強いリスクオフ、ニュース重大度と300万円の損失・投入・現金・保有数制約を適用,強いリスクオフのため新規主力買い停止,0.0,0.0,7.0,177,177,信用需給は判定不能,信用データがデータなし、または売残0で信用倍率を算出不能,データ不足,False,公式取得元または参照先なし,データなし,データなし,データなし,データなし,データなし,データなし,データなし,データなし,データなし,評価不能,評価不能,,評価不能,,データなし,データなし,データなし,データなし,データ不足,公式取得元または参照先なし,,,データなし,データなし,データなし,,,,,,,,,,,,,,,,
8386,百十四銀行,見送り,見送り,見送り,2742.56,2800.16,3195.0,3206.52,3302.72,2652.43,4314.7,0,0.0,0.0,2.52,B,見送り,2.66,67.61,+1.97σ,0.83,False,データなし,7.0,3,-9.0,0,0.0,強いリスクオフ・通常の25%,反転条件の完成待ち。ファンダメンタル=データ不足、RSI 67.6、出来高 0.83倍、BB +1.97σ,方式別実績はサンプル蓄積中。市場=強いリスクオフ、ニュース重大度と300万円の損失・投入・現金・保有数制約を適用,強いリスクオフのため新規主力買い停止,0.0,0.0,7.0,177,177,信用需給は判定不能,信用データがデータなし、または売残0で信用倍率を算出不能,データ不足,False,公式取得元または参照先なし,データなし,データなし,データなし,データなし,データなし,データなし,データなし,データなし,データなし,評価不能,評価不能,,評価不能,,データなし,データなし,データなし,データなし,データ不足,公式取得元または参照先なし,,,データなし,データなし,データなし,,,,,,,,,,,,,,,,
7966,リンテック,見送り,見送り,見送り,5957.38,6107.98,6250.0,6280.12,6468.52,5726.37,7387.62,0,0.0,0.0,2.51,B,見送り,2.5,46.98,-0.45σ,0.25,False,データなし,8.0,3,-9.0,0,0.0,強いリスクオフ・通常の25%,出来高0.6倍未満のため主力不可。ファンダメンタル=データ不足、RSI 47.0、出来高 0.25倍、BB -0.45σ,方式別実績はサンプル蓄積中。市場=強いリスクオフ、ニュース重大度と300万円の損失・投入・現金・保有数制約を適用,強いリスクオフのため新規主力買い停止,0.0,0.0,8.0,118,118,信用需給は判定不能,信用データがデータなし、または売残0で信用倍率を算出不能,データ不足,False,公式取得元または参照先なし,データなし,データなし,データなし,データなし,データなし,データなし,データなし,データなし,データなし,評価不能,評価不能,,評価不能,,データなし,データなし,データなし,データなし,データ不足,公式取得元または参照先なし,,,データなし,データなし,データなし,,,,,,,,,,,,,,,,
6855,日本電子材料,見送り,見送り,見送り,5596.54,5888.28,7700.0,7758.35,8050.09,5112.31,13050.42,0,0.0,0.0,2.2,C,見送り,2.44,59.64,+1.93σ,1.22,False,データなし,6.0,3,-9.0,0,0.0,強いリスクオフ・通常の25%,急騰済みを最優先して除外。ファンダメンタル=データ不足、RSI 59.6、出来高 1.22倍、BB +1.93σ,方式別実績はサンプル蓄積中。市場=強いリスクオフ、ニュース重大度と300万円の損失・投入・現金・保有数制約を適用,強いリスクオフのため新規主力買い停止,0.0,0.0,6.0,198,198,信用需給は判定不能,信用データがデータなし、または売残0で信用倍率を算出不能,データ不足,False,公式取得元または参照先なし,データなし,データなし,データなし,データなし,データなし,データなし,データなし,データなし,データなし,評価不能,評価不能,,評価不能,,データなし,データなし,データなし,データなし,データ不足,公式取得元または参照先なし,,,データなし,データなし,データなし,,,,,,,,,,,,,,,,
8697,日本取引所グループ,見送り,見送り,見送り,2176.25,2210.03,2300.0,2306.76,2375.96,2148.55,2623.17,0,0.0,0.0,5.51,B,見送り,2.44,50.51,-0.36σ,0.72,False,データなし,10.0,0,-9.0,0,0.0,強いリスクオフ・通常の25%,反転条件の完成待ち。ファンダメンタル=データ不足、RSI 50.5、出来高 0.72倍、BB -0.36σ,方式別実績はサンプル蓄積中。市場=強いリスクオフ、ニュース重大度と300万円の損失・投入・現金・保有数制約を適用,強いリスクオフのため新規主力買い停止,0.0,0.0,10.0,49,49,信用需給は判定不能,信用データがデータなし、または売残0で信用倍率を算出不能,データ不足,False,公式取得元または参照先なし,データなし,データなし,データなし,データなし,データなし,データなし,データなし,データなし,データなし,評価不能,評価不能,,評価不能,,データなし,データなし,データなし,データなし,データ不足,公式取得元または参照先なし,,,データなし,データなし,データなし,,,,,,,,,,,,,,,,
5440,共英製鋼,見送り,見送り,見送り,1858.55,1879.61,2009.0,2013.21,2073.61,1821.92,2395.8,0,0.0,0.0,2.26,B,見送り,2.42,66.65,+1.73σ,1.21,False,データなし,6.0,3,-9.0,0,0.0,強いリスクオフ・通常の25%,反転条件の完成待ち。ファンダメンタル=データ不足、RSI 66.7、出来高 1.21倍、BB +1.73σ,方式別実績はサンプル蓄積中。市場=強いリスクオフ、ニュース重大度と300万円の損失・投入・現金・保有数制約を適用,強いリスクオフのため新規主力買い停止,0.0,0.0,6.0,198,198,信用需給は判定不能,信用データがデータなし、または売残0で信用倍率を算出不能,データ不足,False,公式取得元または参照先なし,データなし,データなし,データなし,データなし,データなし,データなし,データなし,データなし,データなし,評価不能,評価不能,,評価不能,,データなし,データなし,データなし,データなし,データ不足,公式取得元または参照先なし,,,データなし,データなし,データなし,,,,,,,,,,,,,,,,
7287,日本精機,見送り,見送り,見送り,2345.26,2391.78,2657.0,2666.3,2746.29,2251.88,3495.15,0,0.0,0.0,2.15,B,見送り,2.4,62.47,+1.38σ,0.7,False,データなし,7.0,3,-9.0,0,0.0,強いリスクオフ・通常の25%,反転条件の完成待ち。ファンダメンタル=データ不足、RSI 62.5、出来高 0.70倍、BB +1.38σ,方式別実績はサンプル蓄積中。市場=強いリスクオフ、ニュース重大度と300万円の損失・投入・現金・保有数制約を適用,強いリスクオフのため新規主力買い停止,0.0,0.0,7.0,177,177,信用需給は判定不能,信用データがデータなし、または売残0で信用倍率を算出不能,データ不足,False,公式取得元または参照先なし,データなし,データなし,データなし,データなし,データなし,データなし,データなし,データなし,データなし,評価不能,評価不能,,評価不能,,データなし,データなし,データなし,データなし,データ不足,公式取得元または参照先なし,,,データなし,データなし,データなし,,,,,,,,,,,,,,,,
5803,フジクラ,見送り,見送り,見送り,4016.76,4230.89,6078.0,6120.83,6334.96,3451.65,11459.18,0,0.0,0.0,2.05,C,見送り,2.38,64.29,+1.91σ,1.19,False,データなし,6.0,3,-9.0,0,0.0,強いリスクオフ・通常の25%,急騰済みを最優先して除外。ファンダメンタル=データ不足、RSI 64.3、出来高 1.19倍、BB +1.91σ,方式別実績はサンプル蓄積中。市場=強いリスクオフ、ニュース重大度と300万円の損失・投入・現金・保有数制約を適用,強いリスクオフのため新規主力買い停止,0.0,0.0,6.0,198,198,信用需給は判定不能,信用データがデータなし、または売残0で信用倍率を算出不能,データ不足,False,公式取得元または参照先なし,データなし,データなし,データなし,データなし,データなし,データなし,データなし,データなし,データなし,評価不能,評価不能,,評価不能,,データなし,データなし,データなし,データなし,データ不足,公式取得元または参照先なし,,,データなし,データなし,データなし,,,,,,,,,,,,,,,,
3911,Ａｉｍｉｎｇ,見送り,見送り,見送り,170.12,173.42,177.0,177.66,182.99,156.74,219.5,100,17700.0,2025.999999999999,2.1,B,見送り,2.32,42.58,-0.65σ,0.66,False,データなし,10.0,0,-9.0,0,0.0,強いリスクオフ・通常の25%,反転条件の完成待ち。ファンダメンタル=データ不足、RSI 42.6、出来高 0.66倍、BB -0.65σ,方式別実績はサンプル蓄積中。市場=強いリスクオフ、ニュース重大度と300万円の損失・投入・現金・保有数制約を適用,強いリスクオフのため新規主力買い停止,0.0,0.0,10.0,49,49,信用需給は判定不能,信用データがデータなし、または売残0で信用倍率を算出不能,データ不足,False,公式取得元または参照先なし,データなし,データなし,データなし,データなし,データなし,データなし,データなし,データなし,データなし,評価不能,評価不能,,評価不能,,データなし,データなし,データなし,データなし,データ不足,公式取得元または参照先なし,,,データなし,データなし,データなし,,,,,,,,,,,,,,,,
2158,ＦＲＯＮＴＥＯ,見送り,見送り,見送り,615.91,626.25,659.0,661.07,680.9,606.9,769.41,0,0.0,0.0,3.38,B,見送り,2.28,53.92,+0.62σ,2.64,False,データなし,6.0,0,-9.0,0,0.0,強いリスクオフ・通常の25%,反転条件の完成待ち。ファンダメンタル=データ不足、RSI 53.9、出来高 2.64倍、BB +0.62σ,方式別実績はサンプル蓄積中。市場=強いリスクオフ、ニュース重大度と300万円の損失・投入・現金・保有数制約を適用,強いリスクオフのため新規主力買い停止,0.0,0.0,6.0,198,198,信用需給は判定不能,信用データがデータなし、または売残0で信用倍率を算出不能,データ不足,False,公式取得元または参照先なし,データなし,データなし,データなし,データなし,データなし,データなし,データなし,データなし,データなし,評価不能,評価不能,,評価不能,,データなし,データなし,データなし,データなし,データ不足,公式取得元または参照先なし,,,データなし,データなし,データなし,,,,,,,,,,,,,,,,
4588,オンコリスバイオファーマ,見送り,見送り,見送り,2354.59,2469.37,3770.0,3792.95,3907.72,2099.1,7180.66,0,0.0,0.0,2.65,C,見送り,2.26,73.07,+2.45σ,1.63,False,データなし,5.0,3,-9.0,0,0.0,強いリスクオフ・通常の25%,急騰済みを最優先して除外。ファンダメンタル=データ不足、RSI 73.1、出来高 1.63倍、BB +2.45σ,方式別実績はサンプル蓄積中。市場=強いリスクオフ、ニュース重大度と300万円の損失・投入・現金・保有数制約を適用,強いリスクオフのため新規主力買い停止,0.0,0.0,5.0,300,300,信用需給は判定不能,信用データがデータなし、または売残0で信用倍率を算出不能,データ不足,False,公式取得元または参照先なし,データなし,データなし,データなし,データなし,データなし,データなし,データなし,データなし,データなし,評価不能,評価不能,,評価不能,,データなし,データなし,データなし,データなし,データ不足,公式取得元または参照先なし,,,データなし,データなし,データなし,,,,,,,,,,,,,,,,
7595,アルゴグラフィックス,見送り,見送り,見送り,1277.98,1291.92,1351.0,1353.79,1394.4,1252.4,1556.56,0,0.0,0.0,2.64,B,見送り,2.22,57.93,+0.57σ,1.11,False,データなし,6.0,3,-9.0,0,0.0,強いリスクオフ・通常の25%,反転条件の完成待ち。ファンダメンタル=データ不足、RSI 57.9、出来高 1.11倍、BB +0.57σ,方式別実績はサンプル蓄積中。市場=強いリスクオフ、ニュース重大度と300万円の損失・投入・現金・保有数制約を適用,強いリスクオフのため新規主力買い停止,0.0,0.0,6.0,198,198,信用需給は判定不能,信用データがデータなし、または売残0で信用倍率を算出不能,データ不足,False,公式取得元または参照先なし,データなし,データなし,データなし,データなし,データなし,データなし,データなし,データなし,データなし,評価不能,評価不能,,評価不能,,データなし,データなし,データなし,データなし,データ不足,公式取得元または参照先なし,,,データなし,データなし,データなし,,,,,,,,,,,,,,,,
6622,ダイヘン,見送り,見送り,見送り,12924.14,13382.54,14590.0,14681.68,15140.09,12311.69,19421.66,0,0.0,0.0,2.19,B,見送り,2.2,50.25,+0.65σ,0.6,False,データなし,7.0,3,-9.0,0,0.0,強いリスクオフ・通常の25%,反転条件の完成待ち。ファンダメンタル=データ不足、RSI 50.2、出来高 0.60倍、BB +0.65σ,方式別実績はサンプル蓄積中。市場=強いリスクオフ、ニュース重大度と300万円の損失・投入・現金・保有数制約を適用,強いリスクオフのため新規主力買い停止,0.0,0.0,7.0,177,177,信用需給は判定不能,信用データがデータなし、または売残0で信用倍率を算出不能,データ不足,False,公式取得元または参照先なし,データなし,データなし,データなし,データなし,データなし,データなし,データなし,データなし,データなし,評価不能,評価不能,,評価不能,,データなし,データなし,データなし,データなし,データ不足,公式取得元または参照先なし,,,データなし,データなし,データなし,,,,,,,,,,,,,,,,
3110,日東紡績,見送り,見送り,見送り,2716.59,2864.65,3500.0,3529.61,3677.68,2542.28,5504.28,0,0.0,0.0,2.3,C,見送り,2.16,54.32,+1.61σ,1.08,False,データなし,6.0,3,-9.0,0,0.0,強いリスクオフ・通常の25%,急騰済みを最優先して除外。ファンダメンタル=データ不足、RSI 54.3、出来高 1.08倍、BB +1.61σ,方式別実績はサンプル蓄積中。市場=強いリスクオフ、ニュース重大度と300万円の損失・投入・現金・保有数制約を適用,強いリスクオフのため新規主力買い停止,0.0,0.0,6.0,198,198,信用需給は判定不能,信用データがデータなし、または売残0で信用倍率を算出不能,データ不足,False,公式取得元または参照先なし,データなし,データなし,データなし,データなし,データなし,データなし,データなし,データなし,データなし,評価不能,評価不能,,評価不能,,データなし,データなし,データなし,データなし,データ不足,公式取得元または参照先なし,,,データなし,データなし,データなし,,,,,,,,,,,,,,,,
4203,住友ベークライト,見送り,見送り,見送り,6473.13,6650.51,7975.0,8010.48,8250.79,5960.1,12111.23,0,0.0,0.0,2.2,B,見送り,2.12,61.22,+1.19σ,0.56,False,データなし,7.0,3,-9.0,0,0.0,強いリスクオフ・通常の25%,出来高0.6倍未満のため主力不可。ファンダメンタル=データ不足、RSI 61.2、出来高 0.56倍、BB +1.19σ,方式別実績はサンプル蓄積中。市場=強いリスクオフ、ニュース重大度と300万円の損失・投入・現金・保有数制約を適用,強いリスクオフのため新規主力買い停止,0.0,0.0,7.0,177,177,信用需給は判定不能,信用データがデータなし、または売残0で信用倍率を算出不能,データ不足,False,公式取得元または参照先なし,データなし,データなし,データなし,データなし,データなし,データなし,データなし,データなし,データなし,評価不能,評価不能,,評価不能,,データなし,データなし,データなし,データなし,データ不足,公式取得元または参照先なし,,,データなし,データなし,データなし,,,,,,,,,,,,,,,,
6474,不二越,見送り,見送り,見送り,5345.9,5478.64,5900.0,5926.55,6104.35,5185.03,7409.59,0,0.0,0.0,2.11,B,見送り,2.1,53.91,+1.15σ,0.55,False,データなし,7.0,3,-9.0,0,0.0,強いリスクオフ・通常の25%,出来高0.6倍未満のため主力不可。ファンダメンタル=データ不足、RSI 53.9、出来高 0.55倍、BB +1.15σ,方式別実績はサンプル蓄積中。市場=強いリスクオフ、ニュース重大度と300万円の損失・投入・現金・保有数制約を適用,強いリスクオフのため新規主力買い停止,0.0,0.0,7.0,177,177,信用需給は判定不能,信用データがデータなし、または売残0で信用倍率を算出不能,データ不足,False,公式取得元または参照先なし,データなし,データなし,データなし,データなし,データなし,データなし,データなし,データなし,データなし,評価不能,評価不能,,評価不能,,データなし,データなし,データなし,データなし,データ不足,公式取得元または参照先なし,,,データなし,データなし,データなし,,,,,,,,,,,,,,,,
6590,芝浦メカトロニクス,見送り,見送り,見送り,4174.36,4384.34,4760.0,4802.0,5011.98,3856.94,6692.11,0,0.0,0.0,2.92,B,見送り,2.1,46.92,-0.29σ,0.55,False,データなし,7.0,3,-9.0,0,0.0,強いリスクオフ・通常の25%,出来高0.6倍未満のため主力不可。ファンダメンタル=データ不足、RSI 46.9、出来高 0.55倍、BB -0.29σ,方式別実績はサンプル蓄積中。市場=強いリスクオフ、ニュース重大度と300万円の損失・投入・現金・保有数制約を適用,強いリスクオフのため新規主力買い停止,0.0,0.0,7.0,177,177,信用需給は判定不能,信用データがデータなし、または売残0で信用倍率を算出不能,データ不足,False,公式取得元または参照先なし,データなし,データなし,データなし,データなし,データなし,データなし,データなし,データなし,データなし,評価不能,評価不能,,評価不能,,データなし,データなし,データなし,データなし,データ不足,公式取得元または参照先なし,,,データなし,データなし,データなし,,,,,,,,,,,,,,,,
8388,阿波銀行,見送り,見送り,見送り,8089.04,8249.58,9610.0,9642.11,9931.37,7711.12,13504.08,0,0.0,0.0,2.45,C,見送り,2.08,71.52,+1.66σ,1.04,False,データなし,6.0,3,-9.0,0,0.0,強いリスクオフ・通常の25%,急騰済みを最優先して除外。ファンダメンタル=データ不足、RSI 71.5、出来高 1.04倍、BB +1.66σ,方式別実績はサンプル蓄積中。市場=強いリスクオフ、ニュース重大度と300万円の損失・投入・現金・保有数制約を適用,強いリスクオフのため新規主力買い停止,0.0,0.0,6.0,198,198,信用需給は判定不能,信用データがデータなし、または売残0で信用倍率を算出不能,データ不足,False,公式取得元または参照先なし,データなし,データなし,データなし,データなし,データなし,データなし,データなし,データなし,データなし,評価不能,評価不能,,評価不能,,データなし,データなし,データなし,データなし,データ不足,公式取得元または参照先なし,,,データなし,データなし,データなし,,,,,,,,,,,,,,,,
8142,トーホー,見送り,見送り,見送り,1337.34,1350.96,1427.0,1429.72,1472.62,1316.69,1655.79,0,0.0,0.0,2.22,B,見送り,2.06,63.16,+1.84σ,1.03,False,データなし,6.0,3,-9.0,0,0.0,強いリスクオフ・通常の25%,反転条件の完成待ち。ファンダメンタル=データ不足、RSI 63.2、出来高 1.03倍、BB +1.84σ,方式別実績はサンプル蓄積中。市場=強いリスクオフ、ニュース重大度と300万円の損失・投入・現金・保有数制約を適用,強いリスクオフのため新規主力買い停止,0.0,0.0,6.0,198,198,信用需給は判定不能,信用データがデータなし、または売残0で信用倍率を算出不能,データ不足,False,公式取得元または参照先なし,データなし,データなし,データなし,データなし,データなし,データなし,データなし,データなし,データなし,評価不能,評価不能,,評価不能,,データなし,データなし,データなし,データなし,データ不足,公式取得元または参照先なし,,,データなし,データなし,データなし,,,,,,,,,,,,,,,,
8399,琉球銀行,見送り,見送り,見送り,2842.17,2898.11,3355.0,3366.19,3467.17,2729.58,4639.4,0,0.0,0.0,2.29,C,見送り,2.04,73.63,+2.13σ,1.02,False,データなし,6.0,3,-9.0,0,0.0,強いリスクオフ・通常の25%,急騰済みを最優先して除外。ファンダメンタル=データ不足、RSI 73.6、出来高 1.02倍、BB +2.13σ,方式別実績はサンプル蓄積中。市場=強いリスクオフ、ニュース重大度と300万円の損失・投入・現金・保有数制約を適用,強いリスクオフのため新規主力買い停止,0.0,0.0,6.0,198,198,信用需給は判定不能,信用データがデータなし、または売残0で信用倍率を算出不能,データ不足,False,公式取得元または参照先なし,データなし,データなし,データなし,データなし,データなし,データなし,データなし,データなし,データなし,評価不能,評価不能,,評価不能,,データなし,データなし,データなし,データなし,データ不足,公式取得元または参照先なし,,,データなし,データなし,データなし,,,,,,,,,,,,,,,,
6875,メガチップス,見送り,見送り,見送り,8801.47,9062.37,11950.0,12002.18,12362.25,7941.34,20123.86,0,0.0,0.0,2.17,C,見送り,2.0,69.51,+1.89σ,1.0,False,データなし,6.0,3,-9.0,0,0.0,強いリスクオフ・通常の25%,急騰済みを最優先して除外。ファンダメンタル=データ不足、RSI 69.5、出来高 1.00倍、BB +1.89σ,方式別実績はサンプル蓄積中。市場=強いリスクオフ、ニュース重大度と300万円の損失・投入・現金・保有数制約を適用,強いリスクオフのため新規主力買い停止,0.0,0.0,6.0,198,198,信用需給は判定不能,信用データがデータなし、または売残0で信用倍率を算出不能,データ不足,False,公式取得元または参照先なし,データなし,データなし,データなし,データなし,データなし,データなし,データなし,データなし,データなし,評価不能,評価不能,,評価不能,,データなし,データなし,データなし,データなし,データ不足,公式取得元または参照先なし,,,データなし,データなし,データなし,,,,,,,,,,,,,,,,
5331,ノリタケ,見送り,見送り,見送り,3256.7,3346.2,3925.0,3942.9,4061.19,3071.15,5686.4,0,0.0,0.0,2.16,C,見送り,1.94,59.67,+1.60σ,0.47,False,データなし,7.0,3,-9.0,0,0.0,強いリスクオフ・通常の25%,急騰済みを最優先して除外。ファンダメンタル=データ不足、RSI 59.7、出来高 0.47倍、BB +1.60σ,方式別実績はサンプル蓄積中。市場=強いリスクオフ、ニュース重大度と300万円の損失・投入・現金・保有数制約を適用,強いリスクオフのため新規主力買い停止,0.0,0.0,7.0,177,177,信用需給は判定不能,信用データがデータなし、または売残0で信用倍率を算出不能,データ不足,False,公式取得元または参照先なし,データなし,データなし,データなし,データなし,データなし,データなし,データなし,データなし,データなし,評価不能,評価不能,,評価不能,,データなし,データなし,データなし,データなし,データ不足,公式取得元または参照先なし,,,データなし,データなし,データなし,,,,,,,,,,,,,,,,
5801,古河電気工業,見送り,見送り,見送り,3019.55,3194.13,4300.0,4334.92,4509.5,2654.83,7695.09,0,0.0,0.0,2.07,C,見送り,1.92,60.78,+1.64σ,0.96,False,データなし,6.0,3,-9.0,0,0.0,強いリスクオフ・通常の25%,急騰済みを最優先して除外。ファンダメンタル=データ不足、RSI 60.8、出来高 0.96倍、BB +1.64σ,方式別実績はサンプル蓄積中。市場=強いリスクオフ、ニュース重大度と300万円の損失・投入・現金・保有数制約を適用,強いリスクオフのため新規主力買い停止,0.0,0.0,6.0,198,198,信用需給は判定不能,信用データがデータなし、または売残0で信用倍率を算出不能,データ不足,False,公式取得元または参照先なし,データなし,データなし,データなし,データなし,データなし,データなし,データなし,データなし,データなし,評価不能,評価不能,,評価不能,,データなし,データなし,データなし,データなし,データ不足,公式取得元または参照先なし,,,データなし,データなし,データなし,,,,,,,,,,,,,,,,
6306,日工,見送り,見送り,見送り,952.43,963.79,1033.0,1035.27,1066.33,936.61,1232.6,0,0.0,0.0,2.31,B,見送り,1.92,71.79,+2.16σ,0.96,False,データなし,6.0,3,-9.0,0,0.0,強いリスクオフ・通常の25%,反転条件の完成待ち。ファンダメンタル=データ不足、RSI 71.8、出来高 0.96倍、BB +2.16σ,方式別実績はサンプル蓄積中。市場=強いリスクオフ、ニュース重大度と300万円の損失・投入・現金・保有数制約を適用,強いリスクオフのため新規主力買い停止,0.0,0.0,6.0,198,198,信用需給は判定不能,信用データがデータなし、または売残0で信用倍率を算出不能,データ不足,False,公式取得元または参照先なし,データなし,データなし,データなし,データなし,データなし,データなし,データなし,データなし,データなし,評価不能,評価不能,,評価不能,,データなし,データなし,データなし,データなし,データ不足,公式取得元または参照先なし,,,データなし,データなし,データなし,,,,,,,,,,,,,,,,
7826,フルヤ金属,見送り,見送り,見送り,6092.47,6369.03,9230.0,9285.31,9563.87,5255.01,17345.92,0,0.0,0.0,2.1,C,見送り,1.76,67.41,+2.00σ,0.88,False,データなし,6.0,3,-9.0,0,0.0,強いリスクオフ・通常の25%,急騰済みを最優先して除外。ファンダメンタル=データ不足、RSI 67.4、出来高 0.88倍、BB +2.00σ,方式別実績はサンプル蓄積中。市場=強いリスクオフ、ニュース重大度と300万円の損失・投入・現金・保有数制約を適用,強いリスクオフのため新規主力買い停止,0.0,0.0,6.0,198,198,信用需給は判定不能,信用データがデータなし、または売残0で信用倍率を算出不能,データ不足,False,公式取得元または参照先なし,データなし,データなし,データなし,データなし,データなし,データなし,データなし,データなし,データなし,評価不能,評価不能,,評価不能,,データなし,データなし,データなし,データなし,データ不足,公式取得元または参照先なし,,,データなし,データなし,データなし,,,,,,,,,,,,,,,,
5831,しずおかフィナンシャルグループ,見送り,見送り,見送り,3170.84,3223.32,3582.0,3592.49,3700.27,3075.3,4626.88,0,0.0,0.0,2.28,B,見送り,1.74,66.15,+1.88σ,0.87,False,データなし,6.0,3,-9.0,0,0.0,強いリスクオフ・通常の25%,反転条件の完成待ち。ファンダメンタル=データ不足、RSI 66.2、出来高 0.87倍、BB +1.88σ,方式別実績はサンプル蓄積中。市場=強いリスクオフ、ニュース重大度と300万円の損失・投入・現金・保有数制約を適用,強いリスクオフのため新規主力買い停止,0.0,0.0,6.0,198,198,信用需給は判定不能,信用データがデータなし、または売残0で信用倍率を算出不能,データ不足,False,公式取得元または参照先なし,データなし,データなし,データなし,データなし,データなし,データなし,データなし,データなし,データなし,評価不能,評価不能,,評価不能,,データなし,データなし,データなし,データなし,データ不足,公式取得元または参照先なし,,,データなし,データなし,データなし,,,,,,,,,,,,,,,,
1946,トーエネック,見送り,見送り,見送り,2016.98,2051.89,2168.0,2174.98,2240.23,1989.31,2546.33,0,0.0,0.0,2.13,B,見送り,1.7,55.95,+1.94σ,0.85,False,データなし,6.0,3,-9.0,0,0.0,強いリスクオフ・通常の25%,反転条件の完成待ち。ファンダメンタル=データ不足、RSI 56.0、出来高 0.85倍、BB +1.94σ,方式別実績はサンプル蓄積中。市場=強いリスクオフ、ニュース重大度と300万円の損失・投入・現金・保有数制約を適用,強いリスクオフのため新規主力買い停止,0.0,0.0,6.0,198,198,信用需給は判定不能,信用データがデータなし、または売残0で信用倍率を算出不能,データ不足,False,公式取得元または参照先なし,データなし,データなし,データなし,データなし,データなし,データなし,データなし,データなし,データなし,評価不能,評価不能,,評価不能,,データなし,データなし,データなし,データなし,データ不足,公式取得元または参照先なし,,,データなし,データなし,データなし,,,,,,,,,,,,,,,,
1721,コムシスホールディングス,見送り,見送り,見送り,5174.78,5240.9,5466.0,5479.23,5643.6,5151.0,6135.68,0,0.0,0.0,2.7,C,見送り,1.64,59.49,+2.74σ,0.82,False,データなし,6.0,3,-9.0,0,0.0,強いリスクオフ・通常の25%,急騰済みを最優先して除外。ファンダメンタル=データ不足、RSI 59.5、出来高 0.82倍、BB +2.74σ,方式別実績はサンプル蓄積中。市場=強いリスクオフ、ニュース重大度と300万円の損失・投入・現金・保有数制約を適用,強いリスクオフのため新規主力買い停止,0.0,0.0,6.0,198,198,信用需給は判定不能,信用データがデータなし、または売残0で信用倍率を算出不能,データ不足,False,公式取得元または参照先なし,データなし,データなし,データなし,データなし,データなし,データなし,データなし,データなし,データなし,評価不能,評価不能,,評価不能,,データなし,データなし,データなし,データなし,データ不足,公式取得元または参照先なし,,,データなし,データなし,データなし,,,,,,,,,,,,,,,,
5445,東京鐵鋼,見送り,見送り,見送り,1921.99,1938.55,2030.0,2033.31,2094.31,1899.84,2300.25,0,0.0,0.0,2.28,B,見送り,1.64,66.51,+2.01σ,0.82,False,データなし,6.0,3,-9.0,0,0.0,強いリスクオフ・通常の25%,反転条件の完成待ち。ファンダメンタル=データ不足、RSI 66.5、出来高 0.82倍、BB +2.01σ,方式別実績はサンプル蓄積中。市場=強いリスクオフ、ニュース重大度と300万円の損失・投入・現金・保有数制約を適用,強いリスクオフのため新規主力買い停止,0.0,0.0,6.0,198,198,信用需給は判定不能,信用データがデータなし、または売残0で信用倍率を算出不能,データ不足,False,公式取得元または参照先なし,データなし,データなし,データなし,データなし,データなし,データなし,データなし,データなし,データなし,評価不能,評価不能,,評価不能,,データなし,データなし,データなし,データなし,データ不足,公式取得元または参照先なし,,,データなし,データなし,データなし,,,,,,,,,,,,,,,,
6507,シンフォニアテクノロジー,見送り,見送り,見送り,12484.67,12942.49,13680.0,13771.56,14229.38,11950.0,17414.69,0,0.0,0.0,2.16,B,見送り,1.64,49.44,+0.33σ,0.82,False,データなし,6.0,3,-9.0,0,0.0,強いリスクオフ・通常の25%,反転条件の完成待ち。ファンダメンタル=データ不足、RSI 49.4、出来高 0.82倍、BB +0.33σ,方式別実績はサンプル蓄積中。市場=強いリスクオフ、ニュース重大度と300万円の損失・投入・現金・保有数制約を適用,強いリスクオフのため新規主力買い停止,0.0,0.0,6.0,198,198,信用需給は判定不能,信用データがデータなし、または売残0で信用倍率を算出不能,データ不足,False,公式取得元または参照先なし,データなし,データなし,データなし,データなし,データなし,データなし,データなし,データなし,データなし,評価不能,評価不能,,評価不能,,データなし,データなし,データなし,データなし,データ不足,公式取得元または参照先なし,,,データなし,データなし,データなし,,,,,,,,,,,,,,,,
6745,ホーチキ,見送り,見送り,見送り,1868.26,1912.98,2132.0,2140.95,2205.17,1806.55,2809.74,0,0.0,0.0,2.58,B,見送り,1.6,57.91,+1.34σ,0.8,False,データなし,6.0,3,-9.0,0,0.0,強いリスクオフ・通常の25%,反転条件の完成待ち。ファンダメンタル=データ不足、RSI 57.9、出来高 0.80倍、BB +1.34σ,方式別実績はサンプル蓄積中。市場=強いリスクオフ、ニュース重大度と300万円の損失・投入・現金・保有数制約を適用,強いリスクオフのため新規主力買い停止,0.0,0.0,6.0,198,198,信用需給は判定不能,信用データがデータなし、または売残0で信用倍率を算出不能,データ不足,False,公式取得元または参照先なし,データなし,データなし,データなし,データなし,データなし,データなし,データなし,データなし,データなし,評価不能,評価不能,,評価不能,,データなし,データなし,データなし,データなし,データ不足,公式取得元または参照先なし,,,データなし,データなし,データなし,,,,,,,,,,,,,,,,
4996,クミアイ化学工業,見送り,見送り,見送り,728.48,734.16,769.0,770.14,793.24,719.39,871.63,0,0.0,0.0,2.41,B,見送り,1.58,66.54,+1.74σ,0.79,False,データなし,6.0,3,-9.0,0,0.0,強いリスクオフ・通常の25%,反転条件の完成待ち。ファンダメンタル=データ不足、RSI 66.5、出来高 0.79倍、BB +1.74σ,方式別実績はサンプル蓄積中。市場=強いリスクオフ、ニュース重大度と300万円の損失・投入・現金・保有数制約を適用,強いリスクオフのため新規主力買い停止,0.0,0.0,6.0,198,198,信用需給は判定不能,信用データがデータなし、または売残0で信用倍率を算出不能,データ不足,False,公式取得元または参照先なし,データなし,データなし,データなし,データなし,データなし,データなし,データなし,データなし,データなし,評価不能,評価不能,,評価不能,,データなし,データなし,データなし,データなし,データ不足,公式取得元または参照先なし,,,データなし,データなし,データなし,,,,,,,,,,,,,,,,
7715,長野計器,見送り,見送り,見送り,3564.27,3680.49,4555.0,4578.24,4715.59,3351.51,7031.71,0,0.0,0.0,2.49,C,見送り,1.58,62.5,+1.89σ,2.29,False,データなし,3.0,3,-9.0,0,0.0,強いリスクオフ・通常の25%,急騰済みを最優先して除外。ファンダメンタル=データ不足、RSI 62.5、出来高 2.29倍、BB +1.89σ,方式別実績はサンプル蓄積中。市場=強いリスクオフ、ニュース重大度と300万円の損失・投入・現金・保有数制約を適用,強いリスクオフのため新規主力買い停止,0.0,0.0,3.0,374,374,信用需給は判定不能,信用データがデータなし、または売残0で信用倍率を算出不能,データ不足,False,公式取得元または参照先なし,データなし,データなし,データなし,データなし,データなし,データなし,データなし,データなし,データなし,評価不能,評価不能,,評価不能,,データなし,データなし,データなし,データなし,データ不足,公式取得元または参照先なし,,,データなし,データなし,データなし,,,,,,,,,,,,,,,,
9506,東北電力,見送り,見送り,見送り,1145.19,1157.59,1265.0,1267.48,1305.5,1114.38,1573.68,0,0.0,0.0,2.22,C,見送り,1.56,80.7,+1.85σ,0.78,False,データなし,6.0,3,-9.0,0,0.0,強いリスクオフ・通常の25%,急騰済みを最優先して除外。ファンダメンタル=データ不足、RSI 80.7、出来高 0.78倍、BB +1.85σ,方式別実績はサンプル蓄積中。市場=強いリスクオフ、ニュース重大度と300万円の損失・投入・現金・保有数制約を適用,強いリスクオフのため新規主力買い停止,0.0,0.0,6.0,198,198,信用需給は判定不能,信用データがデータなし、または売残0で信用倍率を算出不能,データ不足,False,公式取得元または参照先なし,データなし,データなし,データなし,データなし,データなし,データなし,データなし,データなし,データなし,評価不能,評価不能,,評価不能,,データなし,データなし,データなし,データなし,データ不足,公式取得元または参照先なし,,,データなし,データなし,データなし,,,,,,,,,,,,,,,,
4377,ワンキャリア,見送り,見送り,見送り,1944.0,1995.8,2597.0,2607.36,2685.58,1819.35,4183.38,0,0.0,0.0,2.34,C,見送り,1.54,75.76,+2.71σ,2.27,False,データなし,3.0,3,-9.0,0,0.0,強いリスクオフ・通常の25%,急騰済みを最優先して除外。ファンダメンタル=データ不足、RSI 75.8、出来高 2.27倍、BB +2.71σ,方式別実績はサンプル蓄積中。市場=強いリスクオフ、ニュース重大度と300万円の損失・投入・現金・保有数制約を適用,強いリスクオフのため新規主力買い停止,0.0,0.0,3.0,374,374,信用需給は判定不能,信用データがデータなし、または売残0で信用倍率を算出不能,データ不足,False,公式取得元または参照先なし,データなし,データなし,データなし,データなし,データなし,データなし,データなし,データなし,データなし,評価不能,評価不能,,評価不能,,データなし,データなし,データなし,データなし,データ不足,公式取得元または参照先なし,,,データなし,データなし,データなし,,,,,,,,,,,,,,,,
4062,イビデン,見送り,見送り,見送り,14924.1,15890.9,22500.0,22693.36,23660.15,12978.99,42122.09,0,0.0,0.0,2.39,C,見送り,1.52,58.38,+1.54σ,0.76,False,データなし,6.0,3,-9.0,0,0.0,強いリスクオフ・通常の25%,急騰済みを最優先して除外。ファンダメンタル=データ不足、RSI 58.4、出来高 0.76倍、BB +1.54σ,方式別実績はサンプル蓄積中。市場=強いリスクオフ、ニュース重大度と300万円の損失・投入・現金・保有数制約を適用,強いリスクオフのため新規主力買い停止,0.0,0.0,6.0,198,198,信用需給は判定不能,信用データがデータなし、または売残0で信用倍率を算出不能,データ不足,False,公式取得元または参照先なし,データなし,データなし,データなし,データなし,データなし,データなし,データなし,データなし,データなし,評価不能,評価不能,,評価不能,,データなし,データなし,データなし,データなし,データ不足,公式取得元または参照先なし,,,データなし,データなし,データなし,,,,,,,,,,,,,,,,
6858,小野測器,見送り,見送り,見送り,797.71,812.09,867.0,869.88,895.97,771.16,1067.31,0,0.0,0.0,2.37,B,見送り,1.5,52.39,+0.60σ,0.25,False,データなし,7.0,3,-9.0,0,0.0,強いリスクオフ・通常の25%,出来高0.6倍未満のため主力不可。ファンダメンタル=データ不足、RSI 52.4、出来高 0.25倍、BB +0.60σ,方式別実績はサンプル蓄積中。市場=強いリスクオフ、ニュース重大度と300万円の損失・投入・現金・保有数制約を適用,強いリスクオフのため新規主力買い停止,0.0,0.0,7.0,177,177,信用需給は判定不能,信用データがデータなし、または売残0で信用倍率を算出不能,データ不足,False,公式取得元または参照先なし,データなし,データなし,データなし,データなし,データなし,データなし,データなし,データなし,データなし,評価不能,評価不能,,評価不能,,データなし,データなし,データなし,データなし,データ不足,公式取得元または参照先なし,,,データなし,データなし,データなし,,,,,,,,,,,,,,,,
6777,ｓａｎｔｅｃ　Ｈｏｌｄｉｎｇｓ,見送り,見送り,見送り,16658.32,17487.5,20540.0,20705.83,21535.01,15541.82,31033.86,0,0.0,0.0,2.11,B,見送り,1.46,52.02,+1.25σ,0.73,False,データなし,6.0,3,-9.0,0,0.0,強いリスクオフ・通常の25%,反転条件の完成待ち。ファンダメンタル=データ不足、RSI 52.0、出来高 0.73倍、BB +1.25σ,方式別実績はサンプル蓄積中。市場=強いリスクオフ、ニュース重大度と300万円の損失・投入・現金・保有数制約を適用,強いリスクオフのため新規主力買い停止,0.0,0.0,6.0,198,198,信用需給は判定不能,信用データがデータなし、または売残0で信用倍率を算出不能,データ不足,False,公式取得元または参照先なし,データなし,データなし,データなし,データなし,データなし,データなし,データなし,データなし,データなし,評価不能,評価不能,,評価不能,,データなし,データなし,データなし,データなし,データ不足,公式取得元または参照先なし,,,データなし,データなし,データなし,,,,,,,,,,,,,,,,
9960,東テク,見送り,見送り,見送り,3766.09,3833.99,3870.0,3883.58,4000.09,3665.0,4320.74,0,0.0,0.0,2.36,B,見送り,1.46,46.47,-0.51σ,0.73,False,データなし,9.0,0,-9.0,0,0.0,強いリスクオフ・通常の25%,反転条件の完成待ち。ファンダメンタル=データ不足、RSI 46.5、出来高 0.73倍、BB -0.51σ,方式別実績はサンプル蓄積中。市場=強いリスクオフ、ニュース重大度と300万円の損失・投入・現金・保有数制約を適用,強いリスクオフのため新規主力買い停止,0.0,0.0,9.0,87,87,信用需給は判定不能,信用データがデータなし、または売残0で信用倍率を算出不能,データ不足,False,公式取得元または参照先なし,データなし,データなし,データなし,データなし,データなし,データなし,データなし,データなし,データなし,評価不能,評価不能,,評価不能,,データなし,データなし,データなし,データなし,データ不足,公式取得元または参照先なし,,,データなし,データなし,データなし,,,,,,,,,,,,,,,,
5333,ＮＧＫ,見送り,見送り,見送り,5436.77,5592.87,6124.0,6155.22,6339.88,5217.99,8029.68,0,0.0,0.0,2.11,B,見送り,1.4,51.62,+1.04σ,0.7,False,データなし,6.0,3,-9.0,0,0.0,強いリスクオフ・通常の25%,反転条件の完成待ち。ファンダメンタル=データ不足、RSI 51.6、出来高 0.70倍、BB +1.04σ,方式別実績はサンプル蓄積中。市場=強いリスクオフ、ニュース重大度と300万円の損失・投入・現金・保有数制約を適用,強いリスクオフのため新規主力買い停止,0.0,0.0,6.0,198,198,信用需給は判定不能,信用データがデータなし、または売残0で信用倍率を算出不能,データ不足,False,公式取得元または参照先なし,データなし,データなし,データなし,データなし,データなし,データなし,データなし,データなし,データなし,評価不能,評価不能,,評価不能,,データなし,データなし,データなし,データなし,データ不足,公式取得元または参照先なし,,,データなし,データなし,データなし,,,,,,,,,,,,,,,,
5844,京都フィナンシャルグループ,見送り,見送り,見送り,4434.85,4499.99,5136.0,5149.03,5303.5,4276.58,6893.93,0,0.0,0.0,2.21,C,見送り,1.4,69.79,+2.27σ,0.7,False,データなし,6.0,3,-9.0,0,0.0,強いリスクオフ・通常の25%,急騰済みを最優先して除外。ファンダメンタル=データ不足、RSI 69.8、出来高 0.70倍、BB +2.27σ,方式別実績はサンプル蓄積中。市場=強いリスクオフ、ニュース重大度と300万円の損失・投入・現金・保有数制約を適用,強いリスクオフのため新規主力買い停止,0.0,0.0,6.0,198,198,信用需給は判定不能,信用データがデータなし、または売残0で信用倍率を算出不能,データ不足,False,公式取得元または参照先なし,データなし,データなし,データなし,データなし,データなし,データなし,データなし,データなし,データなし,評価不能,評価不能,,評価不能,,データなし,データなし,データなし,データなし,データ不足,公式取得元または参照先なし,,,データなし,データなし,データなし,,,,,,,,,,,,,,,,
9003,相鉄ホールディングス,見送り,見送り,見送り,2450.49,2480.89,2543.0,2549.08,2625.55,2370.15,2906.93,0,0.0,0.0,2.31,B,見送り,1.4,49.69,-0.30σ,0.7,False,データなし,6.0,3,-9.0,0,0.0,強いリスクオフ・通常の25%,反転条件の完成待ち。ファンダメンタル=データ不足、RSI 49.7、出来高 0.70倍、BB -0.30σ,方式別実績はサンプル蓄積中。市場=強いリスクオフ、ニュース重大度と300万円の損失・投入・現金・保有数制約を適用,強いリスクオフのため新規主力買い停止,0.0,0.0,6.0,198,198,信用需給は判定不能,信用データがデータなし、または売残0で信用倍率を算出不能,データ不足,False,公式取得元または参照先なし,データなし,データなし,データなし,データなし,データなし,データなし,データなし,データなし,データなし,評価不能,評価不能,,評価不能,,データなし,データなし,データなし,データなし,データ不足,公式取得元または参照先なし,,,データなし,データなし,データなし,,,,,,,,,,,,,,,,
9716,乃村工藝社,見送り,見送り,見送り,1163.94,1176.38,1226.0,1228.49,1265.34,1152.33,1380.81,0,0.0,0.0,2.83,B,見送り,1.4,61.72,+1.35σ,0.7,False,データなし,6.0,3,-9.0,0,0.0,強いリスクオフ・通常の25%,反転条件の完成待ち。ファンダメンタル=データ不足、RSI 61.7、出来高 0.70倍、BB +1.35σ,方式別実績はサンプル蓄積中。市場=強いリスクオフ、ニュース重大度と300万円の損失・投入・現金・保有数制約を適用,強いリスクオフのため新規主力買い停止,0.0,0.0,6.0,198,198,信用需給は判定不能,信用データがデータなし、または売残0で信用倍率を算出不能,データ不足,False,公式取得元または参照先なし,データなし,データなし,データなし,データなし,データなし,データなし,データなし,データなし,データなし,評価不能,評価不能,,評価不能,,データなし,データなし,データなし,データなし,データ不足,公式取得元または参照先なし,,,データなし,データなし,データなし,,,,,,,,,,,,,,,,
4021,日産化学,見送り,見送り,見送り,7399.92,7525.8,8158.0,8183.18,8428.67,7227.13,10095.27,0,0.0,0.0,2.08,B,見送り,1.38,59.54,+1.95σ,0.69,False,データなし,6.0,3,-9.0,0,0.0,強いリスクオフ・通常の25%,反転条件の完成待ち。ファンダメンタル=データ不足、RSI 59.5、出来高 0.69倍、BB +1.95σ,方式別実績はサンプル蓄積中。市場=強いリスクオフ、ニュース重大度と300万円の損失・投入・現金・保有数制約を適用,強いリスクオフのため新規主力買い停止,0.0,0.0,6.0,198,198,信用需給は判定不能,信用データがデータなし、または売残0で信用倍率を算出不能,データ不足,False,公式取得元または参照先なし,データなし,データなし,データなし,データなし,データなし,データなし,データなし,データなし,データなし,評価不能,評価不能,,評価不能,,データなし,データなし,データなし,データなし,データ不足,公式取得元または参照先なし,,,データなし,データなし,データなし,,,,,,,,,,,,,,,,
3662,エイチームホールディングス,見送り,見送り,見送り,903.18,913.24,981.0,983.01,1012.5,860.37,1228.3,0,0.0,0.0,2.05,B,見送り,1.36,57.12,+0.52σ,0.68,False,データなし,6.0,3,-9.0,0,0.0,強いリスクオフ・通常の25%,反転条件の完成待ち。ファンダメンタル=データ不足、RSI 57.1、出来高 0.68倍、BB +0.52σ,方式別実績はサンプル蓄積中。市場=強いリスクオフ、ニュース重大度と300万円の損失・投入・現金・保有数制約を適用,強いリスクオフのため新規主力買い停止,0.0,0.0,6.0,198,198,信用需給は判定不能,信用データがデータなし、または売残0で信用倍率を算出不能,データ不足,False,公式取得元または参照先なし,データなし,データなし,データなし,データなし,データなし,データなし,データなし,データなし,データなし,評価不能,評価不能,,評価不能,,データなし,データなし,データなし,データなし,データ不足,公式取得元または参照先なし,,,データなし,データなし,データなし,,,,,,,,,,,,,,,,
8344,山形銀行,見送り,見送り,見送り,3709.25,3806.97,4735.0,4754.55,4897.18,3464.23,7335.18,0,0.0,0.0,2.25,C,見送り,1.34,71.1,+2.05σ,0.67,False,データなし,6.0,3,-9.0,0,0.0,強いリスクオフ・通常の25%,急騰済みを最優先して除外。ファンダメンタル=データ不足、RSI 71.1、出来高 0.67倍、BB +2.05σ,方式別実績はサンプル蓄積中。市場=強いリスクオフ、ニュース重大度と300万円の損失・投入・現金・保有数制約を適用,強いリスクオフのため新規主力買い停止,0.0,0.0,6.0,198,198,信用需給は判定不能,信用データがデータなし、または売残0で信用倍率を算出不能,データ不足,False,公式取得元または参照先なし,データなし,データなし,データなし,データなし,データなし,データなし,データなし,データなし,データなし,評価不能,評価不能,,評価不能,,データなし,データなし,データなし,データなし,データ不足,公式取得元または参照先なし,,,データなし,データなし,データなし,,,,,,,,,,,,,,,,
7803,ブシロード,見送り,見送り,見送り,366.25,377.0,431.0,433.15,446.14,356.85,585.75,0,0.0,0.0,2.74,B,見送り,1.32,70.04,+2.14σ,0.66,False,データなし,6.0,3,-9.0,0,0.0,強いリスクオフ・通常の25%,反転条件の完成待ち。ファンダメンタル=データ不足、RSI 70.0、出来高 0.66倍、BB +2.14σ,方式別実績はサンプル蓄積中。市場=強いリスクオフ、ニュース重大度と300万円の損失・投入・現金・保有数制約を適用,強いリスクオフのため新規主力買い停止,0.0,0.0,6.0,198,198,信用需給は判定不能,信用データがデータなし、または売残0で信用倍率を算出不能,データ不足,False,公式取得元または参照先なし,データなし,データなし,データなし,データなし,データなし,データなし,データなし,データなし,データなし,評価不能,評価不能,,評価不能,,データなし,データなし,データなし,データなし,データ不足,公式取得元または参照先なし,,,データなし,データなし,データなし,,,,,,,,,,,,,,,,
8392,大分銀行,見送り,見送り,見送り,2532.75,2591.72,2969.0,2980.79,3070.22,2439.63,4063.12,0,0.0,0.0,2.86,B,見送り,1.32,62.28,+1.43σ,0.66,False,データなし,6.0,3,-9.0,0,0.0,強いリスクオフ・通常の25%,反転条件の完成待ち。ファンダメンタル=データ不足、RSI 62.3、出来高 0.66倍、BB +1.43σ,方式別実績はサンプル蓄積中。市場=強いリスクオフ、ニュース重大度と300万円の損失・投入・現金・保有数制約を適用,強いリスクオフのため新規主力買い停止,0.0,0.0,6.0,198,198,信用需給は判定不能,信用データがデータなし、または売残0で信用倍率を算出不能,データ不足,False,公式取得元または参照先なし,データなし,データなし,データなし,データなし,データなし,データなし,データなし,データなし,データなし,評価不能,評価不能,,評価不能,,データなし,データなし,データなし,データなし,データ不足,公式取得元または参照先なし,,,データなし,データなし,データなし,,,,,,,,,,,,,,,,
8524,北洋銀行,見送り,見送り,見送り,1144.74,1166.7,1321.0,1325.39,1365.16,1101.43,1773.32,0,0.0,0.0,2.21,B,見送り,1.32,66.44,+1.86σ,0.66,False,データなし,6.0,3,-9.0,0,0.0,強いリスクオフ・通常の25%,反転条件の完成待ち。ファンダメンタル=データ不足、RSI 66.4、出来高 0.66倍、BB +1.86σ,方式別実績はサンプル蓄積中。市場=強いリスクオフ、ニュース重大度と300万円の損失・投入・現金・保有数制約を適用,強いリスクオフのため新規主力買い停止,0.0,0.0,6.0,198,198,信用需給は判定不能,信用データがデータなし、または売残0で信用倍率を算出不能,データ不足,False,公式取得元または参照先なし,データなし,データなし,データなし,データなし,データなし,データなし,データなし,データなし,データなし,評価不能,評価不能,,評価不能,,データなし,データなし,データなし,データなし,データ不足,公式取得元または参照先なし,,,データなし,データなし,データなし,,,,,,,,,,,,,,,,
9468,ＫＡＤＯＫＡＷＡ,見送り,見送り,見送り,3447.81,3499.35,3566.0,3576.31,3683.6,3334.0,4060.93,0,0.0,0.0,2.85,B,見送り,1.32,48.37,-0.26σ,0.66,False,データなし,6.0,3,-9.0,0,0.0,強いリスクオフ・通常の25%,反転条件の完成待ち。ファンダメンタル=データ不足、RSI 48.4、出来高 0.66倍、BB -0.26σ,方式別実績はサンプル蓄積中。市場=強いリスクオフ、ニュース重大度と300万円の損失・投入・現金・保有数制約を適用,強いリスクオフのため新規主力買い停止,0.0,0.0,6.0,198,198,信用需給は判定不能,信用データがデータなし、または売残0で信用倍率を算出不能,データ不足,False,公式取得元または参照先なし,データなし,データなし,データなし,データなし,データなし,データなし,データなし,データなし,データなし,評価不能,評価不能,,評価不能,,データなし,データなし,データなし,データなし,データ不足,公式取得元または参照先なし,,,データなし,データなし,データなし,,,,,,,,,,,,,,,,
5830,いよぎんホールディングス,見送り,見送り,見送り,3427.55,3495.56,4074.0,4087.6,4210.23,3266.5,5729.81,0,0.0,0.0,2.34,C,見送り,1.3,70.78,+1.79σ,0.65,False,データなし,6.0,3,-9.0,0,0.0,強いリスクオフ・通常の25%,急騰済みを最優先して除外。ファンダメンタル=データ不足、RSI 70.8、出来高 0.65倍、BB +1.79σ,方式別実績はサンプル蓄積中。市場=強いリスクオフ、ニュース重大度と300万円の損失・投入・現金・保有数制約を適用,強いリスクオフのため新規主力買い停止,0.0,0.0,6.0,198,198,信用需給は判定不能,信用データがデータなし、または売残0で信用倍率を算出不能,データ不足,False,公式取得元または参照先なし,データなし,データなし,データなし,データなし,データなし,データなし,データなし,データなし,データなし,評価不能,評価不能,,評価不能,,データなし,データなし,データなし,データなし,データ不足,公式取得元または参照先なし,,,データなし,データなし,データなし,,,,,,,,,,,,,,,,
6535,アイモバイル,見送り,見送り,見送り,480.6,486.58,512.0,513.2,528.59,458.84,621.91,0,0.0,0.0,2.19,B,見送り,1.3,53.28,+0.07σ,0.65,False,データなし,6.0,3,-9.0,0,0.0,強いリスクオフ・通常の25%,反転条件の完成待ち。ファンダメンタル=データ不足、RSI 53.3、出来高 0.65倍、BB +0.07σ,方式別実績はサンプル蓄積中。市場=強いリスクオフ、ニュース重大度と300万円の損失・投入・現金・保有数制約を適用,強いリスクオフのため新規主力買い停止,0.0,0.0,6.0,198,198,信用需給は判定不能,信用データがデータなし、または売残0で信用倍率を算出不能,データ不足,False,公式取得元または参照先なし,データなし,データなし,データなし,データなし,データなし,データなし,データなし,データなし,データなし,評価不能,評価不能,,評価不能,,データなし,データなし,データなし,データなし,データ不足,公式取得元または参照先なし,,,データなし,データなし,データなし,,,,,,,,,,,,,,,,
6963,ローム,見送り,見送り,見送り,4186.24,4339.42,5239.0,5269.64,5427.73,3930.16,7948.59,0,0.0,0.0,2.07,C,見送り,1.3,59.92,+1.93σ,0.65,False,データなし,6.0,3,-9.0,0,0.0,強いリスクオフ・通常の25%,急騰済みを最優先して除外。ファンダメンタル=データ不足、RSI 59.9、出来高 0.65倍、BB +1.93σ,方式別実績はサンプル蓄積中。市場=強いリスクオフ、ニュース重大度と300万円の損失・投入・現金・保有数制約を適用,強いリスクオフのため新規主力買い停止,0.0,0.0,6.0,198,198,信用需給は判定不能,信用データがデータなし、または売残0で信用倍率を算出不能,データ不足,False,公式取得元または参照先なし,データなし,データなし,データなし,データなし,データなし,データなし,データなし,データなし,データなし,評価不能,評価不能,,評価不能,,データなし,データなし,データなし,データなし,データ不足,公式取得元または参照先なし,,,データなし,データなし,データなし,,,,,,,,,,,,,,,,
4109,ステラ　ケミファ,見送り,見送り,見送り,5063.73,5202.85,5800.0,5827.83,6002.66,4886.07,7711.34,0,0.0,0.0,2.35,B,見送り,1.28,52.69,+1.41σ,0.64,False,データなし,6.0,3,-9.0,0,0.0,強いリスクオフ・通常の25%,反転条件の完成待ち。ファンダメンタル=データ不足、RSI 52.7、出来高 0.64倍、BB +1.41σ,方式別実績はサンプル蓄積中。市場=強いリスクオフ、ニュース重大度と300万円の損失・投入・現金・保有数制約を適用,強いリスクオフのため新規主力買い停止,0.0,0.0,6.0,198,198,信用需給は判定不能,信用データがデータなし、または売残0で信用倍率を算出不能,データ不足,False,公式取得元または参照先なし,データなし,データなし,データなし,データなし,データなし,データなし,データなし,データなし,データなし,評価不能,評価不能,,評価不能,,データなし,データなし,データなし,データなし,データ不足,公式取得元または参照先なし,,,データなし,データなし,データなし,,,,,,,,,,,,,,,,
5991,日本発條,見送り,見送り,見送り,3439.0,3520.78,3783.0,3799.35,3913.33,3365.08,4667.9,0,0.0,0.0,2.36,B,見送り,1.26,54.36,+1.38σ,0.63,False,データなし,6.0,3,-9.0,0,0.0,強いリスクオフ・通常の25%,反転条件の完成待ち。ファンダメンタル=データ不足、RSI 54.4、出来高 0.63倍、BB +1.38σ,方式別実績はサンプル蓄積中。市場=強いリスクオフ、ニュース重大度と300万円の損失・投入・現金・保有数制約を適用,強いリスクオフのため新規主力買い停止,0.0,0.0,6.0,198,198,信用需給は判定不能,信用データがデータなし、または売残0で信用倍率を算出不能,データ不足,False,公式取得元または参照先なし,データなし,データなし,データなし,データなし,データなし,データなし,データなし,データなし,データなし,評価不能,評価不能,,評価不能,,データなし,データなし,データなし,データなし,データ不足,公式取得元または参照先なし,,,データなし,データなし,データなし,,,,,,,,,,,,,,,,
9997,ベルーナ,見送り,見送り,見送り,995.18,1006.26,1033.0,1035.21,1066.27,960.59,1184.46,0,0.0,0.0,2.37,B,見送り,1.26,52.03,-0.35σ,0.63,False,データなし,6.0,3,-9.0,0,0.0,強いリスクオフ・通常の25%,反転条件の完成待ち。ファンダメンタル=データ不足、RSI 52.0、出来高 0.63倍、BB -0.35σ,方式別実績はサンプル蓄積中。市場=強いリスクオフ、ニュース重大度と300万円の損失・投入・現金・保有数制約を適用,強いリスクオフのため新規主力買い停止,0.0,0.0,6.0,198,198,信用需給は判定不能,信用データがデータなし、または売残0で信用倍率を算出不能,データ不足,False,公式取得元または参照先なし,データなし,データなし,データなし,データなし,データなし,データなし,データなし,データなし,データなし,評価不能,評価不能,,評価不能,,データなし,データなし,データなし,データなし,データ不足,公式取得元または参照先なし,,,データなし,データなし,データなし,,,,,,,,,,,,,,,,
6905,コーセル,見送り,見送り,見送り,1237.77,1260.37,1406.0,1410.52,1452.84,1195.09,1841.38,0,0.0,0.0,2.23,B,見送り,1.24,57.58,+1.70σ,0.62,False,データなし,6.0,3,-9.0,0,0.0,強いリスクオフ・通常の25%,反転条件の完成待ち。ファンダメンタル=データ不足、RSI 57.6、出来高 0.62倍、BB +1.70σ,方式別実績はサンプル蓄積中。市場=強いリスクオフ、ニュース重大度と300万円の損失・投入・現金・保有数制約を適用,強いリスクオフのため新規主力買い停止,0.0,0.0,6.0,198,198,信用需給は判定不能,信用データがデータなし、または売残0で信用倍率を算出不能,データ不足,False,公式取得元または参照先なし,データなし,データなし,データなし,データなし,データなし,データなし,データなし,データなし,データなし,評価不能,評価不能,,評価不能,,データなし,データなし,データなし,データなし,データ不足,公式取得元または参照先なし,,,データなし,データなし,データなし,,,,,,,,,,,,,,,,
2168,パソナグループ,見送り,見送り,見送り,1550.83,1567.89,1653.0,1656.41,1706.11,1530.07,1909.1,0,0.0,0.0,2.45,B,見送り,1.22,65.27,+1.75σ,0.61,False,データなし,6.0,3,-9.0,0,0.0,強いリスクオフ・通常の25%,反転条件の完成待ち。ファンダメンタル=データ不足、RSI 65.3、出来高 0.61倍、BB +1.75σ,方式別実績はサンプル蓄積中。市場=強いリスクオフ、ニュース重大度と300万円の損失・投入・現金・保有数制約を適用,強いリスクオフのため新規主力買い停止,0.0,0.0,6.0,198,198,信用需給は判定不能,信用データがデータなし、または売残0で信用倍率を算出不能,データ不足,False,公式取得元または参照先なし,データなし,データなし,データなし,データなし,データなし,データなし,データなし,データなし,データなし,評価不能,評価不能,,評価不能,,データなし,データなし,データなし,データなし,データ不足,公式取得元または参照先なし,,,データなし,データなし,データなし,,,,,,,,,,,,,,,,
7226,極東開発工業,見送り,見送り,見送り,2295.94,2316.86,2365.0,2369.18,2440.26,2279.54,2548.47,0,0.0,0.0,2.61,B,見送り,1.22,60.1,+0.77σ,0.61,False,データなし,6.0,3,-9.0,0,0.0,強いリスクオフ・通常の25%,反転条件の完成待ち。ファンダメンタル=データ不足、RSI 60.1、出来高 0.61倍、BB +0.77σ,方式別実績はサンプル蓄積中。市場=強いリスクオフ、ニュース重大度と300万円の損失・投入・現金・保有数制約を適用,強いリスクオフのため新規主力買い停止,0.0,0.0,6.0,198,198,信用需給は判定不能,信用データがデータなし、または売残0で信用倍率を算出不能,データ不足,False,公式取得元または参照先なし,データなし,データなし,データなし,データなし,データなし,データなし,データなし,データなし,データなし,評価不能,評価不能,,評価不能,,データなし,データなし,データなし,データなし,データ不足,公式取得元または参照先なし,,,データなし,データなし,データなし,,,,,,,,,,,,,,,,
3399,丸千代山岡家,見送り,見送り,見送り,3527.26,3587.98,3860.0,3872.14,3988.31,3471.74,4672.95,0,0.0,0.0,2.66,B,見送り,1.18,62.84,+1.82σ,0.59,False,データなし,6.0,3,-9.0,0,0.0,強いリスクオフ・通常の25%,出来高0.6倍未満のため主力不可。ファンダメンタル=データ不足、RSI 62.8、出来高 0.59倍、BB +1.82σ,方式別実績はサンプル蓄積中。市場=強いリスクオフ、ニュース重大度と300万円の損失・投入・現金・保有数制約を適用,強いリスクオフのため新規主力買い停止,0.0,0.0,6.0,198,198,信用需給は判定不能,信用データがデータなし、または売残0で信用倍率を算出不能,データ不足,False,公式取得元または参照先なし,データなし,データなし,データなし,データなし,データなし,データなし,データなし,データなし,データなし,評価不能,評価不能,,評価不能,,データなし,データなし,データなし,データなし,データ不足,公式取得元または参照先なし,,,データなし,データなし,データなし,,,,,,,,,,,,,,,,
5832,ちゅうぎんフィナンシャルグループ,見送り,見送り,見送り,3245.13,3294.29,3580.0,3589.83,3697.53,3173.07,4423.36,0,0.0,0.0,2.5,B,見送り,1.16,63.97,+1.69σ,0.58,False,データなし,6.0,3,-9.0,0,0.0,強いリスクオフ・通常の25%,出来高0.6倍未満のため主力不可。ファンダメンタル=データ不足、RSI 64.0、出来高 0.58倍、BB +1.69σ,方式別実績はサンプル蓄積中。市場=強いリスクオフ、ニュース重大度と300万円の損失・投入・現金・保有数制約を適用,強いリスクオフのため新規主力買い停止,0.0,0.0,6.0,198,198,信用需給は判定不能,信用データがデータなし、または売残0で信用倍率を算出不能,データ不足,False,公式取得元または参照先なし,データなし,データなし,データなし,データなし,データなし,データなし,データなし,データなし,データなし,評価不能,評価不能,,評価不能,,データなし,データなし,データなし,データなし,データ不足,公式取得元または参照先なし,,,データなし,データなし,データなし,,,,,,,,,,,,,,,,
7327,第四北越フィナンシャルグループ,見送り,見送り,見送り,2256.3,2288.28,2534.0,2540.4,2616.61,2190.87,3239.45,0,0.0,0.0,2.2,B,見送り,1.16,68.74,+2.03σ,0.58,False,データなし,6.0,3,-9.0,0,0.0,強いリスクオフ・通常の25%,出来高0.6倍未満のため主力不可。ファンダメンタル=データ不足、RSI 68.7、出来高 0.58倍、BB +2.03σ,方式別実績はサンプル蓄積中。市場=強いリスクオフ、ニュース重大度と300万円の損失・投入・現金・保有数制約を適用,強いリスクオフのため新規主力買い停止,0.0,0.0,6.0,198,198,信用需給は判定不能,信用データがデータなし、または売残0で信用倍率を算出不能,データ不足,False,公式取得元または参照先なし,データなし,データなし,データなし,データなし,データなし,データなし,データなし,データなし,データなし,評価不能,評価不能,,評価不能,,データなし,データなし,データなし,データなし,データ不足,公式取得元または参照先なし,,,データなし,データなし,データなし,,,,,,,,,,,,,,,,
1979,大氣社,見送り,見送り,見送り,4064.79,4138.77,4175.0,4189.8,4315.49,3920.31,4728.77,0,0.0,0.0,2.68,B,見送り,1.14,39.72,-0.79σ,0.57,False,データなし,9.0,0,-9.0,0,0.0,強いリスクオフ・通常の25%,出来高0.6倍未満のため主力不可。ファンダメンタル=データ不足、RSI 39.7、出来高 0.57倍、BB -0.79σ,方式別実績はサンプル蓄積中。市場=強いリスクオフ、ニュース重大度と300万円の損失・投入・現金・保有数制約を適用,強いリスクオフのため新規主力買い停止,0.0,0.0,9.0,87,87,信用需給は判定不能,信用データがデータなし、または売残0で信用倍率を算出不能,データ不足,False,公式取得元または参照先なし,データなし,データなし,データなし,データなし,データなし,データなし,データなし,データなし,データなし,評価不能,評価不能,,評価不能,,データなし,データなし,データなし,データなし,データ不足,公式取得元または参照先なし,,,データなし,データなし,データなし,,,,,,,,,,,,,,,,
8361,大垣共立銀行,見送り,見送り,見送り,7174.41,7335.91,8310.0,8342.3,8592.57,6882.82,11261.26,0,0.0,0.0,2.46,B,見送り,1.14,59.75,+1.40σ,0.57,False,データなし,6.0,3,-9.0,0,0.0,強いリスクオフ・通常の25%,出来高0.6倍未満のため主力不可。ファンダメンタル=データ不足、RSI 59.8、出来高 0.57倍、BB +1.40σ,方式別実績はサンプル蓄積中。市場=強いリスクオフ、ニュース重大度と300万円の損失・投入・現金・保有数制約を適用,強いリスクオフのため新規主力買い停止,0.0,0.0,6.0,198,198,信用需給は判定不能,信用データがデータなし、または売残0で信用倍率を算出不能,データ不足,False,公式取得元または参照先なし,データなし,データなし,データなし,データなし,データなし,データなし,データなし,データなし,データなし,評価不能,評価不能,,評価不能,,データなし,データなし,データなし,データなし,データ不足,公式取得元または参照先なし,,,データなし,データなし,データなし,,,,,,,,,,,,,,,,
5214,日本電気硝子,見送り,見送り,見送り,4788.42,4901.52,5221.0,5243.62,5400.93,4496.59,6737.68,0,0.0,0.0,2.21,B,見送り,1.12,45.11,+0.00σ,0.56,False,データなし,6.0,3,-9.0,0,0.0,強いリスクオフ・通常の25%,出来高0.6倍未満のため主力不可。ファンダメンタル=データ不足、RSI 45.1、出来高 0.56倍、BB +0.00σ,方式別実績はサンプル蓄積中。市場=強いリスクオフ、ニュース重大度と300万円の損失・投入・現金・保有数制約を適用,強いリスクオフのため新規主力買い停止,0.0,0.0,6.0,198,198,信用需給は判定不能,信用データがデータなし、または売残0で信用倍率を算出不能,データ不足,False,公式取得元または参照先なし,データなし,データなし,データなし,データなし,データなし,データなし,データなし,データなし,データなし,評価不能,評価不能,,評価不能,,データなし,データなし,データなし,データなし,データ不足,公式取得元または参照先なし,,,データなし,データなし,データなし,,,,,,,,,,,,,,,,
9984,ソフトバンクグループ,見送り,見送り,見送り,5022.74,5220.4,5970.0,6009.53,6207.19,4774.39,8479.81,0,0.0,0.0,2.33,B,見送り,1.12,53.17,+1.20σ,0.56,False,データなし,6.0,3,-9.0,0,0.0,強いリスクオフ・通常の25%,出来高0.6倍未満のため主力不可。ファンダメンタル=データ不足、RSI 53.2、出来高 0.56倍、BB +1.20σ,方式別実績はサンプル蓄積中。市場=強いリスクオフ、ニュース重大度と300万円の損失・投入・現金・保有数制約を適用,強いリスクオフのため新規主力買い停止,0.0,0.0,6.0,198,198,信用需給は判定不能,信用データがデータなし、または売残0で信用倍率を算出不能,データ不足,False,公式取得元または参照先なし,データなし,データなし,データなし,データなし,データなし,データなし,データなし,データなし,データなし,評価不能,評価不能,,評価不能,,データなし,データなし,データなし,データなし,データ不足,公式取得元または参照先なし,,,データなし,データなし,データなし,,,,,,,,,,,,,,,,
9107,川崎汽船,見送り,見送り,見送り,2738.61,2779.89,3120.0,3128.25,3222.1,2673.07,4038.62,0,0.0,0.0,2.42,C,見送り,1.1,72.19,+2.63σ,1.05,False,データなし,5.0,3,-9.0,0,0.0,強いリスクオフ・通常の25%,急騰済みを最優先して除外。ファンダメンタル=データ不足、RSI 72.2、出来高 1.05倍、BB +2.63σ,方式別実績はサンプル蓄積中。市場=強いリスクオフ、ニュース重大度と300万円の損失・投入・現金・保有数制約を適用,強いリスクオフのため新規主力買い停止,0.0,0.0,5.0,300,300,信用需給は判定不能,信用データがデータなし、または売残0で信用倍率を算出不能,データ不足,False,公式取得元または参照先なし,データなし,データなし,データなし,データなし,データなし,データなし,データなし,データなし,データなし,評価不能,評価不能,,評価不能,,データなし,データなし,データなし,データなし,データ不足,公式取得元または参照先なし,,,データなし,データなし,データなし,,,,,,,,,,,,,,,,
4272,日本化薬,見送り,見送り,見送り,1923.63,1946.37,2143.5,2148.05,2212.49,1864.1,2715.94,0,0.0,0.0,2.08,C,見送り,1.04,72.09,+1.91σ,0.52,False,データなし,6.0,3,-9.0,0,0.0,強いリスクオフ・通常の25%,急騰済みを最優先して除外。ファンダメンタル=データ不足、RSI 72.1、出来高 0.52倍、BB +1.91σ,方式別実績はサンプル蓄積中。市場=強いリスクオフ、ニュース重大度と300万円の損失・投入・現金・保有数制約を適用,強いリスクオフのため新規主力買い停止,0.0,0.0,6.0,198,198,信用需給は判定不能,信用データがデータなし、または売残0で信用倍率を算出不能,データ不足,False,公式取得元または参照先なし,データなし,データなし,データなし,データなし,データなし,データなし,データなし,データなし,データなし,評価不能,評価不能,,評価不能,,データなし,データなし,データなし,データなし,データ不足,公式取得元または参照先なし,,,データなし,データなし,データなし,,,,,,,,,,,,,,,,
7867,タカラトミー,見送り,見送り,見送り,3450.43,3510.81,3642.0,3654.08,3763.7,3377.78,4206.67,0,0.0,0.0,2.73,B,見送り,1.04,55.83,+0.16σ,0.52,False,データなし,6.0,3,-9.0,0,0.0,強いリスクオフ・通常の25%,出来高0.6倍未満のため主力不可。ファンダメンタル=データ不足、RSI 55.8、出来高 0.52倍、BB +0.16σ,方式別実績はサンプル蓄積中。市場=強いリスクオフ、ニュース重大度と300万円の損失・投入・現金・保有数制約を適用,強いリスクオフのため新規主力買い停止,0.0,0.0,6.0,198,198,信用需給は判定不能,信用データがデータなし、または売残0で信用倍率を算出不能,データ不足,False,公式取得元または参照先なし,データなし,データなし,データなし,データなし,データなし,データなし,データなし,データなし,データなし,評価不能,評価不能,,評価不能,,データなし,データなし,データなし,データなし,データ不足,公式取得元または参照先なし,,,データなし,データなし,データなし,,,,,,,,,,,,,,,,
6925,ウシオ電機,見送り,見送り,見送り,3759.48,3865.02,4398.0,4419.11,4551.68,3576.9,6103.53,0,0.0,0.0,2.23,B,見送り,1.02,56.25,+1.32σ,0.51,False,データなし,6.0,3,-9.0,0,0.0,強いリスクオフ・通常の25%,出来高0.6倍未満のため主力不可。ファンダメンタル=データ不足、RSI 56.2、出来高 0.51倍、BB +1.32σ,方式別実績はサンプル蓄積中。市場=強いリスクオフ、ニュース重大度と300万円の損失・投入・現金・保有数制約を適用,強いリスクオフのため新規主力買い停止,0.0,0.0,6.0,198,198,信用需給は判定不能,信用データがデータなし、または売残0で信用倍率を算出不能,データ不足,False,公式取得元または参照先なし,データなし,データなし,データなし,データなし,データなし,データなし,データなし,データなし,データなし,評価不能,評価不能,,評価不能,,データなし,データなし,データなし,データなし,データ不足,公式取得元または参照先なし,,,データなし,データなし,データなし,,,,,,,,,,,,,,,,
7735,ＳＣＲＥＥＮホールディングス,見送り,見送り,見送り,12381.35,12881.76,14730.0,14830.08,15330.49,11028.12,22434.01,0,0.0,0.0,2.18,B,見送り,0.98,50.23,+0.24σ,0.49,False,データなし,6.0,3,-9.0,0,0.0,強いリスクオフ・通常の25%,出来高0.6倍未満のため主力不可。ファンダメンタル=データ不足、RSI 50.2、出来高 0.49倍、BB +0.24σ,方式別実績はサンプル蓄積中。市場=強いリスクオフ、ニュース重大度と300万円の損失・投入・現金・保有数制約を適用,強いリスクオフのため新規主力買い停止,0.0,0.0,6.0,198,198,信用需給は判定不能,信用データがデータなし、または売残0で信用倍率を算出不能,データ不足,False,公式取得元または参照先なし,データなし,データなし,データなし,データなし,データなし,データなし,データなし,データなし,データなし,評価不能,評価不能,,評価不能,,データなし,データなし,データなし,データなし,データ不足,公式取得元または参照先なし,,,データなし,データなし,データなし,,,,,,,,,,,,,,,,
2986,ＬＡホールディングス,見送り,見送り,見送り,2656.37,2698.19,2873.0,2881.36,2967.8,2627.32,3389.45,0,0.0,0.0,2.72,B,見送り,0.96,56.11,+2.10σ,0.48,False,データなし,6.0,3,-9.0,0,0.0,強いリスクオフ・通常の25%,出来高0.6倍未満のため主力不可。ファンダメンタル=データ不足、RSI 56.1、出来高 0.48倍、BB +2.10σ,方式別実績はサンプル蓄積中。市場=強いリスクオフ、ニュース重大度と300万円の損失・投入・現金・保有数制約を適用,強いリスクオフのため新規主力買い停止,0.0,0.0,6.0,198,198,信用需給は判定不能,信用データがデータなし、または売残0で信用倍率を算出不能,データ不足,False,公式取得元または参照先なし,データなし,データなし,データなし,データなし,データなし,データなし,データなし,データなし,データなし,評価不能,評価不能,,評価不能,,データなし,データなし,データなし,データなし,データ不足,公式取得元または参照先なし,,,データなし,データなし,データなし,,,,,,,,,,,,,,,,
6104,芝浦機械,見送り,見送り,見送り,4032.73,4122.27,4325.0,4342.91,4473.2,3818.99,5390.74,0,0.0,0.0,2.41,B,見送り,0.96,47.69,-0.22σ,0.48,False,データなし,6.0,3,-9.0,0,0.0,強いリスクオフ・通常の25%,出来高0.6倍未満のため主力不可。ファンダメンタル=データ不足、RSI 47.7、出来高 0.48倍、BB -0.22σ,方式別実績はサンプル蓄積中。市場=強いリスクオフ、ニュース重大度と300万円の損失・投入・現金・保有数制約を適用,強いリスクオフのため新規主力買い停止,0.0,0.0,6.0,198,198,信用需給は判定不能,信用データがデータなし、または売残0で信用倍率を算出不能,データ不足,False,公式取得元または参照先なし,データなし,データなし,データなし,データなし,データなし,データなし,データなし,データなし,データなし,評価不能,評価不能,,評価不能,,データなし,データなし,データなし,データなし,データ不足,公式取得元または参照先なし,,,データなし,データなし,データなし,,,,,,,,,,,,,,,,
7381,ＣＣＩグループ,見送り,見送り,見送り,1099.49,1121.21,1303.0,1307.35,1346.57,1051.79,1818.46,0,0.0,0.0,2.51,C,見送り,0.96,69.77,+1.73σ,0.48,False,データなし,6.0,3,-9.0,0,0.0,強いリスクオフ・通常の25%,急騰済みを最優先して除外。ファンダメンタル=データ不足、RSI 69.8、出来高 0.48倍、BB +1.73σ,方式別実績はサンプル蓄積中。市場=強いリスクオフ、ニュース重大度と300万円の損失・投入・現金・保有数制約を適用,強いリスクオフのため新規主力買い停止,0.0,0.0,6.0,198,198,信用需給は判定不能,信用データがデータなし、または売残0で信用倍率を算出不能,データ不足,False,公式取得元または参照先なし,データなし,データなし,データなし,データなし,データなし,データなし,データなし,データなし,データなし,評価不能,評価不能,,評価不能,,データなし,データなし,データなし,データなし,データ不足,公式取得元または参照先なし,,,データなし,データなし,データなし,,,,,,,,,,,,,,,,
7071,アンビスホールディングス,見送り,見送り,見送り,367.01,374.57,419.0,420.51,433.13,358.92,543.7,0,0.0,0.0,2.24,C,見送り,0.9,68.04,+2.81σ,1.95,False,データなし,6.0,0,-9.0,0,0.0,強いリスクオフ・通常の25%,急騰済みを最優先して除外。ファンダメンタル=データ不足、RSI 68.0、出来高 1.95倍、BB +2.81σ,方式別実績はサンプル蓄積中。市場=強いリスクオフ、ニュース重大度と300万円の損失・投入・現金・保有数制約を適用,強いリスクオフのため新規主力買い停止,0.0,0.0,6.0,198,198,信用需給は判定不能,信用データがデータなし、または売残0で信用倍率を算出不能,データ不足,False,公式取得元または参照先なし,データなし,データなし,データなし,データなし,データなし,データなし,データなし,データなし,データなし,評価不能,評価不能,,評価不能,,データなし,データなし,データなし,データなし,データ不足,公式取得元または参照先なし,,,データなし,データなし,データなし,,,,,,,,,,,,,,,,
4973,日本高純度化学,見送り,見送り,見送り,4303.18,4407.42,4915.0,4935.85,5083.92,4076.1,6655.34,0,0.0,0.0,2.21,B,見送り,0.8,52.77,+0.88σ,0.4,False,データなし,6.0,3,-9.0,0,0.0,強いリスクオフ・通常の25%,出来高0.6倍未満のため主力不可。ファンダメンタル=データ不足、RSI 52.8、出来高 0.40倍、BB +0.88σ,方式別実績はサンプル蓄積中。市場=強いリスクオフ、ニュース重大度と300万円の損失・投入・現金・保有数制約を適用,強いリスクオフのため新規主力買い停止,0.0,0.0,6.0,198,198,信用需給は判定不能,信用データがデータなし、または売残0で信用倍率を算出不能,データ不足,False,公式取得元または参照先なし,データなし,データなし,データなし,データなし,データなし,データなし,データなし,データなし,データなし,評価不能,評価不能,,評価不能,,データなし,データなし,データなし,データなし,データ不足,公式取得元または参照先なし,,,データなし,データなし,データなし,,,,,,,,,,,,,,,,
6146,ディスコ,見送り,見送り,見送り,55957.86,58115.64,68120.0,68551.56,70709.34,52170.5,101313.67,0,0.0,0.0,2.58,B,見送り,0.78,51.3,+0.82σ,0.39,False,データなし,6.0,3,-9.0,0,0.0,強いリスクオフ・通常の25%,出来高0.6倍未満のため主力不可。ファンダメンタル=データ不足、RSI 51.3、出来高 0.39倍、BB +0.82σ,方式別実績はサンプル蓄積中。市場=強いリスクオフ、ニュース重大度と300万円の損失・投入・現金・保有数制約を適用,強いリスクオフのため新規主力買い停止,0.0,0.0,6.0,198,198,信用需給は判定不能,信用データがデータなし、または売残0で信用倍率を算出不能,データ不足,False,公式取得元または参照先なし,データなし,データなし,データなし,データなし,データなし,データなし,データなし,データなし,データなし,評価不能,評価不能,,評価不能,,データなし,データなし,データなし,データなし,データ不足,公式取得元または参照先なし,,,データなし,データなし,データなし,,,,,,,,,,,,,,,,
6331,三菱化工機,見送り,見送り,見送り,3109.17,3174.45,3385.0,3398.05,3500.0,3046.12,4101.92,0,0.0,0.0,2.65,B,見送り,0.78,50.42,+1.02σ,0.39,False,データなし,6.0,3,-9.0,0,0.0,強いリスクオフ・通常の25%,出来高0.6倍未満のため主力不可。ファンダメンタル=データ不足、RSI 50.4、出来高 0.39倍、BB +1.02σ,方式別実績はサンプル蓄積中。市場=強いリスクオフ、ニュース重大度と300万円の損失・投入・現金・保有数制約を適用,強いリスクオフのため新規主力買い停止,0.0,0.0,6.0,198,198,信用需給は判定不能,信用データがデータなし、または売残0で信用倍率を算出不能,データ不足,False,公式取得元または参照先なし,データなし,データなし,データなし,データなし,データなし,データなし,データなし,データなし,データなし,評価不能,評価不能,,評価不能,,データなし,データなし,データなし,データなし,データ不足,公式取得元または参照先なし,,,データなし,データなし,データなし,,,,,,,,,,,,,,,,
8914,エリアリンク,見送り,見送り,見送り,893.76,911.9,950.0,953.63,982.24,868.91,1123.06,0,0.0,0.0,3.97,B,見送り,0.74,50.06,-0.49σ,1.37,False,データなし,4.0,3,-9.0,0,0.0,強いリスクオフ・通常の25%,反転条件の完成待ち。ファンダメンタル=データ不足、RSI 50.1、出来高 1.37倍、BB -0.49σ,方式別実績はサンプル蓄積中。市場=強いリスクオフ、ニュース重大度と300万円の損失・投入・現金・保有数制約を適用,強いリスクオフのため新規主力買い停止,0.0,0.0,4.0,320,320,信用需給は判定不能,信用データがデータなし、または売残0で信用倍率を算出不能,データ不足,False,公式取得元または参照先なし,データなし,データなし,データなし,データなし,データなし,データなし,データなし,データなし,データなし,評価不能,評価不能,,評価不能,,データなし,データなし,データなし,データなし,データ不足,公式取得元または参照先なし,,,データなし,データなし,データなし,,,,,,,,,,,,,,,,
6273,ＳＭＣ,見送り,見送り,見送り,67652.09,69408.27,78320.0,78671.24,81031.37,64459.35,107095.01,0,0.0,0.0,2.24,B,見送り,0.56,59.1,+1.23σ,0.78,False,データなし,5.0,3,-9.0,0,0.0,強いリスクオフ・通常の25%,反転条件の完成待ち。ファンダメンタル=データ不足、RSI 59.1、出来高 0.78倍、BB +1.23σ,方式別実績はサンプル蓄積中。市場=強いリスクオフ、ニュース重大度と300万円の損失・投入・現金・保有数制約を適用,強いリスクオフのため新規主力買い停止,0.0,0.0,5.0,300,300,信用需給は判定不能,信用データがデータなし、または売残0で信用倍率を算出不能,データ不足,False,公式取得元または参照先なし,データなし,データなし,データなし,データなし,データなし,データなし,データなし,データなし,データなし,評価不能,評価不能,,評価不能,,データなし,データなし,データなし,データなし,データ不足,公式取得元または参照先なし,,,データなし,データなし,データなし,,,,,,,,,,,,,,,,
4631,ＤＩＣ,見送り,見送り,見送り,4235.39,4336.21,5712.0,5732.16,5904.13,3816.01,9564.47,0,0.0,0.0,2.28,C,見送り,0.48,70.29,+1.73σ,1.24,False,データなし,4.0,3,-9.0,0,0.0,強いリスクオフ・通常の25%,急騰済みを最優先して除外。ファンダメンタル=データ不足、RSI 70.3、出来高 1.24倍、BB +1.73σ,方式別実績はサンプル蓄積中。市場=強いリスクオフ、ニュース重大度と300万円の損失・投入・現金・保有数制約を適用,強いリスクオフのため新規主力買い停止,0.0,0.0,4.0,320,320,信用需給は判定不能,信用データがデータなし、または売残0で信用倍率を算出不能,データ不足,False,公式取得元または参照先なし,データなし,データなし,データなし,データなし,データなし,データなし,データなし,データなし,データなし,評価不能,評価不能,,評価不能,,データなし,データなし,データなし,データなし,データ不足,公式取得元または参照先なし,,,データなし,データなし,データなし,,,,,,,,,,,,,,,,
9009,京成電鉄,見送り,見送り,見送り,1246.22,1261.18,1288.0,1290.99,1329.72,1232.05,1408.87,0,0.0,0.0,2.69,B,見送り,0.46,57.91,+0.21σ,0.73,False,データなし,5.0,3,-9.0,0,0.0,強いリスクオフ・通常の25%,反転条件の完成待ち。ファンダメンタル=データ不足、RSI 57.9、出来高 0.73倍、BB +0.21σ,方式別実績はサンプル蓄積中。市場=強いリスクオフ、ニュース重大度と300万円の損失・投入・現金・保有数制約を適用,強いリスクオフのため新規主力買い停止,0.0,0.0,5.0,300,300,信用需給は判定不能,信用データがデータなし、または売残0で信用倍率を算出不能,データ不足,False,公式取得元または参照先なし,データなし,データなし,データなし,データなし,データなし,データなし,データなし,データなし,データなし,評価不能,評価不能,,評価不能,,データなし,データなし,データなし,データなし,データ不足,公式取得元または参照先なし,,,データなし,データなし,データなし,,,,,,,,,,,,,,,,
6268,ナブテスコ,見送り,見送り,見送り,4533.04,4651.86,5072.0,5095.76,5248.64,4374.41,6538.47,0,0.0,0.0,2.84,B,見送り,0.42,49.98,+0.58σ,0.71,False,データなし,5.0,3,-9.0,0,0.0,強いリスクオフ・通常の25%,反転条件の完成待ち。ファンダメンタル=データ不足、RSI 50.0、出来高 0.71倍、BB +0.58σ,方式別実績はサンプル蓄積中。市場=強いリスクオフ、ニュース重大度と300万円の損失・投入・現金・保有数制約を適用,強いリスクオフのため新規主力買い停止,0.0,0.0,5.0,300,300,信用需給は判定不能,信用データがデータなし、または売残0で信用倍率を算出不能,データ不足,False,公式取得元または参照先なし,データなし,データなし,データなし,データなし,データなし,データなし,データなし,データなし,データなし,評価不能,評価不能,,評価不能,,データなし,データなし,データなし,データなし,データ不足,公式取得元または参照先なし,,,データなし,データなし,データなし,,,,,,,,,,,,,,,,
5817,ＪＭＡＣＳ,見送り,見送り,見送り,903.68,931.39,1050.0,1055.54,1087.21,866.44,1433.75,0,0.0,0.0,2.27,B,見送り,0.4,59.77,+1.40σ,0.2,False,データなし,6.0,3,-9.0,0,0.0,強いリスクオフ・通常の25%,出来高0.6倍未満のため主力不可。ファンダメンタル=データ不足、RSI 59.8、出来高 0.20倍、BB +1.40σ,方式別実績はサンプル蓄積中。市場=強いリスクオフ、ニュース重大度と300万円の損失・投入・現金・保有数制約を適用,強いリスクオフのため新規主力買い停止,0.0,0.0,6.0,198,198,信用需給は判定不能,信用データがデータなし、または売残0で信用倍率を算出不能,データ不足,False,公式取得元または参照先なし,データなし,データなし,データなし,データなし,データなし,データなし,データなし,データなし,データなし,評価不能,評価不能,,評価不能,,データなし,データなし,データなし,データなし,データ不足,公式取得元または参照先なし,,,データなし,データなし,データなし,,,,,,,,,,,,,,,,
3444,菊池製作所,見送り,見送り,見送り,905.52,934.52,1094.0,1099.8,1132.8,872.44,1554.52,0,0.0,0.0,2.18,C,見送り,0.32,59.76,+2.51σ,1.66,False,データなし,6.0,0,-9.0,0,0.0,強いリスクオフ・通常の25%,急騰済みを最優先して除外。ファンダメンタル=データ不足、RSI 59.8、出来高 1.66倍、BB +2.51σ,方式別実績はサンプル蓄積中。市場=強いリスクオフ、ニュース重大度と300万円の損失・投入・現金・保有数制約を適用,強いリスクオフのため新規主力買い停止,0.0,0.0,6.0,198,198,信用需給は判定不能,信用データがデータなし、または売残0で信用倍率を算出不能,データ不足,False,公式取得元または参照先なし,データなし,データなし,データなし,データなし,データなし,データなし,データなし,データなし,データなし,評価不能,評価不能,,評価不能,,データなし,データなし,データなし,データなし,データ不足,公式取得元または参照先なし,,,データなし,データなし,データなし,,,,,,,,,,,,,,,,
6752,パナソニック　ホールディングス,見送り,見送り,見送り,3768.01,3880.81,4982.0,5004.56,5154.7,3454.82,8104.04,0,0.0,0.0,2.49,C,見送り,0.32,64.7,+1.61σ,0.66,False,データなし,5.0,3,-9.0,0,0.0,強いリスクオフ・通常の25%,急騰済みを最優先して除外。ファンダメンタル=データ不足、RSI 64.7、出来高 0.66倍、BB +1.61σ,方式別実績はサンプル蓄積中。市場=強いリスクオフ、ニュース重大度と300万円の損失・投入・現金・保有数制約を適用,強いリスクオフのため新規主力買い停止,0.0,0.0,5.0,300,300,信用需給は判定不能,信用データがデータなし、または売残0で信用倍率を算出不能,データ不足,False,公式取得元または参照先なし,データなし,データなし,データなし,データなし,データなし,データなし,データなし,データなし,データなし,評価不能,評価不能,,評価不能,,データなし,データなし,データなし,データなし,データ不足,公式取得元または参照先なし,,,データなし,データなし,データなし,,,,,,,,,,,,,,,,
6072,地盤ネットホールディングス,見送り,見送り,見送り,843.56,883.96,1157.0,1165.08,1205.47,763.21,1968.81,0,0.0,0.0,2.25,C,見送り,0.3,60.42,+1.69σ,0.65,False,データなし,5.0,3,-9.0,0,0.0,強いリスクオフ・通常の25%,急騰済みを最優先して除外。ファンダメンタル=データ不足、RSI 60.4、出来高 0.65倍、BB +1.69σ,方式別実績はサンプル蓄積中。市場=強いリスクオフ、ニュース重大度と300万円の損失・投入・現金・保有数制約を適用,強いリスクオフのため新規主力買い停止,0.0,0.0,5.0,300,300,信用需給は判定不能,信用データがデータなし、または売残0で信用倍率を算出不能,データ不足,False,公式取得元または参照先なし,データなし,データなし,データなし,データなし,データなし,データなし,データなし,データなし,データなし,評価不能,評価不能,,評価不能,,データなし,データなし,データなし,データなし,データ不足,公式取得元または参照先なし,,,データなし,データなし,データなし,,,,,,,,,,,,,,,,
6440,ＪＵＫＩ,見送り,見送り,見送り,509.51,523.85,659.0,661.87,681.72,453.37,1078.86,0,0.0,0.0,2.21,C,見送り,0.3,63.35,+1.07σ,0.65,False,データなし,5.0,3,-9.0,0,0.0,強いリスクオフ・通常の25%,急騰済みを最優先して除外。ファンダメンタル=データ不足、RSI 63.4、出来高 0.65倍、BB +1.07σ,方式別実績はサンプル蓄積中。市場=強いリスクオフ、ニュース重大度と300万円の損失・投入・現金・保有数制約を適用,強いリスクオフのため新規主力買い停止,0.0,0.0,5.0,300,300,信用需給は判定不能,信用データがデータなし、または売残0で信用倍率を算出不能,データ不足,False,公式取得元または参照先なし,データなし,データなし,データなし,データなし,データなし,データなし,データなし,データなし,データなし,評価不能,評価不能,,評価不能,,データなし,データなし,データなし,データなし,データ不足,公式取得元または参照先なし,,,データなし,データなし,データなし,,,,,,,,,,,,,,,,
4259,エクサウィザーズ,見送り,見送り,見送り,726.9,740.0,747.0,752.24,778.43,667.0,922.71,0,0.0,0.0,2.5,B,見送り,0.18,41.26,-1.15σ,1.59,True,データなし,10.0,0,-9.0,0,0.0,強いリスクオフ・通常の25%,暴落リバウンド型のため主力不可。ファンダメンタル=データ不足、RSI 41.3、出来高 1.59倍、BB -1.15σ,方式別実績はサンプル蓄積中。市場=強いリスクオフ、ニュース重大度と300万円の損失・投入・現金・保有数制約を適用,強いリスクオフのため新規主力買い停止,0.0,0.0,10.0,49,49,信用需給は判定不能,信用データがデータなし、または売残0で信用倍率を算出不能,データ不足,False,公式取得元または参照先なし,データなし,データなし,データなし,データなし,データなし,データなし,データなし,データなし,データなし,評価不能,評価不能,,評価不能,,データなし,データなし,データなし,データなし,データ不足,公式取得元または参照先なし,,,データなし,データなし,データなし,,,,,,,,,,,,,,,,
6666,リバーエレテック,見送り,見送り,見送り,696.02,726.08,849.0,855.01,885.07,643.65,1277.74,0,0.0,0.0,2.12,B,見送り,0.18,52.81,+1.02σ,0.59,False,データなし,5.0,3,-9.0,0,0.0,強いリスクオフ・通常の25%,出来高0.6倍未満のため主力不可。ファンダメンタル=データ不足、RSI 52.8、出来高 0.59倍、BB +1.02σ,方式別実績はサンプル蓄積中。市場=強いリスクオフ、ニュース重大度と300万円の損失・投入・現金・保有数制約を適用,強いリスクオフのため新規主力買い停止,0.0,0.0,5.0,300,300,信用需給は判定不能,信用データがデータなし、または売残0で信用倍率を算出不能,データ不足,False,公式取得元または参照先なし,データなし,データなし,データなし,データなし,データなし,データなし,データなし,データなし,データなし,評価不能,評価不能,,評価不能,,データなし,データなし,データなし,データなし,データ不足,公式取得元または参照先なし,,,データなし,データなし,データなし,,,,,,,,,,,,,,,,
7245,大同メタル工業,見送り,見送り,見送り,1259.61,1300.09,1399.0,1407.1,1449.31,1206.79,1807.71,0,0.0,0.0,2.24,B,見送り,0.16,50.93,+0.54σ,0.58,False,データなし,8.0,0,-9.0,0,0.0,強いリスクオフ・通常の25%,出来高0.6倍未満のため主力不可。ファンダメンタル=データ不足、RSI 50.9、出来高 0.58倍、BB +0.54σ,方式別実績はサンプル蓄積中。市場=強いリスクオフ、ニュース重大度と300万円の損失・投入・現金・保有数制約を適用,強いリスクオフのため新規主力買い停止,0.0,0.0,8.0,118,118,信用需給は判定不能,信用データがデータなし、または売残0で信用倍率を算出不能,データ不足,False,公式取得元または参照先なし,データなし,データなし,データなし,データなし,データなし,データなし,データなし,データなし,データなし,評価不能,評価不能,,評価不能,,データなし,データなし,データなし,データなし,データ不足,公式取得元または参照先なし,,,データなし,データなし,データなし,,,,,,,,,,,,,,,,
8604,野村ホールディングス,見送り,見送り,見送り,1513.16,1533.84,1589.5,1593.63,1641.44,1486.13,1808.64,0,0.0,0.0,3.43,B,見送り,0.14,53.17,-0.05σ,0.57,False,データなし,5.0,3,-9.0,0,0.0,強いリスクオフ・通常の25%,出来高0.6倍未満のため主力不可。ファンダメンタル=データ不足、RSI 53.2、出来高 0.57倍、BB -0.05σ,方式別実績はサンプル蓄積中。市場=強いリスクオフ、ニュース重大度と300万円の損失・投入・現金・保有数制約を適用,強いリスクオフのため新規主力買い停止,0.0,0.0,5.0,300,300,信用需給は判定不能,信用データがデータなし、または売残0で信用倍率を算出不能,データ不足,False,公式取得元または参照先なし,データなし,データなし,データなし,データなし,データなし,データなし,データなし,データなし,データなし,評価不能,評価不能,,評価不能,,データなし,データなし,データなし,データなし,データ不足,公式取得元または参照先なし,,,データなし,データなし,データなし,,,,,,,,,,,,,,,,
2585,ライフドリンク　カンパニー,見送り,見送り,見送り,1386.02,1430.9,1896.0,1904.98,1962.13,1321.68,3071.57,0,0.0,0.0,3.94,C,見送り,0.0,61.3,+2.08σ,3.48,False,データなし,3.0,0,-9.0,0,0.0,強いリスクオフ・通常の25%,急騰済みを最優先して除外。ファンダメンタル=データ不足、RSI 61.3、出来高 3.48倍、BB +2.08σ,方式別実績はサンプル蓄積中。市場=強いリスクオフ、ニュース重大度と300万円の損失・投入・現金・保有数制約を適用,強いリスクオフのため新規主力買い停止,0.0,0.0,3.0,374,374,信用需給は判定不能,信用データがデータなし、または売残0で信用倍率を算出不能,データ不足,False,公式取得元または参照先なし,データなし,データなし,データなし,データなし,データなし,データなし,データなし,データなし,データなし,評価不能,評価不能,,評価不能,,データなし,データなし,データなし,データなし,データ不足,公式取得元または参照先なし,,,データなし,データなし,データなし,,,,,,,,,,,,,,,,
3103,ユニチカ,見送り,見送り,見送り,720.84,793.88,1847.0,1861.61,1934.65,498.72,4587.39,0,0.0,0.0,2.51,C,見送り,0.0,71.35,+2.51σ,5.92,False,データなし,3.0,0,-9.0,0,0.0,強いリスクオフ・通常の25%,急騰済みを最優先して除外。ファンダメンタル=データ不足、RSI 71.3、出来高 5.92倍、BB +2.51σ,方式別実績はサンプル蓄積中。市場=強いリスクオフ、ニュース重大度と300万円の損失・投入・現金・保有数制約を適用,強いリスクオフのため新規主力買い停止,0.0,0.0,3.0,374,374,信用需給は判定不能,信用データがデータなし、または売残0で信用倍率を算出不能,データ不足,False,公式取得元または参照先なし,データなし,データなし,データなし,データなし,データなし,データなし,データなし,データなし,データなし,評価不能,評価不能,,評価不能,,データなし,データなし,データなし,データなし,データ不足,公式取得元または参照先なし,,,データなし,データなし,データなし,,,,,,,,,,,,,,,,
3659,ネクソン,見送り,見送り,見送り,2224.83,2291.61,3349.0,3362.35,3463.22,2042.82,6001.42,0,0.0,0.0,2.95,C,見送り,0.0,79.72,+2.65σ,5.4,False,データなし,3.0,0,-9.0,0,0.0,強いリスクオフ・通常の25%,急騰済みを最優先して除外。ファンダメンタル=データ不足、RSI 79.7、出来高 5.40倍、BB +2.65σ,方式別実績はサンプル蓄積中。市場=強いリスクオフ、ニュース重大度と300万円の損失・投入・現金・保有数制約を適用,強いリスクオフのため新規主力買い停止,0.0,0.0,3.0,374,374,信用需給は判定不能,信用データがデータなし、または売残0で信用倍率を算出不能,データ不足,False,公式取得元または参照先なし,データなし,データなし,データなし,データなし,データなし,データなし,データなし,データなし,データなし,評価不能,評価不能,,評価不能,,データなし,データなし,データなし,データなし,データ不足,公式取得元または参照先なし,,,データなし,データなし,データなし,,,,,,,,,,,,,,,,
3660,アイスタイル,見送り,見送り,見送り,399.79,409.42,569.0,570.93,588.05,369.01,974.76,0,0.0,0.0,2.17,C,見送り,0.0,85.09,+3.37σ,9.15,False,データなし,3.0,0,-9.0,0,0.0,強いリスクオフ・通常の25%,急騰済みを最優先して除外。ファンダメンタル=データ不足、RSI 85.1、出来高 9.15倍、BB +3.37σ,方式別実績はサンプル蓄積中。市場=強いリスクオフ、ニュース重大度と300万円の損失・投入・現金・保有数制約を適用,強いリスクオフのため新規主力買い停止,0.0,0.0,3.0,374,374,信用需給は判定不能,信用データがデータなし、または売残0で信用倍率を算出不能,データ不足,False,公式取得元または参照先なし,データなし,データなし,データなし,データなし,データなし,データなし,データなし,データなし,データなし,評価不能,評価不能,,評価不能,,データなし,データなし,データなし,データなし,データ不足,公式取得元または参照先なし,,,データなし,データなし,データなし,,,,,,,,,,,,,,,,
4180,Ａｐｐｉｅｒ　Ｇｒｏｕｐ,見送り,見送り,見送り,861.02,889.96,1353.0,1358.79,1399.55,780.83,2514.71,0,0.0,0.0,2.33,C,見送り,0.0,85.03,+3.51σ,8.33,False,データなし,3.0,0,-9.0,0,0.0,強いリスクオフ・通常の25%,急騰済みを最優先して除外。ファンダメンタル=データ不足、RSI 85.0、出来高 8.33倍、BB +3.51σ,方式別実績はサンプル蓄積中。市場=強いリスクオフ、ニュース重大度と300万円の損失・投入・現金・保有数制約を適用,強いリスクオフのため新規主力買い停止,0.0,0.0,3.0,374,374,信用需給は判定不能,信用データがデータなし、または売残0で信用倍率を算出不能,データ不足,False,公式取得元または参照先なし,データなし,データなし,データなし,データなし,データなし,データなし,データなし,データなし,データなし,評価不能,評価不能,,評価不能,,データなし,データなし,データなし,データなし,データ不足,公式取得元または参照先なし,,,データなし,データなし,データなし,,,,,,,,,,,,,,,,
4480,メドレー,見送り,見送り,見送り,1897.13,1958.41,3040.0,3052.26,3143.82,1716.93,5722.91,0,0.0,0.0,2.66,C,見送り,0.0,80.9,+3.18σ,9.4,False,データなし,3.0,0,-9.0,0,0.0,強いリスクオフ・通常の25%,急騰済みを最優先して除外。ファンダメンタル=データ不足、RSI 80.9、出来高 9.40倍、BB +3.18σ,方式別実績はサンプル蓄積中。市場=強いリスクオフ、ニュース重大度と300万円の損失・投入・現金・保有数制約を適用,強いリスクオフのため新規主力買い停止,0.0,0.0,3.0,374,374,信用需給は判定不能,信用データがデータなし、または売残0で信用倍率を算出不能,データ不足,False,公式取得元または参照先なし,データなし,データなし,データなし,データなし,データなし,データなし,データなし,データなし,データなし,評価不能,評価不能,,評価不能,,データなし,データなし,データなし,データなし,データ不足,公式取得元または参照先なし,,,データなし,データなし,データなし,,,,,,,,,,,,,,,,
6176,ブランジスタ,見送り,見送り,見送り,888.87,899.99,1027.0,1029.22,1060.1,865.22,1357.23,0,0.0,0.0,2.47,C,見送り,0.0,76.86,+2.85σ,3.6,False,データなし,3.0,0,-9.0,0,0.0,強いリスクオフ・通常の25%,急騰済みを最優先して除外。ファンダメンタル=データ不足、RSI 76.9、出来高 3.60倍、BB +2.85σ,方式別実績はサンプル蓄積中。市場=強いリスクオフ、ニュース重大度と300万円の損失・投入・現金・保有数制約を適用,強いリスクオフのため新規主力買い停止,0.0,0.0,3.0,374,374,信用需給は判定不能,信用データがデータなし、または売残0で信用倍率を算出不能,データ不足,False,公式取得元または参照先なし,データなし,データなし,データなし,データなし,データなし,データなし,データなし,データなし,データなし,評価不能,評価不能,,評価不能,,データなし,データなし,データなし,データなし,データ不足,公式取得元または参照先なし,,,データなし,データなし,データなし,,,,,,,,,,,,,,,,
6574,コンヴァノ,見送り,見送り,見送り,83.67,86.23,114.0,114.51,117.95,78.26,187.02,0,0.0,0.0,2.32,C,見送り,0.0,76.4,+2.89σ,4.18,False,データなし,3.0,0,-9.0,0,0.0,強いリスクオフ・通常の25%,急騰済みを最優先して除外。ファンダメンタル=データ不足、RSI 76.4、出来高 4.18倍、BB +2.89σ,方式別実績はサンプル蓄積中。市場=強いリスクオフ、ニュース重大度と300万円の損失・投入・現金・保有数制約を適用,強いリスクオフのため新規主力買い停止,0.0,0.0,3.0,374,374,信用需給は判定不能,信用データがデータなし、または売残0で信用倍率を算出不能,データ不足,False,公式取得元または参照先なし,データなし,データなし,データなし,データなし,データなし,データなし,データなし,データなし,データなし,評価不能,評価不能,,評価不能,,データなし,データなし,データなし,データなし,データ不足,公式取得元または参照先なし,,,データなし,データなし,データなし,,,,,,,,,,,,,,,,
7033,マネジメントソリューションズ,見送り,見送り,見送り,1353.15,1377.37,1684.0,1688.84,1739.51,1303.52,2459.49,0,0.0,0.0,2.61,C,見送り,0.0,78.78,+3.19σ,5.46,False,データなし,3.0,0,-9.0,0,0.0,強いリスクオフ・通常の25%,急騰済みを最優先して除外。ファンダメンタル=データ不足、RSI 78.8、出来高 5.46倍、BB +3.19σ,方式別実績はサンプル蓄積中。市場=強いリスクオフ、ニュース重大度と300万円の損失・投入・現金・保有数制約を適用,強いリスクオフのため新規主力買い停止,0.0,0.0,3.0,374,374,信用需給は判定不能,信用データがデータなし、または売残0で信用倍率を算出不能,データ不足,False,公式取得元または参照先なし,データなし,データなし,データなし,データなし,データなし,データなし,データなし,データなし,データなし,評価不能,評価不能,,評価不能,,データなし,データなし,データなし,データなし,データ不足,公式取得元または参照先なし,,,データなし,データなし,データなし,,,,,,,,,,,,,,,,
7762,シチズン時計,見送り,見送り,見送り,2094.3,2152.89,2920.0,2931.72,3019.67,1898.37,4998.41,0,0.0,0.0,2.43,C,見送り,0.0,72.16,+2.01σ,3.62,False,データなし,3.0,0,-9.0,0,0.0,強いリスクオフ・通常の25%,急騰済みを最優先して除外。ファンダメンタル=データ不足、RSI 72.2、出来高 3.62倍、BB +2.01σ,方式別実績はサンプル蓄積中。市場=強いリスクオフ、ニュース重大度と300万円の損失・投入・現金・保有数制約を適用,強いリスクオフのため新規主力買い停止,0.0,0.0,3.0,374,374,信用需給は判定不能,信用データがデータなし、または売残0で信用倍率を算出不能,データ不足,False,公式取得元または参照先なし,データなし,データなし,データなし,データなし,データなし,データなし,データなし,データなし,データなし,評価不能,評価不能,,評価不能,,データなし,データなし,データなし,データなし,データ不足,公式取得元または参照先なし,,,データなし,データなし,データなし,,,,,,,,,,,,,,,,
7868,広済堂ホールディングス,見送り,見送り,見送り,504.5,514.4,577.0,578.98,596.35,493.14,750.67,0,0.0,0.0,2.07,C,見送り,-0.04,66.22,+3.14σ,1.48,False,データなし,6.0,0,-9.0,0,0.0,強いリスクオフ・通常の25%,急騰済みを最優先して除外。ファンダメンタル=データ不足、RSI 66.2、出来高 1.48倍、BB +3.14σ,方式別実績はサンプル蓄積中。市場=強いリスクオフ、ニュース重大度と300万円の損失・投入・現金・保有数制約を適用,強いリスクオフのため新規主力買い停止,0.0,0.0,6.0,198,198,信用需給は判定不能,信用データがデータなし、または売残0で信用倍率を算出不能,データ不足,False,公式取得元または参照先なし,データなし,データなし,データなし,データなし,データなし,データなし,データなし,データなし,データなし,評価不能,評価不能,,評価不能,,データなし,データなし,データなし,データなし,データ不足,公式取得元または参照先なし,,,データなし,データなし,データなし,,,,,,,,,,,,,,,,
6923,スタンレー電気,見送り,見送り,見送り,3447.69,3490.01,3690.0,3698.46,3809.42,3396.25,4302.89,0,0.0,0.0,2.29,B,見送り,-0.06,61.69,+1.80σ,0.47,False,データなし,5.0,3,-9.0,0,0.0,強いリスクオフ・通常の25%,出来高0.6倍未満のため主力不可。ファンダメンタル=データ不足、RSI 61.7、出来高 0.47倍、BB +1.80σ,方式別実績はサンプル蓄積中。市場=強いリスクオフ、ニュース重大度と300万円の損失・投入・現金・保有数制約を適用,強いリスクオフのため新規主力買い停止,0.0,0.0,5.0,300,300,信用需給は判定不能,信用データがデータなし、または売残0で信用倍率を算出不能,データ不足,False,公式取得元または参照先なし,データなし,データなし,データなし,データなし,データなし,データなし,データなし,データなし,データなし,評価不能,評価不能,,評価不能,,データなし,データなし,データなし,データなし,データ不足,公式取得元または参照先なし,,,データなし,データなし,データなし,,,,,,,,,,,,,,,,
7911,ＴＯＰＰＡＮホールディングス,見送り,見送り,見送り,4373.77,4487.07,5629.0,5651.66,5821.21,4109.09,8736.8,0,0.0,0.0,2.5,C,見送り,-0.08,65.39,+2.12σ,0.96,False,データなし,4.0,3,-9.0,0,0.0,強いリスクオフ・通常の25%,急騰済みを最優先して除外。ファンダメンタル=データ不足、RSI 65.4、出来高 0.96倍、BB +2.12σ,方式別実績はサンプル蓄積中。市場=強いリスクオフ、ニュース重大度と300万円の損失・投入・現金・保有数制約を適用,強いリスクオフのため新規主力買い停止,0.0,0.0,4.0,320,320,信用需給は判定不能,信用データがデータなし、または売残0で信用倍率を算出不能,データ不足,False,公式取得元または参照先なし,データなし,データなし,データなし,データなし,データなし,データなし,データなし,データなし,データなし,評価不能,評価不能,,評価不能,,データなし,データなし,データなし,データなし,データ不足,公式取得元または参照先なし,,,データなし,データなし,データなし,,,,,,,,,,,,,,,,
6378,木村化工機,見送り,見送り,見送り,1184.18,1206.26,1318.0,1322.42,1362.09,1154.64,1657.97,0,0.0,0.0,2.33,B,見送り,-0.12,61.26,+1.73σ,0.94,False,データなし,4.0,3,-9.0,0,0.0,強いリスクオフ・通常の25%,反転条件の完成待ち。ファンダメンタル=データ不足、RSI 61.3、出来高 0.94倍、BB +1.73σ,方式別実績はサンプル蓄積中。市場=強いリスクオフ、ニュース重大度と300万円の損失・投入・現金・保有数制約を適用,強いリスクオフのため新規主力買い停止,0.0,0.0,4.0,320,320,信用需給は判定不能,信用データがデータなし、または売残0で信用倍率を算出不能,データ不足,False,公式取得元または参照先なし,データなし,データなし,データなし,データなし,データなし,データなし,データなし,データなし,データなし,評価不能,評価不能,,評価不能,,データなし,データなし,データなし,データなし,データ不足,公式取得元または参照先なし,,,データなし,データなし,データなし,,,,,,,,,,,,,,,,
6996,ニチコン,見送り,見送り,見送り,2714.84,2829.0,3095.0,3117.83,3231.99,2603.03,4147.43,0,0.0,0.0,2.89,B,見送り,-0.2,45.89,+0.35σ,0.4,False,データなし,5.0,3,-9.0,0,0.0,強いリスクオフ・通常の25%,出来高0.6倍未満のため主力不可。ファンダメンタル=データ不足、RSI 45.9、出来高 0.40倍、BB +0.35σ,方式別実績はサンプル蓄積中。市場=強いリスクオフ、ニュース重大度と300万円の損失・投入・現金・保有数制約を適用,強いリスクオフのため新規主力買い停止,0.0,0.0,5.0,300,300,信用需給は判定不能,信用データがデータなし、または売残0で信用倍率を算出不能,データ不足,False,公式取得元または参照先なし,データなし,データなし,データなし,データなし,データなし,データなし,データなし,データなし,データなし,評価不能,評価不能,,評価不能,,データなし,データなし,データなし,データなし,データ不足,公式取得元または参照先なし,,,データなし,データなし,データなし,,,,,,,,,,,,,,,,
1975,朝日工業社,見送り,見送り,見送り,3699.47,3792.71,4130.0,4148.65,4273.11,3608.67,5228.61,0,0.0,0.0,3.89,B,見送り,-0.22,49.41,+0.41σ,1.39,False,データなし,6.0,0,-9.0,0,0.0,強いリスクオフ・通常の25%,反転条件の完成待ち。ファンダメンタル=データ不足、RSI 49.4、出来高 1.39倍、BB +0.41σ,方式別実績はサンプル蓄積中。市場=強いリスクオフ、ニュース重大度と300万円の損失・投入・現金・保有数制約を適用,強いリスクオフのため新規主力買い停止,0.0,0.0,6.0,198,198,信用需給は判定不能,信用データがデータなし、または売残0で信用倍率を算出不能,データ不足,False,公式取得元または参照先なし,データなし,データなし,データなし,データなし,データなし,データなし,データなし,データなし,データなし,評価不能,評価不能,,評価不能,,データなし,データなし,データなし,データなし,データ不足,公式取得元または参照先なし,,,データなし,データなし,データなし,,,,,,,,,,,,,,,,
6946,日本アビオニクス,見送り,見送り,見送り,4864.01,5029.86,6090.0,6123.17,6306.87,4485.86,9397.79,0,0.0,0.0,2.29,C,見送り,-0.28,61.13,+1.24σ,0.36,False,データなし,5.0,3,-9.0,0,0.0,強いリスクオフ・通常の25%,急騰済みを最優先して除外。ファンダメンタル=データ不足、RSI 61.1、出来高 0.36倍、BB +1.24σ,方式別実績はサンプル蓄積中。市場=強いリスクオフ、ニュース重大度と300万円の損失・投入・現金・保有数制約を適用,強いリスクオフのため新規主力買い停止,0.0,0.0,5.0,300,300,信用需給は判定不能,信用データがデータなし、または売残0で信用倍率を算出不能,データ不足,False,公式取得元または参照先なし,データなし,データなし,データなし,データなし,データなし,データなし,データなし,データなし,データなし,評価不能,評価不能,,評価不能,,データなし,データなし,データなし,データなし,データ不足,公式取得元または参照先なし,,,データなし,データなし,データなし,,,,,,,,,,,,,,,,
1514,住石ホールディングス,見送り,見送り,見送り,568.4,579.88,658.0,660.3,680.11,549.48,881.93,0,0.0,0.0,2.48,B,見送り,-0.32,68.79,+1.87σ,1.34,False,データなし,3.0,3,-9.0,0,0.0,強いリスクオフ・通常の25%,反転条件の完成待ち。ファンダメンタル=データ不足、RSI 68.8、出来高 1.34倍、BB +1.87σ,方式別実績はサンプル蓄積中。市場=強いリスクオフ、ニュース重大度と300万円の損失・投入・現金・保有数制約を適用,強いリスクオフのため新規主力買い停止,0.0,0.0,3.0,374,374,信用需給は判定不能,信用データがデータなし、または売残0で信用倍率を算出不能,データ不足,False,公式取得元または参照先なし,データなし,データなし,データなし,データなし,データなし,データなし,データなし,データなし,データなし,評価不能,評価不能,,評価不能,,データなし,データなし,データなし,データなし,データ不足,公式取得元または参照先なし,,,データなし,データなし,データなし,,,,,,,,,,,,,,,,
7777,スリー・ディー・マトリックス,見送り,見送り,見送り,323.67,331.77,388.0,389.62,401.31,310.19,548.48,0,0.0,0.0,2.14,C,見送り,-0.36,62.88,+2.32σ,1.32,False,データなし,6.0,0,-9.0,0,0.0,強いリスクオフ・通常の25%,急騰済みを最優先して除外。ファンダメンタル=データ不足、RSI 62.9、出来高 1.32倍、BB +2.32σ,方式別実績はサンプル蓄積中。市場=強いリスクオフ、ニュース重大度と300万円の損失・投入・現金・保有数制約を適用,強いリスクオフのため新規主力買い停止,0.0,0.0,6.0,198,198,信用需給は判定不能,信用データがデータなし、または売残0で信用倍率を算出不能,データ不足,False,公式取得元または参照先なし,データなし,データなし,データなし,データなし,データなし,データなし,データなし,データなし,データなし,評価不能,評価不能,,評価不能,,データなし,データなし,データなし,データなし,データ不足,公式取得元または参照先なし,,,データなし,データなし,データなし,,,,,,,,,,,,,,,,
6135,牧野フライス製作所,見送り,見送り,見送り,14003.39,14288.61,16500.0,16557.04,17053.76,13600.0,22471.13,0,0.0,0.0,2.13,C,見送り,-0.38,69.6,+3.18σ,1.31,False,データなし,6.0,0,-9.0,0,0.0,強いリスクオフ・通常の25%,急騰済みを最優先して除外。ファンダメンタル=データ不足、RSI 69.6、出来高 1.31倍、BB +3.18σ,方式別実績はサンプル蓄積中。市場=強いリスクオフ、ニュース重大度と300万円の損失・投入・現金・保有数制約を適用,強いリスクオフのため新規主力買い停止,0.0,0.0,6.0,198,198,信用需給は判定不能,信用データがデータなし、または売残0で信用倍率を算出不能,データ不足,False,公式取得元または参照先なし,データなし,データなし,データなし,データなし,データなし,データなし,データなし,データなし,データなし,評価不能,評価不能,,評価不能,,データなし,データなし,データなし,データなし,データ不足,公式取得元または参照先なし,,,データなし,データなし,データなし,,,,,,,,,,,,,,,,
8341,七十七銀行,見送り,見送り,見送り,3432.47,3490.93,3929.0,3940.69,4058.91,3319.11,5183.86,0,0.0,0.0,2.32,B,見送り,-0.38,67.57,+1.94σ,0.81,False,データなし,4.0,3,-9.0,0,0.0,強いリスクオフ・通常の25%,反転条件の完成待ち。ファンダメンタル=データ不足、RSI 67.6、出来高 0.81倍、BB +1.94σ,方式別実績はサンプル蓄積中。市場=強いリスクオフ、ニュース重大度と300万円の損失・投入・現金・保有数制約を適用,強いリスクオフのため新規主力買い停止,0.0,0.0,4.0,320,320,信用需給は判定不能,信用データがデータなし、または売残0で信用倍率を算出不能,データ不足,False,公式取得元または参照先なし,データなし,データなし,データなし,データなし,データなし,データなし,データなし,データなし,データなし,評価不能,評価不能,,評価不能,,データなし,データなし,データなし,データなし,データ不足,公式取得元または参照先なし,,,データなし,データなし,データなし,,,,,,,,,,,,,,,,
8393,宮崎銀行,見送り,見送り,見送り,2275.25,2325.43,2606.0,2616.04,2694.52,2204.68,3438.75,0,0.0,0.0,3.04,B,見送り,-0.38,60.14,+1.19σ,0.81,False,データなし,4.0,3,-9.0,0,0.0,強いリスクオフ・通常の25%,反転条件の完成待ち。ファンダメンタル=データ不足、RSI 60.1、出来高 0.81倍、BB +1.19σ,方式別実績はサンプル蓄積中。市場=強いリスクオフ、ニュース重大度と300万円の損失・投入・現金・保有数制約を適用,強いリスクオフのため新規主力買い停止,0.0,0.0,4.0,320,320,信用需給は判定不能,信用データがデータなし、または売残0で信用倍率を算出不能,データ不足,False,公式取得元または参照先なし,データなし,データなし,データなし,データなし,データなし,データなし,データなし,データなし,データなし,評価不能,評価不能,,評価不能,,データなし,データなし,データなし,データなし,データ不足,公式取得元または参照先なし,,,データなし,データなし,データなし,,,,,,,,,,,,,,,,
8600,トモニホールディングス,見送り,見送り,見送り,966.26,984.22,1144.0,1147.59,1182.02,924.38,1594.02,0,0.0,0.0,2.37,C,見送り,-0.42,70.96,+1.91σ,0.79,False,データなし,4.0,3,-9.0,0,0.0,強いリスクオフ・通常の25%,急騰済みを最優先して除外。ファンダメンタル=データ不足、RSI 71.0、出来高 0.79倍、BB +1.91σ,方式別実績はサンプル蓄積中。市場=強いリスクオフ、ニュース重大度と300万円の損失・投入・現金・保有数制約を適用,強いリスクオフのため新規主力買い停止,0.0,0.0,4.0,320,320,信用需給は判定不能,信用データがデータなし、または売残0で信用倍率を算出不能,データ不足,False,公式取得元または参照先なし,データなし,データなし,データなし,データなし,データなし,データなし,データなし,データなし,データなし,評価不能,評価不能,,評価不能,,データなし,データなし,データなし,データなし,データ不足,公式取得元または参照先なし,,,データなし,データなし,データなし,,,,,,,,,,,,,,,,
4478,フリー,見送り,見送り,見送り,2356.86,2442.12,3640.0,3657.05,3766.76,2134.22,6702.71,0,0.0,0.0,2.76,C,見送り,-0.44,83.8,+2.58σ,2.78,False,データなし,3.0,0,-9.0,0,0.0,強いリスクオフ・通常の25%,急騰済みを最優先して除外。ファンダメンタル=データ不足、RSI 83.8、出来高 2.78倍、BB +2.58σ,方式別実績はサンプル蓄積中。市場=強いリスクオフ、ニュース重大度と300万円の損失・投入・現金・保有数制約を適用,強いリスクオフのため新規主力買い停止,0.0,0.0,3.0,374,374,信用需給は判定不能,信用データがデータなし、または売残0で信用倍率を算出不能,データ不足,False,公式取得元または参照先なし,データなし,データなし,データなし,データなし,データなし,データなし,データなし,データなし,データなし,評価不能,評価不能,,評価不能,,データなし,データなし,データなし,データなし,データ不足,公式取得元または参照先なし,,,データなし,データなし,データなし,,,,,,,,,,,,,,,,
3854,アイル,見送り,見送り,見送り,2212.75,2244.57,2460.0,2466.36,2540.35,2164.46,3070.17,0,0.0,0.0,2.69,B,見送り,-0.5,60.39,+1.82σ,1.25,False,データなし,3.0,3,-9.0,0,0.0,強いリスクオフ・通常の25%,反転条件の完成待ち。ファンダメンタル=データ不足、RSI 60.4、出来高 1.25倍、BB +1.82σ,方式別実績はサンプル蓄積中。市場=強いリスクオフ、ニュース重大度と300万円の損失・投入・現金・保有数制約を適用,強いリスクオフのため新規主力買い停止,0.0,0.0,3.0,374,374,信用需給は判定不能,信用データがデータなし、または売残0で信用倍率を算出不能,データ不足,False,公式取得元または参照先なし,データなし,データなし,データなし,データなし,データなし,データなし,データなし,データなし,データなし,評価不能,評価不能,,評価不能,,データなし,データなし,データなし,データなし,データ不足,公式取得元または参照先なし,,,データなし,データなし,データなし,,,,,,,,,,,,,,,,
6592,マブチモーター,見送り,見送り,見送り,1607.72,1629.68,1824.5,1828.89,1883.76,1573.61,2339.46,0,0.0,0.0,2.61,C,見送り,-0.5,73.22,+2.71σ,2.25,False,データなし,4.0,0,-9.0,0,0.0,強いリスクオフ・通常の25%,急騰済みを最優先して除外。ファンダメンタル=データ不足、RSI 73.2、出来高 2.25倍、BB +2.71σ,方式別実績はサンプル蓄積中。市場=強いリスクオフ、ニュース重大度と300万円の損失・投入・現金・保有数制約を適用,強いリスクオフのため新規主力買い停止,0.0,0.0,4.0,320,320,信用需給は判定不能,信用データがデータなし、または売残0で信用倍率を算出不能,データ不足,False,公式取得元または参照先なし,データなし,データなし,データなし,データなし,データなし,データなし,データなし,データなし,データなし,評価不能,評価不能,,評価不能,,データなし,データなし,データなし,データなし,データ不足,公式取得元または参照先なし,,,データなし,データなし,データなし,,,,,,,,,,,,,,,,
8562,福島銀行,見送り,見送り,見送り,335.19,340.65,382.0,383.09,394.59,326.4,496.48,0,0.0,0.0,2.23,C,見送り,-0.5,69.86,+2.56σ,1.25,False,データなし,6.0,0,-9.0,0,0.0,強いリスクオフ・通常の25%,急騰済みを最優先して除外。ファンダメンタル=データ不足、RSI 69.9、出来高 1.25倍、BB +2.56σ,方式別実績はサンプル蓄積中。市場=強いリスクオフ、ニュース重大度と300万円の損失・投入・現金・保有数制約を適用,強いリスクオフのため新規主力買い停止,0.0,0.0,6.0,198,198,信用需給は判定不能,信用データがデータなし、または売残0で信用倍率を算出不能,データ不足,False,公式取得元または参照先なし,データなし,データなし,データなし,データなし,データなし,データなし,データなし,データなし,データなし,評価不能,評価不能,,評価不能,,データなし,データなし,データなし,データなし,データ不足,公式取得元または参照先なし,,,データなし,データなし,データなし,,,,,,,,,,,,,,,,
3245,ディア・ライフ,見送り,見送り,見送り,1065.87,1077.25,1178.0,1180.28,1215.69,1047.72,1445.39,0,0.0,0.0,2.61,C,見送り,-0.52,73.78,+2.63σ,1.24,False,データなし,6.0,0,-9.0,0,0.0,強いリスクオフ・通常の25%,急騰済みを最優先して除外。ファンダメンタル=データ不足、RSI 73.8、出来高 1.24倍、BB +2.63σ,方式別実績はサンプル蓄積中。市場=強いリスクオフ、ニュース重大度と300万円の損失・投入・現金・保有数制約を適用,強いリスクオフのため新規主力買い停止,0.0,0.0,6.0,198,198,信用需給は判定不能,信用データがデータなし、または売残0で信用倍率を算出不能,データ不足,False,公式取得元または参照先なし,データなし,データなし,データなし,データなし,データなし,データなし,データなし,データなし,データなし,評価不能,評価不能,,評価不能,,データなし,データなし,データなし,データなし,データ不足,公式取得元または参照先なし,,,データなし,データなし,データなし,,,,,,,,,,,,,,,,
1942,関電工,見送り,見送り,見送り,5363.88,5482.48,5756.0,5779.72,5953.11,5181.66,6975.84,0,0.0,0.0,2.21,B,見送り,-0.56,48.39,+0.31σ,0.72,False,データなし,4.0,3,-9.0,0,0.0,強いリスクオフ・通常の25%,反転条件の完成待ち。ファンダメンタル=データ不足、RSI 48.4、出来高 0.72倍、BB +0.31σ,方式別実績はサンプル蓄積中。市場=強いリスクオフ、ニュース重大度と300万円の損失・投入・現金・保有数制約を適用,強いリスクオフのため新規主力買い停止,0.0,0.0,4.0,320,320,信用需給は判定不能,信用データがデータなし、または売残0で信用倍率を算出不能,データ不足,False,公式取得元または参照先なし,データなし,データなし,データなし,データなし,データなし,データなし,データなし,データなし,データなし,評価不能,評価不能,,評価不能,,データなし,データなし,データなし,データなし,データ不足,公式取得元または参照先なし,,,データなし,データなし,データなし,,,,,,,,,,,,,,,,
7380,十六フィナンシャルグループ,見送り,見送り,見送り,2331.55,2379.69,2673.0,2682.63,2763.11,2258.55,3530.79,0,0.0,0.0,2.83,B,見送り,-0.6,61.04,+1.42σ,0.7,False,データなし,4.0,3,-9.0,0,0.0,強いリスクオフ・通常の25%,反転条件の完成待ち。ファンダメンタル=データ不足、RSI 61.0、出来高 0.70倍、BB +1.42σ,方式別実績はサンプル蓄積中。市場=強いリスクオフ、ニュース重大度と300万円の損失・投入・現金・保有数制約を適用,強いリスクオフのため新規主力買い停止,0.0,0.0,4.0,320,320,信用需給は判定不能,信用データがデータなし、または売残0で信用倍率を算出不能,データ不足,False,公式取得元または参照先なし,データなし,データなし,データなし,データなし,データなし,データなし,データなし,データなし,データなし,評価不能,評価不能,,評価不能,,データなし,データなし,データなし,データなし,データ不足,公式取得元または参照先なし,,,データなし,データなし,データなし,,,,,,,,,,,,,,,,
8354,ふくおかフィナンシャルグループ,見送り,見送り,見送り,7275.88,7388.38,7851.0,7873.5,8109.71,7151.71,9317.08,0,0.0,0.0,2.61,B,見送り,-0.6,59.42,+1.32σ,0.7,False,データなし,4.0,3,-9.0,0,0.0,強いリスクオフ・通常の25%,反転条件の完成待ち。ファンダメンタル=データ不足、RSI 59.4、出来高 0.70倍、BB +1.32σ,方式別実績はサンプル蓄積中。市場=強いリスクオフ、ニュース重大度と300万円の損失・投入・現金・保有数制約を適用,強いリスクオフのため新規主力買い停止,0.0,0.0,4.0,320,320,信用需給は判定不能,信用データがデータなし、または売残0で信用倍率を算出不能,データ不足,False,公式取得元または参照先なし,データなし,データなし,データなし,データなし,データなし,データなし,データなし,データなし,データなし,評価不能,評価不能,,評価不能,,データなし,データなし,データなし,データなし,データ不足,公式取得元または参照先なし,,,データなし,データなし,データなし,,,,,,,,,,,,,,,,
9119,飯野海運,見送り,見送り,見送り,1477.26,1499.86,1650.0,1654.52,1704.15,1443.77,2076.02,0,0.0,0.0,2.14,C,見送り,-0.62,71.08,+2.49σ,1.19,False,データなし,6.0,0,-9.0,0,0.0,強いリスクオフ・通常の25%,急騰済みを最優先して除外。ファンダメンタル=データ不足、RSI 71.1、出来高 1.19倍、BB +2.49σ,方式別実績はサンプル蓄積中。市場=強いリスクオフ、ニュース重大度と300万円の損失・投入・現金・保有数制約を適用,強いリスクオフのため新規主力買い停止,0.0,0.0,6.0,198,198,信用需給は判定不能,信用データがデータなし、または売残0で信用倍率を算出不能,データ不足,False,公式取得元または参照先なし,データなし,データなし,データなし,データなし,データなし,データなし,データなし,データなし,データなし,評価不能,評価不能,,評価不能,,データなし,データなし,データなし,データなし,データ不足,公式取得元または参照先なし,,,データなし,データなし,データなし,,,,,,,,,,,,,,,,
5741,ＵＡＣＪ,見送り,見送り,見送り,2250.36,2311.16,2497.0,2509.16,2584.43,2199.42,3128.64,0,0.0,0.0,2.65,B,見送り,-0.64,51.32,+1.13σ,1.18,False,データなし,3.0,3,-9.0,0,0.0,強いリスクオフ・通常の25%,反転条件の完成待ち。ファンダメンタル=データ不足、RSI 51.3、出来高 1.18倍、BB +1.13σ,方式別実績はサンプル蓄積中。市場=強いリスクオフ、ニュース重大度と300万円の損失・投入・現金・保有数制約を適用,強いリスクオフのため新規主力買い停止,0.0,0.0,3.0,374,374,信用需給は判定不能,信用データがデータなし、または売残0で信用倍率を算出不能,データ不足,False,公式取得元または参照先なし,データなし,データなし,データなし,データなし,データなし,データなし,データなし,データなし,データなし,評価不能,評価不能,,評価不能,,データなし,データなし,データなし,データなし,データ不足,公式取得元または参照先なし,,,データなし,データなし,データなし,,,,,,,,,,,,,,,,
2962,テクニスコ,見送り,見送り,見送り,1131.5,1191.98,1467.0,1479.1,1539.59,1051.63,2334.03,0,0.0,0.0,3.17,B,見送り,-0.68,54.07,+0.79σ,1.16,False,データなし,3.0,3,-9.0,0,0.0,強いリスクオフ・通常の25%,反転条件の完成待ち。ファンダメンタル=データ不足、RSI 54.1、出来高 1.16倍、BB +0.79σ,方式別実績はサンプル蓄積中。市場=強いリスクオフ、ニュース重大度と300万円の損失・投入・現金・保有数制約を適用,強いリスクオフのため新規主力買い停止,0.0,0.0,3.0,374,374,信用需給は判定不能,信用データがデータなし、または売残0で信用倍率を算出不能,データ不足,False,公式取得元または参照先なし,データなし,データなし,データなし,データなし,データなし,データなし,データなし,データなし,データなし,評価不能,評価不能,,評価不能,,データなし,データなし,データなし,データなし,データ不足,公式取得元または参照先なし,,,データなし,データなし,データなし,,,,,,,,,,,,,,,,
5471,大同特殊鋼,見送り,見送り,見送り,2209.51,2263.87,2560.0,2570.87,2648.0,2146.0,3420.61,0,0.0,0.0,2.33,C,見送り,-0.68,59.98,+2.22σ,1.16,False,データなし,6.0,0,-9.0,0,0.0,強いリスクオフ・通常の25%,急騰済みを最優先して除外。ファンダメンタル=データ不足、RSI 60.0、出来高 1.16倍、BB +2.22σ,方式別実績はサンプル蓄積中。市場=強いリスクオフ、ニュース重大度と300万円の損失・投入・現金・保有数制約を適用,強いリスクオフのため新規主力買い停止,0.0,0.0,6.0,198,198,信用需給は判定不能,信用データがデータなし、または売残0で信用倍率を算出不能,データ不足,False,公式取得元または参照先なし,データなし,データなし,データなし,データなし,データなし,データなし,データなし,データなし,データなし,評価不能,評価不能,,評価不能,,データなし,データなし,データなし,データなし,データ不足,公式取得元または参照先なし,,,データなし,データなし,データなし,,,,,,,,,,,,,,,,
4575,キャンバス,見送り,見送り,見送り,700.65,719.95,828.0,831.86,856.81,681.09,1133.4,0,0.0,0.0,2.51,C,見送り,-0.72,65.64,+2.41σ,1.14,False,データなし,6.0,0,-9.0,0,0.0,強いリスクオフ・通常の25%,急騰済みを最優先して除外。ファンダメンタル=データ不足、RSI 65.6、出来高 1.14倍、BB +2.41σ,方式別実績はサンプル蓄積中。市場=強いリスクオフ、ニュース重大度と300万円の損失・投入・現金・保有数制約を適用,強いリスクオフのため新規主力買い停止,0.0,0.0,6.0,198,198,信用需給は判定不能,信用データがデータなし、または売残0で信用倍率を算出不能,データ不足,False,公式取得元または参照先なし,データなし,データなし,データなし,データなし,データなし,データなし,データなし,データなし,データなし,評価不能,評価不能,,評価不能,,データなし,データなし,データなし,データなし,データ不足,公式取得元または参照先なし,,,データなし,データなし,データなし,,,,,,,,,,,,,,,,
5463,丸一鋼管,見送り,見送り,見送り,1747.58,1773.7,1805.0,1810.22,1864.53,1687.0,2056.67,0,0.0,0.0,3.08,B,見送り,-0.74,48.79,-0.45σ,1.13,False,データなし,6.0,0,-9.0,0,0.0,強いリスクオフ・通常の25%,反転条件の完成待ち。ファンダメンタル=データ不足、RSI 48.8、出来高 1.13倍、BB -0.45σ,方式別実績はサンプル蓄積中。市場=強いリスクオフ、ニュース重大度と300万円の損失・投入・現金・保有数制約を適用,強いリスクオフのため新規主力買い停止,0.0,0.0,6.0,198,198,信用需給は判定不能,信用データがデータなし、または売残0で信用倍率を算出不能,データ不足,False,公式取得元または参照先なし,データなし,データなし,データなし,データなし,データなし,データなし,データなし,データなし,データなし,評価不能,評価不能,,評価不能,,データなし,データなし,データなし,データなし,データ不足,公式取得元または参照先なし,,,データなし,データなし,データなし,,,,,,,,,,,,,,,,
8367,南都銀行,見送り,見送り,見送り,1738.7,1770.02,1978.0,1984.27,2043.79,1669.97,2612.86,0,0.0,0.0,2.23,B,見送り,-0.76,62.99,+1.46σ,0.62,False,データなし,4.0,3,-9.0,0,0.0,強いリスクオフ・通常の25%,反転条件の完成待ち。ファンダメンタル=データ不足、RSI 63.0、出来高 0.62倍、BB +1.46σ,方式別実績はサンプル蓄積中。市場=強いリスクオフ、ニュース重大度と300万円の損失・投入・現金・保有数制約を適用,強いリスクオフのため新規主力買い停止,0.0,0.0,4.0,320,320,信用需給は判定不能,信用データがデータなし、または売残0で信用倍率を算出不能,データ不足,False,公式取得元または参照先なし,データなし,データなし,データなし,データなし,データなし,データなし,データなし,データなし,データなし,評価不能,評価不能,,評価不能,,データなし,データなし,データなし,データなし,データ不足,公式取得元または参照先なし,,,データなし,データなし,データなし,,,,,,,,,,,,,,,,
1663,Ｋ＆Ｏエナジーグループ,見送り,見送り,見送り,1777.17,1801.23,1949.0,1953.81,2012.42,1746.66,2368.11,0,0.0,0.0,2.13,C,見送り,-0.78,64.81,+2.66σ,1.11,False,データなし,6.0,0,-9.0,0,0.0,強いリスクオフ・通常の25%,急騰済みを最優先して除外。ファンダメンタル=データ不足、RSI 64.8、出来高 1.11倍、BB +2.66σ,方式別実績はサンプル蓄積中。市場=強いリスクオフ、ニュース重大度と300万円の損失・投入・現金・保有数制約を適用,強いリスクオフのため新規主力買い停止,0.0,0.0,6.0,198,198,信用需給は判定不能,信用データがデータなし、または売残0で信用倍率を算出不能,データ不足,False,公式取得元または参照先なし,データなし,データなし,データなし,データなし,データなし,データなし,データなし,データなし,データなし,評価不能,評価不能,,評価不能,,データなし,データなし,データなし,データなし,データ不足,公式取得元または参照先なし,,,データなし,データなし,データなし,,,,,,,,,,,,,,,,
7476,アズワン,見送り,見送り,見送り,2331.62,2346.5,2382.0,2387.95,2459.59,2285.03,2593.79,0,0.0,0.0,4.02,B,見送り,-0.8,44.74,-1.17σ,0.6,False,データなし,4.0,3,-9.0,0,0.0,強いリスクオフ・通常の25%,反転条件の完成待ち。ファンダメンタル=データ不足、RSI 44.7、出来高 0.60倍、BB -1.17σ,方式別実績はサンプル蓄積中。市場=強いリスクオフ、ニュース重大度と300万円の損失・投入・現金・保有数制約を適用,強いリスクオフのため新規主力買い停止,0.0,0.0,4.0,320,320,信用需給は判定不能,信用データがデータなし、または売残0で信用倍率を算出不能,データ不足,False,公式取得元または参照先なし,データなし,データなし,データなし,データなし,データなし,データなし,データなし,データなし,データなし,評価不能,評価不能,,評価不能,,データなし,データなし,データなし,データなし,データ不足,公式取得元または参照先なし,,,データなし,データなし,データなし,,,,,,,,,,,,,,,,
6140,旭ダイヤモンド工業,見送り,見送り,見送り,1076.8,1106.3,1323.0,1328.9,1368.77,1008.75,1969.2,0,0.0,0.0,2.22,C,見送り,-0.82,64.77,+1.60σ,0.59,False,データなし,4.0,3,-9.0,0,0.0,強いリスクオフ・通常の25%,急騰済みを最優先して除外。ファンダメンタル=データ不足、RSI 64.8、出来高 0.59倍、BB +1.60σ,方式別実績はサンプル蓄積中。市場=強いリスクオフ、ニュース重大度と300万円の損失・投入・現金・保有数制約を適用,強いリスクオフのため新規主力買い停止,0.0,0.0,4.0,320,320,信用需給は判定不能,信用データがデータなし、または売残0で信用倍率を算出不能,データ不足,False,公式取得元または参照先なし,データなし,データなし,データなし,データなし,データなし,データなし,データなし,データなし,データなし,評価不能,評価不能,,評価不能,,データなし,データなし,データなし,データなし,データ不足,公式取得元または参照先なし,,,データなし,データなし,データなし,,,,,,,,,,,,,,,,
4004,レゾナック・ホールディングス,見送り,見送り,見送り,13063.93,13663.47,17360.0,17479.91,18079.44,11779.9,28879.92,0,0.0,0.0,2.15,C,見送り,-0.84,58.13,+1.42σ,0.58,False,データなし,4.0,3,-9.0,0,0.0,強いリスクオフ・通常の25%,急騰済みを最優先して除外。ファンダメンタル=データ不足、RSI 58.1、出来高 0.58倍、BB +1.42σ,方式別実績はサンプル蓄積中。市場=強いリスクオフ、ニュース重大度と300万円の損失・投入・現金・保有数制約を適用,強いリスクオフのため新規主力買い停止,0.0,0.0,4.0,320,320,信用需給は判定不能,信用データがデータなし、または売残0で信用倍率を算出不能,データ不足,False,公式取得元または参照先なし,データなし,データなし,データなし,データなし,データなし,データなし,データなし,データなし,データなし,評価不能,評価不能,,評価不能,,データなし,データなし,データなし,データなし,データ不足,公式取得元または参照先なし,,,データなし,データなし,データなし,,,,,,,,,,,,,,,,
6653,正興電機製作所,見送り,見送り,見送り,2083.79,2132.89,2330.0,2339.82,2410.02,2014.28,2990.91,0,0.0,0.0,2.11,B,見送り,-0.88,55.57,+1.34σ,0.56,False,データなし,4.0,3,-9.0,0,0.0,強いリスクオフ・通常の25%,出来高0.6倍未満のため主力不可。ファンダメンタル=データ不足、RSI 55.6、出来高 0.56倍、BB +1.34σ,方式別実績はサンプル蓄積中。市場=強いリスクオフ、ニュース重大度と300万円の損失・投入・現金・保有数制約を適用,強いリスクオフのため新規主力買い停止,0.0,0.0,4.0,320,320,信用需給は判定不能,信用データがデータなし、または売残0で信用倍率を算出不能,データ不足,False,公式取得元または参照先なし,データなし,データなし,データなし,データなし,データなし,データなし,データなし,データなし,データなし,評価不能,評価不能,,評価不能,,データなし,データなし,データなし,データなし,データ不足,公式取得元または参照先なし,,,データなし,データなし,データなし,,,,,,,,,,,,,,,,
8544,京葉銀行,見送り,見送り,見送り,2572.93,2628.89,2897.0,2908.19,2995.44,2493.43,3737.72,0,0.0,0.0,3.06,B,見送り,-0.88,57.23,+0.85σ,0.56,False,データなし,4.0,3,-9.0,0,0.0,強いリスクオフ・通常の25%,出来高0.6倍未満のため主力不可。ファンダメンタル=データ不足、RSI 57.2、出来高 0.56倍、BB +0.85σ,方式別実績はサンプル蓄積中。市場=強いリスクオフ、ニュース重大度と300万円の損失・投入・現金・保有数制約を適用,強いリスクオフのため新規主力買い停止,0.0,0.0,4.0,320,320,信用需給は判定不能,信用データがデータなし、または売残0で信用倍率を算出不能,データ不足,False,公式取得元または参照先なし,データなし,データなし,データなし,データなし,データなし,データなし,データなし,データなし,データなし,評価不能,評価不能,,評価不能,,データなし,データなし,データなし,データなし,データ不足,公式取得元または参照先なし,,,データなし,データなし,データなし,,,,,,,,,,,,,,,,
8035,東京エレクトロン,見送り,見送り,見送り,53265.53,55112.75,61650.0,62019.44,63880.03,49556.28,86945.77,0,0.0,0.0,2.55,B,見送り,-0.9,48.74,+0.27σ,0.55,False,データなし,4.0,3,-9.0,0,0.0,強いリスクオフ・通常の25%,出来高0.6倍未満のため主力不可。ファンダメンタル=データ不足、RSI 48.7、出来高 0.55倍、BB +0.27σ,方式別実績はサンプル蓄積中。市場=強いリスクオフ、ニュース重大度と300万円の損失・投入・現金・保有数制約を適用,強いリスクオフのため新規主力買い停止,0.0,0.0,4.0,320,320,信用需給は判定不能,信用データがデータなし、または売残0で信用倍率を算出不能,データ不足,False,公式取得元または参照先なし,データなし,データなし,データなし,データなし,データなし,データなし,データなし,データなし,データなし,評価不能,評価不能,,評価不能,,データなし,データなし,データなし,データなし,データ不足,公式取得元または参照先なし,,,データなし,データなし,データなし,,,,,,,,,,,,,,,,
1980,ダイダン,見送り,見送り,見送り,2411.46,2480.38,2945.0,2958.78,3047.55,2301.99,4272.38,0,0.0,0.0,2.26,C,見送り,-0.96,61.22,+2.20σ,1.02,False,データなし,6.0,0,-9.0,0,0.0,強いリスクオフ・通常の25%,急騰済みを最優先して除外。ファンダメンタル=データ不足、RSI 61.2、出来高 1.02倍、BB +2.20σ,方式別実績はサンプル蓄積中。市場=強いリスクオフ、ニュース重大度と300万円の損失・投入・現金・保有数制約を適用,強いリスクオフのため新規主力買い停止,0.0,0.0,6.0,198,198,信用需給は判定不能,信用データがデータなし、または売残0で信用倍率を算出不能,データ不足,False,公式取得元または参照先なし,データなし,データなし,データなし,データなし,データなし,データなし,データなし,データなし,データなし,評価不能,評価不能,,評価不能,,データなし,データなし,データなし,データなし,データ不足,公式取得元または参照先なし,,,データなし,データなし,データなし,,,,,,,,,,,,,,,,
4633,サカタインクス,見送り,見送り,見送り,2443.22,2479.44,2698.0,2705.24,2786.4,2379.57,3356.59,0,0.0,0.0,2.31,B,見送り,-0.98,62.93,+1.61σ,0.51,False,データなし,4.0,3,-9.0,0,0.0,強いリスクオフ・通常の25%,出来高0.6倍未満のため主力不可。ファンダメンタル=データ不足、RSI 62.9、出来高 0.51倍、BB +1.61σ,方式別実績はサンプル蓄積中。市場=強いリスクオフ、ニュース重大度と300万円の損失・投入・現金・保有数制約を適用,強いリスクオフのため新規主力買い停止,0.0,0.0,4.0,320,320,信用需給は判定不能,信用データがデータなし、または売残0で信用倍率を算出不能,データ不足,False,公式取得元または参照先なし,データなし,データなし,データなし,データなし,データなし,データなし,データなし,データなし,データなし,評価不能,評価不能,,評価不能,,データなし,データなし,データなし,データなし,データ不足,公式取得元または参照先なし,,,データなし,データなし,データなし,,,,,,,,,,,,,,,,
3825,リミックスポイント,見送り,見送り,見送り,189.98,196.42,263.0,264.29,272.22,183.4,426.06,100,20900.0,2559.9999999999995,8.48,B,見送り,-1.0,53.25,+0.61σ,3.36,False,データなし,2.0,0,-9.0,0,0.0,強いリスクオフ・通常の25%,反転条件の完成待ち。ファンダメンタル=データ不足、RSI 53.2、出来高 3.36倍、BB +0.61σ,方式別実績はサンプル蓄積中。市場=強いリスクオフ、ニュース重大度と300万円の損失・投入・現金・保有数制約を適用,強いリスクオフのため新規主力買い停止,0.0,0.0,2.0,521,521,信用需給は判定不能,信用データがデータなし、または売残0で信用倍率を算出不能,データ不足,False,公式取得元または参照先なし,データなし,データなし,データなし,データなし,データなし,データなし,データなし,データなし,データなし,評価不能,評価不能,,評価不能,,データなし,データなし,データなし,データなし,データ不足,公式取得元または参照先なし,,,データなし,データなし,データなし,,,,,,,,,,,,,,,,
6036,ＫｅｅＰｅｒ技研,見送り,見送り,見送り,2714.93,2756.97,3280.0,3288.41,3387.06,2628.76,4607.71,0,0.0,0.0,2.62,C,見送り,-1.0,75.82,+3.10σ,5.99,False,データなし,2.0,0,-9.0,0,0.0,強いリスクオフ・通常の25%,急騰済みを最優先して除外。ファンダメンタル=データ不足、RSI 75.8、出来高 5.99倍、BB +3.10σ,方式別実績はサンプル蓄積中。市場=強いリスクオフ、ニュース重大度と300万円の損失・投入・現金・保有数制約を適用,強いリスクオフのため新規主力買い停止,0.0,0.0,2.0,521,521,信用需給は判定不能,信用データがデータなし、または売残0で信用倍率を算出不能,データ不足,False,公式取得元または参照先なし,データなし,データなし,データなし,データなし,データなし,データなし,データなし,データなし,データなし,評価不能,評価不能,,評価不能,,データなし,データなし,データなし,データなし,データ不足,公式取得元または参照先なし,,,データなし,データなし,データなし,,,,,,,,,,,,,,,,
6522,アスタリスク,見送り,見送り,見送り,1390.99,1508.09,2301.0,2324.42,2441.51,1232.04,4509.18,0,0.0,0.0,2.86,C,見送り,-1.0,61.0,+1.90σ,1.0,False,データなし,3.0,3,-9.0,0,0.0,強いリスクオフ・通常の25%,急騰済みを最優先して除外。ファンダメンタル=データ不足、RSI 61.0、出来高 1.00倍、BB +1.90σ,方式別実績はサンプル蓄積中。市場=強いリスクオフ、ニュース重大度と300万円の損失・投入・現金・保有数制約を適用,強いリスクオフのため新規主力買い停止,0.0,0.0,3.0,374,374,信用需給は判定不能,信用データがデータなし、または売残0で信用倍率を算出不能,データ不足,False,公式取得元または参照先なし,データなし,データなし,データなし,データなし,データなし,データなし,データなし,データなし,データなし,評価不能,評価不能,,評価不能,,データなし,データなし,データなし,データなし,データ不足,公式取得元または参照先なし,,,データなし,データなし,データなし,,,,,,,,,,,,,,,,
2157,コシダカホールディングス,見送り,見送り,見送り,1013.4,1023.72,1039.0,1041.06,1072.29,994.36,1134.47,0,0.0,0.0,3.43,B,見送り,-1.02,50.43,-0.69σ,0.99,False,データなし,3.0,3,-9.0,0,0.0,強いリスクオフ・通常の25%,反転条件の完成待ち。ファンダメンタル=データ不足、RSI 50.4、出来高 0.99倍、BB -0.69σ,方式別実績はサンプル蓄積中。市場=強いリスクオフ、ニュース重大度と300万円の損失・投入・現金・保有数制約を適用,強いリスクオフのため新規主力買い停止,0.0,0.0,3.0,374,374,信用需給は判定不能,信用データがデータなし、または売残0で信用倍率を算出不能,データ不足,False,公式取得元または参照先なし,データなし,データなし,データなし,データなし,データなし,データなし,データなし,データなし,データなし,評価不能,評価不能,,評価不能,,データなし,データなし,データなし,データなし,データ不足,公式取得元または参照先なし,,,データなし,データなし,データなし,,,,,,,,,,,,,,,,
4186,東京応化工業,見送り,見送り,見送り,8633.82,8939.7,10050.0,10111.17,10417.05,8179.66,13974.2,0,0.0,0.0,3.15,B,見送り,-1.06,49.61,+0.30σ,0.47,False,データなし,4.0,3,-9.0,0,0.0,強いリスクオフ・通常の25%,出来高0.6倍未満のため主力不可。ファンダメンタル=データ不足、RSI 49.6、出来高 0.47倍、BB +0.30σ,方式別実績はサンプル蓄積中。市場=強いリスクオフ、ニュース重大度と300万円の損失・投入・現金・保有数制約を適用,強いリスクオフのため新規主力買い停止,0.0,0.0,4.0,320,320,信用需給は判定不能,信用データがデータなし、または売残0で信用倍率を算出不能,データ不足,False,公式取得元または参照先なし,データなし,データなし,データなし,データなし,データなし,データなし,データなし,データなし,データなし,評価不能,評価不能,,評価不能,,データなし,データなし,データなし,データなし,データ不足,公式取得元または参照先なし,,,データなし,データなし,データなし,,,,,,,,,,,,,,,,
6016,ジャパンエンジンコーポレーション,見送り,見送り,見送り,8787.11,9079.85,10090.0,10148.55,10453.0,8525.45,13394.74,0,0.0,0.0,2.42,B,見送り,-1.06,60.11,+1.49σ,0.47,False,データなし,4.0,3,-9.0,0,0.0,強いリスクオフ・通常の25%,出来高0.6倍未満のため主力不可。ファンダメンタル=データ不足、RSI 60.1、出来高 0.47倍、BB +1.49σ,方式別実績はサンプル蓄積中。市場=強いリスクオフ、ニュース重大度と300万円の損失・投入・現金・保有数制約を適用,強いリスクオフのため新規主力買い停止,0.0,0.0,4.0,320,320,信用需給は判定不能,信用データがデータなし、または売残0で信用倍率を算出不能,データ不足,False,公式取得元または参照先なし,データなし,データなし,データなし,データなし,データなし,データなし,データなし,データなし,データなし,評価不能,評価不能,,評価不能,,データなし,データなし,データなし,データなし,データ不足,公式取得元または参照先なし,,,データなし,データなし,データなし,,,,,,,,,,,,,,,,
6101,ツガミ,見送り,見送り,見送り,5726.53,5950.43,6400.0,6444.78,6668.67,5420.46,8493.42,0,0.0,0.0,2.75,B,見送り,-1.06,46.69,-0.04σ,0.47,False,データなし,4.0,3,-9.0,0,0.0,強いリスクオフ・通常の25%,出来高0.6倍未満のため主力不可。ファンダメンタル=データ不足、RSI 46.7、出来高 0.47倍、BB -0.04σ,方式別実績はサンプル蓄積中。市場=強いリスクオフ、ニュース重大度と300万円の損失・投入・現金・保有数制約を適用,強いリスクオフのため新規主力買い停止,0.0,0.0,4.0,320,320,信用需給は判定不能,信用データがデータなし、または売残0で信用倍率を算出不能,データ不足,False,公式取得元または参照先なし,データなし,データなし,データなし,データなし,データなし,データなし,データなし,データなし,データなし,評価不能,評価不能,,評価不能,,データなし,データなし,データなし,データなし,データ不足,公式取得元または参照先なし,,,データなし,データなし,データなし,,,,,,,,,,,,,,,,
3101,東洋紡,見送り,見送り,見送り,1521.88,1558.86,1660.0,1667.4,1717.42,1477.75,2046.69,0,0.0,0.0,2.12,B,見送り,-1.08,52.76,+0.91σ,0.46,False,データなし,4.0,3,-9.0,0,0.0,強いリスクオフ・通常の25%,出来高0.6倍未満のため主力不可。ファンダメンタル=データ不足、RSI 52.8、出来高 0.46倍、BB +0.91σ,方式別実績はサンプル蓄積中。市場=強いリスクオフ、ニュース重大度と300万円の損失・投入・現金・保有数制約を適用,強いリスクオフのため新規主力買い停止,0.0,0.0,4.0,320,320,信用需給は判定不能,信用データがデータなし、または売残0で信用倍率を算出不能,データ不足,False,公式取得元または参照先なし,データなし,データなし,データなし,データなし,データなし,データなし,データなし,データなし,データなし,評価不能,評価不能,,評価不能,,データなし,データなし,データなし,データなし,データ不足,公式取得元または参照先なし,,,データなし,データなし,データなし,,,,,,,,,,,,,,,,
3387,クリエイト・レストランツ・ホールディングス,見送り,見送り,見送り,749.11,757.93,779.0,780.77,804.19,735.49,871.32,0,0.0,0.0,2.62,B,見送り,-1.08,54.07,+0.08σ,0.96,False,データなし,3.0,3,-9.0,0,0.0,強いリスクオフ・通常の25%,反転条件の完成待ち。ファンダメンタル=データ不足、RSI 54.1、出来高 0.96倍、BB +0.08σ,方式別実績はサンプル蓄積中。市場=強いリスクオフ、ニュース重大度と300万円の損失・投入・現金・保有数制約を適用,強いリスクオフのため新規主力買い停止,0.0,0.0,3.0,374,374,信用需給は判定不能,信用データがデータなし、または売残0で信用倍率を算出不能,データ不足,False,公式取得元または参照先なし,データなし,データなし,データなし,データなし,データなし,データなし,データなし,データなし,データなし,評価不能,評価不能,,評価不能,,データなし,データなし,データなし,データなし,データ不足,公式取得元または参照先なし,,,データなし,データなし,データなし,,,,,,,,,,,,,,,,
8336,武蔵野銀行,見送り,見送り,見送り,2563.32,2603.62,2833.0,2841.06,2926.29,2500.44,3522.3,0,0.0,0.0,2.53,B,見送り,-1.08,61.97,+1.49σ,0.46,False,データなし,4.0,3,-9.0,0,0.0,強いリスクオフ・通常の25%,出来高0.6倍未満のため主力不可。ファンダメンタル=データ不足、RSI 62.0、出来高 0.46倍、BB +1.49σ,方式別実績はサンプル蓄積中。市場=強いリスクオフ、ニュース重大度と300万円の損失・投入・現金・保有数制約を適用,強いリスクオフのため新規主力買い停止,0.0,0.0,4.0,320,320,信用需給は判定不能,信用データがデータなし、または売残0で信用倍率を算出不能,データ不足,False,公式取得元または参照先なし,データなし,データなし,データなし,データなし,データなし,データなし,データなし,データなし,データなし,評価不能,評価不能,,評価不能,,データなし,データなし,データなし,データなし,データ不足,公式取得元または参照先なし,,,データなし,データなし,データなし,,,,,,,,,,,,,,,,
6504,富士電機,見送り,見送り,見送り,12517.99,12865.85,15230.0,15299.57,15758.56,11668.84,22561.04,0,0.0,0.0,2.3,C,見送り,-1.1,61.4,+1.23σ,0.45,False,データなし,4.0,3,-9.0,0,0.0,強いリスクオフ・通常の25%,急騰済みを最優先して除外。ファンダメンタル=データ不足、RSI 61.4、出来高 0.45倍、BB +1.23σ,方式別実績はサンプル蓄積中。市場=強いリスクオフ、ニュース重大度と300万円の損失・投入・現金・保有数制約を適用,強いリスクオフのため新規主力買い停止,0.0,0.0,4.0,320,320,信用需給は判定不能,信用データがデータなし、または売残0で信用倍率を算出不能,データ不足,False,公式取得元または参照先なし,データなし,データなし,データなし,データなし,データなし,データなし,データなし,データなし,データなし,評価不能,評価不能,,評価不能,,データなし,データなし,データなし,データなし,データ不足,公式取得元または参照先なし,,,データなし,データなし,データなし,,,,,,,,,,,,,,,,
3994,マネーフォワード,見送り,見送り,見送り,5078.8,5259.78,6584.0,6620.2,6818.8,4822.53,10215.53,0,0.0,0.0,3.58,C,見送り,-1.12,61.04,+1.40σ,0.94,False,データなし,3.0,3,-9.0,0,0.0,強いリスクオフ・通常の25%,急騰済みを最優先して除外。ファンダメンタル=データ不足、RSI 61.0、出来高 0.94倍、BB +1.40σ,方式別実績はサンプル蓄積中。市場=強いリスクオフ、ニュース重大度と300万円の損失・投入・現金・保有数制約を適用,強いリスクオフのため新規主力買い停止,0.0,0.0,3.0,374,374,信用需給は判定不能,信用データがデータなし、または売残0で信用倍率を算出不能,データ不足,False,公式取得元または参照先なし,データなし,データなし,データなし,データなし,データなし,データなし,データなし,データなし,データなし,評価不能,評価不能,,評価不能,,データなし,データなし,データなし,データなし,データ不足,公式取得元または参照先なし,,,データなし,データなし,データなし,,,,,,,,,,,,,,,,
4493,サイバーセキュリティクラウド,見送り,見送り,見送り,1765.71,1798.91,2013.0,2019.64,2080.23,1716.81,2625.3,0,0.0,0.0,3.91,B,見送り,-1.12,54.59,+0.83σ,2.94,False,データなし,2.0,0,-9.0,0,0.0,強いリスクオフ・通常の25%,反転条件の完成待ち。ファンダメンタル=データ不足、RSI 54.6、出来高 2.94倍、BB +0.83σ,方式別実績はサンプル蓄積中。市場=強いリスクオフ、ニュース重大度と300万円の損失・投入・現金・保有数制約を適用,強いリスクオフのため新規主力買い停止,0.0,0.0,2.0,521,521,信用需給は判定不能,信用データがデータなし、または売残0で信用倍率を算出不能,データ不足,False,公式取得元または参照先なし,データなし,データなし,データなし,データなし,データなし,データなし,データなし,データなし,データなし,評価不能,評価不能,,評価不能,,データなし,データなし,データなし,データなし,データ不足,公式取得元または参照先なし,,,データなし,データなし,データなし,,,,,,,,,,,,,,,,
9075,福山通運,見送り,見送り,見送り,5817.6,5923.16,6430.0,6451.11,6644.65,5675.77,8001.8,0,0.0,0.0,2.35,B,見送り,-1.12,63.02,+1.57σ,0.94,False,データなし,6.0,0,-9.0,0,0.0,強いリスクオフ・通常の25%,反転条件の完成待ち。ファンダメンタル=データ不足、RSI 63.0、出来高 0.94倍、BB +1.57σ,方式別実績はサンプル蓄積中。市場=強いリスクオフ、ニュース重大度と300万円の損失・投入・現金・保有数制約を適用,強いリスクオフのため新規主力買い停止,0.0,0.0,6.0,198,198,信用需給は判定不能,信用データがデータなし、または売残0で信用倍率を算出不能,データ不足,False,公式取得元または参照先なし,データなし,データなし,データなし,データなし,データなし,データなし,データなし,データなし,データなし,評価不能,評価不能,,評価不能,,データなし,データなし,データなし,データなし,データ不足,公式取得元または参照先なし,,,データなし,データなし,データなし,,,,,,,,,,,,,,,,
9069,センコーグループホールディングス,見送り,見送り,見送り,2179.11,2203.49,2323.0,2327.88,2397.71,2152.12,2679.39,0,0.0,0.0,2.34,C,見送り,-1.14,73.71,+2.03σ,0.93,False,データなし,6.0,0,-9.0,0,0.0,強いリスクオフ・通常の25%,急騰済みを最優先して除外。ファンダメンタル=データ不足、RSI 73.7、出来高 0.93倍、BB +2.03σ,方式別実績はサンプル蓄積中。市場=強いリスクオフ、ニュース重大度と300万円の損失・投入・現金・保有数制約を適用,強いリスクオフのため新規主力買い停止,0.0,0.0,6.0,198,198,信用需給は判定不能,信用データがデータなし、または売残0で信用倍率を算出不能,データ不足,False,公式取得元または参照先なし,データなし,データなし,データなし,データなし,データなし,データなし,データなし,データなし,データなし,評価不能,評価不能,,評価不能,,データなし,データなし,データなし,データなし,データ不足,公式取得元または参照先なし,,,データなし,データなし,データなし,,,,,,,,,,,,,,,,
7729,東京精密,見送り,見送り,見送り,16284.22,16823.7,19585.0,19692.9,20283.68,15413.67,28251.35,0,0.0,0.0,2.33,B,見送り,-1.16,56.97,+1.38σ,0.42,False,データなし,4.0,3,-9.0,0,0.0,強いリスクオフ・通常の25%,出来高0.6倍未満のため主力不可。ファンダメンタル=データ不足、RSI 57.0、出来高 0.42倍、BB +1.38σ,方式別実績はサンプル蓄積中。市場=強いリスクオフ、ニュース重大度と300万円の損失・投入・現金・保有数制約を適用,強いリスクオフのため新規主力買い停止,0.0,0.0,4.0,320,320,信用需給は判定不能,信用データがデータなし、または売残0で信用倍率を算出不能,データ不足,False,公式取得元または参照先なし,データなし,データなし,データなし,データなし,データなし,データなし,データなし,データなし,データなし,評価不能,評価不能,,評価不能,,データなし,データなし,データなし,データなし,データ不足,公式取得元または参照先なし,,,データなし,データなし,データなし,,,,,,,,,,,,,,,,
6469,放電精密加工研究所,見送り,見送り,見送り,2462.78,2539.8,3100.0,3115.4,3208.87,2310.23,4725.75,0,0.0,0.0,2.1,C,見送り,-1.2,63.73,+2.08σ,0.9,False,データなし,6.0,0,-9.0,0,0.0,強いリスクオフ・通常の25%,急騰済みを最優先して除外。ファンダメンタル=データ不足、RSI 63.7、出来高 0.90倍、BB +2.08σ,方式別実績はサンプル蓄積中。市場=強いリスクオフ、ニュース重大度と300万円の損失・投入・現金・保有数制約を適用,強いリスクオフのため新規主力買い停止,0.0,0.0,6.0,198,198,信用需給は判定不能,信用データがデータなし、または売残0で信用倍率を算出不能,データ不足,False,公式取得元または参照先なし,データなし,データなし,データなし,データなし,データなし,データなし,データなし,データなし,データなし,評価不能,評価不能,,評価不能,,データなし,データなし,データなし,データなし,データ不足,公式取得元または参照先なし,,,データなし,データなし,データなし,,,,,,,,,,,,,,,,
6994,指月電機製作所,見送り,見送り,見送り,968.25,1008.61,1276.0,1284.07,1324.44,897.01,2058.2,0,0.0,0.0,2.09,C,見送り,-1.2,60.92,+2.11σ,0.9,False,データなし,6.0,0,-9.0,0,0.0,強いリスクオフ・通常の25%,急騰済みを最優先して除外。ファンダメンタル=データ不足、RSI 60.9、出来高 0.90倍、BB +2.11σ,方式別実績はサンプル蓄積中。市場=強いリスクオフ、ニュース重大度と300万円の損失・投入・現金・保有数制約を適用,強いリスクオフのため新規主力買い停止,0.0,0.0,6.0,198,198,信用需給は判定不能,信用データがデータなし、または売残0で信用倍率を算出不能,データ不足,False,公式取得元または参照先なし,データなし,データなし,データなし,データなし,データなし,データなし,データなし,データなし,データなし,評価不能,評価不能,,評価不能,,データなし,データなし,データなし,データなし,データ不足,公式取得元または参照先なし,,,データなし,データなし,データなし,,,,,,,,,,,,,,,,
8337,千葉興業銀行,見送り,見送り,見送り,2537.45,2584.97,2866.0,2875.5,2961.77,2472.87,3680.77,0,0.0,0.0,3.02,B,見送り,-1.2,61.2,+1.40σ,0.9,False,データなし,3.0,3,-9.0,0,0.0,強いリスクオフ・通常の25%,反転条件の完成待ち。ファンダメンタル=データ不足、RSI 61.2、出来高 0.90倍、BB +1.40σ,方式別実績はサンプル蓄積中。市場=強いリスクオフ、ニュース重大度と300万円の損失・投入・現金・保有数制約を適用,強いリスクオフのため新規主力買い停止,0.0,0.0,3.0,374,374,信用需給は判定不能,信用データがデータなし、または売残0で信用倍率を算出不能,データ不足,False,公式取得元または参照先なし,データなし,データなし,データなし,データなし,データなし,データなし,データなし,データなし,データなし,評価不能,評価不能,,評価不能,,データなし,データなし,データなし,データなし,データ不足,公式取得元または参照先なし,,,データなし,データなし,データなし,,,,,,,,,,,,,,,,
6113,アマダ,見送り,見送り,見送り,2672.45,2735.77,2849.5,2862.16,2948.03,2609.96,3366.57,0,0.0,0.0,2.4,B,見送り,-1.26,49.99,+0.36σ,0.87,False,データなし,3.0,3,-9.0,0,0.0,強いリスクオフ・通常の25%,反転条件の完成待ち。ファンダメンタル=データ不足、RSI 50.0、出来高 0.87倍、BB +0.36σ,方式別実績はサンプル蓄積中。市場=強いリスクオフ、ニュース重大度と300万円の損失・投入・現金・保有数制約を適用,強いリスクオフのため新規主力買い停止,0.0,0.0,3.0,374,374,信用需給は判定不能,信用データがデータなし、または売残0で信用倍率を算出不能,データ不足,False,公式取得元または参照先なし,データなし,データなし,データなし,データなし,データなし,データなし,データなし,データなし,データなし,評価不能,評価不能,,評価不能,,データなし,データなし,データなし,データなし,データ不足,公式取得元または参照先なし,,,データなし,データなし,データなし,,,,,,,,,,,,,,,,
5367,ニッカトー,見送り,見送り,見送り,1075.96,1126.6,1332.0,1342.13,1392.76,1004.3,2017.78,0,0.0,0.0,2.11,C,見送り,-1.28,55.95,+1.36σ,0.36,False,データなし,4.0,3,-9.0,0,0.0,強いリスクオフ・通常の25%,急騰済みを最優先して除外。ファンダメンタル=データ不足、RSI 56.0、出来高 0.36倍、BB +1.36σ,方式別実績はサンプル蓄積中。市場=強いリスクオフ、ニュース重大度と300万円の損失・投入・現金・保有数制約を適用,強いリスクオフのため新規主力買い停止,0.0,0.0,4.0,320,320,信用需給は判定不能,信用データがデータなし、または売残0で信用倍率を算出不能,データ不足,False,公式取得元または参照先なし,データなし,データなし,データなし,データなし,データなし,データなし,データなし,データなし,データなし,評価不能,評価不能,,評価不能,,データなし,データなし,データなし,データなし,データ不足,公式取得元または参照先なし,,,データなし,データなし,データなし,,,,,,,,,,,,,,,,
4828,ビジネスエンジニアリング,見送り,見送り,見送り,1153.52,1175.98,1391.0,1395.49,1437.36,1095.26,1995.96,0,0.0,0.0,2.56,C,見送り,-1.3,70.57,+1.64σ,0.85,False,データなし,3.0,3,-9.0,0,0.0,強いリスクオフ・通常の25%,急騰済みを最優先して除外。ファンダメンタル=データ不足、RSI 70.6、出来高 0.85倍、BB +1.64σ,方式別実績はサンプル蓄積中。市場=強いリスクオフ、ニュース重大度と300万円の損失・投入・現金・保有数制約を適用,強いリスクオフのため新規主力買い停止,0.0,0.0,3.0,374,374,信用需給は判定不能,信用データがデータなし、または売残0で信用倍率を算出不能,データ不足,False,公式取得元または参照先なし,データなし,データなし,データなし,データなし,データなし,データなし,データなし,データなし,データなし,評価不能,評価不能,,評価不能,,データなし,データなし,データなし,データなし,データ不足,公式取得元または参照先なし,,,データなし,データなし,データなし,,,,,,,,,,,,,,,,
3565,アセンテック,見送り,見送り,見送り,409.15,418.25,461.0,462.82,476.7,399.2,590.05,0,0.0,0.0,2.61,B,見送り,-1.32,58.61,+1.64σ,0.84,False,データなし,3.0,3,-9.0,0,0.0,強いリスクオフ・通常の25%,反転条件の完成待ち。ファンダメンタル=データ不足、RSI 58.6、出来高 0.84倍、BB +1.64σ,方式別実績はサンプル蓄積中。市場=強いリスクオフ、ニュース重大度と300万円の損失・投入・現金・保有数制約を適用,強いリスクオフのため新規主力買い停止,0.0,0.0,3.0,374,374,信用需給は判定不能,信用データがデータなし、または売残0で信用倍率を算出不能,データ不足,False,公式取得元または参照先なし,データなし,データなし,データなし,データなし,データなし,データなし,データなし,データなし,データなし,評価不能,評価不能,,評価不能,,データなし,データなし,データなし,データなし,データ不足,公式取得元または参照先なし,,,データなし,データなし,データなし,,,,,,,,,,,,,,,,
7011,三菱重工業,見送り,見送り,見送り,3736.34,3812.93,4363.0,4378.32,4509.67,3592.99,5948.97,0,0.0,0.0,2.11,C,見送り,-1.32,69.48,+2.17σ,0.84,False,データなし,6.0,0,-9.0,0,0.0,強いリスクオフ・通常の25%,急騰済みを最優先して除外。ファンダメンタル=データ不足、RSI 69.5、出来高 0.84倍、BB +2.17σ,方式別実績はサンプル蓄積中。市場=強いリスクオフ、ニュース重大度と300万円の損失・投入・現金・保有数制約を適用,強いリスクオフのため新規主力買い停止,0.0,0.0,6.0,198,198,信用需給は判定不能,信用データがデータなし、または売残0で信用倍率を算出不能,データ不足,False,公式取得元または参照先なし,データなし,データなし,データなし,データなし,データなし,データなし,データなし,データなし,データなし,評価不能,評価不能,,評価不能,,データなし,データなし,データなし,データなし,データ不足,公式取得元または参照先なし,,,データなし,データなし,データなし,,,,,,,,,,,,,,,,
3252,地主,見送り,見送り,見送り,2848.13,2877.11,2985.0,2990.79,3080.52,2820.14,3332.1,0,0.0,0.0,2.44,B,見送り,-1.34,57.36,+1.50σ,1.83,False,データなし,4.0,0,-9.0,0,0.0,強いリスクオフ・通常の25%,反転条件の完成待ち。ファンダメンタル=データ不足、RSI 57.4、出来高 1.83倍、BB +1.50σ,方式別実績はサンプル蓄積中。市場=強いリスクオフ、ニュース重大度と300万円の損失・投入・現金・保有数制約を適用,強いリスクオフのため新規主力買い停止,0.0,0.0,4.0,320,320,信用需給は判定不能,信用データがデータなし、または売残0で信用倍率を算出不能,データ不足,False,公式取得元または参照先なし,データなし,データなし,データなし,データなし,データなし,データなし,データなし,データなし,データなし,評価不能,評価不能,,評価不能,,データなし,データなし,データなし,データなし,データ不足,公式取得元または参照先なし,,,データなし,データなし,データなし,,,,,,,,,,,,,,,,
9348,ｉｓｐａｃｅ,見送り,見送り,見送り,403.05,410.27,435.0,436.44,449.54,398.82,511.69,0,0.0,0.0,2.21,C,見送り,-1.34,52.85,+2.49σ,0.83,False,データなし,6.0,0,-9.0,0,0.0,強いリスクオフ・通常の25%,急騰済みを最優先して除外。ファンダメンタル=データ不足、RSI 52.9、出来高 0.83倍、BB +2.49σ,方式別実績はサンプル蓄積中。市場=強いリスクオフ、ニュース重大度と300万円の損失・投入・現金・保有数制約を適用,強いリスクオフのため新規主力買い停止,0.0,0.0,6.0,198,198,信用需給は判定不能,信用データがデータなし、または売残0で信用倍率を算出不能,データ不足,False,公式取得元または参照先なし,データなし,データなし,データなし,データなし,データなし,データなし,データなし,データなし,データなし,評価不能,評価不能,,評価不能,,データなし,データなし,データなし,データなし,データ不足,公式取得元または参照先なし,,,データなし,データなし,データなし,,,,,,,,,,,,,,,,
9101,日本郵船,見送り,見送り,見送り,5801.96,5878.86,6511.0,6526.38,6722.17,5642.21,8294.72,0,0.0,0.0,2.13,C,見送り,-1.38,72.42,+2.28σ,0.81,False,データなし,6.0,0,-9.0,0,0.0,強いリスクオフ・通常の25%,急騰済みを最優先して除外。ファンダメンタル=データ不足、RSI 72.4、出来高 0.81倍、BB +2.28σ,方式別実績はサンプル蓄積中。市場=強いリスクオフ、ニュース重大度と300万円の損失・投入・現金・保有数制約を適用,強いリスクオフのため新規主力買い停止,0.0,0.0,6.0,198,198,信用需給は判定不能,信用データがデータなし、または売残0で信用倍率を算出不能,データ不足,False,公式取得元または参照先なし,データなし,データなし,データなし,データなし,データなし,データなし,データなし,データなし,データなし,評価不能,評価不能,,評価不能,,データなし,データなし,データなし,データなし,データ不足,公式取得元または参照先なし,,,データなし,データなし,データなし,,,,,,,,,,,,,,,,
4187,大阪有機化学工業,見送り,見送り,見送り,4498.78,4632.76,5040.0,5066.8,5218.8,4241.55,6717.29,0,0.0,0.0,2.26,B,見送り,-1.4,49.78,+0.34σ,0.3,False,データなし,4.0,3,-9.0,0,0.0,強いリスクオフ・通常の25%,出来高0.6倍未満のため主力不可。ファンダメンタル=データ不足、RSI 49.8、出来高 0.30倍、BB +0.34σ,方式別実績はサンプル蓄積中。市場=強いリスクオフ、ニュース重大度と300万円の損失・投入・現金・保有数制約を適用,強いリスクオフのため新規主力買い停止,0.0,0.0,4.0,320,320,信用需給は判定不能,信用データがデータなし、または売残0で信用倍率を算出不能,データ不足,False,公式取得元または参照先なし,データなし,データなし,データなし,データなし,データなし,データなし,データなし,データなし,データなし,評価不能,評価不能,,評価不能,,データなし,データなし,データなし,データなし,データ不足,公式取得元または参照先なし,,,データなし,データなし,データなし,,,,,,,,,,,,,,,,
7280,ミツバ,見送り,見送り,見送り,1143.66,1163.46,1289.0,1292.96,1331.75,1118.48,1641.92,0,0.0,0.0,2.14,C,見送り,-1.4,67.45,+2.75σ,0.8,False,データなし,6.0,0,-9.0,0,0.0,強いリスクオフ・通常の25%,急騰済みを最優先して除外。ファンダメンタル=データ不足、RSI 67.5、出来高 0.80倍、BB +2.75σ,方式別実績はサンプル蓄積中。市場=強いリスクオフ、ニュース重大度と300万円の損失・投入・現金・保有数制約を適用,強いリスクオフのため新規主力買い停止,0.0,0.0,6.0,198,198,信用需給は判定不能,信用データがデータなし、または売残0で信用倍率を算出不能,データ不足,False,公式取得元または参照先なし,データなし,データなし,データなし,データなし,データなし,データなし,データなし,データなし,データなし,評価不能,評価不能,,評価不能,,データなし,データなし,データなし,データなし,データ不足,公式取得元または参照先なし,,,データなし,データなし,データなし,,,,,,,,,,,,,,,,
5246,ＥＬＥＭＥＮＴＳ,見送り,見送り,見送り,732.28,751.29,883.0,886.8,913.41,702.64,1255.13,0,0.0,0.0,2.8,C,見送り,-1.42,72.55,+1.71σ,0.79,False,データなし,3.0,3,-9.0,0,0.0,強いリスクオフ・通常の25%,急騰済みを最優先して除外。ファンダメンタル=データ不足、RSI 72.5、出来高 0.79倍、BB +1.71σ,方式別実績はサンプル蓄積中。市場=強いリスクオフ、ニュース重大度と300万円の損失・投入・現金・保有数制約を適用,強いリスクオフのため新規主力買い停止,0.0,0.0,3.0,374,374,信用需給は判定不能,信用データがデータなし、または売残0で信用倍率を算出不能,データ不足,False,公式取得元または参照先なし,データなし,データなし,データなし,データなし,データなし,データなし,データなし,データなし,データなし,評価不能,評価不能,,評価不能,,データなし,データなし,データなし,データなし,データ不足,公式取得元または参照先なし,,,データなし,データなし,データなし,,,,,,,,,,,,,,,,
9509,北海道電力,見送り,見送り,見送り,1004.68,1017.63,1060.0,1062.59,1094.47,998.26,1191.25,0,0.0,0.0,2.29,C,見送り,-1.42,63.95,+2.55σ,0.79,False,データなし,6.0,0,-9.0,0,0.0,強いリスクオフ・通常の25%,急騰済みを最優先して除外。ファンダメンタル=データ不足、RSI 64.0、出来高 0.79倍、BB +2.55σ,方式別実績はサンプル蓄積中。市場=強いリスクオフ、ニュース重大度と300万円の損失・投入・現金・保有数制約を適用,強いリスクオフのため新規主力買い停止,0.0,0.0,6.0,198,198,信用需給は判定不能,信用データがデータなし、または売残0で信用倍率を算出不能,データ不足,False,公式取得元または参照先なし,データなし,データなし,データなし,データなし,データなし,データなし,データなし,データなし,データなし,評価不能,評価不能,,評価不能,,データなし,データなし,データなし,データなし,データ不足,公式取得元または参照先なし,,,データなし,データなし,データなし,,,,,,,,,,,,,,,,
1982,日比谷総合設備,見送り,見送り,見送り,2755.4,2818.08,3135.0,3147.54,3241.96,2700.43,4041.75,0,0.0,0.0,3.33,B,見送り,-1.52,55.54,+1.59σ,0.74,False,データなし,6.0,0,-9.0,0,0.0,強いリスクオフ・通常の25%,反転条件の完成待ち。ファンダメンタル=データ不足、RSI 55.5、出来高 0.74倍、BB +1.59σ,方式別実績はサンプル蓄積中。市場=強いリスクオフ、ニュース重大度と300万円の損失・投入・現金・保有数制約を適用,強いリスクオフのため新規主力買い停止,0.0,0.0,6.0,198,198,信用需給は判定不能,信用データがデータなし、または売残0で信用倍率を算出不能,データ不足,False,公式取得元または参照先なし,データなし,データなし,データなし,データなし,データなし,データなし,データなし,データなし,データなし,評価不能,評価不能,,評価不能,,データなし,データなし,データなし,データなし,データ不足,公式取得元または参照先なし,,,データなし,データなし,データなし,,,,,,,,,,,,,,,,
7730,マニー,見送り,見送り,見送り,1500.73,1518.21,1621.0,1624.5,1673.23,1470.3,1932.89,0,0.0,0.0,2.22,B,見送り,-1.54,55.13,+1.67σ,0.73,False,データなし,3.0,3,-9.0,0,0.0,強いリスクオフ・通常の25%,反転条件の完成待ち。ファンダメンタル=データ不足、RSI 55.1、出来高 0.73倍、BB +1.67σ,方式別実績はサンプル蓄積中。市場=強いリスクオフ、ニュース重大度と300万円の損失・投入・現金・保有数制約を適用,強いリスクオフのため新規主力買い停止,0.0,0.0,3.0,374,374,信用需給は判定不能,信用データがデータなし、または売残0で信用倍率を算出不能,データ不足,False,公式取得元または参照先なし,データなし,データなし,データなし,データなし,データなし,データなし,データなし,データなし,データなし,評価不能,評価不能,,評価不能,,データなし,データなし,データなし,データなし,データ不足,公式取得元または参照先なし,,,データなし,データなし,データなし,,,,,,,,,,,,,,,,
6668,アドテック　プラズマ　テクノロジー,見送り,見送り,見送り,2817.04,2965.16,3935.0,3964.62,4112.75,2474.7,6944.48,0,0.0,0.0,2.07,C,見送り,-1.56,60.14,+1.49σ,0.22,False,データなし,4.0,3,-9.0,0,0.0,強いリスクオフ・通常の25%,急騰済みを最優先して除外。ファンダメンタル=データ不足、RSI 60.1、出来高 0.22倍、BB +1.49σ,方式別実績はサンプル蓄積中。市場=強いリスクオフ、ニュース重大度と300万円の損失・投入・現金・保有数制約を適用,強いリスクオフのため新規主力買い停止,0.0,0.0,4.0,320,320,信用需給は判定不能,信用データがデータなし、または売残0で信用倍率を算出不能,データ不足,False,公式取得元または参照先なし,データなし,データなし,データなし,データなし,データなし,データなし,データなし,データなし,データなし,評価不能,評価不能,,評価不能,,データなし,データなし,データなし,データなし,データ不足,公式取得元または参照先なし,,,データなし,データなし,データなし,,,,,,,,,,,,,,,,
1961,三機工業,見送り,見送り,見送り,2264.62,2324.96,2585.0,2597.07,2674.98,2202.73,3385.74,0,0.0,0.0,2.65,B,見送り,-1.56,54.26,+1.52σ,0.72,False,データなし,6.0,0,-9.0,0,0.0,強いリスクオフ・通常の25%,反転条件の完成待ち。ファンダメンタル=データ不足、RSI 54.3、出来高 0.72倍、BB +1.52σ,方式別実績はサンプル蓄積中。市場=強いリスクオフ、ニュース重大度と300万円の損失・投入・現金・保有数制約を適用,強いリスクオフのため新規主力買い停止,0.0,0.0,6.0,198,198,信用需給は判定不能,信用データがデータなし、または売残0で信用倍率を算出不能,データ不足,False,公式取得元または参照先なし,データなし,データなし,データなし,データなし,データなし,データなし,データなし,データなし,データなし,評価不能,評価不能,,評価不能,,データなし,データなし,データなし,データなし,データ不足,公式取得元または参照先なし,,,データなし,データなし,データなし,,,,,,,,,,,,,,,,
7419,ノジマ,見送り,見送り,見送り,1288.12,1298.0,1332.0,1335.95,1376.03,1241.62,1524.61,0,0.0,0.0,4.02,B,見送り,-1.56,40.77,-1.00σ,1.22,False,データなし,5.0,0,-9.0,0,0.0,強いリスクオフ・通常の25%,反転条件の完成待ち。ファンダメンタル=データ不足、RSI 40.8、出来高 1.22倍、BB -1.00σ,方式別実績はサンプル蓄積中。市場=強いリスクオフ、ニュース重大度と300万円の損失・投入・現金・保有数制約を適用,強いリスクオフのため新規主力買い停止,0.0,0.0,5.0,300,300,信用需給は判定不能,信用データがデータなし、または売残0で信用倍率を算出不能,データ不足,False,公式取得元または参照先なし,データなし,データなし,データなし,データなし,データなし,データなし,データなし,データなし,データなし,評価不能,評価不能,,評価不能,,データなし,データなし,データなし,データなし,データ不足,公式取得元または参照先なし,,,データなし,データなし,データなし,,,,,,,,,,,,,,,,
8706,極東証券,見送り,見送り,見送り,1745.4,1763.18,1871.0,1874.56,1930.79,1718.33,2187.01,0,0.0,0.0,2.85,B,見送り,-1.56,65.54,+1.38σ,0.72,False,データなし,3.0,3,-9.0,0,0.0,強いリスクオフ・通常の25%,反転条件の完成待ち。ファンダメンタル=データ不足、RSI 65.5、出来高 0.72倍、BB +1.38σ,方式別実績はサンプル蓄積中。市場=強いリスクオフ、ニュース重大度と300万円の損失・投入・現金・保有数制約を適用,強いリスクオフのため新規主力買い停止,0.0,0.0,3.0,374,374,信用需給は判定不能,信用データがデータなし、または売残0で信用倍率を算出不能,データ不足,False,公式取得元または参照先なし,データなし,データなし,データなし,データなし,データなし,データなし,データなし,データなし,データなし,評価不能,評価不能,,評価不能,,データなし,データなし,データなし,データなし,データ不足,公式取得元または参照先なし,,,データなし,データなし,データなし,,,,,,,,,,,,,,,,
7014,名村造船所,見送り,見送り,見送り,4027.36,4143.78,4595.0,4618.28,4756.83,3907.4,6040.05,0,0.0,0.0,2.54,B,見送り,-1.58,63.13,+1.38σ,0.71,False,データなし,6.0,0,-9.0,0,0.0,強いリスクオフ・通常の25%,反転条件の完成待ち。ファンダメンタル=データ不足、RSI 63.1、出来高 0.71倍、BB +1.38σ,方式別実績はサンプル蓄積中。市場=強いリスクオフ、ニュース重大度と300万円の損失・投入・現金・保有数制約を適用,強いリスクオフのため新規主力買い停止,0.0,0.0,6.0,198,198,信用需給は判定不能,信用データがデータなし、または売残0で信用倍率を算出不能,データ不足,False,公式取得元または参照先なし,データなし,データなし,データなし,データなし,データなし,データなし,データなし,データなし,データなし,評価不能,評価不能,,評価不能,,データなし,データなし,データなし,データなし,データ不足,公式取得元または参照先なし,,,データなし,データなし,データなし,,,,,,,,,,,,,,,,
9880,イノテック,見送り,見送り,見送り,3171.06,3271.34,3890.0,3910.05,4027.36,2983.41,5763.34,0,0.0,0.0,2.15,C,見送り,-1.58,59.86,+1.71σ,0.71,False,データなし,6.0,0,-9.0,0,0.0,強いリスクオフ・通常の25%,急騰済みを最優先して除外。ファンダメンタル=データ不足、RSI 59.9、出来高 0.71倍、BB +1.71σ,方式別実績はサンプル蓄積中。市場=強いリスクオフ、ニュース重大度と300万円の損失・投入・現金・保有数制約を適用,強いリスクオフのため新規主力買い停止,0.0,0.0,6.0,198,198,信用需給は判定不能,信用データがデータなし、または売残0で信用倍率を算出不能,データ不足,False,公式取得元または参照先なし,データなし,データなし,データなし,データなし,データなし,データなし,データなし,データなし,データなし,評価不能,評価不能,,評価不能,,データなし,データなし,データなし,データなし,データ不足,公式取得元または参照先なし,,,データなし,データなし,データなし,,,,,,,,,,,,,,,,
8358,スルガ銀行,見送り,見送り,見送り,2598.3,2640.77,2946.0,2954.49,3043.13,2522.0,3819.48,0,0.0,0.0,2.41,B,見送り,-1.62,71.28,+1.91σ,0.69,False,データなし,3.0,3,-9.0,0,0.0,強いリスクオフ・通常の25%,反転条件の完成待ち。ファンダメンタル=データ不足、RSI 71.3、出来高 0.69倍、BB +1.91σ,方式別実績はサンプル蓄積中。市場=強いリスクオフ、ニュース重大度と300万円の損失・投入・現金・保有数制約を適用,強いリスクオフのため新規主力買い停止,0.0,0.0,3.0,374,374,信用需給は判定不能,信用データがデータなし、または売残0で信用倍率を算出不能,データ不足,False,公式取得元または参照先なし,データなし,データなし,データなし,データなし,データなし,データなし,データなし,データなし,データなし,評価不能,評価不能,,評価不能,,データなし,データなし,データなし,データなし,データ不足,公式取得元または参照先なし,,,データなし,データなし,データなし,,,,,,,,,,,,,,,,
6055,ジャパンマテリアル,見送り,見送り,見送り,2104.94,2170.92,2312.0,2325.2,2394.95,2031.62,2912.35,0,0.0,0.0,2.41,B,見送り,-1.66,49.59,+0.43σ,0.67,False,データなし,3.0,3,-9.0,0,0.0,強いリスクオフ・通常の25%,反転条件の完成待ち。ファンダメンタル=データ不足、RSI 49.6、出来高 0.67倍、BB +0.43σ,方式別実績はサンプル蓄積中。市場=強いリスクオフ、ニュース重大度と300万円の損失・投入・現金・保有数制約を適用,強いリスクオフのため新規主力買い停止,0.0,0.0,3.0,374,374,信用需給は判定不能,信用データがデータなし、または売残0で信用倍率を算出不能,データ不足,False,公式取得元または参照先なし,データなし,データなし,データなし,データなし,データなし,データなし,データなし,データなし,データなし,評価不能,評価不能,,評価不能,,データなし,データなし,データなし,データなし,データ不足,公式取得元または参照先なし,,,データなし,データなし,データなし,,,,,,,,,,,,,,,,
6857,アドバンテスト,見送り,見送り,見送り,27275.07,28445.27,38730.0,38964.04,40134.24,24387.33,68117.46,0,0.0,0.0,2.27,C,見送り,-1.7,66.7,+1.86σ,0.65,False,データなし,3.0,3,-9.0,0,0.0,強いリスクオフ・通常の25%,急騰済みを最優先して除外。ファンダメンタル=データ不足、RSI 66.7、出来高 0.65倍、BB +1.86σ,方式別実績はサンプル蓄積中。市場=強いリスクオフ、ニュース重大度と300万円の損失・投入・現金・保有数制約を適用,強いリスクオフのため新規主力買い停止,0.0,0.0,3.0,374,374,信用需給は判定不能,信用データがデータなし、または売残0で信用倍率を算出不能,データ不足,False,公式取得元または参照先なし,データなし,データなし,データなし,データなし,データなし,データなし,データなし,データなし,データなし,評価不能,評価不能,,評価不能,,データなし,データなし,データなし,データなし,データ不足,公式取得元または参照先なし,,,データなし,データなし,データなし,,,,,,,,,,,,,,,,
6754,アンリツ,見送り,見送り,見送り,3472.94,3573.16,3709.0,3729.04,3840.92,3361.46,4464.21,0,0.0,0.0,2.31,B,見送り,-1.76,46.84,+0.06σ,0.62,False,データなし,6.0,0,-9.0,0,0.0,強いリスクオフ・通常の25%,反転条件の完成待ち。ファンダメンタル=データ不足、RSI 46.8、出来高 0.62倍、BB +0.06σ,方式別実績はサンプル蓄積中。市場=強いリスクオフ、ニュース重大度と300万円の損失・投入・現金・保有数制約を適用,強いリスクオフのため新規主力買い停止,0.0,0.0,6.0,198,198,信用需給は判定不能,信用データがデータなし、または売残0で信用倍率を算出不能,データ不足,False,公式取得元または参照先なし,データなし,データなし,データなし,データなし,データなし,データなし,データなし,データなし,データなし,評価不能,評価不能,,評価不能,,データなし,データなし,データなし,データなし,データ不足,公式取得元または参照先なし,,,データなし,データなし,データなし,,,,,,,,,,,,,,,,
7337,ひろぎんホールディングス,見送り,見送り,見送り,2181.31,2211.26,2391.5,2397.49,2469.41,2133.44,2925.59,0,0.0,0.0,2.5,B,見送り,-1.76,63.35,+1.60σ,0.62,False,データなし,3.0,3,-9.0,0,0.0,強いリスクオフ・通常の25%,反転条件の完成待ち。ファンダメンタル=データ不足、RSI 63.4、出来高 0.62倍、BB +1.60σ,方式別実績はサンプル蓄積中。市場=強いリスクオフ、ニュース重大度と300万円の損失・投入・現金・保有数制約を適用,強いリスクオフのため新規主力買い停止,0.0,0.0,3.0,374,374,信用需給は判定不能,信用データがデータなし、または売残0で信用倍率を算出不能,データ不足,False,公式取得元または参照先なし,データなし,データなし,データなし,データなし,データなし,データなし,データなし,データなし,データなし,評価不能,評価不能,,評価不能,,データなし,データなし,データなし,データなし,データ不足,公式取得元または参照先なし,,,データなし,データなし,データなし,,,,,,,,,,,,,,,,
5713,住友金属鉱山,見送り,見送り,見送り,7202.01,7451.95,9989.0,10038.99,10340.16,6311.67,17493.62,0,0.0,0.0,2.08,C,見送り,-1.78,66.35,+1.58σ,0.61,False,データなし,3.0,3,-9.0,0,0.0,強いリスクオフ・通常の25%,急騰済みを最優先して除外。ファンダメンタル=データ不足、RSI 66.3、出来高 0.61倍、BB +1.58σ,方式別実績はサンプル蓄積中。市場=強いリスクオフ、ニュース重大度と300万円の損失・投入・現金・保有数制約を適用,強いリスクオフのため新規主力買い停止,0.0,0.0,3.0,374,374,信用需給は判定不能,信用データがデータなし、または売残0で信用倍率を算出不能,データ不足,False,公式取得元または参照先なし,データなし,データなし,データなし,データなし,データなし,データなし,データなし,データなし,データなし,評価不能,評価不能,,評価不能,,データなし,データなし,データなし,データなし,データ不足,公式取得元または参照先なし,,,データなし,データなし,データなし,,,,,,,,,,,,,,,,
5563,新日本電工,見送り,見送り,見送り,406.33,415.85,449.0,450.9,464.43,398.58,555.55,0,0.0,0.0,2.46,B,見送り,-1.8,55.32,+1.63σ,0.6,False,データなし,6.0,0,-9.0,0,0.0,強いリスクオフ・通常の25%,反転条件の完成待ち。ファンダメンタル=データ不足、RSI 55.3、出来高 0.60倍、BB +1.63σ,方式別実績はサンプル蓄積中。市場=強いリスクオフ、ニュース重大度と300万円の損失・投入・現金・保有数制約を適用,強いリスクオフのため新規主力買い停止,0.0,0.0,6.0,198,198,信用需給は判定不能,信用データがデータなし、または売残0で信用倍率を算出不能,データ不足,False,公式取得元または参照先なし,データなし,データなし,データなし,データなし,データなし,データなし,データなし,データなし,データなし,評価不能,評価不能,,評価不能,,データなし,データなし,データなし,データなし,データ不足,公式取得元または参照先なし,,,データなし,データなし,データなし,,,,,,,,,,,,,,,,
7373,アイドマ・ホールディングス,見送り,見送り,見送り,926.6,941.52,983.0,985.99,1015.56,902.67,1152.62,0,0.0,0.0,3.97,B,見送り,-1.8,37.56,-0.40σ,0.6,False,データなし,3.0,3,-9.0,0,0.0,強いリスクオフ・通常の25%,反転条件の完成待ち。ファンダメンタル=データ不足、RSI 37.6、出来高 0.60倍、BB -0.40σ,方式別実績はサンプル蓄積中。市場=強いリスクオフ、ニュース重大度と300万円の損失・投入・現金・保有数制約を適用,強いリスクオフのため新規主力買い停止,0.0,0.0,3.0,374,374,信用需給は判定不能,信用データがデータなし、または売残0で信用倍率を算出不能,データ不足,False,公式取得元または参照先なし,データなし,データなし,データなし,データなし,データなし,データなし,データなし,データなし,データなし,評価不能,評価不能,,評価不能,,データなし,データなし,データなし,データなし,データ不足,公式取得元または参照先なし,,,データなし,データなし,データなし,,,,,,,,,,,,,,,,
6481,ＴＨＫ,見送り,見送り,見送り,6424.15,6634.77,7760.0,7802.13,8036.19,6090.48,11225.42,0,0.0,0.0,2.59,B,見送り,-1.84,56.42,+1.26σ,0.58,False,データなし,3.0,3,-9.0,0,0.0,強いリスクオフ・通常の25%,出来高0.6倍未満のため主力不可。ファンダメンタル=データ不足、RSI 56.4、出来高 0.58倍、BB +1.26σ,方式別実績はサンプル蓄積中。市場=強いリスクオフ、ニュース重大度と300万円の損失・投入・現金・保有数制約を適用,強いリスクオフのため新規主力買い停止,0.0,0.0,3.0,374,374,信用需給は判定不能,信用データがデータなし、または売残0で信用倍率を算出不能,データ不足,False,公式取得元または参照先なし,データなし,データなし,データなし,データなし,データなし,データなし,データなし,データなし,データなし,評価不能,評価不能,,評価不能,,データなし,データなし,データなし,データなし,データ不足,公式取得元または参照先なし,,,データなし,データなし,データなし,,,,,,,,,,,,,,,,
6723,ルネサスエレクトロニクス,見送り,見送り,見送り,3434.56,3568.34,3935.0,3961.75,4095.52,3236.4,5412.46,0,0.0,0.0,2.42,B,見送り,-1.84,48.14,+0.40σ,0.58,False,データなし,6.0,0,-9.0,0,0.0,強いリスクオフ・通常の25%,出来高0.6倍未満のため主力不可。ファンダメンタル=データ不足、RSI 48.1、出来高 0.58倍、BB +0.40σ,方式別実績はサンプル蓄積中。市場=強いリスクオフ、ニュース重大度と300万円の損失・投入・現金・保有数制約を適用,強いリスクオフのため新規主力買い停止,0.0,0.0,6.0,198,198,信用需給は判定不能,信用データがデータなし、または売残0で信用倍率を算出不能,データ不足,False,公式取得元または参照先なし,データなし,データなし,データなし,データなし,データなし,データなし,データなし,データなし,データなし,評価不能,評価不能,,評価不能,,データなし,データなし,データなし,データなし,データ不足,公式取得元または参照先なし,,,データなし,データなし,データなし,,,,,,,,,,,,,,,,
8558,東和銀行,見送り,見送り,見送り,1318.96,1350.5,1575.0,1581.31,1628.75,1271.61,2200.7,0,0.0,0.0,2.62,C,見送り,-1.84,64.24,+2.06σ,0.58,False,データなし,3.0,3,-9.0,0,0.0,強いリスクオフ・通常の25%,急騰済みを最優先して除外。ファンダメンタル=データ不足、RSI 64.2、出来高 0.58倍、BB +2.06σ,方式別実績はサンプル蓄積中。市場=強いリスクオフ、ニュース重大度と300万円の損失・投入・現金・保有数制約を適用,強いリスクオフのため新規主力買い停止,0.0,0.0,3.0,374,374,信用需給は判定不能,信用データがデータなし、または売残0で信用倍率を算出不能,データ不足,False,公式取得元または参照先なし,データなし,データなし,データなし,データなし,データなし,データなし,データなし,データなし,データなし,評価不能,評価不能,,評価不能,,データなし,データなし,データなし,データなし,データ不足,公式取得元または参照先なし,,,データなし,データなし,データなし,,,,,,,,,,,,,,,,
6166,中村超硬,見送り,見送り,見送り,601.23,621.53,670.0,674.06,694.35,586.31,849.56,0,0.0,0.0,2.57,B,見送り,-1.88,52.15,+0.94σ,0.56,False,データなし,6.0,0,-9.0,0,0.0,強いリスクオフ・通常の25%,出来高0.6倍未満のため主力不可。ファンダメンタル=データ不足、RSI 52.1、出来高 0.56倍、BB +0.94σ,方式別実績はサンプル蓄積中。市場=強いリスクオフ、ニュース重大度と300万円の損失・投入・現金・保有数制約を適用,強いリスクオフのため新規主力買い停止,0.0,0.0,6.0,198,198,信用需給は判定不能,信用データがデータなし、または売残0で信用倍率を算出不能,データ不足,False,公式取得元または参照先なし,データなし,データなし,データなし,データなし,データなし,データなし,データなし,データなし,データなし,評価不能,評価不能,,評価不能,,データなし,データなし,データなし,データなし,データ不足,公式取得元または参照先なし,,,データなし,データなし,データなし,,,,,,,,,,,,,,,,
9042,阪急阪神ホールディングス,見送り,見送り,見送り,4502.1,4561.82,4689.0,4700.95,4841.97,4365.43,5371.98,0,0.0,0.0,2.73,B,見送り,-1.88,49.76,-0.38σ,0.56,False,データなし,3.0,3,-9.0,0,0.0,強いリスクオフ・通常の25%,出来高0.6倍未満のため主力不可。ファンダメンタル=データ不足、RSI 49.8、出来高 0.56倍、BB -0.38σ,方式別実績はサンプル蓄積中。市場=強いリスクオフ、ニュース重大度と300万円の損失・投入・現金・保有数制約を適用,強いリスクオフのため新規主力買い停止,0.0,0.0,3.0,374,374,信用需給は判定不能,信用データがデータなし、または売残0で信用倍率を算出不能,データ不足,False,公式取得元または参照先なし,データなし,データなし,データなし,データなし,データなし,データなし,データなし,データなし,データなし,評価不能,評価不能,,評価不能,,データなし,データなし,データなし,データなし,データ不足,公式取得元または参照先なし,,,データなし,データなし,データなし,,,,,,,,,,,,,,,,
3276,ＪＰＭＣ,見送り,見送り,見送り,1770.58,1794.44,2245.0,2249.77,2317.27,1564.11,3621.1,0,0.0,0.0,2.03,C,見送り,-1.9,94.75,+1.11σ,1.05,False,データなし,2.0,3,-9.0,0,0.0,強いリスクオフ・通常の25%,急騰済みを最優先して除外。ファンダメンタル=データ不足、RSI 94.8、出来高 1.05倍、BB +1.11σ,方式別実績はサンプル蓄積中。市場=強いリスクオフ、ニュース重大度と300万円の損失・投入・現金・保有数制約を適用,強いリスクオフのため新規主力買い停止,0.0,0.0,2.0,521,521,信用需給は判定不能,信用データがデータなし、または売残0で信用倍率を算出不能,データ不足,False,公式取得元または参照先なし,データなし,データなし,データなし,データなし,データなし,データなし,データなし,データなし,データなし,評価不能,評価不能,,評価不能,,データなし,データなし,データなし,データなし,データ不足,公式取得元または参照先なし,,,データなし,データなし,データなし,,,,,,,,,,,,,,,,
9227,マイクロ波化学,見送り,見送り,見送り,802.2,826.23,971.0,975.81,1005.08,762.41,1402.6,0,0.0,0.0,2.21,C,見送り,-1.92,62.92,+1.85σ,0.54,False,データなし,6.0,0,-9.0,0,0.0,強いリスクオフ・通常の25%,急騰済みを最優先して除外。ファンダメンタル=データ不足、RSI 62.9、出来高 0.54倍、BB +1.85σ,方式別実績はサンプル蓄積中。市場=強いリスクオフ、ニュース重大度と300万円の損失・投入・現金・保有数制約を適用,強いリスクオフのため新規主力買い停止,0.0,0.0,6.0,198,198,信用需給は判定不能,信用データがデータなし、または売残0で信用倍率を算出不能,データ不足,False,公式取得元または参照先なし,データなし,データなし,データなし,データなし,データなし,データなし,データなし,データなし,データなし,評価不能,評価不能,,評価不能,,データなし,データなし,データなし,データなし,データ不足,公式取得元または参照先なし,,,データなし,データなし,データなし,,,,,,,,,,,,,,,,
6769,ザインエレクトロニクス,見送り,見送り,見送り,954.98,982.12,1147.0,1152.43,1187.0,907.51,1642.27,0,0.0,0.0,2.16,C,見送り,-1.94,60.27,+1.81σ,0.53,False,データなし,6.0,0,-9.0,0,0.0,強いリスクオフ・通常の25%,急騰済みを最優先して除外。ファンダメンタル=データ不足、RSI 60.3、出来高 0.53倍、BB +1.81σ,方式別実績はサンプル蓄積中。市場=強いリスクオフ、ニュース重大度と300万円の損失・投入・現金・保有数制約を適用,強いリスクオフのため新規主力買い停止,0.0,0.0,6.0,198,198,信用需給は判定不能,信用データがデータなし、または売残0で信用倍率を算出不能,データ不足,False,公式取得元または参照先なし,データなし,データなし,データなし,データなし,データなし,データなし,データなし,データなし,データなし,評価不能,評価不能,,評価不能,,データなし,データなし,データなし,データなし,データ不足,公式取得元または参照先なし,,,データなし,データなし,データなし,,,,,,,,,,,,,,,,
2337,いちご,見送り,見送り,見送り,397.31,401.86,410.0,410.91,423.24,385.92,460.89,100,40700.0,2107.999999999998,2.56,B,見送り,-1.96,42.77,-0.46σ,0.52,False,データなし,3.0,3,-9.0,0,0.0,強いリスクオフ・通常の25%,出来高0.6倍未満のため主力不可。ファンダメンタル=データ不足、RSI 42.8、出来高 0.52倍、BB -0.46σ,方式別実績はサンプル蓄積中。市場=強いリスクオフ、ニュース重大度と300万円の損失・投入・現金・保有数制約を適用,強いリスクオフのため新規主力買い停止,0.0,0.0,3.0,374,374,信用需給は判定不能,信用データがデータなし、または売残0で信用倍率を算出不能,データ不足,False,公式取得元または参照先なし,データなし,データなし,データなし,データなし,データなし,データなし,データなし,データなし,データなし,評価不能,評価不能,,評価不能,,データなし,データなし,データなし,データなし,データ不足,公式取得元または参照先なし,,,データなし,データなし,データなし,,,,,,,,,,,,,,,,
5384,フジミインコーポレーテッド,見送り,見送り,見送り,3709.25,3829.43,4170.0,4194.04,4319.86,3555.68,5470.75,0,0.0,0.0,2.55,B,見送り,-1.96,51.23,+0.52σ,0.52,False,データなし,3.0,3,-9.0,0,0.0,強いリスクオフ・通常の25%,出来高0.6倍未満のため主力不可。ファンダメンタル=データ不足、RSI 51.2、出来高 0.52倍、BB +0.52σ,方式別実績はサンプル蓄積中。市場=強いリスクオフ、ニュース重大度と300万円の損失・投入・現金・保有数制約を適用,強いリスクオフのため新規主力買い停止,0.0,0.0,3.0,374,374,信用需給は判定不能,信用データがデータなし、または売残0で信用倍率を算出不能,データ不足,False,公式取得元または参照先なし,データなし,データなし,データなし,データなし,データなし,データなし,データなし,データなし,データなし,評価不能,評価不能,,評価不能,,データなし,データなし,データなし,データなし,データ不足,公式取得元または参照先なし,,,データなし,データなし,データなし,,,,,,,,,,,,,,,,
1909,日本ドライケミカル,見送り,見送り,見送り,3688.76,3695.04,3710.0,3711.26,3822.59,3686.8,3760.16,0,0.0,0.0,4.56,B,見送り,-1.98,53.93,+0.59σ,0.51,False,データなし,3.0,3,-9.0,0,0.0,強いリスクオフ・通常の25%,出来高0.6倍未満のため主力不可。ファンダメンタル=データ不足、RSI 53.9、出来高 0.51倍、BB +0.59σ,方式別実績はサンプル蓄積中。市場=強いリスクオフ、ニュース重大度と300万円の損失・投入・現金・保有数制約を適用,強いリスクオフのため新規主力買い停止,0.0,0.0,3.0,374,374,信用需給は判定不能,信用データがデータなし、または売残0で信用倍率を算出不能,データ不足,False,公式取得元または参照先なし,データなし,データなし,データなし,データなし,データなし,データなし,データなし,データなし,データなし,評価不能,評価不能,,評価不能,,データなし,データなし,データなし,データなし,データ不足,公式取得元または参照先なし,,,データなし,データなし,データなし,,,,,,,,,,,,,,,,
2811,カゴメ,見送り,見送り,見送り,2582.25,2609.53,2669.5,2674.95,2755.2,2510.17,3004.52,0,0.0,0.0,3.2,B,見送り,-1.98,46.25,-0.63σ,2.01,False,データなし,3.0,0,-9.0,0,0.0,強いリスクオフ・通常の25%,反転条件の完成待ち。ファンダメンタル=データ不足、RSI 46.2、出来高 2.01倍、BB -0.63σ,方式別実績はサンプル蓄積中。市場=強いリスクオフ、ニュース重大度と300万円の損失・投入・現金・保有数制約を適用,強いリスクオフのため新規主力買い停止,0.0,0.0,3.0,374,374,信用需給は判定不能,信用データがデータなし、または売残0で信用倍率を算出不能,データ不足,False,公式取得元または参照先なし,データなし,データなし,データなし,データなし,データなし,データなし,データなし,データなし,データなし,評価不能,評価不能,,評価不能,,データなし,データなし,データなし,データなし,データ不足,公式取得元または参照先なし,,,データなし,データなし,データなし,,,,,,,,,,,,,,,,
6203,豊和工業,見送り,見送り,見送り,1361.36,1399.58,1545.0,1552.64,1599.22,1321.34,2015.25,0,0.0,0.0,2.17,B,見送り,-1.98,56.26,+1.70σ,0.51,False,データなし,6.0,0,-9.0,0,0.0,強いリスクオフ・通常の25%,出来高0.6倍未満のため主力不可。ファンダメンタル=データ不足、RSI 56.3、出来高 0.51倍、BB +1.70σ,方式別実績はサンプル蓄積中。市場=強いリスクオフ、ニュース重大度と300万円の損失・投入・現金・保有数制約を適用,強いリスクオフのため新規主力買い停止,0.0,0.0,6.0,198,198,信用需給は判定不能,信用データがデータなし、または売残0で信用倍率を算出不能,データ不足,False,公式取得元または参照先なし,データなし,データなし,データなし,データなし,データなし,データなし,データなし,データなし,データなし,評価不能,評価不能,,評価不能,,データなし,データなし,データなし,データなし,データ不足,公式取得元または参照先なし,,,データなし,データなし,データなし,,,,,,,,,,,,,,,,
6480,日本トムソン,見送り,見送り,見送り,1647.25,1716.75,1970.0,1983.9,2053.4,1549.89,2851.92,0,0.0,0.0,2.74,B,見送り,-2.0,50.28,+0.64σ,0.5,False,データなし,3.0,3,-9.0,0,0.0,強いリスクオフ・通常の25%,出来高0.6倍未満のため主力不可。ファンダメンタル=データ不足、RSI 50.3、出来高 0.50倍、BB +0.64σ,方式別実績はサンプル蓄積中。市場=強いリスクオフ、ニュース重大度と300万円の損失・投入・現金・保有数制約を適用,強いリスクオフのため新規主力買い停止,0.0,0.0,3.0,374,374,信用需給は判定不能,信用データがデータなし、または売残0で信用倍率を算出不能,データ不足,False,公式取得元または参照先なし,データなし,データなし,データなし,データなし,データなし,データなし,データなし,データなし,データなし,評価不能,評価不能,,評価不能,,データなし,データなし,データなし,データなし,データ不足,公式取得元または参照先なし,,,データなし,データなし,データなし,,,,,,,,,,,,,,,,
3923,ラクス,見送り,見送り,見送り,984.86,1009.26,1183.0,1187.88,1223.52,944.86,1673.92,0,0.0,0.0,3.7,B,見送り,-2.04,57.68,+0.97σ,2.48,False,データなし,2.0,0,-9.0,0,0.0,強いリスクオフ・通常の25%,反転条件の完成待ち。ファンダメンタル=データ不足、RSI 57.7、出来高 2.48倍、BB +0.97σ,方式別実績はサンプル蓄積中。市場=強いリスクオフ、ニュース重大度と300万円の損失・投入・現金・保有数制約を適用,強いリスクオフのため新規主力買い停止,0.0,0.0,2.0,521,521,信用需給は判定不能,信用データがデータなし、または売残0で信用倍率を算出不能,データ不足,False,公式取得元または参照先なし,データなし,データなし,データなし,データなし,データなし,データなし,データなし,データなし,データなし,評価不能,評価不能,,評価不能,,データなし,データなし,データなし,データなし,データ不足,公式取得元または参照先なし,,,データなし,データなし,データなし,,,,,,,,,,,,,,,,
6652,ＩＤＥＣ,見送り,見送り,見送り,3228.93,3287.81,3855.0,3866.78,3982.78,3017.24,5565.85,0,0.0,0.0,2.21,C,見送り,-2.04,66.35,+1.29σ,0.48,False,データなし,3.0,3,-9.0,0,0.0,強いリスクオフ・通常の25%,急騰済みを最優先して除外。ファンダメンタル=データ不足、RSI 66.3、出来高 0.48倍、BB +1.29σ,方式別実績はサンプル蓄積中。市場=強いリスクオフ、ニュース重大度と300万円の損失・投入・現金・保有数制約を適用,強いリスクオフのため新規主力買い停止,0.0,0.0,3.0,374,374,信用需給は判定不能,信用データがデータなし、または売残0で信用倍率を算出不能,データ不足,False,公式取得元または参照先なし,データなし,データなし,データなし,データなし,データなし,データなし,データなし,データなし,データなし,評価不能,評価不能,,評価不能,,データなし,データなし,データなし,データなし,データ不足,公式取得元または参照先なし,,,データなし,データなし,データなし,,,,,,,,,,,,,,,,
8057,内田洋行,見送り,見送り,見送り,2061.47,2085.38,2188.0,2192.78,2258.57,2022.76,2532.83,0,0.0,0.0,2.54,B,見送り,-2.04,58.43,+0.85σ,0.48,False,データなし,3.0,3,-9.0,0,0.0,強いリスクオフ・通常の25%,出来高0.6倍未満のため主力不可。ファンダメンタル=データ不足、RSI 58.4、出来高 0.48倍、BB +0.85σ,方式別実績はサンプル蓄積中。市場=強いリスクオフ、ニュース重大度と300万円の損失・投入・現金・保有数制約を適用,強いリスクオフのため新規主力買い停止,0.0,0.0,3.0,374,374,信用需給は判定不能,信用データがデータなし、または売残0で信用倍率を算出不能,データ不足,False,公式取得元または参照先なし,データなし,データなし,データなし,データなし,データなし,データなし,データなし,データなし,データなし,評価不能,評価不能,,評価不能,,データなし,データなし,データなし,データなし,データ不足,公式取得元または参照先なし,,,データなし,データなし,データなし,,,,,,,,,,,,,,,,
8616,東海東京フィナンシャル・ホールディングス,見送り,見送り,見送り,792.64,801.6,843.0,844.79,870.13,781.75,970.87,0,0.0,0.0,2.69,B,見送り,-2.04,64.48,+1.33σ,0.48,False,データなし,3.0,3,-9.0,0,0.0,強いリスクオフ・通常の25%,出来高0.6倍未満のため主力不可。ファンダメンタル=データ不足、RSI 64.5、出来高 0.48倍、BB +1.33σ,方式別実績はサンプル蓄積中。市場=強いリスクオフ、ニュース重大度と300万円の損失・投入・現金・保有数制約を適用,強いリスクオフのため新規主力買い停止,0.0,0.0,3.0,374,374,信用需給は判定不能,信用データがデータなし、または売残0で信用倍率を算出不能,データ不足,False,公式取得元または参照先なし,データなし,データなし,データなし,データなし,データなし,データなし,データなし,データなし,データなし,評価不能,評価不能,,評価不能,,データなし,データなし,データなし,データなし,データ不足,公式取得元または参照先なし,,,データなし,データなし,データなし,,,,,,,,,,,,,,,,
2980,ＳＲＥホールディングス,見送り,見送り,見送り,2487.56,2535.0,2626.0,2636.65,2715.75,2438.14,3033.68,0,0.0,0.0,5.15,B,見送り,-2.1,47.25,-0.73σ,0.95,False,データなし,2.0,3,-9.0,0,0.0,強いリスクオフ・通常の25%,反転条件の完成待ち。ファンダメンタル=データ不足、RSI 47.2、出来高 0.95倍、BB -0.73σ,方式別実績はサンプル蓄積中。市場=強いリスクオフ、ニュース重大度と300万円の損失・投入・現金・保有数制約を適用,強いリスクオフのため新規主力買い停止,0.0,0.0,2.0,521,521,信用需給は判定不能,信用データがデータなし、または売残0で信用倍率を算出不能,データ不足,False,公式取得元または参照先なし,データなし,データなし,データなし,データなし,データなし,データなし,データなし,データなし,データなし,評価不能,評価不能,,評価不能,,データなし,データなし,データなし,データなし,データ不足,公式取得元または参照先なし,,,データなし,データなし,データなし,,,,,,,,,,,,,,,,
2222,寿スピリッツ,見送り,見送り,見送り,2469.75,2513.63,2775.0,2783.78,2867.29,2411.28,3528.77,0,0.0,0.0,2.82,B,見送り,-2.12,63.2,+1.64σ,0.94,False,データなし,2.0,3,-9.0,0,0.0,強いリスクオフ・通常の25%,反転条件の完成待ち。ファンダメンタル=データ不足、RSI 63.2、出来高 0.94倍、BB +1.64σ,方式別実績はサンプル蓄積中。市場=強いリスクオフ、ニュース重大度と300万円の損失・投入・現金・保有数制約を適用,強いリスクオフのため新規主力買い停止,0.0,0.0,2.0,521,521,信用需給は判定不能,信用データがデータなし、または売残0で信用倍率を算出不能,データ不足,False,公式取得元または参照先なし,データなし,データなし,データなし,データなし,データなし,データなし,データなし,データなし,データなし,評価不能,評価不能,,評価不能,,データなし,データなし,データなし,データなし,データ不足,公式取得元または参照先なし,,,データなし,データなし,データなし,,,,,,,,,,,,,,,,
4413,ボードルア,見送り,見送り,見送り,2692.79,2759.43,2926.0,2939.33,3027.51,2584.16,3649.66,0,0.0,0.0,2.85,B,見送り,-2.12,51.91,-0.05σ,0.44,False,データなし,6.0,0,-9.0,0,0.0,強いリスクオフ・通常の25%,出来高0.6倍未満のため主力不可。ファンダメンタル=データ不足、RSI 51.9、出来高 0.44倍、BB -0.05σ,方式別実績はサンプル蓄積中。市場=強いリスクオフ、ニュース重大度と300万円の損失・投入・現金・保有数制約を適用,強いリスクオフのため新規主力買い停止,0.0,0.0,6.0,198,198,信用需給は判定不能,信用データがデータなし、または売残0で信用倍率を算出不能,データ不足,False,公式取得元または参照先なし,データなし,データなし,データなし,データなし,データなし,データなし,データなし,データなし,データなし,評価不能,評価不能,,評価不能,,データなし,データなし,データなし,データなし,データ不足,公式取得元または参照先なし,,,データなし,データなし,データなし,,,,,,,,,,,,,,,,
8267,イオン,見送り,見送り,見送り,1333.53,1354.57,1404.0,1408.21,1450.45,1313.34,1597.94,0,0.0,0.0,4.79,B,見送り,-2.14,47.01,-0.40σ,0.93,False,データなし,5.0,0,-9.0,0,0.0,強いリスクオフ・通常の25%,反転条件の完成待ち。ファンダメンタル=データ不足、RSI 47.0、出来高 0.93倍、BB -0.40σ,方式別実績はサンプル蓄積中。市場=強いリスクオフ、ニュース重大度と300万円の損失・投入・現金・保有数制約を適用,強いリスクオフのため新規主力買い停止,0.0,0.0,5.0,300,300,信用需給は判定不能,信用データがデータなし、または売残0で信用倍率を算出不能,データ不足,False,公式取得元または参照先なし,データなし,データなし,データなし,データなし,データなし,データなし,データなし,データなし,データなし,評価不能,評価不能,,評価不能,,データなし,データなし,データなし,データなし,データ不足,公式取得元または参照先なし,,,データなし,データなし,データなし,,,,,,,,,,,,,,,,
8725,ＭＳ＆ＡＤインシュアランスグループホールディングス,見送り,見送り,見送り,4702.98,4762.18,5146.0,5157.84,5312.58,4608.51,6256.5,0,0.0,0.0,4.21,B,見送り,-2.14,61.72,+0.55σ,1.43,False,データなし,4.0,0,-9.0,0,0.0,強いリスクオフ・通常の25%,反転条件の完成待ち。ファンダメンタル=データ不足、RSI 61.7、出来高 1.43倍、BB +0.55σ,方式別実績はサンプル蓄積中。市場=強いリスクオフ、ニュース重大度と300万円の損失・投入・現金・保有数制約を適用,強いリスクオフのため新規主力買い停止,0.0,0.0,4.0,320,320,信用需給は判定不能,信用データがデータなし、または売残0で信用倍率を算出不能,データ不足,False,公式取得元または参照先なし,データなし,データなし,データなし,データなし,データなし,データなし,データなし,データなし,データなし,評価不能,評価不能,,評価不能,,データなし,データなし,データなし,データなし,データ不足,公式取得元または参照先なし,,,データなし,データなし,データなし,,,,,,,,,,,,,,,,
2730,エディオン,見送り,見送り,見送り,2427.24,2457.38,2534.0,2540.03,2616.23,2393.22,2833.64,0,0.0,0.0,4.52,B,見送り,-2.28,52.09,-0.37σ,0.86,False,データなし,5.0,0,-9.0,0,0.0,強いリスクオフ・通常の25%,反転条件の完成待ち。ファンダメンタル=データ不足、RSI 52.1、出来高 0.86倍、BB -0.37σ,方式別実績はサンプル蓄積中。市場=強いリスクオフ、ニュース重大度と300万円の損失・投入・現金・保有数制約を適用,強いリスクオフのため新規主力買い停止,0.0,0.0,5.0,300,300,信用需給は判定不能,信用データがデータなし、または売残0で信用倍率を算出不能,データ不足,False,公式取得元または参照先なし,データなし,データなし,データなし,データなし,データなし,データなし,データなし,データなし,データなし,評価不能,評価不能,,評価不能,,データなし,データなし,データなし,データなし,データ不足,公式取得元または参照先なし,,,データなし,データなし,データなし,,,,,,,,,,,,,,,,
6298,ワイエイシイホールディングス,見送り,見送り,見送り,1113.08,1143.33,1394.0,1400.05,1442.05,1057.8,2084.55,0,0.0,0.0,2.21,C,見送り,-2.32,65.54,+2.55σ,1.84,False,データなし,3.0,0,-9.0,0,0.0,強いリスクオフ・通常の25%,急騰済みを最優先して除外。ファンダメンタル=データ不足、RSI 65.5、出来高 1.84倍、BB +2.55σ,方式別実績はサンプル蓄積中。市場=強いリスクオフ、ニュース重大度と300万円の損失・投入・現金・保有数制約を適用,強いリスクオフのため新規主力買い停止,0.0,0.0,3.0,374,374,信用需給は判定不能,信用データがデータなし、または売残0で信用倍率を算出不能,データ不足,False,公式取得元または参照先なし,データなし,データなし,データなし,データなし,データなし,データなし,データなし,データなし,データなし,評価不能,評価不能,,評価不能,,データなし,データなし,データなし,データなし,データ不足,公式取得元または参照先なし,,,データなし,データなし,データなし,,,,,,,,,,,,,,,,
9956,バローホールディングス,見送り,見送り,見送り,3135.54,3183.38,3255.0,3264.57,3362.5,3082.18,3629.34,0,0.0,0.0,3.28,B,見送り,-2.38,44.69,-0.35σ,0.31,False,データなし,6.0,0,-9.0,0,0.0,強いリスクオフ・通常の25%,出来高0.6倍未満のため主力不可。ファンダメンタル=データ不足、RSI 44.7、出来高 0.31倍、BB -0.35σ,方式別実績はサンプル蓄積中。市場=強いリスクオフ、ニュース重大度と300万円の損失・投入・現金・保有数制約を適用,強いリスクオフのため新規主力買い停止,0.0,0.0,6.0,198,198,信用需給は判定不能,信用データがデータなし、または売残0で信用倍率を算出不能,データ不足,False,公式取得元または参照先なし,データなし,データなし,データなし,データなし,データなし,データなし,データなし,データなし,データなし,評価不能,評価不能,,評価不能,,データなし,データなし,データなし,データなし,データ不足,公式取得元または参照先なし,,,データなし,データなし,データなし,,,,,,,,,,,,,,,,
8016,オンワードホールディングス,見送り,見送り,見送り,742.55,748.54,775.0,776.2,799.48,733.31,861.97,0,0.0,0.0,3.65,B,見送り,-2.4,54.1,+0.26σ,1.3,False,データなし,4.0,0,-9.0,0,0.0,強いリスクオフ・通常の25%,反転条件の完成待ち。ファンダメンタル=データ不足、RSI 54.1、出来高 1.30倍、BB +0.26σ,方式別実績はサンプル蓄積中。市場=強いリスクオフ、ニュース重大度と300万円の損失・投入・現金・保有数制約を適用,強いリスクオフのため新規主力買い停止,0.0,0.0,4.0,320,320,信用需給は判定不能,信用データがデータなし、または売残0で信用倍率を算出不能,データ不足,False,公式取得元または参照先なし,データなし,データなし,データなし,データなし,データなし,データなし,データなし,データなし,データなし,評価不能,評価不能,,評価不能,,データなし,データなし,データなし,データなし,データ不足,公式取得元または参照先なし,,,データなし,データなし,データなし,,,,,,,,,,,,,,,,
4443,Ｓａｎｓａｎ,見送り,見送り,見送り,1805.48,1852.25,2143.0,2152.35,2216.92,1736.38,2984.3,0,0.0,0.0,3.51,B,見送り,-2.42,61.37,+0.99σ,0.79,False,データなし,2.0,3,-9.0,0,0.0,強いリスクオフ・通常の25%,反転条件の完成待ち。ファンダメンタル=データ不足、RSI 61.4、出来高 0.79倍、BB +0.99σ,方式別実績はサンプル蓄積中。市場=強いリスクオフ、ニュース重大度と300万円の損失・投入・現金・保有数制約を適用,強いリスクオフのため新規主力買い停止,0.0,0.0,2.0,521,521,信用需給は判定不能,信用データがデータなし、または売残0で信用倍率を算出不能,データ不足,False,公式取得元または参照先なし,データなし,データなし,データなし,データなし,データなし,データなし,データなし,データなし,データなし,評価不能,評価不能,,評価不能,,データなし,データなし,データなし,データなし,データ不足,公式取得元または参照先なし,,,データなし,データなし,データなし,,,,,,,,,,,,,,,,
9744,メイテックグループホールディングス,見送り,見送り,見送り,3240.11,3265.61,3360.0,3365.1,3466.05,3202.42,3690.46,0,0.0,0.0,3.76,B,見送り,-2.52,54.78,+0.03σ,0.74,False,データなし,2.0,3,-9.0,0,0.0,強いリスクオフ・通常の25%,反転条件の完成待ち。ファンダメンタル=データ不足、RSI 54.8、出来高 0.74倍、BB +0.03σ,方式別実績はサンプル蓄積中。市場=強いリスクオフ、ニュース重大度と300万円の損失・投入・現金・保有数制約を適用,強いリスクオフのため新規主力買い停止,0.0,0.0,2.0,521,521,信用需給は判定不能,信用データがデータなし、または売残0で信用倍率を算出不能,データ不足,False,公式取得元または参照先なし,データなし,データなし,データなし,データなし,データなし,データなし,データなし,データなし,データなし,評価不能,評価不能,,評価不能,,データなし,データなし,データなし,データなし,データ不足,公式取得元または参照先なし,,,データなし,データなし,データなし,,,,,,,,,,,,,,,,
6999,ＫＯＡ,見送り,見送り,見送り,2206.13,2293.29,2612.0,2629.43,2716.59,2070.51,3747.28,0,0.0,0.0,2.33,B,見送り,-2.54,52.96,+0.81σ,0.23,False,データなし,6.0,0,-9.0,0,0.0,強いリスクオフ・通常の25%,出来高0.6倍未満のため主力不可。ファンダメンタル=データ不足、RSI 53.0、出来高 0.23倍、BB +0.81σ,方式別実績はサンプル蓄積中。市場=強いリスクオフ、ニュース重大度と300万円の損失・投入・現金・保有数制約を適用,強いリスクオフのため新規主力買い停止,0.0,0.0,6.0,198,198,信用需給は判定不能,信用データがデータなし、または売残0で信用倍率を算出不能,データ不足,False,公式取得元または参照先なし,データなし,データなし,データなし,データなし,データなし,データなし,データなし,データなし,データなし,評価不能,評価不能,,評価不能,,データなし,データなし,データなし,データなし,データ不足,公式取得元または参照先なし,,,データなし,データなし,データなし,,,,,,,,,,,,,,,,
8708,アイザワ証券グループ,見送り,見送り,見送り,1624.68,1644.1,1739.0,1742.88,1795.17,1594.08,2040.5,0,0.0,0.0,2.69,B,見送り,-2.54,62.39,+1.00σ,0.73,False,データなし,2.0,3,-9.0,0,0.0,強いリスクオフ・通常の25%,反転条件の完成待ち。ファンダメンタル=データ不足、RSI 62.4、出来高 0.73倍、BB +1.00σ,方式別実績はサンプル蓄積中。市場=強いリスクオフ、ニュース重大度と300万円の損失・投入・現金・保有数制約を適用,強いリスクオフのため新規主力買い停止,0.0,0.0,2.0,521,521,信用需給は判定不能,信用データがデータなし、または売残0で信用倍率を算出不能,データ不足,False,公式取得元または参照先なし,データなし,データなし,データなし,データなし,データなし,データなし,データなし,データなし,データなし,評価不能,評価不能,,評価不能,,データなし,データなし,データなし,データなし,データ不足,公式取得元または参照先なし,,,データなし,データなし,データなし,,,,,,,,,,,,,,,,
9024,西武ホールディングス,見送り,見送り,見送り,3241.46,3278.0,3382.0,3396.62,3498.51,3136.13,3917.59,0,0.0,0.0,4.51,B,見送り,-2.56,44.75,-1.14σ,0.72,False,データなし,2.0,3,-9.0,0,0.0,強いリスクオフ・通常の25%,反転条件の完成待ち。ファンダメンタル=データ不足、RSI 44.8、出来高 0.72倍、BB -1.14σ,方式別実績はサンプル蓄積中。市場=強いリスクオフ、ニュース重大度と300万円の損失・投入・現金・保有数制約を適用,強いリスクオフのため新規主力買い停止,0.0,0.0,2.0,521,521,信用需給は判定不能,信用データがデータなし、または売残0で信用倍率を算出不能,データ不足,False,公式取得元または参照先なし,データなし,データなし,データなし,データなし,データなし,データなし,データなし,データなし,データなし,評価不能,評価不能,,評価不能,,データなし,データなし,データなし,データなし,データ不足,公式取得元または参照先なし,,,データなし,データなし,データなし,,,,,,,,,,,,,,,,
7611,ハイデイ日高,見送り,見送り,見送り,2770.33,2799.65,2929.0,2934.86,3022.91,2722.39,3359.81,0,0.0,0.0,2.85,B,見送り,-2.58,58.61,+0.65σ,1.71,False,データなし,3.0,0,-9.0,0,0.0,強いリスクオフ・通常の25%,反転条件の完成待ち。ファンダメンタル=データ不足、RSI 58.6、出来高 1.71倍、BB +0.65σ,方式別実績はサンプル蓄積中。市場=強いリスクオフ、ニュース重大度と300万円の損失・投入・現金・保有数制約を適用,強いリスクオフのため新規主力買い停止,0.0,0.0,3.0,374,374,信用需給は判定不能,信用データがデータなし、または売残0で信用倍率を算出不能,データ不足,False,公式取得元または参照先なし,データなし,データなし,データなし,データなし,データなし,データなし,データなし,データなし,データなし,評価不能,評価不能,,評価不能,,データなし,データなし,データなし,データなし,データ不足,公式取得元または参照先なし,,,データなし,データなし,データなし,,,,,,,,,,,,,,,,
9166,ＧＥＮＤＡ,見送り,見送り,見送り,562.91,580.09,773.0,776.43,799.73,516.14,1297.02,0,0.0,0.0,2.27,C,見送り,-2.72,77.19,+2.32σ,1.64,False,データなし,3.0,0,-9.0,0,0.0,強いリスクオフ・通常の25%,急騰済みを最優先して除外。ファンダメンタル=データ不足、RSI 77.2、出来高 1.64倍、BB +2.32σ,方式別実績はサンプル蓄積中。市場=強いリスクオフ、ニュース重大度と300万円の損失・投入・現金・保有数制約を適用,強いリスクオフのため新規主力買い停止,0.0,0.0,3.0,374,374,信用需給は判定不能,信用データがデータなし、または売残0で信用倍率を算出不能,データ不足,False,公式取得元または参照先なし,データなし,データなし,データなし,データなし,データなし,データなし,データなし,データなし,データなし,評価不能,評価不能,,評価不能,,データなし,データなし,データなし,データなし,データ不足,公式取得元または参照先なし,,,データなし,データなし,データなし,,,,,,,,,,,,,,,,
3856,Ａｂａｌａｎｃｅ,見送り,見送り,見送り,339.38,354.78,375.0,378.08,393.48,268.71,596.82,0,0.0,0.0,2.21,B,見送り,-2.82,38.97,-0.69σ,0.59,True,データなし,9.0,0,-9.0,0,0.0,強いリスクオフ・通常の25%,出来高0.6倍未満のため主力不可。ファンダメンタル=データ不足、RSI 39.0、出来高 0.59倍、BB -0.69σ,方式別実績はサンプル蓄積中。市場=強いリスクオフ、ニュース重大度と300万円の損失・投入・現金・保有数制約を適用,強いリスクオフのため新規主力買い停止,0.0,0.0,9.0,87,87,信用需給は判定不能,信用データがデータなし、または売残0で信用倍率を算出不能,データ不足,False,公式取得元または参照先なし,データなし,データなし,データなし,データなし,データなし,データなし,データなし,データなし,データなし,評価不能,評価不能,,評価不能,,データなし,データなし,データなし,データなし,データ不足,公式取得元または参照先なし,,,データなし,データなし,データなし,,,,,,,,,,,,,,,,
8002,丸紅,見送り,見送り,見送り,4878.34,4917.0,5032.0,5047.47,5198.89,4761.55,5619.3,0,0.0,0.0,4.52,B,見送り,-2.82,43.62,-1.11σ,0.59,False,データなし,5.0,0,-9.0,0,0.0,強いリスクオフ・通常の25%,出来高0.6倍未満のため主力不可。ファンダメンタル=データ不足、RSI 43.6、出来高 0.59倍、BB -1.11σ,方式別実績はサンプル蓄積中。市場=強いリスクオフ、ニュース重大度と300万円の損失・投入・現金・保有数制約を適用,強いリスクオフのため新規主力買い停止,0.0,0.0,5.0,300,300,信用需給は判定不能,信用データがデータなし、または売残0で信用倍率を算出不能,データ不足,False,公式取得元または参照先なし,データなし,データなし,データなし,データなし,データなし,データなし,データなし,データなし,データなし,評価不能,評価不能,,評価不能,,データなし,データなし,データなし,データなし,データ不足,公式取得元または参照先なし,,,データなし,データなし,データなし,,,,,,,,,,,,,,,,
8624,いちよし証券,見送り,見送り,見送り,1497.4,1526.52,1677.0,1682.82,1733.31,1465.92,2116.63,0,0.0,0.0,2.76,B,見送り,-2.82,63.08,+1.76σ,0.59,False,データなし,2.0,3,-9.0,0,0.0,強いリスクオフ・通常の25%,出来高0.6倍未満のため主力不可。ファンダメンタル=データ不足、RSI 63.1、出来高 0.59倍、BB +1.76σ,方式別実績はサンプル蓄積中。市場=強いリスクオフ、ニュース重大度と300万円の損失・投入・現金・保有数制約を適用,強いリスクオフのため新規主力買い停止,0.0,0.0,2.0,521,521,信用需給は判定不能,信用データがデータなし、または売残0で信用倍率を算出不能,データ不足,False,公式取得元または参照先なし,データなし,データなし,データなし,データなし,データなし,データなし,データなし,データなし,データなし,評価不能,評価不能,,評価不能,,データなし,データなし,データなし,データなし,データ不足,公式取得元または参照先なし,,,データなし,データなし,データなし,,,,,,,,,,,,,,,,
7189,西日本フィナンシャルホールディングス,見送り,見送り,見送り,4213.01,4285.63,4883.0,4897.52,5044.45,4053.65,6585.27,0,0.0,0.0,2.2,B,見送り,-2.86,67.31,+2.04σ,1.07,False,データなし,4.0,0,-9.0,0,0.0,強いリスクオフ・通常の25%,反転条件の完成待ち。ファンダメンタル=データ不足、RSI 67.3、出来高 1.07倍、BB +2.04σ,方式別実績はサンプル蓄積中。市場=強いリスクオフ、ニュース重大度と300万円の損失・投入・現金・保有数制約を適用,強いリスクオフのため新規主力買い停止,0.0,0.0,4.0,320,320,信用需給は判定不能,信用データがデータなし、または売残0で信用倍率を算出不能,データ不足,False,公式取得元または参照先なし,データなし,データなし,データなし,データなし,データなし,データなし,データなし,データなし,データなし,評価不能,評価不能,,評価不能,,データなし,データなし,データなし,データなし,データ不足,公式取得元または参照先なし,,,データなし,データなし,データなし,,,,,,,,,,,,,,,,
4385,メルカリ,見送り,見送り,見送り,4279.19,4390.71,4933.0,4955.3,5103.96,4111.09,6643.73,0,0.0,0.0,4.08,B,見送り,-2.9,52.1,+0.23σ,1.05,False,データなし,4.0,0,-9.0,0,0.0,強いリスクオフ・通常の25%,反転条件の完成待ち。ファンダメンタル=データ不足、RSI 52.1、出来高 1.05倍、BB +0.23σ,方式別実績はサンプル蓄積中。市場=強いリスクオフ、ニュース重大度と300万円の損失・投入・現金・保有数制約を適用,強いリスクオフのため新規主力買い停止,0.0,0.0,4.0,320,320,信用需給は判定不能,信用データがデータなし、または売残0で信用倍率を算出不能,データ不足,False,公式取得元または参照先なし,データなし,データなし,データなし,データなし,データなし,データなし,データなし,データなし,データなし,評価不能,評価不能,,評価不能,,データなし,データなし,データなし,データなし,データ不足,公式取得元または参照先なし,,,データなし,データなし,データなし,,,,,,,,,,,,,,,,
2670,エービーシー・マート,見送り,見送り,見送り,2656.57,2689.61,2847.0,2853.61,2939.22,2599.95,3360.92,0,0.0,0.0,3.11,B,見送り,-2.92,52.81,+0.53σ,0.54,False,データなし,2.0,3,-9.0,0,0.0,強いリスクオフ・通常の25%,出来高0.6倍未満のため主力不可。ファンダメンタル=データ不足、RSI 52.8、出来高 0.54倍、BB +0.53σ,方式別実績はサンプル蓄積中。市場=強いリスクオフ、ニュース重大度と300万円の損失・投入・現金・保有数制約を適用,強いリスクオフのため新規主力買い停止,0.0,0.0,2.0,521,521,信用需給は判定不能,信用データがデータなし、または売残0で信用倍率を算出不能,データ不足,False,公式取得元または参照先なし,データなし,データなし,データなし,データなし,データなし,データなし,データなし,データなし,データなし,評価不能,評価不能,,評価不能,,データなし,データなし,データなし,データなし,データ不足,公式取得元または参照先なし,,,データなし,データなし,データなし,,,,,,,,,,,,,,,,
4784,ＧＭＯインターネット,見送り,見送り,見送り,510.63,523.55,592.0,594.58,612.42,496.29,791.17,0,0.0,0.0,5.6,B,見送り,-2.94,51.88,+0.15σ,2.03,False,データなし,2.0,0,-9.0,0,0.0,強いリスクオフ・通常の25%,反転条件の完成待ち。ファンダメンタル=データ不足、RSI 51.9、出来高 2.03倍、BB +0.15σ,方式別実績はサンプル蓄積中。市場=強いリスクオフ、ニュース重大度と300万円の損失・投入・現金・保有数制約を適用,強いリスクオフのため新規主力買い停止,0.0,0.0,2.0,521,521,信用需給は判定不能,信用データがデータなし、または売残0で信用倍率を算出不能,データ不足,False,公式取得元または参照先なし,データなし,データなし,データなし,データなし,データなし,データなし,データなし,データなし,データなし,評価不能,評価不能,,評価不能,,データなし,データなし,データなし,データなし,データ不足,公式取得元または参照先なし,,,データなし,データなし,データなし,,,,,,,,,,,,,,,,
5711,三菱マテリアル,見送り,見送り,見送り,3916.87,4037.83,5404.0,5428.19,5591.04,3476.64,9331.3,0,0.0,0.0,2.28,C,見送り,-3.0,68.23,+1.57σ,1.0,False,データなし,4.0,0,-9.0,0,0.0,強いリスクオフ・通常の25%,急騰済みを最優先して除外。ファンダメンタル=データ不足、RSI 68.2、出来高 1.00倍、BB +1.57σ,方式別実績はサンプル蓄積中。市場=強いリスクオフ、ニュース重大度と300万円の損失・投入・現金・保有数制約を適用,強いリスクオフのため新規主力買い停止,0.0,0.0,4.0,320,320,信用需給は判定不能,信用データがデータなし、または売残0で信用倍率を算出不能,データ不足,False,公式取得元または参照先なし,データなし,データなし,データなし,データなし,データなし,データなし,データなし,データなし,データなし,評価不能,評価不能,,評価不能,,データなし,データなし,データなし,データなし,データ不足,公式取得元または参照先なし,,,データなし,データなし,データなし,,,,,,,,,,,,,,,,
1887,日本国土開発,見送り,見送り,見送り,509.51,514.39,551.0,551.98,568.54,503.31,649.31,0,0.0,0.0,2.2,C,見送り,-3.04,68.43,+3.29σ,1.48,False,データなし,3.0,0,-9.0,0,0.0,強いリスクオフ・通常の25%,急騰済みを最優先して除外。ファンダメンタル=データ不足、RSI 68.4、出来高 1.48倍、BB +3.29σ,方式別実績はサンプル蓄積中。市場=強いリスクオフ、ニュース重大度と300万円の損失・投入・現金・保有数制約を適用,強いリスクオフのため新規主力買い停止,0.0,0.0,3.0,374,374,信用需給は判定不能,信用データがデータなし、または売残0で信用倍率を算出不能,データ不足,False,公式取得元または参照先なし,データなし,データなし,データなし,データなし,データなし,データなし,データなし,データなし,データなし,評価不能,評価不能,,評価不能,,データなし,データなし,データなし,データなし,データ不足,公式取得元または参照先なし,,,データなし,データなし,データなし,,,,,,,,,,,,,,,,
7779,ＣＹＢＥＲＤＹＮＥ,見送り,見送り,見送り,214.71,219.91,259.0,260.04,267.84,207.06,366.01,0,0.0,0.0,3.55,B,見送り,-3.06,55.04,+1.41σ,1.47,False,データなし,3.0,0,-9.0,0,0.0,強いリスクオフ・通常の25%,反転条件の完成待ち。ファンダメンタル=データ不足、RSI 55.0、出来高 1.47倍、BB +1.41σ,方式別実績はサンプル蓄積中。市場=強いリスクオフ、ニュース重大度と300万円の損失・投入・現金・保有数制約を適用,強いリスクオフのため新規主力買い停止,0.0,0.0,3.0,374,374,信用需給は判定不能,信用データがデータなし、または売残0で信用倍率を算出不能,データ不足,False,公式取得元または参照先なし,データなし,データなし,データなし,データなし,データなし,データなし,データなし,データなし,データなし,評価不能,評価不能,,評価不能,,データなし,データなし,データなし,データなし,データ不足,公式取得元または参照先なし,,,データなし,データなし,データなし,,,,,,,,,,,,,,,,
1950,日本電設工業,見送り,見送り,見送り,3851.71,3914.71,4010.0,4022.6,4143.28,3801.67,4464.46,0,0.0,0.0,3.62,B,見送り,-3.08,44.9,-0.24σ,0.46,False,データなし,5.0,0,-9.0,0,0.0,強いリスクオフ・通常の25%,出来高0.6倍未満のため主力不可。ファンダメンタル=データ不足、RSI 44.9、出来高 0.46倍、BB -0.24σ,方式別実績はサンプル蓄積中。市場=強いリスクオフ、ニュース重大度と300万円の損失・投入・現金・保有数制約を適用,強いリスクオフのため新規主力買い停止,0.0,0.0,5.0,300,300,信用需給は判定不能,信用データがデータなし、または売残0で信用倍率を算出不能,データ不足,False,公式取得元または参照先なし,データなし,データなし,データなし,データなし,データなし,データなし,データなし,データなし,データなし,評価不能,評価不能,,評価不能,,データなし,データなし,データなし,データなし,データ不足,公式取得元または参照先なし,,,データなし,データなし,データなし,,,,,,,,,,,,,,,,
7085,カーブスホールディングス,見送り,見送り,見送り,924.66,934.23,962.0,963.91,992.83,910.43,1070.88,0,0.0,0.0,2.68,B,見送り,-3.08,55.15,+0.29σ,1.46,False,データなし,3.0,0,-9.0,0,0.0,強いリスクオフ・通常の25%,反転条件の完成待ち。ファンダメンタル=データ不足、RSI 55.1、出来高 1.46倍、BB +0.29σ,方式別実績はサンプル蓄積中。市場=強いリスクオフ、ニュース重大度と300万円の損失・投入・現金・保有数制約を適用,強いリスクオフのため新規主力買い停止,0.0,0.0,3.0,374,374,信用需給は判定不能,信用データがデータなし、または売残0で信用倍率を算出不能,データ不足,False,公式取得元または参照先なし,データなし,データなし,データなし,データなし,データなし,データなし,データなし,データなし,データなし,評価不能,評価不能,,評価不能,,データなし,データなし,データなし,データなし,データ不足,公式取得元または参照先なし,,,データなし,データなし,データなし,,,,,,,,,,,,,,,,
5253,カバー,見送り,見送り,見送り,1453.11,1500.85,1563.0,1572.55,1620.28,1395.96,1925.72,0,0.0,0.0,2.73,B,見送り,-3.12,49.12,-0.25σ,0.44,False,データなし,5.0,0,-9.0,0,0.0,強いリスクオフ・通常の25%,出来高0.6倍未満のため主力不可。ファンダメンタル=データ不足、RSI 49.1、出来高 0.44倍、BB -0.25σ,方式別実績はサンプル蓄積中。市場=強いリスクオフ、ニュース重大度と300万円の損失・投入・現金・保有数制約を適用,強いリスクオフのため新規主力買い停止,0.0,0.0,5.0,300,300,信用需給は判定不能,信用データがデータなし、または売残0で信用倍率を算出不能,データ不足,False,公式取得元または参照先なし,データなし,データなし,データなし,データなし,データなし,データなし,データなし,データなし,データなし,評価不能,評価不能,,評価不能,,データなし,データなし,データなし,データなし,データ不足,公式取得元または参照先なし,,,データなし,データなし,データなし,,,,,,,,,,,,,,,,
7649,スギホールディングス,見送り,見送り,見送り,2713.67,2735.5,2858.5,2867.23,2953.25,2683.78,3234.14,0,0.0,0.0,9.64,B,見送り,-3.12,38.4,-1.38σ,1.44,False,データなし,3.0,0,-9.0,0,0.0,強いリスクオフ・通常の25%,反転条件の完成待ち。ファンダメンタル=データ不足、RSI 38.4、出来高 1.44倍、BB -1.38σ,方式別実績はサンプル蓄積中。市場=強いリスクオフ、ニュース重大度と300万円の損失・投入・現金・保有数制約を適用,強いリスクオフのため新規主力買い停止,0.0,0.0,3.0,374,374,信用需給は判定不能,信用データがデータなし、または売残0で信用倍率を算出不能,データ不足,False,公式取得元または参照先なし,データなし,データなし,データなし,データなし,データなし,データなし,データなし,データなし,データなし,評価不能,評価不能,,評価不能,,データなし,データなし,データなし,データなし,データ不足,公式取得元または参照先なし,,,データなし,データなし,データなし,,,,,,,,,,,,,,,,
7721,東京計器,見送り,見送り,見送り,6457.05,6655.15,7810.0,7849.62,8085.11,6120.7,11307.46,0,0.0,0.0,2.13,C,見送り,-3.12,65.68,+1.81σ,0.94,False,データなし,4.0,0,-9.0,0,0.0,強いリスクオフ・通常の25%,急騰済みを最優先して除外。ファンダメンタル=データ不足、RSI 65.7、出来高 0.94倍、BB +1.81σ,方式別実績はサンプル蓄積中。市場=強いリスクオフ、ニュース重大度と300万円の損失・投入・現金・保有数制約を適用,強いリスクオフのため新規主力買い停止,0.0,0.0,4.0,320,320,信用需給は判定不能,信用データがデータなし、または売残0で信用倍率を算出不能,データ不足,False,公式取得元または参照先なし,データなし,データなし,データなし,データなし,データなし,データなし,データなし,データなし,データなし,評価不能,評価不能,,評価不能,,データなし,データなし,データなし,データなし,データ不足,公式取得元または参照先なし,,,データなし,データなし,データなし,,,,,,,,,,,,,,,,
3612,ワールド,見送り,見送り,見送り,1585.6,1598.33,1647.0,1649.55,1699.03,1572.52,1803.6,0,0.0,0.0,3.24,B,見送り,-3.2,55.86,+0.80σ,1.4,False,データなし,3.0,0,-9.0,0,0.0,強いリスクオフ・通常の25%,反転条件の完成待ち。ファンダメンタル=データ不足、RSI 55.9、出来高 1.40倍、BB +0.80σ,方式別実績はサンプル蓄積中。市場=強いリスクオフ、ニュース重大度と300万円の損失・投入・現金・保有数制約を適用,強いリスクオフのため新規主力買い停止,0.0,0.0,3.0,374,374,信用需給は判定不能,信用データがデータなし、または売残0で信用倍率を算出不能,データ不足,False,公式取得元または参照先なし,データなし,データなし,データなし,データなし,データなし,データなし,データなし,データなし,データなし,評価不能,評価不能,,評価不能,,データなし,データなし,データなし,データなし,データ不足,公式取得元または参照先なし,,,データなし,データなし,データなし,,,,,,,,,,,,,,,,
7599,ＩＤＯＭ,見送り,見送り,見送り,1272.46,1286.02,1318.0,1320.71,1360.33,1264.33,1433.48,0,0.0,0.0,3.49,B,見送り,-3.2,48.03,+0.53σ,1.4,False,データなし,3.0,0,-9.0,0,0.0,強いリスクオフ・通常の25%,反転条件の完成待ち。ファンダメンタル=データ不足、RSI 48.0、出来高 1.40倍、BB +0.53σ,方式別実績はサンプル蓄積中。市場=強いリスクオフ、ニュース重大度と300万円の損失・投入・現金・保有数制約を適用,強いリスクオフのため新規主力買い停止,0.0,0.0,3.0,374,374,信用需給は判定不能,信用データがデータなし、または売残0で信用倍率を算出不能,データ不足,False,公式取得元または参照先なし,データなし,データなし,データなし,データなし,データなし,データなし,データなし,データなし,データなし,評価不能,評価不能,,評価不能,,データなし,データなし,データなし,データなし,データ不足,公式取得元または参照先なし,,,データなし,データなし,データなし,,,,,,,,,,,,,,,,
8360,山梨中央銀行,見送り,見送り,見送り,6438.45,6591.47,7690.0,7720.6,7952.22,6132.93,10895.95,0,0.0,0.0,2.27,C,見送り,-3.32,65.87,+1.81σ,0.84,False,データなし,4.0,0,-9.0,0,0.0,強いリスクオフ・通常の25%,急騰済みを最優先して除外。ファンダメンタル=データ不足、RSI 65.9、出来高 0.84倍、BB +1.81σ,方式別実績はサンプル蓄積中。市場=強いリスクオフ、ニュース重大度と300万円の損失・投入・現金・保有数制約を適用,強いリスクオフのため新規主力買い停止,0.0,0.0,4.0,320,320,信用需給は判定不能,信用データがデータなし、または売残0で信用倍率を算出不能,データ不足,False,公式取得元または参照先なし,データなし,データなし,データなし,データなし,データなし,データなし,データなし,データなし,データなし,評価不能,評価不能,,評価不能,,データなし,データなし,データなし,データなし,データ不足,公式取得元または参照先なし,,,データなし,データなし,データなし,,,,,,,,,,,,,,,,
8194,ライフコーポレーション,見送り,見送り,見送り,2461.0,2492.4,2630.0,2636.28,2715.37,2414.35,3080.14,0,0.0,0.0,2.9,B,見送り,-3.38,54.61,+0.74σ,0.81,False,データなし,4.0,0,-9.0,0,0.0,強いリスクオフ・通常の25%,反転条件の完成待ち。ファンダメンタル=データ不足、RSI 54.6、出来高 0.81倍、BB +0.74σ,方式別実績はサンプル蓄積中。市場=強いリスクオフ、ニュース重大度と300万円の損失・投入・現金・保有数制約を適用,強いリスクオフのため新規主力買い停止,0.0,0.0,4.0,320,320,信用需給は判定不能,信用データがデータなし、または売残0で信用倍率を算出不能,データ不足,False,公式取得元または参照先なし,データなし,データなし,データなし,データなし,データなし,データなし,データなし,データなし,データなし,評価不能,評価不能,,評価不能,,データなし,データなし,データなし,データなし,データ不足,公式取得元または参照先なし,,,データなし,データなし,データなし,,,,,,,,,,,,,,,,
3608,ＴＳＩホールディングス,見送り,見送り,見送り,1204.41,1216.93,1282.0,1284.51,1323.04,1187.2,1479.12,0,0.0,0.0,3.18,B,見送り,-3.5,59.43,+0.97σ,1.25,False,データなし,3.0,0,-9.0,0,0.0,強いリスクオフ・通常の25%,反転条件の完成待ち。ファンダメンタル=データ不足、RSI 59.4、出来高 1.25倍、BB +0.97σ,方式別実績はサンプル蓄積中。市場=強いリスクオフ、ニュース重大度と300万円の損失・投入・現金・保有数制約を適用,強いリスクオフのため新規主力買い停止,0.0,0.0,3.0,374,374,信用需給は判定不能,信用データがデータなし、または売残0で信用倍率を算出不能,データ不足,False,公式取得元または参照先なし,データなし,データなし,データなし,データなし,データなし,データなし,データなし,データなし,データなし,評価不能,評価不能,,評価不能,,データなし,データなし,データなし,データなし,データ不足,公式取得元または参照先なし,,,データなし,データなし,データなし,,,,,,,,,,,,,,,,
4816,東映アニメーション,見送り,見送り,見送り,2701.03,2760.97,2867.0,2878.99,2965.36,2627.41,3382.15,0,0.0,0.0,3.07,B,見送り,-3.52,52.37,-0.21σ,0.74,False,データなし,4.0,0,-9.0,0,0.0,強いリスクオフ・通常の25%,反転条件の完成待ち。ファンダメンタル=データ不足、RSI 52.4、出来高 0.74倍、BB -0.21σ,方式別実績はサンプル蓄積中。市場=強いリスクオフ、ニュース重大度と300万円の損失・投入・現金・保有数制約を適用,強いリスクオフのため新規主力買い停止,0.0,0.0,4.0,320,320,信用需給は判定不能,信用データがデータなし、または売残0で信用倍率を算出不能,データ不足,False,公式取得元または参照先なし,データなし,データなし,データなし,データなし,データなし,データなし,データなし,データなし,データなし,評価不能,評価不能,,評価不能,,データなし,データなし,データなし,データなし,データ不足,公式取得元または参照先なし,,,データなし,データなし,データなし,,,,,,,,,,,,,,,,
3853,アステリア,見送り,見送り,見送り,1025.35,1057.21,1309.0,1315.37,1354.83,993.97,1958.18,0,0.0,0.0,5.06,B,見送り,-3.54,51.18,+1.36σ,1.23,False,データなし,3.0,0,-9.0,0,0.0,強いリスクオフ・通常の25%,反転条件の完成待ち。ファンダメンタル=データ不足、RSI 51.2、出来高 1.23倍、BB +1.36σ,方式別実績はサンプル蓄積中。市場=強いリスクオフ、ニュース重大度と300万円の損失・投入・現金・保有数制約を適用,強いリスクオフのため新規主力買い停止,0.0,0.0,3.0,374,374,信用需給は判定不能,信用データがデータなし、または売残0で信用倍率を算出不能,データ不足,False,公式取得元または参照先なし,データなし,データなし,データなし,データなし,データなし,データなし,データなし,データなし,データなし,評価不能,評価不能,,評価不能,,データなし,データなし,データなし,データなし,データ不足,公式取得元または参照先なし,,,データなし,データなし,データなし,,,,,,,,,,,,,,,,
5381,マイポックス,見送り,見送り,見送り,750.33,779.89,1043.0,1048.91,1080.38,684.42,1777.89,0,0.0,0.0,2.95,C,見送り,-3.6,57.46,+1.43σ,1.2,False,データなし,3.0,0,-9.0,0,0.0,強いリスクオフ・通常の25%,急騰済みを最優先して除外。ファンダメンタル=データ不足、RSI 57.5、出来高 1.20倍、BB +1.43σ,方式別実績はサンプル蓄積中。市場=強いリスクオフ、ニュース重大度と300万円の損失・投入・現金・保有数制約を適用,強いリスクオフのため新規主力買い停止,0.0,0.0,3.0,374,374,信用需給は判定不能,信用データがデータなし、または売残0で信用倍率を算出不能,データ不足,False,公式取得元または参照先なし,データなし,データなし,データなし,データなし,データなし,データなし,データなし,データなし,データなし,評価不能,評価不能,,評価不能,,データなし,データなし,データなし,データなし,データ不足,公式取得元または参照先なし,,,データなし,データなし,データなし,,,,,,,,,,,,,,,,
3167,ＴＯＫＡＩホールディングス,見送り,見送り,見送り,1124.25,1137.15,1249.0,1251.58,1289.13,1087.46,1579.82,0,0.0,0.0,2.36,B,見送り,-3.62,64.25,+1.39σ,0.69,False,データなし,4.0,0,-9.0,0,0.0,強いリスクオフ・通常の25%,反転条件の完成待ち。ファンダメンタル=データ不足、RSI 64.2、出来高 0.69倍、BB +1.39σ,方式別実績はサンプル蓄積中。市場=強いリスクオフ、ニュース重大度と300万円の損失・投入・現金・保有数制約を適用,強いリスクオフのため新規主力買い停止,0.0,0.0,4.0,320,320,信用需給は判定不能,信用データがデータなし、または売残0で信用倍率を算出不能,データ不足,False,公式取得元または参照先なし,データなし,データなし,データなし,データなし,データなし,データなし,データなし,データなし,データなし,評価不能,評価不能,,評価不能,,データなし,データなし,データなし,データなし,データ不足,公式取得元または参照先なし,,,データなし,データなし,データなし,,,,,,,,,,,,,,,,
8031,三井物産,見送り,見送り,見送り,4751.79,4796.0,4930.0,4942.48,5090.76,4698.35,5430.75,0,0.0,0.0,6.5,B,見送り,-3.64,47.26,-0.85σ,0.68,False,データなし,4.0,0,-9.0,0,0.0,強いリスクオフ・通常の25%,反転条件の完成待ち。ファンダメンタル=データ不足、RSI 47.3、出来高 0.68倍、BB -0.85σ,方式別実績はサンプル蓄積中。市場=強いリスクオフ、ニュース重大度と300万円の損失・投入・現金・保有数制約を適用,強いリスクオフのため新規主力買い停止,0.0,0.0,4.0,320,320,信用需給は判定不能,信用データがデータなし、または売残0で信用倍率を算出不能,データ不足,False,公式取得元または参照先なし,データなし,データなし,データなし,データなし,データなし,データなし,データなし,データなし,データなし,評価不能,評価不能,,評価不能,,データなし,データなし,データなし,データなし,データ不足,公式取得元または参照先なし,,,データなし,データなし,データなし,,,,,,,,,,,,,,,,
9023,東京地下鉄,見送り,見送り,見送り,1431.88,1445.5,1466.0,1468.75,1512.81,1417.2,1571.86,0,0.0,0.0,4.46,B,見送り,-3.64,47.72,-0.69σ,0.68,False,データなし,4.0,0,-9.0,0,0.0,強いリスクオフ・通常の25%,反転条件の完成待ち。ファンダメンタル=データ不足、RSI 47.7、出来高 0.68倍、BB -0.69σ,方式別実績はサンプル蓄積中。市場=強いリスクオフ、ニュース重大度と300万円の損失・投入・現金・保有数制約を適用,強いリスクオフのため新規主力買い停止,0.0,0.0,4.0,320,320,信用需給は判定不能,信用データがデータなし、または売残0で信用倍率を算出不能,データ不足,False,公式取得元または参照先なし,データなし,データなし,データなし,データなし,データなし,データなし,データなし,データなし,データなし,評価不能,評価不能,,評価不能,,データなし,データなし,データなし,データなし,データ不足,公式取得元または参照先なし,,,データなし,データなし,データなし,,,,,,,,,,,,,,,,
9104,商船三井,見送り,見送り,見送り,5710.34,5792.84,6673.0,6689.5,6890.18,5496.67,9075.16,0,0.0,0.0,2.16,C,見送り,-3.68,74.87,+2.44σ,1.16,False,データなし,3.0,0,-9.0,0,0.0,強いリスクオフ・通常の25%,急騰済みを最優先して除外。ファンダメンタル=データ不足、RSI 74.9、出来高 1.16倍、BB +2.44σ,方式別実績はサンプル蓄積中。市場=強いリスクオフ、ニュース重大度と300万円の損失・投入・現金・保有数制約を適用,強いリスクオフのため新規主力買い停止,0.0,0.0,3.0,374,374,信用需給は判定不能,信用データがデータなし、または売残0で信用倍率を算出不能,データ不足,False,公式取得元または参照先なし,データなし,データなし,データなし,データなし,データなし,データなし,データなし,データなし,データなし,評価不能,評価不能,,評価不能,,データなし,データなし,データなし,データなし,データ不足,公式取得元または参照先なし,,,データなし,データなし,データなし,,,,,,,,,,,,,,,,
7173,東京きらぼしフィナンシャルグループ,見送り,見送り,見送り,1675.2,1706.32,1814.0,1820.22,1874.83,1648.43,2163.81,0,0.0,0.0,2.45,B,見送り,-3.72,59.16,+1.53σ,0.64,False,データなし,4.0,0,-9.0,0,0.0,強いリスクオフ・通常の25%,反転条件の完成待ち。ファンダメンタル=データ不足、RSI 59.2、出来高 0.64倍、BB +1.53σ,方式別実績はサンプル蓄積中。市場=強いリスクオフ、ニュース重大度と300万円の損失・投入・現金・保有数制約を適用,強いリスクオフのため新規主力買い停止,0.0,0.0,4.0,320,320,信用需給は判定不能,信用データがデータなし、または売残0で信用倍率を算出不能,データ不足,False,公式取得元または参照先なし,データなし,データなし,データなし,データなし,データなし,データなし,データなし,データなし,データなし,評価不能,評価不能,,評価不能,,データなし,データなし,データなし,データなし,データ不足,公式取得元または参照先なし,,,データなし,データなし,データなし,,,,,,,,,,,,,,,,
2749,ＪＰホールディングス,見送り,見送り,見送り,612.51,619.17,664.0,665.33,685.29,602.03,791.94,0,0.0,0.0,3.64,B,見送り,-3.78,59.0,+0.97σ,1.11,False,データなし,3.0,0,-9.0,0,0.0,強いリスクオフ・通常の25%,反転条件の完成待ち。ファンダメンタル=データ不足、RSI 59.0、出来高 1.11倍、BB +0.97σ,方式別実績はサンプル蓄積中。市場=強いリスクオフ、ニュース重大度と300万円の損失・投入・現金・保有数制約を適用,強いリスクオフのため新規主力買い停止,0.0,0.0,3.0,374,374,信用需給は判定不能,信用データがデータなし、または売残0で信用倍率を算出不能,データ不足,False,公式取得元または参照先なし,データなし,データなし,データなし,データなし,データなし,データなし,データなし,データなし,データなし,評価不能,評価不能,,評価不能,,データなし,データなし,データなし,データなし,データ不足,公式取得元または参照先なし,,,データなし,データなし,データなし,,,,,,,,,,,,,,,,
7956,ピジョン,見送り,見送り,見送り,1968.61,1994.03,2149.0,2154.09,2218.71,1927.22,2607.82,0,0.0,0.0,2.44,B,見送り,-3.78,63.17,+1.66σ,1.11,False,データなし,3.0,0,-9.0,0,0.0,強いリスクオフ・通常の25%,反転条件の完成待ち。ファンダメンタル=データ不足、RSI 63.2、出来高 1.11倍、BB +1.66σ,方式別実績はサンプル蓄積中。市場=強いリスクオフ、ニュース重大度と300万円の損失・投入・現金・保有数制約を適用,強いリスクオフのため新規主力買い停止,0.0,0.0,3.0,374,374,信用需給は判定不能,信用データがデータなし、または売残0で信用倍率を算出不能,データ不足,False,公式取得元または参照先なし,データなし,データなし,データなし,データなし,データなし,データなし,データなし,データなし,データなし,評価不能,評価不能,,評価不能,,データなし,データなし,データなし,データなし,データ不足,公式取得元または参照先なし,,,データなし,データなし,データなし,,,,,,,,,,,,,,,,
1934,ユアテック,見送り,見送り,見送り,2324.57,2357.09,2538.0,2544.51,2620.84,2282.35,3068.82,0,0.0,0.0,2.65,B,見送り,-3.78,61.46,+1.69σ,0.61,False,データなし,4.0,0,-9.0,0,0.0,強いリスクオフ・通常の25%,反転条件の完成待ち。ファンダメンタル=データ不足、RSI 61.5、出来高 0.61倍、BB +1.69σ,方式別実績はサンプル蓄積中。市場=強いリスクオフ、ニュース重大度と300万円の損失・投入・現金・保有数制約を適用,強いリスクオフのため新規主力買い停止,0.0,0.0,4.0,320,320,信用需給は判定不能,信用データがデータなし、または売残0で信用倍率を算出不能,データ不足,False,公式取得元または参照先なし,データなし,データなし,データなし,データなし,データなし,データなし,データなし,データなし,データなし,評価不能,評価不能,,評価不能,,データなし,データなし,データなし,データなし,データ不足,公式取得元または参照先なし,,,データなし,データなし,データなし,,,,,,,,,,,,,,,,
9303,住友倉庫,見送り,見送り,見送り,3956.88,4003.04,4125.0,4134.23,4258.26,3910.92,4580.85,0,0.0,0.0,3.82,B,見送り,-3.8,53.03,+0.01σ,0.6,False,データなし,4.0,0,-9.0,0,0.0,強いリスクオフ・通常の25%,反転条件の完成待ち。ファンダメンタル=データ不足、RSI 53.0、出来高 0.60倍、BB +0.01σ,方式別実績はサンプル蓄積中。市場=強いリスクオフ、ニュース重大度と300万円の損失・投入・現金・保有数制約を適用,強いリスクオフのため新規主力買い停止,0.0,0.0,4.0,320,320,信用需給は判定不能,信用データがデータなし、または売残0で信用倍率を算出不能,データ不足,False,公式取得元または参照先なし,データなし,データなし,データなし,データなし,データなし,データなし,データなし,データなし,データなし,評価不能,評価不能,,評価不能,,データなし,データなし,データなし,データなし,データ不足,公式取得元または参照先なし,,,データなし,データなし,データなし,,,,,,,,,,,,,,,,
1879,新日本建設,見送り,見送り,見送り,2065.97,2090.41,2326.0,2330.89,2400.81,1989.64,3013.38,0,0.0,0.0,2.16,B,見送り,-3.84,70.66,+1.66σ,1.08,False,データなし,3.0,0,-9.0,0,0.0,強いリスクオフ・通常の25%,反転条件の完成待ち。ファンダメンタル=データ不足、RSI 70.7、出来高 1.08倍、BB +1.66σ,方式別実績はサンプル蓄積中。市場=強いリスクオフ、ニュース重大度と300万円の損失・投入・現金・保有数制約を適用,強いリスクオフのため新規主力買い停止,0.0,0.0,3.0,374,374,信用需給は判定不能,信用データがデータなし、または売残0で信用倍率を算出不能,データ不足,False,公式取得元または参照先なし,データなし,データなし,データなし,データなし,データなし,データなし,データなし,データなし,データなし,評価不能,評価不能,,評価不能,,データなし,データなし,データなし,データなし,データ不足,公式取得元または参照先なし,,,データなし,データなし,データなし,,,,,,,,,,,,,,,,
9470,学研ホールディングス,見送り,見送り,見送り,1000.09,1008.27,1054.0,1055.64,1087.31,988.77,1189.37,0,0.0,0.0,2.28,B,見送り,-3.84,63.31,+1.97σ,1.08,False,データなし,3.0,0,-9.0,0,0.0,強いリスクオフ・通常の25%,反転条件の完成待ち。ファンダメンタル=データ不足、RSI 63.3、出来高 1.08倍、BB +1.97σ,方式別実績はサンプル蓄積中。市場=強いリスクオフ、ニュース重大度と300万円の損失・投入・現金・保有数制約を適用,強いリスクオフのため新規主力買い停止,0.0,0.0,3.0,374,374,信用需給は判定不能,信用データがデータなし、または売残0で信用倍率を算出不能,データ不足,False,公式取得元または参照先なし,データなし,データなし,データなし,データなし,データなし,データなし,データなし,データなし,データなし,評価不能,評価不能,,評価不能,,データなし,データなし,データなし,データなし,データ不足,公式取得元または参照先なし,,,データなし,データなし,データなし,,,,,,,,,,,,,,,,
8253,クレディセゾン,見送り,見送り,見送り,4530.41,4589.06,4886.0,4897.73,5044.66,4472.43,5748.33,0,0.0,0.0,4.49,B,見送り,-3.86,54.63,+0.66σ,1.07,False,データなし,3.0,0,-9.0,0,0.0,強いリスクオフ・通常の25%,反転条件の完成待ち。ファンダメンタル=データ不足、RSI 54.6、出来高 1.07倍、BB +0.66σ,方式別実績はサンプル蓄積中。市場=強いリスクオフ、ニュース重大度と300万円の損失・投入・現金・保有数制約を適用,強いリスクオフのため新規主力買い停止,0.0,0.0,3.0,374,374,信用需給は判定不能,信用データがデータなし、または売残0で信用倍率を算出不能,データ不足,False,公式取得元または参照先なし,データなし,データなし,データなし,データなし,データなし,データなし,データなし,データなし,データなし,評価不能,評価不能,,評価不能,,データなし,データなし,データなし,データなし,データ不足,公式取得元または参照先なし,,,データなし,データなし,データなし,,,,,,,,,,,,,,,,
1952,新日本空調,見送り,見送り,見送り,3076.16,3144.45,3250.0,3263.66,3361.57,2946.37,3898.23,0,0.0,0.0,3.35,B,見送り,-3.88,43.03,-0.67σ,0.56,False,データなし,4.0,0,-9.0,0,0.0,強いリスクオフ・通常の25%,出来高0.6倍未満のため主力不可。ファンダメンタル=データ不足、RSI 43.0、出来高 0.56倍、BB -0.67σ,方式別実績はサンプル蓄積中。市場=強いリスクオフ、ニュース重大度と300万円の損失・投入・現金・保有数制約を適用,強いリスクオフのため新規主力買い停止,0.0,0.0,4.0,320,320,信用需給は判定不能,信用データがデータなし、または売残0で信用倍率を算出不能,データ不足,False,公式取得元または参照先なし,データなし,データなし,データなし,データなし,データなし,データなし,データなし,データなし,データなし,評価不能,評価不能,,評価不能,,データなし,データなし,データなし,データなし,データ不足,公式取得元または参照先なし,,,データなし,データなし,データなし,,,,,,,,,,,,,,,,
7172,ジャパンインベストメントアドバイザー,見送り,見送り,見送り,2012.76,2034.7,2093.0,2097.39,2160.31,1971.41,2349.35,0,0.0,0.0,2.11,B,見送り,-3.88,54.09,+0.32σ,0.56,False,データなし,4.0,0,-9.0,0,0.0,強いリスクオフ・通常の25%,出来高0.6倍未満のため主力不可。ファンダメンタル=データ不足、RSI 54.1、出来高 0.56倍、BB +0.32σ,方式別実績はサンプル蓄積中。市場=強いリスクオフ、ニュース重大度と300万円の損失・投入・現金・保有数制約を適用,強いリスクオフのため新規主力買い停止,0.0,0.0,4.0,320,320,信用需給は判定不能,信用データがデータなし、または売残0で信用倍率を算出不能,データ不足,False,公式取得元または参照先なし,データなし,データなし,データなし,データなし,データなし,データなし,データなし,データなし,データなし,評価不能,評価不能,,評価不能,,データなし,データなし,データなし,データなし,データ不足,公式取得元または参照先なし,,,データなし,データなし,データなし,,,,,,,,,,,,,,,,
7202,いすゞ自動車,見送り,見送り,見送り,2229.29,2260.5,2291.5,2298.68,2367.64,2173.33,2549.37,0,0.0,0.0,3.31,B,見送り,-3.88,45.79,-0.82σ,0.56,False,データなし,4.0,0,-9.0,0,0.0,強いリスクオフ・通常の25%,出来高0.6倍未満のため主力不可。ファンダメンタル=データ不足、RSI 45.8、出来高 0.56倍、BB -0.82σ,方式別実績はサンプル蓄積中。市場=強いリスクオフ、ニュース重大度と300万円の損失・投入・現金・保有数制約を適用,強いリスクオフのため新規主力買い停止,0.0,0.0,4.0,320,320,信用需給は判定不能,信用データがデータなし、または売残0で信用倍率を算出不能,データ不足,False,公式取得元または参照先なし,データなし,データなし,データなし,データなし,データなし,データなし,データなし,データなし,データなし,評価不能,評価不能,,評価不能,,データなし,データなし,データなし,データなし,データ不足,公式取得元または参照先なし,,,データなし,データなし,データなし,,,,,,,,,,,,,,,,
4549,栄研化学,見送り,見送り,見送り,2159.52,2201.56,2346.0,2354.41,2425.04,2004.67,3053.88,0,0.0,0.0,2.11,B,見送り,-3.9,46.7,-0.08σ,0.55,False,データなし,4.0,0,-9.0,0,0.0,強いリスクオフ・通常の25%,出来高0.6倍未満のため主力不可。ファンダメンタル=データ不足、RSI 46.7、出来高 0.55倍、BB -0.08σ,方式別実績はサンプル蓄積中。市場=強いリスクオフ、ニュース重大度と300万円の損失・投入・現金・保有数制約を適用,強いリスクオフのため新規主力買い停止,0.0,0.0,4.0,320,320,信用需給は判定不能,信用データがデータなし、または売残0で信用倍率を算出不能,データ不足,False,公式取得元または参照先なし,データなし,データなし,データなし,データなし,データなし,データなし,データなし,データなし,データなし,評価不能,評価不能,,評価不能,,データなし,データなし,データなし,データなし,データ不足,公式取得元または参照先なし,,,データなし,データなし,データなし,,,,,,,,,,,,,,,,
7182,ゆうちょ銀行,見送り,見送り,見送り,3093.44,3141.94,3333.0,3342.7,3442.98,2999.43,4029.24,0,0.0,0.0,2.71,B,見送り,-3.9,54.49,+0.35σ,0.55,False,データなし,4.0,0,-9.0,0,0.0,強いリスクオフ・通常の25%,出来高0.6倍未満のため主力不可。ファンダメンタル=データ不足、RSI 54.5、出来高 0.55倍、BB +0.35σ,方式別実績はサンプル蓄積中。市場=強いリスクオフ、ニュース重大度と300万円の損失・投入・現金・保有数制約を適用,強いリスクオフのため新規主力買い停止,0.0,0.0,4.0,320,320,信用需給は判定不能,信用データがデータなし、または売残0で信用倍率を算出不能,データ不足,False,公式取得元または参照先なし,データなし,データなし,データなし,データなし,データなし,データなし,データなし,データなし,データなし,評価不能,評価不能,,評価不能,,データなし,データなし,データなし,データなし,データ不足,公式取得元または参照先なし,,,データなし,データなし,データなし,,,,,,,,,,,,,,,,
8381,山陰合同銀行,見送り,見送り,見送り,2357.13,2397.21,2676.0,2684.02,2764.54,2289.13,3473.79,0,0.0,0.0,2.39,B,見送り,-3.9,67.06,+1.97σ,1.05,False,データなし,3.0,0,-9.0,0,0.0,強いリスクオフ・通常の25%,反転条件の完成待ち。ファンダメンタル=データ不足、RSI 67.1、出来高 1.05倍、BB +1.97σ,方式別実績はサンプル蓄積中。市場=強いリスクオフ、ニュース重大度と300万円の損失・投入・現金・保有数制約を適用,強いリスクオフのため新規主力買い停止,0.0,0.0,3.0,374,374,信用需給は判定不能,信用データがデータなし、または売残0で信用倍率を算出不能,データ不足,False,公式取得元または参照先なし,データなし,データなし,データなし,データなし,データなし,データなし,データなし,データなし,データなし,評価不能,評価不能,,評価不能,,データなし,データなし,データなし,データなし,データ不足,公式取得元または参照先なし,,,データなし,データなし,データなし,,,,,,,,,,,,,,,,
8377,ほくほくフィナンシャルグループ,見送り,見送り,見送り,7308.22,7461.86,8692.0,8722.73,8984.41,6969.62,12228.94,0,0.0,0.0,2.27,C,見送り,-3.92,68.01,+1.87σ,1.04,False,データなし,3.0,0,-9.0,0,0.0,強いリスクオフ・通常の25%,急騰済みを最優先して除外。ファンダメンタル=データ不足、RSI 68.0、出来高 1.04倍、BB +1.87σ,方式別実績はサンプル蓄積中。市場=強いリスクオフ、ニュース重大度と300万円の損失・投入・現金・保有数制約を適用,強いリスクオフのため新規主力買い停止,0.0,0.0,3.0,374,374,信用需給は判定不能,信用データがデータなし、または売残0で信用倍率を算出不能,データ不足,False,公式取得元または参照先なし,データなし,データなし,データなし,データなし,データなし,データなし,データなし,データなし,データなし,評価不能,評価不能,,評価不能,,データなし,データなし,データなし,データなし,データ不足,公式取得元または参照先なし,,,データなし,データなし,データなし,,,,,,,,,,,,,,,,
9502,中部電力,見送り,見送り,見送り,2682.76,2727.78,2860.0,2869.0,2955.07,2594.94,3417.13,0,0.0,0.0,2.23,B,見送り,-3.92,50.49,+0.31σ,0.54,False,データなし,4.0,0,-9.0,0,0.0,強いリスクオフ・通常の25%,出来高0.6倍未満のため主力不可。ファンダメンタル=データ不足、RSI 50.5、出来高 0.54倍、BB +0.31σ,方式別実績はサンプル蓄積中。市場=強いリスクオフ、ニュース重大度と300万円の損失・投入・現金・保有数制約を適用,強いリスクオフのため新規主力買い停止,0.0,0.0,4.0,320,320,信用需給は判定不能,信用データがデータなし、または売残0で信用倍率を算出不能,データ不足,False,公式取得元または参照先なし,データなし,データなし,データなし,データなし,データなし,データなし,データなし,データなし,データなし,評価不能,評価不能,,評価不能,,データなし,データなし,データなし,データなし,データ不足,公式取得元または参照先なし,,,データなし,データなし,データなし,,,,,,,,,,,,,,,,
4194,ビジョナル,見送り,見送り,見送り,8475.8,8635.44,9405.0,9436.93,9720.04,8252.13,11806.53,0,0.0,0.0,3.38,B,見送り,-3.94,57.56,+0.68σ,1.03,False,データなし,3.0,0,-9.0,0,0.0,強いリスクオフ・通常の25%,反転条件の完成待ち。ファンダメンタル=データ不足、RSI 57.6、出来高 1.03倍、BB +0.68σ,方式別実績はサンプル蓄積中。市場=強いリスクオフ、ニュース重大度と300万円の損失・投入・現金・保有数制約を適用,強いリスクオフのため新規主力買い停止,0.0,0.0,3.0,374,374,信用需給は判定不能,信用データがデータなし、または売残0で信用倍率を算出不能,データ不足,False,公式取得元または参照先なし,データなし,データなし,データなし,データなし,データなし,データなし,データなし,データなし,データなし,評価不能,評価不能,,評価不能,,データなし,データなし,データなし,データなし,データ不足,公式取得元または参照先なし,,,データなし,データなし,データなし,,,,,,,,,,,,,,,,
4617,中国塗料,見送り,見送り,見送り,3538.03,3599.09,3735.0,3747.21,3859.63,3491.37,4258.89,0,0.0,0.0,3.55,B,見送り,-3.94,53.06,+0.18σ,0.53,False,データなし,4.0,0,-9.0,0,0.0,強いリスクオフ・通常の25%,出来高0.6倍未満のため主力不可。ファンダメンタル=データ不足、RSI 53.1、出来高 0.53倍、BB +0.18σ,方式別実績はサンプル蓄積中。市場=強いリスクオフ、ニュース重大度と300万円の損失・投入・現金・保有数制約を適用,強いリスクオフのため新規主力買い停止,0.0,0.0,4.0,320,320,信用需給は判定不能,信用データがデータなし、または売残0で信用倍率を算出不能,データ不足,False,公式取得元または参照先なし,データなし,データなし,データなし,データなし,データなし,データなし,データなし,データなし,データなし,評価不能,評価不能,,評価不能,,データなし,データなし,データなし,データなし,データ不足,公式取得元または参照先なし,,,データなし,データなし,データなし,,,,,,,,,,,,,,,,
8572,アコム,見送り,見送り,見送り,475.37,479.41,485.7,486.51,501.1,470.93,517.66,100,47980.0,887.0000000000005,4.27,B,見送り,-3.94,50.09,-0.63σ,1.03,False,データなし,3.0,0,-9.0,0,0.0,強いリスクオフ・通常の25%,反転条件の完成待ち。ファンダメンタル=データ不足、RSI 50.1、出来高 1.03倍、BB -0.63σ,方式別実績はサンプル蓄積中。市場=強いリスクオフ、ニュース重大度と300万円の損失・投入・現金・保有数制約を適用,強いリスクオフのため新規主力買い停止,0.0,0.0,3.0,374,374,信用需給は判定不能,信用データがデータなし、または売残0で信用倍率を算出不能,データ不足,False,公式取得元または参照先なし,データなし,データなし,データなし,データなし,データなし,データなし,データなし,データなし,データなし,評価不能,評価不能,,評価不能,,データなし,データなし,データなし,データなし,データ不足,公式取得元または参照先なし,,,データなし,データなし,データなし,,,,,,,,,,,,,,,,
7241,フタバ産業,見送り,見送り,見送り,1003.03,1013.17,1108.0,1110.03,1143.33,980.45,1369.19,0,0.0,0.0,2.34,C,見送り,-4.0,74.0,+2.22σ,1.0,False,データなし,3.0,0,-9.0,0,0.0,強いリスクオフ・通常の25%,急騰済みを最優先して除外。ファンダメンタル=データ不足、RSI 74.0、出来高 1.00倍、BB +2.22σ,方式別実績はサンプル蓄積中。市場=強いリスクオフ、ニュース重大度と300万円の損失・投入・現金・保有数制約を適用,強いリスクオフのため新規主力買い停止,0.0,0.0,3.0,374,374,信用需給は判定不能,信用データがデータなし、または売残0で信用倍率を算出不能,データ不足,False,公式取得元または参照先なし,データなし,データなし,データなし,データなし,データなし,データなし,データなし,データなし,データなし,評価不能,評価不能,,評価不能,,データなし,データなし,データなし,データなし,データ不足,公式取得元または参照先なし,,,データなし,データなし,データなし,,,,,,,,,,,,,,,,
1882,東亜道路工業,見送り,見送り,見送り,1590.16,1601.4,1635.0,1637.25,1686.37,1579.66,1752.42,0,0.0,0.0,3.28,B,見送り,-4.02,59.87,+0.50σ,0.99,False,データなし,3.0,0,-9.0,0,0.0,強いリスクオフ・通常の25%,反転条件の完成待ち。ファンダメンタル=データ不足、RSI 59.9、出来高 0.99倍、BB +0.50σ,方式別実績はサンプル蓄積中。市場=強いリスクオフ、ニュース重大度と300万円の損失・投入・現金・保有数制約を適用,強いリスクオフのため新規主力買い停止,0.0,0.0,3.0,374,374,信用需給は判定不能,信用データがデータなし、または売残0で信用倍率を算出不能,データ不足,False,公式取得元または参照先なし,データなし,データなし,データなし,データなし,データなし,データなし,データなし,データなし,データなし,評価不能,評価不能,,評価不能,,データなし,データなし,データなし,データなし,データ不足,公式取得元または参照先なし,,,データなし,データなし,データなし,,,,,,,,,,,,,,,,
1870,矢作建設工業,見送り,見送り,見送り,1871.63,1892.21,2129.0,2133.11,2197.11,1811.14,2777.06,0,0.0,0.0,2.19,C,見送り,-4.04,78.91,+2.28σ,0.98,False,データなし,3.0,0,-9.0,0,0.0,強いリスクオフ・通常の25%,急騰済みを最優先して除外。ファンダメンタル=データ不足、RSI 78.9、出来高 0.98倍、BB +2.28σ,方式別実績はサンプル蓄積中。市場=強いリスクオフ、ニュース重大度と300万円の損失・投入・現金・保有数制約を適用,強いリスクオフのため新規主力買い停止,0.0,0.0,3.0,374,374,信用需給は判定不能,信用データがデータなし、または売残0で信用倍率を算出不能,データ不足,False,公式取得元または参照先なし,データなし,データなし,データなし,データなし,データなし,データなし,データなし,データなし,データなし,評価不能,評価不能,,評価不能,,データなし,データなし,データなし,データなし,データ不足,公式取得元または参照先なし,,,データなし,データなし,データなし,,,,,,,,,,,,,,,,
3916,デジタル・インフォメーション・テクノロジー,見送り,見送り,見送り,918.74,930.54,988.0,990.36,1020.07,903.98,1163.12,0,0.0,0.0,3.54,B,見送り,-4.04,58.14,+0.76σ,0.98,False,データなし,3.0,0,-9.0,0,0.0,強いリスクオフ・通常の25%,反転条件の完成待ち。ファンダメンタル=データ不足、RSI 58.1、出来高 0.98倍、BB +0.76σ,方式別実績はサンプル蓄積中。市場=強いリスクオフ、ニュース重大度と300万円の損失・投入・現金・保有数制約を適用,強いリスクオフのため新規主力買い停止,0.0,0.0,3.0,374,374,信用需給は判定不能,信用データがデータなし、または売残0で信用倍率を算出不能,データ不足,False,公式取得元または参照先なし,データなし,データなし,データなし,データなし,データなし,データなし,データなし,データなし,データなし,評価不能,評価不能,,評価不能,,データなし,データなし,データなし,データなし,データ不足,公式取得元または参照先なし,,,データなし,データなし,データなし,,,,,,,,,,,,,,,,
3946,トーモク,見送り,見送り,見送り,4415.74,4467.89,4730.0,4740.43,4882.64,4345.37,5530.55,0,0.0,0.0,2.21,B,見送り,-4.04,70.24,+1.83σ,0.98,False,データなし,3.0,0,-9.0,0,0.0,強いリスクオフ・通常の25%,反転条件の完成待ち。ファンダメンタル=データ不足、RSI 70.2、出来高 0.98倍、BB +1.83σ,方式別実績はサンプル蓄積中。市場=強いリスクオフ、ニュース重大度と300万円の損失・投入・現金・保有数制約を適用,強いリスクオフのため新規主力買い停止,0.0,0.0,3.0,374,374,信用需給は判定不能,信用データがデータなし、または売残0で信用倍率を算出不能,データ不足,False,公式取得元または参照先なし,データなし,データなし,データなし,データなし,データなし,データなし,データなし,データなし,データなし,評価不能,評価不能,,評価不能,,データなし,データなし,データなし,データなし,データ不足,公式取得元または参照先なし,,,データなし,データなし,データなし,,,,,,,,,,,,,,,,
7906,ヨネックス,見送り,見送り,見送り,2496.76,2553.42,2955.0,2966.33,3055.32,2424.43,4050.13,0,0.0,0.0,4.09,B,見送り,-4.04,61.61,+1.17σ,0.98,False,データなし,3.0,0,-9.0,0,0.0,強いリスクオフ・通常の25%,反転条件の完成待ち。ファンダメンタル=データ不足、RSI 61.6、出来高 0.98倍、BB +1.17σ,方式別実績はサンプル蓄積中。市場=強いリスクオフ、ニュース重大度と300万円の損失・投入・現金・保有数制約を適用,強いリスクオフのため新規主力買い停止,0.0,0.0,3.0,374,374,信用需給は判定不能,信用データがデータなし、または売残0で信用倍率を算出不能,データ不足,False,公式取得元または参照先なし,データなし,データなし,データなし,データなし,データなし,データなし,データなし,データなし,データなし,評価不能,評価不能,,評価不能,,データなし,データなし,データなし,データなし,データ不足,公式取得元または参照先なし,,,データなし,データなし,データなし,,,,,,,,,,,,,,,,
5288,アジアパイルホールディングス,見送り,見送り,見送り,1483.53,1503.01,1581.0,1584.9,1632.44,1456.0,1842.69,0,0.0,0.0,2.55,C,見送り,-4.06,60.31,+2.27σ,0.97,False,データなし,3.0,0,-9.0,0,0.0,強いリスクオフ・通常の25%,急騰済みを最優先して除外。ファンダメンタル=データ不足、RSI 60.3、出来高 0.97倍、BB +2.27σ,方式別実績はサンプル蓄積中。市場=強いリスクオフ、ニュース重大度と300万円の損失・投入・現金・保有数制約を適用,強いリスクオフのため新規主力買い停止,0.0,0.0,3.0,374,374,信用需給は判定不能,信用データがデータなし、または売残0で信用倍率を算出不能,データ不足,False,公式取得元または参照先なし,データなし,データなし,データなし,データなし,データなし,データなし,データなし,データなし,データなし,評価不能,評価不能,,評価不能,,データなし,データなし,データなし,データなし,データ不足,公式取得元または参照先なし,,,データなし,データなし,データなし,,,,,,,,,,,,,,,,
8541,愛媛銀行,見送り,見送り,見送り,2518.5,2583.04,3220.0,3232.91,3329.89,2338.3,5022.12,0,0.0,0.0,2.15,C,見送り,-4.06,74.25,+2.01σ,0.47,False,データなし,4.0,0,-9.0,0,0.0,強いリスクオフ・通常の25%,急騰済みを最優先して除外。ファンダメンタル=データ不足、RSI 74.2、出来高 0.47倍、BB +2.01σ,方式別実績はサンプル蓄積中。市場=強いリスクオフ、ニュース重大度と300万円の損失・投入・現金・保有数制約を適用,強いリスクオフのため新規主力買い停止,0.0,0.0,4.0,320,320,信用需給は判定不能,信用データがデータなし、または売残0で信用倍率を算出不能,データ不足,False,公式取得元または参照先なし,データなし,データなし,データなし,データなし,データなし,データなし,データなし,データなし,データなし,評価不能,評価不能,,評価不能,,データなし,データなし,データなし,データなし,データ不足,公式取得元または参照先なし,,,データなし,データなし,データなし,,,,,,,,,,,,,,,,
9418,Ｕ－ＮＥＸＴ　ＨＯＬＤＩＮＧＳ,見送り,見送り,見送り,1669.23,1687.51,1737.0,1740.65,1792.87,1644.23,1933.5,0,0.0,0.0,2.54,B,見送り,-4.06,54.2,+0.40σ,0.97,False,データなし,3.0,0,-9.0,0,0.0,強いリスクオフ・通常の25%,反転条件の完成待ち。ファンダメンタル=データ不足、RSI 54.2、出来高 0.97倍、BB +0.40σ,方式別実績はサンプル蓄積中。市場=強いリスクオフ、ニュース重大度と300万円の損失・投入・現金・保有数制約を適用,強いリスクオフのため新規主力買い停止,0.0,0.0,3.0,374,374,信用需給は判定不能,信用データがデータなし、または売残0で信用倍率を算出不能,データ不足,False,公式取得元または参照先なし,データなし,データなし,データなし,データなし,データなし,データなし,データなし,データなし,データなし,評価不能,評価不能,,評価不能,,データなし,データなし,データなし,データなし,データ不足,公式取得元または参照先なし,,,データなし,データなし,データなし,,,,,,,,,,,,,,,,
2353,日本駐車場開発,見送り,見送り,見送り,248.39,251.19,264.0,264.56,272.5,243.54,306.6,100,26400.0,2046.000000000001,2.08,B,見送り,-4.08,59.45,+1.27σ,0.96,False,データなし,3.0,0,-9.0,0,0.0,強いリスクオフ・通常の25%,反転条件の完成待ち。ファンダメンタル=データ不足、RSI 59.5、出来高 0.96倍、BB +1.27σ,方式別実績はサンプル蓄積中。市場=強いリスクオフ、ニュース重大度と300万円の損失・投入・現金・保有数制約を適用,強いリスクオフのため新規主力買い停止,0.0,0.0,3.0,374,374,信用需給は判定不能,信用データがデータなし、または売残0で信用倍率を算出不能,データ不足,False,公式取得元または参照先なし,データなし,データなし,データなし,データなし,データなし,データなし,データなし,データなし,データなし,評価不能,評価不能,,評価不能,,データなし,データなし,データなし,データなし,データ不足,公式取得元または参照先なし,,,データなし,データなし,データなし,,,,,,,,,,,,,,,,
4592,サンバイオ,見送り,見送り,見送り,918.5,942.92,1062.0,1066.88,1098.89,884.62,1431.41,0,0.0,0.0,3.26,B,見送り,-4.08,50.65,+0.79σ,0.96,False,データなし,3.0,0,-9.0,0,0.0,強いリスクオフ・通常の25%,反転条件の完成待ち。ファンダメンタル=データ不足、RSI 50.6、出来高 0.96倍、BB +0.79σ,方式別実績はサンプル蓄積中。市場=強いリスクオフ、ニュース重大度と300万円の損失・投入・現金・保有数制約を適用,強いリスクオフのため新規主力買い停止,0.0,0.0,3.0,374,374,信用需給は判定不能,信用データがデータなし、または売残0で信用倍率を算出不能,データ不足,False,公式取得元または参照先なし,データなし,データなし,データなし,データなし,データなし,データなし,データなし,データなし,データなし,評価不能,評価不能,,評価不能,,データなし,データなし,データなし,データなし,データ不足,公式取得元または参照先なし,,,データなし,データなし,データなし,,,,,,,,,,,,,,,,
4552,ＪＣＲファーマ,見送り,見送り,見送り,484.8,493.81,531.0,532.8,548.79,471.64,655.13,0,0.0,0.0,5.96,B,見送り,-4.12,49.52,-0.51σ,1.44,False,データなし,2.0,0,-9.0,0,0.0,強いリスクオフ・通常の25%,反転条件の完成待ち。ファンダメンタル=データ不足、RSI 49.5、出来高 1.44倍、BB -0.51σ,方式別実績はサンプル蓄積中。市場=強いリスクオフ、ニュース重大度と300万円の損失・投入・現金・保有数制約を適用,強いリスクオフのため新規主力買い停止,0.0,0.0,2.0,521,521,信用需給は判定不能,信用データがデータなし、または売残0で信用倍率を算出不能,データ不足,False,公式取得元または参照先なし,データなし,データなし,データなし,データなし,データなし,データなし,データなし,データなし,データなし,評価不能,評価不能,,評価不能,,データなし,データなし,データなし,データなし,データ不足,公式取得元または参照先なし,,,データなし,データなし,データなし,,,,,,,,,,,,,,,,
4587,ペプチドリーム,見送り,見送り,見送り,928.49,948.79,1073.0,1077.06,1109.37,907.18,1416.82,0,0.0,0.0,4.35,B,見送り,-4.12,52.74,+1.03σ,1.44,False,データなし,2.0,0,-9.0,0,0.0,強いリスクオフ・通常の25%,反転条件の完成待ち。ファンダメンタル=データ不足、RSI 52.7、出来高 1.44倍、BB +1.03σ,方式別実績はサンプル蓄積中。市場=強いリスクオフ、ニュース重大度と300万円の損失・投入・現金・保有数制約を適用,強いリスクオフのため新規主力買い停止,0.0,0.0,2.0,521,521,信用需給は判定不能,信用データがデータなし、または売残0で信用倍率を算出不能,データ不足,False,公式取得元または参照先なし,データなし,データなし,データなし,データなし,データなし,データなし,データなし,データなし,データなし,評価不能,評価不能,,評価不能,,データなし,データなし,データなし,データなし,データ不足,公式取得元または参照先なし,,,データなし,データなし,データなし,,,,,,,,,,,,,,,,
6594,ニデック,見送り,見送り,見送り,2497.03,2547.27,2839.0,2849.05,2934.52,2404.05,3739.05,0,0.0,0.0,2.25,B,見送り,-4.12,61.49,+1.48σ,0.44,False,データなし,4.0,0,-9.0,0,0.0,強いリスクオフ・通常の25%,出来高0.6倍未満のため主力不可。ファンダメンタル=データ不足、RSI 61.5、出来高 0.44倍、BB +1.48σ,方式別実績はサンプル蓄積中。市場=強いリスクオフ、ニュース重大度と300万円の損失・投入・現金・保有数制約を適用,強いリスクオフのため新規主力買い停止,0.0,0.0,4.0,320,320,信用需給は判定不能,信用データがデータなし、または売残0で信用倍率を算出不能,データ不足,False,公式取得元または参照先なし,データなし,データなし,データなし,データなし,データなし,データなし,データなし,データなし,データなし,評価不能,評価不能,,評価不能,,データなし,データなし,データなし,データなし,データ不足,公式取得元または参照先なし,,,データなし,データなし,データなし,,,,,,,,,,,,,,,,
4848,フルキャストホールディングス,見送り,見送り,見送り,1632.23,1652.43,1878.0,1882.04,1938.5,1566.51,2513.1,0,0.0,0.0,2.41,B,見送り,-4.2,71.78,+1.66σ,0.9,False,データなし,3.0,0,-9.0,0,0.0,強いリスクオフ・通常の25%,反転条件の完成待ち。ファンダメンタル=データ不足、RSI 71.8、出来高 0.90倍、BB +1.66σ,方式別実績はサンプル蓄積中。市場=強いリスクオフ、ニュース重大度と300万円の損失・投入・現金・保有数制約を適用,強いリスクオフのため新規主力買い停止,0.0,0.0,3.0,374,374,信用需給は判定不能,信用データがデータなし、または売残0で信用倍率を算出不能,データ不足,False,公式取得元または参照先なし,データなし,データなし,データなし,データなし,データなし,データなし,データなし,データなし,データなし,評価不能,評価不能,,評価不能,,データなし,データなし,データなし,データなし,データ不足,公式取得元または参照先なし,,,データなし,データなし,データなし,,,,,,,,,,,,,,,,
5482,愛知製鋼,見送り,見送り,見送り,3038.28,3081.66,3320.0,3328.68,3428.54,2982.4,4021.23,0,0.0,0.0,2.32,B,見送り,-4.2,63.89,+2.03σ,0.9,False,データなし,3.0,0,-9.0,0,0.0,強いリスクオフ・通常の25%,反転条件の完成待ち。ファンダメンタル=データ不足、RSI 63.9、出来高 0.90倍、BB +2.03σ,方式別実績はサンプル蓄積中。市場=強いリスクオフ、ニュース重大度と300万円の損失・投入・現金・保有数制約を適用,強いリスクオフのため新規主力買い停止,0.0,0.0,3.0,374,374,信用需給は判定不能,信用データがデータなし、または売残0で信用倍率を算出不能,データ不足,False,公式取得元または参照先なし,データなし,データなし,データなし,データなし,データなし,データなし,データなし,データなし,データなし,評価不能,評価不能,,評価不能,,データなし,データなし,データなし,データなし,データ不足,公式取得元または参照先なし,,,データなし,データなし,データなし,,,,,,,,,,,,,,,,
5970,ジーテクト,見送り,見送り,見送り,2093.05,2116.25,2356.0,2360.64,2431.46,2029.44,3023.04,0,0.0,0.0,2.22,C,見送り,-4.2,72.43,+2.10σ,0.9,False,データなし,3.0,0,-9.0,0,0.0,強いリスクオフ・通常の25%,急騰済みを最優先して除外。ファンダメンタル=データ不足、RSI 72.4、出来高 0.90倍、BB +2.10σ,方式別実績はサンプル蓄積中。市場=強いリスクオフ、ニュース重大度と300万円の損失・投入・現金・保有数制約を適用,強いリスクオフのため新規主力買い停止,0.0,0.0,3.0,374,374,信用需給は判定不能,信用データがデータなし、または売残0で信用倍率を算出不能,データ不足,False,公式取得元または参照先なし,データなし,データなし,データなし,データなし,データなし,データなし,データなし,データなし,データなし,評価不能,評価不能,,評価不能,,データなし,データなし,データなし,データなし,データ不足,公式取得元または参照先なし,,,データなし,データなし,データなし,,,,,,,,,,,,,,,,
2432,ディー・エヌ・エー,見送り,見送り,見送り,2407.63,2439.69,2557.0,2563.41,2640.32,2380.95,2928.34,0,0.0,0.0,3.24,B,見送り,-4.26,52.05,+1.02σ,0.87,False,データなし,3.0,0,-9.0,0,0.0,強いリスクオフ・通常の25%,反転条件の完成待ち。ファンダメンタル=データ不足、RSI 52.0、出来高 0.87倍、BB +1.02σ,方式別実績はサンプル蓄積中。市場=強いリスクオフ、ニュース重大度と300万円の損失・投入・現金・保有数制約を適用,強いリスクオフのため新規主力買い停止,0.0,0.0,3.0,374,374,信用需給は判定不能,信用データがデータなし、または売残0で信用倍率を算出不能,データ不足,False,公式取得元または参照先なし,データなし,データなし,データなし,データなし,データなし,データなし,データなし,データなし,データなし,評価不能,評価不能,,評価不能,,データなし,データなし,データなし,データなし,データ不足,公式取得元または参照先なし,,,データなし,データなし,データなし,,,,,,,,,,,,,,,,
4483,ＪＭＤＣ,見送り,見送り,見送り,3082.49,3155.59,3550.0,3564.62,3671.56,2964.83,4764.2,0,0.0,0.0,3.44,B,見送り,-4.26,55.55,+0.63σ,0.87,False,データなし,3.0,0,-9.0,0,0.0,強いリスクオフ・通常の25%,反転条件の完成待ち。ファンダメンタル=データ不足、RSI 55.5、出来高 0.87倍、BB +0.63σ,方式別実績はサンプル蓄積中。市場=強いリスクオフ、ニュース重大度と300万円の損失・投入・現金・保有数制約を適用,強いリスクオフのため新規主力買い停止,0.0,0.0,3.0,374,374,信用需給は判定不能,信用データがデータなし、または売残0で信用倍率を算出不能,データ不足,False,公式取得元または参照先なし,データなし,データなし,データなし,データなし,データなし,データなし,データなし,データなし,データなし,評価不能,評価不能,,評価不能,,データなし,データなし,データなし,データなし,データ不足,公式取得元または参照先なし,,,データなし,データなし,データなし,,,,,,,,,,,,,,,,
6508,明電舎,見送り,見送り,見送り,8499.63,8783.35,12700.0,12756.75,13139.45,7224.48,23821.28,0,0.0,0.0,2.05,C,見送り,-4.26,74.45,+1.84σ,0.87,False,データなし,3.0,0,-9.0,0,0.0,強いリスクオフ・通常の25%,急騰済みを最優先して除外。ファンダメンタル=データ不足、RSI 74.5、出来高 0.87倍、BB +1.84σ,方式別実績はサンプル蓄積中。市場=強いリスクオフ、ニュース重大度と300万円の損失・投入・現金・保有数制約を適用,強いリスクオフのため新規主力買い停止,0.0,0.0,3.0,374,374,信用需給は判定不能,信用データがデータなし、または売残0で信用倍率を算出不能,データ不足,False,公式取得元または参照先なし,データなし,データなし,データなし,データなし,データなし,データなし,データなし,データなし,データなし,評価不能,評価不能,,評価不能,,データなし,データなし,データなし,データなし,データ不足,公式取得元または参照先なし,,,データなし,データなし,データなし,,,,,,,,,,,,,,,,
8570,イオンフィナンシャルサービス,見送り,見送り,見送り,1540.93,1556.91,1647.0,1650.19,1699.7,1515.04,1920.5,0,0.0,0.0,3.08,B,見送り,-4.26,59.99,+0.94σ,0.87,False,データなし,3.0,0,-9.0,0,0.0,強いリスクオフ・通常の25%,反転条件の完成待ち。ファンダメンタル=データ不足、RSI 60.0、出来高 0.87倍、BB +0.94σ,方式別実績はサンプル蓄積中。市場=強いリスクオフ、ニュース重大度と300万円の損失・投入・現金・保有数制約を適用,強いリスクオフのため新規主力買い停止,0.0,0.0,3.0,374,374,信用需給は判定不能,信用データがデータなし、または売残0で信用倍率を算出不能,データ不足,False,公式取得元または参照先なし,データなし,データなし,データなし,データなし,データなし,データなし,データなし,データなし,データなし,評価不能,評価不能,,評価不能,,データなし,データなし,データなし,データなし,データ不足,公式取得元または参照先なし,,,データなし,データなし,データなし,,,,,,,,,,,,,,,,
2734,サーラコーポレーション,見送り,見送り,見送り,1131.15,1143.07,1220.0,1222.38,1259.06,1116.82,1433.51,0,0.0,0.0,2.51,C,見送り,-4.3,70.77,+2.44σ,0.85,False,データなし,3.0,0,-9.0,0,0.0,強いリスクオフ・通常の25%,急騰済みを最優先して除外。ファンダメンタル=データ不足、RSI 70.8、出来高 0.85倍、BB +2.44σ,方式別実績はサンプル蓄積中。市場=強いリスクオフ、ニュース重大度と300万円の損失・投入・現金・保有数制約を適用,強いリスクオフのため新規主力買い停止,0.0,0.0,3.0,374,374,信用需給は判定不能,信用データがデータなし、または売残0で信用倍率を算出不能,データ不足,False,公式取得元または参照先なし,データなし,データなし,データなし,データなし,データなし,データなし,データなし,データなし,データなし,評価不能,評価不能,,評価不能,,データなし,データなし,データなし,データなし,データ不足,公式取得元または参照先なし,,,データなし,データなし,データなし,,,,,,,,,,,,,,,,
7186,横浜フィナンシャルグループ,見送り,見送り,見送り,1813.51,1840.99,1955.0,1960.5,2019.31,1774.95,2331.59,0,0.0,0.0,3.09,B,見送り,-4.3,56.56,+0.60σ,0.85,False,データなし,3.0,0,-9.0,0,0.0,強いリスクオフ・通常の25%,反転条件の完成待ち。ファンダメンタル=データ不足、RSI 56.6、出来高 0.85倍、BB +0.60σ,方式別実績はサンプル蓄積中。市場=強いリスクオフ、ニュース重大度と300万円の損失・投入・現金・保有数制約を適用,強いリスクオフのため新規主力買い停止,0.0,0.0,3.0,374,374,信用需給は判定不能,信用データがデータなし、または売残0で信用倍率を算出不能,データ不足,False,公式取得元または参照先なし,データなし,データなし,データなし,データなし,データなし,データなし,データなし,データなし,データなし,評価不能,評価不能,,評価不能,,データなし,データなし,データなし,データなし,データ不足,公式取得元または参照先なし,,,データなし,データなし,データなし,,,,,,,,,,,,,,,,
1605,ＩＮＰＥＸ,見送り,見送り,見送り,3463.0,3518.8,3868.0,3879.16,3995.54,3377.14,4883.2,0,0.0,0.0,2.79,B,見送り,-4.32,62.26,+1.50σ,0.84,False,データなし,3.0,0,-9.0,0,0.0,強いリスクオフ・通常の25%,反転条件の完成待ち。ファンダメンタル=データ不足、RSI 62.3、出来高 0.84倍、BB +1.50σ,方式別実績はサンプル蓄積中。市場=強いリスクオフ、ニュース重大度と300万円の損失・投入・現金・保有数制約を適用,強いリスクオフのため新規主力買い停止,0.0,0.0,3.0,374,374,信用需給は判定不能,信用データがデータなし、または売残0で信用倍率を算出不能,データ不足,False,公式取得元または参照先なし,データなし,データなし,データなし,データなし,データなし,データなし,データなし,データなし,データなし,評価不能,評価不能,,評価不能,,データなし,データなし,データなし,データなし,データ不足,公式取得元または参照先なし,,,データなし,データなし,データなし,,,,,,,,,,,,,,,,
4776,サイボウズ,見送り,見送り,見送り,2545.93,2597.3,2979.0,2989.27,3078.95,2446.3,4075.22,0,0.0,0.0,2.45,B,見送り,-4.32,66.51,+1.77σ,0.84,False,データなし,3.0,0,-9.0,0,0.0,強いリスクオフ・通常の25%,反転条件の完成待ち。ファンダメンタル=データ不足、RSI 66.5、出来高 0.84倍、BB +1.77σ,方式別実績はサンプル蓄積中。市場=強いリスクオフ、ニュース重大度と300万円の損失・投入・現金・保有数制約を適用,強いリスクオフのため新規主力買い停止,0.0,0.0,3.0,374,374,信用需給は判定不能,信用データがデータなし、または売残0で信用倍率を算出不能,データ不足,False,公式取得元または参照先なし,データなし,データなし,データなし,データなし,データなし,データなし,データなし,データなし,データなし,評価不能,評価不能,,評価不能,,データなし,データなし,データなし,データなし,データ不足,公式取得元または参照先なし,,,データなし,データなし,データなし,,,,,,,,,,,,,,,,
9793,ダイセキ,見送り,見送り,見送り,3739.11,3774.5,3900.0,3907.08,4024.29,3711.85,4297.53,0,0.0,0.0,3.24,B,見送り,-4.34,51.98,+1.07σ,0.83,False,データなし,3.0,0,-9.0,0,0.0,強いリスクオフ・通常の25%,反転条件の完成待ち。ファンダメンタル=データ不足、RSI 52.0、出来高 0.83倍、BB +1.07σ,方式別実績はサンプル蓄積中。市場=強いリスクオフ、ニュース重大度と300万円の損失・投入・現金・保有数制約を適用,強いリスクオフのため新規主力買い停止,0.0,0.0,3.0,374,374,信用需給は判定不能,信用データがデータなし、または売残0で信用倍率を算出不能,データ不足,False,公式取得元または参照先なし,データなし,データなし,データなし,データなし,データなし,データなし,データなし,データなし,データなし,評価不能,評価不能,,評価不能,,データなし,データなし,データなし,データなし,データ不足,公式取得元または参照先なし,,,データなし,データなし,データなし,,,,,,,,,,,,,,,,
3668,コロプラ,見送り,見送り,見送り,381.68,387.14,423.0,424.09,436.81,371.91,528.45,0,0.0,0.0,2.63,B,見送り,-4.36,62.74,+1.45σ,0.82,False,データなし,3.0,0,-9.0,0,0.0,強いリスクオフ・通常の25%,反転条件の完成待ち。ファンダメンタル=データ不足、RSI 62.7、出来高 0.82倍、BB +1.45σ,方式別実績はサンプル蓄積中。市場=強いリスクオフ、ニュース重大度と300万円の損失・投入・現金・保有数制約を適用,強いリスクオフのため新規主力買い停止,0.0,0.0,3.0,374,374,信用需給は判定不能,信用データがデータなし、または売残0で信用倍率を算出不能,データ不足,False,公式取得元または参照先なし,データなし,データなし,データなし,データなし,データなし,データなし,データなし,データなし,データなし,評価不能,評価不能,,評価不能,,データなし,データなし,データなし,データなし,データ不足,公式取得元または参照先なし,,,データなし,データなし,データなし,,,,,,,,,,,,,,,,
2379,ディップ,見送り,見送り,見送り,1796.54,1813.42,1874.0,1877.38,1933.7,1772.55,2087.03,0,0.0,0.0,5.23,B,見送り,-4.38,47.69,-0.44σ,1.31,False,データなし,2.0,0,-9.0,0,0.0,強いリスクオフ・通常の25%,反転条件の完成待ち。ファンダメンタル=データ不足、RSI 47.7、出来高 1.31倍、BB -0.44σ,方式別実績はサンプル蓄積中。市場=強いリスクオフ、ニュース重大度と300万円の損失・投入・現金・保有数制約を適用,強いリスクオフのため新規主力買い停止,0.0,0.0,2.0,521,521,信用需給は判定不能,信用データがデータなし、または売残0で信用倍率を算出不能,データ不足,False,公式取得元または参照先なし,データなし,データなし,データなし,データなし,データなし,データなし,データなし,データなし,データなし,評価不能,評価不能,,評価不能,,データなし,データなし,データなし,データなし,データ不足,公式取得元または参照先なし,,,データなし,データなし,データなし,,,,,,,,,,,,,,,,
6368,オルガノ,見送り,見送り,見送り,13632.88,14050.46,15170.0,15253.52,15711.12,13090.6,19579.35,0,0.0,0.0,2.86,B,見送り,-4.38,49.04,+0.24σ,0.81,False,データなし,3.0,0,-9.0,0,0.0,強いリスクオフ・通常の25%,反転条件の完成待ち。ファンダメンタル=データ不足、RSI 49.0、出来高 0.81倍、BB +0.24σ,方式別実績はサンプル蓄積中。市場=強いリスクオフ、ニュース重大度と300万円の損失・投入・現金・保有数制約を適用,強いリスクオフのため新規主力買い停止,0.0,0.0,3.0,374,374,信用需給は判定不能,信用データがデータなし、または売残0で信用倍率を算出不能,データ不足,False,公式取得元または参照先なし,データなし,データなし,データなし,データなし,データなし,データなし,データなし,データなし,データなし,評価不能,評価不能,,評価不能,,データなし,データなし,データなし,データなし,データ不足,公式取得元または参照先なし,,,データなし,データなし,データなし,,,,,,,,,,,,,,,,
8410,セブン銀行,見送り,見送り,見送り,310.65,314.67,341.9,342.7,352.99,303.17,421.77,0,0.0,0.0,2.66,B,見送り,-4.38,67.55,+1.42σ,0.81,False,データなし,3.0,0,-9.0,0,0.0,強いリスクオフ・通常の25%,反転条件の完成待ち。ファンダメンタル=データ不足、RSI 67.5、出来高 0.81倍、BB +1.42σ,方式別実績はサンプル蓄積中。市場=強いリスクオフ、ニュース重大度と300万円の損失・投入・現金・保有数制約を適用,強いリスクオフのため新規主力買い停止,0.0,0.0,3.0,374,374,信用需給は判定不能,信用データがデータなし、または売残0で信用倍率を算出不能,データ不足,False,公式取得元または参照先なし,データなし,データなし,データなし,データなし,データなし,データなし,データなし,データなし,データなし,評価不能,評価不能,,評価不能,,データなし,データなし,データなし,データなし,データ不足,公式取得元または参照先なし,,,データなし,データなし,データなし,,,,,,,,,,,,,,,,
4095,日本パーカライジング,見送り,見送り,見送り,1652.17,1667.73,1743.0,1746.11,1798.5,1631.19,1975.96,0,0.0,0.0,2.39,B,見送り,-4.4,62.49,+1.54σ,0.8,False,データなし,3.0,0,-9.0,0,0.0,強いリスクオフ・通常の25%,反転条件の完成待ち。ファンダメンタル=データ不足、RSI 62.5、出来高 0.80倍、BB +1.54σ,方式別実績はサンプル蓄積中。市場=強いリスクオフ、ニュース重大度と300万円の損失・投入・現金・保有数制約を適用,強いリスクオフのため新規主力買い停止,0.0,0.0,3.0,374,374,信用需給は判定不能,信用データがデータなし、または売残0で信用倍率を算出不能,データ不足,False,公式取得元または参照先なし,データなし,データなし,データなし,データなし,データなし,データなし,データなし,データなし,データなし,評価不能,評価不能,,評価不能,,データなし,データなし,データなし,データなし,データ不足,公式取得元または参照先なし,,,データなし,データなし,データなし,,,,,,,,,,,,,,,,
4676,フジ・メディア・ホールディングス,見送り,見送り,見送り,3964.98,4020.91,4167.0,4178.19,4303.53,3903.15,4728.26,0,0.0,0.0,3.13,B,見送り,-4.4,51.97,+0.23σ,0.8,False,データなし,3.0,0,-9.0,0,0.0,強いリスクオフ・通常の25%,反転条件の完成待ち。ファンダメンタル=データ不足、RSI 52.0、出来高 0.80倍、BB +0.23σ,方式別実績はサンプル蓄積中。市場=強いリスクオフ、ニュース重大度と300万円の損失・投入・現金・保有数制約を適用,強いリスクオフのため新規主力買い停止,0.0,0.0,3.0,374,374,信用需給は判定不能,信用データがデータなし、または売残0で信用倍率を算出不能,データ不足,False,公式取得元または参照先なし,データなし,データなし,データなし,データなし,データなし,データなし,データなし,データなし,データなし,評価不能,評価不能,,評価不能,,データなし,データなし,データなし,データなし,データ不足,公式取得元または参照先なし,,,データなし,データなし,データなし,,,,,,,,,,,,,,,,
8425,みずほリース,見送り,見送り,見送り,1315.28,1326.6,1364.0,1366.27,1407.25,1302.14,1494.52,0,0.0,0.0,2.86,B,見送り,-4.4,56.59,+0.65σ,0.8,False,データなし,3.0,0,-9.0,0,0.0,強いリスクオフ・通常の25%,反転条件の完成待ち。ファンダメンタル=データ不足、RSI 56.6、出来高 0.80倍、BB +0.65σ,方式別実績はサンプル蓄積中。市場=強いリスクオフ、ニュース重大度と300万円の損失・投入・現金・保有数制約を適用,強いリスクオフのため新規主力買い停止,0.0,0.0,3.0,374,374,信用需給は判定不能,信用データがデータなし、または売残0で信用倍率を算出不能,データ不足,False,公式取得元または参照先なし,データなし,データなし,データなし,データなし,データなし,データなし,データなし,データなし,データなし,評価不能,評価不能,,評価不能,,データなし,データなし,データなし,データなし,データ不足,公式取得元または参照先なし,,,データなし,データなし,データなし,,,,,,,,,,,,,,,,
8729,ソニーフィナンシャルグループ,見送り,見送り,見送り,152.71,154.49,158.2,158.56,163.31,151.0,173.67,400,62240.0,1839.9999999999977,3.93,B,見送り,-4.4,53.67,-0.23σ,0.8,False,データなし,3.0,0,-9.0,0,0.0,強いリスクオフ・通常の25%,反転条件の完成待ち。ファンダメンタル=データ不足、RSI 53.7、出来高 0.80倍、BB -0.23σ,方式別実績はサンプル蓄積中。市場=強いリスクオフ、ニュース重大度と300万円の損失・投入・現金・保有数制約を適用,強いリスクオフのため新規主力買い停止,0.0,0.0,3.0,374,374,信用需給は判定不能,信用データがデータなし、または売残0で信用倍率を算出不能,データ不足,False,公式取得元または参照先なし,データなし,データなし,データなし,データなし,データなし,データなし,データなし,データなし,データなし,評価不能,評価不能,,評価不能,,データなし,データなし,データなし,データなし,データ不足,公式取得元または参照先なし,,,データなし,データなし,データなし,,,,,,,,,,,,,,,,
7278,エクセディ,見送り,見送り,見送り,5893.65,5940.81,6220.0,6229.43,6416.31,5810.97,7066.35,0,0.0,0.0,2.31,B,見送り,-4.42,62.67,+1.57σ,0.79,False,データなし,3.0,0,-9.0,0,0.0,強いリスクオフ・通常の25%,反転条件の完成待ち。ファンダメンタル=データ不足、RSI 62.7、出来高 0.79倍、BB +1.57σ,方式別実績はサンプル蓄積中。市場=強いリスクオフ、ニュース重大度と300万円の損失・投入・現金・保有数制約を適用,強いリスクオフのため新規主力買い停止,0.0,0.0,3.0,374,374,信用需給は判定不能,信用データがデータなし、または売残0で信用倍率を算出不能,データ不足,False,公式取得元または参照先なし,データなし,データなし,データなし,データなし,データなし,データなし,データなし,データなし,データなし,評価不能,評価不能,,評価不能,,データなし,データなし,データなし,データなし,データ不足,公式取得元または参照先なし,,,データなし,データなし,データなし,,,,,,,,,,,,,,,,
8522,名古屋銀行,見送り,見送り,見送り,6335.09,6456.53,7010.0,7034.29,7245.32,6187.62,8727.63,0,0.0,0.0,3.15,B,見送り,-4.42,58.69,+0.94σ,0.79,False,データなし,3.0,0,-9.0,0,0.0,強いリスクオフ・通常の25%,反転条件の完成待ち。ファンダメンタル=データ不足、RSI 58.7、出来高 0.79倍、BB +0.94σ,方式別実績はサンプル蓄積中。市場=強いリスクオフ、ニュース重大度と300万円の損失・投入・現金・保有数制約を適用,強いリスクオフのため新規主力買い停止,0.0,0.0,3.0,374,374,信用需給は判定不能,信用データがデータなし、または売残0で信用倍率を算出不能,データ不足,False,公式取得元または参照先なし,データなし,データなし,データなし,データなし,データなし,データなし,データなし,データなし,データなし,評価不能,評価不能,,評価不能,,データなし,データなし,データなし,データなし,データ不足,公式取得元または参照先なし,,,データなし,データなし,データなし,,,,,,,,,,,,,,,,
1719,安藤・間,見送り,見送り,見送り,1801.33,1818.37,1916.0,1919.41,1976.99,1781.05,2196.12,0,0.0,0.0,2.4,C,見送り,-4.44,69.23,+2.23σ,0.78,False,データなし,3.0,0,-9.0,0,0.0,強いリスクオフ・通常の25%,急騰済みを最優先して除外。ファンダメンタル=データ不足、RSI 69.2、出来高 0.78倍、BB +2.23σ,方式別実績はサンプル蓄積中。市場=強いリスクオフ、ニュース重大度と300万円の損失・投入・現金・保有数制約を適用,強いリスクオフのため新規主力買い停止,0.0,0.0,3.0,374,374,信用需給は判定不能,信用データがデータなし、または売残0で信用倍率を算出不能,データ不足,False,公式取得元または参照先なし,データなし,データなし,データなし,データなし,データなし,データなし,データなし,データなし,データなし,評価不能,評価不能,,評価不能,,データなし,データなし,データなし,データなし,データ不足,公式取得元または参照先なし,,,データなし,データなし,データなし,,,,,,,,,,,,,,,,
6521,オキサイド,見送り,見送り,見送り,2909.05,3025.49,3585.0,3608.29,3724.73,2748.74,5327.39,0,0.0,0.0,3.08,B,見送り,-4.44,46.38,+0.89σ,0.78,False,データなし,3.0,0,-9.0,0,0.0,強いリスクオフ・通常の25%,反転条件の完成待ち。ファンダメンタル=データ不足、RSI 46.4、出来高 0.78倍、BB +0.89σ,方式別実績はサンプル蓄積中。市場=強いリスクオフ、ニュース重大度と300万円の損失・投入・現金・保有数制約を適用,強いリスクオフのため新規主力買い停止,0.0,0.0,3.0,374,374,信用需給は判定不能,信用データがデータなし、または売残0で信用倍率を算出不能,データ不足,False,公式取得元または参照先なし,データなし,データなし,データなし,データなし,データなし,データなし,データなし,データなし,データなし,評価不能,評価不能,,評価不能,,データなし,データなし,データなし,データなし,データ不足,公式取得元または参照先なし,,,データなし,データなし,データなし,,,,,,,,,,,,,,,,
4554,富士製薬工業,見送り,見送り,見送り,1809.93,1836.0,1855.0,1860.36,1916.17,1756.0,2069.07,0,0.0,0.0,2.91,B,見送り,-4.46,42.2,-0.66σ,0.77,False,データなし,3.0,0,-9.0,0,0.0,強いリスクオフ・通常の25%,反転条件の完成待ち。ファンダメンタル=データ不足、RSI 42.2、出来高 0.77倍、BB -0.66σ,方式別実績はサンプル蓄積中。市場=強いリスクオフ、ニュース重大度と300万円の損失・投入・現金・保有数制約を適用,強いリスクオフのため新規主力買い停止,0.0,0.0,3.0,374,374,信用需給は判定不能,信用データがデータなし、または売残0で信用倍率を算出不能,データ不足,False,公式取得元または参照先なし,データなし,データなし,データなし,データなし,データなし,データなし,データなし,データなし,データなし,評価不能,評価不能,,評価不能,,データなし,データなし,データなし,データなし,データ不足,公式取得元または参照先なし,,,データなし,データなし,データなし,,,,,,,,,,,,,,,,
9031,西日本鉄道,見送り,見送り,見送り,2972.15,3004.89,3065.0,3071.55,3163.69,2900.38,3413.88,0,0.0,0.0,3.26,B,見送り,-4.46,49.26,-0.63σ,0.77,False,データなし,3.0,0,-9.0,0,0.0,強いリスクオフ・通常の25%,反転条件の完成待ち。ファンダメンタル=データ不足、RSI 49.3、出来高 0.77倍、BB -0.63σ,方式別実績はサンプル蓄積中。市場=強いリスクオフ、ニュース重大度と300万円の損失・投入・現金・保有数制約を適用,強いリスクオフのため新規主力買い停止,0.0,0.0,3.0,374,374,信用需給は判定不能,信用データがデータなし、または売残0で信用倍率を算出不能,データ不足,False,公式取得元または参照先なし,データなし,データなし,データなし,データなし,データなし,データなし,データなし,データなし,データなし,評価不能,評価不能,,評価不能,,データなし,データなし,データなし,データなし,データ不足,公式取得元または参照先なし,,,データなし,データなし,データなし,,,,,,,,,,,,,,,,
3863,日本製紙,見送り,見送り,見送り,1323.32,1338.0,1441.0,1446.87,1490.28,1279.42,1781.78,0,0.0,0.0,7.58,B,見送り,-4.5,43.74,-1.22σ,0.75,False,データなし,3.0,0,-9.0,0,0.0,強いリスクオフ・通常の25%,反転条件の完成待ち。ファンダメンタル=データ不足、RSI 43.7、出来高 0.75倍、BB -1.22σ,方式別実績はサンプル蓄積中。市場=強いリスクオフ、ニュース重大度と300万円の損失・投入・現金・保有数制約を適用,強いリスクオフのため新規主力買い停止,0.0,0.0,3.0,374,374,信用需給は判定不能,信用データがデータなし、または売残0で信用倍率を算出不能,データ不足,False,公式取得元または参照先なし,データなし,データなし,データなし,データなし,データなし,データなし,データなし,データなし,データなし,評価不能,評価不能,,評価不能,,データなし,データなし,データなし,データなし,データ不足,公式取得元または参照先なし,,,データなし,データなし,データなし,,,,,,,,,,,,,,,,
8411,みずほフィナンシャルグループ,見送り,見送り,見送り,8036.39,8174.03,8819.0,8846.53,9111.92,7839.02,10861.55,0,0.0,0.0,3.37,B,見送り,-4.52,54.75,+0.60σ,0.74,False,データなし,3.0,0,-9.0,0,0.0,強いリスクオフ・通常の25%,反転条件の完成待ち。ファンダメンタル=データ不足、RSI 54.8、出来高 0.74倍、BB +0.60σ,方式別実績はサンプル蓄積中。市場=強いリスクオフ、ニュース重大度と300万円の損失・投入・現金・保有数制約を適用,強いリスクオフのため新規主力買い停止,0.0,0.0,3.0,374,374,信用需給は判定不能,信用データがデータなし、または売残0で信用倍率を算出不能,データ不足,False,公式取得元または参照先なし,データなし,データなし,データなし,データなし,データなし,データなし,データなし,データなし,データなし,評価不能,評価不能,,評価不能,,データなし,データなし,データなし,データなし,データ不足,公式取得元または参照先なし,,,データなし,データなし,データなし,,,,,,,,,,,,,,,,
3046,ジンズホールディングス,見送り,見送り,見送り,6334.65,6440.0,6660.0,6689.79,6890.48,6242.27,7584.83,0,0.0,0.0,5.79,B,見送り,-4.54,43.41,-0.82σ,0.73,False,データなし,3.0,0,-9.0,0,0.0,強いリスクオフ・通常の25%,反転条件の完成待ち。ファンダメンタル=データ不足、RSI 43.4、出来高 0.73倍、BB -0.82σ,方式別実績はサンプル蓄積中。市場=強いリスクオフ、ニュース重大度と300万円の損失・投入・現金・保有数制約を適用,強いリスクオフのため新規主力買い停止,0.0,0.0,3.0,374,374,信用需給は判定不能,信用データがデータなし、または売残0で信用倍率を算出不能,データ不足,False,公式取得元または参照先なし,データなし,データなし,データなし,データなし,データなし,データなし,データなし,データなし,データなし,評価不能,評価不能,,評価不能,,データなし,データなし,データなし,データなし,データ不足,公式取得元または参照先なし,,,データなし,データなし,データなし,,,,,,,,,,,,,,,,
3333,あさひ,見送り,見送り,見送り,1314.2,1326.28,1375.0,1377.41,1418.74,1297.18,1537.88,0,0.0,0.0,2.26,B,見送り,-4.54,60.25,+1.20σ,0.73,False,データなし,3.0,0,-9.0,0,0.0,強いリスクオフ・通常の25%,反転条件の完成待ち。ファンダメンタル=データ不足、RSI 60.2、出来高 0.73倍、BB +1.20σ,方式別実績はサンプル蓄積中。市場=強いリスクオフ、ニュース重大度と300万円の損失・投入・現金・保有数制約を適用,強いリスクオフのため新規主力買い停止,0.0,0.0,3.0,374,374,信用需給は判定不能,信用データがデータなし、または売残0で信用倍率を算出不能,データ不足,False,公式取得元または参照先なし,データなし,データなし,データなし,データなし,データなし,データなし,データなし,データなし,データなし,評価不能,評価不能,,評価不能,,データなし,データなし,データなし,データなし,データ不足,公式取得元または参照先なし,,,データなし,データなし,データなし,,,,,,,,,,,,,,,,
4373,シンプレクス・ホールディングス,見送り,見送り,見送り,1053.83,1075.45,1182.0,1186.33,1221.91,1021.28,1516.42,0,0.0,0.0,2.97,B,見送り,-4.54,59.2,+0.88σ,0.73,False,データなし,3.0,0,-9.0,0,0.0,強いリスクオフ・通常の25%,反転条件の完成待ち。ファンダメンタル=データ不足、RSI 59.2、出来高 0.73倍、BB +0.88σ,方式別実績はサンプル蓄積中。市場=強いリスクオフ、ニュース重大度と300万円の損失・投入・現金・保有数制約を適用,強いリスクオフのため新規主力買い停止,0.0,0.0,3.0,374,374,信用需給は判定不能,信用データがデータなし、または売残0で信用倍率を算出不能,データ不足,False,公式取得元または参照先なし,データなし,データなし,データなし,データなし,データなし,データなし,データなし,データなし,データなし,評価不能,評価不能,,評価不能,,データなし,データなし,データなし,データなし,データ不足,公式取得元または参照先なし,,,データなし,データなし,データなし,,,,,,,,,,,,,,,,
8252,丸井グループ,見送り,見送り,見送り,2884.47,2914.13,2993.5,2999.43,3089.41,2840.97,3316.36,0,0.0,0.0,3.59,B,見送り,-4.56,50.43,-0.23σ,0.72,False,データなし,3.0,0,-9.0,0,0.0,強いリスクオフ・通常の25%,反転条件の完成待ち。ファンダメンタル=データ不足、RSI 50.4、出来高 0.72倍、BB -0.23σ,方式別実績はサンプル蓄積中。市場=強いリスクオフ、ニュース重大度と300万円の損失・投入・現金・保有数制約を適用,強いリスクオフのため新規主力買い停止,0.0,0.0,3.0,374,374,信用需給は判定不能,信用データがデータなし、または売残0で信用倍率を算出不能,データ不足,False,公式取得元または参照先なし,データなし,データなし,データなし,データなし,データなし,データなし,データなし,データなし,データなし,評価不能,評価不能,,評価不能,,データなし,データなし,データなし,データなし,データ不足,公式取得元または参照先なし,,,データなし,データなし,データなし,,,,,,,,,,,,,,,,
2175,エス・エム・エス,見送り,見送り,見送り,2211.1,2252.62,2361.0,2369.3,2440.38,2144.01,2819.89,0,0.0,0.0,3.76,B,見送り,-4.58,49.65,-0.38σ,0.71,False,データなし,3.0,0,-9.0,0,0.0,強いリスクオフ・通常の25%,反転条件の完成待ち。ファンダメンタル=データ不足、RSI 49.6、出来高 0.71倍、BB -0.38σ,方式別実績はサンプル蓄積中。市場=強いリスクオフ、ニュース重大度と300万円の損失・投入・現金・保有数制約を適用,強いリスクオフのため新規主力買い停止,0.0,0.0,3.0,374,374,信用需給は判定不能,信用データがデータなし、または売残0で信用倍率を算出不能,データ不足,False,公式取得元または参照先なし,データなし,データなし,データなし,データなし,データなし,データなし,データなし,データなし,データなし,評価不能,評価不能,,評価不能,,データなし,データなし,データなし,データなし,データ不足,公式取得元または参照先なし,,,データなし,データなし,データなし,,,,,,,,,,,,,,,,
1822,大豊建設,見送り,見送り,見送り,771.19,777.99,816.0,817.36,841.88,763.03,926.02,0,0.0,0.0,2.62,B,見送り,-4.6,62.65,+1.89σ,1.2,False,データなし,2.0,0,-9.0,0,0.0,強いリスクオフ・通常の25%,反転条件の完成待ち。ファンダメンタル=データ不足、RSI 62.6、出来高 1.20倍、BB +1.89σ,方式別実績はサンプル蓄積中。市場=強いリスクオフ、ニュース重大度と300万円の損失・投入・現金・保有数制約を適用,強いリスクオフのため新規主力買い停止,0.0,0.0,2.0,521,521,信用需給は判定不能,信用データがデータなし、または売残0で信用倍率を算出不能,データ不足,False,公式取得元または参照先なし,データなし,データなし,データなし,データなし,データなし,データなし,データなし,データなし,データなし,評価不能,評価不能,,評価不能,,データなし,データなし,データなし,データなし,データ不足,公式取得元または参照先なし,,,データなし,データなし,データなし,,,,,,,,,,,,,,,,
2931,ユーグレナ,見送り,見送り,見送り,333.63,338.67,360.0,361.01,371.84,327.6,427.82,100,35300.0,2539.9999999999977,2.95,B,見送り,-4.6,54.96,+0.97σ,0.7,False,データなし,3.0,0,-9.0,0,0.0,強いリスクオフ・通常の25%,反転条件の完成待ち。ファンダメンタル=データ不足、RSI 55.0、出来高 0.70倍、BB +0.97σ,方式別実績はサンプル蓄積中。市場=強いリスクオフ、ニュース重大度と300万円の損失・投入・現金・保有数制約を適用,強いリスクオフのため新規主力買い停止,0.0,0.0,3.0,374,374,信用需給は判定不能,信用データがデータなし、または売残0で信用倍率を算出不能,データ不足,False,公式取得元または参照先なし,データなし,データなし,データなし,データなし,データなし,データなし,データなし,データなし,データなし,評価不能,評価不能,,評価不能,,データなし,データなし,データなし,データなし,データ不足,公式取得元または参照先なし,,,データなし,データなし,データなし,,,,,,,,,,,,,,,,
5957,日東精工,見送り,見送り,見送り,762.87,771.19,788.0,789.67,813.36,749.0,871.0,0,0.0,0.0,2.49,B,見送り,-4.64,52.0,+0.49σ,0.68,False,データなし,3.0,0,-9.0,0,0.0,強いリスクオフ・通常の25%,反転条件の完成待ち。ファンダメンタル=データ不足、RSI 52.0、出来高 0.68倍、BB +0.49σ,方式別実績はサンプル蓄積中。市場=強いリスクオフ、ニュース重大度と300万円の損失・投入・現金・保有数制約を適用,強いリスクオフのため新規主力買い停止,0.0,0.0,3.0,374,374,信用需給は判定不能,信用データがデータなし、または売残0で信用倍率を算出不能,データ不足,False,公式取得元または参照先なし,データなし,データなし,データなし,データなし,データなし,データなし,データなし,データなし,データなし,評価不能,評価不能,,評価不能,,データなし,データなし,データなし,データなし,データ不足,公式取得元または参照先なし,,,データなし,データなし,データなし,,,,,,,,,,,,,,,,
8614,東洋証券,見送り,見送り,見送り,656.81,664.67,698.0,699.57,720.56,650.83,797.06,0,0.0,0.0,3.85,B,見送り,-4.64,58.78,+1.04σ,0.68,False,データなし,3.0,0,-9.0,0,0.0,強いリスクオフ・通常の25%,反転条件の完成待ち。ファンダメンタル=データ不足、RSI 58.8、出来高 0.68倍、BB +1.04σ,方式別実績はサンプル蓄積中。市場=強いリスクオフ、ニュース重大度と300万円の損失・投入・現金・保有数制約を適用,強いリスクオフのため新規主力買い停止,0.0,0.0,3.0,374,374,信用需給は判定不能,信用データがデータなし、または売残0で信用倍率を算出不能,データ不足,False,公式取得元または参照先なし,データなし,データなし,データなし,データなし,データなし,データなし,データなし,データなし,データなし,評価不能,評価不能,,評価不能,,データなし,データなし,データなし,データなし,データ不足,公式取得元または参照先なし,,,データなし,データなし,データなし,,,,,,,,,,,,,,,,
4641,アルプス技研,見送り,見送り,見送り,799.69,808.74,842.0,843.81,869.12,787.56,956.31,0,0.0,0.0,2.8,B,見送り,-4.66,57.54,+0.67σ,0.67,False,データなし,3.0,0,-9.0,0,0.0,強いリスクオフ・通常の25%,反転条件の完成待ち。ファンダメンタル=データ不足、RSI 57.5、出来高 0.67倍、BB +0.67σ,方式別実績はサンプル蓄積中。市場=強いリスクオフ、ニュース重大度と300万円の損失・投入・現金・保有数制約を適用,強いリスクオフのため新規主力買い停止,0.0,0.0,3.0,374,374,信用需給は判定不能,信用データがデータなし、または売残0で信用倍率を算出不能,データ不足,False,公式取得元または参照先なし,データなし,データなし,データなし,データなし,データなし,データなし,データなし,データなし,データなし,評価不能,評価不能,,評価不能,,データなし,データなし,データなし,データなし,データ不足,公式取得元または参照先なし,,,データなし,データなし,データなし,,,,,,,,,,,,,,,,
8334,群馬銀行,見送り,見送り,見送り,2483.12,2519.34,2788.0,2795.24,2879.1,2412.77,3560.19,0,0.0,0.0,2.29,B,見送り,-4.66,67.81,+1.94σ,0.67,False,データなし,3.0,0,-9.0,0,0.0,強いリスクオフ・通常の25%,反転条件の完成待ち。ファンダメンタル=データ不足、RSI 67.8、出来高 0.67倍、BB +1.94σ,方式別実績はサンプル蓄積中。市場=強いリスクオフ、ニュース重大度と300万円の損失・投入・現金・保有数制約を適用,強いリスクオフのため新規主力買い停止,0.0,0.0,3.0,374,374,信用需給は判定不能,信用データがデータなし、または売残0で信用倍率を算出不能,データ不足,False,公式取得元または参照先なし,データなし,データなし,データなし,データなし,データなし,データなし,データなし,データなし,データなし,評価不能,評価不能,,評価不能,,データなし,データなし,データなし,データなし,データ不足,公式取得元または参照先なし,,,データなし,データなし,データなし,,,,,,,,,,,,,,,,
9759,ＮＳＤ,見送り,見送り,見送り,2665.17,2700.29,2844.0,2851.02,2936.55,2598.16,3356.75,0,0.0,0.0,3.36,B,見送り,-4.66,53.7,+0.06σ,0.67,False,データなし,3.0,0,-9.0,0,0.0,強いリスクオフ・通常の25%,反転条件の完成待ち。ファンダメンタル=データ不足、RSI 53.7、出来高 0.67倍、BB +0.06σ,方式別実績はサンプル蓄積中。市場=強いリスクオフ、ニュース重大度と300万円の損失・投入・現金・保有数制約を適用,強いリスクオフのため新規主力買い停止,0.0,0.0,3.0,374,374,信用需給は判定不能,信用データがデータなし、または売残0で信用倍率を算出不能,データ不足,False,公式取得元または参照先なし,データなし,データなし,データなし,データなし,データなし,データなし,データなし,データなし,データなし,評価不能,評価不能,,評価不能,,データなし,データなし,データなし,データなし,データ不足,公式取得元または参照先なし,,,データなし,データなし,データなし,,,,,,,,,,,,,,,,
5889,Ｊａｐａｎ　Ｅｙｅｗｅａｒ　Ｈｏｌｄｉｎｇｓ,見送り,見送り,見送り,2393.39,2433.07,2627.0,2634.94,2713.98,2342.12,3220.57,0,0.0,0.0,3.53,B,見送り,-4.68,56.57,+0.73σ,1.16,False,データなし,2.0,0,-9.0,0,0.0,強いリスクオフ・通常の25%,反転条件の完成待ち。ファンダメンタル=データ不足、RSI 56.6、出来高 1.16倍、BB +0.73σ,方式別実績はサンプル蓄積中。市場=強いリスクオフ、ニュース重大度と300万円の損失・投入・現金・保有数制約を適用,強いリスクオフのため新規主力買い停止,0.0,0.0,2.0,521,521,信用需給は判定不能,信用データがデータなし、または売残0で信用倍率を算出不能,データ不足,False,公式取得元または参照先なし,データなし,データなし,データなし,データなし,データなし,データなし,データなし,データなし,データなし,評価不能,評価不能,,評価不能,,データなし,データなし,データなし,データなし,データ不足,公式取得元または参照先なし,,,データなし,データなし,データなし,,,,,,,,,,,,,,,,
6479,ミネベアミツミ,見送り,見送り,見送り,3607.11,3697.43,3871.0,3889.07,4005.74,3516.1,4635.0,0,0.0,0.0,4.21,B,見送り,-4.68,42.72,-0.42σ,0.66,False,データなし,3.0,0,-9.0,0,0.0,強いリスクオフ・通常の25%,反転条件の完成待ち。ファンダメンタル=データ不足、RSI 42.7、出来高 0.66倍、BB -0.42σ,方式別実績はサンプル蓄積中。市場=強いリスクオフ、ニュース重大度と300万円の損失・投入・現金・保有数制約を適用,強いリスクオフのため新規主力買い停止,0.0,0.0,3.0,374,374,信用需給は判定不能,信用データがデータなし、または売残0で信用倍率を算出不能,データ不足,False,公式取得元または参照先なし,データなし,データなし,データなし,データなし,データなし,データなし,データなし,データなし,データなし,評価不能,評価不能,,評価不能,,データなし,データなし,データなし,データなし,データ不足,公式取得元または参照先なし,,,データなし,データなし,データなし,,,,,,,,,,,,,,,,
6814,古野電気,見送り,見送り,見送り,7102.08,7270.26,8090.0,8123.64,8367.35,6877.85,10615.21,0,0.0,0.0,2.59,B,見送り,-4.68,62.36,+1.38σ,0.66,False,データなし,3.0,0,-9.0,0,0.0,強いリスクオフ・通常の25%,反転条件の完成待ち。ファンダメンタル=データ不足、RSI 62.4、出来高 0.66倍、BB +1.38σ,方式別実績はサンプル蓄積中。市場=強いリスクオフ、ニュース重大度と300万円の損失・投入・現金・保有数制約を適用,強いリスクオフのため新規主力買い停止,0.0,0.0,3.0,374,374,信用需給は判定不能,信用データがデータなし、または売残0で信用倍率を算出不能,データ不足,False,公式取得元または参照先なし,データなし,データなし,データなし,データなし,データなし,データなし,データなし,データなし,データなし,評価不能,評価不能,,評価不能,,データなし,データなし,データなし,データなし,データ不足,公式取得元または参照先なし,,,データなし,データなし,データなし,,,,,,,,,,,,,,,,
8308,りそなホールディングス,見送り,見送り,見送り,2204.33,2242.99,2533.0,2540.73,2616.95,2137.5,3347.2,0,0.0,0.0,2.52,B,見送り,-4.68,64.38,+1.99σ,0.66,False,データなし,3.0,0,-9.0,0,0.0,強いリスクオフ・通常の25%,反転条件の完成待ち。ファンダメンタル=データ不足、RSI 64.4、出来高 0.66倍、BB +1.99σ,方式別実績はサンプル蓄積中。市場=強いリスクオフ、ニュース重大度と300万円の損失・投入・現金・保有数制約を適用,強いリスクオフのため新規主力買い停止,0.0,0.0,3.0,374,374,信用需給は判定不能,信用データがデータなし、または売残0で信用倍率を算出不能,データ不足,False,公式取得元または参照先なし,データなし,データなし,データなし,データなし,データなし,データなし,データなし,データなし,データなし,評価不能,評価不能,,評価不能,,データなし,データなし,データなし,データなし,データ不足,公式取得元または参照先なし,,,データなし,データなし,データなし,,,,,,,,,,,,,,,,
8584,ジャックス,見送り,見送り,見送り,3666.19,3699.85,3800.0,3806.73,3920.93,3622.54,4175.11,0,0.0,0.0,3.34,B,見送り,-4.7,53.87,+0.11σ,0.65,False,データなし,3.0,0,-9.0,0,0.0,強いリスクオフ・通常の25%,反転条件の完成待ち。ファンダメンタル=データ不足、RSI 53.9、出来高 0.65倍、BB +0.11σ,方式別実績はサンプル蓄積中。市場=強いリスクオフ、ニュース重大度と300万円の損失・投入・現金・保有数制約を適用,強いリスクオフのため新規主力買い停止,0.0,0.0,3.0,374,374,信用需給は判定不能,信用データがデータなし、または売残0で信用倍率を算出不能,データ不足,False,公式取得元または参照先なし,データなし,データなし,データなし,データなし,データなし,データなし,データなし,データなし,データなし,評価不能,評価不能,,評価不能,,データなし,データなし,データなし,データなし,データ不足,公式取得元または参照先なし,,,データなし,データなし,データなし,,,,,,,,,,,,,,,,
9434,ソフトバンク,見送り,見送り,見送り,221.03,223.51,237.2,237.69,244.83,216.95,279.19,100,23490.0,1795.0000000000018,2.47,B,見送り,-4.7,63.1,+1.38σ,0.65,False,データなし,3.0,0,-9.0,0,0.0,強いリスクオフ・通常の25%,反転条件の完成待ち。ファンダメンタル=データ不足、RSI 63.1、出来高 0.65倍、BB +1.38σ,方式別実績はサンプル蓄積中。市場=強いリスクオフ、ニュース重大度と300万円の損失・投入・現金・保有数制約を適用,強いリスクオフのため新規主力買い停止,0.0,0.0,3.0,374,374,信用需給は判定不能,信用データがデータなし、または売残0で信用倍率を算出不能,データ不足,False,公式取得元または参照先なし,データなし,データなし,データなし,データなし,データなし,データなし,データなし,データなし,データなし,評価不能,評価不能,,評価不能,,データなし,データなし,データなし,データなし,データ不足,公式取得元または参照先なし,,,データなし,データなし,データなし,,,,,,,,,,,,,,,,
7701,島津製作所,見送り,見送り,見送り,4042.45,4095.82,4271.0,4281.67,4410.12,4001.02,4842.98,0,0.0,0.0,4.43,B,見送り,-4.72,52.58,+0.28σ,0.64,False,データなし,3.0,0,-9.0,0,0.0,強いリスクオフ・通常の25%,反転条件の完成待ち。ファンダメンタル=データ不足、RSI 52.6、出来高 0.64倍、BB +0.28σ,方式別実績はサンプル蓄積中。市場=強いリスクオフ、ニュース重大度と300万円の損失・投入・現金・保有数制約を適用,強いリスクオフのため新規主力買い停止,0.0,0.0,3.0,374,374,信用需給は判定不能,信用データがデータなし、または売残0で信用倍率を算出不能,データ不足,False,公式取得元または参照先なし,データなし,データなし,データなし,データなし,データなし,データなし,データなし,データなし,データなし,評価不能,評価不能,,評価不能,,データなし,データなし,データなし,データなし,データ不足,公式取得元または参照先なし,,,データなし,データなし,データなし,,,,,,,,,,,,,,,,
8306,三菱ＵＦＪフィナンシャル・グループ,見送り,見送り,見送り,3498.67,3548.43,3742.0,3751.95,3864.51,3431.9,4392.06,0,0.0,0.0,3.42,B,見送り,-4.72,56.21,+0.37σ,0.64,False,データなし,3.0,0,-9.0,0,0.0,強いリスクオフ・通常の25%,反転条件の完成待ち。ファンダメンタル=データ不足、RSI 56.2、出来高 0.64倍、BB +0.37σ,方式別実績はサンプル蓄積中。市場=強いリスクオフ、ニュース重大度と300万円の損失・投入・現金・保有数制約を適用,強いリスクオフのため新規主力買い停止,0.0,0.0,3.0,374,374,信用需給は判定不能,信用データがデータなし、または売残0で信用倍率を算出不能,データ不足,False,公式取得元または参照先なし,データなし,データなし,データなし,データなし,データなし,データなし,データなし,データなし,データなし,評価不能,評価不能,,評価不能,,データなし,データなし,データなし,データなし,データ不足,公式取得元または参照先なし,,,データなし,データなし,データなし,,,,,,,,,,,,,,,,
9006,京浜急行電鉄,見送り,見送り,見送り,1500.9,1515.64,1525.5,1528.45,1574.3,1463.9,1657.54,0,0.0,0.0,2.72,B,見送り,-4.72,44.97,-0.83σ,0.64,False,データなし,3.0,0,-9.0,0,0.0,強いリスクオフ・通常の25%,反転条件の完成待ち。ファンダメンタル=データ不足、RSI 45.0、出来高 0.64倍、BB -0.83σ,方式別実績はサンプル蓄積中。市場=強いリスクオフ、ニュース重大度と300万円の損失・投入・現金・保有数制約を適用,強いリスクオフのため新規主力買い停止,0.0,0.0,3.0,374,374,信用需給は判定不能,信用データがデータなし、または売残0で信用倍率を算出不能,データ不足,False,公式取得元または参照先なし,データなし,データなし,データなし,データなし,データなし,データなし,データなし,データなし,データなし,評価不能,評価不能,,評価不能,,データなし,データなし,データなし,データなし,データ不足,公式取得元または参照先なし,,,データなし,データなし,データなし,,,,,,,,,,,,,,,,
3765,ガンホー・オンライン・エンターテイメント,見送り,見送り,見送り,2321.62,2352.49,2454.0,2460.17,2533.98,2278.8,2822.92,0,0.0,0.0,2.83,B,見送り,-4.74,55.11,+0.44σ,0.63,False,データなし,3.0,0,-9.0,0,0.0,強いリスクオフ・通常の25%,反転条件の完成待ち。ファンダメンタル=データ不足、RSI 55.1、出来高 0.63倍、BB +0.44σ,方式別実績はサンプル蓄積中。市場=強いリスクオフ、ニュース重大度と300万円の損失・投入・現金・保有数制約を適用,強いリスクオフのため新規主力買い停止,0.0,0.0,3.0,374,374,信用需給は判定不能,信用データがデータなし、または売残0で信用倍率を算出不能,データ不足,False,公式取得元または参照先なし,データなし,データなし,データなし,データなし,データなし,データなし,データなし,データなし,データなし,評価不能,評価不能,,評価不能,,データなし,データなし,データなし,データなし,データ不足,公式取得元または参照先なし,,,データなし,データなし,データなし,,,,,,,,,,,,,,,,
5659,日本精線,見送り,見送り,見送り,1327.53,1349.34,1458.0,1462.36,1506.23,1284.5,1818.09,0,0.0,0.0,2.48,B,見送り,-4.76,55.69,+0.85σ,0.62,False,データなし,3.0,0,-9.0,0,0.0,強いリスクオフ・通常の25%,反転条件の完成待ち。ファンダメンタル=データ不足、RSI 55.7、出来高 0.62倍、BB +0.85σ,方式別実績はサンプル蓄積中。市場=強いリスクオフ、ニュース重大度と300万円の損失・投入・現金・保有数制約を適用,強いリスクオフのため新規主力買い停止,0.0,0.0,3.0,374,374,信用需給は判定不能,信用データがデータなし、または売残0で信用倍率を算出不能,データ不足,False,公式取得元または参照先なし,データなし,データなし,データなし,データなし,データなし,データなし,データなし,データなし,データなし,評価不能,評価不能,,評価不能,,データなし,データなし,データなし,データなし,データ不足,公式取得元または参照先なし,,,データなし,データなし,データなし,,,,,,,,,,,,,,,,
6969,松尾電機,見送り,見送り,見送り,971.54,1020.72,1115.0,1124.84,1174.01,917.36,1539.79,0,0.0,0.0,2.67,C,見送り,-4.78,46.3,+0.15σ,0.61,False,データなし,3.0,0,-9.0,0,0.0,強いリスクオフ・通常の25%,急騰済みを最優先して除外。ファンダメンタル=データ不足、RSI 46.3、出来高 0.61倍、BB +0.15σ,方式別実績はサンプル蓄積中。市場=強いリスクオフ、ニュース重大度と300万円の損失・投入・現金・保有数制約を適用,強いリスクオフのため新規主力買い停止,0.0,0.0,3.0,374,374,信用需給は判定不能,信用データがデータなし、または売残0で信用倍率を算出不能,データ不足,False,公式取得元または参照先なし,データなし,データなし,データなし,データなし,データなし,データなし,データなし,データなし,データなし,評価不能,評価不能,,評価不能,,データなし,データなし,データなし,データなし,データ不足,公式取得元または参照先なし,,,データなし,データなし,データなし,,,,,,,,,,,,,,,,
8316,三井住友フィナンシャルグループ,見送り,見送り,見送り,6626.0,6717.44,7035.0,7053.29,7264.89,6479.64,8200.58,0,0.0,0.0,2.93,B,見送り,-4.8,54.44,+0.28σ,0.6,False,データなし,3.0,0,-9.0,0,0.0,強いリスクオフ・通常の25%,反転条件の完成待ち。ファンダメンタル=データ不足、RSI 54.4、出来高 0.60倍、BB +0.28σ,方式別実績はサンプル蓄積中。市場=強いリスクオフ、ニュース重大度と300万円の損失・投入・現金・保有数制約を適用,強いリスクオフのため新規主力買い停止,0.0,0.0,3.0,374,374,信用需給は判定不能,信用データがデータなし、または売残0で信用倍率を算出不能,データ不足,False,公式取得元または参照先なし,データなし,データなし,データなし,データなし,データなし,データなし,データなし,データなし,データなし,評価不能,評価不能,,評価不能,,データなし,データなし,データなし,データなし,データ不足,公式取得元または参照先なし,,,データなし,データなし,データなし,,,,,,,,,,,,,,,,
1662,石油資源開発,見送り,見送り,見送り,1694.36,1721.82,1845.0,1850.49,1906.01,1665.48,2220.52,0,0.0,0.0,2.59,B,見送り,-4.82,61.85,+1.63σ,0.59,False,データなし,3.0,0,-9.0,0,0.0,強いリスクオフ・通常の25%,出来高0.6倍未満のため主力不可。ファンダメンタル=データ不足、RSI 61.9、出来高 0.59倍、BB +1.63σ,方式別実績はサンプル蓄積中。市場=強いリスクオフ、ニュース重大度と300万円の損失・投入・現金・保有数制約を適用,強いリスクオフのため新規主力買い停止,0.0,0.0,3.0,374,374,信用需給は判定不能,信用データがデータなし、または売残0で信用倍率を算出不能,データ不足,False,公式取得元または参照先なし,データなし,データなし,データなし,データなし,データなし,データなし,データなし,データなし,データなし,評価不能,評価不能,,評価不能,,データなし,データなし,データなし,データなし,データ不足,公式取得元または参照先なし,,,データなし,データなし,データなし,,,,,,,,,,,,,,,,
7004,カナデビア,見送り,見送り,見送り,1174.18,1194.95,1266.0,1270.15,1308.26,1157.59,1495.28,0,0.0,0.0,2.86,B,見送り,-4.82,52.1,+1.24σ,0.59,False,データなし,3.0,0,-9.0,0,0.0,強いリスクオフ・通常の25%,出来高0.6倍未満のため主力不可。ファンダメンタル=データ不足、RSI 52.1、出来高 0.59倍、BB +1.24σ,方式別実績はサンプル蓄積中。市場=強いリスクオフ、ニュース重大度と300万円の損失・投入・現金・保有数制約を適用,強いリスクオフのため新規主力買い停止,0.0,0.0,3.0,374,374,信用需給は判定不能,信用データがデータなし、または売残0で信用倍率を算出不能,データ不足,False,公式取得元または参照先なし,データなし,データなし,データなし,データなし,データなし,データなし,データなし,データなし,データなし,評価不能,評価不能,,評価不能,,データなし,データなし,データなし,データなし,データ不足,公式取得元または参照先なし,,,データなし,データなし,データなし,,,,,,,,,,,,,,,,
7013,ＩＨＩ,見送り,見送り,見送り,2680.63,2745.61,3065.0,3078.0,3170.34,2608.65,4016.69,0,0.0,0.0,2.5,B,見送り,-4.82,60.55,+1.85σ,0.59,False,データなし,3.0,0,-9.0,0,0.0,強いリスクオフ・通常の25%,出来高0.6倍未満のため主力不可。ファンダメンタル=データ不足、RSI 60.5、出来高 0.59倍、BB +1.85σ,方式別実績はサンプル蓄積中。市場=強いリスクオフ、ニュース重大度と300万円の損失・投入・現金・保有数制約を適用,強いリスクオフのため新規主力買い停止,0.0,0.0,3.0,374,374,信用需給は判定不能,信用データがデータなし、または売残0で信用倍率を算出不能,データ不足,False,公式取得元または参照先なし,データなし,データなし,データなし,データなし,データなし,データなし,データなし,データなし,データなし,評価不能,評価不能,,評価不能,,データなし,データなし,データなし,データなし,データ不足,公式取得元または参照先なし,,,データなし,データなし,データなし,,,,,,,,,,,,,,,,
5911,横河ブリッジホールディングス,見送り,見送り,見送り,2902.76,2922.22,2976.0,2979.89,3069.29,2885.99,3167.69,0,0.0,0.0,2.86,B,見送り,-4.86,59.03,+0.75σ,0.57,False,データなし,3.0,0,-9.0,0,0.0,強いリスクオフ・通常の25%,出来高0.6倍未満のため主力不可。ファンダメンタル=データ不足、RSI 59.0、出来高 0.57倍、BB +0.75σ,方式別実績はサンプル蓄積中。市場=強いリスクオフ、ニュース重大度と300万円の損失・投入・現金・保有数制約を適用,強いリスクオフのため新規主力買い停止,0.0,0.0,3.0,374,374,信用需給は判定不能,信用データがデータなし、または売残0で信用倍率を算出不能,データ不足,False,公式取得元または参照先なし,データなし,データなし,データなし,データなし,データなし,データなし,データなし,データなし,データなし,評価不能,評価不能,,評価不能,,データなし,データなし,データなし,データなし,データ不足,公式取得元または参照先なし,,,データなし,データなし,データなし,,,,,,,,,,,,,,,,
4506,住友ファーマ,見送り,見送り,見送り,1246.96,1271.82,1395.0,1399.97,1441.97,1220.95,1758.01,0,0.0,0.0,2.99,B,見送り,-4.88,52.05,+1.50σ,0.56,False,データなし,3.0,0,-9.0,0,0.0,強いリスクオフ・通常の25%,出来高0.6倍未満のため主力不可。ファンダメンタル=データ不足、RSI 52.0、出来高 0.56倍、BB +1.50σ,方式別実績はサンプル蓄積中。市場=強いリスクオフ、ニュース重大度と300万円の損失・投入・現金・保有数制約を適用,強いリスクオフのため新規主力買い停止,0.0,0.0,3.0,374,374,信用需給は判定不能,信用データがデータなし、または売残0で信用倍率を算出不能,データ不足,False,公式取得元または参照先なし,データなし,データなし,データなし,データなし,データなし,データなし,データなし,データなし,データなし,評価不能,評価不能,,評価不能,,データなし,データなし,データなし,データなし,データ不足,公式取得元または参照先なし,,,データなし,データなし,データなし,,,,,,,,,,,,,,,,
8876,リログループ,見送り,見送り,見送り,1977.85,2003.39,2179.0,2184.11,2249.63,1921.49,2709.34,0,0.0,0.0,3.0,B,見送り,-4.9,57.47,+0.85σ,0.55,False,データなし,3.0,0,-9.0,0,0.0,強いリスクオフ・通常の25%,出来高0.6倍未満のため主力不可。ファンダメンタル=データ不足、RSI 57.5、出来高 0.55倍、BB +0.85σ,方式別実績はサンプル蓄積中。市場=強いリスクオフ、ニュース重大度と300万円の損失・投入・現金・保有数制約を適用,強いリスクオフのため新規主力買い停止,0.0,0.0,3.0,374,374,信用需給は判定不能,信用データがデータなし、または売残0で信用倍率を算出不能,データ不足,False,公式取得元または参照先なし,データなし,データなし,データなし,データなし,データなし,データなし,データなし,データなし,データなし,評価不能,評価不能,,評価不能,,データなし,データなし,データなし,データなし,データ不足,公式取得元または参照先なし,,,データなし,データなし,データなし,,,,,,,,,,,,,,,,
6971,京セラ,見送り,見送り,見送り,3587.55,3656.92,3981.0,3994.87,4114.72,3507.33,4969.96,0,0.0,0.0,3.01,B,見送り,-4.92,57.16,+1.17σ,0.54,False,データなし,3.0,0,-9.0,0,0.0,強いリスクオフ・通常の25%,出来高0.6倍未満のため主力不可。ファンダメンタル=データ不足、RSI 57.2、出来高 0.54倍、BB +1.17σ,方式別実績はサンプル蓄積中。市場=強いリスクオフ、ニュース重大度と300万円の損失・投入・現金・保有数制約を適用,強いリスクオフのため新規主力買い停止,0.0,0.0,3.0,374,374,信用需給は判定不能,信用データがデータなし、または売残0で信用倍率を算出不能,データ不足,False,公式取得元または参照先なし,データなし,データなし,データなし,データなし,データなし,データなし,データなし,データなし,データなし,評価不能,評価不能,,評価不能,,データなし,データなし,データなし,データなし,データ不足,公式取得元または参照先なし,,,データなし,データなし,データなし,,,,,,,,,,,,,,,,
2501,サッポロビール,見送り,見送り,見送り,1923.83,1952.0,2060.0,2068.48,2130.53,1881.48,2442.48,0,0.0,0.0,6.96,B,見送り,-4.96,47.7,-0.89σ,1.02,False,データなし,2.0,0,-9.0,0,0.0,強いリスクオフ・通常の25%,反転条件の完成待ち。ファンダメンタル=データ不足、RSI 47.7、出来高 1.02倍、BB -0.89σ,方式別実績はサンプル蓄積中。市場=強いリスクオフ、ニュース重大度と300万円の損失・投入・現金・保有数制約を適用,強いリスクオフのため新規主力買い停止,0.0,0.0,2.0,521,521,信用需給は判定不能,信用データがデータなし、または売残0で信用倍率を算出不能,データ不足,False,公式取得元または参照先なし,データなし,データなし,データなし,データなし,データなし,データなし,データなし,データなし,データなし,評価不能,評価不能,,評価不能,,データなし,データなし,データなし,データなし,データ不足,公式取得元または参照先なし,,,データなし,データなし,データなし,,,,,,,,,,,,,,,,
1419,タマホーム,見送り,見送り,見送り,2907.47,2936.06,2999.0,3004.72,3094.86,2868.21,3277.73,0,0.0,0.0,2.87,B,見送り,-4.98,50.03,-0.02σ,0.51,False,データなし,3.0,0,-9.0,0,0.0,強いリスクオフ・通常の25%,出来高0.6倍未満のため主力不可。ファンダメンタル=データ不足、RSI 50.0、出来高 0.51倍、BB -0.02σ,方式別実績はサンプル蓄積中。市場=強いリスクオフ、ニュース重大度と300万円の損失・投入・現金・保有数制約を適用,強いリスクオフのため新規主力買い停止,0.0,0.0,3.0,374,374,信用需給は判定不能,信用データがデータなし、または売残0で信用倍率を算出不能,データ不足,False,公式取得元または参照先なし,データなし,データなし,データなし,データなし,データなし,データなし,データなし,データなし,データなし,評価不能,評価不能,,評価不能,,データなし,データなし,データなし,データなし,データ不足,公式取得元または参照先なし,,,データなし,データなし,データなし,,,,,,,,,,,,,,,,
4042,東ソー,見送り,見送り,見送り,2669.81,2704.21,2790.0,2796.88,2880.79,2633.8,3123.04,0,0.0,0.0,3.93,B,見送り,-5.0,48.02,-0.14σ,0.5,False,データなし,3.0,0,-9.0,0,0.0,強いリスクオフ・通常の25%,出来高0.6倍未満のため主力不可。ファンダメンタル=データ不足、RSI 48.0、出来高 0.50倍、BB -0.14σ,方式別実績はサンプル蓄積中。市場=強いリスクオフ、ニュース重大度と300万円の損失・投入・現金・保有数制約を適用,強いリスクオフのため新規主力買い停止,0.0,0.0,3.0,374,374,信用需給は判定不能,信用データがデータなし、または売残0で信用倍率を算出不能,データ不足,False,公式取得元または参照先なし,データなし,データなし,データなし,データなし,データなし,データなし,データなし,データなし,データなし,評価不能,評価不能,,評価不能,,データなし,データなし,データなし,データなし,データ不足,公式取得元または参照先なし,,,データなし,データなし,データなし,,,,,,,,,,,,,,,,
4202,ダイセル,見送り,見送り,見送り,1438.7,1455.78,1497.0,1500.42,1545.43,1427.86,1645.53,0,0.0,0.0,3.67,B,見送り,-5.0,57.36,+0.41σ,0.5,False,データなし,3.0,0,-9.0,0,0.0,強いリスクオフ・通常の25%,出来高0.6倍未満のため主力不可。ファンダメンタル=データ不足、RSI 57.4、出来高 0.50倍、BB +0.41σ,方式別実績はサンプル蓄積中。市場=強いリスクオフ、ニュース重大度と300万円の損失・投入・現金・保有数制約を適用,強いリスクオフのため新規主力買い停止,0.0,0.0,3.0,374,374,信用需給は判定不能,信用データがデータなし、または売残0で信用倍率を算出不能,データ不足,False,公式取得元または参照先なし,データなし,データなし,データなし,データなし,データなし,データなし,データなし,データなし,データなし,評価不能,評価不能,,評価不能,,データなし,データなし,データなし,データなし,データ不足,公式取得元または参照先なし,,,データなし,データなし,データなし,,,,,,,,,,,,,,,,
7545,西松屋チェーン,見送り,見送り,見送り,1956.31,1975.71,2024.0,2027.88,2088.72,1934.27,2215.1,0,0.0,0.0,3.55,B,見送り,-5.02,49.86,-0.06σ,0.99,False,データなし,2.0,0,-9.0,0,0.0,強いリスクオフ・通常の25%,反転条件の完成待ち。ファンダメンタル=データ不足、RSI 49.9、出来高 0.99倍、BB -0.06σ,方式別実績はサンプル蓄積中。市場=強いリスクオフ、ニュース重大度と300万円の損失・投入・現金・保有数制約を適用,強いリスクオフのため新規主力買い停止,0.0,0.0,2.0,521,521,信用需給は判定不能,信用データがデータなし、または売残0で信用倍率を算出不能,データ不足,False,公式取得元または参照先なし,データなし,データなし,データなし,データなし,データなし,データなし,データなし,データなし,データなし,評価不能,評価不能,,評価不能,,データなし,データなし,データなし,データなし,データ不足,公式取得元または参照先なし,,,データなし,データなし,データなし,,,,,,,,,,,,,,,,
8309,三井住友トラストグループ,見送り,見送り,見送り,1640.65,1661.52,1767.0,1771.17,1824.31,1614.67,2084.18,0,0.0,0.0,3.12,B,見送り,-5.06,61.9,+1.13σ,0.47,False,データなし,3.0,0,-9.0,0,0.0,強いリスクオフ・通常の25%,出来高0.6倍未満のため主力不可。ファンダメンタル=データ不足、RSI 61.9、出来高 0.47倍、BB +1.13σ,方式別実績はサンプル蓄積中。市場=強いリスクオフ、ニュース重大度と300万円の損失・投入・現金・保有数制約を適用,強いリスクオフのため新規主力買い停止,0.0,0.0,3.0,374,374,信用需給は判定不能,信用データがデータなし、または売残0で信用倍率を算出不能,データ不足,False,公式取得元または参照先なし,データなし,データなし,データなし,データなし,データなし,データなし,データなし,データなし,データなし,評価不能,評価不能,,評価不能,,データなし,データなし,データなし,データなし,データ不足,公式取得元または参照先なし,,,データなし,データなし,データなし,,,,,,,,,,,,,,,,
3563,ＦＯＯＤ　＆　ＬＩＦＥ　ＣＯＭＰＡＮＩＥＳ,見送り,見送り,見送り,5409.33,5532.62,5964.0,5988.66,6168.32,5282.06,7401.85,0,0.0,0.0,2.8,B,見送り,-5.08,60.3,+0.95σ,0.46,False,データなし,3.0,0,-9.0,0,0.0,強いリスクオフ・通常の25%,出来高0.6倍未満のため主力不可。ファンダメンタル=データ不足、RSI 60.3、出来高 0.46倍、BB +0.95σ,方式別実績はサンプル蓄積中。市場=強いリスクオフ、ニュース重大度と300万円の損失・投入・現金・保有数制約を適用,強いリスクオフのため新規主力買い停止,0.0,0.0,3.0,374,374,信用需給は判定不能,信用データがデータなし、または売残0で信用倍率を算出不能,データ不足,False,公式取得元または参照先なし,データなし,データなし,データなし,データなし,データなし,データなし,データなし,データなし,データなし,評価不能,評価不能,,評価不能,,データなし,データなし,データなし,データなし,データ不足,公式取得元または参照先なし,,,データなし,データなし,データなし,,,,,,,,,,,,,,,,
5232,住友大阪セメント,見送り,見送り,見送り,5419.74,5550.34,6004.0,6030.12,6211.02,5305.83,7478.69,0,0.0,0.0,3.03,B,見送り,-5.08,55.31,+1.01σ,0.46,False,データなし,3.0,0,-9.0,0,0.0,強いリスクオフ・通常の25%,出来高0.6倍未満のため主力不可。ファンダメンタル=データ不足、RSI 55.3、出来高 0.46倍、BB +1.01σ,方式別実績はサンプル蓄積中。市場=強いリスクオフ、ニュース重大度と300万円の損失・投入・現金・保有数制約を適用,強いリスクオフのため新規主力買い停止,0.0,0.0,3.0,374,374,信用需給は判定不能,信用データがデータなし、または売残0で信用倍率を算出不能,データ不足,False,公式取得元または参照先なし,データなし,データなし,データなし,データなし,データなし,データなし,データなし,データなし,データなし,評価不能,評価不能,,評価不能,,データなし,データなし,データなし,データなし,データ不足,公式取得元または参照先なし,,,データなし,データなし,データなし,,,,,,,,,,,,,,,,
7751,キヤノン,見送り,見送り,見送り,4434.02,4483.3,4671.0,4680.85,4821.28,4374.32,5293.92,0,0.0,0.0,3.93,B,見送り,-5.12,53.88,+0.21σ,0.44,False,データなし,3.0,0,-9.0,0,0.0,強いリスクオフ・通常の25%,出来高0.6倍未満のため主力不可。ファンダメンタル=データ不足、RSI 53.9、出来高 0.44倍、BB +0.21σ,方式別実績はサンプル蓄積中。市場=強いリスクオフ、ニュース重大度と300万円の損失・投入・現金・保有数制約を適用,強いリスクオフのため新規主力買い停止,0.0,0.0,3.0,374,374,信用需給は判定不能,信用データがデータなし、または売残0で信用倍率を算出不能,データ不足,False,公式取得元または参照先なし,データなし,データなし,データなし,データなし,データなし,データなし,データなし,データなし,データなし,評価不能,評価不能,,評価不能,,データなし,データなし,データなし,データなし,データ不足,公式取得元または参照先なし,,,データなし,データなし,データなし,,,,,,,,,,,,,,,,
8233,高島屋,見送り,見送り,見送り,2214.35,2245.0,2345.0,2352.35,2422.92,2153.9,2749.25,0,0.0,0.0,5.54,B,見送り,-5.14,45.12,-0.84σ,0.93,False,データなし,2.0,0,-9.0,0,0.0,強いリスクオフ・通常の25%,反転条件の完成待ち。ファンダメンタル=データ不足、RSI 45.1、出来高 0.93倍、BB -0.84σ,方式別実績はサンプル蓄積中。市場=強いリスクオフ、ニュース重大度と300万円の損失・投入・現金・保有数制約を適用,強いリスクオフのため新規主力買い停止,0.0,0.0,2.0,521,521,信用需給は判定不能,信用データがデータなし、または売残0で信用倍率を算出不能,データ不足,False,公式取得元または参照先なし,データなし,データなし,データなし,データなし,データなし,データなし,データなし,データなし,データなし,評価不能,評価不能,,評価不能,,データなし,データなし,データなし,データなし,データ不足,公式取得元または参照先なし,,,データなし,データなし,データなし,,,,,,,,,,,,,,,,
1814,大末建設,見送り,見送り,見送り,3488.59,3546.87,3795.0,3806.66,3920.85,3415.2,4589.57,0,0.0,0.0,2.85,B,見送り,-5.16,58.79,+0.97σ,0.42,False,データなし,3.0,0,-9.0,0,0.0,強いリスクオフ・通常の25%,出来高0.6倍未満のため主力不可。ファンダメンタル=データ不足、RSI 58.8、出来高 0.42倍、BB +0.97σ,方式別実績はサンプル蓄積中。市場=強いリスクオフ、ニュース重大度と300万円の損失・投入・現金・保有数制約を適用,強いリスクオフのため新規主力買い停止,0.0,0.0,3.0,374,374,信用需給は判定不能,信用データがデータなし、または売残0で信用倍率を算出不能,データ不足,False,公式取得元または参照先なし,データなし,データなし,データなし,データなし,データなし,データなし,データなし,データなし,データなし,評価不能,評価不能,,評価不能,,データなし,データなし,データなし,データなし,データ不足,公式取得元または参照先なし,,,データなし,データなし,データなし,,,,,,,,,,,,,,,,
8628,松井証券,見送り,見送り,見送り,1049.08,1061.13,1120.0,1122.41,1156.08,1026.97,1313.29,0,0.0,0.0,3.15,B,見送り,-5.16,59.73,+0.45σ,0.42,False,データなし,3.0,0,-9.0,0,0.0,強いリスクオフ・通常の25%,出来高0.6倍未満のため主力不可。ファンダメンタル=データ不足、RSI 59.7、出来高 0.42倍、BB +0.45σ,方式別実績はサンプル蓄積中。市場=強いリスクオフ、ニュース重大度と300万円の損失・投入・現金・保有数制約を適用,強いリスクオフのため新規主力買い停止,0.0,0.0,3.0,374,374,信用需給は判定不能,信用データがデータなし、または売残0で信用倍率を算出不能,データ不足,False,公式取得元または参照先なし,データなし,データなし,データなし,データなし,データなし,データなし,データなし,データなし,データなし,評価不能,評価不能,,評価不能,,データなし,データなし,データなし,データなし,データ不足,公式取得元または参照先なし,,,データなし,データなし,データなし,,,,,,,,,,,,,,,,
6309,巴工業,見送り,見送り,見送り,1880.57,1898.82,2006.0,2009.65,2069.94,1858.73,2311.49,0,0.0,0.0,2.45,C,見送り,-5.24,66.58,+2.24σ,0.88,False,データなし,2.0,0,-9.0,0,0.0,強いリスクオフ・通常の25%,急騰済みを最優先して除外。ファンダメンタル=データ不足、RSI 66.6、出来高 0.88倍、BB +2.24σ,方式別実績はサンプル蓄積中。市場=強いリスクオフ、ニュース重大度と300万円の損失・投入・現金・保有数制約を適用,強いリスクオフのため新規主力買い停止,0.0,0.0,2.0,521,521,信用需給は判定不能,信用データがデータなし、または売残0で信用倍率を算出不能,データ不足,False,公式取得元または参照先なし,データなし,データなし,データなし,データなし,データなし,データなし,データなし,データなし,データなし,評価不能,評価不能,,評価不能,,データなし,データなし,データなし,データなし,データ不足,公式取得元または参照先なし,,,データなし,データなし,データなし,,,,,,,,,,,,,,,,
7616,コロワイド,見送り,見送り,見送り,1954.39,1981.01,2097.5,2102.82,2165.91,1908.87,2490.73,0,0.0,0.0,5.05,B,見送り,-5.24,51.08,-0.37σ,0.88,False,データなし,2.0,0,-9.0,0,0.0,強いリスクオフ・通常の25%,反転条件の完成待ち。ファンダメンタル=データ不足、RSI 51.1、出来高 0.88倍、BB -0.37σ,方式別実績はサンプル蓄積中。市場=強いリスクオフ、ニュース重大度と300万円の損失・投入・現金・保有数制約を適用,強いリスクオフのため新規主力買い停止,0.0,0.0,2.0,521,521,信用需給は判定不能,信用データがデータなし、または売残0で信用倍率を算出不能,データ不足,False,公式取得元または参照先なし,データなし,データなし,データなし,データなし,データなし,データなし,データなし,データなし,データなし,評価不能,評価不能,,評価不能,,データなし,データなし,データなし,データなし,データ不足,公式取得元または参照先なし,,,データなし,データなし,データなし,,,,,,,,,,,,,,,,
3544,サツドラホールディングス,見送り,見送り,見送り,1240.2,1244.4,1252.0,1252.84,1290.43,1234.21,1290.1,0,0.0,0.0,3.05,B,見送り,-5.28,66.81,-0.30σ,0.36,False,データなし,3.0,0,-9.0,0,0.0,強いリスクオフ・通常の25%,出来高0.6倍未満のため主力不可。ファンダメンタル=データ不足、RSI 66.8、出来高 0.36倍、BB -0.30σ,方式別実績はサンプル蓄積中。市場=強いリスクオフ、ニュース重大度と300万円の損失・投入・現金・保有数制約を適用,強いリスクオフのため新規主力買い停止,0.0,0.0,3.0,374,374,信用需給は判定不能,信用データがデータなし、または売残0で信用倍率を算出不能,データ不足,False,公式取得元または参照先なし,データなし,データなし,データなし,データなし,データなし,データなし,データなし,データなし,データなし,評価不能,評価不能,,評価不能,,データなし,データなし,データなし,データなし,データ不足,公式取得元または参照先なし,,,データなし,データなし,データなし,,,,,,,,,,,,,,,,
6997,日本ケミコン,見送り,見送り,見送り,2798.89,2959.81,3225.0,3257.18,3418.11,2651.94,4467.67,0,0.0,0.0,2.65,B,見送り,-5.28,44.37,+0.19σ,0.36,False,データなし,3.0,0,-9.0,0,0.0,強いリスクオフ・通常の25%,出来高0.6倍未満のため主力不可。ファンダメンタル=データ不足、RSI 44.4、出来高 0.36倍、BB +0.19σ,方式別実績はサンプル蓄積中。市場=強いリスクオフ、ニュース重大度と300万円の損失・投入・現金・保有数制約を適用,強いリスクオフのため新規主力買い停止,0.0,0.0,3.0,374,374,信用需給は判定不能,信用データがデータなし、または売残0で信用倍率を算出不能,データ不足,False,公式取得元または参照先なし,データなし,データなし,データなし,データなし,データなし,データなし,データなし,データなし,データなし,評価不能,評価不能,,評価不能,,データなし,データなし,データなし,データなし,データ不足,公式取得元または参照先なし,,,データなし,データなし,データなし,,,,,,,,,,,,,,,,
2267,ヤクルト本社,見送り,見送り,見送り,2758.69,2795.47,2906.0,2913.36,3000.76,2726.38,3287.31,0,0.0,0.0,3.92,B,見送り,-5.34,51.78,+0.25σ,0.83,False,データなし,2.0,0,-9.0,0,0.0,強いリスクオフ・通常の25%,反転条件の完成待ち。ファンダメンタル=データ不足、RSI 51.8、出来高 0.83倍、BB +0.25σ,方式別実績はサンプル蓄積中。市場=強いリスクオフ、ニュース重大度と300万円の損失・投入・現金・保有数制約を適用,強いリスクオフのため新規主力買い停止,0.0,0.0,2.0,521,521,信用需給は判定不能,信用データがデータなし、または売残0で信用倍率を算出不能,データ不足,False,公式取得元または参照先なし,データなし,データなし,データなし,データなし,データなし,データなし,データなし,データなし,データなし,評価不能,評価不能,,評価不能,,データなし,データなし,データなし,データなし,データ不足,公式取得元または参照先なし,,,データなし,データなし,データなし,,,,,,,,,,,,,,,,
7199,プレミアグループ,見送り,見送り,見送り,2025.14,2053.22,2170.0,2175.61,2240.88,1992.55,2541.74,0,0.0,0.0,3.72,B,見送り,-5.36,52.58,+0.50σ,0.82,False,データなし,2.0,0,-9.0,0,0.0,強いリスクオフ・通常の25%,反転条件の完成待ち。ファンダメンタル=データ不足、RSI 52.6、出来高 0.82倍、BB +0.50σ,方式別実績はサンプル蓄積中。市場=強いリスクオフ、ニュース重大度と300万円の損失・投入・現金・保有数制約を適用,強いリスクオフのため新規主力買い停止,0.0,0.0,2.0,521,521,信用需給は判定不能,信用データがデータなし、または売残0で信用倍率を算出不能,データ不足,False,公式取得元または参照先なし,データなし,データなし,データなし,データなし,データなし,データなし,データなし,データなし,データなし,評価不能,評価不能,,評価不能,,データなし,データなし,データなし,データなし,データ不足,公式取得元または参照先なし,,,データなし,データなし,データなし,,,,,,,,,,,,,,,,
9304,澁澤倉庫,見送り,見送り,見送り,1757.21,1796.31,2037.0,2044.82,2106.16,1680.72,2773.02,0,0.0,0.0,2.78,B,見送り,-5.36,62.24,+1.01σ,0.82,False,データなし,2.0,0,-9.0,0,0.0,強いリスクオフ・通常の25%,反転条件の完成待ち。ファンダメンタル=データ不足、RSI 62.2、出来高 0.82倍、BB +1.01σ,方式別実績はサンプル蓄積中。市場=強いリスクオフ、ニュース重大度と300万円の損失・投入・現金・保有数制約を適用,強いリスクオフのため新規主力買い停止,0.0,0.0,2.0,521,521,信用需給は判定不能,信用データがデータなし、または売残0で信用倍率を算出不能,データ不足,False,公式取得元または参照先なし,データなし,データなし,データなし,データなし,データなし,データなし,データなし,データなし,データなし,評価不能,評価不能,,評価不能,,データなし,データなし,データなし,データなし,データ不足,公式取得元または参照先なし,,,データなし,データなし,データなし,,,,,,,,,,,,,,,,
4732,ユー・エス・エス,見送り,見送り,見送り,1955.31,1974.05,2026.5,2030.25,2091.15,1933.53,2223.68,0,0.0,0.0,3.64,B,見送り,-5.48,53.51,+0.01σ,0.76,False,データなし,2.0,0,-9.0,0,0.0,強いリスクオフ・通常の25%,反転条件の完成待ち。ファンダメンタル=データ不足、RSI 53.5、出来高 0.76倍、BB +0.01σ,方式別実績はサンプル蓄積中。市場=強いリスクオフ、ニュース重大度と300万円の損失・投入・現金・保有数制約を適用,強いリスクオフのため新規主力買い停止,0.0,0.0,2.0,521,521,信用需給は判定不能,信用データがデータなし、または売残0で信用倍率を算出不能,データ不足,False,公式取得元または参照先なし,データなし,データなし,データなし,データなし,データなし,データなし,データなし,データなし,データなし,評価不能,評価不能,,評価不能,,データなし,データなし,データなし,データなし,データ不足,公式取得元または参照先なし,,,データなし,データなし,データなし,,,,,,,,,,,,,,,,
9507,四国電力,見送り,見送り,見送り,1550.21,1570.23,1823.5,1827.51,1882.33,1460.11,2562.3,0,0.0,0.0,2.17,C,見送り,-5.52,80.59,+1.47σ,0.74,False,データなし,2.0,0,-9.0,0,0.0,強いリスクオフ・通常の25%,急騰済みを最優先して除外。ファンダメンタル=データ不足、RSI 80.6、出来高 0.74倍、BB +1.47σ,方式別実績はサンプル蓄積中。市場=強いリスクオフ、ニュース重大度と300万円の損失・投入・現金・保有数制約を適用,強いリスクオフのため新規主力買い停止,0.0,0.0,2.0,521,521,信用需給は判定不能,信用データがデータなし、または売残0で信用倍率を算出不能,データ不足,False,公式取得元または参照先なし,データなし,データなし,データなし,データなし,データなし,データなし,データなし,データなし,データなし,評価不能,評価不能,,評価不能,,データなし,データなし,データなし,データなし,データ不足,公式取得元または参照先なし,,,データなし,データなし,データなし,,,,,,,,,,,,,,,,
7453,良品計画,見送り,見送り,見送り,4164.25,4240.67,4517.0,4532.28,4668.25,4086.72,5423.41,0,0.0,0.0,4.18,B,見送り,-5.58,56.06,+0.23σ,0.71,False,データなし,2.0,0,-9.0,0,0.0,強いリスクオフ・通常の25%,反転条件の完成待ち。ファンダメンタル=データ不足、RSI 56.1、出来高 0.71倍、BB +0.23σ,方式別実績はサンプル蓄積中。市場=強いリスクオフ、ニュース重大度と300万円の損失・投入・現金・保有数制約を適用,強いリスクオフのため新規主力買い停止,0.0,0.0,2.0,521,521,信用需給は判定不能,信用データがデータなし、または売残0で信用倍率を算出不能,データ不足,False,公式取得元または参照先なし,データなし,データなし,データなし,データなし,データなし,データなし,データなし,データなし,データなし,評価不能,評価不能,,評価不能,,データなし,データなし,データなし,データなし,データ不足,公式取得元または参照先なし,,,データなし,データなし,データなし,,,,,,,,,,,,,,,,
2354,ＹＥ　ＤＩＧＩＴＡＬ,見送り,見送り,見送り,1178.7,1244.74,1476.0,1489.21,1555.25,1104.18,2259.26,0,0.0,0.0,4.3,B,見送り,-5.6,55.63,+0.03σ,0.2,False,データなし,3.0,0,-9.0,0,0.0,強いリスクオフ・通常の25%,出来高0.6倍未満のため主力不可。ファンダメンタル=データ不足、RSI 55.6、出来高 0.20倍、BB +0.03σ,方式別実績はサンプル蓄積中。市場=強いリスクオフ、ニュース重大度と300万円の損失・投入・現金・保有数制約を適用,強いリスクオフのため新規主力買い停止,0.0,0.0,3.0,374,374,信用需給は判定不能,信用データがデータなし、または売残0で信用倍率を算出不能,データ不足,False,公式取得元または参照先なし,データなし,データなし,データなし,データなし,データなし,データなし,データなし,データなし,データなし,評価不能,評価不能,,評価不能,,データなし,データなし,データなし,データなし,データ不足,公式取得元または参照先なし,,,データなし,データなし,データなし,,,,,,,,,,,,,,,,
2327,日鉄ソリューションズ,見送り,見送り,見送り,3711.4,3761.16,3873.0,3882.95,3999.44,3652.81,4343.24,0,0.0,0.0,4.47,B,見送り,-5.64,51.59,-0.49σ,0.68,False,データなし,2.0,0,-9.0,0,0.0,強いリスクオフ・通常の25%,反転条件の完成待ち。ファンダメンタル=データ不足、RSI 51.6、出来高 0.68倍、BB -0.49σ,方式別実績はサンプル蓄積中。市場=強いリスクオフ、ニュース重大度と300万円の損失・投入・現金・保有数制約を適用,強いリスクオフのため新規主力買い停止,0.0,0.0,2.0,521,521,信用需給は判定不能,信用データがデータなし、または売残0で信用倍率を算出不能,データ不足,False,公式取得元または参照先なし,データなし,データなし,データなし,データなし,データなし,データなし,データなし,データなし,データなし,評価不能,評価不能,,評価不能,,データなし,データなし,データなし,データなし,データ不足,公式取得元または参照先なし,,,データなし,データなし,データなし,,,,,,,,,,,,,,,,
3201,日本毛織,見送り,見送り,見送り,1864.78,1885.38,2003.0,2007.12,2067.33,1826.1,2369.16,0,0.0,0.0,2.7,B,見送り,-5.66,64.1,+1.00σ,0.67,False,データなし,2.0,0,-9.0,0,0.0,強いリスクオフ・通常の25%,反転条件の完成待ち。ファンダメンタル=データ不足、RSI 64.1、出来高 0.67倍、BB +1.00σ,方式別実績はサンプル蓄積中。市場=強いリスクオフ、ニュース重大度と300万円の損失・投入・現金・保有数制約を適用,強いリスクオフのため新規主力買い停止,0.0,0.0,2.0,521,521,信用需給は判定不能,信用データがデータなし、または売残0で信用倍率を算出不能,データ不足,False,公式取得元または参照先なし,データなし,データなし,データなし,データなし,データなし,データなし,データなし,データなし,データなし,評価不能,評価不能,,評価不能,,データなし,データなし,データなし,データなし,データ不足,公式取得元または参照先なし,,,データなし,データなし,データなし,,,,,,,,,,,,,,,,
7242,カヤバ,見送り,見送り,見送り,4316.04,4373.46,4670.0,4681.48,4821.93,4227.76,5588.93,0,0.0,0.0,2.61,B,見送り,-5.7,64.56,+1.22σ,0.65,False,データなし,2.0,0,-9.0,0,0.0,強いリスクオフ・通常の25%,反転条件の完成待ち。ファンダメンタル=データ不足、RSI 64.6、出来高 0.65倍、BB +1.22σ,方式別実績はサンプル蓄積中。市場=強いリスクオフ、ニュース重大度と300万円の損失・投入・現金・保有数制約を適用,強いリスクオフのため新規主力買い停止,0.0,0.0,2.0,521,521,信用需給は判定不能,信用データがデータなし、または売残0で信用倍率を算出不能,データ不足,False,公式取得元または参照先なし,データなし,データなし,データなし,データなし,データなし,データなし,データなし,データなし,データなし,評価不能,評価不能,,評価不能,,データなし,データなし,データなし,データなし,データ不足,公式取得元または参照先なし,,,データなし,データなし,データなし,,,,,,,,,,,,,,,,
5393,ニチアス,見送り,見送り,見送り,3250.88,3319.38,3743.0,3756.7,3869.4,3144.06,4981.98,0,0.0,0.0,3.18,B,見送り,-5.72,53.55,+1.12σ,0.64,False,データなし,2.0,0,-9.0,0,0.0,強いリスクオフ・通常の25%,反転条件の完成待ち。ファンダメンタル=データ不足、RSI 53.5、出来高 0.64倍、BB +1.12σ,方式別実績はサンプル蓄積中。市場=強いリスクオフ、ニュース重大度と300万円の損失・投入・現金・保有数制約を適用,強いリスクオフのため新規主力買い停止,0.0,0.0,2.0,521,521,信用需給は判定不能,信用データがデータなし、または売残0で信用倍率を算出不能,データ不足,False,公式取得元または参照先なし,データなし,データなし,データなし,データなし,データなし,データなし,データなし,データなし,データなし,評価不能,評価不能,,評価不能,,データなし,データなし,データなし,データなし,データ不足,公式取得元または参照先なし,,,データなし,データなし,データなし,,,,,,,,,,,,,,,,
8707,岩井コスモホールディングス,見送り,見送り,見送り,4138.11,4193.45,4485.0,4496.07,4630.95,4067.32,5353.56,0,0.0,0.0,3.72,B,見送り,-5.74,56.5,+0.77σ,0.63,False,データなし,2.0,0,-9.0,0,0.0,強いリスクオフ・通常の25%,反転条件の完成待ち。ファンダメンタル=データ不足、RSI 56.5、出来高 0.63倍、BB +0.77σ,方式別実績はサンプル蓄積中。市場=強いリスクオフ、ニュース重大度と300万円の損失・投入・現金・保有数制約を適用,強いリスクオフのため新規主力買い停止,0.0,0.0,2.0,521,521,信用需給は判定不能,信用データがデータなし、または売残0で信用倍率を算出不能,データ不足,False,公式取得元または参照先なし,データなし,データなし,データなし,データなし,データなし,データなし,データなし,データなし,データなし,評価不能,評価不能,,評価不能,,データなし,データなし,データなし,データなし,データ不足,公式取得元または参照先なし,,,データなし,データなし,データなし,,,,,,,,,,,,,,,,
9201,日本航空,見送り,見送り,見送り,2881.06,2911.9,3059.0,3065.17,3157.12,2819.52,3556.46,0,0.0,0.0,2.52,B,見送り,-5.8,57.04,+0.72σ,0.6,False,データなし,2.0,0,-9.0,0,0.0,強いリスクオフ・通常の25%,反転条件の完成待ち。ファンダメンタル=データ不足、RSI 57.0、出来高 0.60倍、BB +0.72σ,方式別実績はサンプル蓄積中。市場=強いリスクオフ、ニュース重大度と300万円の損失・投入・現金・保有数制約を適用,強いリスクオフのため新規主力買い停止,0.0,0.0,2.0,521,521,信用需給は判定不能,信用データがデータなし、または売残0で信用倍率を算出不能,データ不足,False,公式取得元または参照先なし,データなし,データなし,データなし,データなし,データなし,データなし,データなし,データなし,データなし,評価不能,評価不能,,評価不能,,データなし,データなし,データなし,データなし,データ不足,公式取得元または参照先なし,,,データなし,データなし,データなし,,,,,,,,,,,,,,,,
2371,カカクコム,見送り,見送り,見送り,3640.75,3656.39,3740.0,3743.13,3855.42,3614.38,4000.62,0,0.0,0.0,3.51,B,見送り,-5.9,66.85,+0.50σ,0.55,False,データなし,2.0,0,-9.0,0,0.0,強いリスクオフ・通常の25%,出来高0.6倍未満のため主力不可。ファンダメンタル=データ不足、RSI 66.8、出来高 0.55倍、BB +0.50σ,方式別実績はサンプル蓄積中。市場=強いリスクオフ、ニュース重大度と300万円の損失・投入・現金・保有数制約を適用,強いリスクオフのため新規主力買い停止,0.0,0.0,2.0,521,521,信用需給は判定不能,信用データがデータなし、または売残0で信用倍率を算出不能,データ不足,False,公式取得元または参照先なし,データなし,データなし,データなし,データなし,データなし,データなし,データなし,データなし,データなし,評価不能,評価不能,,評価不能,,データなし,データなし,データなし,データなし,データ不足,公式取得元または参照先なし,,,データなし,データなし,データなし,,,,,,,,,,,,,,,,
5101,横浜ゴム,見送り,見送り,見送り,7383.09,7549.79,7995.0,8028.34,8269.19,7316.48,9452.07,0,0.0,0.0,5.22,B,見送り,-5.92,51.63,+0.29σ,0.54,False,データなし,2.0,0,-9.0,0,0.0,強いリスクオフ・通常の25%,出来高0.6倍未満のため主力不可。ファンダメンタル=データ不足、RSI 51.6、出来高 0.54倍、BB +0.29σ,方式別実績はサンプル蓄積中。市場=強いリスクオフ、ニュース重大度と300万円の損失・投入・現金・保有数制約を適用,強いリスクオフのため新規主力買い停止,0.0,0.0,2.0,521,521,信用需給は判定不能,信用データがデータなし、または売残0で信用倍率を算出不能,データ不足,False,公式取得元または参照先なし,データなし,データなし,データなし,データなし,データなし,データなし,データなし,データなし,データなし,評価不能,評価不能,,評価不能,,データなし,データなし,データなし,データなし,データ不足,公式取得元または参照先なし,,,データなし,データなし,データなし,,,,,,,,,,,,,,,,
3791,ＩＧポート,見送り,見送り,見送り,986.21,1006.79,1134.0,1138.12,1172.26,935.31,1543.73,0,0.0,0.0,2.74,B,見送り,-6.22,44.43,+0.66σ,0.39,False,データなし,2.0,0,-9.0,0,0.0,強いリスクオフ・通常の25%,出来高0.6倍未満のため主力不可。ファンダメンタル=データ不足、RSI 44.4、出来高 0.39倍、BB +0.66σ,方式別実績はサンプル蓄積中。市場=強いリスクオフ、ニュース重大度と300万円の損失・投入・現金・保有数制約を適用,強いリスクオフのため新規主力買い停止,0.0,0.0,2.0,521,521,信用需給は判定不能,信用データがデータなし、または売残0で信用倍率を算出不能,データ不足,False,公式取得元または参照先なし,データなし,データなし,データなし,データなし,データなし,データなし,データなし,データなし,データなし,評価不能,評価不能,,評価不能,,データなし,データなし,データなし,データなし,データ不足,公式取得元または参照先なし,,,データなし,データなし,データなし,,,,,,,,,,,,,,,,
4381,ビープラッツ,見送り,見送り,見送り,313.78,344.62,460.0,466.17,497.01,270.0,858.5,0,0.0,0.0,3.36,B,見送り,-8.58,52.53,+0.28σ,0.71,True,データなし,3.0,0,-9.0,0,0.0,強いリスクオフ・通常の25%,暴落リバウンド型のため主力不可。ファンダメンタル=データ不足、RSI 52.5、出来高 0.71倍、BB +0.28σ,方式別実績はサンプル蓄積中。市場=強いリスクオフ、ニュース重大度と300万円の損失・投入・現金・保有数制約を適用,強いリスクオフのため新規主力買い停止,0.0,0.0,3.0,374,374,信用需給は判定不能,信用データがデータなし、または売残0で信用倍率を算出不能,データ不足,False,公式取得元または参照先なし,データなし,データなし,データなし,データなし,データなし,データなし,データなし,データなし,データなし,評価不能,評価不能,,評価不能,,データなし,データなし,データなし,データなし,データ不足,公式取得元または参照先なし,,,データなし,データなし,データなし,,,,,,,,,,,,,,,,
