acquired_at,code,source,document_id,source_reference,status,reason
2026-08-14T17:41:25.813592+00:00,4751,EDINET,,,failure,EDINET_API_KEY未設定
2026-08-14T17:41:25.813592+00:00,1860,EDINET,,,failure,EDINET_API_KEY未設定
2026-08-14T17:41:25.813592+00:00,6969,EDINET,,,failure,EDINET_API_KEY未設定
2026-08-14T17:41:25.813592+00:00,4755,EDINET,,,failure,EDINET_API_KEY未設定
2026-08-14T17:41:25.813592+00:00,1968,EDINET,,,failure,EDINET_API_KEY未設定
2026-08-14T17:41:25.813592+00:00,3299,EDINET,,,failure,EDINET_API_KEY未設定
2026-08-14T17:41:25.813592+00:00,4889,EDINET,,,failure,EDINET_API_KEY未設定
2026-08-14T17:41:25.813592+00:00,4975,EDINET,,,failure,EDINET_API_KEY未設定
2026-08-14T17:41:25.813592+00:00,4971,EDINET,,,failure,EDINET_API_KEY未設定
2026-08-14T17:41:25.813592+00:00,8508,EDINET,,,failure,EDINET_API_KEY未設定
2026-08-14T17:41:25.813592+00:00,4275,EDINET,,,failure,EDINET_API_KEY未設定
2026-08-14T17:41:25.813592+00:00,1969,EDINET,,,failure,EDINET_API_KEY未設定
2026-08-14T17:41:25.813592+00:00,1944,EDINET,,,failure,EDINET_API_KEY未設定
2026-08-14T17:41:25.813592+00:00,4901,EDINET,,,failure,EDINET_API_KEY未設定
2026-08-14T17:41:25.813592+00:00,1952,EDINET,,,failure,EDINET_API_KEY未設定
2026-08-14T17:41:25.813592+00:00,4047,EDINET,,,failure,EDINET_API_KEY未設定
2026-08-14T17:41:25.813592+00:00,6544,EDINET,,,failure,EDINET_API_KEY未設定
2026-08-14T17:41:25.813592+00:00,8848,EDINET,,,failure,EDINET_API_KEY未設定
2026-08-14T17:41:25.813592+00:00,7715,EDINET,,,failure,EDINET_API_KEY未設定
2026-08-14T17:41:25.813592+00:00,3479,EDINET,,,failure,EDINET_API_KEY未設定
2026-08-14T17:41:25.813592+00:00,6787,EDINET,,,failure,EDINET_API_KEY未設定
2026-08-14T17:41:25.813592+00:00,4078,EDINET,,,failure,EDINET_API_KEY未設定
2026-08-14T17:41:25.813592+00:00,6768,EDINET,,,failure,EDINET_API_KEY未設定
2026-08-14T17:41:25.813592+00:00,4980,EDINET,,,failure,EDINET_API_KEY未設定
2026-08-14T17:41:25.813592+00:00,6145,EDINET,,,failure,EDINET_API_KEY未設定
2026-08-14T17:41:25.813592+00:00,6656,EDINET,,,failure,EDINET_API_KEY未設定
2026-08-14T17:41:25.813592+00:00,6703,EDINET,,,failure,EDINET_API_KEY未設定
2026-08-14T17:41:25.813592+00:00,1815,EDINET,,,failure,EDINET_API_KEY未設定
2026-08-14T17:41:25.813592+00:00,7760,EDINET,,,failure,EDINET_API_KEY未設定
2026-08-14T17:41:25.813592+00:00,1959,EDINET,,,failure,EDINET_API_KEY未設定
2026-08-14T17:41:25.813592+00:00,4368,EDINET,,,failure,EDINET_API_KEY未設定
2026-08-14T17:41:25.813592+00:00,4935,EDINET,,,failure,EDINET_API_KEY未設定
2026-08-14T17:41:25.813592+00:00,7915,EDINET,,,failure,EDINET_API_KEY未設定
2026-08-14T17:41:25.813592+00:00,7917,EDINET,,,failure,EDINET_API_KEY未設定
2026-08-14T17:41:25.813592+00:00,1976,EDINET,,,failure,EDINET_API_KEY未設定
2026-08-14T17:41:25.813592+00:00,9517,EDINET,,,failure,EDINET_API_KEY未設定
2026-08-14T17:41:25.813592+00:00,6118,EDINET,,,failure,EDINET_API_KEY未設定
2026-08-14T17:41:25.813592+00:00,5989,EDINET,,,failure,EDINET_API_KEY未設定
2026-08-14T17:41:25.813592+00:00,6209,EDINET,,,failure,EDINET_API_KEY未設定
2026-08-14T17:41:25.813592+00:00,6266,EDINET,,,failure,EDINET_API_KEY未設定
2026-08-14T17:41:25.813592+00:00,6458,EDINET,,,failure,EDINET_API_KEY未設定
2026-08-14T17:41:25.813592+00:00,6845,EDINET,,,failure,EDINET_API_KEY未設定
2026-08-14T17:41:25.813592+00:00,1950,EDINET,,,failure,EDINET_API_KEY未設定
2026-08-14T17:41:25.813592+00:00,4548,EDINET,,,failure,EDINET_API_KEY未設定
2026-08-14T17:41:25.813592+00:00,6976,EDINET,,,failure,EDINET_API_KEY未設定
2026-08-14T17:41:25.813592+00:00,6807,EDINET,,,failure,EDINET_API_KEY未設定
2026-08-14T17:41:25.813592+00:00,9006,EDINET,,,failure,EDINET_API_KEY未設定
2026-08-14T17:41:25.813592+00:00,3905,EDINET,,,failure,EDINET_API_KEY未設定
2026-08-14T17:41:25.813592+00:00,3837,EDINET,,,failure,EDINET_API_KEY未設定
2026-08-14T17:41:25.813592+00:00,6526,EDINET,,,failure,EDINET_API_KEY未設定
2026-08-14T17:41:25.813592+00:00,6856,EDINET,,,failure,EDINET_API_KEY未設定
2026-08-14T17:41:25.813592+00:00,1407,EDINET,,,failure,EDINET_API_KEY未設定
2026-08-14T17:41:25.813592+00:00,6996,EDINET,,,failure,EDINET_API_KEY未設定
2026-08-14T17:41:25.813592+00:00,6806,EDINET,,,failure,EDINET_API_KEY未設定
2026-08-14T17:41:25.813592+00:00,6961,EDINET,,,failure,EDINET_API_KEY未設定
2026-08-14T17:41:25.813592+00:00,4626,EDINET,,,failure,EDINET_API_KEY未設定
2026-08-14T17:41:25.813592+00:00,7220,EDINET,,,failure,EDINET_API_KEY未設定
2026-08-14T17:41:25.813592+00:00,4620,EDINET,,,failure,EDINET_API_KEY未設定
2026-08-14T17:41:25.813592+00:00,6622,EDINET,,,failure,EDINET_API_KEY未設定
2026-08-14T17:41:25.813592+00:00,6997,EDINET,,,failure,EDINET_API_KEY未設定
2026-08-14T17:41:25.813592+00:00,6638,EDINET,,,failure,EDINET_API_KEY未設定
2026-08-14T17:41:25.813592+00:00,7012,EDINET,,,failure,EDINET_API_KEY未設定
2026-08-14T17:41:25.813592+00:00,2874,EDINET,,,failure,EDINET_API_KEY未設定
2026-08-14T17:41:25.813592+00:00,7245,EDINET,,,failure,EDINET_API_KEY未設定
2026-08-14T17:41:25.813592+00:00,6368,EDINET,,,failure,EDINET_API_KEY未設定
2026-08-14T17:41:25.813592+00:00,1942,EDINET,,,failure,EDINET_API_KEY未設定
2026-08-14T17:41:25.813592+00:00,6707,EDINET,,,failure,EDINET_API_KEY未設定
2026-08-14T17:41:25.813592+00:00,8601,EDINET,,,failure,EDINET_API_KEY未設定
2026-08-14T17:41:25.813592+00:00,3482,EDINET,,,failure,EDINET_API_KEY未設定
2026-08-14T17:41:25.813592+00:00,1419,EDINET,,,failure,EDINET_API_KEY未設定
2026-08-14T17:41:25.813592+00:00,1833,EDINET,,,failure,EDINET_API_KEY未設定
2026-08-14T17:41:25.813592+00:00,6777,EDINET,,,failure,EDINET_API_KEY未設定
2026-08-14T17:41:25.813592+00:00,2120,EDINET,,,failure,EDINET_API_KEY未設定
2026-08-14T17:41:25.813592+00:00,3245,EDINET,,,failure,EDINET_API_KEY未設定
2026-08-14T17:41:25.813592+00:00,2157,EDINET,,,failure,EDINET_API_KEY未設定
2026-08-14T17:41:25.813592+00:00,9274,EDINET,,,failure,EDINET_API_KEY未設定
2026-08-14T17:41:25.813592+00:00,8818,EDINET,,,failure,EDINET_API_KEY未設定
2026-08-14T17:41:25.813592+00:00,4674,EDINET,,,failure,EDINET_API_KEY未設定
2026-08-14T17:41:25.813592+00:00,7860,EDINET,,,failure,EDINET_API_KEY未設定
2026-08-14T17:41:25.813592+00:00,7979,EDINET,,,failure,EDINET_API_KEY未設定
2026-08-14T17:41:25.813592+00:00,5208,EDINET,,,failure,EDINET_API_KEY未設定
2026-08-14T17:41:25.813592+00:00,5232,EDINET,,,failure,EDINET_API_KEY未設定
2026-08-14T17:41:25.813592+00:00,5105,EDINET,,,failure,EDINET_API_KEY未設定
2026-08-14T17:41:25.813592+00:00,1938,EDINET,,,failure,EDINET_API_KEY未設定
2026-08-14T17:41:25.813592+00:00,6378,EDINET,,,failure,EDINET_API_KEY未設定
2026-08-14T17:41:25.813592+00:00,6330,EDINET,,,failure,EDINET_API_KEY未設定
2026-08-14T17:41:25.813592+00:00,7611,EDINET,,,failure,EDINET_API_KEY未設定
2026-08-14T17:41:25.813592+00:00,6951,EDINET,,,failure,EDINET_API_KEY未設定
2026-08-14T17:41:25.813592+00:00,7059,EDINET,,,failure,EDINET_API_KEY未設定
2026-08-14T17:41:25.813592+00:00,6981,EDINET,,,failure,EDINET_API_KEY未設定
2026-08-14T17:41:25.813592+00:00,6674,EDINET,,,failure,EDINET_API_KEY未設定
2026-08-14T17:41:25.813592+00:00,7600,EDINET,,,failure,EDINET_API_KEY未設定
2026-08-14T17:41:25.813592+00:00,6418,EDINET,,,failure,EDINET_API_KEY未設定
2026-08-14T17:41:25.813592+00:00,4588,EDINET,,,failure,EDINET_API_KEY未設定
2026-08-14T17:41:25.813592+00:00,4996,EDINET,,,failure,EDINET_API_KEY未設定
2026-08-14T17:41:25.813592+00:00,9166,EDINET,,,failure,EDINET_API_KEY未設定
2026-08-14T17:41:25.813592+00:00,9227,EDINET,,,failure,EDINET_API_KEY未設定
2026-08-14T17:41:25.813592+00:00,9552,EDINET,,,failure,EDINET_API_KEY未設定
2026-08-14T17:41:25.813592+00:00,5246,EDINET,,,failure,EDINET_API_KEY未設定
2026-08-14T17:41:25.813592+00:00,5706,EDINET,,,failure,EDINET_API_KEY未設定
2026-08-14T17:41:25.813592+00:00,3284,EDINET,,,failure,EDINET_API_KEY未設定
2026-08-14T17:41:25.813592+00:00,1979,EDINET,,,failure,EDINET_API_KEY未設定
2026-08-14T17:41:25.813592+00:00,4480,EDINET,,,failure,EDINET_API_KEY未設定
2026-08-14T17:41:25.813592+00:00,6479,EDINET,,,failure,EDINET_API_KEY未設定
2026-08-14T17:41:25.813592+00:00,3632,EDINET,,,failure,EDINET_API_KEY未設定
2026-08-14T17:41:25.813592+00:00,7003,EDINET,,,failure,EDINET_API_KEY未設定
2026-08-14T17:41:25.813592+00:00,9021,EDINET,,,failure,EDINET_API_KEY未設定
2026-08-14T17:41:25.813592+00:00,6920,EDINET,,,failure,EDINET_API_KEY未設定
2026-08-14T17:41:25.813592+00:00,1447,EDINET,,,failure,EDINET_API_KEY未設定
2026-08-14T17:41:25.813592+00:00,1514,EDINET,,,failure,EDINET_API_KEY未設定
2026-08-14T17:41:25.813592+00:00,6742,EDINET,,,failure,EDINET_API_KEY未設定
2026-08-14T17:41:25.813592+00:00,6995,EDINET,,,failure,EDINET_API_KEY未設定
2026-08-14T17:41:25.813592+00:00,6480,EDINET,,,failure,EDINET_API_KEY未設定
2026-08-14T17:41:25.813592+00:00,6356,EDINET,,,failure,EDINET_API_KEY未設定
2026-08-14T17:41:25.813592+00:00,6264,EDINET,,,failure,EDINET_API_KEY未設定
2026-08-14T17:41:25.813592+00:00,6433,EDINET,,,failure,EDINET_API_KEY未設定
2026-08-14T17:41:25.813592+00:00,1377,EDINET,,,failure,EDINET_API_KEY未設定
2026-08-14T17:41:25.813592+00:00,6962,EDINET,,,failure,EDINET_API_KEY未設定
2026-08-14T17:41:25.813592+00:00,6971,EDINET,,,failure,EDINET_API_KEY未設定
2026-08-14T17:41:25.813592+00:00,8697,EDINET,,,failure,EDINET_API_KEY未設定
2026-08-14T17:41:25.813592+00:00,2471,EDINET,,,failure,EDINET_API_KEY未設定
2026-08-14T17:41:25.813592+00:00,1926,EDINET,,,failure,EDINET_API_KEY未設定
2026-08-14T17:41:25.813592+00:00,2288,EDINET,,,failure,EDINET_API_KEY未設定
2026-08-14T17:41:25.813592+00:00,9449,EDINET,,,failure,EDINET_API_KEY未設定
2026-08-14T17:41:25.813592+00:00,8616,EDINET,,,failure,EDINET_API_KEY未設定
2026-08-14T17:41:25.813592+00:00,2531,EDINET,,,failure,EDINET_API_KEY未設定
2026-08-14T17:41:25.813592+00:00,1946,EDINET,,,failure,EDINET_API_KEY未設定
2026-08-14T17:41:25.813592+00:00,7719,EDINET,,,failure,EDINET_API_KEY未設定
2026-08-14T17:41:25.813592+00:00,5367,EDINET,,,failure,EDINET_API_KEY未設定
2026-08-14T17:41:25.813592+00:00,9880,EDINET,,,failure,EDINET_API_KEY未設定
2026-08-14T17:41:25.813592+00:00,7717,EDINET,,,failure,EDINET_API_KEY未設定
2026-08-14T17:41:25.813592+00:00,5121,EDINET,,,failure,EDINET_API_KEY未設定
2026-08-14T17:41:25.813592+00:00,1961,EDINET,,,failure,EDINET_API_KEY未設定
2026-08-14T17:41:25.813592+00:00,5202,EDINET,,,failure,EDINET_API_KEY未設定
2026-08-14T17:41:25.813592+00:00,6146,EDINET,,,failure,EDINET_API_KEY未設定
2026-08-14T17:41:25.813592+00:00,5802,EDINET,,,failure,EDINET_API_KEY未設定
2026-08-14T17:41:25.813592+00:00,7972,EDINET,,,failure,EDINET_API_KEY未設定
2026-08-14T17:41:25.813592+00:00,7803,EDINET,,,failure,EDINET_API_KEY未設定
2026-08-14T17:41:25.813592+00:00,7995,EDINET,,,failure,EDINET_API_KEY未設定
2026-08-14T17:41:25.813592+00:00,8253,EDINET,,,failure,EDINET_API_KEY未設定
2026-08-14T17:41:25.813592+00:00,6369,EDINET,,,failure,EDINET_API_KEY未設定
2026-08-14T17:41:25.813592+00:00,8368,EDINET,,,failure,EDINET_API_KEY未設定
2026-08-14T17:41:25.813592+00:00,8366,EDINET,,,failure,EDINET_API_KEY未設定
2026-08-14T17:41:25.813592+00:00,3993,EDINET,,,failure,EDINET_API_KEY未設定
2026-08-14T17:41:25.813592+00:00,6331,EDINET,,,failure,EDINET_API_KEY未設定
2026-08-14T17:41:25.813592+00:00,6387,EDINET,,,failure,EDINET_API_KEY未設定
2026-08-14T17:41:25.813592+00:00,6440,EDINET,,,failure,EDINET_API_KEY未設定
2026-08-14T17:41:25.813592+00:00,6383,EDINET,,,failure,EDINET_API_KEY未設定
2026-08-14T17:41:25.813592+00:00,4587,EDINET,,,failure,EDINET_API_KEY未設定
2026-08-14T17:41:25.813592+00:00,5930,EDINET,,,failure,EDINET_API_KEY未設定
2026-08-14T17:41:25.813592+00:00,7779,EDINET,,,failure,EDINET_API_KEY未設定
2026-08-14T17:41:25.813592+00:00,6800,EDINET,,,failure,EDINET_API_KEY未設定
2026-08-14T17:41:25.813592+00:00,6794,EDINET,,,failure,EDINET_API_KEY未設定
2026-08-14T17:41:25.813592+00:00,7004,EDINET,,,failure,EDINET_API_KEY未設定
2026-08-14T17:41:25.813592+00:00,3436,EDINET,,,failure,EDINET_API_KEY未設定
2026-08-14T17:41:25.813592+00:00,6999,EDINET,,,failure,EDINET_API_KEY未設定
2026-08-14T17:41:25.813592+00:00,3395,EDINET,,,failure,EDINET_API_KEY未設定
2026-08-14T17:41:25.813592+00:00,3778,EDINET,,,failure,EDINET_API_KEY未設定
2026-08-14T17:41:25.813592+00:00,3687,EDINET,,,failure,EDINET_API_KEY未設定
2026-08-14T17:41:25.813592+00:00,4028,EDINET,,,failure,EDINET_API_KEY未設定
2026-08-14T17:41:25.813592+00:00,6859,EDINET,,,failure,EDINET_API_KEY未設定
2026-08-14T17:41:25.813592+00:00,6994,EDINET,,,failure,EDINET_API_KEY未設定
2026-08-14T17:41:25.813592+00:00,6779,EDINET,,,failure,EDINET_API_KEY未設定
2026-08-14T17:41:25.813592+00:00,9008,EDINET,,,failure,EDINET_API_KEY未設定
2026-08-14T17:41:25.813592+00:00,1786,EDINET,,,failure,EDINET_API_KEY未設定
2026-08-14T17:41:25.813592+00:00,1945,EDINET,,,failure,EDINET_API_KEY未設定
2026-08-14T17:41:25.813592+00:00,6762,EDINET,,,failure,EDINET_API_KEY未設定
2026-08-14T17:41:25.813592+00:00,3864,EDINET,,,failure,EDINET_API_KEY未設定
2026-08-14T17:41:25.813592+00:00,8167,EDINET,,,failure,EDINET_API_KEY未設定
2026-08-14T17:41:25.813592+00:00,6905,EDINET,,,failure,EDINET_API_KEY未設定
2026-08-14T17:41:25.813592+00:00,6337,EDINET,,,failure,EDINET_API_KEY未設定
2026-08-14T17:41:25.813592+00:00,7014,EDINET,,,failure,EDINET_API_KEY未設定
2026-08-14T17:41:25.813592+00:00,6834,EDINET,,,failure,EDINET_API_KEY未設定
2026-08-14T17:41:25.813592+00:00,4392,EDINET,,,failure,EDINET_API_KEY未設定
2026-08-14T17:41:25.813592+00:00,7198,EDINET,,,failure,EDINET_API_KEY未設定
2026-08-14T17:41:25.813592+00:00,7777,EDINET,,,failure,EDINET_API_KEY未設定
2026-08-14T17:41:25.813592+00:00,6425,EDINET,,,failure,EDINET_API_KEY未設定
2026-08-14T17:41:25.813592+00:00,6666,EDINET,,,failure,EDINET_API_KEY未設定
2026-08-14T17:41:25.813592+00:00,6507,EDINET,,,failure,EDINET_API_KEY未設定
2026-08-14T17:41:25.813592+00:00,4182,EDINET,,,failure,EDINET_API_KEY未設定
2026-08-14T17:41:25.813592+00:00,2607,EDINET,,,failure,EDINET_API_KEY未設定
2026-08-14T17:41:25.813592+00:00,3399,EDINET,,,failure,EDINET_API_KEY未設定
2026-08-14T17:41:25.813592+00:00,6376,EDINET,,,failure,EDINET_API_KEY未設定
2026-08-14T17:41:25.813592+00:00,2158,EDINET,,,failure,EDINET_API_KEY未設定
2026-08-14T17:41:25.813592+00:00,2334,EDINET,,,failure,EDINET_API_KEY未設定
2026-08-14T17:41:25.813592+00:00,8628,EDINET,,,failure,EDINET_API_KEY未設定
2026-08-14T17:41:25.813592+00:00,1975,EDINET,,,failure,EDINET_API_KEY未設定
2026-08-14T17:41:25.813592+00:00,9793,EDINET,,,failure,EDINET_API_KEY未設定
2026-08-14T17:41:25.813592+00:00,9304,EDINET,,,failure,EDINET_API_KEY未設定
2026-08-14T17:41:25.813592+00:00,9551,EDINET,,,failure,EDINET_API_KEY未設定
2026-08-14T17:41:25.813592+00:00,3201,EDINET,,,failure,EDINET_API_KEY未設定
2026-08-14T17:41:25.813592+00:00,5243,EDINET,,,failure,EDINET_API_KEY未設定
2026-08-14T17:41:25.813592+00:00,6071,EDINET,,,failure,EDINET_API_KEY未設定
2026-08-14T17:41:25.813592+00:00,6055,EDINET,,,failure,EDINET_API_KEY未設定
2026-08-14T17:41:25.813592+00:00,9743,EDINET,,,failure,EDINET_API_KEY未設定
2026-08-14T17:41:25.813592+00:00,5288,EDINET,,,failure,EDINET_API_KEY未設定
2026-08-14T17:41:25.813592+00:00,7794,EDINET,,,failure,EDINET_API_KEY未設定
2026-08-14T17:41:25.813592+00:00,7966,EDINET,,,failure,EDINET_API_KEY未設定
2026-08-14T17:41:25.813592+00:00,5201,EDINET,,,failure,EDINET_API_KEY未設定
2026-08-14T17:41:25.813592+00:00,5889,EDINET,,,failure,EDINET_API_KEY未設定
2026-08-14T17:41:25.813592+00:00,7746,EDINET,,,failure,EDINET_API_KEY未設定
2026-08-14T17:41:25.813592+00:00,8103,EDINET,,,failure,EDINET_API_KEY未設定
2026-08-14T17:41:25.813592+00:00,6923,EDINET,,,failure,EDINET_API_KEY未設定
2026-08-14T17:41:25.813592+00:00,6858,EDINET,,,failure,EDINET_API_KEY未設定
2026-08-14T17:41:25.813592+00:00,3103,EDINET,,,failure,EDINET_API_KEY未設定
2026-08-14T17:41:25.813592+00:00,9042,EDINET,,,failure,EDINET_API_KEY未設定
2026-08-14T17:41:25.813592+00:00,8739,EDINET,,,failure,EDINET_API_KEY未設定
2026-08-14T17:41:25.813592+00:00,2986,EDINET,,,failure,EDINET_API_KEY未設定
2026-08-14T17:41:25.813592+00:00,3101,EDINET,,,failure,EDINET_API_KEY未設定
2026-08-14T17:41:25.813592+00:00,6855,EDINET,,,failure,EDINET_API_KEY未設定
2026-08-14T17:41:25.813592+00:00,6890,EDINET,,,failure,EDINET_API_KEY未設定
2026-08-14T17:41:25.813592+00:00,6958,EDINET,,,failure,EDINET_API_KEY未設定
2026-08-14T17:41:25.813592+00:00,3445,EDINET,,,failure,EDINET_API_KEY未設定
2026-08-14T17:41:25.813592+00:00,3810,EDINET,,,failure,EDINET_API_KEY未設定
2026-08-14T17:41:25.813592+00:00,3853,EDINET,,,failure,EDINET_API_KEY未設定
2026-08-14T17:41:25.813592+00:00,6324,EDINET,,,failure,EDINET_API_KEY未設定
2026-08-14T17:41:25.813592+00:00,8338,EDINET,,,failure,EDINET_API_KEY未設定
2026-08-14T17:41:25.813592+00:00,4099,EDINET,,,failure,EDINET_API_KEY未設定
2026-08-14T17:41:25.813592+00:00,8316,EDINET,,,failure,EDINET_API_KEY未設定
2026-08-14T17:41:25.813592+00:00,8399,EDINET,,,failure,EDINET_API_KEY未設定
2026-08-14T17:41:25.813592+00:00,6309,EDINET,,,failure,EDINET_API_KEY未設定
2026-08-14T17:41:25.813592+00:00,8267,EDINET,,,failure,EDINET_API_KEY未設定
2026-08-14T17:41:25.813592+00:00,6481,EDINET,,,failure,EDINET_API_KEY未設定
2026-08-14T17:41:25.813592+00:00,4169,EDINET,,,failure,EDINET_API_KEY未設定
2026-08-14T17:41:25.813592+00:00,6619,EDINET,,,failure,EDINET_API_KEY未設定
2026-08-14T17:41:25.813592+00:00,6594,EDINET,,,failure,EDINET_API_KEY未設定
2026-08-14T17:41:25.813592+00:00,7181,EDINET,,,failure,EDINET_API_KEY未設定
2026-08-14T17:41:25.813592+00:00,3465,EDINET,,,failure,EDINET_API_KEY未設定
2026-08-14T17:41:25.813592+00:00,4575,EDINET,,,failure,EDINET_API_KEY未設定
2026-08-14T17:41:25.813592+00:00,6472,EDINET,,,failure,EDINET_API_KEY未設定
2026-08-14T17:41:25.813592+00:00,4506,EDINET,,,failure,EDINET_API_KEY未設定
2026-08-14T17:41:25.813592+00:00,4997,EDINET,,,failure,EDINET_API_KEY未設定
2026-08-14T17:41:25.813592+00:00,4593,EDINET,,,failure,EDINET_API_KEY未設定
2026-08-14T17:41:25.813592+00:00,5985,EDINET,,,failure,EDINET_API_KEY未設定
2026-08-14T17:41:25.813592+00:00,6361,EDINET,,,failure,EDINET_API_KEY未設定
2026-08-14T17:41:25.813592+00:00,8012,EDINET,,,failure,EDINET_API_KEY未設定
2026-08-14T17:41:25.813592+00:00,7685,EDINET,,,failure,EDINET_API_KEY未設定
2026-08-14T17:41:25.813592+00:00,7537,EDINET,,,failure,EDINET_API_KEY未設定
2026-08-14T17:41:25.813592+00:00,5831,EDINET,,,failure,EDINET_API_KEY未設定
2026-08-14T17:41:25.813592+00:00,5384,EDINET,,,failure,EDINET_API_KEY未設定
2026-08-14T17:41:25.813592+00:00,7721,EDINET,,,failure,EDINET_API_KEY未設定
2026-08-14T17:41:25.813592+00:00,9508,EDINET,,,failure,EDINET_API_KEY未設定
2026-08-14T17:41:25.813592+00:00,3176,EDINET,,,failure,EDINET_API_KEY未設定
2026-08-14T17:41:25.813592+00:00,2220,EDINET,,,failure,EDINET_API_KEY未設定
2026-08-14T17:41:25.813592+00:00,2489,EDINET,,,failure,EDINET_API_KEY未設定
2026-08-14T17:41:25.813592+00:00,2168,EDINET,,,failure,EDINET_API_KEY未設定
2026-08-14T17:41:25.813592+00:00,2395,EDINET,,,failure,EDINET_API_KEY未設定
2026-08-14T17:41:25.813592+00:00,2201,EDINET,,,failure,EDINET_API_KEY未設定
2026-08-14T17:41:25.813592+00:00,5393,EDINET,,,failure,EDINET_API_KEY未設定
2026-08-14T17:41:25.813592+00:00,5714,EDINET,,,failure,EDINET_API_KEY未設定
2026-08-14T17:41:25.813592+00:00,9470,EDINET,,,failure,EDINET_API_KEY未設定
2026-08-14T17:41:25.813592+00:00,9511,EDINET,,,failure,EDINET_API_KEY未設定
2026-08-14T17:41:25.813592+00:00,9861,EDINET,,,failure,EDINET_API_KEY未設定
2026-08-14T17:41:25.813592+00:00,5240,EDINET,,,failure,EDINET_API_KEY未設定
2026-08-14T17:41:25.813592+00:00,4732,EDINET,,,failure,EDINET_API_KEY未設定
2026-08-14T17:41:25.813592+00:00,8572,EDINET,,,failure,EDINET_API_KEY未設定
2026-08-14T17:41:25.813592+00:00,3034,EDINET,,,failure,EDINET_API_KEY未設定
2026-08-14T17:41:25.813592+00:00,1801,EDINET,,,failure,EDINET_API_KEY未設定
2026-08-14T17:41:25.813592+00:00,9009,EDINET,,,failure,EDINET_API_KEY未設定
2026-08-14T17:41:25.813592+00:00,8129,EDINET,,,failure,EDINET_API_KEY未設定
2026-08-14T17:41:25.813592+00:00,8194,EDINET,,,failure,EDINET_API_KEY未設定
2026-08-14T17:41:25.813592+00:00,3946,EDINET,,,failure,EDINET_API_KEY未設定
2026-08-14T17:41:25.813592+00:00,3915,EDINET,,,failure,EDINET_API_KEY未設定
2026-08-14T17:41:25.813592+00:00,4272,EDINET,,,failure,EDINET_API_KEY未設定
2026-08-14T17:41:25.813592+00:00,4403,EDINET,,,failure,EDINET_API_KEY未設定
2026-08-14T17:41:25.813592+00:00,8060,EDINET,,,failure,EDINET_API_KEY未設定
2026-08-14T17:41:25.813592+00:00,4478,EDINET,,,failure,EDINET_API_KEY未設定
2026-08-14T17:41:25.813592+00:00,9031,EDINET,,,failure,EDINET_API_KEY未設定
2026-08-14T17:41:25.813592+00:00,6814,EDINET,,,failure,EDINET_API_KEY未設定
2026-08-14T17:41:25.813592+00:00,7071,EDINET,,,failure,EDINET_API_KEY未設定
2026-08-14T17:41:25.813592+00:00,6592,EDINET,,,failure,EDINET_API_KEY未設定
2026-08-14T17:41:25.813592+00:00,7226,EDINET,,,failure,EDINET_API_KEY未設定
2026-08-14T17:41:25.813592+00:00,7242,EDINET,,,failure,EDINET_API_KEY未設定
2026-08-14T17:41:25.813592+00:00,8604,EDINET,,,failure,EDINET_API_KEY未設定
2026-08-14T17:41:25.813592+00:00,2269,EDINET,,,failure,EDINET_API_KEY未設定
2026-08-14T17:41:25.813592+00:00,2222,EDINET,,,failure,EDINET_API_KEY未設定
2026-08-14T17:41:25.813592+00:00,8614,EDINET,,,failure,EDINET_API_KEY未設定
2026-08-14T17:41:25.813592+00:00,9506,EDINET,,,failure,EDINET_API_KEY未設定
2026-08-14T17:41:25.813592+00:00,9107,EDINET,,,failure,EDINET_API_KEY未設定
2026-08-14T17:41:25.813592+00:00,7730,EDINET,,,failure,EDINET_API_KEY未設定
2026-08-14T17:41:25.813592+00:00,1963,EDINET,,,failure,EDINET_API_KEY未設定
2026-08-14T17:41:25.813592+00:00,7744,EDINET,,,failure,EDINET_API_KEY未設定
2026-08-14T17:41:25.813592+00:00,3186,EDINET,,,failure,EDINET_API_KEY未設定
2026-08-14T17:41:25.813592+00:00,8624,EDINET,,,failure,EDINET_API_KEY未設定
2026-08-14T17:41:25.813592+00:00,9984,EDINET,,,failure,EDINET_API_KEY未設定
2026-08-14T17:41:25.813592+00:00,5838,EDINET,,,failure,EDINET_API_KEY未設定
2026-08-14T17:41:25.813592+00:00,6135,EDINET,,,failure,EDINET_API_KEY未設定
2026-08-14T17:41:25.813592+00:00,7752,EDINET,,,failure,EDINET_API_KEY未設定
2026-08-14T17:41:25.813592+00:00,7751,EDINET,,,failure,EDINET_API_KEY未設定
2026-08-14T17:41:25.813592+00:00,7912,EDINET,,,failure,EDINET_API_KEY未設定
2026-08-14T17:41:25.813592+00:00,4668,EDINET,,,failure,EDINET_API_KEY未設定
2026-08-14T17:41:25.813592+00:00,4634,EDINET,,,failure,EDINET_API_KEY未設定
2026-08-14T17:41:25.813592+00:00,4689,EDINET,,,failure,EDINET_API_KEY未設定
2026-08-14T17:41:25.813592+00:00,5331,EDINET,,,failure,EDINET_API_KEY未設定
2026-08-14T17:41:25.813592+00:00,6047,EDINET,,,failure,EDINET_API_KEY未設定
2026-08-14T17:41:25.813592+00:00,5074,EDINET,,,failure,EDINET_API_KEY未設定
2026-08-14T17:41:25.813592+00:00,5262,EDINET,,,failure,EDINET_API_KEY未設定
2026-08-14T17:41:25.813592+00:00,5344,EDINET,,,failure,EDINET_API_KEY未設定
2026-08-14T17:41:25.813592+00:00,5471,EDINET,,,failure,EDINET_API_KEY未設定
2026-08-14T17:41:25.813592+00:00,5631,EDINET,,,failure,EDINET_API_KEY未設定
2026-08-14T17:41:25.813592+00:00,5713,EDINET,,,failure,EDINET_API_KEY未設定
2026-08-14T17:41:25.813592+00:00,1982,EDINET,,,failure,EDINET_API_KEY未設定
2026-08-14T17:41:25.813592+00:00,9722,EDINET,,,failure,EDINET_API_KEY未設定
2026-08-14T17:41:25.813592+00:00,6407,EDINET,,,failure,EDINET_API_KEY未設定
2026-08-14T17:41:25.813592+00:00,7381,EDINET,,,failure,EDINET_API_KEY未設定
2026-08-14T17:41:25.813592+00:00,4565,EDINET,,,failure,EDINET_API_KEY未設定
2026-08-14T17:41:25.813592+00:00,4418,EDINET,,,failure,EDINET_API_KEY未設定
2026-08-14T17:41:25.813592+00:00,4552,EDINET,,,failure,EDINET_API_KEY未設定
2026-08-14T17:41:25.813592+00:00,8008,EDINET,,,failure,EDINET_API_KEY未設定
2026-08-14T17:41:25.813592+00:00,8005,EDINET,,,failure,EDINET_API_KEY未設定
2026-08-14T17:41:25.813592+00:00,8233,EDINET,,,failure,EDINET_API_KEY未設定
2026-08-14T17:41:25.813592+00:00,7380,EDINET,,,failure,EDINET_API_KEY未設定
2026-08-14T17:41:25.813592+00:00,7337,EDINET,,,failure,EDINET_API_KEY未設定
2026-08-14T17:41:25.813592+00:00,7280,EDINET,,,failure,EDINET_API_KEY未設定
2026-08-14T17:41:25.813592+00:00,7327,EDINET,,,failure,EDINET_API_KEY未設定
2026-08-14T17:41:25.813592+00:00,5715,EDINET,,,failure,EDINET_API_KEY未設定
2026-08-14T17:41:25.813592+00:00,5844,EDINET,,,failure,EDINET_API_KEY未設定
2026-08-14T17:41:25.813592+00:00,6371,EDINET,,,failure,EDINET_API_KEY未設定
2026-08-14T17:41:25.813592+00:00,6464,EDINET,,,failure,EDINET_API_KEY未設定
2026-08-14T17:41:25.813592+00:00,4228,EDINET,,,failure,EDINET_API_KEY未設定
2026-08-14T17:41:25.813592+00:00,4194,EDINET,,,failure,EDINET_API_KEY未設定
2026-08-14T17:41:25.813592+00:00,6627,EDINET,,,failure,EDINET_API_KEY未設定
2026-08-14T17:41:25.813592+00:00,3989,EDINET,,,failure,EDINET_API_KEY未設定
2026-08-14T17:41:25.813592+00:00,6323,EDINET,,,failure,EDINET_API_KEY未設定
2026-08-14T17:41:25.813592+00:00,6235,EDINET,,,failure,EDINET_API_KEY未設定
2026-08-14T17:41:25.813592+00:00,4008,EDINET,,,failure,EDINET_API_KEY未設定
2026-08-14T17:41:25.813592+00:00,3994,EDINET,,,failure,EDINET_API_KEY未設定
2026-08-14T17:41:25.813592+00:00,4042,EDINET,,,failure,EDINET_API_KEY未設定
2026-08-14T17:41:25.813592+00:00,3962,EDINET,,,failure,EDINET_API_KEY未設定
2026-08-14T17:41:25.813592+00:00,3964,EDINET,,,failure,EDINET_API_KEY未設定
2026-08-14T17:41:25.813592+00:00,8336,EDINET,,,failure,EDINET_API_KEY未設定
2026-08-14T17:41:25.813592+00:00,6250,EDINET,,,failure,EDINET_API_KEY未設定
2026-08-14T17:41:25.813592+00:00,6287,EDINET,,,failure,EDINET_API_KEY未設定
2026-08-14T17:41:25.813592+00:00,8341,EDINET,,,failure,EDINET_API_KEY未設定
2026-08-14T17:41:25.813592+00:00,8337,EDINET,,,failure,EDINET_API_KEY未設定
2026-08-14T17:41:25.813592+00:00,8343,EDINET,,,failure,EDINET_API_KEY未設定
2026-08-14T17:41:25.813592+00:00,8344,EDINET,,,failure,EDINET_API_KEY未設定
2026-08-14T17:41:25.813592+00:00,8304,EDINET,,,failure,EDINET_API_KEY未設定
2026-08-14T17:41:25.813592+00:00,8306,EDINET,,,failure,EDINET_API_KEY未設定
2026-08-14T17:41:25.813592+00:00,8345,EDINET,,,failure,EDINET_API_KEY未設定
2026-08-14T17:41:25.813592+00:00,8346,EDINET,,,failure,EDINET_API_KEY未設定
2026-08-14T17:41:25.813592+00:00,4475,EDINET,,,failure,EDINET_API_KEY未設定
2026-08-14T17:41:25.813592+00:00,4425,EDINET,,,failure,EDINET_API_KEY未設定
2026-08-14T17:41:25.813592+00:00,4396,EDINET,,,failure,EDINET_API_KEY未設定
2026-08-14T17:41:25.813592+00:00,4543,EDINET,,,failure,EDINET_API_KEY未設定
2026-08-14T17:41:25.813592+00:00,5805,EDINET,,,failure,EDINET_API_KEY未設定
2026-08-14T17:41:25.813592+00:00,5830,EDINET,,,failure,EDINET_API_KEY未設定
2026-08-14T17:41:25.813592+00:00,5832,EDINET,,,failure,EDINET_API_KEY未設定
2026-08-14T17:41:25.813592+00:00,5991,EDINET,,,failure,EDINET_API_KEY未設定
2026-08-14T17:41:25.813592+00:00,8359,EDINET,,,failure,EDINET_API_KEY未設定
2026-08-14T17:41:25.813592+00:00,8358,EDINET,,,failure,EDINET_API_KEY未設定
2026-08-14T17:41:25.813592+00:00,8354,EDINET,,,failure,EDINET_API_KEY未設定
2026-08-14T17:41:25.813592+00:00,8185,EDINET,,,failure,EDINET_API_KEY未設定
2026-08-14T17:41:25.813592+00:00,8331,EDINET,,,failure,EDINET_API_KEY未設定
2026-08-14T17:41:25.813592+00:00,8334,EDINET,,,failure,EDINET_API_KEY未設定
2026-08-14T17:41:25.813592+00:00,8308,EDINET,,,failure,EDINET_API_KEY未設定
2026-08-14T17:41:25.813592+00:00,8309,EDINET,,,failure,EDINET_API_KEY未設定
2026-08-14T17:41:25.813592+00:00,4109,EDINET,,,failure,EDINET_API_KEY未設定
2026-08-14T17:41:25.813592+00:00,3444,EDINET,,,failure,EDINET_API_KEY未設定
2026-08-14T17:41:25.813592+00:00,6508,EDINET,,,failure,EDINET_API_KEY未設定
2026-08-14T17:41:25.813592+00:00,6504,EDINET,,,failure,EDINET_API_KEY未設定
2026-08-14T17:41:25.813592+00:00,3401,EDINET,,,failure,EDINET_API_KEY未設定
2026-08-14T17:41:25.813592+00:00,3443,EDINET,,,failure,EDINET_API_KEY未設定
2026-08-14T17:41:25.813592+00:00,8360,EDINET,,,failure,EDINET_API_KEY未設定
2026-08-14T17:41:25.813592+00:00,8361,EDINET,,,failure,EDINET_API_KEY未設定
2026-08-14T17:41:25.813592+00:00,7186,EDINET,,,failure,EDINET_API_KEY未設定
2026-08-14T17:41:25.813592+00:00,7184,EDINET,,,failure,EDINET_API_KEY未設定
2026-08-14T17:41:25.813592+00:00,7011,EDINET,,,failure,EDINET_API_KEY未設定
2026-08-14T17:41:25.813592+00:00,7189,EDINET,,,failure,EDINET_API_KEY未設定
2026-08-14T17:41:25.813592+00:00,3167,EDINET,,,failure,EDINET_API_KEY未設定
2026-08-14T17:41:25.813592+00:00,2802,EDINET,,,failure,EDINET_API_KEY未設定
2026-08-14T17:41:25.813592+00:00,2962,EDINET,,,failure,EDINET_API_KEY未設定
2026-08-14T17:41:25.813592+00:00,3040,EDINET,,,failure,EDINET_API_KEY未設定
2026-08-14T17:41:25.813592+00:00,2685,EDINET,,,failure,EDINET_API_KEY未設定
2026-08-14T17:41:25.813592+00:00,2734,EDINET,,,failure,EDINET_API_KEY未設定
2026-08-14T17:41:25.813592+00:00,8550,EDINET,,,failure,EDINET_API_KEY未設定
2026-08-14T17:41:25.813592+00:00,8541,EDINET,,,failure,EDINET_API_KEY未設定
2026-08-14T17:41:25.813592+00:00,7164,EDINET,,,failure,EDINET_API_KEY未設定
2026-08-14T17:41:25.813592+00:00,7167,EDINET,,,failure,EDINET_API_KEY未設定
2026-08-14T17:41:25.813592+00:00,3668,EDINET,,,failure,EDINET_API_KEY未設定
2026-08-14T17:41:25.813592+00:00,3350,EDINET,,,failure,EDINET_API_KEY未設定
2026-08-14T17:41:25.813592+00:00,8411,EDINET,,,failure,EDINET_API_KEY未設定
2026-08-14T17:41:25.813592+00:00,8600,EDINET,,,failure,EDINET_API_KEY未設定
2026-08-14T17:41:25.813592+00:00,8570,EDINET,,,failure,EDINET_API_KEY未設定
2026-08-14T17:41:25.813592+00:00,8558,EDINET,,,failure,EDINET_API_KEY未設定
2026-08-14T17:41:25.813592+00:00,8370,EDINET,,,failure,EDINET_API_KEY未設定
2026-08-14T17:41:25.813592+00:00,8418,EDINET,,,failure,EDINET_API_KEY未設定
2026-08-14T17:41:25.813592+00:00,8522,EDINET,,,failure,EDINET_API_KEY未設定
2026-08-14T17:41:25.813592+00:00,8511,EDINET,,,failure,EDINET_API_KEY未設定
2026-08-14T17:41:25.813592+00:00,8386,EDINET,,,failure,EDINET_API_KEY未設定
2026-08-14T17:41:25.813592+00:00,8388,EDINET,,,failure,EDINET_API_KEY未設定
2026-08-14T17:41:25.813592+00:00,8393,EDINET,,,failure,EDINET_API_KEY未設定
2026-08-14T17:41:25.813592+00:00,8392,EDINET,,,failure,EDINET_API_KEY未設定
2026-08-14T17:41:25.813592+00:00,6952,EDINET,,,failure,EDINET_API_KEY未設定
2026-08-14T17:41:25.813592+00:00,8377,EDINET,,,failure,EDINET_API_KEY未設定
2026-08-14T17:41:25.813592+00:00,8381,EDINET,,,failure,EDINET_API_KEY未設定
2026-08-14T17:41:25.813592+00:00,8524,EDINET,,,failure,EDINET_API_KEY未設定
2026-08-14T17:41:25.813592+00:00,6882,EDINET,,,failure,EDINET_API_KEY未設定
2026-08-14T17:41:25.813592+00:00,6875,EDINET,,,failure,EDINET_API_KEY未設定
2026-08-14T17:41:25.813592+00:00,6871,EDINET,,,failure,EDINET_API_KEY未設定
2026-08-14T17:41:25.813592+00:00,6752,EDINET,,,failure,EDINET_API_KEY未設定
2026-08-14T17:41:25.813592+00:00,1721,EDINET,,,failure,EDINET_API_KEY未設定
2026-08-14T17:41:25.813592+00:00,8714,EDINET,,,failure,EDINET_API_KEY未設定
2026-08-14T17:41:25.813592+00:00,8789,EDINET,,,failure,EDINET_API_KEY未設定
2026-08-14T17:41:25.813592+00:00,6754,EDINET,,,failure,EDINET_API_KEY未設定
2026-08-14T17:41:25.813592+00:00,1822,EDINET,,,failure,EDINET_API_KEY未設定
2026-08-14T17:41:25.813592+00:00,8707,EDINET,,,failure,EDINET_API_KEY未設定
2026-08-14T17:41:25.813592+00:00,8934,EDINET,,,failure,EDINET_API_KEY未設定
2026-08-14T17:41:25.813592+00:00,1852,EDINET,,,failure,EDINET_API_KEY未設定
2026-08-14T17:41:25.813592+00:00,8892,EDINET,,,failure,EDINET_API_KEY未設定
2026-08-14T17:41:25.813592+00:00,8897,EDINET,,,failure,EDINET_API_KEY未設定
2026-08-14T17:41:25.813592+00:00,9072,EDINET,,,failure,EDINET_API_KEY未設定
2026-08-14T17:41:25.813592+00:00,1719,EDINET,,,failure,EDINET_API_KEY未設定
2026-08-14T17:41:25.813592+00:00,1333,EDINET,,,failure,EDINET_API_KEY未設定
2026-08-14T17:41:25.813592+00:00,1814,EDINET,,,failure,EDINET_API_KEY未設定
2026-08-14T17:41:25.813592+00:00,1951,EDINET,,,failure,EDINET_API_KEY未設定
2026-08-14T17:41:25.813592+00:00,7616,EDINET,,,failure,EDINET_API_KEY未設定
2026-08-14T17:41:25.813592+00:00,9348,EDINET,,,failure,EDINET_API_KEY未設定
2026-08-14T17:41:25.813592+00:00,6966,EDINET,,,failure,EDINET_API_KEY未設定
2026-08-14T17:41:25.813592+00:00,6838,EDINET,,,failure,EDINET_API_KEY未設定
2026-08-14T17:41:25.813592+00:00,6516,EDINET,,,failure,EDINET_API_KEY未設定
2026-08-14T17:41:25.813592+00:00,7701,EDINET,,,failure,EDINET_API_KEY未設定
2026-08-14T17:41:25.813592+00:00,5817,EDINET,,,failure,EDINET_API_KEY未設定
2026-08-14T17:41:25.813592+00:00,7609,EDINET,,,failure,EDINET_API_KEY未設定
2026-08-14T17:41:25.813592+00:00,7241,EDINET,,,failure,EDINET_API_KEY未設定
2026-08-14T17:41:25.813592+00:00,6298,EDINET,,,failure,EDINET_API_KEY未設定
2026-08-14T17:41:25.813592+00:00,7224,EDINET,,,failure,EDINET_API_KEY未設定
2026-08-14T17:41:25.813592+00:00,7202,EDINET,,,failure,EDINET_API_KEY未設定
2026-08-14T17:41:25.813592+00:00,6232,EDINET,,,failure,EDINET_API_KEY未設定
2026-08-14T17:41:25.813592+00:00,6613,EDINET,,,failure,EDINET_API_KEY未設定
2026-08-14T17:41:25.813592+00:00,6532,EDINET,,,failure,EDINET_API_KEY未設定
2026-08-14T17:41:25.813592+00:00,6524,EDINET,,,failure,EDINET_API_KEY未設定
2026-08-14T17:41:25.813592+00:00,7476,EDINET,,,failure,EDINET_API_KEY未設定
2026-08-14T17:41:25.813592+00:00,4118,EDINET,,,failure,EDINET_API_KEY未設定
2026-08-14T17:41:25.813592+00:00,3569,EDINET,,,failure,EDINET_API_KEY未設定
2026-08-14T17:41:25.813592+00:00,3676,EDINET,,,failure,EDINET_API_KEY未設定
2026-08-14T17:41:25.813592+00:00,8043,EDINET,,,failure,EDINET_API_KEY未設定
2026-08-14T17:41:25.813592+00:00,4828,EDINET,,,failure,EDINET_API_KEY未設定
2026-08-14T17:41:25.813592+00:00,4222,EDINET,,,failure,EDINET_API_KEY未設定
2026-08-14T17:41:25.813592+00:00,3891,EDINET,,,failure,EDINET_API_KEY未設定
2026-08-14T17:41:25.813592+00:00,4819,EDINET,,,failure,EDINET_API_KEY未設定
2026-08-14T17:41:25.813592+00:00,7735,EDINET,,,failure,EDINET_API_KEY未設定
2026-08-14T17:41:25.813592+00:00,7984,EDINET,,,failure,EDINET_API_KEY未設定
2026-08-14T17:41:25.813592+00:00,4617,EDINET,,,failure,EDINET_API_KEY未設定
2026-08-14T17:41:25.813592+00:00,5445,EDINET,,,failure,EDINET_API_KEY未設定
2026-08-14T17:41:25.813592+00:00,5016,EDINET,,,failure,EDINET_API_KEY未設定
2026-08-14T17:41:25.813592+00:00,6166,EDINET,,,failure,EDINET_API_KEY未設定
2026-08-14T17:41:25.813592+00:00,6203,EDINET,,,failure,EDINET_API_KEY未設定
2026-08-14T17:41:25.813592+00:00,4091,EDINET,,,failure,EDINET_API_KEY未設定
2026-08-14T17:41:25.813592+00:00,2127,EDINET,,,failure,EDINET_API_KEY未設定
2026-08-14T17:41:25.813592+00:00,8771,EDINET,,,failure,EDINET_API_KEY未設定
2026-08-14T17:41:25.813592+00:00,8708,EDINET,,,failure,EDINET_API_KEY未設定
2026-08-14T17:41:25.813592+00:00,3099,EDINET,,,failure,EDINET_API_KEY未設定
2026-08-14T17:41:25.813592+00:00,8584,EDINET,,,failure,EDINET_API_KEY未設定
2026-08-14T17:41:25.813592+00:00,2784,EDINET,,,failure,EDINET_API_KEY未設定
2026-08-14T17:41:25.813592+00:00,8439,EDINET,,,failure,EDINET_API_KEY未設定
2026-08-14T17:41:25.813592+00:00,2590,EDINET,,,failure,EDINET_API_KEY未設定
2026-08-14T17:41:25.813592+00:00,2809,EDINET,,,failure,EDINET_API_KEY未設定
2026-08-14T17:41:25.813592+00:00,7741,EDINET,,,failure,EDINET_API_KEY未設定
2026-08-14T17:41:25.813592+00:00,7976,EDINET,,,failure,EDINET_API_KEY未設定
2026-08-14T17:41:25.813592+00:00,4813,EDINET,,,failure,EDINET_API_KEY未設定
2026-08-14T17:41:25.813592+00:00,4894,EDINET,,,failure,EDINET_API_KEY未設定
2026-08-14T17:41:25.813592+00:00,4722,EDINET,,,failure,EDINET_API_KEY未設定
2026-08-14T17:41:25.813592+00:00,5310,EDINET,,,failure,EDINET_API_KEY未設定
2026-08-14T17:41:25.813592+00:00,5857,EDINET,,,failure,EDINET_API_KEY未設定
2026-08-14T17:41:25.813592+00:00,6741,EDINET,,,failure,EDINET_API_KEY未設定
2026-08-14T17:41:25.813592+00:00,7409,EDINET,,,failure,EDINET_API_KEY未設定
2026-08-14T17:41:25.813592+00:00,7240,EDINET,,,failure,EDINET_API_KEY未設定
2026-08-14T17:41:25.813592+00:00,6339,EDINET,,,failure,EDINET_API_KEY未設定
2026-08-14T17:41:25.813592+00:00,9119,EDINET,,,failure,EDINET_API_KEY未設定
2026-08-14T17:41:25.813592+00:00,9104,EDINET,,,failure,EDINET_API_KEY未設定
2026-08-14T17:41:25.813592+00:00,9101,EDINET,,,failure,EDINET_API_KEY未設定
2026-08-14T17:41:25.813592+00:00,9934,EDINET,,,failure,EDINET_API_KEY未設定
2026-08-14T17:41:25.813592+00:00,6914,EDINET,,,failure,EDINET_API_KEY未設定
2026-08-14T17:41:25.813592+00:00,6486,EDINET,,,failure,EDINET_API_KEY未設定
2026-08-14T17:41:25.813592+00:00,6986,EDINET,,,failure,EDINET_API_KEY未設定
2026-08-14T17:41:25.813592+00:00,7610,EDINET,,,failure,EDINET_API_KEY未設定
2026-08-14T17:41:25.813592+00:00,2768,EDINET,,,failure,EDINET_API_KEY未設定
2026-08-14T17:41:25.813592+00:00,3769,EDINET,,,failure,EDINET_API_KEY未設定
2026-08-14T17:41:25.813592+00:00,4183,EDINET,,,failure,EDINET_API_KEY未設定
2026-08-14T17:41:25.813592+00:00,2384,EDINET,,,failure,EDINET_API_KEY未設定
2026-08-14T17:41:25.813592+00:00,8613,EDINET,,,failure,EDINET_API_KEY未設定
2026-08-14T17:41:25.813592+00:00,8841,EDINET,,,failure,EDINET_API_KEY未設定
2026-08-14T17:41:25.813592+00:00,5707,EDINET,,,failure,EDINET_API_KEY未設定
2026-08-14T17:41:25.813592+00:00,6098,EDINET,,,failure,EDINET_API_KEY未設定
2026-08-14T17:41:25.813592+00:00,8032,EDINET,,,failure,EDINET_API_KEY未設定
2026-08-14T17:41:25.813592+00:00,2206,EDINET,,,failure,EDINET_API_KEY未設定
2026-08-14T17:41:25.813592+00:00,3105,EDINET,,,failure,EDINET_API_KEY未設定
2026-08-14T17:41:25.813592+00:00,2371,EDINET,,,failure,EDINET_API_KEY未設定
2026-08-14T17:41:25.813592+00:00,2267,EDINET,,,failure,EDINET_API_KEY未設定
2026-08-14T17:41:25.813592+00:00,8622,EDINET,,,failure,EDINET_API_KEY未設定
2026-08-14T17:41:25.813592+00:00,2175,EDINET,,,failure,EDINET_API_KEY未設定
2026-08-14T17:41:25.813592+00:00,3276,EDINET,,,failure,EDINET_API_KEY未設定
2026-08-14T17:41:25.813592+00:00,2975,EDINET,,,failure,EDINET_API_KEY未設定
2026-08-14T17:41:25.813592+00:00,7599,EDINET,,,failure,EDINET_API_KEY未設定
2026-08-14T17:41:25.813592+00:00,7456,EDINET,,,failure,EDINET_API_KEY未設定
2026-08-14T17:41:25.813592+00:00,7138,EDINET,,,failure,EDINET_API_KEY未設定
2026-08-14T17:41:25.813592+00:00,6963,EDINET,,,failure,EDINET_API_KEY未設定
2026-08-14T17:41:25.813592+00:00,6862,EDINET,,,failure,EDINET_API_KEY未設定
2026-08-14T17:41:25.813592+00:00,6857,EDINET,,,failure,EDINET_API_KEY未設定
2026-08-14T17:41:25.813592+00:00,6506,EDINET,,,failure,EDINET_API_KEY未設定
2026-08-14T17:41:25.813592+00:00,6501,EDINET,,,failure,EDINET_API_KEY未設定
2026-08-14T17:41:25.813592+00:00,6521,EDINET,,,failure,EDINET_API_KEY未設定
2026-08-14T17:41:25.813592+00:00,5801,EDINET,,,failure,EDINET_API_KEY未設定
2026-08-14T17:41:25.813592+00:00,6645,EDINET,,,failure,EDINET_API_KEY未設定
2026-08-14T17:41:25.813592+00:00,6616,EDINET,,,failure,EDINET_API_KEY未設定
2026-08-14T17:41:25.813592+00:00,6572,EDINET,,,failure,EDINET_API_KEY未設定
2026-08-14T17:41:25.813592+00:00,6525,EDINET,,,failure,EDINET_API_KEY未設定
2026-08-14T17:41:25.813592+00:00,6522,EDINET,,,failure,EDINET_API_KEY未設定
2026-08-14T17:41:25.813592+00:00,6327,EDINET,,,failure,EDINET_API_KEY未設定
2026-08-14T17:41:25.813592+00:00,7236,EDINET,,,failure,EDINET_API_KEY未設定
2026-08-14T17:41:25.813592+00:00,9678,EDINET,,,failure,EDINET_API_KEY未設定
2026-08-14T17:41:25.813592+00:00,6769,EDINET,,,failure,EDINET_API_KEY未設定
2026-08-14T17:41:25.813592+00:00,9468,EDINET,,,failure,EDINET_API_KEY未設定
2026-08-14T17:41:25.813592+00:00,1663,EDINET,,,failure,EDINET_API_KEY未設定
2026-08-14T17:41:25.813592+00:00,2229,EDINET,,,failure,EDINET_API_KEY未設定
2026-08-14T17:41:25.813592+00:00,3086,EDINET,,,failure,EDINET_API_KEY未設定
2026-08-14T17:41:25.813592+00:00,3168,EDINET,,,failure,EDINET_API_KEY未設定
2026-08-14T17:41:25.813592+00:00,3002,EDINET,,,failure,EDINET_API_KEY未設定
2026-08-14T17:41:25.813592+00:00,2931,EDINET,,,failure,EDINET_API_KEY未設定
2026-08-14T17:41:25.813592+00:00,3791,EDINET,,,failure,EDINET_API_KEY未設定
2026-08-14T17:41:25.813592+00:00,3825,EDINET,,,failure,EDINET_API_KEY未設定
2026-08-14T17:41:25.813592+00:00,3544,EDINET,,,failure,EDINET_API_KEY未設定
2026-08-14T17:41:25.813592+00:00,4188,EDINET,,,failure,EDINET_API_KEY未設定
2026-08-14T17:41:25.813592+00:00,4165,EDINET,,,failure,EDINET_API_KEY未設定
2026-08-14T17:41:25.813592+00:00,4107,EDINET,,,failure,EDINET_API_KEY未設定
2026-08-14T17:41:25.813592+00:00,4914,EDINET,,,failure,EDINET_API_KEY未設定
2026-08-14T17:41:25.813592+00:00,4680,EDINET,,,failure,EDINET_API_KEY未設定
2026-08-14T17:41:25.813592+00:00,3878,EDINET,,,failure,EDINET_API_KEY未設定
2026-08-14T17:41:25.813592+00:00,4023,EDINET,,,failure,EDINET_API_KEY未設定
2026-08-14T17:41:25.813592+00:00,4044,EDINET,,,failure,EDINET_API_KEY未設定
2026-08-14T17:41:25.813592+00:00,4592,EDINET,,,failure,EDINET_API_KEY未設定
2026-08-14T17:41:25.813592+00:00,4483,EDINET,,,failure,EDINET_API_KEY未設定
2026-08-14T17:41:25.813592+00:00,4202,EDINET,,,failure,EDINET_API_KEY未設定
2026-08-14T17:41:25.813592+00:00,6217,EDINET,,,failure,EDINET_API_KEY未設定
2026-08-14T17:41:25.813592+00:00,5563,EDINET,,,failure,EDINET_API_KEY未設定
2026-08-14T17:41:25.813592+00:00,7911,EDINET,,,failure,EDINET_API_KEY未設定
2026-08-14T17:41:25.813592+00:00,7826,EDINET,,,failure,EDINET_API_KEY未設定
2026-08-14T17:41:25.813592+00:00,7762,EDINET,,,failure,EDINET_API_KEY未設定
2026-08-14T17:41:25.813592+00:00,7868,EDINET,,,failure,EDINET_API_KEY未設定
2026-08-14T17:41:25.813592+00:00,7906,EDINET,,,failure,EDINET_API_KEY未設定
2026-08-14T17:41:25.813592+00:00,5381,EDINET,,,failure,EDINET_API_KEY未設定
2026-08-14T17:41:25.813592+00:00,6072,EDINET,,,failure,EDINET_API_KEY未設定
2026-08-14T17:41:25.813592+00:00,6027,EDINET,,,failure,EDINET_API_KEY未設定
2026-08-14T17:41:25.813592+00:00,2801,EDINET,,,failure,EDINET_API_KEY未設定
2026-08-14T17:41:25.813592+00:00,8367,EDINET,,,failure,EDINET_API_KEY未設定
2026-08-14T17:41:25.813592+00:00,3558,EDINET,,,failure,EDINET_API_KEY未設定
2026-08-14T17:41:25.813592+00:00,4381,EDINET,,,failure,EDINET_API_KEY未設定
2026-08-14T17:41:25.813592+00:00,8117,EDINET,,,failure,EDINET_API_KEY未設定
2026-08-14T17:41:25.813592+00:00,8252,EDINET,,,failure,EDINET_API_KEY未設定
2026-08-14T17:41:25.813592+00:00,4973,EDINET,,,failure,EDINET_API_KEY未設定
2026-08-14T17:41:25.813592+00:00,4062,EDINET,,,failure,EDINET_API_KEY未設定
2026-08-14T17:41:25.813592+00:00,4095,EDINET,,,failure,EDINET_API_KEY未設定
2026-08-14T17:41:25.813592+00:00,9983,EDINET,,,failure,EDINET_API_KEY未設定
2026-08-14T17:41:25.813592+00:00,9997,EDINET,,,failure,EDINET_API_KEY未設定
2026-08-14T17:41:25.813592+00:00,9716,EDINET,,,failure,EDINET_API_KEY未設定
2026-08-14T17:41:25.813592+00:00,9418,EDINET,,,failure,EDINET_API_KEY未設定
2026-08-14T17:41:25.813592+00:00,6902,EDINET,,,failure,EDINET_API_KEY未設定
2026-08-14T17:41:25.813592+00:00,9900,EDINET,,,failure,EDINET_API_KEY未設定
2026-08-14T17:41:25.813592+00:00,9201,EDINET,,,failure,EDINET_API_KEY未設定
2026-08-14T17:41:25.813592+00:00,7564,EDINET,,,failure,EDINET_API_KEY未設定
2026-08-14T17:41:25.813592+00:00,7453,EDINET,,,failure,EDINET_API_KEY未設定
2026-08-14T17:41:25.813592+00:00,7458,EDINET,,,failure,EDINET_API_KEY未設定
2026-08-14T17:41:25.813592+00:00,7545,EDINET,,,failure,EDINET_API_KEY未設定
2026-08-14T17:41:25.813592+00:00,7199,EDINET,,,failure,EDINET_API_KEY未設定
2026-08-14T17:41:25.813592+00:00,1909,EDINET,,,failure,EDINET_API_KEY未設定
2026-08-14T17:41:25.813592+00:00,1887,EDINET,,,failure,EDINET_API_KEY未設定
2026-08-14T17:41:25.813592+00:00,6196,EDINET,,,failure,EDINET_API_KEY未設定
2026-08-14T17:41:25.813592+00:00,5101,EDINET,,,failure,EDINET_API_KEY未設定
2026-08-14T17:41:25.813592+00:00,5253,EDINET,,,failure,EDINET_API_KEY未設定
2026-08-14T17:41:25.813592+00:00,5027,EDINET,,,failure,EDINET_API_KEY未設定
2026-08-14T17:41:25.813592+00:00,5032,EDINET,,,failure,EDINET_API_KEY未設定
2026-08-14T17:41:25.813592+00:00,6178,EDINET,,,failure,EDINET_API_KEY未設定
2026-08-14T17:41:25.813592+00:00,7867,EDINET,,,failure,EDINET_API_KEY未設定
2026-08-14T17:41:25.813592+00:00,7988,EDINET,,,failure,EDINET_API_KEY未設定
2026-08-14T17:41:25.813592+00:00,4676,EDINET,,,failure,EDINET_API_KEY未設定
2026-08-14T17:41:25.813592+00:00,3923,EDINET,,,failure,EDINET_API_KEY未設定
2026-08-14T17:41:25.813592+00:00,4385,EDINET,,,failure,EDINET_API_KEY未設定
2026-08-14T17:41:25.813592+00:00,4373,EDINET,,,failure,EDINET_API_KEY未設定
2026-08-14T17:41:25.813592+00:00,4544,EDINET,,,failure,EDINET_API_KEY未設定
2026-08-14T17:41:25.813592+00:00,4413,EDINET,,,failure,EDINET_API_KEY未設定
2026-08-14T17:41:25.813592+00:00,4812,EDINET,,,failure,EDINET_API_KEY未設定
2026-08-14T17:41:25.813592+00:00,4204,EDINET,,,failure,EDINET_API_KEY未設定
2026-08-14T17:41:25.813592+00:00,4324,EDINET,,,failure,EDINET_API_KEY未設定
2026-08-14T17:41:25.813592+00:00,4816,EDINET,,,failure,EDINET_API_KEY未設定
2026-08-14T17:41:25.813592+00:00,4776,EDINET,,,failure,EDINET_API_KEY未設定
2026-08-14T17:41:25.813592+00:00,4704,EDINET,,,failure,EDINET_API_KEY未設定
2026-08-14T17:41:25.813592+00:00,4088,EDINET,,,failure,EDINET_API_KEY未設定
2026-08-14T17:41:25.813592+00:00,4180,EDINET,,,failure,EDINET_API_KEY未設定
2026-08-14T17:41:25.813592+00:00,3391,EDINET,,,failure,EDINET_API_KEY未設定
2026-08-14T17:41:25.813592+00:00,3498,EDINET,,,failure,EDINET_API_KEY未設定
2026-08-14T17:41:25.813592+00:00,3608,EDINET,,,failure,EDINET_API_KEY未設定
2026-08-14T17:41:25.813592+00:00,2749,EDINET,,,failure,EDINET_API_KEY未設定
2026-08-14T17:41:25.813592+00:00,2670,EDINET,,,failure,EDINET_API_KEY未設定
2026-08-14T17:41:25.813592+00:00,8425,EDINET,,,failure,EDINET_API_KEY未設定
2026-08-14T17:41:25.813592+00:00,3865,EDINET,,,failure,EDINET_API_KEY未設定
2026-08-14T17:41:25.813592+00:00,3660,EDINET,,,failure,EDINET_API_KEY未設定
2026-08-14T17:41:25.813592+00:00,3661,EDINET,,,failure,EDINET_API_KEY未設定
2026-08-14T17:41:25.813592+00:00,2327,EDINET,,,failure,EDINET_API_KEY未設定
2026-08-14T17:41:25.813592+00:00,2181,EDINET,,,failure,EDINET_API_KEY未設定
2026-08-14T17:41:25.813592+00:00,2585,EDINET,,,failure,EDINET_API_KEY未設定
2026-08-14T17:41:25.813592+00:00,2501,EDINET,,,failure,EDINET_API_KEY未設定
2026-08-14T17:41:25.813592+00:00,2492,EDINET,,,failure,EDINET_API_KEY未設定
2026-08-14T17:41:25.813592+00:00,8706,EDINET,,,failure,EDINET_API_KEY未設定
2026-08-14T17:41:25.813592+00:00,8876,EDINET,,,failure,EDINET_API_KEY未設定
2026-08-14T17:41:25.813592+00:00,9023,EDINET,,,failure,EDINET_API_KEY未設定
2026-08-14T17:41:25.813592+00:00,9024,EDINET,,,failure,EDINET_API_KEY未設定
2026-08-14T17:41:25.813592+00:00,9069,EDINET,,,failure,EDINET_API_KEY未設定
2026-08-14T17:41:25.823241+00:00,4751,未取得,,,failure,公式取得元または参照先なし
2026-08-14T17:41:25.823241+00:00,1860,未取得,,,failure,公式取得元または参照先なし
2026-08-14T17:41:25.823241+00:00,6969,未取得,,,failure,公式取得元または参照先なし
2026-08-14T17:41:25.823241+00:00,4755,未取得,,,failure,公式取得元または参照先なし
2026-08-14T17:41:25.823241+00:00,1968,未取得,,,failure,公式取得元または参照先なし
2026-08-14T17:41:25.823241+00:00,3299,未取得,,,failure,公式取得元または参照先なし
2026-08-14T17:41:25.823241+00:00,4889,未取得,,,failure,公式取得元または参照先なし
2026-08-14T17:41:25.823241+00:00,4975,未取得,,,failure,公式取得元または参照先なし
2026-08-14T17:41:25.823241+00:00,4971,未取得,,,failure,公式取得元または参照先なし
2026-08-14T17:41:25.823241+00:00,8508,未取得,,,failure,公式取得元または参照先なし
2026-08-14T17:41:25.823241+00:00,4275,未取得,,,failure,公式取得元または参照先なし
2026-08-14T17:41:25.823241+00:00,1969,未取得,,,failure,公式取得元または参照先なし
2026-08-14T17:41:25.823241+00:00,1944,未取得,,,failure,公式取得元または参照先なし
2026-08-14T17:41:25.823241+00:00,4901,未取得,,,failure,公式取得元または参照先なし
2026-08-14T17:41:25.823241+00:00,1952,未取得,,,failure,公式取得元または参照先なし
2026-08-14T17:41:25.823241+00:00,4047,未取得,,,failure,公式取得元または参照先なし
2026-08-14T17:41:25.823241+00:00,6544,未取得,,,failure,公式取得元または参照先なし
2026-08-14T17:41:25.823241+00:00,8848,未取得,,,failure,公式取得元または参照先なし
2026-08-14T17:41:25.823241+00:00,7715,未取得,,,failure,公式取得元または参照先なし
2026-08-14T17:41:25.823241+00:00,3479,未取得,,,failure,公式取得元または参照先なし
2026-08-14T17:41:25.823241+00:00,6787,未取得,,,failure,公式取得元または参照先なし
2026-08-14T17:41:25.823241+00:00,4078,未取得,,,failure,公式取得元または参照先なし
2026-08-14T17:41:25.823241+00:00,6768,未取得,,,failure,公式取得元または参照先なし
2026-08-14T17:41:25.823241+00:00,4980,未取得,,,failure,公式取得元または参照先なし
2026-08-14T17:41:25.823241+00:00,6145,未取得,,,failure,公式取得元または参照先なし
2026-08-14T17:41:25.823241+00:00,6656,未取得,,,failure,公式取得元または参照先なし
2026-08-14T17:41:25.823241+00:00,6703,未取得,,,failure,公式取得元または参照先なし
2026-08-14T17:41:25.823241+00:00,1815,未取得,,,failure,公式取得元または参照先なし
2026-08-14T17:41:25.823241+00:00,7760,未取得,,,failure,公式取得元または参照先なし
2026-08-14T17:41:25.823241+00:00,1959,未取得,,,failure,公式取得元または参照先なし
2026-08-14T17:41:25.823241+00:00,4368,未取得,,,failure,公式取得元または参照先なし
2026-08-14T17:41:25.823241+00:00,4935,未取得,,,failure,公式取得元または参照先なし
2026-08-14T17:41:25.823241+00:00,7915,未取得,,,failure,公式取得元または参照先なし
2026-08-14T17:41:25.823241+00:00,7917,未取得,,,failure,公式取得元または参照先なし
2026-08-14T17:41:25.823241+00:00,1976,未取得,,,failure,公式取得元または参照先なし
2026-08-14T17:41:25.823241+00:00,9517,未取得,,,failure,公式取得元または参照先なし
2026-08-14T17:41:25.823241+00:00,6118,未取得,,,failure,公式取得元または参照先なし
2026-08-14T17:41:25.823241+00:00,5989,未取得,,,failure,公式取得元または参照先なし
2026-08-14T17:41:25.823241+00:00,6209,未取得,,,failure,公式取得元または参照先なし
2026-08-14T17:41:25.823241+00:00,6266,未取得,,,failure,公式取得元または参照先なし
2026-08-14T17:41:25.823241+00:00,6458,未取得,,,failure,公式取得元または参照先なし
2026-08-14T17:41:25.823241+00:00,6845,未取得,,,failure,公式取得元または参照先なし
2026-08-14T17:41:25.823241+00:00,1950,未取得,,,failure,公式取得元または参照先なし
2026-08-14T17:41:25.823241+00:00,4548,未取得,,,failure,公式取得元または参照先なし
2026-08-14T17:41:25.823241+00:00,6976,未取得,,,failure,公式取得元または参照先なし
2026-08-14T17:41:25.823241+00:00,6807,未取得,,,failure,公式取得元または参照先なし
2026-08-14T17:41:25.823241+00:00,9006,未取得,,,failure,公式取得元または参照先なし
2026-08-14T17:41:25.823241+00:00,3905,未取得,,,failure,公式取得元または参照先なし
2026-08-14T17:41:25.823241+00:00,3837,未取得,,,failure,公式取得元または参照先なし
2026-08-14T17:41:25.823241+00:00,6526,未取得,,,failure,公式取得元または参照先なし
2026-08-14T17:41:25.823241+00:00,6856,未取得,,,failure,公式取得元または参照先なし
2026-08-14T17:41:25.823241+00:00,1407,未取得,,,failure,公式取得元または参照先なし
2026-08-14T17:41:25.823241+00:00,6996,未取得,,,failure,公式取得元または参照先なし
2026-08-14T17:41:25.823241+00:00,6806,未取得,,,failure,公式取得元または参照先なし
2026-08-14T17:41:25.823241+00:00,6961,未取得,,,failure,公式取得元または参照先なし
2026-08-14T17:41:25.823241+00:00,4626,未取得,,,failure,公式取得元または参照先なし
2026-08-14T17:41:25.823241+00:00,7220,未取得,,,failure,公式取得元または参照先なし
2026-08-14T17:41:25.823241+00:00,4620,未取得,,,failure,公式取得元または参照先なし
2026-08-14T17:41:25.823241+00:00,6622,未取得,,,failure,公式取得元または参照先なし
2026-08-14T17:41:25.823241+00:00,6997,未取得,,,failure,公式取得元または参照先なし
2026-08-14T17:41:25.823241+00:00,6638,未取得,,,failure,公式取得元または参照先なし
2026-08-14T17:41:25.823241+00:00,7012,未取得,,,failure,公式取得元または参照先なし
2026-08-14T17:41:25.823241+00:00,2874,未取得,,,failure,公式取得元または参照先なし
2026-08-14T17:41:25.823241+00:00,7245,未取得,,,failure,公式取得元または参照先なし
2026-08-14T17:41:25.823241+00:00,6368,未取得,,,failure,公式取得元または参照先なし
2026-08-14T17:41:25.823241+00:00,1942,未取得,,,failure,公式取得元または参照先なし
2026-08-14T17:41:25.823241+00:00,6707,未取得,,,failure,公式取得元または参照先なし
2026-08-14T17:41:25.823241+00:00,8601,未取得,,,failure,公式取得元または参照先なし
2026-08-14T17:41:25.823241+00:00,3482,未取得,,,failure,公式取得元または参照先なし
2026-08-14T17:41:25.823241+00:00,1419,未取得,,,failure,公式取得元または参照先なし
2026-08-14T17:41:25.823241+00:00,1833,未取得,,,failure,公式取得元または参照先なし
2026-08-14T17:41:25.823241+00:00,6777,未取得,,,failure,公式取得元または参照先なし
2026-08-14T17:41:25.823241+00:00,2120,未取得,,,failure,公式取得元または参照先なし
2026-08-14T17:41:25.823241+00:00,3245,未取得,,,failure,公式取得元または参照先なし
2026-08-14T17:41:25.823241+00:00,2157,未取得,,,failure,公式取得元または参照先なし
2026-08-14T17:41:25.823241+00:00,9274,未取得,,,failure,公式取得元または参照先なし
2026-08-14T17:41:25.823241+00:00,8818,未取得,,,failure,公式取得元または参照先なし
2026-08-14T17:41:25.823241+00:00,4674,未取得,,,failure,公式取得元または参照先なし
2026-08-14T17:41:25.823241+00:00,7860,未取得,,,failure,公式取得元または参照先なし
2026-08-14T17:41:25.823241+00:00,7979,未取得,,,failure,公式取得元または参照先なし
2026-08-14T17:41:25.823241+00:00,5208,未取得,,,failure,公式取得元または参照先なし
2026-08-14T17:41:25.823241+00:00,5232,未取得,,,failure,公式取得元または参照先なし
2026-08-14T17:41:25.823241+00:00,5105,未取得,,,failure,公式取得元または参照先なし
2026-08-14T17:41:25.823241+00:00,1938,未取得,,,failure,公式取得元または参照先なし
2026-08-14T17:41:25.823241+00:00,6378,未取得,,,failure,公式取得元または参照先なし
2026-08-14T17:41:25.823241+00:00,6330,未取得,,,failure,公式取得元または参照先なし
2026-08-14T17:41:25.823241+00:00,7611,未取得,,,failure,公式取得元または参照先なし
2026-08-14T17:41:25.823241+00:00,6951,未取得,,,failure,公式取得元または参照先なし
2026-08-14T17:41:25.823241+00:00,7059,未取得,,,failure,公式取得元または参照先なし
2026-08-14T17:41:25.823241+00:00,6981,未取得,,,failure,公式取得元または参照先なし
2026-08-14T17:41:25.823241+00:00,6674,未取得,,,failure,公式取得元または参照先なし
2026-08-14T17:41:25.823241+00:00,7600,未取得,,,failure,公式取得元または参照先なし
2026-08-14T17:41:25.823241+00:00,6418,未取得,,,failure,公式取得元または参照先なし
2026-08-14T17:41:25.823241+00:00,4588,未取得,,,failure,公式取得元または参照先なし
2026-08-14T17:41:25.823241+00:00,4996,未取得,,,failure,公式取得元または参照先なし
2026-08-14T17:41:25.823241+00:00,9166,未取得,,,failure,公式取得元または参照先なし
2026-08-14T17:41:25.823241+00:00,9227,未取得,,,failure,公式取得元または参照先なし
2026-08-14T17:41:25.823241+00:00,9552,未取得,,,failure,公式取得元または参照先なし
2026-08-14T17:41:25.823241+00:00,5246,未取得,,,failure,公式取得元または参照先なし
2026-08-14T17:41:25.823241+00:00,5706,未取得,,,failure,公式取得元または参照先なし
2026-08-14T17:41:25.823241+00:00,3284,未取得,,,failure,公式取得元または参照先なし
2026-08-14T17:41:25.823241+00:00,1979,未取得,,,failure,公式取得元または参照先なし
2026-08-14T17:41:25.823241+00:00,4480,未取得,,,failure,公式取得元または参照先なし
2026-08-14T17:41:25.823241+00:00,6479,未取得,,,failure,公式取得元または参照先なし
2026-08-14T17:41:25.823241+00:00,3632,未取得,,,failure,公式取得元または参照先なし
2026-08-14T17:41:25.823241+00:00,7003,未取得,,,failure,公式取得元または参照先なし
2026-08-14T17:41:25.823241+00:00,9021,未取得,,,failure,公式取得元または参照先なし
2026-08-14T17:41:25.823241+00:00,6920,未取得,,,failure,公式取得元または参照先なし
2026-08-14T17:41:25.823241+00:00,1447,未取得,,,failure,公式取得元または参照先なし
2026-08-14T17:41:25.823241+00:00,1514,未取得,,,failure,公式取得元または参照先なし
2026-08-14T17:41:25.823241+00:00,6742,未取得,,,failure,公式取得元または参照先なし
2026-08-14T17:41:25.823241+00:00,6995,未取得,,,failure,公式取得元または参照先なし
2026-08-14T17:41:25.823241+00:00,6480,未取得,,,failure,公式取得元または参照先なし
2026-08-14T17:41:25.823241+00:00,6356,未取得,,,failure,公式取得元または参照先なし
2026-08-14T17:41:25.823241+00:00,6264,未取得,,,failure,公式取得元または参照先なし
2026-08-14T17:41:25.823241+00:00,6433,未取得,,,failure,公式取得元または参照先なし
2026-08-14T17:41:25.823241+00:00,1377,未取得,,,failure,公式取得元または参照先なし
2026-08-14T17:41:25.823241+00:00,6962,未取得,,,failure,公式取得元または参照先なし
2026-08-14T17:41:25.823241+00:00,6971,未取得,,,failure,公式取得元または参照先なし
2026-08-14T17:41:25.823241+00:00,8697,未取得,,,failure,公式取得元または参照先なし
2026-08-14T17:41:25.823241+00:00,2471,未取得,,,failure,公式取得元または参照先なし
2026-08-14T17:41:25.823241+00:00,1926,未取得,,,failure,公式取得元または参照先なし
2026-08-14T17:41:25.823241+00:00,2288,未取得,,,failure,公式取得元または参照先なし
2026-08-14T17:41:25.823241+00:00,9449,未取得,,,failure,公式取得元または参照先なし
2026-08-14T17:41:25.823241+00:00,8616,未取得,,,failure,公式取得元または参照先なし
2026-08-14T17:41:25.823241+00:00,2531,未取得,,,failure,公式取得元または参照先なし
2026-08-14T17:41:25.823241+00:00,1946,未取得,,,failure,公式取得元または参照先なし
2026-08-14T17:41:25.823241+00:00,7719,未取得,,,failure,公式取得元または参照先なし
2026-08-14T17:41:25.823241+00:00,5367,未取得,,,failure,公式取得元または参照先なし
2026-08-14T17:41:25.823241+00:00,9880,未取得,,,failure,公式取得元または参照先なし
2026-08-14T17:41:25.823241+00:00,7717,未取得,,,failure,公式取得元または参照先なし
2026-08-14T17:41:25.823241+00:00,5121,未取得,,,failure,公式取得元または参照先なし
2026-08-14T17:41:25.823241+00:00,1961,未取得,,,failure,公式取得元または参照先なし
2026-08-14T17:41:25.823241+00:00,5202,未取得,,,failure,公式取得元または参照先なし
2026-08-14T17:41:25.823241+00:00,6146,未取得,,,failure,公式取得元または参照先なし
2026-08-14T17:41:25.823241+00:00,5802,未取得,,,failure,公式取得元または参照先なし
2026-08-14T17:41:25.823241+00:00,7972,未取得,,,failure,公式取得元または参照先なし
2026-08-14T17:41:25.823241+00:00,7803,未取得,,,failure,公式取得元または参照先なし
2026-08-14T17:41:25.823241+00:00,7995,未取得,,,failure,公式取得元または参照先なし
2026-08-14T17:41:25.823241+00:00,8253,未取得,,,failure,公式取得元または参照先なし
2026-08-14T17:41:25.823241+00:00,6369,未取得,,,failure,公式取得元または参照先なし
2026-08-14T17:41:25.823241+00:00,8368,未取得,,,failure,公式取得元または参照先なし
2026-08-14T17:41:25.823241+00:00,8366,未取得,,,failure,公式取得元または参照先なし
2026-08-14T17:41:25.823241+00:00,3993,未取得,,,failure,公式取得元または参照先なし
2026-08-14T17:41:25.823241+00:00,6331,未取得,,,failure,公式取得元または参照先なし
2026-08-14T17:41:25.823241+00:00,6387,未取得,,,failure,公式取得元または参照先なし
2026-08-14T17:41:25.823241+00:00,6440,未取得,,,failure,公式取得元または参照先なし
2026-08-14T17:41:25.823241+00:00,6383,未取得,,,failure,公式取得元または参照先なし
2026-08-14T17:41:25.823241+00:00,4587,未取得,,,failure,公式取得元または参照先なし
2026-08-14T17:41:25.823241+00:00,5930,未取得,,,failure,公式取得元または参照先なし
2026-08-14T17:41:25.823241+00:00,7779,未取得,,,failure,公式取得元または参照先なし
2026-08-14T17:41:25.823241+00:00,6800,未取得,,,failure,公式取得元または参照先なし
2026-08-14T17:41:25.823241+00:00,6794,未取得,,,failure,公式取得元または参照先なし
2026-08-14T17:41:25.823241+00:00,7004,未取得,,,failure,公式取得元または参照先なし
2026-08-14T17:41:25.823241+00:00,3436,未取得,,,failure,公式取得元または参照先なし
2026-08-14T17:41:25.823241+00:00,6999,未取得,,,failure,公式取得元または参照先なし
2026-08-14T17:41:25.823241+00:00,3395,未取得,,,failure,公式取得元または参照先なし
2026-08-14T17:41:25.823241+00:00,3778,未取得,,,failure,公式取得元または参照先なし
2026-08-14T17:41:25.823241+00:00,3687,未取得,,,failure,公式取得元または参照先なし
2026-08-14T17:41:25.823241+00:00,4028,未取得,,,failure,公式取得元または参照先なし
2026-08-14T17:41:25.823241+00:00,6859,未取得,,,failure,公式取得元または参照先なし
2026-08-14T17:41:25.823241+00:00,6994,未取得,,,failure,公式取得元または参照先なし
2026-08-14T17:41:25.823241+00:00,6779,未取得,,,failure,公式取得元または参照先なし
2026-08-14T17:41:25.823241+00:00,9008,未取得,,,failure,公式取得元または参照先なし
2026-08-14T17:41:25.823241+00:00,1786,未取得,,,failure,公式取得元または参照先なし
2026-08-14T17:41:25.823241+00:00,1945,未取得,,,failure,公式取得元または参照先なし
2026-08-14T17:41:25.823241+00:00,6762,未取得,,,failure,公式取得元または参照先なし
2026-08-14T17:41:25.823241+00:00,3864,未取得,,,failure,公式取得元または参照先なし
2026-08-14T17:41:25.823241+00:00,8167,未取得,,,failure,公式取得元または参照先なし
2026-08-14T17:41:25.823241+00:00,6905,未取得,,,failure,公式取得元または参照先なし
2026-08-14T17:41:25.823241+00:00,6337,未取得,,,failure,公式取得元または参照先なし
2026-08-14T17:41:25.823241+00:00,7014,未取得,,,failure,公式取得元または参照先なし
2026-08-14T17:41:25.823241+00:00,6834,未取得,,,failure,公式取得元または参照先なし
2026-08-14T17:41:25.823241+00:00,4392,未取得,,,failure,公式取得元または参照先なし
2026-08-14T17:41:25.823241+00:00,7198,未取得,,,failure,公式取得元または参照先なし
2026-08-14T17:41:25.823241+00:00,7777,未取得,,,failure,公式取得元または参照先なし
2026-08-14T17:41:25.823241+00:00,6425,未取得,,,failure,公式取得元または参照先なし
2026-08-14T17:41:25.823241+00:00,6666,未取得,,,failure,公式取得元または参照先なし
2026-08-14T17:41:25.823241+00:00,6507,未取得,,,failure,公式取得元または参照先なし
2026-08-14T17:41:25.823241+00:00,4182,未取得,,,failure,公式取得元または参照先なし
2026-08-14T17:41:25.823241+00:00,2607,未取得,,,failure,公式取得元または参照先なし
2026-08-14T17:41:25.823241+00:00,3399,未取得,,,failure,公式取得元または参照先なし
2026-08-14T17:41:25.823241+00:00,6376,未取得,,,failure,公式取得元または参照先なし
2026-08-14T17:41:25.823241+00:00,2158,未取得,,,failure,公式取得元または参照先なし
2026-08-14T17:41:25.823241+00:00,2334,未取得,,,failure,公式取得元または参照先なし
2026-08-14T17:41:25.823241+00:00,8628,未取得,,,failure,公式取得元または参照先なし
2026-08-14T17:41:25.823241+00:00,1975,未取得,,,failure,公式取得元または参照先なし
2026-08-14T17:41:25.823241+00:00,9793,未取得,,,failure,公式取得元または参照先なし
2026-08-14T17:41:25.823241+00:00,9304,未取得,,,failure,公式取得元または参照先なし
2026-08-14T17:41:25.823241+00:00,9551,未取得,,,failure,公式取得元または参照先なし
2026-08-14T17:41:25.823241+00:00,3201,未取得,,,failure,公式取得元または参照先なし
2026-08-14T17:41:25.823241+00:00,5243,未取得,,,failure,公式取得元または参照先なし
2026-08-14T17:41:25.823241+00:00,6071,未取得,,,failure,公式取得元または参照先なし
2026-08-14T17:41:25.823241+00:00,6055,未取得,,,failure,公式取得元または参照先なし
2026-08-14T17:41:25.823241+00:00,9743,未取得,,,failure,公式取得元または参照先なし
2026-08-14T17:41:25.823241+00:00,5288,未取得,,,failure,公式取得元または参照先なし
2026-08-14T17:41:25.823241+00:00,7794,未取得,,,failure,公式取得元または参照先なし
2026-08-14T17:41:25.823241+00:00,7966,未取得,,,failure,公式取得元または参照先なし
2026-08-14T17:41:25.823241+00:00,5201,未取得,,,failure,公式取得元または参照先なし
2026-08-14T17:41:25.823241+00:00,5889,未取得,,,failure,公式取得元または参照先なし
2026-08-14T17:41:25.823241+00:00,7746,未取得,,,failure,公式取得元または参照先なし
2026-08-14T17:41:25.823241+00:00,8103,未取得,,,failure,公式取得元または参照先なし
2026-08-14T17:41:25.823241+00:00,6923,未取得,,,failure,公式取得元または参照先なし
2026-08-14T17:41:25.823241+00:00,6858,未取得,,,failure,公式取得元または参照先なし
2026-08-14T17:41:25.823241+00:00,3103,未取得,,,failure,公式取得元または参照先なし
2026-08-14T17:41:25.823241+00:00,9042,未取得,,,failure,公式取得元または参照先なし
2026-08-14T17:41:25.823241+00:00,8739,未取得,,,failure,公式取得元または参照先なし
2026-08-14T17:41:25.823241+00:00,2986,未取得,,,failure,公式取得元または参照先なし
2026-08-14T17:41:25.823241+00:00,3101,未取得,,,failure,公式取得元または参照先なし
2026-08-14T17:41:25.823241+00:00,6855,未取得,,,failure,公式取得元または参照先なし
2026-08-14T17:41:25.823241+00:00,6890,未取得,,,failure,公式取得元または参照先なし
2026-08-14T17:41:25.823241+00:00,6958,未取得,,,failure,公式取得元または参照先なし
2026-08-14T17:41:25.823241+00:00,3445,未取得,,,failure,公式取得元または参照先なし
2026-08-14T17:41:25.823241+00:00,3810,未取得,,,failure,公式取得元または参照先なし
2026-08-14T17:41:25.823241+00:00,3853,未取得,,,failure,公式取得元または参照先なし
2026-08-14T17:41:25.823241+00:00,6324,未取得,,,failure,公式取得元または参照先なし
2026-08-14T17:41:25.823241+00:00,8338,未取得,,,failure,公式取得元または参照先なし
2026-08-14T17:41:25.823241+00:00,4099,未取得,,,failure,公式取得元または参照先なし
2026-08-14T17:41:25.823241+00:00,8316,未取得,,,failure,公式取得元または参照先なし
2026-08-14T17:41:25.823241+00:00,8399,未取得,,,failure,公式取得元または参照先なし
2026-08-14T17:41:25.823241+00:00,6309,未取得,,,failure,公式取得元または参照先なし
2026-08-14T17:41:25.823241+00:00,8267,未取得,,,failure,公式取得元または参照先なし
2026-08-14T17:41:25.823241+00:00,6481,未取得,,,failure,公式取得元または参照先なし
2026-08-14T17:41:25.823241+00:00,4169,未取得,,,failure,公式取得元または参照先なし
2026-08-14T17:41:25.823241+00:00,6619,未取得,,,failure,公式取得元または参照先なし
2026-08-14T17:41:25.823241+00:00,6594,未取得,,,failure,公式取得元または参照先なし
2026-08-14T17:41:25.823241+00:00,7181,未取得,,,failure,公式取得元または参照先なし
2026-08-14T17:41:25.823241+00:00,3465,未取得,,,failure,公式取得元または参照先なし
2026-08-14T17:41:25.823241+00:00,4575,未取得,,,failure,公式取得元または参照先なし
2026-08-14T17:41:25.823241+00:00,6472,未取得,,,failure,公式取得元または参照先なし
2026-08-14T17:41:25.823241+00:00,4506,未取得,,,failure,公式取得元または参照先なし
2026-08-14T17:41:25.823241+00:00,4997,未取得,,,failure,公式取得元または参照先なし
2026-08-14T17:41:25.823241+00:00,4593,未取得,,,failure,公式取得元または参照先なし
2026-08-14T17:41:25.823241+00:00,5985,未取得,,,failure,公式取得元または参照先なし
2026-08-14T17:41:25.823241+00:00,6361,未取得,,,failure,公式取得元または参照先なし
2026-08-14T17:41:25.823241+00:00,8012,未取得,,,failure,公式取得元または参照先なし
2026-08-14T17:41:25.823241+00:00,7685,未取得,,,failure,公式取得元または参照先なし
2026-08-14T17:41:25.823241+00:00,7537,未取得,,,failure,公式取得元または参照先なし
2026-08-14T17:41:25.823241+00:00,5831,未取得,,,failure,公式取得元または参照先なし
2026-08-14T17:41:25.823241+00:00,5384,未取得,,,failure,公式取得元または参照先なし
2026-08-14T17:41:25.823241+00:00,7721,未取得,,,failure,公式取得元または参照先なし
2026-08-14T17:41:25.823241+00:00,9508,未取得,,,failure,公式取得元または参照先なし
2026-08-14T17:41:25.823241+00:00,3176,未取得,,,failure,公式取得元または参照先なし
2026-08-14T17:41:25.823241+00:00,2220,未取得,,,failure,公式取得元または参照先なし
2026-08-14T17:41:25.823241+00:00,2489,未取得,,,failure,公式取得元または参照先なし
2026-08-14T17:41:25.823241+00:00,2168,未取得,,,failure,公式取得元または参照先なし
2026-08-14T17:41:25.823241+00:00,2395,未取得,,,failure,公式取得元または参照先なし
2026-08-14T17:41:25.823241+00:00,2201,未取得,,,failure,公式取得元または参照先なし
2026-08-14T17:41:25.823241+00:00,5393,未取得,,,failure,公式取得元または参照先なし
2026-08-14T17:41:25.823241+00:00,5714,未取得,,,failure,公式取得元または参照先なし
2026-08-14T17:41:25.823241+00:00,9470,未取得,,,failure,公式取得元または参照先なし
2026-08-14T17:41:25.823241+00:00,9511,未取得,,,failure,公式取得元または参照先なし
2026-08-14T17:41:25.823241+00:00,9861,未取得,,,failure,公式取得元または参照先なし
2026-08-14T17:41:25.823241+00:00,5240,未取得,,,failure,公式取得元または参照先なし
2026-08-14T17:41:25.823241+00:00,4732,未取得,,,failure,公式取得元または参照先なし
2026-08-14T17:41:25.823241+00:00,8572,未取得,,,failure,公式取得元または参照先なし
2026-08-14T17:41:25.823241+00:00,3034,未取得,,,failure,公式取得元または参照先なし
2026-08-14T17:41:25.823241+00:00,1801,未取得,,,failure,公式取得元または参照先なし
2026-08-14T17:41:25.823241+00:00,9009,未取得,,,failure,公式取得元または参照先なし
2026-08-14T17:41:25.823241+00:00,8129,未取得,,,failure,公式取得元または参照先なし
2026-08-14T17:41:25.823241+00:00,8194,未取得,,,failure,公式取得元または参照先なし
2026-08-14T17:41:25.823241+00:00,3946,未取得,,,failure,公式取得元または参照先なし
2026-08-14T17:41:25.823241+00:00,3915,未取得,,,failure,公式取得元または参照先なし
2026-08-14T17:41:25.823241+00:00,4272,未取得,,,failure,公式取得元または参照先なし
2026-08-14T17:41:25.823241+00:00,4403,未取得,,,failure,公式取得元または参照先なし
2026-08-14T17:41:25.823241+00:00,8060,未取得,,,failure,公式取得元または参照先なし
2026-08-14T17:41:25.823241+00:00,4478,未取得,,,failure,公式取得元または参照先なし
2026-08-14T17:41:25.823241+00:00,9031,未取得,,,failure,公式取得元または参照先なし
2026-08-14T17:41:25.823241+00:00,6814,未取得,,,failure,公式取得元または参照先なし
2026-08-14T17:41:25.823241+00:00,7071,未取得,,,failure,公式取得元または参照先なし
2026-08-14T17:41:25.823241+00:00,6592,未取得,,,failure,公式取得元または参照先なし
2026-08-14T17:41:25.823241+00:00,7226,未取得,,,failure,公式取得元または参照先なし
2026-08-14T17:41:25.823241+00:00,7242,未取得,,,failure,公式取得元または参照先なし
2026-08-14T17:41:25.823241+00:00,8604,未取得,,,failure,公式取得元または参照先なし
2026-08-14T17:41:25.823241+00:00,2269,未取得,,,failure,公式取得元または参照先なし
2026-08-14T17:41:25.823241+00:00,2222,未取得,,,failure,公式取得元または参照先なし
2026-08-14T17:41:25.823241+00:00,8614,未取得,,,failure,公式取得元または参照先なし
2026-08-14T17:41:25.823241+00:00,9506,未取得,,,failure,公式取得元または参照先なし
2026-08-14T17:41:25.823241+00:00,9107,未取得,,,failure,公式取得元または参照先なし
2026-08-14T17:41:25.823241+00:00,7730,未取得,,,failure,公式取得元または参照先なし
2026-08-14T17:41:25.823241+00:00,1963,未取得,,,failure,公式取得元または参照先なし
2026-08-14T17:41:25.823241+00:00,7744,未取得,,,failure,公式取得元または参照先なし
2026-08-14T17:41:25.823241+00:00,3186,未取得,,,failure,公式取得元または参照先なし
2026-08-14T17:41:25.823241+00:00,8624,未取得,,,failure,公式取得元または参照先なし
2026-08-14T17:41:25.823241+00:00,9984,未取得,,,failure,公式取得元または参照先なし
2026-08-14T17:41:25.823241+00:00,5838,未取得,,,failure,公式取得元または参照先なし
2026-08-14T17:41:25.823241+00:00,6135,未取得,,,failure,公式取得元または参照先なし
2026-08-14T17:41:25.823241+00:00,7752,未取得,,,failure,公式取得元または参照先なし
2026-08-14T17:41:25.823241+00:00,7751,未取得,,,failure,公式取得元または参照先なし
2026-08-14T17:41:25.823241+00:00,7912,未取得,,,failure,公式取得元または参照先なし
2026-08-14T17:41:25.823241+00:00,4668,未取得,,,failure,公式取得元または参照先なし
2026-08-14T17:41:25.823241+00:00,4634,未取得,,,failure,公式取得元または参照先なし
2026-08-14T17:41:25.823241+00:00,4689,未取得,,,failure,公式取得元または参照先なし
2026-08-14T17:41:25.823241+00:00,5331,未取得,,,failure,公式取得元または参照先なし
2026-08-14T17:41:25.823241+00:00,6047,未取得,,,failure,公式取得元または参照先なし
2026-08-14T17:41:25.823241+00:00,5074,未取得,,,failure,公式取得元または参照先なし
2026-08-14T17:41:25.823241+00:00,5262,未取得,,,failure,公式取得元または参照先なし
2026-08-14T17:41:25.823241+00:00,5344,未取得,,,failure,公式取得元または参照先なし
2026-08-14T17:41:25.823241+00:00,5471,未取得,,,failure,公式取得元または参照先なし
2026-08-14T17:41:25.823241+00:00,5631,未取得,,,failure,公式取得元または参照先なし
2026-08-14T17:41:25.823241+00:00,5713,未取得,,,failure,公式取得元または参照先なし
2026-08-14T17:41:25.823241+00:00,1982,未取得,,,failure,公式取得元または参照先なし
2026-08-14T17:41:25.823241+00:00,9722,未取得,,,failure,公式取得元または参照先なし
2026-08-14T17:41:25.823241+00:00,6407,未取得,,,failure,公式取得元または参照先なし
2026-08-14T17:41:25.823241+00:00,7381,未取得,,,failure,公式取得元または参照先なし
2026-08-14T17:41:25.823241+00:00,4565,未取得,,,failure,公式取得元または参照先なし
2026-08-14T17:41:25.823241+00:00,4418,未取得,,,failure,公式取得元または参照先なし
2026-08-14T17:41:25.823241+00:00,4552,未取得,,,failure,公式取得元または参照先なし
2026-08-14T17:41:25.823241+00:00,8008,未取得,,,failure,公式取得元または参照先なし
2026-08-14T17:41:25.823241+00:00,8005,未取得,,,failure,公式取得元または参照先なし
2026-08-14T17:41:25.823241+00:00,8233,未取得,,,failure,公式取得元または参照先なし
2026-08-14T17:41:25.823241+00:00,7380,未取得,,,failure,公式取得元または参照先なし
2026-08-14T17:41:25.823241+00:00,7337,未取得,,,failure,公式取得元または参照先なし
2026-08-14T17:41:25.823241+00:00,7280,未取得,,,failure,公式取得元または参照先なし
2026-08-14T17:41:25.823241+00:00,7327,未取得,,,failure,公式取得元または参照先なし
2026-08-14T17:41:25.823241+00:00,5715,未取得,,,failure,公式取得元または参照先なし
2026-08-14T17:41:25.823241+00:00,5844,未取得,,,failure,公式取得元または参照先なし
2026-08-14T17:41:25.823241+00:00,6371,未取得,,,failure,公式取得元または参照先なし
2026-08-14T17:41:25.823241+00:00,6464,未取得,,,failure,公式取得元または参照先なし
2026-08-14T17:41:25.823241+00:00,4228,未取得,,,failure,公式取得元または参照先なし
2026-08-14T17:41:25.823241+00:00,4194,未取得,,,failure,公式取得元または参照先なし
2026-08-14T17:41:25.823241+00:00,6627,未取得,,,failure,公式取得元または参照先なし
2026-08-14T17:41:25.823241+00:00,3989,未取得,,,failure,公式取得元または参照先なし
2026-08-14T17:41:25.823241+00:00,6323,未取得,,,failure,公式取得元または参照先なし
2026-08-14T17:41:25.823241+00:00,6235,未取得,,,failure,公式取得元または参照先なし
2026-08-14T17:41:25.823241+00:00,4008,未取得,,,failure,公式取得元または参照先なし
2026-08-14T17:41:25.823241+00:00,3994,未取得,,,failure,公式取得元または参照先なし
2026-08-14T17:41:25.823241+00:00,4042,未取得,,,failure,公式取得元または参照先なし
2026-08-14T17:41:25.823241+00:00,3962,未取得,,,failure,公式取得元または参照先なし
2026-08-14T17:41:25.823241+00:00,3964,未取得,,,failure,公式取得元または参照先なし
2026-08-14T17:41:25.823241+00:00,8336,未取得,,,failure,公式取得元または参照先なし
2026-08-14T17:41:25.823241+00:00,6250,未取得,,,failure,公式取得元または参照先なし
2026-08-14T17:41:25.823241+00:00,6287,未取得,,,failure,公式取得元または参照先なし
2026-08-14T17:41:25.823241+00:00,8341,未取得,,,failure,公式取得元または参照先なし
2026-08-14T17:41:25.823241+00:00,8337,未取得,,,failure,公式取得元または参照先なし
2026-08-14T17:41:25.823241+00:00,8343,未取得,,,failure,公式取得元または参照先なし
2026-08-14T17:41:25.823241+00:00,8344,未取得,,,failure,公式取得元または参照先なし
2026-08-14T17:41:25.823241+00:00,8304,未取得,,,failure,公式取得元または参照先なし
2026-08-14T17:41:25.823241+00:00,8306,未取得,,,failure,公式取得元または参照先なし
2026-08-14T17:41:25.823241+00:00,8345,未取得,,,failure,公式取得元または参照先なし
2026-08-14T17:41:25.823241+00:00,8346,未取得,,,failure,公式取得元または参照先なし
2026-08-14T17:41:25.823241+00:00,4475,未取得,,,failure,公式取得元または参照先なし
2026-08-14T17:41:25.823241+00:00,4425,未取得,,,failure,公式取得元または参照先なし
2026-08-14T17:41:25.823241+00:00,4396,未取得,,,failure,公式取得元または参照先なし
2026-08-14T17:41:25.823241+00:00,4543,未取得,,,failure,公式取得元または参照先なし
2026-08-14T17:41:25.823241+00:00,5805,未取得,,,failure,公式取得元または参照先なし
2026-08-14T17:41:25.823241+00:00,5830,未取得,,,failure,公式取得元または参照先なし
2026-08-14T17:41:25.823241+00:00,5832,未取得,,,failure,公式取得元または参照先なし
2026-08-14T17:41:25.823241+00:00,5991,未取得,,,failure,公式取得元または参照先なし
2026-08-14T17:41:25.823241+00:00,8359,未取得,,,failure,公式取得元または参照先なし
2026-08-14T17:41:25.823241+00:00,8358,未取得,,,failure,公式取得元または参照先なし
2026-08-14T17:41:25.823241+00:00,8354,未取得,,,failure,公式取得元または参照先なし
2026-08-14T17:41:25.823241+00:00,8185,未取得,,,failure,公式取得元または参照先なし
2026-08-14T17:41:25.823241+00:00,8331,未取得,,,failure,公式取得元または参照先なし
2026-08-14T17:41:25.823241+00:00,8334,未取得,,,failure,公式取得元または参照先なし
2026-08-14T17:41:25.823241+00:00,8308,未取得,,,failure,公式取得元または参照先なし
2026-08-14T17:41:25.823241+00:00,8309,未取得,,,failure,公式取得元または参照先なし
2026-08-14T17:41:25.823241+00:00,4109,未取得,,,failure,公式取得元または参照先なし
2026-08-14T17:41:25.823241+00:00,3444,未取得,,,failure,公式取得元または参照先なし
2026-08-14T17:41:25.823241+00:00,6508,未取得,,,failure,公式取得元または参照先なし
2026-08-14T17:41:25.823241+00:00,6504,未取得,,,failure,公式取得元または参照先なし
2026-08-14T17:41:25.823241+00:00,3401,未取得,,,failure,公式取得元または参照先なし
2026-08-14T17:41:25.823241+00:00,3443,未取得,,,failure,公式取得元または参照先なし
2026-08-14T17:41:25.823241+00:00,8360,未取得,,,failure,公式取得元または参照先なし
2026-08-14T17:41:25.823241+00:00,8361,未取得,,,failure,公式取得元または参照先なし
2026-08-14T17:41:25.823241+00:00,7186,未取得,,,failure,公式取得元または参照先なし
2026-08-14T17:41:25.823241+00:00,7184,未取得,,,failure,公式取得元または参照先なし
2026-08-14T17:41:25.823241+00:00,7011,未取得,,,failure,公式取得元または参照先なし
2026-08-14T17:41:25.823241+00:00,7189,未取得,,,failure,公式取得元または参照先なし
2026-08-14T17:41:25.823241+00:00,3167,未取得,,,failure,公式取得元または参照先なし
2026-08-14T17:41:25.823241+00:00,2802,未取得,,,failure,公式取得元または参照先なし
2026-08-14T17:41:25.823241+00:00,2962,未取得,,,failure,公式取得元または参照先なし
2026-08-14T17:41:25.823241+00:00,3040,未取得,,,failure,公式取得元または参照先なし
2026-08-14T17:41:25.823241+00:00,2685,未取得,,,failure,公式取得元または参照先なし
2026-08-14T17:41:25.823241+00:00,2734,未取得,,,failure,公式取得元または参照先なし
2026-08-14T17:41:25.823241+00:00,8550,未取得,,,failure,公式取得元または参照先なし
2026-08-14T17:41:25.823241+00:00,8541,未取得,,,failure,公式取得元または参照先なし
2026-08-14T17:41:25.823241+00:00,7164,未取得,,,failure,公式取得元または参照先なし
2026-08-14T17:41:25.823241+00:00,7167,未取得,,,failure,公式取得元または参照先なし
2026-08-14T17:41:25.823241+00:00,3668,未取得,,,failure,公式取得元または参照先なし
2026-08-14T17:41:25.823241+00:00,3350,未取得,,,failure,公式取得元または参照先なし
2026-08-14T17:41:25.823241+00:00,8411,未取得,,,failure,公式取得元または参照先なし
2026-08-14T17:41:25.823241+00:00,8600,未取得,,,failure,公式取得元または参照先なし
2026-08-14T17:41:25.823241+00:00,8570,未取得,,,failure,公式取得元または参照先なし
2026-08-14T17:41:25.823241+00:00,8558,未取得,,,failure,公式取得元または参照先なし
2026-08-14T17:41:25.823241+00:00,8370,未取得,,,failure,公式取得元または参照先なし
2026-08-14T17:41:25.823241+00:00,8418,未取得,,,failure,公式取得元または参照先なし
2026-08-14T17:41:25.823241+00:00,8522,未取得,,,failure,公式取得元または参照先なし
2026-08-14T17:41:25.823241+00:00,8511,未取得,,,failure,公式取得元または参照先なし
2026-08-14T17:41:25.823241+00:00,8386,未取得,,,failure,公式取得元または参照先なし
2026-08-14T17:41:25.823241+00:00,8388,未取得,,,failure,公式取得元または参照先なし
2026-08-14T17:41:25.823241+00:00,8393,未取得,,,failure,公式取得元または参照先なし
2026-08-14T17:41:25.823241+00:00,8392,未取得,,,failure,公式取得元または参照先なし
2026-08-14T17:41:25.823241+00:00,6952,未取得,,,failure,公式取得元または参照先なし
2026-08-14T17:41:25.823241+00:00,8377,未取得,,,failure,公式取得元または参照先なし
2026-08-14T17:41:25.823241+00:00,8381,未取得,,,failure,公式取得元または参照先なし
2026-08-14T17:41:25.823241+00:00,8524,未取得,,,failure,公式取得元または参照先なし
2026-08-14T17:41:25.823241+00:00,6882,未取得,,,failure,公式取得元または参照先なし
2026-08-14T17:41:25.823241+00:00,6875,未取得,,,failure,公式取得元または参照先なし
2026-08-14T17:41:25.823241+00:00,6871,未取得,,,failure,公式取得元または参照先なし
2026-08-14T17:41:25.823241+00:00,6752,未取得,,,failure,公式取得元または参照先なし
2026-08-14T17:41:25.823241+00:00,1721,未取得,,,failure,公式取得元または参照先なし
2026-08-14T17:41:25.823241+00:00,8714,未取得,,,failure,公式取得元または参照先なし
2026-08-14T17:41:25.823241+00:00,8789,未取得,,,failure,公式取得元または参照先なし
2026-08-14T17:41:25.823241+00:00,6754,未取得,,,failure,公式取得元または参照先なし
2026-08-14T17:41:25.823241+00:00,1822,未取得,,,failure,公式取得元または参照先なし
2026-08-14T17:41:25.823241+00:00,8707,未取得,,,failure,公式取得元または参照先なし
2026-08-14T17:41:25.823241+00:00,8934,未取得,,,failure,公式取得元または参照先なし
2026-08-14T17:41:25.823241+00:00,1852,未取得,,,failure,公式取得元または参照先なし
2026-08-14T17:41:25.823241+00:00,8892,未取得,,,failure,公式取得元または参照先なし
2026-08-14T17:41:25.823241+00:00,8897,未取得,,,failure,公式取得元または参照先なし
2026-08-14T17:41:25.823241+00:00,9072,未取得,,,failure,公式取得元または参照先なし
2026-08-14T17:41:25.823241+00:00,1719,未取得,,,failure,公式取得元または参照先なし
2026-08-14T17:41:25.823241+00:00,1333,未取得,,,failure,公式取得元または参照先なし
2026-08-14T17:41:25.823241+00:00,1814,未取得,,,failure,公式取得元または参照先なし
2026-08-14T17:41:25.823241+00:00,1951,未取得,,,failure,公式取得元または参照先なし
2026-08-14T17:41:25.823241+00:00,7616,未取得,,,failure,公式取得元または参照先なし
2026-08-14T17:41:25.823241+00:00,9348,未取得,,,failure,公式取得元または参照先なし
2026-08-14T17:41:25.823241+00:00,6966,未取得,,,failure,公式取得元または参照先なし
2026-08-14T17:41:25.823241+00:00,6838,未取得,,,failure,公式取得元または参照先なし
2026-08-14T17:41:25.823241+00:00,6516,未取得,,,failure,公式取得元または参照先なし
2026-08-14T17:41:25.823241+00:00,7701,未取得,,,failure,公式取得元または参照先なし
2026-08-14T17:41:25.823241+00:00,5817,未取得,,,failure,公式取得元または参照先なし
2026-08-14T17:41:25.823241+00:00,7609,未取得,,,failure,公式取得元または参照先なし
2026-08-14T17:41:25.823241+00:00,7241,未取得,,,failure,公式取得元または参照先なし
2026-08-14T17:41:25.823241+00:00,6298,未取得,,,failure,公式取得元または参照先なし
2026-08-14T17:41:25.823241+00:00,7224,未取得,,,failure,公式取得元または参照先なし
2026-08-14T17:41:25.823241+00:00,7202,未取得,,,failure,公式取得元または参照先なし
2026-08-14T17:41:25.823241+00:00,6232,未取得,,,failure,公式取得元または参照先なし
2026-08-14T17:41:25.823241+00:00,6613,未取得,,,failure,公式取得元または参照先なし
2026-08-14T17:41:25.823241+00:00,6532,未取得,,,failure,公式取得元または参照先なし
2026-08-14T17:41:25.823241+00:00,6524,未取得,,,failure,公式取得元または参照先なし
2026-08-14T17:41:25.823241+00:00,7476,未取得,,,failure,公式取得元または参照先なし
2026-08-14T17:41:25.823241+00:00,4118,未取得,,,failure,公式取得元または参照先なし
2026-08-14T17:41:25.823241+00:00,3569,未取得,,,failure,公式取得元または参照先なし
2026-08-14T17:41:25.823241+00:00,3676,未取得,,,failure,公式取得元または参照先なし
2026-08-14T17:41:25.823241+00:00,8043,未取得,,,failure,公式取得元または参照先なし
2026-08-14T17:41:25.823241+00:00,4828,未取得,,,failure,公式取得元または参照先なし
2026-08-14T17:41:25.823241+00:00,4222,未取得,,,failure,公式取得元または参照先なし
2026-08-14T17:41:25.823241+00:00,3891,未取得,,,failure,公式取得元または参照先なし
2026-08-14T17:41:25.823241+00:00,4819,未取得,,,failure,公式取得元または参照先なし
2026-08-14T17:41:25.823241+00:00,7735,未取得,,,failure,公式取得元または参照先なし
2026-08-14T17:41:25.823241+00:00,7984,未取得,,,failure,公式取得元または参照先なし
2026-08-14T17:41:25.823241+00:00,4617,未取得,,,failure,公式取得元または参照先なし
2026-08-14T17:41:25.823241+00:00,5445,未取得,,,failure,公式取得元または参照先なし
2026-08-14T17:41:25.823241+00:00,5016,未取得,,,failure,公式取得元または参照先なし
2026-08-14T17:41:25.823241+00:00,6166,未取得,,,failure,公式取得元または参照先なし
2026-08-14T17:41:25.823241+00:00,6203,未取得,,,failure,公式取得元または参照先なし
2026-08-14T17:41:25.823241+00:00,4091,未取得,,,failure,公式取得元または参照先なし
2026-08-14T17:41:25.823241+00:00,2127,未取得,,,failure,公式取得元または参照先なし
2026-08-14T17:41:25.823241+00:00,8771,未取得,,,failure,公式取得元または参照先なし
2026-08-14T17:41:25.823241+00:00,8708,未取得,,,failure,公式取得元または参照先なし
2026-08-14T17:41:25.823241+00:00,3099,未取得,,,failure,公式取得元または参照先なし
2026-08-14T17:41:25.823241+00:00,8584,未取得,,,failure,公式取得元または参照先なし
2026-08-14T17:41:25.823241+00:00,2784,未取得,,,failure,公式取得元または参照先なし
2026-08-14T17:41:25.823241+00:00,8439,未取得,,,failure,公式取得元または参照先なし
2026-08-14T17:41:25.823241+00:00,2590,未取得,,,failure,公式取得元または参照先なし
2026-08-14T17:41:25.823241+00:00,2809,未取得,,,failure,公式取得元または参照先なし
2026-08-14T17:41:25.823241+00:00,7741,未取得,,,failure,公式取得元または参照先なし
2026-08-14T17:41:25.823241+00:00,7976,未取得,,,failure,公式取得元または参照先なし
2026-08-14T17:41:25.823241+00:00,4813,未取得,,,failure,公式取得元または参照先なし
2026-08-14T17:41:25.823241+00:00,4894,未取得,,,failure,公式取得元または参照先なし
2026-08-14T17:41:25.823241+00:00,4722,未取得,,,failure,公式取得元または参照先なし
2026-08-14T17:41:25.823241+00:00,5310,未取得,,,failure,公式取得元または参照先なし
2026-08-14T17:41:25.823241+00:00,5857,未取得,,,failure,公式取得元または参照先なし
2026-08-14T17:41:25.823241+00:00,6741,未取得,,,failure,公式取得元または参照先なし
2026-08-14T17:41:25.823241+00:00,7409,未取得,,,failure,公式取得元または参照先なし
2026-08-14T17:41:25.823241+00:00,7240,未取得,,,failure,公式取得元または参照先なし
2026-08-14T17:41:25.823241+00:00,6339,未取得,,,failure,公式取得元または参照先なし
2026-08-14T17:41:25.823241+00:00,9119,未取得,,,failure,公式取得元または参照先なし
2026-08-14T17:41:25.823241+00:00,9104,未取得,,,failure,公式取得元または参照先なし
2026-08-14T17:41:25.823241+00:00,9101,未取得,,,failure,公式取得元または参照先なし
2026-08-14T17:41:25.823241+00:00,9934,未取得,,,failure,公式取得元または参照先なし
2026-08-14T17:41:25.823241+00:00,6914,未取得,,,failure,公式取得元または参照先なし
2026-08-14T17:41:25.823241+00:00,6486,未取得,,,failure,公式取得元または参照先なし
2026-08-14T17:41:25.823241+00:00,6986,未取得,,,failure,公式取得元または参照先なし
2026-08-14T17:41:25.823241+00:00,7610,未取得,,,failure,公式取得元または参照先なし
2026-08-14T17:41:25.823241+00:00,2768,未取得,,,failure,公式取得元または参照先なし
2026-08-14T17:41:25.823241+00:00,3769,未取得,,,failure,公式取得元または参照先なし
2026-08-14T17:41:25.823241+00:00,4183,未取得,,,failure,公式取得元または参照先なし
2026-08-14T17:41:25.823241+00:00,2384,未取得,,,failure,公式取得元または参照先なし
2026-08-14T17:41:25.823241+00:00,8613,未取得,,,failure,公式取得元または参照先なし
2026-08-14T17:41:25.823241+00:00,8841,未取得,,,failure,公式取得元または参照先なし
2026-08-14T17:41:25.823241+00:00,5707,未取得,,,failure,公式取得元または参照先なし
2026-08-14T17:41:25.823241+00:00,6098,未取得,,,failure,公式取得元または参照先なし
2026-08-14T17:41:25.823241+00:00,8032,未取得,,,failure,公式取得元または参照先なし
2026-08-14T17:41:25.823241+00:00,2206,未取得,,,failure,公式取得元または参照先なし
2026-08-14T17:41:25.823241+00:00,3105,未取得,,,failure,公式取得元または参照先なし
2026-08-14T17:41:25.823241+00:00,2371,未取得,,,failure,公式取得元または参照先なし
2026-08-14T17:41:25.823241+00:00,2267,未取得,,,failure,公式取得元または参照先なし
2026-08-14T17:41:25.823241+00:00,8622,未取得,,,failure,公式取得元または参照先なし
2026-08-14T17:41:25.823241+00:00,2175,未取得,,,failure,公式取得元または参照先なし
2026-08-14T17:41:25.823241+00:00,3276,未取得,,,failure,公式取得元または参照先なし
2026-08-14T17:41:25.823241+00:00,2975,未取得,,,failure,公式取得元または参照先なし
2026-08-14T17:41:25.823241+00:00,7599,未取得,,,failure,公式取得元または参照先なし
2026-08-14T17:41:25.823241+00:00,7456,未取得,,,failure,公式取得元または参照先なし
2026-08-14T17:41:25.823241+00:00,7138,未取得,,,failure,公式取得元または参照先なし
2026-08-14T17:41:25.823241+00:00,6963,未取得,,,failure,公式取得元または参照先なし
2026-08-14T17:41:25.823241+00:00,6862,未取得,,,failure,公式取得元または参照先なし
2026-08-14T17:41:25.823241+00:00,6857,未取得,,,failure,公式取得元または参照先なし
2026-08-14T17:41:25.823241+00:00,6506,未取得,,,failure,公式取得元または参照先なし
2026-08-14T17:41:25.823241+00:00,6501,未取得,,,failure,公式取得元または参照先なし
2026-08-14T17:41:25.823241+00:00,6521,未取得,,,failure,公式取得元または参照先なし
2026-08-14T17:41:25.823241+00:00,5801,未取得,,,failure,公式取得元または参照先なし
2026-08-14T17:41:25.823241+00:00,6645,未取得,,,failure,公式取得元または参照先なし
2026-08-14T17:41:25.823241+00:00,6616,未取得,,,failure,公式取得元または参照先なし
2026-08-14T17:41:25.823241+00:00,6572,未取得,,,failure,公式取得元または参照先なし
2026-08-14T17:41:25.823241+00:00,6525,未取得,,,failure,公式取得元または参照先なし
2026-08-14T17:41:25.823241+00:00,6522,未取得,,,failure,公式取得元または参照先なし
2026-08-14T17:41:25.823241+00:00,6327,未取得,,,failure,公式取得元または参照先なし
2026-08-14T17:41:25.823241+00:00,7236,未取得,,,failure,公式取得元または参照先なし
2026-08-14T17:41:25.823241+00:00,9678,未取得,,,failure,公式取得元または参照先なし
2026-08-14T17:41:25.823241+00:00,6769,未取得,,,failure,公式取得元または参照先なし
2026-08-14T17:41:25.823241+00:00,9468,未取得,,,failure,公式取得元または参照先なし
2026-08-14T17:41:25.823241+00:00,1663,未取得,,,failure,公式取得元または参照先なし
2026-08-14T17:41:25.823241+00:00,2229,未取得,,,failure,公式取得元または参照先なし
2026-08-14T17:41:25.823241+00:00,3086,未取得,,,failure,公式取得元または参照先なし
2026-08-14T17:41:25.823241+00:00,3168,未取得,,,failure,公式取得元または参照先なし
2026-08-14T17:41:25.823241+00:00,3002,未取得,,,failure,公式取得元または参照先なし
2026-08-14T17:41:25.823241+00:00,2931,未取得,,,failure,公式取得元または参照先なし
2026-08-14T17:41:25.823241+00:00,3791,未取得,,,failure,公式取得元または参照先なし
2026-08-14T17:41:25.823241+00:00,3825,未取得,,,failure,公式取得元または参照先なし
2026-08-14T17:41:25.823241+00:00,3544,未取得,,,failure,公式取得元または参照先なし
2026-08-14T17:41:25.823241+00:00,4188,未取得,,,failure,公式取得元または参照先なし
2026-08-14T17:41:25.823241+00:00,4165,未取得,,,failure,公式取得元または参照先なし
2026-08-14T17:41:25.823241+00:00,4107,未取得,,,failure,公式取得元または参照先なし
2026-08-14T17:41:25.823241+00:00,4914,未取得,,,failure,公式取得元または参照先なし
2026-08-14T17:41:25.823241+00:00,4680,未取得,,,failure,公式取得元または参照先なし
2026-08-14T17:41:25.823241+00:00,3878,未取得,,,failure,公式取得元または参照先なし
2026-08-14T17:41:25.823241+00:00,4023,未取得,,,failure,公式取得元または参照先なし
2026-08-14T17:41:25.823241+00:00,4044,未取得,,,failure,公式取得元または参照先なし
2026-08-14T17:41:25.823241+00:00,4592,未取得,,,failure,公式取得元または参照先なし
2026-08-14T17:41:25.823241+00:00,4483,未取得,,,failure,公式取得元または参照先なし
2026-08-14T17:41:25.823241+00:00,4202,未取得,,,failure,公式取得元または参照先なし
2026-08-14T17:41:25.823241+00:00,6217,未取得,,,failure,公式取得元または参照先なし
2026-08-14T17:41:25.823241+00:00,5563,未取得,,,failure,公式取得元または参照先なし
2026-08-14T17:41:25.823241+00:00,7911,未取得,,,failure,公式取得元または参照先なし
2026-08-14T17:41:25.823241+00:00,7826,未取得,,,failure,公式取得元または参照先なし
2026-08-14T17:41:25.823241+00:00,7762,未取得,,,failure,公式取得元または参照先なし
2026-08-14T17:41:25.823241+00:00,7868,未取得,,,failure,公式取得元または参照先なし
2026-08-14T17:41:25.823241+00:00,7906,未取得,,,failure,公式取得元または参照先なし
2026-08-14T17:41:25.823241+00:00,5381,未取得,,,failure,公式取得元または参照先なし
2026-08-14T17:41:25.823241+00:00,6072,未取得,,,failure,公式取得元または参照先なし
2026-08-14T17:41:25.823241+00:00,6027,未取得,,,failure,公式取得元または参照先なし
2026-08-14T17:41:25.823241+00:00,2801,未取得,,,failure,公式取得元または参照先なし
2026-08-14T17:41:25.823241+00:00,8367,未取得,,,failure,公式取得元または参照先なし
2026-08-14T17:41:25.823241+00:00,3558,未取得,,,failure,公式取得元または参照先なし
2026-08-14T17:41:25.823241+00:00,4381,未取得,,,failure,公式取得元または参照先なし
2026-08-14T17:41:25.823241+00:00,8117,未取得,,,failure,公式取得元または参照先なし
2026-08-14T17:41:25.823241+00:00,8252,未取得,,,failure,公式取得元または参照先なし
2026-08-14T17:41:25.823241+00:00,4973,未取得,,,failure,公式取得元または参照先なし
2026-08-14T17:41:25.823241+00:00,4062,未取得,,,failure,公式取得元または参照先なし
2026-08-14T17:41:25.823241+00:00,4095,未取得,,,failure,公式取得元または参照先なし
2026-08-14T17:41:25.823241+00:00,9983,未取得,,,failure,公式取得元または参照先なし
2026-08-14T17:41:25.823241+00:00,9997,未取得,,,failure,公式取得元または参照先なし
2026-08-14T17:41:25.823241+00:00,9716,未取得,,,failure,公式取得元または参照先なし
2026-08-14T17:41:25.823241+00:00,9418,未取得,,,failure,公式取得元または参照先なし
2026-08-14T17:41:25.823241+00:00,6902,未取得,,,failure,公式取得元または参照先なし
2026-08-14T17:41:25.823241+00:00,9900,未取得,,,failure,公式取得元または参照先なし
2026-08-14T17:41:25.823241+00:00,9201,未取得,,,failure,公式取得元または参照先なし
2026-08-14T17:41:25.823241+00:00,7564,未取得,,,failure,公式取得元または参照先なし
2026-08-14T17:41:25.823241+00:00,7453,未取得,,,failure,公式取得元または参照先なし
2026-08-14T17:41:25.823241+00:00,7458,未取得,,,failure,公式取得元または参照先なし
2026-08-14T17:41:25.823241+00:00,7545,未取得,,,failure,公式取得元または参照先なし
2026-08-14T17:41:25.823241+00:00,7199,未取得,,,failure,公式取得元または参照先なし
2026-08-14T17:41:25.823241+00:00,1909,未取得,,,failure,公式取得元または参照先なし
2026-08-14T17:41:25.823241+00:00,1887,未取得,,,failure,公式取得元または参照先なし
2026-08-14T17:41:25.823241+00:00,6196,未取得,,,failure,公式取得元または参照先なし
2026-08-14T17:41:25.823241+00:00,5101,未取得,,,failure,公式取得元または参照先なし
2026-08-14T17:41:25.823241+00:00,5253,未取得,,,failure,公式取得元または参照先なし
2026-08-14T17:41:25.823241+00:00,5027,未取得,,,failure,公式取得元または参照先なし
2026-08-14T17:41:25.823241+00:00,5032,未取得,,,failure,公式取得元または参照先なし
2026-08-14T17:41:25.823241+00:00,6178,未取得,,,failure,公式取得元または参照先なし
2026-08-14T17:41:25.823241+00:00,7867,未取得,,,failure,公式取得元または参照先なし
2026-08-14T17:41:25.823241+00:00,7988,未取得,,,failure,公式取得元または参照先なし
2026-08-14T17:41:25.823241+00:00,4676,未取得,,,failure,公式取得元または参照先なし
2026-08-14T17:41:25.823241+00:00,3923,未取得,,,failure,公式取得元または参照先なし
2026-08-14T17:41:25.823241+00:00,4385,未取得,,,failure,公式取得元または参照先なし
2026-08-14T17:41:25.823241+00:00,4373,未取得,,,failure,公式取得元または参照先なし
2026-08-14T17:41:25.823241+00:00,4544,未取得,,,failure,公式取得元または参照先なし
2026-08-14T17:41:25.823241+00:00,4413,未取得,,,failure,公式取得元または参照先なし
2026-08-14T17:41:25.823241+00:00,4812,未取得,,,failure,公式取得元または参照先なし
2026-08-14T17:41:25.823241+00:00,4204,未取得,,,failure,公式取得元または参照先なし
2026-08-14T17:41:25.823241+00:00,4324,未取得,,,failure,公式取得元または参照先なし
2026-08-14T17:41:25.823241+00:00,4816,未取得,,,failure,公式取得元または参照先なし
2026-08-14T17:41:25.823241+00:00,4776,未取得,,,failure,公式取得元または参照先なし
2026-08-14T17:41:25.823241+00:00,4704,未取得,,,failure,公式取得元または参照先なし
2026-08-14T17:41:25.823241+00:00,4088,未取得,,,failure,公式取得元または参照先なし
2026-08-14T17:41:25.823241+00:00,4180,未取得,,,failure,公式取得元または参照先なし
2026-08-14T17:41:25.823241+00:00,3391,未取得,,,failure,公式取得元または参照先なし
2026-08-14T17:41:25.823241+00:00,3498,未取得,,,failure,公式取得元または参照先なし
2026-08-14T17:41:25.823241+00:00,3608,未取得,,,failure,公式取得元または参照先なし
2026-08-14T17:41:25.823241+00:00,2749,未取得,,,failure,公式取得元または参照先なし
2026-08-14T17:41:25.823241+00:00,2670,未取得,,,failure,公式取得元または参照先なし
2026-08-14T17:41:25.823241+00:00,8425,未取得,,,failure,公式取得元または参照先なし
2026-08-14T17:41:25.823241+00:00,3865,未取得,,,failure,公式取得元または参照先なし
2026-08-14T17:41:25.823241+00:00,3660,未取得,,,failure,公式取得元または参照先なし
2026-08-14T17:41:25.823241+00:00,3661,未取得,,,failure,公式取得元または参照先なし
2026-08-14T17:41:25.823241+00:00,2327,未取得,,,failure,公式取得元または参照先なし
2026-08-14T17:41:25.823241+00:00,2181,未取得,,,failure,公式取得元または参照先なし
2026-08-14T17:41:25.823241+00:00,2585,未取得,,,failure,公式取得元または参照先なし
2026-08-14T17:41:25.823241+00:00,2501,未取得,,,failure,公式取得元または参照先なし
2026-08-14T17:41:25.823241+00:00,2492,未取得,,,failure,公式取得元または参照先なし
2026-08-14T17:41:25.823241+00:00,8706,未取得,,,failure,公式取得元または参照先なし
2026-08-14T17:41:25.823241+00:00,8876,未取得,,,failure,公式取得元または参照先なし
2026-08-14T17:41:25.823241+00:00,9023,未取得,,,failure,公式取得元または参照先なし
2026-08-14T17:41:25.823241+00:00,9024,未取得,,,failure,公式取得元または参照先なし
2026-08-14T17:41:25.823241+00:00,9069,未取得,,,failure,公式取得元または参照先なし
2026-08-14T18:11:54.023537+00:00,4751,EDINET,,,failure,EDINET_API_KEY未設定
2026-08-14T18:11:54.023537+00:00,1860,EDINET,,,failure,EDINET_API_KEY未設定
2026-08-14T18:11:54.023537+00:00,1968,EDINET,,,failure,EDINET_API_KEY未設定
2026-08-14T18:11:54.023537+00:00,4755,EDINET,,,failure,EDINET_API_KEY未設定
2026-08-14T18:11:54.023537+00:00,3299,EDINET,,,failure,EDINET_API_KEY未設定
2026-08-14T18:11:54.023537+00:00,6969,EDINET,,,failure,EDINET_API_KEY未設定
2026-08-14T18:11:54.023537+00:00,4975,EDINET,,,failure,EDINET_API_KEY未設定
2026-08-14T18:11:54.023537+00:00,4889,EDINET,,,failure,EDINET_API_KEY未設定
2026-08-14T18:11:54.023537+00:00,4971,EDINET,,,failure,EDINET_API_KEY未設定
2026-08-14T18:11:54.023537+00:00,8848,EDINET,,,failure,EDINET_API_KEY未設定
2026-08-14T18:11:54.023537+00:00,1952,EDINET,,,failure,EDINET_API_KEY未設定
2026-08-14T18:11:54.023537+00:00,6544,EDINET,,,failure,EDINET_API_KEY未設定
2026-08-14T18:11:54.023537+00:00,1944,EDINET,,,failure,EDINET_API_KEY未設定
2026-08-14T18:11:54.023537+00:00,1969,EDINET,,,failure,EDINET_API_KEY未設定
2026-08-14T18:11:54.023537+00:00,8508,EDINET,,,failure,EDINET_API_KEY未設定
2026-08-14T18:11:54.023537+00:00,4901,EDINET,,,failure,EDINET_API_KEY未設定
2026-08-14T18:11:54.023537+00:00,4275,EDINET,,,failure,EDINET_API_KEY未設定
2026-08-14T18:11:54.023537+00:00,4047,EDINET,,,failure,EDINET_API_KEY未設定
2026-08-14T18:11:54.023537+00:00,3479,EDINET,,,failure,EDINET_API_KEY未設定
2026-08-14T18:11:54.023537+00:00,7715,EDINET,,,failure,EDINET_API_KEY未設定
2026-08-14T18:11:54.023537+00:00,6787,EDINET,,,failure,EDINET_API_KEY未設定
2026-08-14T18:11:54.023537+00:00,6656,EDINET,,,failure,EDINET_API_KEY未設定
2026-08-14T18:11:54.023537+00:00,6145,EDINET,,,failure,EDINET_API_KEY未設定
2026-08-14T18:11:54.023537+00:00,6768,EDINET,,,failure,EDINET_API_KEY未設定
2026-08-14T18:11:54.023537+00:00,7915,EDINET,,,failure,EDINET_API_KEY未設定
2026-08-14T18:11:54.023537+00:00,1959,EDINET,,,failure,EDINET_API_KEY未設定
2026-08-14T18:11:54.023537+00:00,7760,EDINET,,,failure,EDINET_API_KEY未設定
2026-08-14T18:11:54.023537+00:00,1815,EDINET,,,failure,EDINET_API_KEY未設定
2026-08-14T18:11:54.023537+00:00,4078,EDINET,,,failure,EDINET_API_KEY未設定
2026-08-14T18:11:54.023537+00:00,4980,EDINET,,,failure,EDINET_API_KEY未設定
2026-08-14T18:11:54.023537+00:00,4368,EDINET,,,failure,EDINET_API_KEY未設定
2026-08-14T18:11:54.023537+00:00,6703,EDINET,,,failure,EDINET_API_KEY未設定
2026-08-14T18:11:54.023537+00:00,4935,EDINET,,,failure,EDINET_API_KEY未設定
2026-08-14T18:11:54.023537+00:00,6118,EDINET,,,failure,EDINET_API_KEY未設定
2026-08-14T18:11:54.023537+00:00,6976,EDINET,,,failure,EDINET_API_KEY未設定
2026-08-14T18:11:54.023537+00:00,6845,EDINET,,,failure,EDINET_API_KEY未設定
2026-08-14T18:11:54.023537+00:00,6458,EDINET,,,failure,EDINET_API_KEY未設定
2026-08-14T18:11:54.023537+00:00,6266,EDINET,,,failure,EDINET_API_KEY未設定
2026-08-14T18:11:54.023537+00:00,6209,EDINET,,,failure,EDINET_API_KEY未設定
2026-08-14T18:11:54.023537+00:00,6807,EDINET,,,failure,EDINET_API_KEY未設定
2026-08-14T18:11:54.023537+00:00,7917,EDINET,,,failure,EDINET_API_KEY未設定
2026-08-14T18:11:54.023537+00:00,1976,EDINET,,,failure,EDINET_API_KEY未設定
2026-08-14T18:11:54.023537+00:00,1950,EDINET,,,failure,EDINET_API_KEY未設定
2026-08-14T18:11:54.023537+00:00,5989,EDINET,,,failure,EDINET_API_KEY未設定
2026-08-14T18:11:54.023537+00:00,9517,EDINET,,,failure,EDINET_API_KEY未設定
2026-08-14T18:11:54.023537+00:00,4548,EDINET,,,failure,EDINET_API_KEY未設定
2026-08-14T18:11:54.023537+00:00,3905,EDINET,,,failure,EDINET_API_KEY未設定
2026-08-14T18:11:54.023537+00:00,9006,EDINET,,,failure,EDINET_API_KEY未設定
2026-08-14T18:11:54.023537+00:00,3837,EDINET,,,failure,EDINET_API_KEY未設定
2026-08-14T18:11:54.023537+00:00,6806,EDINET,,,failure,EDINET_API_KEY未設定
2026-08-14T18:11:54.023537+00:00,7012,EDINET,,,failure,EDINET_API_KEY未設定
2026-08-14T18:11:54.023537+00:00,6638,EDINET,,,failure,EDINET_API_KEY未設定
2026-08-14T18:11:54.023537+00:00,1942,EDINET,,,failure,EDINET_API_KEY未設定
2026-08-14T18:11:54.023537+00:00,7220,EDINET,,,failure,EDINET_API_KEY未設定
2026-08-14T18:11:54.023537+00:00,7245,EDINET,,,failure,EDINET_API_KEY未設定
2026-08-14T18:11:54.023537+00:00,6997,EDINET,,,failure,EDINET_API_KEY未設定
2026-08-14T18:11:54.023537+00:00,1407,EDINET,,,failure,EDINET_API_KEY未設定
2026-08-14T18:11:54.023537+00:00,4620,EDINET,,,failure,EDINET_API_KEY未設定
2026-08-14T18:11:54.023537+00:00,4626,EDINET,,,failure,EDINET_API_KEY未設定
2026-08-14T18:11:54.023537+00:00,6622,EDINET,,,failure,EDINET_API_KEY未設定
2026-08-14T18:11:54.023537+00:00,6856,EDINET,,,failure,EDINET_API_KEY未設定
2026-08-14T18:11:54.023537+00:00,6996,EDINET,,,failure,EDINET_API_KEY未設定
2026-08-14T18:11:54.023537+00:00,6961,EDINET,,,failure,EDINET_API_KEY未設定
2026-08-14T18:11:54.023537+00:00,6368,EDINET,,,failure,EDINET_API_KEY未設定
2026-08-14T18:11:54.023537+00:00,2874,EDINET,,,failure,EDINET_API_KEY未設定
2026-08-14T18:11:54.023537+00:00,6526,EDINET,,,failure,EDINET_API_KEY未設定
2026-08-14T18:11:54.023537+00:00,7611,EDINET,,,failure,EDINET_API_KEY未設定
2026-08-14T18:11:54.023537+00:00,9274,EDINET,,,failure,EDINET_API_KEY未設定
2026-08-14T18:11:54.023537+00:00,2120,EDINET,,,failure,EDINET_API_KEY未設定
2026-08-14T18:11:54.023537+00:00,7860,EDINET,,,failure,EDINET_API_KEY未設定
2026-08-14T18:11:54.023537+00:00,8818,EDINET,,,failure,EDINET_API_KEY未設定
2026-08-14T18:11:54.023537+00:00,7979,EDINET,,,failure,EDINET_API_KEY未設定
2026-08-14T18:11:54.023537+00:00,8601,EDINET,,,failure,EDINET_API_KEY未設定
2026-08-14T18:11:54.023537+00:00,2157,EDINET,,,failure,EDINET_API_KEY未設定
2026-08-14T18:11:54.023537+00:00,1938,EDINET,,,failure,EDINET_API_KEY未設定
2026-08-14T18:11:54.023537+00:00,6330,EDINET,,,failure,EDINET_API_KEY未設定
2026-08-14T18:11:54.023537+00:00,6378,EDINET,,,failure,EDINET_API_KEY未設定
2026-08-14T18:11:54.023537+00:00,6674,EDINET,,,failure,EDINET_API_KEY未設定
2026-08-14T18:11:54.023537+00:00,6707,EDINET,,,failure,EDINET_API_KEY未設定
2026-08-14T18:11:54.023537+00:00,6981,EDINET,,,failure,EDINET_API_KEY未設定
2026-08-14T18:11:54.023537+00:00,7059,EDINET,,,failure,EDINET_API_KEY未設定
2026-08-14T18:11:54.023537+00:00,6951,EDINET,,,failure,EDINET_API_KEY未設定
2026-08-14T18:11:54.023537+00:00,6777,EDINET,,,failure,EDINET_API_KEY未設定
2026-08-14T18:11:54.023537+00:00,4674,EDINET,,,failure,EDINET_API_KEY未設定
2026-08-14T18:11:54.023537+00:00,3245,EDINET,,,failure,EDINET_API_KEY未設定
2026-08-14T18:11:54.023537+00:00,5208,EDINET,,,failure,EDINET_API_KEY未設定
2026-08-14T18:11:54.023537+00:00,5105,EDINET,,,failure,EDINET_API_KEY未設定
2026-08-14T18:11:54.023537+00:00,5232,EDINET,,,failure,EDINET_API_KEY未設定
2026-08-14T18:11:54.023537+00:00,3482,EDINET,,,failure,EDINET_API_KEY未設定
2026-08-14T18:11:54.023537+00:00,1833,EDINET,,,failure,EDINET_API_KEY未設定
2026-08-14T18:11:54.023537+00:00,1419,EDINET,,,failure,EDINET_API_KEY未設定
2026-08-14T18:11:54.023537+00:00,3632,EDINET,,,failure,EDINET_API_KEY未設定
2026-08-14T18:11:54.023537+00:00,9021,EDINET,,,failure,EDINET_API_KEY未設定
2026-08-14T18:11:54.023537+00:00,1514,EDINET,,,failure,EDINET_API_KEY未設定
2026-08-14T18:11:54.023537+00:00,9166,EDINET,,,failure,EDINET_API_KEY未設定
2026-08-14T18:11:54.023537+00:00,1447,EDINET,,,failure,EDINET_API_KEY未設定
2026-08-14T18:11:54.023537+00:00,9552,EDINET,,,failure,EDINET_API_KEY未設定
2026-08-14T18:11:54.023537+00:00,6742,EDINET,,,failure,EDINET_API_KEY未設定
2026-08-14T18:11:54.023537+00:00,6480,EDINET,,,failure,EDINET_API_KEY未設定
2026-08-14T18:11:54.023537+00:00,6479,EDINET,,,failure,EDINET_API_KEY未設定
2026-08-14T18:11:54.023537+00:00,6418,EDINET,,,failure,EDINET_API_KEY未設定
2026-08-14T18:11:54.023537+00:00,5246,EDINET,,,failure,EDINET_API_KEY未設定
2026-08-14T18:11:54.023537+00:00,4996,EDINET,,,failure,EDINET_API_KEY未設定
2026-08-14T18:11:54.023537+00:00,9227,EDINET,,,failure,EDINET_API_KEY未設定
2026-08-14T18:11:54.023537+00:00,5706,EDINET,,,failure,EDINET_API_KEY未設定
2026-08-14T18:11:54.023537+00:00,4588,EDINET,,,failure,EDINET_API_KEY未設定
2026-08-14T18:11:54.023537+00:00,4480,EDINET,,,failure,EDINET_API_KEY未設定
2026-08-14T18:11:54.023537+00:00,6920,EDINET,,,failure,EDINET_API_KEY未設定
2026-08-14T18:11:54.023537+00:00,3284,EDINET,,,failure,EDINET_API_KEY未設定
2026-08-14T18:11:54.023537+00:00,6995,EDINET,,,failure,EDINET_API_KEY未設定
2026-08-14T18:11:54.023537+00:00,7003,EDINET,,,failure,EDINET_API_KEY未設定
2026-08-14T18:11:54.023537+00:00,7600,EDINET,,,failure,EDINET_API_KEY未設定
2026-08-14T18:11:54.023537+00:00,1979,EDINET,,,failure,EDINET_API_KEY未設定
2026-08-14T18:11:54.023537+00:00,7972,EDINET,,,failure,EDINET_API_KEY未設定
2026-08-14T18:11:54.023537+00:00,7803,EDINET,,,failure,EDINET_API_KEY未設定
2026-08-14T18:11:54.023537+00:00,7004,EDINET,,,failure,EDINET_API_KEY未設定
2026-08-14T18:11:54.023537+00:00,7717,EDINET,,,failure,EDINET_API_KEY未設定
2026-08-14T18:11:54.023537+00:00,6994,EDINET,,,failure,EDINET_API_KEY未設定
2026-08-14T18:11:54.023537+00:00,6999,EDINET,,,failure,EDINET_API_KEY未設定
2026-08-14T18:11:54.023537+00:00,6971,EDINET,,,failure,EDINET_API_KEY未設定
2026-08-14T18:11:54.023537+00:00,6962,EDINET,,,failure,EDINET_API_KEY未設定
2026-08-14T18:11:54.023537+00:00,6905,EDINET,,,failure,EDINET_API_KEY未設定
2026-08-14T18:11:54.023537+00:00,6800,EDINET,,,failure,EDINET_API_KEY未設定
2026-08-14T18:11:54.023537+00:00,4587,EDINET,,,failure,EDINET_API_KEY未設定
2026-08-14T18:11:54.023537+00:00,2531,EDINET,,,failure,EDINET_API_KEY未設定
2026-08-14T18:11:54.023537+00:00,1945,EDINET,,,failure,EDINET_API_KEY未設定
2026-08-14T18:11:54.023537+00:00,1926,EDINET,,,failure,EDINET_API_KEY未設定
2026-08-14T18:11:54.023537+00:00,1946,EDINET,,,failure,EDINET_API_KEY未設定
2026-08-14T18:11:54.023537+00:00,1377,EDINET,,,failure,EDINET_API_KEY未設定
2026-08-14T18:11:54.023537+00:00,9880,EDINET,,,failure,EDINET_API_KEY未設定
2026-08-14T18:11:54.023537+00:00,3993,EDINET,,,failure,EDINET_API_KEY未設定
2026-08-14T18:11:54.023537+00:00,9008,EDINET,,,failure,EDINET_API_KEY未設定
2026-08-14T18:11:54.023537+00:00,3687,EDINET,,,failure,EDINET_API_KEY未設定
2026-08-14T18:11:54.023537+00:00,8616,EDINET,,,failure,EDINET_API_KEY未設定
2026-08-14T18:11:54.023537+00:00,8697,EDINET,,,failure,EDINET_API_KEY未設定
2026-08-14T18:11:54.023537+00:00,4028,EDINET,,,failure,EDINET_API_KEY未設定
2026-08-14T18:11:54.023537+00:00,3395,EDINET,,,failure,EDINET_API_KEY未設定
2026-08-14T18:11:54.023537+00:00,7995,EDINET,,,failure,EDINET_API_KEY未設定
2026-08-14T18:11:54.023537+00:00,3436,EDINET,,,failure,EDINET_API_KEY未設定
2026-08-14T18:11:54.023537+00:00,8167,EDINET,,,failure,EDINET_API_KEY未設定
2026-08-14T18:11:54.023537+00:00,8253,EDINET,,,failure,EDINET_API_KEY未設定
2026-08-14T18:11:54.023537+00:00,8366,EDINET,,,failure,EDINET_API_KEY未設定
2026-08-14T18:11:54.023537+00:00,8368,EDINET,,,failure,EDINET_API_KEY未設定
2026-08-14T18:11:54.023537+00:00,3778,EDINET,,,failure,EDINET_API_KEY未設定
2026-08-14T18:11:54.023537+00:00,3864,EDINET,,,failure,EDINET_API_KEY未設定
2026-08-14T18:11:54.023537+00:00,6440,EDINET,,,failure,EDINET_API_KEY未設定
2026-08-14T18:11:54.023537+00:00,6433,EDINET,,,failure,EDINET_API_KEY未設定
2026-08-14T18:11:54.023537+00:00,1961,EDINET,,,failure,EDINET_API_KEY未設定
2026-08-14T18:11:54.023537+00:00,5202,EDINET,,,failure,EDINET_API_KEY未設定
2026-08-14T18:11:54.023537+00:00,6383,EDINET,,,failure,EDINET_API_KEY未設定
2026-08-14T18:11:54.023537+00:00,6387,EDINET,,,failure,EDINET_API_KEY未設定
2026-08-14T18:11:54.023537+00:00,6331,EDINET,,,failure,EDINET_API_KEY未設定
2026-08-14T18:11:54.023537+00:00,6356,EDINET,,,failure,EDINET_API_KEY未設定
2026-08-14T18:11:54.023537+00:00,5802,EDINET,,,failure,EDINET_API_KEY未設定
2026-08-14T18:11:54.023537+00:00,9449,EDINET,,,failure,EDINET_API_KEY未設定
2026-08-14T18:11:54.023537+00:00,1786,EDINET,,,failure,EDINET_API_KEY未設定
2026-08-14T18:11:54.023537+00:00,6337,EDINET,,,failure,EDINET_API_KEY未設定
2026-08-14T18:11:54.023537+00:00,5930,EDINET,,,failure,EDINET_API_KEY未設定
2026-08-14T18:11:54.023537+00:00,6146,EDINET,,,failure,EDINET_API_KEY未設定
2026-08-14T18:11:54.023537+00:00,6264,EDINET,,,failure,EDINET_API_KEY未設定
2026-08-14T18:11:54.023537+00:00,5367,EDINET,,,failure,EDINET_API_KEY未設定
2026-08-14T18:11:54.023537+00:00,2288,EDINET,,,failure,EDINET_API_KEY未設定
2026-08-14T18:11:54.023537+00:00,2471,EDINET,,,failure,EDINET_API_KEY未設定
2026-08-14T18:11:54.023537+00:00,5121,EDINET,,,failure,EDINET_API_KEY未設定
2026-08-14T18:11:54.023537+00:00,6369,EDINET,,,failure,EDINET_API_KEY未設定
2026-08-14T18:11:54.023537+00:00,6779,EDINET,,,failure,EDINET_API_KEY未設定
2026-08-14T18:11:54.023537+00:00,6794,EDINET,,,failure,EDINET_API_KEY未設定
2026-08-14T18:11:54.023537+00:00,6762,EDINET,,,failure,EDINET_API_KEY未設定
2026-08-14T18:11:54.023537+00:00,6859,EDINET,,,failure,EDINET_API_KEY未設定
2026-08-14T18:11:54.023537+00:00,7719,EDINET,,,failure,EDINET_API_KEY未設定
2026-08-14T18:11:54.023537+00:00,7779,EDINET,,,failure,EDINET_API_KEY未設定
2026-08-14T18:11:54.023537+00:00,7966,EDINET,,,failure,EDINET_API_KEY未設定
2026-08-14T18:11:54.023537+00:00,4182,EDINET,,,failure,EDINET_API_KEY未設定
2026-08-14T18:11:54.023537+00:00,8628,EDINET,,,failure,EDINET_API_KEY未設定
2026-08-14T18:11:54.023537+00:00,9793,EDINET,,,failure,EDINET_API_KEY未設定
2026-08-14T18:11:54.023537+00:00,3399,EDINET,,,failure,EDINET_API_KEY未設定
2026-08-14T18:11:54.023537+00:00,8103,EDINET,,,failure,EDINET_API_KEY未設定
2026-08-14T18:11:54.023537+00:00,2607,EDINET,,,failure,EDINET_API_KEY未設定
2026-08-14T18:11:54.023537+00:00,9551,EDINET,,,failure,EDINET_API_KEY未設定
2026-08-14T18:11:54.023537+00:00,5889,EDINET,,,failure,EDINET_API_KEY未設定
2026-08-14T18:11:54.023537+00:00,9304,EDINET,,,failure,EDINET_API_KEY未設定
2026-08-14T18:11:54.023537+00:00,9743,EDINET,,,failure,EDINET_API_KEY未設定
2026-08-14T18:11:54.023537+00:00,6055,EDINET,,,failure,EDINET_API_KEY未設定
2026-08-14T18:11:54.023537+00:00,6071,EDINET,,,failure,EDINET_API_KEY未設定
2026-08-14T18:11:54.023537+00:00,6425,EDINET,,,failure,EDINET_API_KEY未設定
2026-08-14T18:11:54.023537+00:00,5288,EDINET,,,failure,EDINET_API_KEY未設定
2026-08-14T18:11:54.023537+00:00,5243,EDINET,,,failure,EDINET_API_KEY未設定
2026-08-14T18:11:54.023537+00:00,6507,EDINET,,,failure,EDINET_API_KEY未設定
2026-08-14T18:11:54.023537+00:00,6376,EDINET,,,failure,EDINET_API_KEY未設定
2026-08-14T18:11:54.023537+00:00,5201,EDINET,,,failure,EDINET_API_KEY未設定
2026-08-14T18:11:54.023537+00:00,6834,EDINET,,,failure,EDINET_API_KEY未設定
2026-08-14T18:11:54.023537+00:00,6666,EDINET,,,failure,EDINET_API_KEY未設定
2026-08-14T18:11:54.023537+00:00,3201,EDINET,,,failure,EDINET_API_KEY未設定
2026-08-14T18:11:54.023537+00:00,2334,EDINET,,,failure,EDINET_API_KEY未設定
2026-08-14T18:11:54.023537+00:00,7777,EDINET,,,failure,EDINET_API_KEY未設定
2026-08-14T18:11:54.023537+00:00,7198,EDINET,,,failure,EDINET_API_KEY未設定
2026-08-14T18:11:54.023537+00:00,7014,EDINET,,,failure,EDINET_API_KEY未設定
2026-08-14T18:11:54.023537+00:00,7746,EDINET,,,failure,EDINET_API_KEY未設定
2026-08-14T18:11:54.023537+00:00,7794,EDINET,,,failure,EDINET_API_KEY未設定
2026-08-14T18:11:54.023537+00:00,2158,EDINET,,,failure,EDINET_API_KEY未設定
2026-08-14T18:11:54.023537+00:00,1975,EDINET,,,failure,EDINET_API_KEY未設定
2026-08-14T18:11:54.023537+00:00,4392,EDINET,,,failure,EDINET_API_KEY未設定
2026-08-14T18:11:54.023537+00:00,9508,EDINET,,,failure,EDINET_API_KEY未設定
2026-08-14T18:11:54.023537+00:00,8739,EDINET,,,failure,EDINET_API_KEY未設定
2026-08-14T18:11:54.023537+00:00,8338,EDINET,,,failure,EDINET_API_KEY未設定
2026-08-14T18:11:54.023537+00:00,3445,EDINET,,,failure,EDINET_API_KEY未設定
2026-08-14T18:11:54.023537+00:00,8012,EDINET,,,failure,EDINET_API_KEY未設定
2026-08-14T18:11:54.023537+00:00,8399,EDINET,,,failure,EDINET_API_KEY未設定
2026-08-14T18:11:54.023537+00:00,3853,EDINET,,,failure,EDINET_API_KEY未設定
2026-08-14T18:11:54.023537+00:00,6324,EDINET,,,failure,EDINET_API_KEY未設定
2026-08-14T18:11:54.023537+00:00,5831,EDINET,,,failure,EDINET_API_KEY未設定
2026-08-14T18:11:54.023537+00:00,4997,EDINET,,,failure,EDINET_API_KEY未設定
2026-08-14T18:11:54.023537+00:00,6361,EDINET,,,failure,EDINET_API_KEY未設定
2026-08-14T18:11:54.023537+00:00,6481,EDINET,,,failure,EDINET_API_KEY未設定
2026-08-14T18:11:54.023537+00:00,2986,EDINET,,,failure,EDINET_API_KEY未設定
2026-08-14T18:11:54.023537+00:00,6472,EDINET,,,failure,EDINET_API_KEY未設定
2026-08-14T18:11:54.023537+00:00,6309,EDINET,,,failure,EDINET_API_KEY未設定
2026-08-14T18:11:54.023537+00:00,5985,EDINET,,,failure,EDINET_API_KEY未設定
2026-08-14T18:11:54.023537+00:00,4575,EDINET,,,failure,EDINET_API_KEY未設定
2026-08-14T18:11:54.023537+00:00,6923,EDINET,,,failure,EDINET_API_KEY未設定
2026-08-14T18:11:54.023537+00:00,3810,EDINET,,,failure,EDINET_API_KEY未設定
2026-08-14T18:11:54.023537+00:00,8267,EDINET,,,failure,EDINET_API_KEY未設定
2026-08-14T18:11:54.023537+00:00,8316,EDINET,,,failure,EDINET_API_KEY未設定
2026-08-14T18:11:54.023537+00:00,3465,EDINET,,,failure,EDINET_API_KEY未設定
2026-08-14T18:11:54.023537+00:00,2220,EDINET,,,failure,EDINET_API_KEY未設定
2026-08-14T18:11:54.023537+00:00,9042,EDINET,,,failure,EDINET_API_KEY未設定
2026-08-14T18:11:54.023537+00:00,7685,EDINET,,,failure,EDINET_API_KEY未設定
2026-08-14T18:11:54.023537+00:00,7181,EDINET,,,failure,EDINET_API_KEY未設定
2026-08-14T18:11:54.023537+00:00,2489,EDINET,,,failure,EDINET_API_KEY未設定
2026-08-14T18:11:54.023537+00:00,7537,EDINET,,,failure,EDINET_API_KEY未設定
2026-08-14T18:11:54.023537+00:00,2168,EDINET,,,failure,EDINET_API_KEY未設定
2026-08-14T18:11:54.023537+00:00,7721,EDINET,,,failure,EDINET_API_KEY未設定
2026-08-14T18:11:54.023537+00:00,4099,EDINET,,,failure,EDINET_API_KEY未設定
2026-08-14T18:11:54.023537+00:00,6958,EDINET,,,failure,EDINET_API_KEY未設定
2026-08-14T18:11:54.023537+00:00,4506,EDINET,,,failure,EDINET_API_KEY未設定
2026-08-14T18:11:54.023537+00:00,2395,EDINET,,,failure,EDINET_API_KEY未設定
2026-08-14T18:11:54.023537+00:00,6890,EDINET,,,failure,EDINET_API_KEY未設定
2026-08-14T18:11:54.023537+00:00,4169,EDINET,,,failure,EDINET_API_KEY未設定
2026-08-14T18:11:54.023537+00:00,6858,EDINET,,,failure,EDINET_API_KEY未設定
2026-08-14T18:11:54.023537+00:00,3103,EDINET,,,failure,EDINET_API_KEY未設定
2026-08-14T18:11:54.023537+00:00,6855,EDINET,,,failure,EDINET_API_KEY未設定
2026-08-14T18:11:54.023537+00:00,5384,EDINET,,,failure,EDINET_API_KEY未設定
2026-08-14T18:11:54.023537+00:00,3176,EDINET,,,failure,EDINET_API_KEY未設定
2026-08-14T18:11:54.023537+00:00,6594,EDINET,,,failure,EDINET_API_KEY未設定
2026-08-14T18:11:54.023537+00:00,4593,EDINET,,,failure,EDINET_API_KEY未設定
2026-08-14T18:11:54.023537+00:00,3101,EDINET,,,failure,EDINET_API_KEY未設定
2026-08-14T18:11:54.023537+00:00,6619,EDINET,,,failure,EDINET_API_KEY未設定
2026-08-14T18:11:54.023537+00:00,8194,EDINET,,,failure,EDINET_API_KEY未設定
2026-08-14T18:11:54.023537+00:00,8060,EDINET,,,failure,EDINET_API_KEY未設定
2026-08-14T18:11:54.023537+00:00,9031,EDINET,,,failure,EDINET_API_KEY未設定
2026-08-14T18:11:54.023537+00:00,9009,EDINET,,,failure,EDINET_API_KEY未設定
2026-08-14T18:11:54.023537+00:00,9470,EDINET,,,failure,EDINET_API_KEY未設定
2026-08-14T18:11:54.023537+00:00,8129,EDINET,,,failure,EDINET_API_KEY未設定
2026-08-14T18:11:54.023537+00:00,8572,EDINET,,,failure,EDINET_API_KEY未設定
2026-08-14T18:11:54.023537+00:00,3915,EDINET,,,failure,EDINET_API_KEY未設定
2026-08-14T18:11:54.023537+00:00,9861,EDINET,,,failure,EDINET_API_KEY未設定
2026-08-14T18:11:54.023537+00:00,3946,EDINET,,,failure,EDINET_API_KEY未設定
2026-08-14T18:11:54.023537+00:00,2201,EDINET,,,failure,EDINET_API_KEY未設定
2026-08-14T18:11:54.023537+00:00,6814,EDINET,,,failure,EDINET_API_KEY未設定
2026-08-14T18:11:54.023537+00:00,4732,EDINET,,,failure,EDINET_API_KEY未設定
2026-08-14T18:11:54.023537+00:00,4478,EDINET,,,failure,EDINET_API_KEY未設定
2026-08-14T18:11:54.023537+00:00,4403,EDINET,,,failure,EDINET_API_KEY未設定
2026-08-14T18:11:54.023537+00:00,7226,EDINET,,,failure,EDINET_API_KEY未設定
2026-08-14T18:11:54.023537+00:00,4272,EDINET,,,failure,EDINET_API_KEY未設定
2026-08-14T18:11:54.023537+00:00,7242,EDINET,,,failure,EDINET_API_KEY未設定
2026-08-14T18:11:54.023537+00:00,7071,EDINET,,,failure,EDINET_API_KEY未設定
2026-08-14T18:11:54.023537+00:00,3034,EDINET,,,failure,EDINET_API_KEY未設定
2026-08-14T18:11:54.023537+00:00,5240,EDINET,,,failure,EDINET_API_KEY未設定
2026-08-14T18:11:54.023537+00:00,6592,EDINET,,,failure,EDINET_API_KEY未設定
2026-08-14T18:11:54.023537+00:00,5714,EDINET,,,failure,EDINET_API_KEY未設定
2026-08-14T18:11:54.023537+00:00,5393,EDINET,,,failure,EDINET_API_KEY未設定
2026-08-14T18:11:54.023537+00:00,1801,EDINET,,,failure,EDINET_API_KEY未設定
2026-08-14T18:11:54.023537+00:00,9511,EDINET,,,failure,EDINET_API_KEY未設定
2026-08-14T18:11:54.023537+00:00,9506,EDINET,,,failure,EDINET_API_KEY未設定
2026-08-14T18:11:54.023537+00:00,9072,EDINET,,,failure,EDINET_API_KEY未設定
2026-08-14T18:11:54.023537+00:00,1719,EDINET,,,failure,EDINET_API_KEY未設定
2026-08-14T18:11:54.023537+00:00,1721,EDINET,,,failure,EDINET_API_KEY未設定
2026-08-14T18:11:54.023537+00:00,8934,EDINET,,,failure,EDINET_API_KEY未設定
2026-08-14T18:11:54.023537+00:00,1822,EDINET,,,failure,EDINET_API_KEY未設定
2026-08-14T18:11:54.023537+00:00,1852,EDINET,,,failure,EDINET_API_KEY未設定
2026-08-14T18:11:54.023537+00:00,8789,EDINET,,,failure,EDINET_API_KEY未設定
2026-08-14T18:11:54.023537+00:00,8714,EDINET,,,failure,EDINET_API_KEY未設定
2026-08-14T18:11:54.023537+00:00,8707,EDINET,,,failure,EDINET_API_KEY未設定
2026-08-14T18:11:54.023537+00:00,8624,EDINET,,,failure,EDINET_API_KEY未設定
2026-08-14T18:11:54.023537+00:00,8614,EDINET,,,failure,EDINET_API_KEY未設定
2026-08-14T18:11:54.023537+00:00,3989,EDINET,,,failure,EDINET_API_KEY未設定
2026-08-14T18:11:54.023537+00:00,3964,EDINET,,,failure,EDINET_API_KEY未設定
2026-08-14T18:11:54.023537+00:00,3962,EDINET,,,failure,EDINET_API_KEY未設定
2026-08-14T18:11:54.023537+00:00,6135,EDINET,,,failure,EDINET_API_KEY未設定
2026-08-14T18:11:54.023537+00:00,6047,EDINET,,,failure,EDINET_API_KEY未設定
2026-08-14T18:11:54.023537+00:00,5991,EDINET,,,failure,EDINET_API_KEY未設定
2026-08-14T18:11:54.023537+00:00,5844,EDINET,,,failure,EDINET_API_KEY未設定
2026-08-14T18:11:54.023537+00:00,5838,EDINET,,,failure,EDINET_API_KEY未設定
2026-08-14T18:11:54.023537+00:00,5832,EDINET,,,failure,EDINET_API_KEY未設定
2026-08-14T18:11:54.023537+00:00,8604,EDINET,,,failure,EDINET_API_KEY未設定
2026-08-14T18:11:54.023537+00:00,8600,EDINET,,,failure,EDINET_API_KEY未設定
2026-08-14T18:11:54.023537+00:00,8570,EDINET,,,failure,EDINET_API_KEY未設定
2026-08-14T18:11:54.023537+00:00,8558,EDINET,,,failure,EDINET_API_KEY未設定
2026-08-14T18:11:54.023537+00:00,8550,EDINET,,,failure,EDINET_API_KEY未設定
2026-08-14T18:11:54.023537+00:00,8541,EDINET,,,failure,EDINET_API_KEY未設定
2026-08-14T18:11:54.023537+00:00,8524,EDINET,,,failure,EDINET_API_KEY未設定
2026-08-14T18:11:54.023537+00:00,8522,EDINET,,,failure,EDINET_API_KEY未設定
2026-08-14T18:11:54.023537+00:00,8511,EDINET,,,failure,EDINET_API_KEY未設定
2026-08-14T18:11:54.023537+00:00,8418,EDINET,,,failure,EDINET_API_KEY未設定
2026-08-14T18:11:54.023537+00:00,6323,EDINET,,,failure,EDINET_API_KEY未設定
2026-08-14T18:11:54.023537+00:00,5715,EDINET,,,failure,EDINET_API_KEY未設定
2026-08-14T18:11:54.023537+00:00,5713,EDINET,,,failure,EDINET_API_KEY未設定
2026-08-14T18:11:54.023537+00:00,5631,EDINET,,,failure,EDINET_API_KEY未設定
2026-08-14T18:11:54.023537+00:00,5471,EDINET,,,failure,EDINET_API_KEY未設定
2026-08-14T18:11:54.023537+00:00,5344,EDINET,,,failure,EDINET_API_KEY未設定
2026-08-14T18:11:54.023537+00:00,5331,EDINET,,,failure,EDINET_API_KEY未設定
2026-08-14T18:11:54.023537+00:00,6287,EDINET,,,failure,EDINET_API_KEY未設定
2026-08-14T18:11:54.023537+00:00,6250,EDINET,,,failure,EDINET_API_KEY未設定
2026-08-14T18:11:54.023537+00:00,6235,EDINET,,,failure,EDINET_API_KEY未設定
2026-08-14T18:11:54.023537+00:00,6504,EDINET,,,failure,EDINET_API_KEY未設定
2026-08-14T18:11:54.023537+00:00,6464,EDINET,,,failure,EDINET_API_KEY未設定
2026-08-14T18:11:54.023537+00:00,5262,EDINET,,,failure,EDINET_API_KEY未設定
2026-08-14T18:11:54.023537+00:00,5074,EDINET,,,failure,EDINET_API_KEY未設定
2026-08-14T18:11:54.023537+00:00,6407,EDINET,,,failure,EDINET_API_KEY未設定
2026-08-14T18:11:54.023537+00:00,6371,EDINET,,,failure,EDINET_API_KEY未設定
2026-08-14T18:11:54.023537+00:00,8411,EDINET,,,failure,EDINET_API_KEY未設定
2026-08-14T18:11:54.023537+00:00,8393,EDINET,,,failure,EDINET_API_KEY未設定
2026-08-14T18:11:54.023537+00:00,8392,EDINET,,,failure,EDINET_API_KEY未設定
2026-08-14T18:11:54.023537+00:00,8388,EDINET,,,failure,EDINET_API_KEY未設定
2026-08-14T18:11:54.023537+00:00,8386,EDINET,,,failure,EDINET_API_KEY未設定
2026-08-14T18:11:54.023537+00:00,8381,EDINET,,,failure,EDINET_API_KEY未設定
2026-08-14T18:11:54.023537+00:00,8377,EDINET,,,failure,EDINET_API_KEY未設定
2026-08-14T18:11:54.023537+00:00,8370,EDINET,,,failure,EDINET_API_KEY未設定
2026-08-14T18:11:54.023537+00:00,8361,EDINET,,,failure,EDINET_API_KEY未設定
2026-08-14T18:11:54.023537+00:00,8360,EDINET,,,failure,EDINET_API_KEY未設定
2026-08-14T18:11:54.023537+00:00,8359,EDINET,,,failure,EDINET_API_KEY未設定
2026-08-14T18:11:54.023537+00:00,8358,EDINET,,,failure,EDINET_API_KEY未設定
2026-08-14T18:11:54.023537+00:00,8354,EDINET,,,failure,EDINET_API_KEY未設定
2026-08-14T18:11:54.023537+00:00,8346,EDINET,,,failure,EDINET_API_KEY未設定
2026-08-14T18:11:54.023537+00:00,8345,EDINET,,,failure,EDINET_API_KEY未設定
2026-08-14T18:11:54.023537+00:00,2802,EDINET,,,failure,EDINET_API_KEY未設定
2026-08-14T18:11:54.023537+00:00,2734,EDINET,,,failure,EDINET_API_KEY未設定
2026-08-14T18:11:54.023537+00:00,2685,EDINET,,,failure,EDINET_API_KEY未設定
2026-08-14T18:11:54.023537+00:00,6508,EDINET,,,failure,EDINET_API_KEY未設定
2026-08-14T18:11:54.023537+00:00,8344,EDINET,,,failure,EDINET_API_KEY未設定
2026-08-14T18:11:54.023537+00:00,8343,EDINET,,,failure,EDINET_API_KEY未設定
2026-08-14T18:11:54.023537+00:00,8341,EDINET,,,failure,EDINET_API_KEY未設定
2026-08-14T18:11:54.023537+00:00,8337,EDINET,,,failure,EDINET_API_KEY未設定
2026-08-14T18:11:54.023537+00:00,8336,EDINET,,,failure,EDINET_API_KEY未設定
2026-08-14T18:11:54.023537+00:00,8334,EDINET,,,failure,EDINET_API_KEY未設定
2026-08-14T18:11:54.023537+00:00,8331,EDINET,,,failure,EDINET_API_KEY未設定
2026-08-14T18:11:54.023537+00:00,8309,EDINET,,,failure,EDINET_API_KEY未設定
2026-08-14T18:11:54.023537+00:00,8308,EDINET,,,failure,EDINET_API_KEY未設定
2026-08-14T18:11:54.023537+00:00,8306,EDINET,,,failure,EDINET_API_KEY未設定
2026-08-14T18:11:54.023537+00:00,8304,EDINET,,,failure,EDINET_API_KEY未設定
2026-08-14T18:11:54.023537+00:00,8233,EDINET,,,failure,EDINET_API_KEY未設定
2026-08-14T18:11:54.023537+00:00,8185,EDINET,,,failure,EDINET_API_KEY未設定
2026-08-14T18:11:54.023537+00:00,3186,EDINET,,,failure,EDINET_API_KEY未設定
2026-08-14T18:11:54.023537+00:00,3167,EDINET,,,failure,EDINET_API_KEY未設定
2026-08-14T18:11:54.023537+00:00,6752,EDINET,,,failure,EDINET_API_KEY未設定
2026-08-14T18:11:54.023537+00:00,6627,EDINET,,,failure,EDINET_API_KEY未設定
2026-08-14T18:11:54.023537+00:00,2962,EDINET,,,failure,EDINET_API_KEY未設定
2026-08-14T18:11:54.023537+00:00,8008,EDINET,,,failure,EDINET_API_KEY未設定
2026-08-14T18:11:54.023537+00:00,8005,EDINET,,,failure,EDINET_API_KEY未設定
2026-08-14T18:11:54.023537+00:00,3444,EDINET,,,failure,EDINET_API_KEY未設定
2026-08-14T18:11:54.023537+00:00,3443,EDINET,,,failure,EDINET_API_KEY未設定
2026-08-14T18:11:54.023537+00:00,3401,EDINET,,,failure,EDINET_API_KEY未設定
2026-08-14T18:11:54.023537+00:00,3350,EDINET,,,failure,EDINET_API_KEY未設定
2026-08-14T18:11:54.023537+00:00,4042,EDINET,,,failure,EDINET_API_KEY未設定
2026-08-14T18:11:54.023537+00:00,4008,EDINET,,,failure,EDINET_API_KEY未設定
2026-08-14T18:11:54.023537+00:00,3994,EDINET,,,failure,EDINET_API_KEY未設定
2026-08-14T18:11:54.023537+00:00,6875,EDINET,,,failure,EDINET_API_KEY未設定
2026-08-14T18:11:54.023537+00:00,6871,EDINET,,,failure,EDINET_API_KEY未設定
2026-08-14T18:11:54.023537+00:00,6754,EDINET,,,failure,EDINET_API_KEY未設定
2026-08-14T18:11:54.023537+00:00,7912,EDINET,,,failure,EDINET_API_KEY未設定
2026-08-14T18:11:54.023537+00:00,2222,EDINET,,,failure,EDINET_API_KEY未設定
2026-08-14T18:11:54.023537+00:00,4109,EDINET,,,failure,EDINET_API_KEY未設定
2026-08-14T18:11:54.023537+00:00,1982,EDINET,,,failure,EDINET_API_KEY未設定
2026-08-14T18:11:54.023537+00:00,7752,EDINET,,,failure,EDINET_API_KEY未設定
2026-08-14T18:11:54.023537+00:00,7751,EDINET,,,failure,EDINET_API_KEY未設定
2026-08-14T18:11:54.023537+00:00,7744,EDINET,,,failure,EDINET_API_KEY未設定
2026-08-14T18:11:54.023537+00:00,7730,EDINET,,,failure,EDINET_API_KEY未設定
2026-08-14T18:11:54.023537+00:00,6882,EDINET,,,failure,EDINET_API_KEY未設定
2026-08-14T18:11:54.023537+00:00,3040,EDINET,,,failure,EDINET_API_KEY未設定
2026-08-14T18:11:54.023537+00:00,4689,EDINET,,,failure,EDINET_API_KEY未設定
2026-08-14T18:11:54.023537+00:00,4668,EDINET,,,failure,EDINET_API_KEY未設定
2026-08-14T18:11:54.023537+00:00,4634,EDINET,,,failure,EDINET_API_KEY未設定
2026-08-14T18:11:54.023537+00:00,4396,EDINET,,,failure,EDINET_API_KEY未設定
2026-08-14T18:11:54.023537+00:00,4228,EDINET,,,failure,EDINET_API_KEY未設定
2026-08-14T18:11:54.023537+00:00,4194,EDINET,,,failure,EDINET_API_KEY未設定
2026-08-14T18:11:54.023537+00:00,7381,EDINET,,,failure,EDINET_API_KEY未設定
2026-08-14T18:11:54.023537+00:00,7380,EDINET,,,failure,EDINET_API_KEY未設定
2026-08-14T18:11:54.023537+00:00,7337,EDINET,,,failure,EDINET_API_KEY未設定
2026-08-14T18:11:54.023537+00:00,7327,EDINET,,,failure,EDINET_API_KEY未設定
2026-08-14T18:11:54.023537+00:00,7280,EDINET,,,failure,EDINET_API_KEY未設定
2026-08-14T18:11:54.023537+00:00,7189,EDINET,,,failure,EDINET_API_KEY未設定
2026-08-14T18:11:54.023537+00:00,7186,EDINET,,,failure,EDINET_API_KEY未設定
2026-08-14T18:11:54.023537+00:00,7184,EDINET,,,failure,EDINET_API_KEY未設定
2026-08-14T18:11:54.023537+00:00,7167,EDINET,,,failure,EDINET_API_KEY未設定
2026-08-14T18:11:54.023537+00:00,7164,EDINET,,,failure,EDINET_API_KEY未設定
2026-08-14T18:11:54.023537+00:00,7011,EDINET,,,failure,EDINET_API_KEY未設定
2026-08-14T18:11:54.023537+00:00,6952,EDINET,,,failure,EDINET_API_KEY未設定
2026-08-14T18:11:54.023537+00:00,4565,EDINET,,,failure,EDINET_API_KEY未設定
2026-08-14T18:11:54.023537+00:00,4552,EDINET,,,failure,EDINET_API_KEY未設定
2026-08-14T18:11:54.023537+00:00,4543,EDINET,,,failure,EDINET_API_KEY未設定
2026-08-14T18:11:54.023537+00:00,4475,EDINET,,,failure,EDINET_API_KEY未設定
2026-08-14T18:11:54.023537+00:00,4425,EDINET,,,failure,EDINET_API_KEY未設定
2026-08-14T18:11:54.023537+00:00,4418,EDINET,,,failure,EDINET_API_KEY未設定
2026-08-14T18:11:54.023537+00:00,2269,EDINET,,,failure,EDINET_API_KEY未設定
2026-08-14T18:11:54.023537+00:00,8897,EDINET,,,failure,EDINET_API_KEY未設定
2026-08-14T18:11:54.023537+00:00,3668,EDINET,,,failure,EDINET_API_KEY未設定
2026-08-14T18:11:54.023537+00:00,9984,EDINET,,,failure,EDINET_API_KEY未設定
2026-08-14T18:11:54.023537+00:00,8892,EDINET,,,failure,EDINET_API_KEY未設定
2026-08-14T18:11:54.023537+00:00,5830,EDINET,,,failure,EDINET_API_KEY未設定
2026-08-14T18:11:54.023537+00:00,5805,EDINET,,,failure,EDINET_API_KEY未設定
2026-08-14T18:11:54.023537+00:00,9107,EDINET,,,failure,EDINET_API_KEY未設定
2026-08-14T18:11:54.023537+00:00,1963,EDINET,,,failure,EDINET_API_KEY未設定
2026-08-14T18:11:54.023537+00:00,9722,EDINET,,,failure,EDINET_API_KEY未設定
2026-08-14T18:11:54.023537+00:00,1951,EDINET,,,failure,EDINET_API_KEY未設定
2026-08-14T18:11:54.023537+00:00,5817,EDINET,,,failure,EDINET_API_KEY未設定
2026-08-14T18:11:54.023537+00:00,9348,EDINET,,,failure,EDINET_API_KEY未設定
2026-08-14T18:11:54.023537+00:00,4222,EDINET,,,failure,EDINET_API_KEY未設定
2026-08-14T18:11:54.023537+00:00,7701,EDINET,,,failure,EDINET_API_KEY未設定
2026-08-14T18:11:54.023537+00:00,6966,EDINET,,,failure,EDINET_API_KEY未設定
2026-08-14T18:11:54.023537+00:00,3676,EDINET,,,failure,EDINET_API_KEY未設定
2026-08-14T18:11:54.023537+00:00,2590,EDINET,,,failure,EDINET_API_KEY未設定
2026-08-14T18:11:54.023537+00:00,7241,EDINET,,,failure,EDINET_API_KEY未設定
2026-08-14T18:11:54.023537+00:00,7224,EDINET,,,failure,EDINET_API_KEY未設定
2026-08-14T18:11:54.023537+00:00,7202,EDINET,,,failure,EDINET_API_KEY未設定
2026-08-14T18:11:54.023537+00:00,7476,EDINET,,,failure,EDINET_API_KEY未設定
2026-08-14T18:11:54.023537+00:00,7609,EDINET,,,failure,EDINET_API_KEY未設定
2026-08-14T18:11:54.023537+00:00,7616,EDINET,,,failure,EDINET_API_KEY未設定
2026-08-14T18:11:54.023537+00:00,6232,EDINET,,,failure,EDINET_API_KEY未設定
2026-08-14T18:11:54.023537+00:00,6166,EDINET,,,failure,EDINET_API_KEY未設定
2026-08-14T18:11:54.023537+00:00,6203,EDINET,,,failure,EDINET_API_KEY未設定
2026-08-14T18:11:54.023537+00:00,8584,EDINET,,,failure,EDINET_API_KEY未設定
2026-08-14T18:11:54.023537+00:00,8439,EDINET,,,failure,EDINET_API_KEY未設定
2026-08-14T18:11:54.023537+00:00,3891,EDINET,,,failure,EDINET_API_KEY未設定
2026-08-14T18:11:54.023537+00:00,1814,EDINET,,,failure,EDINET_API_KEY未設定
2026-08-14T18:11:54.023537+00:00,1333,EDINET,,,failure,EDINET_API_KEY未設定
2026-08-14T18:11:54.023537+00:00,6532,EDINET,,,failure,EDINET_API_KEY未設定
2026-08-14T18:11:54.023537+00:00,7984,EDINET,,,failure,EDINET_API_KEY未設定
2026-08-14T18:11:54.023537+00:00,6613,EDINET,,,failure,EDINET_API_KEY未設定
2026-08-14T18:11:54.023537+00:00,4617,EDINET,,,failure,EDINET_API_KEY未設定
2026-08-14T18:11:54.023537+00:00,6838,EDINET,,,failure,EDINET_API_KEY未設定
2026-08-14T18:11:54.023537+00:00,4828,EDINET,,,failure,EDINET_API_KEY未設定
2026-08-14T18:11:54.023537+00:00,4819,EDINET,,,failure,EDINET_API_KEY未設定
2026-08-14T18:11:54.023537+00:00,4118,EDINET,,,failure,EDINET_API_KEY未設定
2026-08-14T18:11:54.023537+00:00,4091,EDINET,,,failure,EDINET_API_KEY未設定
2026-08-14T18:11:54.023537+00:00,3569,EDINET,,,failure,EDINET_API_KEY未設定
2026-08-14T18:11:54.023537+00:00,2127,EDINET,,,failure,EDINET_API_KEY未設定
2026-08-14T18:11:54.023537+00:00,7735,EDINET,,,failure,EDINET_API_KEY未設定
2026-08-14T18:11:54.023537+00:00,3099,EDINET,,,failure,EDINET_API_KEY未設定
2026-08-14T18:11:54.023537+00:00,5445,EDINET,,,failure,EDINET_API_KEY未設定
2026-08-14T18:11:54.023537+00:00,8043,EDINET,,,failure,EDINET_API_KEY未設定
2026-08-14T18:11:54.023537+00:00,6524,EDINET,,,failure,EDINET_API_KEY未設定
2026-08-14T18:11:54.023537+00:00,6516,EDINET,,,failure,EDINET_API_KEY未設定
2026-08-14T18:11:54.023537+00:00,2784,EDINET,,,failure,EDINET_API_KEY未設定
2026-08-14T18:11:54.023537+00:00,2809,EDINET,,,failure,EDINET_API_KEY未設定
2026-08-14T18:11:54.023537+00:00,6298,EDINET,,,failure,EDINET_API_KEY未設定
2026-08-14T18:11:54.023537+00:00,5016,EDINET,,,failure,EDINET_API_KEY未設定
2026-08-14T18:11:54.023537+00:00,8708,EDINET,,,failure,EDINET_API_KEY未設定
2026-08-14T18:11:54.023537+00:00,8771,EDINET,,,failure,EDINET_API_KEY未設定
2026-08-14T18:11:54.023537+00:00,2206,EDINET,,,failure,EDINET_API_KEY未設定
2026-08-14T18:11:54.023537+00:00,9101,EDINET,,,failure,EDINET_API_KEY未設定
2026-08-14T18:11:54.023537+00:00,3769,EDINET,,,failure,EDINET_API_KEY未設定
2026-08-14T18:11:54.023537+00:00,9934,EDINET,,,failure,EDINET_API_KEY未設定
2026-08-14T18:11:54.023537+00:00,9119,EDINET,,,failure,EDINET_API_KEY未設定
2026-08-14T18:11:54.023537+00:00,9104,EDINET,,,failure,EDINET_API_KEY未設定
2026-08-14T18:11:54.023537+00:00,2384,EDINET,,,failure,EDINET_API_KEY未設定
2026-08-14T18:11:54.023537+00:00,8841,EDINET,,,failure,EDINET_API_KEY未設定
2026-08-14T18:11:54.023537+00:00,2371,EDINET,,,failure,EDINET_API_KEY未設定
2026-08-14T18:11:54.023537+00:00,6986,EDINET,,,failure,EDINET_API_KEY未設定
2026-08-14T18:11:54.023537+00:00,7610,EDINET,,,failure,EDINET_API_KEY未設定
2026-08-14T18:11:54.023537+00:00,7409,EDINET,,,failure,EDINET_API_KEY未設定
2026-08-14T18:11:54.023537+00:00,4183,EDINET,,,failure,EDINET_API_KEY未設定
2026-08-14T18:11:54.023537+00:00,7240,EDINET,,,failure,EDINET_API_KEY未設定
2026-08-14T18:11:54.023537+00:00,2768,EDINET,,,failure,EDINET_API_KEY未設定
2026-08-14T18:11:54.023537+00:00,6486,EDINET,,,failure,EDINET_API_KEY未設定
2026-08-14T18:11:54.023537+00:00,5310,EDINET,,,failure,EDINET_API_KEY未設定
2026-08-14T18:11:54.023537+00:00,5707,EDINET,,,failure,EDINET_API_KEY未設定
2026-08-14T18:11:54.023537+00:00,3105,EDINET,,,failure,EDINET_API_KEY未設定
2026-08-14T18:11:54.023537+00:00,6914,EDINET,,,failure,EDINET_API_KEY未設定
2026-08-14T18:11:54.023537+00:00,4813,EDINET,,,failure,EDINET_API_KEY未設定
2026-08-14T18:11:54.023537+00:00,7976,EDINET,,,failure,EDINET_API_KEY未設定
2026-08-14T18:11:54.023537+00:00,4894,EDINET,,,failure,EDINET_API_KEY未設定
2026-08-14T18:11:54.023537+00:00,8032,EDINET,,,failure,EDINET_API_KEY未設定
2026-08-14T18:11:54.023537+00:00,6741,EDINET,,,failure,EDINET_API_KEY未設定
2026-08-14T18:11:54.023537+00:00,6098,EDINET,,,failure,EDINET_API_KEY未設定
2026-08-14T18:11:54.023537+00:00,6339,EDINET,,,failure,EDINET_API_KEY未設定
2026-08-14T18:11:54.023537+00:00,7741,EDINET,,,failure,EDINET_API_KEY未設定
2026-08-14T18:11:54.023537+00:00,2267,EDINET,,,failure,EDINET_API_KEY未設定
2026-08-14T18:11:54.023537+00:00,4722,EDINET,,,failure,EDINET_API_KEY未設定
2026-08-14T18:11:54.023537+00:00,8613,EDINET,,,failure,EDINET_API_KEY未設定
2026-08-14T18:11:54.023537+00:00,5857,EDINET,,,failure,EDINET_API_KEY未設定
2026-08-14T18:11:54.023537+00:00,8622,EDINET,,,failure,EDINET_API_KEY未設定
2026-08-14T18:11:54.023537+00:00,6072,EDINET,,,failure,EDINET_API_KEY未設定
2026-08-14T18:11:54.023537+00:00,1663,EDINET,,,failure,EDINET_API_KEY未設定
2026-08-14T18:11:54.023537+00:00,8367,EDINET,,,failure,EDINET_API_KEY未設定
2026-08-14T18:11:54.023537+00:00,5563,EDINET,,,failure,EDINET_API_KEY未設定
2026-08-14T18:11:54.023537+00:00,6501,EDINET,,,failure,EDINET_API_KEY未設定
2026-08-14T18:11:54.023537+00:00,3825,EDINET,,,failure,EDINET_API_KEY未設定
2026-08-14T18:11:54.023537+00:00,3791,EDINET,,,failure,EDINET_API_KEY未設定
2026-08-14T18:11:54.023537+00:00,3878,EDINET,,,failure,EDINET_API_KEY未設定
2026-08-14T18:11:54.023537+00:00,6857,EDINET,,,failure,EDINET_API_KEY未設定
2026-08-14T18:11:54.023537+00:00,7868,EDINET,,,failure,EDINET_API_KEY未設定
2026-08-14T18:11:54.023537+00:00,4095,EDINET,,,failure,EDINET_API_KEY未設定
2026-08-14T18:11:54.023537+00:00,3558,EDINET,,,failure,EDINET_API_KEY未設定
2026-08-14T18:11:54.023537+00:00,3544,EDINET,,,failure,EDINET_API_KEY未設定
2026-08-14T18:11:54.023537+00:00,4044,EDINET,,,failure,EDINET_API_KEY未設定
2026-08-14T18:11:54.023537+00:00,2931,EDINET,,,failure,EDINET_API_KEY未設定
2026-08-14T18:11:54.023537+00:00,7236,EDINET,,,failure,EDINET_API_KEY未設定
2026-08-14T18:11:54.023537+00:00,7138,EDINET,,,failure,EDINET_API_KEY未設定
2026-08-14T18:11:54.023537+00:00,4202,EDINET,,,failure,EDINET_API_KEY未設定
2026-08-14T18:11:54.023537+00:00,7599,EDINET,,,failure,EDINET_API_KEY未設定
2026-08-14T18:11:54.023537+00:00,4381,EDINET,,,failure,EDINET_API_KEY未設定
2026-08-14T18:11:54.023537+00:00,4680,EDINET,,,failure,EDINET_API_KEY未設定
2026-08-14T18:11:54.023537+00:00,9468,EDINET,,,failure,EDINET_API_KEY未設定
2026-08-14T18:11:54.023537+00:00,5801,EDINET,,,failure,EDINET_API_KEY未設定
2026-08-14T18:11:54.023537+00:00,4483,EDINET,,,failure,EDINET_API_KEY未設定
2026-08-14T18:11:54.023537+00:00,9678,EDINET,,,failure,EDINET_API_KEY未設定
2026-08-14T18:11:54.023537+00:00,6963,EDINET,,,failure,EDINET_API_KEY未設定
2026-08-14T18:11:54.023537+00:00,4188,EDINET,,,failure,EDINET_API_KEY未設定
2026-08-14T18:11:54.023537+00:00,4592,EDINET,,,failure,EDINET_API_KEY未設定
2026-08-14T18:11:54.023537+00:00,7456,EDINET,,,failure,EDINET_API_KEY未設定
2026-08-14T18:11:54.023537+00:00,6327,EDINET,,,failure,EDINET_API_KEY未設定
2026-08-14T18:11:54.023537+00:00,6522,EDINET,,,failure,EDINET_API_KEY未設定
2026-08-14T18:11:54.023537+00:00,6521,EDINET,,,failure,EDINET_API_KEY未設定
2026-08-14T18:11:54.023537+00:00,8252,EDINET,,,failure,EDINET_API_KEY未設定
2026-08-14T18:11:54.023537+00:00,6572,EDINET,,,failure,EDINET_API_KEY未設定
2026-08-14T18:11:54.023537+00:00,3002,EDINET,,,failure,EDINET_API_KEY未設定
2026-08-14T18:11:54.023537+00:00,3276,EDINET,,,failure,EDINET_API_KEY未設定
2026-08-14T18:11:54.023537+00:00,3168,EDINET,,,failure,EDINET_API_KEY未設定
2026-08-14T18:11:54.023537+00:00,7911,EDINET,,,failure,EDINET_API_KEY未設定
2026-08-14T18:11:54.023537+00:00,4914,EDINET,,,failure,EDINET_API_KEY未設定
2026-08-14T18:11:54.023537+00:00,6769,EDINET,,,failure,EDINET_API_KEY未設定
2026-08-14T18:11:54.023537+00:00,4973,EDINET,,,failure,EDINET_API_KEY未設定
2026-08-14T18:11:54.023537+00:00,6645,EDINET,,,failure,EDINET_API_KEY未設定
2026-08-14T18:11:54.023537+00:00,6616,EDINET,,,failure,EDINET_API_KEY未設定
2026-08-14T18:11:54.023537+00:00,6862,EDINET,,,failure,EDINET_API_KEY未設定
2026-08-14T18:11:54.023537+00:00,7826,EDINET,,,failure,EDINET_API_KEY未設定
2026-08-14T18:11:54.023537+00:00,7906,EDINET,,,failure,EDINET_API_KEY未設定
2026-08-14T18:11:54.023537+00:00,4107,EDINET,,,failure,EDINET_API_KEY未設定
2026-08-14T18:11:54.023537+00:00,4165,EDINET,,,failure,EDINET_API_KEY未設定
2026-08-14T18:11:54.023537+00:00,4062,EDINET,,,failure,EDINET_API_KEY未設定
2026-08-14T18:11:54.023537+00:00,7762,EDINET,,,failure,EDINET_API_KEY未設定
2026-08-14T18:11:54.023537+00:00,2175,EDINET,,,failure,EDINET_API_KEY未設定
2026-08-14T18:11:54.023537+00:00,2229,EDINET,,,failure,EDINET_API_KEY未設定
2026-08-14T18:11:54.023537+00:00,3086,EDINET,,,failure,EDINET_API_KEY未設定
2026-08-14T18:11:54.023537+00:00,2801,EDINET,,,failure,EDINET_API_KEY未設定
2026-08-14T18:11:54.023537+00:00,6027,EDINET,,,failure,EDINET_API_KEY未設定
2026-08-14T18:11:54.023537+00:00,6217,EDINET,,,failure,EDINET_API_KEY未設定
2026-08-14T18:11:54.023537+00:00,2975,EDINET,,,failure,EDINET_API_KEY未設定
2026-08-14T18:11:54.023537+00:00,5381,EDINET,,,failure,EDINET_API_KEY未設定
2026-08-14T18:11:54.023537+00:00,6506,EDINET,,,failure,EDINET_API_KEY未設定
2026-08-14T18:11:54.023537+00:00,6525,EDINET,,,failure,EDINET_API_KEY未設定
2026-08-14T18:11:54.023537+00:00,8117,EDINET,,,failure,EDINET_API_KEY未設定
2026-08-14T18:11:54.023537+00:00,4023,EDINET,,,failure,EDINET_API_KEY未設定
2026-08-14T18:11:54.023537+00:00,7199,EDINET,,,failure,EDINET_API_KEY未設定
2026-08-14T18:11:54.023537+00:00,7458,EDINET,,,failure,EDINET_API_KEY未設定
2026-08-14T18:11:54.023537+00:00,4204,EDINET,,,failure,EDINET_API_KEY未設定
2026-08-14T18:11:54.023537+00:00,4373,EDINET,,,failure,EDINET_API_KEY未設定
2026-08-14T18:11:54.023537+00:00,4385,EDINET,,,failure,EDINET_API_KEY未設定
2026-08-14T18:11:54.023537+00:00,4413,EDINET,,,failure,EDINET_API_KEY未設定
2026-08-14T18:11:54.023537+00:00,7545,EDINET,,,failure,EDINET_API_KEY未設定
2026-08-14T18:11:54.023537+00:00,3660,EDINET,,,failure,EDINET_API_KEY未設定
2026-08-14T18:11:54.023537+00:00,3608,EDINET,,,failure,EDINET_API_KEY未設定
2026-08-14T18:11:54.023537+00:00,9997,EDINET,,,failure,EDINET_API_KEY未設定
2026-08-14T18:11:54.023537+00:00,9983,EDINET,,,failure,EDINET_API_KEY未設定
2026-08-14T18:11:54.023537+00:00,9900,EDINET,,,failure,EDINET_API_KEY未設定
2026-08-14T18:11:54.023537+00:00,8876,EDINET,,,failure,EDINET_API_KEY未設定
2026-08-14T18:11:54.023537+00:00,9201,EDINET,,,failure,EDINET_API_KEY未設定
2026-08-14T18:11:54.023537+00:00,9418,EDINET,,,failure,EDINET_API_KEY未設定
2026-08-14T18:11:54.023537+00:00,2327,EDINET,,,failure,EDINET_API_KEY未設定
2026-08-14T18:11:54.023537+00:00,9716,EDINET,,,failure,EDINET_API_KEY未設定
2026-08-14T18:11:54.023537+00:00,7453,EDINET,,,failure,EDINET_API_KEY未設定
2026-08-14T18:11:54.023537+00:00,3661,EDINET,,,failure,EDINET_API_KEY未設定
2026-08-14T18:11:54.023537+00:00,2501,EDINET,,,failure,EDINET_API_KEY未設定
2026-08-14T18:11:54.023537+00:00,2492,EDINET,,,failure,EDINET_API_KEY未設定
2026-08-14T18:11:54.023537+00:00,4544,EDINET,,,failure,EDINET_API_KEY未設定
2026-08-14T18:11:54.023537+00:00,2585,EDINET,,,failure,EDINET_API_KEY未設定
2026-08-14T18:11:54.023537+00:00,4676,EDINET,,,failure,EDINET_API_KEY未設定
2026-08-14T18:11:54.023537+00:00,7564,EDINET,,,failure,EDINET_API_KEY未設定
2026-08-14T18:11:54.023537+00:00,4324,EDINET,,,failure,EDINET_API_KEY未設定
2026-08-14T18:11:54.023537+00:00,4816,EDINET,,,failure,EDINET_API_KEY未設定
2026-08-14T18:11:54.023537+00:00,3391,EDINET,,,failure,EDINET_API_KEY未設定
2026-08-14T18:11:54.023537+00:00,7988,EDINET,,,failure,EDINET_API_KEY未設定
2026-08-14T18:11:54.023537+00:00,4812,EDINET,,,failure,EDINET_API_KEY未設定
2026-08-14T18:11:54.023537+00:00,7867,EDINET,,,failure,EDINET_API_KEY未設定
2026-08-14T18:11:54.023537+00:00,3498,EDINET,,,failure,EDINET_API_KEY未設定
2026-08-14T18:11:54.023537+00:00,2181,EDINET,,,failure,EDINET_API_KEY未設定
2026-08-14T18:11:54.023537+00:00,4776,EDINET,,,failure,EDINET_API_KEY未設定
2026-08-14T18:11:54.023537+00:00,6902,EDINET,,,failure,EDINET_API_KEY未設定
2026-08-14T18:11:54.023537+00:00,4704,EDINET,,,failure,EDINET_API_KEY未設定
2026-08-14T18:11:54.023537+00:00,4088,EDINET,,,failure,EDINET_API_KEY未設定
2026-08-14T18:11:54.023537+00:00,4180,EDINET,,,failure,EDINET_API_KEY未設定
2026-08-14T18:11:54.023537+00:00,2670,EDINET,,,failure,EDINET_API_KEY未設定
2026-08-14T18:11:54.023537+00:00,5027,EDINET,,,failure,EDINET_API_KEY未設定
2026-08-14T18:11:54.023537+00:00,5032,EDINET,,,failure,EDINET_API_KEY未設定
2026-08-14T18:11:54.023537+00:00,5101,EDINET,,,failure,EDINET_API_KEY未設定
2026-08-14T18:11:54.023537+00:00,5253,EDINET,,,failure,EDINET_API_KEY未設定
2026-08-14T18:11:54.023537+00:00,2749,EDINET,,,failure,EDINET_API_KEY未設定
2026-08-14T18:11:54.023537+00:00,6196,EDINET,,,failure,EDINET_API_KEY未設定
2026-08-14T18:11:54.023537+00:00,8425,EDINET,,,failure,EDINET_API_KEY未設定
2026-08-14T18:11:54.023537+00:00,6178,EDINET,,,failure,EDINET_API_KEY未設定
2026-08-14T18:11:54.023537+00:00,8706,EDINET,,,failure,EDINET_API_KEY未設定
2026-08-14T18:11:54.023537+00:00,3923,EDINET,,,failure,EDINET_API_KEY未設定
2026-08-14T18:11:54.023537+00:00,3865,EDINET,,,failure,EDINET_API_KEY未設定
2026-08-14T18:11:54.023537+00:00,9023,EDINET,,,failure,EDINET_API_KEY未設定
2026-08-14T18:11:54.023537+00:00,9069,EDINET,,,failure,EDINET_API_KEY未設定
2026-08-14T18:11:54.023537+00:00,9024,EDINET,,,failure,EDINET_API_KEY未設定
2026-08-14T18:11:54.023537+00:00,1909,EDINET,,,failure,EDINET_API_KEY未設定
2026-08-14T18:11:54.023537+00:00,1887,EDINET,,,failure,EDINET_API_KEY未設定
2026-08-14T18:11:54.035977+00:00,4751,未取得,,,failure,公式取得元または参照先なし
2026-08-14T18:11:54.035977+00:00,1860,未取得,,,failure,公式取得元または参照先なし
2026-08-14T18:11:54.035977+00:00,1968,未取得,,,failure,公式取得元または参照先なし
2026-08-14T18:11:54.035977+00:00,4755,未取得,,,failure,公式取得元または参照先なし
2026-08-14T18:11:54.035977+00:00,3299,未取得,,,failure,公式取得元または参照先なし
2026-08-14T18:11:54.035977+00:00,6969,未取得,,,failure,公式取得元または参照先なし
2026-08-14T18:11:54.035977+00:00,4975,未取得,,,failure,公式取得元または参照先なし
2026-08-14T18:11:54.035977+00:00,4889,未取得,,,failure,公式取得元または参照先なし
2026-08-14T18:11:54.035977+00:00,4971,未取得,,,failure,公式取得元または参照先なし
2026-08-14T18:11:54.035977+00:00,8848,未取得,,,failure,公式取得元または参照先なし
2026-08-14T18:11:54.035977+00:00,1952,未取得,,,failure,公式取得元または参照先なし
2026-08-14T18:11:54.035977+00:00,6544,未取得,,,failure,公式取得元または参照先なし
2026-08-14T18:11:54.035977+00:00,1944,未取得,,,failure,公式取得元または参照先なし
2026-08-14T18:11:54.035977+00:00,1969,未取得,,,failure,公式取得元または参照先なし
2026-08-14T18:11:54.035977+00:00,8508,未取得,,,failure,公式取得元または参照先なし
2026-08-14T18:11:54.035977+00:00,4901,未取得,,,failure,公式取得元または参照先なし
2026-08-14T18:11:54.035977+00:00,4275,未取得,,,failure,公式取得元または参照先なし
2026-08-14T18:11:54.035977+00:00,4047,未取得,,,failure,公式取得元または参照先なし
2026-08-14T18:11:54.035977+00:00,3479,未取得,,,failure,公式取得元または参照先なし
2026-08-14T18:11:54.035977+00:00,7715,未取得,,,failure,公式取得元または参照先なし
2026-08-14T18:11:54.035977+00:00,6787,未取得,,,failure,公式取得元または参照先なし
2026-08-14T18:11:54.035977+00:00,6656,未取得,,,failure,公式取得元または参照先なし
2026-08-14T18:11:54.035977+00:00,6145,未取得,,,failure,公式取得元または参照先なし
2026-08-14T18:11:54.035977+00:00,6768,未取得,,,failure,公式取得元または参照先なし
2026-08-14T18:11:54.035977+00:00,7915,未取得,,,failure,公式取得元または参照先なし
2026-08-14T18:11:54.035977+00:00,1959,未取得,,,failure,公式取得元または参照先なし
2026-08-14T18:11:54.035977+00:00,7760,未取得,,,failure,公式取得元または参照先なし
2026-08-14T18:11:54.035977+00:00,1815,未取得,,,failure,公式取得元または参照先なし
2026-08-14T18:11:54.035977+00:00,4078,未取得,,,failure,公式取得元または参照先なし
2026-08-14T18:11:54.035977+00:00,4980,未取得,,,failure,公式取得元または参照先なし
2026-08-14T18:11:54.035977+00:00,4368,未取得,,,failure,公式取得元または参照先なし
2026-08-14T18:11:54.035977+00:00,6703,未取得,,,failure,公式取得元または参照先なし
2026-08-14T18:11:54.035977+00:00,4935,未取得,,,failure,公式取得元または参照先なし
2026-08-14T18:11:54.035977+00:00,6118,未取得,,,failure,公式取得元または参照先なし
2026-08-14T18:11:54.035977+00:00,6976,未取得,,,failure,公式取得元または参照先なし
2026-08-14T18:11:54.035977+00:00,6845,未取得,,,failure,公式取得元または参照先なし
2026-08-14T18:11:54.035977+00:00,6458,未取得,,,failure,公式取得元または参照先なし
2026-08-14T18:11:54.035977+00:00,6266,未取得,,,failure,公式取得元または参照先なし
2026-08-14T18:11:54.035977+00:00,6209,未取得,,,failure,公式取得元または参照先なし
2026-08-14T18:11:54.035977+00:00,6807,未取得,,,failure,公式取得元または参照先なし
2026-08-14T18:11:54.035977+00:00,7917,未取得,,,failure,公式取得元または参照先なし
2026-08-14T18:11:54.035977+00:00,1976,未取得,,,failure,公式取得元または参照先なし
2026-08-14T18:11:54.035977+00:00,1950,未取得,,,failure,公式取得元または参照先なし
2026-08-14T18:11:54.035977+00:00,5989,未取得,,,failure,公式取得元または参照先なし
2026-08-14T18:11:54.035977+00:00,9517,未取得,,,failure,公式取得元または参照先なし
2026-08-14T18:11:54.035977+00:00,4548,未取得,,,failure,公式取得元または参照先なし
2026-08-14T18:11:54.035977+00:00,3905,未取得,,,failure,公式取得元または参照先なし
2026-08-14T18:11:54.035977+00:00,9006,未取得,,,failure,公式取得元または参照先なし
2026-08-14T18:11:54.035977+00:00,3837,未取得,,,failure,公式取得元または参照先なし
2026-08-14T18:11:54.035977+00:00,6806,未取得,,,failure,公式取得元または参照先なし
2026-08-14T18:11:54.035977+00:00,7012,未取得,,,failure,公式取得元または参照先なし
2026-08-14T18:11:54.035977+00:00,6638,未取得,,,failure,公式取得元または参照先なし
2026-08-14T18:11:54.035977+00:00,1942,未取得,,,failure,公式取得元または参照先なし
2026-08-14T18:11:54.035977+00:00,7220,未取得,,,failure,公式取得元または参照先なし
2026-08-14T18:11:54.035977+00:00,7245,未取得,,,failure,公式取得元または参照先なし
2026-08-14T18:11:54.035977+00:00,6997,未取得,,,failure,公式取得元または参照先なし
2026-08-14T18:11:54.035977+00:00,1407,未取得,,,failure,公式取得元または参照先なし
2026-08-14T18:11:54.035977+00:00,4620,未取得,,,failure,公式取得元または参照先なし
2026-08-14T18:11:54.035977+00:00,4626,未取得,,,failure,公式取得元または参照先なし
2026-08-14T18:11:54.035977+00:00,6622,未取得,,,failure,公式取得元または参照先なし
2026-08-14T18:11:54.035977+00:00,6856,未取得,,,failure,公式取得元または参照先なし
2026-08-14T18:11:54.035977+00:00,6996,未取得,,,failure,公式取得元または参照先なし
2026-08-14T18:11:54.035977+00:00,6961,未取得,,,failure,公式取得元または参照先なし
2026-08-14T18:11:54.035977+00:00,6368,未取得,,,failure,公式取得元または参照先なし
2026-08-14T18:11:54.035977+00:00,2874,未取得,,,failure,公式取得元または参照先なし
2026-08-14T18:11:54.035977+00:00,6526,未取得,,,failure,公式取得元または参照先なし
2026-08-14T18:11:54.035977+00:00,7611,未取得,,,failure,公式取得元または参照先なし
2026-08-14T18:11:54.035977+00:00,9274,未取得,,,failure,公式取得元または参照先なし
2026-08-14T18:11:54.035977+00:00,2120,未取得,,,failure,公式取得元または参照先なし
2026-08-14T18:11:54.035977+00:00,7860,未取得,,,failure,公式取得元または参照先なし
2026-08-14T18:11:54.035977+00:00,8818,未取得,,,failure,公式取得元または参照先なし
2026-08-14T18:11:54.035977+00:00,7979,未取得,,,failure,公式取得元または参照先なし
2026-08-14T18:11:54.035977+00:00,8601,未取得,,,failure,公式取得元または参照先なし
2026-08-14T18:11:54.035977+00:00,2157,未取得,,,failure,公式取得元または参照先なし
2026-08-14T18:11:54.035977+00:00,1938,未取得,,,failure,公式取得元または参照先なし
2026-08-14T18:11:54.035977+00:00,6330,未取得,,,failure,公式取得元または参照先なし
2026-08-14T18:11:54.035977+00:00,6378,未取得,,,failure,公式取得元または参照先なし
2026-08-14T18:11:54.035977+00:00,6674,未取得,,,failure,公式取得元または参照先なし
2026-08-14T18:11:54.035977+00:00,6707,未取得,,,failure,公式取得元または参照先なし
2026-08-14T18:11:54.035977+00:00,6981,未取得,,,failure,公式取得元または参照先なし
2026-08-14T18:11:54.035977+00:00,7059,未取得,,,failure,公式取得元または参照先なし
2026-08-14T18:11:54.035977+00:00,6951,未取得,,,failure,公式取得元または参照先なし
2026-08-14T18:11:54.035977+00:00,6777,未取得,,,failure,公式取得元または参照先なし
2026-08-14T18:11:54.035977+00:00,4674,未取得,,,failure,公式取得元または参照先なし
2026-08-14T18:11:54.035977+00:00,3245,未取得,,,failure,公式取得元または参照先なし
2026-08-14T18:11:54.035977+00:00,5208,未取得,,,failure,公式取得元または参照先なし
2026-08-14T18:11:54.035977+00:00,5105,未取得,,,failure,公式取得元または参照先なし
2026-08-14T18:11:54.035977+00:00,5232,未取得,,,failure,公式取得元または参照先なし
2026-08-14T18:11:54.035977+00:00,3482,未取得,,,failure,公式取得元または参照先なし
2026-08-14T18:11:54.035977+00:00,1833,未取得,,,failure,公式取得元または参照先なし
2026-08-14T18:11:54.035977+00:00,1419,未取得,,,failure,公式取得元または参照先なし
2026-08-14T18:11:54.035977+00:00,3632,未取得,,,failure,公式取得元または参照先なし
2026-08-14T18:11:54.035977+00:00,9021,未取得,,,failure,公式取得元または参照先なし
2026-08-14T18:11:54.035977+00:00,1514,未取得,,,failure,公式取得元または参照先なし
2026-08-14T18:11:54.035977+00:00,9166,未取得,,,failure,公式取得元または参照先なし
2026-08-14T18:11:54.035977+00:00,1447,未取得,,,failure,公式取得元または参照先なし
2026-08-14T18:11:54.035977+00:00,9552,未取得,,,failure,公式取得元または参照先なし
2026-08-14T18:11:54.035977+00:00,6742,未取得,,,failure,公式取得元または参照先なし
2026-08-14T18:11:54.035977+00:00,6480,未取得,,,failure,公式取得元または参照先なし
2026-08-14T18:11:54.035977+00:00,6479,未取得,,,failure,公式取得元または参照先なし
2026-08-14T18:11:54.035977+00:00,6418,未取得,,,failure,公式取得元または参照先なし
2026-08-14T18:11:54.035977+00:00,5246,未取得,,,failure,公式取得元または参照先なし
2026-08-14T18:11:54.035977+00:00,4996,未取得,,,failure,公式取得元または参照先なし
2026-08-14T18:11:54.035977+00:00,9227,未取得,,,failure,公式取得元または参照先なし
2026-08-14T18:11:54.035977+00:00,5706,未取得,,,failure,公式取得元または参照先なし
2026-08-14T18:11:54.035977+00:00,4588,未取得,,,failure,公式取得元または参照先なし
2026-08-14T18:11:54.035977+00:00,4480,未取得,,,failure,公式取得元または参照先なし
2026-08-14T18:11:54.035977+00:00,6920,未取得,,,failure,公式取得元または参照先なし
2026-08-14T18:11:54.035977+00:00,3284,未取得,,,failure,公式取得元または参照先なし
2026-08-14T18:11:54.035977+00:00,6995,未取得,,,failure,公式取得元または参照先なし
2026-08-14T18:11:54.035977+00:00,7003,未取得,,,failure,公式取得元または参照先なし
2026-08-14T18:11:54.035977+00:00,7600,未取得,,,failure,公式取得元または参照先なし
2026-08-14T18:11:54.035977+00:00,1979,未取得,,,failure,公式取得元または参照先なし
2026-08-14T18:11:54.035977+00:00,7972,未取得,,,failure,公式取得元または参照先なし
2026-08-14T18:11:54.035977+00:00,7803,未取得,,,failure,公式取得元または参照先なし
2026-08-14T18:11:54.035977+00:00,7004,未取得,,,failure,公式取得元または参照先なし
2026-08-14T18:11:54.035977+00:00,7717,未取得,,,failure,公式取得元または参照先なし
2026-08-14T18:11:54.035977+00:00,6994,未取得,,,failure,公式取得元または参照先なし
2026-08-14T18:11:54.035977+00:00,6999,未取得,,,failure,公式取得元または参照先なし
2026-08-14T18:11:54.035977+00:00,6971,未取得,,,failure,公式取得元または参照先なし
2026-08-14T18:11:54.035977+00:00,6962,未取得,,,failure,公式取得元または参照先なし
2026-08-14T18:11:54.035977+00:00,6905,未取得,,,failure,公式取得元または参照先なし
2026-08-14T18:11:54.035977+00:00,6800,未取得,,,failure,公式取得元または参照先なし
2026-08-14T18:11:54.035977+00:00,4587,未取得,,,failure,公式取得元または参照先なし
2026-08-14T18:11:54.035977+00:00,2531,未取得,,,failure,公式取得元または参照先なし
2026-08-14T18:11:54.035977+00:00,1945,未取得,,,failure,公式取得元または参照先なし
2026-08-14T18:11:54.035977+00:00,1926,未取得,,,failure,公式取得元または参照先なし
2026-08-14T18:11:54.035977+00:00,1946,未取得,,,failure,公式取得元または参照先なし
2026-08-14T18:11:54.035977+00:00,1377,未取得,,,failure,公式取得元または参照先なし
2026-08-14T18:11:54.035977+00:00,9880,未取得,,,failure,公式取得元または参照先なし
2026-08-14T18:11:54.035977+00:00,3993,未取得,,,failure,公式取得元または参照先なし
2026-08-14T18:11:54.035977+00:00,9008,未取得,,,failure,公式取得元または参照先なし
2026-08-14T18:11:54.035977+00:00,3687,未取得,,,failure,公式取得元または参照先なし
2026-08-14T18:11:54.035977+00:00,8616,未取得,,,failure,公式取得元または参照先なし
2026-08-14T18:11:54.035977+00:00,8697,未取得,,,failure,公式取得元または参照先なし
2026-08-14T18:11:54.035977+00:00,4028,未取得,,,failure,公式取得元または参照先なし
2026-08-14T18:11:54.035977+00:00,3395,未取得,,,failure,公式取得元または参照先なし
2026-08-14T18:11:54.035977+00:00,7995,未取得,,,failure,公式取得元または参照先なし
2026-08-14T18:11:54.035977+00:00,3436,未取得,,,failure,公式取得元または参照先なし
2026-08-14T18:11:54.035977+00:00,8167,未取得,,,failure,公式取得元または参照先なし
2026-08-14T18:11:54.035977+00:00,8253,未取得,,,failure,公式取得元または参照先なし
2026-08-14T18:11:54.035977+00:00,8366,未取得,,,failure,公式取得元または参照先なし
2026-08-14T18:11:54.035977+00:00,8368,未取得,,,failure,公式取得元または参照先なし
2026-08-14T18:11:54.035977+00:00,3778,未取得,,,failure,公式取得元または参照先なし
2026-08-14T18:11:54.035977+00:00,3864,未取得,,,failure,公式取得元または参照先なし
2026-08-14T18:11:54.035977+00:00,6440,未取得,,,failure,公式取得元または参照先なし
2026-08-14T18:11:54.035977+00:00,6433,未取得,,,failure,公式取得元または参照先なし
2026-08-14T18:11:54.035977+00:00,1961,未取得,,,failure,公式取得元または参照先なし
2026-08-14T18:11:54.035977+00:00,5202,未取得,,,failure,公式取得元または参照先なし
2026-08-14T18:11:54.035977+00:00,6383,未取得,,,failure,公式取得元または参照先なし
2026-08-14T18:11:54.035977+00:00,6387,未取得,,,failure,公式取得元または参照先なし
2026-08-14T18:11:54.035977+00:00,6331,未取得,,,failure,公式取得元または参照先なし
2026-08-14T18:11:54.035977+00:00,6356,未取得,,,failure,公式取得元または参照先なし
2026-08-14T18:11:54.035977+00:00,5802,未取得,,,failure,公式取得元または参照先なし
2026-08-14T18:11:54.035977+00:00,9449,未取得,,,failure,公式取得元または参照先なし
2026-08-14T18:11:54.035977+00:00,1786,未取得,,,failure,公式取得元または参照先なし
2026-08-14T18:11:54.035977+00:00,6337,未取得,,,failure,公式取得元または参照先なし
2026-08-14T18:11:54.035977+00:00,5930,未取得,,,failure,公式取得元または参照先なし
2026-08-14T18:11:54.035977+00:00,6146,未取得,,,failure,公式取得元または参照先なし
2026-08-14T18:11:54.035977+00:00,6264,未取得,,,failure,公式取得元または参照先なし
2026-08-14T18:11:54.035977+00:00,5367,未取得,,,failure,公式取得元または参照先なし
2026-08-14T18:11:54.035977+00:00,2288,未取得,,,failure,公式取得元または参照先なし
2026-08-14T18:11:54.035977+00:00,2471,未取得,,,failure,公式取得元または参照先なし
2026-08-14T18:11:54.035977+00:00,5121,未取得,,,failure,公式取得元または参照先なし
2026-08-14T18:11:54.035977+00:00,6369,未取得,,,failure,公式取得元または参照先なし
2026-08-14T18:11:54.035977+00:00,6779,未取得,,,failure,公式取得元または参照先なし
2026-08-14T18:11:54.035977+00:00,6794,未取得,,,failure,公式取得元または参照先なし
2026-08-14T18:11:54.035977+00:00,6762,未取得,,,failure,公式取得元または参照先なし
2026-08-14T18:11:54.035977+00:00,6859,未取得,,,failure,公式取得元または参照先なし
2026-08-14T18:11:54.035977+00:00,7719,未取得,,,failure,公式取得元または参照先なし
2026-08-14T18:11:54.035977+00:00,7779,未取得,,,failure,公式取得元または参照先なし
2026-08-14T18:11:54.035977+00:00,7966,未取得,,,failure,公式取得元または参照先なし
2026-08-14T18:11:54.035977+00:00,4182,未取得,,,failure,公式取得元または参照先なし
2026-08-14T18:11:54.035977+00:00,8628,未取得,,,failure,公式取得元または参照先なし
2026-08-14T18:11:54.035977+00:00,9793,未取得,,,failure,公式取得元または参照先なし
2026-08-14T18:11:54.035977+00:00,3399,未取得,,,failure,公式取得元または参照先なし
2026-08-14T18:11:54.035977+00:00,8103,未取得,,,failure,公式取得元または参照先なし
2026-08-14T18:11:54.035977+00:00,2607,未取得,,,failure,公式取得元または参照先なし
2026-08-14T18:11:54.035977+00:00,9551,未取得,,,failure,公式取得元または参照先なし
2026-08-14T18:11:54.035977+00:00,5889,未取得,,,failure,公式取得元または参照先なし
2026-08-14T18:11:54.035977+00:00,9304,未取得,,,failure,公式取得元または参照先なし
2026-08-14T18:11:54.035977+00:00,9743,未取得,,,failure,公式取得元または参照先なし
2026-08-14T18:11:54.035977+00:00,6055,未取得,,,failure,公式取得元または参照先なし
2026-08-14T18:11:54.035977+00:00,6071,未取得,,,failure,公式取得元または参照先なし
2026-08-14T18:11:54.035977+00:00,6425,未取得,,,failure,公式取得元または参照先なし
2026-08-14T18:11:54.035977+00:00,5288,未取得,,,failure,公式取得元または参照先なし
2026-08-14T18:11:54.035977+00:00,5243,未取得,,,failure,公式取得元または参照先なし
2026-08-14T18:11:54.035977+00:00,6507,未取得,,,failure,公式取得元または参照先なし
2026-08-14T18:11:54.035977+00:00,6376,未取得,,,failure,公式取得元または参照先なし
2026-08-14T18:11:54.035977+00:00,5201,未取得,,,failure,公式取得元または参照先なし
2026-08-14T18:11:54.035977+00:00,6834,未取得,,,failure,公式取得元または参照先なし
2026-08-14T18:11:54.035977+00:00,6666,未取得,,,failure,公式取得元または参照先なし
2026-08-14T18:11:54.035977+00:00,3201,未取得,,,failure,公式取得元または参照先なし
2026-08-14T18:11:54.035977+00:00,2334,未取得,,,failure,公式取得元または参照先なし
2026-08-14T18:11:54.035977+00:00,7777,未取得,,,failure,公式取得元または参照先なし
2026-08-14T18:11:54.035977+00:00,7198,未取得,,,failure,公式取得元または参照先なし
2026-08-14T18:11:54.035977+00:00,7014,未取得,,,failure,公式取得元または参照先なし
2026-08-14T18:11:54.035977+00:00,7746,未取得,,,failure,公式取得元または参照先なし
2026-08-14T18:11:54.035977+00:00,7794,未取得,,,failure,公式取得元または参照先なし
2026-08-14T18:11:54.035977+00:00,2158,未取得,,,failure,公式取得元または参照先なし
2026-08-14T18:11:54.035977+00:00,1975,未取得,,,failure,公式取得元または参照先なし
2026-08-14T18:11:54.035977+00:00,4392,未取得,,,failure,公式取得元または参照先なし
2026-08-14T18:11:54.035977+00:00,9508,未取得,,,failure,公式取得元または参照先なし
2026-08-14T18:11:54.035977+00:00,8739,未取得,,,failure,公式取得元または参照先なし
2026-08-14T18:11:54.035977+00:00,8338,未取得,,,failure,公式取得元または参照先なし
2026-08-14T18:11:54.035977+00:00,3445,未取得,,,failure,公式取得元または参照先なし
2026-08-14T18:11:54.035977+00:00,8012,未取得,,,failure,公式取得元または参照先なし
2026-08-14T18:11:54.035977+00:00,8399,未取得,,,failure,公式取得元または参照先なし
2026-08-14T18:11:54.035977+00:00,3853,未取得,,,failure,公式取得元または参照先なし
2026-08-14T18:11:54.035977+00:00,6324,未取得,,,failure,公式取得元または参照先なし
2026-08-14T18:11:54.035977+00:00,5831,未取得,,,failure,公式取得元または参照先なし
2026-08-14T18:11:54.035977+00:00,4997,未取得,,,failure,公式取得元または参照先なし
2026-08-14T18:11:54.035977+00:00,6361,未取得,,,failure,公式取得元または参照先なし
2026-08-14T18:11:54.035977+00:00,6481,未取得,,,failure,公式取得元または参照先なし
2026-08-14T18:11:54.035977+00:00,2986,未取得,,,failure,公式取得元または参照先なし
2026-08-14T18:11:54.035977+00:00,6472,未取得,,,failure,公式取得元または参照先なし
2026-08-14T18:11:54.035977+00:00,6309,未取得,,,failure,公式取得元または参照先なし
2026-08-14T18:11:54.035977+00:00,5985,未取得,,,failure,公式取得元または参照先なし
2026-08-14T18:11:54.035977+00:00,4575,未取得,,,failure,公式取得元または参照先なし
2026-08-14T18:11:54.035977+00:00,6923,未取得,,,failure,公式取得元または参照先なし
2026-08-14T18:11:54.035977+00:00,3810,未取得,,,failure,公式取得元または参照先なし
2026-08-14T18:11:54.035977+00:00,8267,未取得,,,failure,公式取得元または参照先なし
2026-08-14T18:11:54.035977+00:00,8316,未取得,,,failure,公式取得元または参照先なし
2026-08-14T18:11:54.035977+00:00,3465,未取得,,,failure,公式取得元または参照先なし
2026-08-14T18:11:54.035977+00:00,2220,未取得,,,failure,公式取得元または参照先なし
2026-08-14T18:11:54.035977+00:00,9042,未取得,,,failure,公式取得元または参照先なし
2026-08-14T18:11:54.035977+00:00,7685,未取得,,,failure,公式取得元または参照先なし
2026-08-14T18:11:54.035977+00:00,7181,未取得,,,failure,公式取得元または参照先なし
2026-08-14T18:11:54.035977+00:00,2489,未取得,,,failure,公式取得元または参照先なし
2026-08-14T18:11:54.035977+00:00,7537,未取得,,,failure,公式取得元または参照先なし
2026-08-14T18:11:54.035977+00:00,2168,未取得,,,failure,公式取得元または参照先なし
2026-08-14T18:11:54.035977+00:00,7721,未取得,,,failure,公式取得元または参照先なし
2026-08-14T18:11:54.035977+00:00,4099,未取得,,,failure,公式取得元または参照先なし
2026-08-14T18:11:54.035977+00:00,6958,未取得,,,failure,公式取得元または参照先なし
2026-08-14T18:11:54.035977+00:00,4506,未取得,,,failure,公式取得元または参照先なし
2026-08-14T18:11:54.035977+00:00,2395,未取得,,,failure,公式取得元または参照先なし
2026-08-14T18:11:54.035977+00:00,6890,未取得,,,failure,公式取得元または参照先なし
2026-08-14T18:11:54.035977+00:00,4169,未取得,,,failure,公式取得元または参照先なし
2026-08-14T18:11:54.035977+00:00,6858,未取得,,,failure,公式取得元または参照先なし
2026-08-14T18:11:54.035977+00:00,3103,未取得,,,failure,公式取得元または参照先なし
2026-08-14T18:11:54.035977+00:00,6855,未取得,,,failure,公式取得元または参照先なし
2026-08-14T18:11:54.035977+00:00,5384,未取得,,,failure,公式取得元または参照先なし
2026-08-14T18:11:54.035977+00:00,3176,未取得,,,failure,公式取得元または参照先なし
2026-08-14T18:11:54.035977+00:00,6594,未取得,,,failure,公式取得元または参照先なし
2026-08-14T18:11:54.035977+00:00,4593,未取得,,,failure,公式取得元または参照先なし
2026-08-14T18:11:54.035977+00:00,3101,未取得,,,failure,公式取得元または参照先なし
2026-08-14T18:11:54.035977+00:00,6619,未取得,,,failure,公式取得元または参照先なし
2026-08-14T18:11:54.035977+00:00,8194,未取得,,,failure,公式取得元または参照先なし
2026-08-14T18:11:54.035977+00:00,8060,未取得,,,failure,公式取得元または参照先なし
2026-08-14T18:11:54.035977+00:00,9031,未取得,,,failure,公式取得元または参照先なし
2026-08-14T18:11:54.035977+00:00,9009,未取得,,,failure,公式取得元または参照先なし
2026-08-14T18:11:54.035977+00:00,9470,未取得,,,failure,公式取得元または参照先なし
2026-08-14T18:11:54.035977+00:00,8129,未取得,,,failure,公式取得元または参照先なし
2026-08-14T18:11:54.035977+00:00,8572,未取得,,,failure,公式取得元または参照先なし
2026-08-14T18:11:54.035977+00:00,3915,未取得,,,failure,公式取得元または参照先なし
2026-08-14T18:11:54.035977+00:00,9861,未取得,,,failure,公式取得元または参照先なし
2026-08-14T18:11:54.035977+00:00,3946,未取得,,,failure,公式取得元または参照先なし
2026-08-14T18:11:54.035977+00:00,2201,未取得,,,failure,公式取得元または参照先なし
2026-08-14T18:11:54.035977+00:00,6814,未取得,,,failure,公式取得元または参照先なし
2026-08-14T18:11:54.035977+00:00,4732,未取得,,,failure,公式取得元または参照先なし
2026-08-14T18:11:54.035977+00:00,4478,未取得,,,failure,公式取得元または参照先なし
2026-08-14T18:11:54.035977+00:00,4403,未取得,,,failure,公式取得元または参照先なし
2026-08-14T18:11:54.035977+00:00,7226,未取得,,,failure,公式取得元または参照先なし
2026-08-14T18:11:54.035977+00:00,4272,未取得,,,failure,公式取得元または参照先なし
2026-08-14T18:11:54.035977+00:00,7242,未取得,,,failure,公式取得元または参照先なし
2026-08-14T18:11:54.035977+00:00,7071,未取得,,,failure,公式取得元または参照先なし
2026-08-14T18:11:54.035977+00:00,3034,未取得,,,failure,公式取得元または参照先なし
2026-08-14T18:11:54.035977+00:00,5240,未取得,,,failure,公式取得元または参照先なし
2026-08-14T18:11:54.035977+00:00,6592,未取得,,,failure,公式取得元または参照先なし
2026-08-14T18:11:54.035977+00:00,5714,未取得,,,failure,公式取得元または参照先なし
2026-08-14T18:11:54.035977+00:00,5393,未取得,,,failure,公式取得元または参照先なし
2026-08-14T18:11:54.035977+00:00,1801,未取得,,,failure,公式取得元または参照先なし
2026-08-14T18:11:54.035977+00:00,9511,未取得,,,failure,公式取得元または参照先なし
2026-08-14T18:11:54.035977+00:00,9506,未取得,,,failure,公式取得元または参照先なし
2026-08-14T18:11:54.035977+00:00,9072,未取得,,,failure,公式取得元または参照先なし
2026-08-14T18:11:54.035977+00:00,1719,未取得,,,failure,公式取得元または参照先なし
2026-08-14T18:11:54.035977+00:00,1721,未取得,,,failure,公式取得元または参照先なし
2026-08-14T18:11:54.035977+00:00,8934,未取得,,,failure,公式取得元または参照先なし
2026-08-14T18:11:54.035977+00:00,1822,未取得,,,failure,公式取得元または参照先なし
2026-08-14T18:11:54.035977+00:00,1852,未取得,,,failure,公式取得元または参照先なし
2026-08-14T18:11:54.035977+00:00,8789,未取得,,,failure,公式取得元または参照先なし
2026-08-14T18:11:54.035977+00:00,8714,未取得,,,failure,公式取得元または参照先なし
2026-08-14T18:11:54.035977+00:00,8707,未取得,,,failure,公式取得元または参照先なし
2026-08-14T18:11:54.035977+00:00,8624,未取得,,,failure,公式取得元または参照先なし
2026-08-14T18:11:54.035977+00:00,8614,未取得,,,failure,公式取得元または参照先なし
2026-08-14T18:11:54.035977+00:00,3989,未取得,,,failure,公式取得元または参照先なし
2026-08-14T18:11:54.035977+00:00,3964,未取得,,,failure,公式取得元または参照先なし
2026-08-14T18:11:54.035977+00:00,3962,未取得,,,failure,公式取得元または参照先なし
2026-08-14T18:11:54.035977+00:00,6135,未取得,,,failure,公式取得元または参照先なし
2026-08-14T18:11:54.035977+00:00,6047,未取得,,,failure,公式取得元または参照先なし
2026-08-14T18:11:54.035977+00:00,5991,未取得,,,failure,公式取得元または参照先なし
2026-08-14T18:11:54.035977+00:00,5844,未取得,,,failure,公式取得元または参照先なし
2026-08-14T18:11:54.035977+00:00,5838,未取得,,,failure,公式取得元または参照先なし
2026-08-14T18:11:54.035977+00:00,5832,未取得,,,failure,公式取得元または参照先なし
2026-08-14T18:11:54.035977+00:00,8604,未取得,,,failure,公式取得元または参照先なし
2026-08-14T18:11:54.035977+00:00,8600,未取得,,,failure,公式取得元または参照先なし
2026-08-14T18:11:54.035977+00:00,8570,未取得,,,failure,公式取得元または参照先なし
2026-08-14T18:11:54.035977+00:00,8558,未取得,,,failure,公式取得元または参照先なし
2026-08-14T18:11:54.035977+00:00,8550,未取得,,,failure,公式取得元または参照先なし
2026-08-14T18:11:54.035977+00:00,8541,未取得,,,failure,公式取得元または参照先なし
2026-08-14T18:11:54.035977+00:00,8524,未取得,,,failure,公式取得元または参照先なし
2026-08-14T18:11:54.035977+00:00,8522,未取得,,,failure,公式取得元または参照先なし
2026-08-14T18:11:54.035977+00:00,8511,未取得,,,failure,公式取得元または参照先なし
2026-08-14T18:11:54.035977+00:00,8418,未取得,,,failure,公式取得元または参照先なし
2026-08-14T18:11:54.035977+00:00,6323,未取得,,,failure,公式取得元または参照先なし
2026-08-14T18:11:54.035977+00:00,5715,未取得,,,failure,公式取得元または参照先なし
2026-08-14T18:11:54.035977+00:00,5713,未取得,,,failure,公式取得元または参照先なし
2026-08-14T18:11:54.035977+00:00,5631,未取得,,,failure,公式取得元または参照先なし
2026-08-14T18:11:54.035977+00:00,5471,未取得,,,failure,公式取得元または参照先なし
2026-08-14T18:11:54.035977+00:00,5344,未取得,,,failure,公式取得元または参照先なし
2026-08-14T18:11:54.035977+00:00,5331,未取得,,,failure,公式取得元または参照先なし
2026-08-14T18:11:54.035977+00:00,6287,未取得,,,failure,公式取得元または参照先なし
2026-08-14T18:11:54.035977+00:00,6250,未取得,,,failure,公式取得元または参照先なし
2026-08-14T18:11:54.035977+00:00,6235,未取得,,,failure,公式取得元または参照先なし
2026-08-14T18:11:54.035977+00:00,6504,未取得,,,failure,公式取得元または参照先なし
2026-08-14T18:11:54.035977+00:00,6464,未取得,,,failure,公式取得元または参照先なし
2026-08-14T18:11:54.035977+00:00,5262,未取得,,,failure,公式取得元または参照先なし
2026-08-14T18:11:54.035977+00:00,5074,未取得,,,failure,公式取得元または参照先なし
2026-08-14T18:11:54.035977+00:00,6407,未取得,,,failure,公式取得元または参照先なし
2026-08-14T18:11:54.035977+00:00,6371,未取得,,,failure,公式取得元または参照先なし
2026-08-14T18:11:54.035977+00:00,8411,未取得,,,failure,公式取得元または参照先なし
2026-08-14T18:11:54.035977+00:00,8393,未取得,,,failure,公式取得元または参照先なし
2026-08-14T18:11:54.035977+00:00,8392,未取得,,,failure,公式取得元または参照先なし
2026-08-14T18:11:54.035977+00:00,8388,未取得,,,failure,公式取得元または参照先なし
2026-08-14T18:11:54.035977+00:00,8386,未取得,,,failure,公式取得元または参照先なし
2026-08-14T18:11:54.035977+00:00,8381,未取得,,,failure,公式取得元または参照先なし
2026-08-14T18:11:54.035977+00:00,8377,未取得,,,failure,公式取得元または参照先なし
2026-08-14T18:11:54.035977+00:00,8370,未取得,,,failure,公式取得元または参照先なし
2026-08-14T18:11:54.035977+00:00,8361,未取得,,,failure,公式取得元または参照先なし
2026-08-14T18:11:54.035977+00:00,8360,未取得,,,failure,公式取得元または参照先なし
2026-08-14T18:11:54.035977+00:00,8359,未取得,,,failure,公式取得元または参照先なし
2026-08-14T18:11:54.035977+00:00,8358,未取得,,,failure,公式取得元または参照先なし
2026-08-14T18:11:54.035977+00:00,8354,未取得,,,failure,公式取得元または参照先なし
2026-08-14T18:11:54.035977+00:00,8346,未取得,,,failure,公式取得元または参照先なし
2026-08-14T18:11:54.035977+00:00,8345,未取得,,,failure,公式取得元または参照先なし
2026-08-14T18:11:54.035977+00:00,2802,未取得,,,failure,公式取得元または参照先なし
2026-08-14T18:11:54.035977+00:00,2734,未取得,,,failure,公式取得元または参照先なし
2026-08-14T18:11:54.035977+00:00,2685,未取得,,,failure,公式取得元または参照先なし
2026-08-14T18:11:54.035977+00:00,6508,未取得,,,failure,公式取得元または参照先なし
2026-08-14T18:11:54.035977+00:00,8344,未取得,,,failure,公式取得元または参照先なし
2026-08-14T18:11:54.035977+00:00,8343,未取得,,,failure,公式取得元または参照先なし
2026-08-14T18:11:54.035977+00:00,8341,未取得,,,failure,公式取得元または参照先なし
2026-08-14T18:11:54.035977+00:00,8337,未取得,,,failure,公式取得元または参照先なし
2026-08-14T18:11:54.035977+00:00,8336,未取得,,,failure,公式取得元または参照先なし
2026-08-14T18:11:54.035977+00:00,8334,未取得,,,failure,公式取得元または参照先なし
2026-08-14T18:11:54.035977+00:00,8331,未取得,,,failure,公式取得元または参照先なし
2026-08-14T18:11:54.035977+00:00,8309,未取得,,,failure,公式取得元または参照先なし
2026-08-14T18:11:54.035977+00:00,8308,未取得,,,failure,公式取得元または参照先なし
2026-08-14T18:11:54.035977+00:00,8306,未取得,,,failure,公式取得元または参照先なし
2026-08-14T18:11:54.035977+00:00,8304,未取得,,,failure,公式取得元または参照先なし
2026-08-14T18:11:54.035977+00:00,8233,未取得,,,failure,公式取得元または参照先なし
2026-08-14T18:11:54.035977+00:00,8185,未取得,,,failure,公式取得元または参照先なし
2026-08-14T18:11:54.035977+00:00,3186,未取得,,,failure,公式取得元または参照先なし
2026-08-14T18:11:54.035977+00:00,3167,未取得,,,failure,公式取得元または参照先なし
2026-08-14T18:11:54.035977+00:00,6752,未取得,,,failure,公式取得元または参照先なし
2026-08-14T18:11:54.035977+00:00,6627,未取得,,,failure,公式取得元または参照先なし
2026-08-14T18:11:54.035977+00:00,2962,未取得,,,failure,公式取得元または参照先なし
2026-08-14T18:11:54.035977+00:00,8008,未取得,,,failure,公式取得元または参照先なし
2026-08-14T18:11:54.035977+00:00,8005,未取得,,,failure,公式取得元または参照先なし
2026-08-14T18:11:54.035977+00:00,3444,未取得,,,failure,公式取得元または参照先なし
2026-08-14T18:11:54.035977+00:00,3443,未取得,,,failure,公式取得元または参照先なし
2026-08-14T18:11:54.035977+00:00,3401,未取得,,,failure,公式取得元または参照先なし
2026-08-14T18:11:54.035977+00:00,3350,未取得,,,failure,公式取得元または参照先なし
2026-08-14T18:11:54.035977+00:00,4042,未取得,,,failure,公式取得元または参照先なし
2026-08-14T18:11:54.035977+00:00,4008,未取得,,,failure,公式取得元または参照先なし
2026-08-14T18:11:54.035977+00:00,3994,未取得,,,failure,公式取得元または参照先なし
2026-08-14T18:11:54.035977+00:00,6875,未取得,,,failure,公式取得元または参照先なし
2026-08-14T18:11:54.035977+00:00,6871,未取得,,,failure,公式取得元または参照先なし
2026-08-14T18:11:54.035977+00:00,6754,未取得,,,failure,公式取得元または参照先なし
2026-08-14T18:11:54.035977+00:00,7912,未取得,,,failure,公式取得元または参照先なし
2026-08-14T18:11:54.035977+00:00,2222,未取得,,,failure,公式取得元または参照先なし
2026-08-14T18:11:54.035977+00:00,4109,未取得,,,failure,公式取得元または参照先なし
2026-08-14T18:11:54.035977+00:00,1982,未取得,,,failure,公式取得元または参照先なし
2026-08-14T18:11:54.035977+00:00,7752,未取得,,,failure,公式取得元または参照先なし
2026-08-14T18:11:54.035977+00:00,7751,未取得,,,failure,公式取得元または参照先なし
2026-08-14T18:11:54.035977+00:00,7744,未取得,,,failure,公式取得元または参照先なし
2026-08-14T18:11:54.035977+00:00,7730,未取得,,,failure,公式取得元または参照先なし
2026-08-14T18:11:54.035977+00:00,6882,未取得,,,failure,公式取得元または参照先なし
2026-08-14T18:11:54.035977+00:00,3040,未取得,,,failure,公式取得元または参照先なし
2026-08-14T18:11:54.035977+00:00,4689,未取得,,,failure,公式取得元または参照先なし
2026-08-14T18:11:54.035977+00:00,4668,未取得,,,failure,公式取得元または参照先なし
2026-08-14T18:11:54.035977+00:00,4634,未取得,,,failure,公式取得元または参照先なし
2026-08-14T18:11:54.035977+00:00,4396,未取得,,,failure,公式取得元または参照先なし
2026-08-14T18:11:54.035977+00:00,4228,未取得,,,failure,公式取得元または参照先なし
2026-08-14T18:11:54.035977+00:00,4194,未取得,,,failure,公式取得元または参照先なし
2026-08-14T18:11:54.035977+00:00,7381,未取得,,,failure,公式取得元または参照先なし
2026-08-14T18:11:54.035977+00:00,7380,未取得,,,failure,公式取得元または参照先なし
2026-08-14T18:11:54.035977+00:00,7337,未取得,,,failure,公式取得元または参照先なし
2026-08-14T18:11:54.035977+00:00,7327,未取得,,,failure,公式取得元または参照先なし
2026-08-14T18:11:54.035977+00:00,7280,未取得,,,failure,公式取得元または参照先なし
2026-08-14T18:11:54.035977+00:00,7189,未取得,,,failure,公式取得元または参照先なし
2026-08-14T18:11:54.035977+00:00,7186,未取得,,,failure,公式取得元または参照先なし
2026-08-14T18:11:54.035977+00:00,7184,未取得,,,failure,公式取得元または参照先なし
2026-08-14T18:11:54.035977+00:00,7167,未取得,,,failure,公式取得元または参照先なし
2026-08-14T18:11:54.035977+00:00,7164,未取得,,,failure,公式取得元または参照先なし
2026-08-14T18:11:54.035977+00:00,7011,未取得,,,failure,公式取得元または参照先なし
2026-08-14T18:11:54.035977+00:00,6952,未取得,,,failure,公式取得元または参照先なし
2026-08-14T18:11:54.035977+00:00,4565,未取得,,,failure,公式取得元または参照先なし
2026-08-14T18:11:54.035977+00:00,4552,未取得,,,failure,公式取得元または参照先なし
2026-08-14T18:11:54.035977+00:00,4543,未取得,,,failure,公式取得元または参照先なし
2026-08-14T18:11:54.035977+00:00,4475,未取得,,,failure,公式取得元または参照先なし
2026-08-14T18:11:54.035977+00:00,4425,未取得,,,failure,公式取得元または参照先なし
2026-08-14T18:11:54.035977+00:00,4418,未取得,,,failure,公式取得元または参照先なし
2026-08-14T18:11:54.035977+00:00,2269,未取得,,,failure,公式取得元または参照先なし
2026-08-14T18:11:54.035977+00:00,8897,未取得,,,failure,公式取得元または参照先なし
2026-08-14T18:11:54.035977+00:00,3668,未取得,,,failure,公式取得元または参照先なし
2026-08-14T18:11:54.035977+00:00,9984,未取得,,,failure,公式取得元または参照先なし
2026-08-14T18:11:54.035977+00:00,8892,未取得,,,failure,公式取得元または参照先なし
2026-08-14T18:11:54.035977+00:00,5830,未取得,,,failure,公式取得元または参照先なし
2026-08-14T18:11:54.035977+00:00,5805,未取得,,,failure,公式取得元または参照先なし
2026-08-14T18:11:54.035977+00:00,9107,未取得,,,failure,公式取得元または参照先なし
2026-08-14T18:11:54.035977+00:00,1963,未取得,,,failure,公式取得元または参照先なし
2026-08-14T18:11:54.035977+00:00,9722,未取得,,,failure,公式取得元または参照先なし
2026-08-14T18:11:54.035977+00:00,1951,未取得,,,failure,公式取得元または参照先なし
2026-08-14T18:11:54.035977+00:00,5817,未取得,,,failure,公式取得元または参照先なし
2026-08-14T18:11:54.035977+00:00,9348,未取得,,,failure,公式取得元または参照先なし
2026-08-14T18:11:54.035977+00:00,4222,未取得,,,failure,公式取得元または参照先なし
2026-08-14T18:11:54.035977+00:00,7701,未取得,,,failure,公式取得元または参照先なし
2026-08-14T18:11:54.035977+00:00,6966,未取得,,,failure,公式取得元または参照先なし
2026-08-14T18:11:54.035977+00:00,3676,未取得,,,failure,公式取得元または参照先なし
2026-08-14T18:11:54.035977+00:00,2590,未取得,,,failure,公式取得元または参照先なし
2026-08-14T18:11:54.035977+00:00,7241,未取得,,,failure,公式取得元または参照先なし
2026-08-14T18:11:54.035977+00:00,7224,未取得,,,failure,公式取得元または参照先なし
2026-08-14T18:11:54.035977+00:00,7202,未取得,,,failure,公式取得元または参照先なし
2026-08-14T18:11:54.035977+00:00,7476,未取得,,,failure,公式取得元または参照先なし
2026-08-14T18:11:54.035977+00:00,7609,未取得,,,failure,公式取得元または参照先なし
2026-08-14T18:11:54.035977+00:00,7616,未取得,,,failure,公式取得元または参照先なし
2026-08-14T18:11:54.035977+00:00,6232,未取得,,,failure,公式取得元または参照先なし
2026-08-14T18:11:54.035977+00:00,6166,未取得,,,failure,公式取得元または参照先なし
2026-08-14T18:11:54.035977+00:00,6203,未取得,,,failure,公式取得元または参照先なし
2026-08-14T18:11:54.035977+00:00,8584,未取得,,,failure,公式取得元または参照先なし
2026-08-14T18:11:54.035977+00:00,8439,未取得,,,failure,公式取得元または参照先なし
2026-08-14T18:11:54.035977+00:00,3891,未取得,,,failure,公式取得元または参照先なし
2026-08-14T18:11:54.035977+00:00,1814,未取得,,,failure,公式取得元または参照先なし
2026-08-14T18:11:54.035977+00:00,1333,未取得,,,failure,公式取得元または参照先なし
2026-08-14T18:11:54.035977+00:00,6532,未取得,,,failure,公式取得元または参照先なし
2026-08-14T18:11:54.035977+00:00,7984,未取得,,,failure,公式取得元または参照先なし
2026-08-14T18:11:54.035977+00:00,6613,未取得,,,failure,公式取得元または参照先なし
2026-08-14T18:11:54.035977+00:00,4617,未取得,,,failure,公式取得元または参照先なし
2026-08-14T18:11:54.035977+00:00,6838,未取得,,,failure,公式取得元または参照先なし
2026-08-14T18:11:54.035977+00:00,4828,未取得,,,failure,公式取得元または参照先なし
2026-08-14T18:11:54.035977+00:00,4819,未取得,,,failure,公式取得元または参照先なし
2026-08-14T18:11:54.035977+00:00,4118,未取得,,,failure,公式取得元または参照先なし
2026-08-14T18:11:54.035977+00:00,4091,未取得,,,failure,公式取得元または参照先なし
2026-08-14T18:11:54.035977+00:00,3569,未取得,,,failure,公式取得元または参照先なし
2026-08-14T18:11:54.035977+00:00,2127,未取得,,,failure,公式取得元または参照先なし
2026-08-14T18:11:54.035977+00:00,7735,未取得,,,failure,公式取得元または参照先なし
2026-08-14T18:11:54.035977+00:00,3099,未取得,,,failure,公式取得元または参照先なし
2026-08-14T18:11:54.035977+00:00,5445,未取得,,,failure,公式取得元または参照先なし
2026-08-14T18:11:54.035977+00:00,8043,未取得,,,failure,公式取得元または参照先なし
2026-08-14T18:11:54.035977+00:00,6524,未取得,,,failure,公式取得元または参照先なし
2026-08-14T18:11:54.035977+00:00,6516,未取得,,,failure,公式取得元または参照先なし
2026-08-14T18:11:54.035977+00:00,2784,未取得,,,failure,公式取得元または参照先なし
2026-08-14T18:11:54.035977+00:00,2809,未取得,,,failure,公式取得元または参照先なし
2026-08-14T18:11:54.035977+00:00,6298,未取得,,,failure,公式取得元または参照先なし
2026-08-14T18:11:54.035977+00:00,5016,未取得,,,failure,公式取得元または参照先なし
2026-08-14T18:11:54.035977+00:00,8708,未取得,,,failure,公式取得元または参照先なし
2026-08-14T18:11:54.035977+00:00,8771,未取得,,,failure,公式取得元または参照先なし
2026-08-14T18:11:54.035977+00:00,2206,未取得,,,failure,公式取得元または参照先なし
2026-08-14T18:11:54.035977+00:00,9101,未取得,,,failure,公式取得元または参照先なし
2026-08-14T18:11:54.035977+00:00,3769,未取得,,,failure,公式取得元または参照先なし
2026-08-14T18:11:54.035977+00:00,9934,未取得,,,failure,公式取得元または参照先なし
2026-08-14T18:11:54.035977+00:00,9119,未取得,,,failure,公式取得元または参照先なし
2026-08-14T18:11:54.035977+00:00,9104,未取得,,,failure,公式取得元または参照先なし
2026-08-14T18:11:54.035977+00:00,2384,未取得,,,failure,公式取得元または参照先なし
2026-08-14T18:11:54.035977+00:00,8841,未取得,,,failure,公式取得元または参照先なし
2026-08-14T18:11:54.035977+00:00,2371,未取得,,,failure,公式取得元または参照先なし
2026-08-14T18:11:54.035977+00:00,6986,未取得,,,failure,公式取得元または参照先なし
2026-08-14T18:11:54.035977+00:00,7610,未取得,,,failure,公式取得元または参照先なし
2026-08-14T18:11:54.035977+00:00,7409,未取得,,,failure,公式取得元または参照先なし
2026-08-14T18:11:54.035977+00:00,4183,未取得,,,failure,公式取得元または参照先なし
2026-08-14T18:11:54.035977+00:00,7240,未取得,,,failure,公式取得元または参照先なし
2026-08-14T18:11:54.035977+00:00,2768,未取得,,,failure,公式取得元または参照先なし
2026-08-14T18:11:54.035977+00:00,6486,未取得,,,failure,公式取得元または参照先なし
2026-08-14T18:11:54.035977+00:00,5310,未取得,,,failure,公式取得元または参照先なし
2026-08-14T18:11:54.035977+00:00,5707,未取得,,,failure,公式取得元または参照先なし
2026-08-14T18:11:54.035977+00:00,3105,未取得,,,failure,公式取得元または参照先なし
2026-08-14T18:11:54.035977+00:00,6914,未取得,,,failure,公式取得元または参照先なし
2026-08-14T18:11:54.035977+00:00,4813,未取得,,,failure,公式取得元または参照先なし
2026-08-14T18:11:54.035977+00:00,7976,未取得,,,failure,公式取得元または参照先なし
2026-08-14T18:11:54.035977+00:00,4894,未取得,,,failure,公式取得元または参照先なし
2026-08-14T18:11:54.035977+00:00,8032,未取得,,,failure,公式取得元または参照先なし
2026-08-14T18:11:54.035977+00:00,6741,未取得,,,failure,公式取得元または参照先なし
2026-08-14T18:11:54.035977+00:00,6098,未取得,,,failure,公式取得元または参照先なし
2026-08-14T18:11:54.035977+00:00,6339,未取得,,,failure,公式取得元または参照先なし
2026-08-14T18:11:54.035977+00:00,7741,未取得,,,failure,公式取得元または参照先なし
2026-08-14T18:11:54.035977+00:00,2267,未取得,,,failure,公式取得元または参照先なし
2026-08-14T18:11:54.035977+00:00,4722,未取得,,,failure,公式取得元または参照先なし
2026-08-14T18:11:54.035977+00:00,8613,未取得,,,failure,公式取得元または参照先なし
2026-08-14T18:11:54.035977+00:00,5857,未取得,,,failure,公式取得元または参照先なし
2026-08-14T18:11:54.035977+00:00,8622,未取得,,,failure,公式取得元または参照先なし
2026-08-14T18:11:54.035977+00:00,6072,未取得,,,failure,公式取得元または参照先なし
2026-08-14T18:11:54.035977+00:00,1663,未取得,,,failure,公式取得元または参照先なし
2026-08-14T18:11:54.035977+00:00,8367,未取得,,,failure,公式取得元または参照先なし
2026-08-14T18:11:54.035977+00:00,5563,未取得,,,failure,公式取得元または参照先なし
2026-08-14T18:11:54.035977+00:00,6501,未取得,,,failure,公式取得元または参照先なし
2026-08-14T18:11:54.035977+00:00,3825,未取得,,,failure,公式取得元または参照先なし
2026-08-14T18:11:54.035977+00:00,3791,未取得,,,failure,公式取得元または参照先なし
2026-08-14T18:11:54.035977+00:00,3878,未取得,,,failure,公式取得元または参照先なし
2026-08-14T18:11:54.035977+00:00,6857,未取得,,,failure,公式取得元または参照先なし
2026-08-14T18:11:54.035977+00:00,7868,未取得,,,failure,公式取得元または参照先なし
2026-08-14T18:11:54.035977+00:00,4095,未取得,,,failure,公式取得元または参照先なし
2026-08-14T18:11:54.035977+00:00,3558,未取得,,,failure,公式取得元または参照先なし
2026-08-14T18:11:54.035977+00:00,3544,未取得,,,failure,公式取得元または参照先なし
2026-08-14T18:11:54.035977+00:00,4044,未取得,,,failure,公式取得元または参照先なし
2026-08-14T18:11:54.035977+00:00,2931,未取得,,,failure,公式取得元または参照先なし
2026-08-14T18:11:54.035977+00:00,7236,未取得,,,failure,公式取得元または参照先なし
2026-08-14T18:11:54.035977+00:00,7138,未取得,,,failure,公式取得元または参照先なし
2026-08-14T18:11:54.035977+00:00,4202,未取得,,,failure,公式取得元または参照先なし
2026-08-14T18:11:54.035977+00:00,7599,未取得,,,failure,公式取得元または参照先なし
2026-08-14T18:11:54.035977+00:00,4381,未取得,,,failure,公式取得元または参照先なし
2026-08-14T18:11:54.035977+00:00,4680,未取得,,,failure,公式取得元または参照先なし
2026-08-14T18:11:54.035977+00:00,9468,未取得,,,failure,公式取得元または参照先なし
2026-08-14T18:11:54.035977+00:00,5801,未取得,,,failure,公式取得元または参照先なし
2026-08-14T18:11:54.035977+00:00,4483,未取得,,,failure,公式取得元または参照先なし
2026-08-14T18:11:54.035977+00:00,9678,未取得,,,failure,公式取得元または参照先なし
2026-08-14T18:11:54.035977+00:00,6963,未取得,,,failure,公式取得元または参照先なし
2026-08-14T18:11:54.035977+00:00,4188,未取得,,,failure,公式取得元または参照先なし
2026-08-14T18:11:54.035977+00:00,4592,未取得,,,failure,公式取得元または参照先なし
2026-08-14T18:11:54.035977+00:00,7456,未取得,,,failure,公式取得元または参照先なし
2026-08-14T18:11:54.035977+00:00,6327,未取得,,,failure,公式取得元または参照先なし
2026-08-14T18:11:54.035977+00:00,6522,未取得,,,failure,公式取得元または参照先なし
2026-08-14T18:11:54.035977+00:00,6521,未取得,,,failure,公式取得元または参照先なし
2026-08-14T18:11:54.035977+00:00,8252,未取得,,,failure,公式取得元または参照先なし
2026-08-14T18:11:54.035977+00:00,6572,未取得,,,failure,公式取得元または参照先なし
2026-08-14T18:11:54.035977+00:00,3002,未取得,,,failure,公式取得元または参照先なし
2026-08-14T18:11:54.035977+00:00,3276,未取得,,,failure,公式取得元または参照先なし
2026-08-14T18:11:54.035977+00:00,3168,未取得,,,failure,公式取得元または参照先なし
2026-08-14T18:11:54.035977+00:00,7911,未取得,,,failure,公式取得元または参照先なし
2026-08-14T18:11:54.035977+00:00,4914,未取得,,,failure,公式取得元または参照先なし
2026-08-14T18:11:54.035977+00:00,6769,未取得,,,failure,公式取得元または参照先なし
2026-08-14T18:11:54.035977+00:00,4973,未取得,,,failure,公式取得元または参照先なし
2026-08-14T18:11:54.035977+00:00,6645,未取得,,,failure,公式取得元または参照先なし
2026-08-14T18:11:54.035977+00:00,6616,未取得,,,failure,公式取得元または参照先なし
2026-08-14T18:11:54.035977+00:00,6862,未取得,,,failure,公式取得元または参照先なし
2026-08-14T18:11:54.035977+00:00,7826,未取得,,,failure,公式取得元または参照先なし
2026-08-14T18:11:54.035977+00:00,7906,未取得,,,failure,公式取得元または参照先なし
2026-08-14T18:11:54.035977+00:00,4107,未取得,,,failure,公式取得元または参照先なし
2026-08-14T18:11:54.035977+00:00,4165,未取得,,,failure,公式取得元または参照先なし
2026-08-14T18:11:54.035977+00:00,4062,未取得,,,failure,公式取得元または参照先なし
2026-08-14T18:11:54.035977+00:00,7762,未取得,,,failure,公式取得元または参照先なし
2026-08-14T18:11:54.035977+00:00,2175,未取得,,,failure,公式取得元または参照先なし
2026-08-14T18:11:54.035977+00:00,2229,未取得,,,failure,公式取得元または参照先なし
2026-08-14T18:11:54.035977+00:00,3086,未取得,,,failure,公式取得元または参照先なし
2026-08-14T18:11:54.035977+00:00,2801,未取得,,,failure,公式取得元または参照先なし
2026-08-14T18:11:54.035977+00:00,6027,未取得,,,failure,公式取得元または参照先なし
2026-08-14T18:11:54.035977+00:00,6217,未取得,,,failure,公式取得元または参照先なし
2026-08-14T18:11:54.035977+00:00,2975,未取得,,,failure,公式取得元または参照先なし
2026-08-14T18:11:54.035977+00:00,5381,未取得,,,failure,公式取得元または参照先なし
2026-08-14T18:11:54.035977+00:00,6506,未取得,,,failure,公式取得元または参照先なし
2026-08-14T18:11:54.035977+00:00,6525,未取得,,,failure,公式取得元または参照先なし
2026-08-14T18:11:54.035977+00:00,8117,未取得,,,failure,公式取得元または参照先なし
2026-08-14T18:11:54.035977+00:00,4023,未取得,,,failure,公式取得元または参照先なし
2026-08-14T18:11:54.035977+00:00,7199,未取得,,,failure,公式取得元または参照先なし
2026-08-14T18:11:54.035977+00:00,7458,未取得,,,failure,公式取得元または参照先なし
2026-08-14T18:11:54.035977+00:00,4204,未取得,,,failure,公式取得元または参照先なし
2026-08-14T18:11:54.035977+00:00,4373,未取得,,,failure,公式取得元または参照先なし
2026-08-14T18:11:54.035977+00:00,4385,未取得,,,failure,公式取得元または参照先なし
2026-08-14T18:11:54.035977+00:00,4413,未取得,,,failure,公式取得元または参照先なし
2026-08-14T18:11:54.035977+00:00,7545,未取得,,,failure,公式取得元または参照先なし
2026-08-14T18:11:54.035977+00:00,3660,未取得,,,failure,公式取得元または参照先なし
2026-08-14T18:11:54.035977+00:00,3608,未取得,,,failure,公式取得元または参照先なし
2026-08-14T18:11:54.035977+00:00,9997,未取得,,,failure,公式取得元または参照先なし
2026-08-14T18:11:54.035977+00:00,9983,未取得,,,failure,公式取得元または参照先なし
2026-08-14T18:11:54.035977+00:00,9900,未取得,,,failure,公式取得元または参照先なし
2026-08-14T18:11:54.035977+00:00,8876,未取得,,,failure,公式取得元または参照先なし
2026-08-14T18:11:54.035977+00:00,9201,未取得,,,failure,公式取得元または参照先なし
2026-08-14T18:11:54.035977+00:00,9418,未取得,,,failure,公式取得元または参照先なし
2026-08-14T18:11:54.035977+00:00,2327,未取得,,,failure,公式取得元または参照先なし
2026-08-14T18:11:54.035977+00:00,9716,未取得,,,failure,公式取得元または参照先なし
2026-08-14T18:11:54.035977+00:00,7453,未取得,,,failure,公式取得元または参照先なし
2026-08-14T18:11:54.035977+00:00,3661,未取得,,,failure,公式取得元または参照先なし
2026-08-14T18:11:54.035977+00:00,2501,未取得,,,failure,公式取得元または参照先なし
2026-08-14T18:11:54.035977+00:00,2492,未取得,,,failure,公式取得元または参照先なし
2026-08-14T18:11:54.035977+00:00,4544,未取得,,,failure,公式取得元または参照先なし
2026-08-14T18:11:54.035977+00:00,2585,未取得,,,failure,公式取得元または参照先なし
2026-08-14T18:11:54.035977+00:00,4676,未取得,,,failure,公式取得元または参照先なし
2026-08-14T18:11:54.035977+00:00,7564,未取得,,,failure,公式取得元または参照先なし
2026-08-14T18:11:54.035977+00:00,4324,未取得,,,failure,公式取得元または参照先なし
2026-08-14T18:11:54.035977+00:00,4816,未取得,,,failure,公式取得元または参照先なし
2026-08-14T18:11:54.035977+00:00,3391,未取得,,,failure,公式取得元または参照先なし
2026-08-14T18:11:54.035977+00:00,7988,未取得,,,failure,公式取得元または参照先なし
2026-08-14T18:11:54.035977+00:00,4812,未取得,,,failure,公式取得元または参照先なし
2026-08-14T18:11:54.035977+00:00,7867,未取得,,,failure,公式取得元または参照先なし
2026-08-14T18:11:54.035977+00:00,3498,未取得,,,failure,公式取得元または参照先なし
2026-08-14T18:11:54.035977+00:00,2181,未取得,,,failure,公式取得元または参照先なし
2026-08-14T18:11:54.035977+00:00,4776,未取得,,,failure,公式取得元または参照先なし
2026-08-14T18:11:54.035977+00:00,6902,未取得,,,failure,公式取得元または参照先なし
2026-08-14T18:11:54.035977+00:00,4704,未取得,,,failure,公式取得元または参照先なし
2026-08-14T18:11:54.035977+00:00,4088,未取得,,,failure,公式取得元または参照先なし
2026-08-14T18:11:54.035977+00:00,4180,未取得,,,failure,公式取得元または参照先なし
2026-08-14T18:11:54.035977+00:00,2670,未取得,,,failure,公式取得元または参照先なし
2026-08-14T18:11:54.035977+00:00,5027,未取得,,,failure,公式取得元または参照先なし
2026-08-14T18:11:54.035977+00:00,5032,未取得,,,failure,公式取得元または参照先なし
2026-08-14T18:11:54.035977+00:00,5101,未取得,,,failure,公式取得元または参照先なし
2026-08-14T18:11:54.035977+00:00,5253,未取得,,,failure,公式取得元または参照先なし
2026-08-14T18:11:54.035977+00:00,2749,未取得,,,failure,公式取得元または参照先なし
2026-08-14T18:11:54.035977+00:00,6196,未取得,,,failure,公式取得元または参照先なし
2026-08-14T18:11:54.035977+00:00,8425,未取得,,,failure,公式取得元または参照先なし
2026-08-14T18:11:54.035977+00:00,6178,未取得,,,failure,公式取得元または参照先なし
2026-08-14T18:11:54.035977+00:00,8706,未取得,,,failure,公式取得元または参照先なし
2026-08-14T18:11:54.035977+00:00,3923,未取得,,,failure,公式取得元または参照先なし
2026-08-14T18:11:54.035977+00:00,3865,未取得,,,failure,公式取得元または参照先なし
2026-08-14T18:11:54.035977+00:00,9023,未取得,,,failure,公式取得元または参照先なし
2026-08-14T18:11:54.035977+00:00,9069,未取得,,,failure,公式取得元または参照先なし
2026-08-14T18:11:54.035977+00:00,9024,未取得,,,failure,公式取得元または参照先なし
2026-08-14T18:11:54.035977+00:00,1909,未取得,,,failure,公式取得元または参照先なし
2026-08-14T18:11:54.035977+00:00,1887,未取得,,,failure,公式取得元または参照先なし
2026-08-14T18:21:55.355025+00:00,4751,EDINET,,,failure,EDINET_API_KEY未設定
2026-08-14T18:21:55.355025+00:00,1860,EDINET,,,failure,EDINET_API_KEY未設定
2026-08-14T18:21:55.355025+00:00,1968,EDINET,,,failure,EDINET_API_KEY未設定
2026-08-14T18:21:55.355025+00:00,4755,EDINET,,,failure,EDINET_API_KEY未設定
2026-08-14T18:21:55.355025+00:00,3299,EDINET,,,failure,EDINET_API_KEY未設定
2026-08-14T18:21:55.355025+00:00,6969,EDINET,,,failure,EDINET_API_KEY未設定
2026-08-14T18:21:55.355025+00:00,4975,EDINET,,,failure,EDINET_API_KEY未設定
2026-08-14T18:21:55.355025+00:00,4889,EDINET,,,failure,EDINET_API_KEY未設定
2026-08-14T18:21:55.355025+00:00,4971,EDINET,,,failure,EDINET_API_KEY未設定
2026-08-14T18:21:55.355025+00:00,8848,EDINET,,,failure,EDINET_API_KEY未設定
2026-08-14T18:21:55.355025+00:00,1952,EDINET,,,failure,EDINET_API_KEY未設定
2026-08-14T18:21:55.355025+00:00,6544,EDINET,,,failure,EDINET_API_KEY未設定
2026-08-14T18:21:55.355025+00:00,1944,EDINET,,,failure,EDINET_API_KEY未設定
2026-08-14T18:21:55.355025+00:00,1969,EDINET,,,failure,EDINET_API_KEY未設定
2026-08-14T18:21:55.355025+00:00,8508,EDINET,,,failure,EDINET_API_KEY未設定
2026-08-14T18:21:55.355025+00:00,4901,EDINET,,,failure,EDINET_API_KEY未設定
2026-08-14T18:21:55.355025+00:00,4275,EDINET,,,failure,EDINET_API_KEY未設定
2026-08-14T18:21:55.355025+00:00,4047,EDINET,,,failure,EDINET_API_KEY未設定
2026-08-14T18:21:55.355025+00:00,3479,EDINET,,,failure,EDINET_API_KEY未設定
2026-08-14T18:21:55.355025+00:00,7715,EDINET,,,failure,EDINET_API_KEY未設定
2026-08-14T18:21:55.355025+00:00,6787,EDINET,,,failure,EDINET_API_KEY未設定
2026-08-14T18:21:55.355025+00:00,6656,EDINET,,,failure,EDINET_API_KEY未設定
2026-08-14T18:21:55.355025+00:00,6145,EDINET,,,failure,EDINET_API_KEY未設定
2026-08-14T18:21:55.355025+00:00,6768,EDINET,,,failure,EDINET_API_KEY未設定
2026-08-14T18:21:55.355025+00:00,7915,EDINET,,,failure,EDINET_API_KEY未設定
2026-08-14T18:21:55.355025+00:00,1959,EDINET,,,failure,EDINET_API_KEY未設定
2026-08-14T18:21:55.355025+00:00,7760,EDINET,,,failure,EDINET_API_KEY未設定
2026-08-14T18:21:55.355025+00:00,1815,EDINET,,,failure,EDINET_API_KEY未設定
2026-08-14T18:21:55.355025+00:00,4078,EDINET,,,failure,EDINET_API_KEY未設定
2026-08-14T18:21:55.355025+00:00,4980,EDINET,,,failure,EDINET_API_KEY未設定
2026-08-14T18:21:55.355025+00:00,4368,EDINET,,,failure,EDINET_API_KEY未設定
2026-08-14T18:21:55.355025+00:00,6703,EDINET,,,failure,EDINET_API_KEY未設定
2026-08-14T18:21:55.355025+00:00,4935,EDINET,,,failure,EDINET_API_KEY未設定
2026-08-14T18:21:55.355025+00:00,6118,EDINET,,,failure,EDINET_API_KEY未設定
2026-08-14T18:21:55.355025+00:00,6976,EDINET,,,failure,EDINET_API_KEY未設定
2026-08-14T18:21:55.355025+00:00,6845,EDINET,,,failure,EDINET_API_KEY未設定
2026-08-14T18:21:55.355025+00:00,6458,EDINET,,,failure,EDINET_API_KEY未設定
2026-08-14T18:21:55.355025+00:00,6266,EDINET,,,failure,EDINET_API_KEY未設定
2026-08-14T18:21:55.355025+00:00,6209,EDINET,,,failure,EDINET_API_KEY未設定
2026-08-14T18:21:55.355025+00:00,6807,EDINET,,,failure,EDINET_API_KEY未設定
2026-08-14T18:21:55.355025+00:00,7917,EDINET,,,failure,EDINET_API_KEY未設定
2026-08-14T18:21:55.355025+00:00,1976,EDINET,,,failure,EDINET_API_KEY未設定
2026-08-14T18:21:55.355025+00:00,1950,EDINET,,,failure,EDINET_API_KEY未設定
2026-08-14T18:21:55.355025+00:00,5989,EDINET,,,failure,EDINET_API_KEY未設定
2026-08-14T18:21:55.355025+00:00,9517,EDINET,,,failure,EDINET_API_KEY未設定
2026-08-14T18:21:55.355025+00:00,4548,EDINET,,,failure,EDINET_API_KEY未設定
2026-08-14T18:21:55.355025+00:00,3905,EDINET,,,failure,EDINET_API_KEY未設定
2026-08-14T18:21:55.355025+00:00,9006,EDINET,,,failure,EDINET_API_KEY未設定
2026-08-14T18:21:55.355025+00:00,3837,EDINET,,,failure,EDINET_API_KEY未設定
2026-08-14T18:21:55.355025+00:00,6806,EDINET,,,failure,EDINET_API_KEY未設定
2026-08-14T18:21:55.355025+00:00,7012,EDINET,,,failure,EDINET_API_KEY未設定
2026-08-14T18:21:55.355025+00:00,6638,EDINET,,,failure,EDINET_API_KEY未設定
2026-08-14T18:21:55.355025+00:00,1942,EDINET,,,failure,EDINET_API_KEY未設定
2026-08-14T18:21:55.355025+00:00,7220,EDINET,,,failure,EDINET_API_KEY未設定
2026-08-14T18:21:55.355025+00:00,7245,EDINET,,,failure,EDINET_API_KEY未設定
2026-08-14T18:21:55.355025+00:00,6997,EDINET,,,failure,EDINET_API_KEY未設定
2026-08-14T18:21:55.355025+00:00,1407,EDINET,,,failure,EDINET_API_KEY未設定
2026-08-14T18:21:55.355025+00:00,4620,EDINET,,,failure,EDINET_API_KEY未設定
2026-08-14T18:21:55.355025+00:00,4626,EDINET,,,failure,EDINET_API_KEY未設定
2026-08-14T18:21:55.355025+00:00,6622,EDINET,,,failure,EDINET_API_KEY未設定
2026-08-14T18:21:55.355025+00:00,6856,EDINET,,,failure,EDINET_API_KEY未設定
2026-08-14T18:21:55.355025+00:00,6996,EDINET,,,failure,EDINET_API_KEY未設定
2026-08-14T18:21:55.355025+00:00,6961,EDINET,,,failure,EDINET_API_KEY未設定
2026-08-14T18:21:55.355025+00:00,6368,EDINET,,,failure,EDINET_API_KEY未設定
2026-08-14T18:21:55.355025+00:00,2874,EDINET,,,failure,EDINET_API_KEY未設定
2026-08-14T18:21:55.355025+00:00,6526,EDINET,,,failure,EDINET_API_KEY未設定
2026-08-14T18:21:55.355025+00:00,7611,EDINET,,,failure,EDINET_API_KEY未設定
2026-08-14T18:21:55.355025+00:00,9274,EDINET,,,failure,EDINET_API_KEY未設定
2026-08-14T18:21:55.355025+00:00,2120,EDINET,,,failure,EDINET_API_KEY未設定
2026-08-14T18:21:55.355025+00:00,7860,EDINET,,,failure,EDINET_API_KEY未設定
2026-08-14T18:21:55.355025+00:00,8818,EDINET,,,failure,EDINET_API_KEY未設定
2026-08-14T18:21:55.355025+00:00,7979,EDINET,,,failure,EDINET_API_KEY未設定
2026-08-14T18:21:55.355025+00:00,8601,EDINET,,,failure,EDINET_API_KEY未設定
2026-08-14T18:21:55.355025+00:00,2157,EDINET,,,failure,EDINET_API_KEY未設定
2026-08-14T18:21:55.355025+00:00,1938,EDINET,,,failure,EDINET_API_KEY未設定
2026-08-14T18:21:55.355025+00:00,6330,EDINET,,,failure,EDINET_API_KEY未設定
2026-08-14T18:21:55.355025+00:00,6378,EDINET,,,failure,EDINET_API_KEY未設定
2026-08-14T18:21:55.355025+00:00,6674,EDINET,,,failure,EDINET_API_KEY未設定
2026-08-14T18:21:55.355025+00:00,6707,EDINET,,,failure,EDINET_API_KEY未設定
2026-08-14T18:21:55.355025+00:00,6981,EDINET,,,failure,EDINET_API_KEY未設定
2026-08-14T18:21:55.355025+00:00,7059,EDINET,,,failure,EDINET_API_KEY未設定
2026-08-14T18:21:55.355025+00:00,6951,EDINET,,,failure,EDINET_API_KEY未設定
2026-08-14T18:21:55.355025+00:00,6777,EDINET,,,failure,EDINET_API_KEY未設定
2026-08-14T18:21:55.355025+00:00,4674,EDINET,,,failure,EDINET_API_KEY未設定
2026-08-14T18:21:55.355025+00:00,3245,EDINET,,,failure,EDINET_API_KEY未設定
2026-08-14T18:21:55.355025+00:00,5208,EDINET,,,failure,EDINET_API_KEY未設定
2026-08-14T18:21:55.355025+00:00,5105,EDINET,,,failure,EDINET_API_KEY未設定
2026-08-14T18:21:55.355025+00:00,5232,EDINET,,,failure,EDINET_API_KEY未設定
2026-08-14T18:21:55.355025+00:00,3482,EDINET,,,failure,EDINET_API_KEY未設定
2026-08-14T18:21:55.355025+00:00,1833,EDINET,,,failure,EDINET_API_KEY未設定
2026-08-14T18:21:55.355025+00:00,1419,EDINET,,,failure,EDINET_API_KEY未設定
2026-08-14T18:21:55.355025+00:00,3632,EDINET,,,failure,EDINET_API_KEY未設定
2026-08-14T18:21:55.355025+00:00,9021,EDINET,,,failure,EDINET_API_KEY未設定
2026-08-14T18:21:55.355025+00:00,1514,EDINET,,,failure,EDINET_API_KEY未設定
2026-08-14T18:21:55.355025+00:00,9166,EDINET,,,failure,EDINET_API_KEY未設定
2026-08-14T18:21:55.355025+00:00,1447,EDINET,,,failure,EDINET_API_KEY未設定
2026-08-14T18:21:55.355025+00:00,9552,EDINET,,,failure,EDINET_API_KEY未設定
2026-08-14T18:21:55.355025+00:00,6742,EDINET,,,failure,EDINET_API_KEY未設定
2026-08-14T18:21:55.355025+00:00,6480,EDINET,,,failure,EDINET_API_KEY未設定
2026-08-14T18:21:55.355025+00:00,6479,EDINET,,,failure,EDINET_API_KEY未設定
2026-08-14T18:21:55.355025+00:00,6418,EDINET,,,failure,EDINET_API_KEY未設定
2026-08-14T18:21:55.355025+00:00,5246,EDINET,,,failure,EDINET_API_KEY未設定
2026-08-14T18:21:55.355025+00:00,4996,EDINET,,,failure,EDINET_API_KEY未設定
2026-08-14T18:21:55.355025+00:00,9227,EDINET,,,failure,EDINET_API_KEY未設定
2026-08-14T18:21:55.355025+00:00,5706,EDINET,,,failure,EDINET_API_KEY未設定
2026-08-14T18:21:55.355025+00:00,4588,EDINET,,,failure,EDINET_API_KEY未設定
2026-08-14T18:21:55.355025+00:00,4480,EDINET,,,failure,EDINET_API_KEY未設定
2026-08-14T18:21:55.355025+00:00,6920,EDINET,,,failure,EDINET_API_KEY未設定
2026-08-14T18:21:55.355025+00:00,3284,EDINET,,,failure,EDINET_API_KEY未設定
2026-08-14T18:21:55.355025+00:00,6995,EDINET,,,failure,EDINET_API_KEY未設定
2026-08-14T18:21:55.355025+00:00,7003,EDINET,,,failure,EDINET_API_KEY未設定
2026-08-14T18:21:55.355025+00:00,7600,EDINET,,,failure,EDINET_API_KEY未設定
2026-08-14T18:21:55.355025+00:00,1979,EDINET,,,failure,EDINET_API_KEY未設定
2026-08-14T18:21:55.355025+00:00,7972,EDINET,,,failure,EDINET_API_KEY未設定
2026-08-14T18:21:55.355025+00:00,7803,EDINET,,,failure,EDINET_API_KEY未設定
2026-08-14T18:21:55.355025+00:00,7004,EDINET,,,failure,EDINET_API_KEY未設定
2026-08-14T18:21:55.355025+00:00,7717,EDINET,,,failure,EDINET_API_KEY未設定
2026-08-14T18:21:55.355025+00:00,6994,EDINET,,,failure,EDINET_API_KEY未設定
2026-08-14T18:21:55.355025+00:00,6999,EDINET,,,failure,EDINET_API_KEY未設定
2026-08-14T18:21:55.355025+00:00,6971,EDINET,,,failure,EDINET_API_KEY未設定
2026-08-14T18:21:55.355025+00:00,6962,EDINET,,,failure,EDINET_API_KEY未設定
2026-08-14T18:21:55.355025+00:00,6905,EDINET,,,failure,EDINET_API_KEY未設定
2026-08-14T18:21:55.355025+00:00,6800,EDINET,,,failure,EDINET_API_KEY未設定
2026-08-14T18:21:55.355025+00:00,4587,EDINET,,,failure,EDINET_API_KEY未設定
2026-08-14T18:21:55.355025+00:00,2531,EDINET,,,failure,EDINET_API_KEY未設定
2026-08-14T18:21:55.355025+00:00,1945,EDINET,,,failure,EDINET_API_KEY未設定
2026-08-14T18:21:55.355025+00:00,1926,EDINET,,,failure,EDINET_API_KEY未設定
2026-08-14T18:21:55.355025+00:00,1946,EDINET,,,failure,EDINET_API_KEY未設定
2026-08-14T18:21:55.355025+00:00,1377,EDINET,,,failure,EDINET_API_KEY未設定
2026-08-14T18:21:55.355025+00:00,9880,EDINET,,,failure,EDINET_API_KEY未設定
2026-08-14T18:21:55.355025+00:00,3993,EDINET,,,failure,EDINET_API_KEY未設定
2026-08-14T18:21:55.355025+00:00,9008,EDINET,,,failure,EDINET_API_KEY未設定
2026-08-14T18:21:55.355025+00:00,3687,EDINET,,,failure,EDINET_API_KEY未設定
2026-08-14T18:21:55.355025+00:00,8616,EDINET,,,failure,EDINET_API_KEY未設定
2026-08-14T18:21:55.355025+00:00,8697,EDINET,,,failure,EDINET_API_KEY未設定
2026-08-14T18:21:55.355025+00:00,4028,EDINET,,,failure,EDINET_API_KEY未設定
2026-08-14T18:21:55.355025+00:00,3395,EDINET,,,failure,EDINET_API_KEY未設定
2026-08-14T18:21:55.355025+00:00,7995,EDINET,,,failure,EDINET_API_KEY未設定
2026-08-14T18:21:55.355025+00:00,3436,EDINET,,,failure,EDINET_API_KEY未設定
2026-08-14T18:21:55.355025+00:00,8167,EDINET,,,failure,EDINET_API_KEY未設定
2026-08-14T18:21:55.355025+00:00,8253,EDINET,,,failure,EDINET_API_KEY未設定
2026-08-14T18:21:55.355025+00:00,8366,EDINET,,,failure,EDINET_API_KEY未設定
2026-08-14T18:21:55.355025+00:00,8368,EDINET,,,failure,EDINET_API_KEY未設定
2026-08-14T18:21:55.355025+00:00,3778,EDINET,,,failure,EDINET_API_KEY未設定
2026-08-14T18:21:55.355025+00:00,3864,EDINET,,,failure,EDINET_API_KEY未設定
2026-08-14T18:21:55.355025+00:00,6440,EDINET,,,failure,EDINET_API_KEY未設定
2026-08-14T18:21:55.355025+00:00,6433,EDINET,,,failure,EDINET_API_KEY未設定
2026-08-14T18:21:55.355025+00:00,1961,EDINET,,,failure,EDINET_API_KEY未設定
2026-08-14T18:21:55.355025+00:00,5202,EDINET,,,failure,EDINET_API_KEY未設定
2026-08-14T18:21:55.355025+00:00,6383,EDINET,,,failure,EDINET_API_KEY未設定
2026-08-14T18:21:55.355025+00:00,6387,EDINET,,,failure,EDINET_API_KEY未設定
2026-08-14T18:21:55.355025+00:00,6331,EDINET,,,failure,EDINET_API_KEY未設定
2026-08-14T18:21:55.355025+00:00,6356,EDINET,,,failure,EDINET_API_KEY未設定
2026-08-14T18:21:55.355025+00:00,5802,EDINET,,,failure,EDINET_API_KEY未設定
2026-08-14T18:21:55.355025+00:00,9449,EDINET,,,failure,EDINET_API_KEY未設定
2026-08-14T18:21:55.355025+00:00,1786,EDINET,,,failure,EDINET_API_KEY未設定
2026-08-14T18:21:55.355025+00:00,6337,EDINET,,,failure,EDINET_API_KEY未設定
2026-08-14T18:21:55.355025+00:00,5930,EDINET,,,failure,EDINET_API_KEY未設定
2026-08-14T18:21:55.355025+00:00,6146,EDINET,,,failure,EDINET_API_KEY未設定
2026-08-14T18:21:55.355025+00:00,6264,EDINET,,,failure,EDINET_API_KEY未設定
2026-08-14T18:21:55.355025+00:00,5367,EDINET,,,failure,EDINET_API_KEY未設定
2026-08-14T18:21:55.355025+00:00,2288,EDINET,,,failure,EDINET_API_KEY未設定
2026-08-14T18:21:55.355025+00:00,2471,EDINET,,,failure,EDINET_API_KEY未設定
2026-08-14T18:21:55.355025+00:00,5121,EDINET,,,failure,EDINET_API_KEY未設定
2026-08-14T18:21:55.355025+00:00,6369,EDINET,,,failure,EDINET_API_KEY未設定
2026-08-14T18:21:55.355025+00:00,6779,EDINET,,,failure,EDINET_API_KEY未設定
2026-08-14T18:21:55.355025+00:00,6794,EDINET,,,failure,EDINET_API_KEY未設定
2026-08-14T18:21:55.355025+00:00,6762,EDINET,,,failure,EDINET_API_KEY未設定
2026-08-14T18:21:55.355025+00:00,6859,EDINET,,,failure,EDINET_API_KEY未設定
2026-08-14T18:21:55.355025+00:00,7719,EDINET,,,failure,EDINET_API_KEY未設定
2026-08-14T18:21:55.355025+00:00,7779,EDINET,,,failure,EDINET_API_KEY未設定
2026-08-14T18:21:55.355025+00:00,7966,EDINET,,,failure,EDINET_API_KEY未設定
2026-08-14T18:21:55.355025+00:00,4182,EDINET,,,failure,EDINET_API_KEY未設定
2026-08-14T18:21:55.355025+00:00,8628,EDINET,,,failure,EDINET_API_KEY未設定
2026-08-14T18:21:55.355025+00:00,9793,EDINET,,,failure,EDINET_API_KEY未設定
2026-08-14T18:21:55.355025+00:00,3399,EDINET,,,failure,EDINET_API_KEY未設定
2026-08-14T18:21:55.355025+00:00,8103,EDINET,,,failure,EDINET_API_KEY未設定
2026-08-14T18:21:55.355025+00:00,2607,EDINET,,,failure,EDINET_API_KEY未設定
2026-08-14T18:21:55.355025+00:00,9551,EDINET,,,failure,EDINET_API_KEY未設定
2026-08-14T18:21:55.355025+00:00,5889,EDINET,,,failure,EDINET_API_KEY未設定
2026-08-14T18:21:55.355025+00:00,9304,EDINET,,,failure,EDINET_API_KEY未設定
2026-08-14T18:21:55.355025+00:00,9743,EDINET,,,failure,EDINET_API_KEY未設定
2026-08-14T18:21:55.355025+00:00,6055,EDINET,,,failure,EDINET_API_KEY未設定
2026-08-14T18:21:55.355025+00:00,6071,EDINET,,,failure,EDINET_API_KEY未設定
2026-08-14T18:21:55.355025+00:00,6425,EDINET,,,failure,EDINET_API_KEY未設定
2026-08-14T18:21:55.355025+00:00,5288,EDINET,,,failure,EDINET_API_KEY未設定
2026-08-14T18:21:55.355025+00:00,5243,EDINET,,,failure,EDINET_API_KEY未設定
2026-08-14T18:21:55.355025+00:00,6507,EDINET,,,failure,EDINET_API_KEY未設定
2026-08-14T18:21:55.355025+00:00,6376,EDINET,,,failure,EDINET_API_KEY未設定
2026-08-14T18:21:55.355025+00:00,5201,EDINET,,,failure,EDINET_API_KEY未設定
2026-08-14T18:21:55.355025+00:00,6834,EDINET,,,failure,EDINET_API_KEY未設定
2026-08-14T18:21:55.355025+00:00,6666,EDINET,,,failure,EDINET_API_KEY未設定
2026-08-14T18:21:55.355025+00:00,3201,EDINET,,,failure,EDINET_API_KEY未設定
2026-08-14T18:21:55.355025+00:00,2334,EDINET,,,failure,EDINET_API_KEY未設定
2026-08-14T18:21:55.355025+00:00,7777,EDINET,,,failure,EDINET_API_KEY未設定
2026-08-14T18:21:55.355025+00:00,7198,EDINET,,,failure,EDINET_API_KEY未設定
2026-08-14T18:21:55.355025+00:00,7014,EDINET,,,failure,EDINET_API_KEY未設定
2026-08-14T18:21:55.355025+00:00,7746,EDINET,,,failure,EDINET_API_KEY未設定
2026-08-14T18:21:55.355025+00:00,7794,EDINET,,,failure,EDINET_API_KEY未設定
2026-08-14T18:21:55.355025+00:00,2158,EDINET,,,failure,EDINET_API_KEY未設定
2026-08-14T18:21:55.355025+00:00,1975,EDINET,,,failure,EDINET_API_KEY未設定
2026-08-14T18:21:55.355025+00:00,4392,EDINET,,,failure,EDINET_API_KEY未設定
2026-08-14T18:21:55.355025+00:00,9508,EDINET,,,failure,EDINET_API_KEY未設定
2026-08-14T18:21:55.355025+00:00,8739,EDINET,,,failure,EDINET_API_KEY未設定
2026-08-14T18:21:55.355025+00:00,8338,EDINET,,,failure,EDINET_API_KEY未設定
2026-08-14T18:21:55.355025+00:00,3445,EDINET,,,failure,EDINET_API_KEY未設定
2026-08-14T18:21:55.355025+00:00,8012,EDINET,,,failure,EDINET_API_KEY未設定
2026-08-14T18:21:55.355025+00:00,8399,EDINET,,,failure,EDINET_API_KEY未設定
2026-08-14T18:21:55.355025+00:00,3853,EDINET,,,failure,EDINET_API_KEY未設定
2026-08-14T18:21:55.355025+00:00,6324,EDINET,,,failure,EDINET_API_KEY未設定
2026-08-14T18:21:55.355025+00:00,5831,EDINET,,,failure,EDINET_API_KEY未設定
2026-08-14T18:21:55.355025+00:00,4997,EDINET,,,failure,EDINET_API_KEY未設定
2026-08-14T18:21:55.355025+00:00,6361,EDINET,,,failure,EDINET_API_KEY未設定
2026-08-14T18:21:55.355025+00:00,6481,EDINET,,,failure,EDINET_API_KEY未設定
2026-08-14T18:21:55.355025+00:00,2986,EDINET,,,failure,EDINET_API_KEY未設定
2026-08-14T18:21:55.355025+00:00,6472,EDINET,,,failure,EDINET_API_KEY未設定
2026-08-14T18:21:55.355025+00:00,6309,EDINET,,,failure,EDINET_API_KEY未設定
2026-08-14T18:21:55.355025+00:00,5985,EDINET,,,failure,EDINET_API_KEY未設定
2026-08-14T18:21:55.355025+00:00,4575,EDINET,,,failure,EDINET_API_KEY未設定
2026-08-14T18:21:55.355025+00:00,6923,EDINET,,,failure,EDINET_API_KEY未設定
2026-08-14T18:21:55.355025+00:00,3810,EDINET,,,failure,EDINET_API_KEY未設定
2026-08-14T18:21:55.355025+00:00,8267,EDINET,,,failure,EDINET_API_KEY未設定
2026-08-14T18:21:55.355025+00:00,8316,EDINET,,,failure,EDINET_API_KEY未設定
2026-08-14T18:21:55.355025+00:00,3465,EDINET,,,failure,EDINET_API_KEY未設定
2026-08-14T18:21:55.355025+00:00,2220,EDINET,,,failure,EDINET_API_KEY未設定
2026-08-14T18:21:55.355025+00:00,9042,EDINET,,,failure,EDINET_API_KEY未設定
2026-08-14T18:21:55.355025+00:00,7685,EDINET,,,failure,EDINET_API_KEY未設定
2026-08-14T18:21:55.355025+00:00,7181,EDINET,,,failure,EDINET_API_KEY未設定
2026-08-14T18:21:55.355025+00:00,2489,EDINET,,,failure,EDINET_API_KEY未設定
2026-08-14T18:21:55.355025+00:00,7537,EDINET,,,failure,EDINET_API_KEY未設定
2026-08-14T18:21:55.355025+00:00,2168,EDINET,,,failure,EDINET_API_KEY未設定
2026-08-14T18:21:55.355025+00:00,7721,EDINET,,,failure,EDINET_API_KEY未設定
2026-08-14T18:21:55.355025+00:00,4099,EDINET,,,failure,EDINET_API_KEY未設定
2026-08-14T18:21:55.355025+00:00,6958,EDINET,,,failure,EDINET_API_KEY未設定
2026-08-14T18:21:55.355025+00:00,4506,EDINET,,,failure,EDINET_API_KEY未設定
2026-08-14T18:21:55.355025+00:00,2395,EDINET,,,failure,EDINET_API_KEY未設定
2026-08-14T18:21:55.355025+00:00,6890,EDINET,,,failure,EDINET_API_KEY未設定
2026-08-14T18:21:55.355025+00:00,4169,EDINET,,,failure,EDINET_API_KEY未設定
2026-08-14T18:21:55.355025+00:00,6858,EDINET,,,failure,EDINET_API_KEY未設定
2026-08-14T18:21:55.355025+00:00,3103,EDINET,,,failure,EDINET_API_KEY未設定
2026-08-14T18:21:55.355025+00:00,6855,EDINET,,,failure,EDINET_API_KEY未設定
2026-08-14T18:21:55.355025+00:00,5384,EDINET,,,failure,EDINET_API_KEY未設定
2026-08-14T18:21:55.355025+00:00,3176,EDINET,,,failure,EDINET_API_KEY未設定
2026-08-14T18:21:55.355025+00:00,6594,EDINET,,,failure,EDINET_API_KEY未設定
2026-08-14T18:21:55.355025+00:00,4593,EDINET,,,failure,EDINET_API_KEY未設定
2026-08-14T18:21:55.355025+00:00,3101,EDINET,,,failure,EDINET_API_KEY未設定
2026-08-14T18:21:55.355025+00:00,6619,EDINET,,,failure,EDINET_API_KEY未設定
2026-08-14T18:21:55.355025+00:00,8194,EDINET,,,failure,EDINET_API_KEY未設定
2026-08-14T18:21:55.355025+00:00,8060,EDINET,,,failure,EDINET_API_KEY未設定
2026-08-14T18:21:55.355025+00:00,9031,EDINET,,,failure,EDINET_API_KEY未設定
2026-08-14T18:21:55.355025+00:00,9009,EDINET,,,failure,EDINET_API_KEY未設定
2026-08-14T18:21:55.355025+00:00,9470,EDINET,,,failure,EDINET_API_KEY未設定
2026-08-14T18:21:55.355025+00:00,8129,EDINET,,,failure,EDINET_API_KEY未設定
2026-08-14T18:21:55.355025+00:00,8572,EDINET,,,failure,EDINET_API_KEY未設定
2026-08-14T18:21:55.355025+00:00,3915,EDINET,,,failure,EDINET_API_KEY未設定
2026-08-14T18:21:55.355025+00:00,9861,EDINET,,,failure,EDINET_API_KEY未設定
2026-08-14T18:21:55.355025+00:00,3946,EDINET,,,failure,EDINET_API_KEY未設定
2026-08-14T18:21:55.355025+00:00,2201,EDINET,,,failure,EDINET_API_KEY未設定
2026-08-14T18:21:55.355025+00:00,6814,EDINET,,,failure,EDINET_API_KEY未設定
2026-08-14T18:21:55.355025+00:00,4732,EDINET,,,failure,EDINET_API_KEY未設定
2026-08-14T18:21:55.355025+00:00,4478,EDINET,,,failure,EDINET_API_KEY未設定
2026-08-14T18:21:55.355025+00:00,4403,EDINET,,,failure,EDINET_API_KEY未設定
2026-08-14T18:21:55.355025+00:00,7226,EDINET,,,failure,EDINET_API_KEY未設定
2026-08-14T18:21:55.355025+00:00,4272,EDINET,,,failure,EDINET_API_KEY未設定
2026-08-14T18:21:55.355025+00:00,7242,EDINET,,,failure,EDINET_API_KEY未設定
2026-08-14T18:21:55.355025+00:00,7071,EDINET,,,failure,EDINET_API_KEY未設定
2026-08-14T18:21:55.355025+00:00,3034,EDINET,,,failure,EDINET_API_KEY未設定
2026-08-14T18:21:55.355025+00:00,5240,EDINET,,,failure,EDINET_API_KEY未設定
2026-08-14T18:21:55.355025+00:00,6592,EDINET,,,failure,EDINET_API_KEY未設定
2026-08-14T18:21:55.355025+00:00,5714,EDINET,,,failure,EDINET_API_KEY未設定
2026-08-14T18:21:55.355025+00:00,5393,EDINET,,,failure,EDINET_API_KEY未設定
2026-08-14T18:21:55.355025+00:00,1801,EDINET,,,failure,EDINET_API_KEY未設定
2026-08-14T18:21:55.355025+00:00,9511,EDINET,,,failure,EDINET_API_KEY未設定
2026-08-14T18:21:55.355025+00:00,9506,EDINET,,,failure,EDINET_API_KEY未設定
2026-08-14T18:21:55.355025+00:00,9072,EDINET,,,failure,EDINET_API_KEY未設定
2026-08-14T18:21:55.355025+00:00,1719,EDINET,,,failure,EDINET_API_KEY未設定
2026-08-14T18:21:55.355025+00:00,1721,EDINET,,,failure,EDINET_API_KEY未設定
2026-08-14T18:21:55.355025+00:00,8934,EDINET,,,failure,EDINET_API_KEY未設定
2026-08-14T18:21:55.355025+00:00,1822,EDINET,,,failure,EDINET_API_KEY未設定
2026-08-14T18:21:55.355025+00:00,1852,EDINET,,,failure,EDINET_API_KEY未設定
2026-08-14T18:21:55.355025+00:00,8789,EDINET,,,failure,EDINET_API_KEY未設定
2026-08-14T18:21:55.355025+00:00,8714,EDINET,,,failure,EDINET_API_KEY未設定
2026-08-14T18:21:55.355025+00:00,8707,EDINET,,,failure,EDINET_API_KEY未設定
2026-08-14T18:21:55.355025+00:00,8624,EDINET,,,failure,EDINET_API_KEY未設定
2026-08-14T18:21:55.355025+00:00,8614,EDINET,,,failure,EDINET_API_KEY未設定
2026-08-14T18:21:55.355025+00:00,3989,EDINET,,,failure,EDINET_API_KEY未設定
2026-08-14T18:21:55.355025+00:00,3964,EDINET,,,failure,EDINET_API_KEY未設定
2026-08-14T18:21:55.355025+00:00,3962,EDINET,,,failure,EDINET_API_KEY未設定
2026-08-14T18:21:55.355025+00:00,6135,EDINET,,,failure,EDINET_API_KEY未設定
2026-08-14T18:21:55.355025+00:00,6047,EDINET,,,failure,EDINET_API_KEY未設定
2026-08-14T18:21:55.355025+00:00,5991,EDINET,,,failure,EDINET_API_KEY未設定
2026-08-14T18:21:55.355025+00:00,5844,EDINET,,,failure,EDINET_API_KEY未設定
2026-08-14T18:21:55.355025+00:00,5838,EDINET,,,failure,EDINET_API_KEY未設定
2026-08-14T18:21:55.355025+00:00,5832,EDINET,,,failure,EDINET_API_KEY未設定
2026-08-14T18:21:55.355025+00:00,8604,EDINET,,,failure,EDINET_API_KEY未設定
2026-08-14T18:21:55.355025+00:00,8600,EDINET,,,failure,EDINET_API_KEY未設定
2026-08-14T18:21:55.355025+00:00,8570,EDINET,,,failure,EDINET_API_KEY未設定
2026-08-14T18:21:55.355025+00:00,8558,EDINET,,,failure,EDINET_API_KEY未設定
2026-08-14T18:21:55.355025+00:00,8550,EDINET,,,failure,EDINET_API_KEY未設定
2026-08-14T18:21:55.355025+00:00,8541,EDINET,,,failure,EDINET_API_KEY未設定
2026-08-14T18:21:55.355025+00:00,8524,EDINET,,,failure,EDINET_API_KEY未設定
2026-08-14T18:21:55.355025+00:00,8522,EDINET,,,failure,EDINET_API_KEY未設定
2026-08-14T18:21:55.355025+00:00,8511,EDINET,,,failure,EDINET_API_KEY未設定
2026-08-14T18:21:55.355025+00:00,8418,EDINET,,,failure,EDINET_API_KEY未設定
2026-08-14T18:21:55.355025+00:00,6323,EDINET,,,failure,EDINET_API_KEY未設定
2026-08-14T18:21:55.355025+00:00,5715,EDINET,,,failure,EDINET_API_KEY未設定
2026-08-14T18:21:55.355025+00:00,5713,EDINET,,,failure,EDINET_API_KEY未設定
2026-08-14T18:21:55.355025+00:00,5631,EDINET,,,failure,EDINET_API_KEY未設定
2026-08-14T18:21:55.355025+00:00,5471,EDINET,,,failure,EDINET_API_KEY未設定
2026-08-14T18:21:55.355025+00:00,5344,EDINET,,,failure,EDINET_API_KEY未設定
2026-08-14T18:21:55.355025+00:00,5331,EDINET,,,failure,EDINET_API_KEY未設定
2026-08-14T18:21:55.355025+00:00,6287,EDINET,,,failure,EDINET_API_KEY未設定
2026-08-14T18:21:55.355025+00:00,6250,EDINET,,,failure,EDINET_API_KEY未設定
2026-08-14T18:21:55.355025+00:00,6235,EDINET,,,failure,EDINET_API_KEY未設定
2026-08-14T18:21:55.355025+00:00,6504,EDINET,,,failure,EDINET_API_KEY未設定
2026-08-14T18:21:55.355025+00:00,6464,EDINET,,,failure,EDINET_API_KEY未設定
2026-08-14T18:21:55.355025+00:00,5262,EDINET,,,failure,EDINET_API_KEY未設定
2026-08-14T18:21:55.355025+00:00,5074,EDINET,,,failure,EDINET_API_KEY未設定
2026-08-14T18:21:55.355025+00:00,6407,EDINET,,,failure,EDINET_API_KEY未設定
2026-08-14T18:21:55.355025+00:00,6371,EDINET,,,failure,EDINET_API_KEY未設定
2026-08-14T18:21:55.355025+00:00,8411,EDINET,,,failure,EDINET_API_KEY未設定
2026-08-14T18:21:55.355025+00:00,8393,EDINET,,,failure,EDINET_API_KEY未設定
2026-08-14T18:21:55.355025+00:00,8392,EDINET,,,failure,EDINET_API_KEY未設定
2026-08-14T18:21:55.355025+00:00,8388,EDINET,,,failure,EDINET_API_KEY未設定
2026-08-14T18:21:55.355025+00:00,8386,EDINET,,,failure,EDINET_API_KEY未設定
2026-08-14T18:21:55.355025+00:00,8381,EDINET,,,failure,EDINET_API_KEY未設定
2026-08-14T18:21:55.355025+00:00,8377,EDINET,,,failure,EDINET_API_KEY未設定
2026-08-14T18:21:55.355025+00:00,8370,EDINET,,,failure,EDINET_API_KEY未設定
2026-08-14T18:21:55.355025+00:00,8361,EDINET,,,failure,EDINET_API_KEY未設定
2026-08-14T18:21:55.355025+00:00,8360,EDINET,,,failure,EDINET_API_KEY未設定
2026-08-14T18:21:55.355025+00:00,8359,EDINET,,,failure,EDINET_API_KEY未設定
2026-08-14T18:21:55.355025+00:00,8358,EDINET,,,failure,EDINET_API_KEY未設定
2026-08-14T18:21:55.355025+00:00,8354,EDINET,,,failure,EDINET_API_KEY未設定
2026-08-14T18:21:55.355025+00:00,8346,EDINET,,,failure,EDINET_API_KEY未設定
2026-08-14T18:21:55.355025+00:00,8345,EDINET,,,failure,EDINET_API_KEY未設定
2026-08-14T18:21:55.355025+00:00,2802,EDINET,,,failure,EDINET_API_KEY未設定
2026-08-14T18:21:55.355025+00:00,2734,EDINET,,,failure,EDINET_API_KEY未設定
2026-08-14T18:21:55.355025+00:00,2685,EDINET,,,failure,EDINET_API_KEY未設定
2026-08-14T18:21:55.355025+00:00,6508,EDINET,,,failure,EDINET_API_KEY未設定
2026-08-14T18:21:55.355025+00:00,8344,EDINET,,,failure,EDINET_API_KEY未設定
2026-08-14T18:21:55.355025+00:00,8343,EDINET,,,failure,EDINET_API_KEY未設定
2026-08-14T18:21:55.355025+00:00,8341,EDINET,,,failure,EDINET_API_KEY未設定
2026-08-14T18:21:55.355025+00:00,8337,EDINET,,,failure,EDINET_API_KEY未設定
2026-08-14T18:21:55.355025+00:00,8336,EDINET,,,failure,EDINET_API_KEY未設定
2026-08-14T18:21:55.355025+00:00,8334,EDINET,,,failure,EDINET_API_KEY未設定
2026-08-14T18:21:55.355025+00:00,8331,EDINET,,,failure,EDINET_API_KEY未設定
2026-08-14T18:21:55.355025+00:00,8309,EDINET,,,failure,EDINET_API_KEY未設定
2026-08-14T18:21:55.355025+00:00,8308,EDINET,,,failure,EDINET_API_KEY未設定
2026-08-14T18:21:55.355025+00:00,8306,EDINET,,,failure,EDINET_API_KEY未設定
2026-08-14T18:21:55.355025+00:00,8304,EDINET,,,failure,EDINET_API_KEY未設定
2026-08-14T18:21:55.355025+00:00,8233,EDINET,,,failure,EDINET_API_KEY未設定
2026-08-14T18:21:55.355025+00:00,8185,EDINET,,,failure,EDINET_API_KEY未設定
2026-08-14T18:21:55.355025+00:00,3186,EDINET,,,failure,EDINET_API_KEY未設定
2026-08-14T18:21:55.355025+00:00,3167,EDINET,,,failure,EDINET_API_KEY未設定
2026-08-14T18:21:55.355025+00:00,6752,EDINET,,,failure,EDINET_API_KEY未設定
2026-08-14T18:21:55.355025+00:00,6627,EDINET,,,failure,EDINET_API_KEY未設定
2026-08-14T18:21:55.355025+00:00,2962,EDINET,,,failure,EDINET_API_KEY未設定
2026-08-14T18:21:55.355025+00:00,8008,EDINET,,,failure,EDINET_API_KEY未設定
2026-08-14T18:21:55.355025+00:00,8005,EDINET,,,failure,EDINET_API_KEY未設定
2026-08-14T18:21:55.355025+00:00,3444,EDINET,,,failure,EDINET_API_KEY未設定
2026-08-14T18:21:55.355025+00:00,3443,EDINET,,,failure,EDINET_API_KEY未設定
2026-08-14T18:21:55.355025+00:00,3401,EDINET,,,failure,EDINET_API_KEY未設定
2026-08-14T18:21:55.355025+00:00,3350,EDINET,,,failure,EDINET_API_KEY未設定
2026-08-14T18:21:55.355025+00:00,4042,EDINET,,,failure,EDINET_API_KEY未設定
2026-08-14T18:21:55.355025+00:00,4008,EDINET,,,failure,EDINET_API_KEY未設定
2026-08-14T18:21:55.355025+00:00,3994,EDINET,,,failure,EDINET_API_KEY未設定
2026-08-14T18:21:55.355025+00:00,6875,EDINET,,,failure,EDINET_API_KEY未設定
2026-08-14T18:21:55.355025+00:00,6871,EDINET,,,failure,EDINET_API_KEY未設定
2026-08-14T18:21:55.355025+00:00,6754,EDINET,,,failure,EDINET_API_KEY未設定
2026-08-14T18:21:55.355025+00:00,7912,EDINET,,,failure,EDINET_API_KEY未設定
2026-08-14T18:21:55.355025+00:00,2222,EDINET,,,failure,EDINET_API_KEY未設定
2026-08-14T18:21:55.355025+00:00,4109,EDINET,,,failure,EDINET_API_KEY未設定
2026-08-14T18:21:55.355025+00:00,1982,EDINET,,,failure,EDINET_API_KEY未設定
2026-08-14T18:21:55.355025+00:00,7752,EDINET,,,failure,EDINET_API_KEY未設定
2026-08-14T18:21:55.355025+00:00,7751,EDINET,,,failure,EDINET_API_KEY未設定
2026-08-14T18:21:55.355025+00:00,7744,EDINET,,,failure,EDINET_API_KEY未設定
2026-08-14T18:21:55.355025+00:00,7730,EDINET,,,failure,EDINET_API_KEY未設定
2026-08-14T18:21:55.355025+00:00,6882,EDINET,,,failure,EDINET_API_KEY未設定
2026-08-14T18:21:55.355025+00:00,3040,EDINET,,,failure,EDINET_API_KEY未設定
2026-08-14T18:21:55.355025+00:00,4689,EDINET,,,failure,EDINET_API_KEY未設定
2026-08-14T18:21:55.355025+00:00,4668,EDINET,,,failure,EDINET_API_KEY未設定
2026-08-14T18:21:55.355025+00:00,4634,EDINET,,,failure,EDINET_API_KEY未設定
2026-08-14T18:21:55.355025+00:00,4396,EDINET,,,failure,EDINET_API_KEY未設定
2026-08-14T18:21:55.355025+00:00,4228,EDINET,,,failure,EDINET_API_KEY未設定
2026-08-14T18:21:55.355025+00:00,4194,EDINET,,,failure,EDINET_API_KEY未設定
2026-08-14T18:21:55.355025+00:00,7381,EDINET,,,failure,EDINET_API_KEY未設定
2026-08-14T18:21:55.355025+00:00,7380,EDINET,,,failure,EDINET_API_KEY未設定
2026-08-14T18:21:55.355025+00:00,7337,EDINET,,,failure,EDINET_API_KEY未設定
2026-08-14T18:21:55.355025+00:00,7327,EDINET,,,failure,EDINET_API_KEY未設定
2026-08-14T18:21:55.355025+00:00,7280,EDINET,,,failure,EDINET_API_KEY未設定
2026-08-14T18:21:55.355025+00:00,7189,EDINET,,,failure,EDINET_API_KEY未設定
2026-08-14T18:21:55.355025+00:00,7186,EDINET,,,failure,EDINET_API_KEY未設定
2026-08-14T18:21:55.355025+00:00,7184,EDINET,,,failure,EDINET_API_KEY未設定
2026-08-14T18:21:55.355025+00:00,7167,EDINET,,,failure,EDINET_API_KEY未設定
2026-08-14T18:21:55.355025+00:00,7164,EDINET,,,failure,EDINET_API_KEY未設定
2026-08-14T18:21:55.355025+00:00,7011,EDINET,,,failure,EDINET_API_KEY未設定
2026-08-14T18:21:55.355025+00:00,6952,EDINET,,,failure,EDINET_API_KEY未設定
2026-08-14T18:21:55.355025+00:00,4565,EDINET,,,failure,EDINET_API_KEY未設定
2026-08-14T18:21:55.355025+00:00,4552,EDINET,,,failure,EDINET_API_KEY未設定
2026-08-14T18:21:55.355025+00:00,4543,EDINET,,,failure,EDINET_API_KEY未設定
2026-08-14T18:21:55.355025+00:00,4475,EDINET,,,failure,EDINET_API_KEY未設定
2026-08-14T18:21:55.355025+00:00,4425,EDINET,,,failure,EDINET_API_KEY未設定
2026-08-14T18:21:55.355025+00:00,4418,EDINET,,,failure,EDINET_API_KEY未設定
2026-08-14T18:21:55.355025+00:00,2269,EDINET,,,failure,EDINET_API_KEY未設定
2026-08-14T18:21:55.355025+00:00,8897,EDINET,,,failure,EDINET_API_KEY未設定
2026-08-14T18:21:55.355025+00:00,3668,EDINET,,,failure,EDINET_API_KEY未設定
2026-08-14T18:21:55.355025+00:00,9984,EDINET,,,failure,EDINET_API_KEY未設定
2026-08-14T18:21:55.355025+00:00,8892,EDINET,,,failure,EDINET_API_KEY未設定
2026-08-14T18:21:55.355025+00:00,5830,EDINET,,,failure,EDINET_API_KEY未設定
2026-08-14T18:21:55.355025+00:00,5805,EDINET,,,failure,EDINET_API_KEY未設定
2026-08-14T18:21:55.355025+00:00,9107,EDINET,,,failure,EDINET_API_KEY未設定
2026-08-14T18:21:55.355025+00:00,1963,EDINET,,,failure,EDINET_API_KEY未設定
2026-08-14T18:21:55.355025+00:00,9722,EDINET,,,failure,EDINET_API_KEY未設定
2026-08-14T18:21:55.355025+00:00,1951,EDINET,,,failure,EDINET_API_KEY未設定
2026-08-14T18:21:55.355025+00:00,5817,EDINET,,,failure,EDINET_API_KEY未設定
2026-08-14T18:21:55.355025+00:00,9348,EDINET,,,failure,EDINET_API_KEY未設定
2026-08-14T18:21:55.355025+00:00,4222,EDINET,,,failure,EDINET_API_KEY未設定
2026-08-14T18:21:55.355025+00:00,7701,EDINET,,,failure,EDINET_API_KEY未設定
2026-08-14T18:21:55.355025+00:00,6966,EDINET,,,failure,EDINET_API_KEY未設定
2026-08-14T18:21:55.355025+00:00,3676,EDINET,,,failure,EDINET_API_KEY未設定
2026-08-14T18:21:55.355025+00:00,2590,EDINET,,,failure,EDINET_API_KEY未設定
2026-08-14T18:21:55.355025+00:00,7241,EDINET,,,failure,EDINET_API_KEY未設定
2026-08-14T18:21:55.355025+00:00,7224,EDINET,,,failure,EDINET_API_KEY未設定
2026-08-14T18:21:55.355025+00:00,7202,EDINET,,,failure,EDINET_API_KEY未設定
2026-08-14T18:21:55.355025+00:00,7476,EDINET,,,failure,EDINET_API_KEY未設定
2026-08-14T18:21:55.355025+00:00,7609,EDINET,,,failure,EDINET_API_KEY未設定
2026-08-14T18:21:55.355025+00:00,7616,EDINET,,,failure,EDINET_API_KEY未設定
2026-08-14T18:21:55.355025+00:00,6232,EDINET,,,failure,EDINET_API_KEY未設定
2026-08-14T18:21:55.355025+00:00,6166,EDINET,,,failure,EDINET_API_KEY未設定
2026-08-14T18:21:55.355025+00:00,6203,EDINET,,,failure,EDINET_API_KEY未設定
2026-08-14T18:21:55.355025+00:00,8584,EDINET,,,failure,EDINET_API_KEY未設定
2026-08-14T18:21:55.355025+00:00,8439,EDINET,,,failure,EDINET_API_KEY未設定
2026-08-14T18:21:55.355025+00:00,3891,EDINET,,,failure,EDINET_API_KEY未設定
2026-08-14T18:21:55.355025+00:00,1814,EDINET,,,failure,EDINET_API_KEY未設定
2026-08-14T18:21:55.355025+00:00,1333,EDINET,,,failure,EDINET_API_KEY未設定
2026-08-14T18:21:55.355025+00:00,6532,EDINET,,,failure,EDINET_API_KEY未設定
2026-08-14T18:21:55.355025+00:00,7984,EDINET,,,failure,EDINET_API_KEY未設定
2026-08-14T18:21:55.355025+00:00,6613,EDINET,,,failure,EDINET_API_KEY未設定
2026-08-14T18:21:55.355025+00:00,4617,EDINET,,,failure,EDINET_API_KEY未設定
2026-08-14T18:21:55.355025+00:00,6838,EDINET,,,failure,EDINET_API_KEY未設定
2026-08-14T18:21:55.355025+00:00,4828,EDINET,,,failure,EDINET_API_KEY未設定
2026-08-14T18:21:55.355025+00:00,4819,EDINET,,,failure,EDINET_API_KEY未設定
2026-08-14T18:21:55.355025+00:00,4118,EDINET,,,failure,EDINET_API_KEY未設定
2026-08-14T18:21:55.355025+00:00,4091,EDINET,,,failure,EDINET_API_KEY未設定
2026-08-14T18:21:55.355025+00:00,3569,EDINET,,,failure,EDINET_API_KEY未設定
2026-08-14T18:21:55.355025+00:00,2127,EDINET,,,failure,EDINET_API_KEY未設定
2026-08-14T18:21:55.355025+00:00,7735,EDINET,,,failure,EDINET_API_KEY未設定
2026-08-14T18:21:55.355025+00:00,3099,EDINET,,,failure,EDINET_API_KEY未設定
2026-08-14T18:21:55.355025+00:00,5445,EDINET,,,failure,EDINET_API_KEY未設定
2026-08-14T18:21:55.355025+00:00,8043,EDINET,,,failure,EDINET_API_KEY未設定
2026-08-14T18:21:55.355025+00:00,6524,EDINET,,,failure,EDINET_API_KEY未設定
2026-08-14T18:21:55.355025+00:00,6516,EDINET,,,failure,EDINET_API_KEY未設定
2026-08-14T18:21:55.355025+00:00,2784,EDINET,,,failure,EDINET_API_KEY未設定
2026-08-14T18:21:55.355025+00:00,2809,EDINET,,,failure,EDINET_API_KEY未設定
2026-08-14T18:21:55.355025+00:00,6298,EDINET,,,failure,EDINET_API_KEY未設定
2026-08-14T18:21:55.355025+00:00,5016,EDINET,,,failure,EDINET_API_KEY未設定
2026-08-14T18:21:55.355025+00:00,8708,EDINET,,,failure,EDINET_API_KEY未設定
2026-08-14T18:21:55.355025+00:00,8771,EDINET,,,failure,EDINET_API_KEY未設定
2026-08-14T18:21:55.355025+00:00,2206,EDINET,,,failure,EDINET_API_KEY未設定
2026-08-14T18:21:55.355025+00:00,9101,EDINET,,,failure,EDINET_API_KEY未設定
2026-08-14T18:21:55.355025+00:00,3769,EDINET,,,failure,EDINET_API_KEY未設定
2026-08-14T18:21:55.355025+00:00,9934,EDINET,,,failure,EDINET_API_KEY未設定
2026-08-14T18:21:55.355025+00:00,9119,EDINET,,,failure,EDINET_API_KEY未設定
2026-08-14T18:21:55.355025+00:00,9104,EDINET,,,failure,EDINET_API_KEY未設定
2026-08-14T18:21:55.355025+00:00,2384,EDINET,,,failure,EDINET_API_KEY未設定
2026-08-14T18:21:55.355025+00:00,8841,EDINET,,,failure,EDINET_API_KEY未設定
2026-08-14T18:21:55.355025+00:00,2371,EDINET,,,failure,EDINET_API_KEY未設定
2026-08-14T18:21:55.355025+00:00,6986,EDINET,,,failure,EDINET_API_KEY未設定
2026-08-14T18:21:55.355025+00:00,7610,EDINET,,,failure,EDINET_API_KEY未設定
2026-08-14T18:21:55.355025+00:00,7409,EDINET,,,failure,EDINET_API_KEY未設定
2026-08-14T18:21:55.355025+00:00,4183,EDINET,,,failure,EDINET_API_KEY未設定
2026-08-14T18:21:55.355025+00:00,7240,EDINET,,,failure,EDINET_API_KEY未設定
2026-08-14T18:21:55.355025+00:00,2768,EDINET,,,failure,EDINET_API_KEY未設定
2026-08-14T18:21:55.355025+00:00,6486,EDINET,,,failure,EDINET_API_KEY未設定
2026-08-14T18:21:55.355025+00:00,5310,EDINET,,,failure,EDINET_API_KEY未設定
2026-08-14T18:21:55.355025+00:00,5707,EDINET,,,failure,EDINET_API_KEY未設定
2026-08-14T18:21:55.355025+00:00,3105,EDINET,,,failure,EDINET_API_KEY未設定
2026-08-14T18:21:55.355025+00:00,6914,EDINET,,,failure,EDINET_API_KEY未設定
2026-08-14T18:21:55.355025+00:00,4813,EDINET,,,failure,EDINET_API_KEY未設定
2026-08-14T18:21:55.355025+00:00,7976,EDINET,,,failure,EDINET_API_KEY未設定
2026-08-14T18:21:55.355025+00:00,4894,EDINET,,,failure,EDINET_API_KEY未設定
2026-08-14T18:21:55.355025+00:00,8032,EDINET,,,failure,EDINET_API_KEY未設定
2026-08-14T18:21:55.355025+00:00,6741,EDINET,,,failure,EDINET_API_KEY未設定
2026-08-14T18:21:55.355025+00:00,6098,EDINET,,,failure,EDINET_API_KEY未設定
2026-08-14T18:21:55.355025+00:00,6339,EDINET,,,failure,EDINET_API_KEY未設定
2026-08-14T18:21:55.355025+00:00,7741,EDINET,,,failure,EDINET_API_KEY未設定
2026-08-14T18:21:55.355025+00:00,2267,EDINET,,,failure,EDINET_API_KEY未設定
2026-08-14T18:21:55.355025+00:00,4722,EDINET,,,failure,EDINET_API_KEY未設定
2026-08-14T18:21:55.355025+00:00,8613,EDINET,,,failure,EDINET_API_KEY未設定
2026-08-14T18:21:55.355025+00:00,5857,EDINET,,,failure,EDINET_API_KEY未設定
2026-08-14T18:21:55.355025+00:00,8622,EDINET,,,failure,EDINET_API_KEY未設定
2026-08-14T18:21:55.355025+00:00,6072,EDINET,,,failure,EDINET_API_KEY未設定
2026-08-14T18:21:55.355025+00:00,1663,EDINET,,,failure,EDINET_API_KEY未設定
2026-08-14T18:21:55.355025+00:00,8367,EDINET,,,failure,EDINET_API_KEY未設定
2026-08-14T18:21:55.355025+00:00,5563,EDINET,,,failure,EDINET_API_KEY未設定
2026-08-14T18:21:55.355025+00:00,6501,EDINET,,,failure,EDINET_API_KEY未設定
2026-08-14T18:21:55.355025+00:00,3825,EDINET,,,failure,EDINET_API_KEY未設定
2026-08-14T18:21:55.355025+00:00,3791,EDINET,,,failure,EDINET_API_KEY未設定
2026-08-14T18:21:55.355025+00:00,3878,EDINET,,,failure,EDINET_API_KEY未設定
2026-08-14T18:21:55.355025+00:00,6857,EDINET,,,failure,EDINET_API_KEY未設定
2026-08-14T18:21:55.355025+00:00,7868,EDINET,,,failure,EDINET_API_KEY未設定
2026-08-14T18:21:55.355025+00:00,4095,EDINET,,,failure,EDINET_API_KEY未設定
2026-08-14T18:21:55.355025+00:00,3558,EDINET,,,failure,EDINET_API_KEY未設定
2026-08-14T18:21:55.355025+00:00,3544,EDINET,,,failure,EDINET_API_KEY未設定
2026-08-14T18:21:55.355025+00:00,4044,EDINET,,,failure,EDINET_API_KEY未設定
2026-08-14T18:21:55.355025+00:00,2931,EDINET,,,failure,EDINET_API_KEY未設定
2026-08-14T18:21:55.355025+00:00,7236,EDINET,,,failure,EDINET_API_KEY未設定
2026-08-14T18:21:55.355025+00:00,7138,EDINET,,,failure,EDINET_API_KEY未設定
2026-08-14T18:21:55.355025+00:00,4202,EDINET,,,failure,EDINET_API_KEY未設定
2026-08-14T18:21:55.355025+00:00,7599,EDINET,,,failure,EDINET_API_KEY未設定
2026-08-14T18:21:55.355025+00:00,4381,EDINET,,,failure,EDINET_API_KEY未設定
2026-08-14T18:21:55.355025+00:00,4680,EDINET,,,failure,EDINET_API_KEY未設定
2026-08-14T18:21:55.355025+00:00,9468,EDINET,,,failure,EDINET_API_KEY未設定
2026-08-14T18:21:55.355025+00:00,5801,EDINET,,,failure,EDINET_API_KEY未設定
2026-08-14T18:21:55.355025+00:00,4483,EDINET,,,failure,EDINET_API_KEY未設定
2026-08-14T18:21:55.355025+00:00,9678,EDINET,,,failure,EDINET_API_KEY未設定
2026-08-14T18:21:55.355025+00:00,6963,EDINET,,,failure,EDINET_API_KEY未設定
2026-08-14T18:21:55.355025+00:00,4188,EDINET,,,failure,EDINET_API_KEY未設定
2026-08-14T18:21:55.355025+00:00,4592,EDINET,,,failure,EDINET_API_KEY未設定
2026-08-14T18:21:55.355025+00:00,7456,EDINET,,,failure,EDINET_API_KEY未設定
2026-08-14T18:21:55.355025+00:00,6327,EDINET,,,failure,EDINET_API_KEY未設定
2026-08-14T18:21:55.355025+00:00,6522,EDINET,,,failure,EDINET_API_KEY未設定
2026-08-14T18:21:55.355025+00:00,6521,EDINET,,,failure,EDINET_API_KEY未設定
2026-08-14T18:21:55.355025+00:00,8252,EDINET,,,failure,EDINET_API_KEY未設定
2026-08-14T18:21:55.355025+00:00,6572,EDINET,,,failure,EDINET_API_KEY未設定
2026-08-14T18:21:55.355025+00:00,3002,EDINET,,,failure,EDINET_API_KEY未設定
2026-08-14T18:21:55.355025+00:00,3276,EDINET,,,failure,EDINET_API_KEY未設定
2026-08-14T18:21:55.355025+00:00,3168,EDINET,,,failure,EDINET_API_KEY未設定
2026-08-14T18:21:55.355025+00:00,7911,EDINET,,,failure,EDINET_API_KEY未設定
2026-08-14T18:21:55.355025+00:00,4914,EDINET,,,failure,EDINET_API_KEY未設定
2026-08-14T18:21:55.355025+00:00,6769,EDINET,,,failure,EDINET_API_KEY未設定
2026-08-14T18:21:55.355025+00:00,4973,EDINET,,,failure,EDINET_API_KEY未設定
2026-08-14T18:21:55.355025+00:00,6645,EDINET,,,failure,EDINET_API_KEY未設定
2026-08-14T18:21:55.355025+00:00,6616,EDINET,,,failure,EDINET_API_KEY未設定
2026-08-14T18:21:55.355025+00:00,6862,EDINET,,,failure,EDINET_API_KEY未設定
2026-08-14T18:21:55.355025+00:00,7826,EDINET,,,failure,EDINET_API_KEY未設定
2026-08-14T18:21:55.355025+00:00,7906,EDINET,,,failure,EDINET_API_KEY未設定
2026-08-14T18:21:55.355025+00:00,4107,EDINET,,,failure,EDINET_API_KEY未設定
2026-08-14T18:21:55.355025+00:00,4165,EDINET,,,failure,EDINET_API_KEY未設定
2026-08-14T18:21:55.355025+00:00,4062,EDINET,,,failure,EDINET_API_KEY未設定
2026-08-14T18:21:55.355025+00:00,7762,EDINET,,,failure,EDINET_API_KEY未設定
2026-08-14T18:21:55.355025+00:00,2175,EDINET,,,failure,EDINET_API_KEY未設定
2026-08-14T18:21:55.355025+00:00,2229,EDINET,,,failure,EDINET_API_KEY未設定
2026-08-14T18:21:55.355025+00:00,3086,EDINET,,,failure,EDINET_API_KEY未設定
2026-08-14T18:21:55.355025+00:00,2801,EDINET,,,failure,EDINET_API_KEY未設定
2026-08-14T18:21:55.355025+00:00,6027,EDINET,,,failure,EDINET_API_KEY未設定
2026-08-14T18:21:55.355025+00:00,6217,EDINET,,,failure,EDINET_API_KEY未設定
2026-08-14T18:21:55.355025+00:00,2975,EDINET,,,failure,EDINET_API_KEY未設定
2026-08-14T18:21:55.355025+00:00,5381,EDINET,,,failure,EDINET_API_KEY未設定
2026-08-14T18:21:55.355025+00:00,6506,EDINET,,,failure,EDINET_API_KEY未設定
2026-08-14T18:21:55.355025+00:00,6525,EDINET,,,failure,EDINET_API_KEY未設定
2026-08-14T18:21:55.355025+00:00,8117,EDINET,,,failure,EDINET_API_KEY未設定
2026-08-14T18:21:55.355025+00:00,4023,EDINET,,,failure,EDINET_API_KEY未設定
2026-08-14T18:21:55.355025+00:00,7199,EDINET,,,failure,EDINET_API_KEY未設定
2026-08-14T18:21:55.355025+00:00,7458,EDINET,,,failure,EDINET_API_KEY未設定
2026-08-14T18:21:55.355025+00:00,4204,EDINET,,,failure,EDINET_API_KEY未設定
2026-08-14T18:21:55.355025+00:00,4373,EDINET,,,failure,EDINET_API_KEY未設定
2026-08-14T18:21:55.355025+00:00,4385,EDINET,,,failure,EDINET_API_KEY未設定
2026-08-14T18:21:55.355025+00:00,4413,EDINET,,,failure,EDINET_API_KEY未設定
2026-08-14T18:21:55.355025+00:00,7545,EDINET,,,failure,EDINET_API_KEY未設定
2026-08-14T18:21:55.355025+00:00,3660,EDINET,,,failure,EDINET_API_KEY未設定
2026-08-14T18:21:55.355025+00:00,3608,EDINET,,,failure,EDINET_API_KEY未設定
2026-08-14T18:21:55.355025+00:00,9997,EDINET,,,failure,EDINET_API_KEY未設定
2026-08-14T18:21:55.355025+00:00,9983,EDINET,,,failure,EDINET_API_KEY未設定
2026-08-14T18:21:55.355025+00:00,9900,EDINET,,,failure,EDINET_API_KEY未設定
2026-08-14T18:21:55.355025+00:00,8876,EDINET,,,failure,EDINET_API_KEY未設定
2026-08-14T18:21:55.355025+00:00,9201,EDINET,,,failure,EDINET_API_KEY未設定
2026-08-14T18:21:55.355025+00:00,9418,EDINET,,,failure,EDINET_API_KEY未設定
2026-08-14T18:21:55.355025+00:00,2327,EDINET,,,failure,EDINET_API_KEY未設定
2026-08-14T18:21:55.355025+00:00,9716,EDINET,,,failure,EDINET_API_KEY未設定
2026-08-14T18:21:55.355025+00:00,7453,EDINET,,,failure,EDINET_API_KEY未設定
2026-08-14T18:21:55.355025+00:00,3661,EDINET,,,failure,EDINET_API_KEY未設定
2026-08-14T18:21:55.355025+00:00,2501,EDINET,,,failure,EDINET_API_KEY未設定
2026-08-14T18:21:55.355025+00:00,2492,EDINET,,,failure,EDINET_API_KEY未設定
2026-08-14T18:21:55.355025+00:00,4544,EDINET,,,failure,EDINET_API_KEY未設定
2026-08-14T18:21:55.355025+00:00,2585,EDINET,,,failure,EDINET_API_KEY未設定
2026-08-14T18:21:55.355025+00:00,4676,EDINET,,,failure,EDINET_API_KEY未設定
2026-08-14T18:21:55.355025+00:00,7564,EDINET,,,failure,EDINET_API_KEY未設定
2026-08-14T18:21:55.355025+00:00,4324,EDINET,,,failure,EDINET_API_KEY未設定
2026-08-14T18:21:55.355025+00:00,4816,EDINET,,,failure,EDINET_API_KEY未設定
2026-08-14T18:21:55.355025+00:00,3391,EDINET,,,failure,EDINET_API_KEY未設定
2026-08-14T18:21:55.355025+00:00,7988,EDINET,,,failure,EDINET_API_KEY未設定
2026-08-14T18:21:55.355025+00:00,4812,EDINET,,,failure,EDINET_API_KEY未設定
2026-08-14T18:21:55.355025+00:00,7867,EDINET,,,failure,EDINET_API_KEY未設定
2026-08-14T18:21:55.355025+00:00,3498,EDINET,,,failure,EDINET_API_KEY未設定
2026-08-14T18:21:55.355025+00:00,2181,EDINET,,,failure,EDINET_API_KEY未設定
2026-08-14T18:21:55.355025+00:00,4776,EDINET,,,failure,EDINET_API_KEY未設定
2026-08-14T18:21:55.355025+00:00,6902,EDINET,,,failure,EDINET_API_KEY未設定
2026-08-14T18:21:55.355025+00:00,4704,EDINET,,,failure,EDINET_API_KEY未設定
2026-08-14T18:21:55.355025+00:00,4088,EDINET,,,failure,EDINET_API_KEY未設定
2026-08-14T18:21:55.355025+00:00,4180,EDINET,,,failure,EDINET_API_KEY未設定
2026-08-14T18:21:55.355025+00:00,2670,EDINET,,,failure,EDINET_API_KEY未設定
2026-08-14T18:21:55.355025+00:00,5027,EDINET,,,failure,EDINET_API_KEY未設定
2026-08-14T18:21:55.355025+00:00,5032,EDINET,,,failure,EDINET_API_KEY未設定
2026-08-14T18:21:55.355025+00:00,5101,EDINET,,,failure,EDINET_API_KEY未設定
2026-08-14T18:21:55.355025+00:00,5253,EDINET,,,failure,EDINET_API_KEY未設定
2026-08-14T18:21:55.355025+00:00,2749,EDINET,,,failure,EDINET_API_KEY未設定
2026-08-14T18:21:55.355025+00:00,6196,EDINET,,,failure,EDINET_API_KEY未設定
2026-08-14T18:21:55.355025+00:00,8425,EDINET,,,failure,EDINET_API_KEY未設定
2026-08-14T18:21:55.355025+00:00,6178,EDINET,,,failure,EDINET_API_KEY未設定
2026-08-14T18:21:55.355025+00:00,8706,EDINET,,,failure,EDINET_API_KEY未設定
2026-08-14T18:21:55.355025+00:00,3923,EDINET,,,failure,EDINET_API_KEY未設定
2026-08-14T18:21:55.355025+00:00,3865,EDINET,,,failure,EDINET_API_KEY未設定
2026-08-14T18:21:55.355025+00:00,9023,EDINET,,,failure,EDINET_API_KEY未設定
2026-08-14T18:21:55.355025+00:00,9069,EDINET,,,failure,EDINET_API_KEY未設定
2026-08-14T18:21:55.355025+00:00,9024,EDINET,,,failure,EDINET_API_KEY未設定
2026-08-14T18:21:55.355025+00:00,1909,EDINET,,,failure,EDINET_API_KEY未設定
2026-08-14T18:21:55.355025+00:00,1887,EDINET,,,failure,EDINET_API_KEY未設定
2026-08-14T18:21:55.368080+00:00,4751,未取得,,,failure,公式取得元または参照先なし
2026-08-14T18:21:55.368080+00:00,1860,未取得,,,failure,公式取得元または参照先なし
2026-08-14T18:21:55.368080+00:00,1968,未取得,,,failure,公式取得元または参照先なし
2026-08-14T18:21:55.368080+00:00,4755,未取得,,,failure,公式取得元または参照先なし
2026-08-14T18:21:55.368080+00:00,3299,未取得,,,failure,公式取得元または参照先なし
2026-08-14T18:21:55.368080+00:00,6969,未取得,,,failure,公式取得元または参照先なし
2026-08-14T18:21:55.368080+00:00,4975,未取得,,,failure,公式取得元または参照先なし
2026-08-14T18:21:55.368080+00:00,4889,未取得,,,failure,公式取得元または参照先なし
2026-08-14T18:21:55.368080+00:00,4971,未取得,,,failure,公式取得元または参照先なし
2026-08-14T18:21:55.368080+00:00,8848,未取得,,,failure,公式取得元または参照先なし
2026-08-14T18:21:55.368080+00:00,1952,未取得,,,failure,公式取得元または参照先なし
2026-08-14T18:21:55.368080+00:00,6544,未取得,,,failure,公式取得元または参照先なし
2026-08-14T18:21:55.368080+00:00,1944,未取得,,,failure,公式取得元または参照先なし
2026-08-14T18:21:55.368080+00:00,1969,未取得,,,failure,公式取得元または参照先なし
2026-08-14T18:21:55.368080+00:00,8508,未取得,,,failure,公式取得元または参照先なし
2026-08-14T18:21:55.368080+00:00,4901,未取得,,,failure,公式取得元または参照先なし
2026-08-14T18:21:55.368080+00:00,4275,未取得,,,failure,公式取得元または参照先なし
2026-08-14T18:21:55.368080+00:00,4047,未取得,,,failure,公式取得元または参照先なし
2026-08-14T18:21:55.368080+00:00,3479,未取得,,,failure,公式取得元または参照先なし
2026-08-14T18:21:55.368080+00:00,7715,未取得,,,failure,公式取得元または参照先なし
2026-08-14T18:21:55.368080+00:00,6787,未取得,,,failure,公式取得元または参照先なし
2026-08-14T18:21:55.368080+00:00,6656,未取得,,,failure,公式取得元または参照先なし
2026-08-14T18:21:55.368080+00:00,6145,未取得,,,failure,公式取得元または参照先なし
2026-08-14T18:21:55.368080+00:00,6768,未取得,,,failure,公式取得元または参照先なし
2026-08-14T18:21:55.368080+00:00,7915,未取得,,,failure,公式取得元または参照先なし
2026-08-14T18:21:55.368080+00:00,1959,未取得,,,failure,公式取得元または参照先なし
2026-08-14T18:21:55.368080+00:00,7760,未取得,,,failure,公式取得元または参照先なし
2026-08-14T18:21:55.368080+00:00,1815,未取得,,,failure,公式取得元または参照先なし
2026-08-14T18:21:55.368080+00:00,4078,未取得,,,failure,公式取得元または参照先なし
2026-08-14T18:21:55.368080+00:00,4980,未取得,,,failure,公式取得元または参照先なし
2026-08-14T18:21:55.368080+00:00,4368,未取得,,,failure,公式取得元または参照先なし
2026-08-14T18:21:55.368080+00:00,6703,未取得,,,failure,公式取得元または参照先なし
2026-08-14T18:21:55.368080+00:00,4935,未取得,,,failure,公式取得元または参照先なし
2026-08-14T18:21:55.368080+00:00,6118,未取得,,,failure,公式取得元または参照先なし
2026-08-14T18:21:55.368080+00:00,6976,未取得,,,failure,公式取得元または参照先なし
2026-08-14T18:21:55.368080+00:00,6845,未取得,,,failure,公式取得元または参照先なし
2026-08-14T18:21:55.368080+00:00,6458,未取得,,,failure,公式取得元または参照先なし
2026-08-14T18:21:55.368080+00:00,6266,未取得,,,failure,公式取得元または参照先なし
2026-08-14T18:21:55.368080+00:00,6209,未取得,,,failure,公式取得元または参照先なし
2026-08-14T18:21:55.368080+00:00,6807,未取得,,,failure,公式取得元または参照先なし
2026-08-14T18:21:55.368080+00:00,7917,未取得,,,failure,公式取得元または参照先なし
2026-08-14T18:21:55.368080+00:00,1976,未取得,,,failure,公式取得元または参照先なし
2026-08-14T18:21:55.368080+00:00,1950,未取得,,,failure,公式取得元または参照先なし
2026-08-14T18:21:55.368080+00:00,5989,未取得,,,failure,公式取得元または参照先なし
2026-08-14T18:21:55.368080+00:00,9517,未取得,,,failure,公式取得元または参照先なし
2026-08-14T18:21:55.368080+00:00,4548,未取得,,,failure,公式取得元または参照先なし
2026-08-14T18:21:55.368080+00:00,3905,未取得,,,failure,公式取得元または参照先なし
2026-08-14T18:21:55.368080+00:00,9006,未取得,,,failure,公式取得元または参照先なし
2026-08-14T18:21:55.368080+00:00,3837,未取得,,,failure,公式取得元または参照先なし
2026-08-14T18:21:55.368080+00:00,6806,未取得,,,failure,公式取得元または参照先なし
2026-08-14T18:21:55.368080+00:00,7012,未取得,,,failure,公式取得元または参照先なし
2026-08-14T18:21:55.368080+00:00,6638,未取得,,,failure,公式取得元または参照先なし
2026-08-14T18:21:55.368080+00:00,1942,未取得,,,failure,公式取得元または参照先なし
2026-08-14T18:21:55.368080+00:00,7220,未取得,,,failure,公式取得元または参照先なし
2026-08-14T18:21:55.368080+00:00,7245,未取得,,,failure,公式取得元または参照先なし
2026-08-14T18:21:55.368080+00:00,6997,未取得,,,failure,公式取得元または参照先なし
2026-08-14T18:21:55.368080+00:00,1407,未取得,,,failure,公式取得元または参照先なし
2026-08-14T18:21:55.368080+00:00,4620,未取得,,,failure,公式取得元または参照先なし
2026-08-14T18:21:55.368080+00:00,4626,未取得,,,failure,公式取得元または参照先なし
2026-08-14T18:21:55.368080+00:00,6622,未取得,,,failure,公式取得元または参照先なし
2026-08-14T18:21:55.368080+00:00,6856,未取得,,,failure,公式取得元または参照先なし
2026-08-14T18:21:55.368080+00:00,6996,未取得,,,failure,公式取得元または参照先なし
2026-08-14T18:21:55.368080+00:00,6961,未取得,,,failure,公式取得元または参照先なし
2026-08-14T18:21:55.368080+00:00,6368,未取得,,,failure,公式取得元または参照先なし
2026-08-14T18:21:55.368080+00:00,2874,未取得,,,failure,公式取得元または参照先なし
2026-08-14T18:21:55.368080+00:00,6526,未取得,,,failure,公式取得元または参照先なし
2026-08-14T18:21:55.368080+00:00,7611,未取得,,,failure,公式取得元または参照先なし
2026-08-14T18:21:55.368080+00:00,9274,未取得,,,failure,公式取得元または参照先なし
2026-08-14T18:21:55.368080+00:00,2120,未取得,,,failure,公式取得元または参照先なし
2026-08-14T18:21:55.368080+00:00,7860,未取得,,,failure,公式取得元または参照先なし
2026-08-14T18:21:55.368080+00:00,8818,未取得,,,failure,公式取得元または参照先なし
2026-08-14T18:21:55.368080+00:00,7979,未取得,,,failure,公式取得元または参照先なし
2026-08-14T18:21:55.368080+00:00,8601,未取得,,,failure,公式取得元または参照先なし
2026-08-14T18:21:55.368080+00:00,2157,未取得,,,failure,公式取得元または参照先なし
2026-08-14T18:21:55.368080+00:00,1938,未取得,,,failure,公式取得元または参照先なし
2026-08-14T18:21:55.368080+00:00,6330,未取得,,,failure,公式取得元または参照先なし
2026-08-14T18:21:55.368080+00:00,6378,未取得,,,failure,公式取得元または参照先なし
2026-08-14T18:21:55.368080+00:00,6674,未取得,,,failure,公式取得元または参照先なし
2026-08-14T18:21:55.368080+00:00,6707,未取得,,,failure,公式取得元または参照先なし
2026-08-14T18:21:55.368080+00:00,6981,未取得,,,failure,公式取得元または参照先なし
2026-08-14T18:21:55.368080+00:00,7059,未取得,,,failure,公式取得元または参照先なし
2026-08-14T18:21:55.368080+00:00,6951,未取得,,,failure,公式取得元または参照先なし
2026-08-14T18:21:55.368080+00:00,6777,未取得,,,failure,公式取得元または参照先なし
2026-08-14T18:21:55.368080+00:00,4674,未取得,,,failure,公式取得元または参照先なし
2026-08-14T18:21:55.368080+00:00,3245,未取得,,,failure,公式取得元または参照先なし
2026-08-14T18:21:55.368080+00:00,5208,未取得,,,failure,公式取得元または参照先なし
2026-08-14T18:21:55.368080+00:00,5105,未取得,,,failure,公式取得元または参照先なし
2026-08-14T18:21:55.368080+00:00,5232,未取得,,,failure,公式取得元または参照先なし
2026-08-14T18:21:55.368080+00:00,3482,未取得,,,failure,公式取得元または参照先なし
2026-08-14T18:21:55.368080+00:00,1833,未取得,,,failure,公式取得元または参照先なし
2026-08-14T18:21:55.368080+00:00,1419,未取得,,,failure,公式取得元または参照先なし
2026-08-14T18:21:55.368080+00:00,3632,未取得,,,failure,公式取得元または参照先なし
2026-08-14T18:21:55.368080+00:00,9021,未取得,,,failure,公式取得元または参照先なし
2026-08-14T18:21:55.368080+00:00,1514,未取得,,,failure,公式取得元または参照先なし
2026-08-14T18:21:55.368080+00:00,9166,未取得,,,failure,公式取得元または参照先なし
2026-08-14T18:21:55.368080+00:00,1447,未取得,,,failure,公式取得元または参照先なし
2026-08-14T18:21:55.368080+00:00,9552,未取得,,,failure,公式取得元または参照先なし
2026-08-14T18:21:55.368080+00:00,6742,未取得,,,failure,公式取得元または参照先なし
2026-08-14T18:21:55.368080+00:00,6480,未取得,,,failure,公式取得元または参照先なし
2026-08-14T18:21:55.368080+00:00,6479,未取得,,,failure,公式取得元または参照先なし
2026-08-14T18:21:55.368080+00:00,6418,未取得,,,failure,公式取得元または参照先なし
2026-08-14T18:21:55.368080+00:00,5246,未取得,,,failure,公式取得元または参照先なし
2026-08-14T18:21:55.368080+00:00,4996,未取得,,,failure,公式取得元または参照先なし
2026-08-14T18:21:55.368080+00:00,9227,未取得,,,failure,公式取得元または参照先なし
2026-08-14T18:21:55.368080+00:00,5706,未取得,,,failure,公式取得元または参照先なし
2026-08-14T18:21:55.368080+00:00,4588,未取得,,,failure,公式取得元または参照先なし
2026-08-14T18:21:55.368080+00:00,4480,未取得,,,failure,公式取得元または参照先なし
2026-08-14T18:21:55.368080+00:00,6920,未取得,,,failure,公式取得元または参照先なし
2026-08-14T18:21:55.368080+00:00,3284,未取得,,,failure,公式取得元または参照先なし
2026-08-14T18:21:55.368080+00:00,6995,未取得,,,failure,公式取得元または参照先なし
2026-08-14T18:21:55.368080+00:00,7003,未取得,,,failure,公式取得元または参照先なし
2026-08-14T18:21:55.368080+00:00,7600,未取得,,,failure,公式取得元または参照先なし
2026-08-14T18:21:55.368080+00:00,1979,未取得,,,failure,公式取得元または参照先なし
2026-08-14T18:21:55.368080+00:00,7972,未取得,,,failure,公式取得元または参照先なし
2026-08-14T18:21:55.368080+00:00,7803,未取得,,,failure,公式取得元または参照先なし
2026-08-14T18:21:55.368080+00:00,7004,未取得,,,failure,公式取得元または参照先なし
2026-08-14T18:21:55.368080+00:00,7717,未取得,,,failure,公式取得元または参照先なし
2026-08-14T18:21:55.368080+00:00,6994,未取得,,,failure,公式取得元または参照先なし
2026-08-14T18:21:55.368080+00:00,6999,未取得,,,failure,公式取得元または参照先なし
2026-08-14T18:21:55.368080+00:00,6971,未取得,,,failure,公式取得元または参照先なし
2026-08-14T18:21:55.368080+00:00,6962,未取得,,,failure,公式取得元または参照先なし
2026-08-14T18:21:55.368080+00:00,6905,未取得,,,failure,公式取得元または参照先なし
2026-08-14T18:21:55.368080+00:00,6800,未取得,,,failure,公式取得元または参照先なし
2026-08-14T18:21:55.368080+00:00,4587,未取得,,,failure,公式取得元または参照先なし
2026-08-14T18:21:55.368080+00:00,2531,未取得,,,failure,公式取得元または参照先なし
2026-08-14T18:21:55.368080+00:00,1945,未取得,,,failure,公式取得元または参照先なし
2026-08-14T18:21:55.368080+00:00,1926,未取得,,,failure,公式取得元または参照先なし
2026-08-14T18:21:55.368080+00:00,1946,未取得,,,failure,公式取得元または参照先なし
2026-08-14T18:21:55.368080+00:00,1377,未取得,,,failure,公式取得元または参照先なし
2026-08-14T18:21:55.368080+00:00,9880,未取得,,,failure,公式取得元または参照先なし
2026-08-14T18:21:55.368080+00:00,3993,未取得,,,failure,公式取得元または参照先なし
2026-08-14T18:21:55.368080+00:00,9008,未取得,,,failure,公式取得元または参照先なし
2026-08-14T18:21:55.368080+00:00,3687,未取得,,,failure,公式取得元または参照先なし
2026-08-14T18:21:55.368080+00:00,8616,未取得,,,failure,公式取得元または参照先なし
2026-08-14T18:21:55.368080+00:00,8697,未取得,,,failure,公式取得元または参照先なし
2026-08-14T18:21:55.368080+00:00,4028,未取得,,,failure,公式取得元または参照先なし
2026-08-14T18:21:55.368080+00:00,3395,未取得,,,failure,公式取得元または参照先なし
2026-08-14T18:21:55.368080+00:00,7995,未取得,,,failure,公式取得元または参照先なし
2026-08-14T18:21:55.368080+00:00,3436,未取得,,,failure,公式取得元または参照先なし
2026-08-14T18:21:55.368080+00:00,8167,未取得,,,failure,公式取得元または参照先なし
2026-08-14T18:21:55.368080+00:00,8253,未取得,,,failure,公式取得元または参照先なし
2026-08-14T18:21:55.368080+00:00,8366,未取得,,,failure,公式取得元または参照先なし
2026-08-14T18:21:55.368080+00:00,8368,未取得,,,failure,公式取得元または参照先なし
2026-08-14T18:21:55.368080+00:00,3778,未取得,,,failure,公式取得元または参照先なし
2026-08-14T18:21:55.368080+00:00,3864,未取得,,,failure,公式取得元または参照先なし
2026-08-14T18:21:55.368080+00:00,6440,未取得,,,failure,公式取得元または参照先なし
2026-08-14T18:21:55.368080+00:00,6433,未取得,,,failure,公式取得元または参照先なし
2026-08-14T18:21:55.368080+00:00,1961,未取得,,,failure,公式取得元または参照先なし
2026-08-14T18:21:55.368080+00:00,5202,未取得,,,failure,公式取得元または参照先なし
2026-08-14T18:21:55.368080+00:00,6383,未取得,,,failure,公式取得元または参照先なし
2026-08-14T18:21:55.368080+00:00,6387,未取得,,,failure,公式取得元または参照先なし
2026-08-14T18:21:55.368080+00:00,6331,未取得,,,failure,公式取得元または参照先なし
2026-08-14T18:21:55.368080+00:00,6356,未取得,,,failure,公式取得元または参照先なし
2026-08-14T18:21:55.368080+00:00,5802,未取得,,,failure,公式取得元または参照先なし
2026-08-14T18:21:55.368080+00:00,9449,未取得,,,failure,公式取得元または参照先なし
2026-08-14T18:21:55.368080+00:00,1786,未取得,,,failure,公式取得元または参照先なし
2026-08-14T18:21:55.368080+00:00,6337,未取得,,,failure,公式取得元または参照先なし
2026-08-14T18:21:55.368080+00:00,5930,未取得,,,failure,公式取得元または参照先なし
2026-08-14T18:21:55.368080+00:00,6146,未取得,,,failure,公式取得元または参照先なし
2026-08-14T18:21:55.368080+00:00,6264,未取得,,,failure,公式取得元または参照先なし
2026-08-14T18:21:55.368080+00:00,5367,未取得,,,failure,公式取得元または参照先なし
2026-08-14T18:21:55.368080+00:00,2288,未取得,,,failure,公式取得元または参照先なし
2026-08-14T18:21:55.368080+00:00,2471,未取得,,,failure,公式取得元または参照先なし
2026-08-14T18:21:55.368080+00:00,5121,未取得,,,failure,公式取得元または参照先なし
2026-08-14T18:21:55.368080+00:00,6369,未取得,,,failure,公式取得元または参照先なし
2026-08-14T18:21:55.368080+00:00,6779,未取得,,,failure,公式取得元または参照先なし
2026-08-14T18:21:55.368080+00:00,6794,未取得,,,failure,公式取得元または参照先なし
2026-08-14T18:21:55.368080+00:00,6762,未取得,,,failure,公式取得元または参照先なし
2026-08-14T18:21:55.368080+00:00,6859,未取得,,,failure,公式取得元または参照先なし
2026-08-14T18:21:55.368080+00:00,7719,未取得,,,failure,公式取得元または参照先なし
2026-08-14T18:21:55.368080+00:00,7779,未取得,,,failure,公式取得元または参照先なし
2026-08-14T18:21:55.368080+00:00,7966,未取得,,,failure,公式取得元または参照先なし
2026-08-14T18:21:55.368080+00:00,4182,未取得,,,failure,公式取得元または参照先なし
2026-08-14T18:21:55.368080+00:00,8628,未取得,,,failure,公式取得元または参照先なし
2026-08-14T18:21:55.368080+00:00,9793,未取得,,,failure,公式取得元または参照先なし
2026-08-14T18:21:55.368080+00:00,3399,未取得,,,failure,公式取得元または参照先なし
2026-08-14T18:21:55.368080+00:00,8103,未取得,,,failure,公式取得元または参照先なし
2026-08-14T18:21:55.368080+00:00,2607,未取得,,,failure,公式取得元または参照先なし
2026-08-14T18:21:55.368080+00:00,9551,未取得,,,failure,公式取得元または参照先なし
2026-08-14T18:21:55.368080+00:00,5889,未取得,,,failure,公式取得元または参照先なし
2026-08-14T18:21:55.368080+00:00,9304,未取得,,,failure,公式取得元または参照先なし
2026-08-14T18:21:55.368080+00:00,9743,未取得,,,failure,公式取得元または参照先なし
2026-08-14T18:21:55.368080+00:00,6055,未取得,,,failure,公式取得元または参照先なし
2026-08-14T18:21:55.368080+00:00,6071,未取得,,,failure,公式取得元または参照先なし
2026-08-14T18:21:55.368080+00:00,6425,未取得,,,failure,公式取得元または参照先なし
2026-08-14T18:21:55.368080+00:00,5288,未取得,,,failure,公式取得元または参照先なし
2026-08-14T18:21:55.368080+00:00,5243,未取得,,,failure,公式取得元または参照先なし
2026-08-14T18:21:55.368080+00:00,6507,未取得,,,failure,公式取得元または参照先なし
2026-08-14T18:21:55.368080+00:00,6376,未取得,,,failure,公式取得元または参照先なし
2026-08-14T18:21:55.368080+00:00,5201,未取得,,,failure,公式取得元または参照先なし
2026-08-14T18:21:55.368080+00:00,6834,未取得,,,failure,公式取得元または参照先なし
2026-08-14T18:21:55.368080+00:00,6666,未取得,,,failure,公式取得元または参照先なし
2026-08-14T18:21:55.368080+00:00,3201,未取得,,,failure,公式取得元または参照先なし
2026-08-14T18:21:55.368080+00:00,2334,未取得,,,failure,公式取得元または参照先なし
2026-08-14T18:21:55.368080+00:00,7777,未取得,,,failure,公式取得元または参照先なし
2026-08-14T18:21:55.368080+00:00,7198,未取得,,,failure,公式取得元または参照先なし
2026-08-14T18:21:55.368080+00:00,7014,未取得,,,failure,公式取得元または参照先なし
2026-08-14T18:21:55.368080+00:00,7746,未取得,,,failure,公式取得元または参照先なし
2026-08-14T18:21:55.368080+00:00,7794,未取得,,,failure,公式取得元または参照先なし
2026-08-14T18:21:55.368080+00:00,2158,未取得,,,failure,公式取得元または参照先なし
2026-08-14T18:21:55.368080+00:00,1975,未取得,,,failure,公式取得元または参照先なし
2026-08-14T18:21:55.368080+00:00,4392,未取得,,,failure,公式取得元または参照先なし
2026-08-14T18:21:55.368080+00:00,9508,未取得,,,failure,公式取得元または参照先なし
2026-08-14T18:21:55.368080+00:00,8739,未取得,,,failure,公式取得元または参照先なし
2026-08-14T18:21:55.368080+00:00,8338,未取得,,,failure,公式取得元または参照先なし
2026-08-14T18:21:55.368080+00:00,3445,未取得,,,failure,公式取得元または参照先なし
2026-08-14T18:21:55.368080+00:00,8012,未取得,,,failure,公式取得元または参照先なし
2026-08-14T18:21:55.368080+00:00,8399,未取得,,,failure,公式取得元または参照先なし
2026-08-14T18:21:55.368080+00:00,3853,未取得,,,failure,公式取得元または参照先なし
2026-08-14T18:21:55.368080+00:00,6324,未取得,,,failure,公式取得元または参照先なし
2026-08-14T18:21:55.368080+00:00,5831,未取得,,,failure,公式取得元または参照先なし
2026-08-14T18:21:55.368080+00:00,4997,未取得,,,failure,公式取得元または参照先なし
2026-08-14T18:21:55.368080+00:00,6361,未取得,,,failure,公式取得元または参照先なし
2026-08-14T18:21:55.368080+00:00,6481,未取得,,,failure,公式取得元または参照先なし
2026-08-14T18:21:55.368080+00:00,2986,未取得,,,failure,公式取得元または参照先なし
2026-08-14T18:21:55.368080+00:00,6472,未取得,,,failure,公式取得元または参照先なし
2026-08-14T18:21:55.368080+00:00,6309,未取得,,,failure,公式取得元または参照先なし
2026-08-14T18:21:55.368080+00:00,5985,未取得,,,failure,公式取得元または参照先なし
2026-08-14T18:21:55.368080+00:00,4575,未取得,,,failure,公式取得元または参照先なし
2026-08-14T18:21:55.368080+00:00,6923,未取得,,,failure,公式取得元または参照先なし
2026-08-14T18:21:55.368080+00:00,3810,未取得,,,failure,公式取得元または参照先なし
2026-08-14T18:21:55.368080+00:00,8267,未取得,,,failure,公式取得元または参照先なし
2026-08-14T18:21:55.368080+00:00,8316,未取得,,,failure,公式取得元または参照先なし
2026-08-14T18:21:55.368080+00:00,3465,未取得,,,failure,公式取得元または参照先なし
2026-08-14T18:21:55.368080+00:00,2220,未取得,,,failure,公式取得元または参照先なし
2026-08-14T18:21:55.368080+00:00,9042,未取得,,,failure,公式取得元または参照先なし
2026-08-14T18:21:55.368080+00:00,7685,未取得,,,failure,公式取得元または参照先なし
2026-08-14T18:21:55.368080+00:00,7181,未取得,,,failure,公式取得元または参照先なし
2026-08-14T18:21:55.368080+00:00,2489,未取得,,,failure,公式取得元または参照先なし
2026-08-14T18:21:55.368080+00:00,7537,未取得,,,failure,公式取得元または参照先なし
2026-08-14T18:21:55.368080+00:00,2168,未取得,,,failure,公式取得元または参照先なし
2026-08-14T18:21:55.368080+00:00,7721,未取得,,,failure,公式取得元または参照先なし
2026-08-14T18:21:55.368080+00:00,4099,未取得,,,failure,公式取得元または参照先なし
2026-08-14T18:21:55.368080+00:00,6958,未取得,,,failure,公式取得元または参照先なし
2026-08-14T18:21:55.368080+00:00,4506,未取得,,,failure,公式取得元または参照先なし
2026-08-14T18:21:55.368080+00:00,2395,未取得,,,failure,公式取得元または参照先なし
2026-08-14T18:21:55.368080+00:00,6890,未取得,,,failure,公式取得元または参照先なし
2026-08-14T18:21:55.368080+00:00,4169,未取得,,,failure,公式取得元または参照先なし
2026-08-14T18:21:55.368080+00:00,6858,未取得,,,failure,公式取得元または参照先なし
2026-08-14T18:21:55.368080+00:00,3103,未取得,,,failure,公式取得元または参照先なし
2026-08-14T18:21:55.368080+00:00,6855,未取得,,,failure,公式取得元または参照先なし
2026-08-14T18:21:55.368080+00:00,5384,未取得,,,failure,公式取得元または参照先なし
2026-08-14T18:21:55.368080+00:00,3176,未取得,,,failure,公式取得元または参照先なし
2026-08-14T18:21:55.368080+00:00,6594,未取得,,,failure,公式取得元または参照先なし
2026-08-14T18:21:55.368080+00:00,4593,未取得,,,failure,公式取得元または参照先なし
2026-08-14T18:21:55.368080+00:00,3101,未取得,,,failure,公式取得元または参照先なし
2026-08-14T18:21:55.368080+00:00,6619,未取得,,,failure,公式取得元または参照先なし
2026-08-14T18:21:55.368080+00:00,8194,未取得,,,failure,公式取得元または参照先なし
2026-08-14T18:21:55.368080+00:00,8060,未取得,,,failure,公式取得元または参照先なし
2026-08-14T18:21:55.368080+00:00,9031,未取得,,,failure,公式取得元または参照先なし
2026-08-14T18:21:55.368080+00:00,9009,未取得,,,failure,公式取得元または参照先なし
2026-08-14T18:21:55.368080+00:00,9470,未取得,,,failure,公式取得元または参照先なし
2026-08-14T18:21:55.368080+00:00,8129,未取得,,,failure,公式取得元または参照先なし
2026-08-14T18:21:55.368080+00:00,8572,未取得,,,failure,公式取得元または参照先なし
2026-08-14T18:21:55.368080+00:00,3915,未取得,,,failure,公式取得元または参照先なし
2026-08-14T18:21:55.368080+00:00,9861,未取得,,,failure,公式取得元または参照先なし
2026-08-14T18:21:55.368080+00:00,3946,未取得,,,failure,公式取得元または参照先なし
2026-08-14T18:21:55.368080+00:00,2201,未取得,,,failure,公式取得元または参照先なし
2026-08-14T18:21:55.368080+00:00,6814,未取得,,,failure,公式取得元または参照先なし
2026-08-14T18:21:55.368080+00:00,4732,未取得,,,failure,公式取得元または参照先なし
2026-08-14T18:21:55.368080+00:00,4478,未取得,,,failure,公式取得元または参照先なし
2026-08-14T18:21:55.368080+00:00,4403,未取得,,,failure,公式取得元または参照先なし
2026-08-14T18:21:55.368080+00:00,7226,未取得,,,failure,公式取得元または参照先なし
2026-08-14T18:21:55.368080+00:00,4272,未取得,,,failure,公式取得元または参照先なし
2026-08-14T18:21:55.368080+00:00,7242,未取得,,,failure,公式取得元または参照先なし
2026-08-14T18:21:55.368080+00:00,7071,未取得,,,failure,公式取得元または参照先なし
2026-08-14T18:21:55.368080+00:00,3034,未取得,,,failure,公式取得元または参照先なし
2026-08-14T18:21:55.368080+00:00,5240,未取得,,,failure,公式取得元または参照先なし
2026-08-14T18:21:55.368080+00:00,6592,未取得,,,failure,公式取得元または参照先なし
2026-08-14T18:21:55.368080+00:00,5714,未取得,,,failure,公式取得元または参照先なし
2026-08-14T18:21:55.368080+00:00,5393,未取得,,,failure,公式取得元または参照先なし
2026-08-14T18:21:55.368080+00:00,1801,未取得,,,failure,公式取得元または参照先なし
2026-08-14T18:21:55.368080+00:00,9511,未取得,,,failure,公式取得元または参照先なし
2026-08-14T18:21:55.368080+00:00,9506,未取得,,,failure,公式取得元または参照先なし
2026-08-14T18:21:55.368080+00:00,9072,未取得,,,failure,公式取得元または参照先なし
2026-08-14T18:21:55.368080+00:00,1719,未取得,,,failure,公式取得元または参照先なし
2026-08-14T18:21:55.368080+00:00,1721,未取得,,,failure,公式取得元または参照先なし
2026-08-14T18:21:55.368080+00:00,8934,未取得,,,failure,公式取得元または参照先なし
2026-08-14T18:21:55.368080+00:00,1822,未取得,,,failure,公式取得元または参照先なし
2026-08-14T18:21:55.368080+00:00,1852,未取得,,,failure,公式取得元または参照先なし
2026-08-14T18:21:55.368080+00:00,8789,未取得,,,failure,公式取得元または参照先なし
2026-08-14T18:21:55.368080+00:00,8714,未取得,,,failure,公式取得元または参照先なし
2026-08-14T18:21:55.368080+00:00,8707,未取得,,,failure,公式取得元または参照先なし
2026-08-14T18:21:55.368080+00:00,8624,未取得,,,failure,公式取得元または参照先なし
2026-08-14T18:21:55.368080+00:00,8614,未取得,,,failure,公式取得元または参照先なし
2026-08-14T18:21:55.368080+00:00,3989,未取得,,,failure,公式取得元または参照先なし
2026-08-14T18:21:55.368080+00:00,3964,未取得,,,failure,公式取得元または参照先なし
2026-08-14T18:21:55.368080+00:00,3962,未取得,,,failure,公式取得元または参照先なし
2026-08-14T18:21:55.368080+00:00,6135,未取得,,,failure,公式取得元または参照先なし
2026-08-14T18:21:55.368080+00:00,6047,未取得,,,failure,公式取得元または参照先なし
2026-08-14T18:21:55.368080+00:00,5991,未取得,,,failure,公式取得元または参照先なし
2026-08-14T18:21:55.368080+00:00,5844,未取得,,,failure,公式取得元または参照先なし
2026-08-14T18:21:55.368080+00:00,5838,未取得,,,failure,公式取得元または参照先なし
2026-08-14T18:21:55.368080+00:00,5832,未取得,,,failure,公式取得元または参照先なし
2026-08-14T18:21:55.368080+00:00,8604,未取得,,,failure,公式取得元または参照先なし
2026-08-14T18:21:55.368080+00:00,8600,未取得,,,failure,公式取得元または参照先なし
2026-08-14T18:21:55.368080+00:00,8570,未取得,,,failure,公式取得元または参照先なし
2026-08-14T18:21:55.368080+00:00,8558,未取得,,,failure,公式取得元または参照先なし
2026-08-14T18:21:55.368080+00:00,8550,未取得,,,failure,公式取得元または参照先なし
2026-08-14T18:21:55.368080+00:00,8541,未取得,,,failure,公式取得元または参照先なし
2026-08-14T18:21:55.368080+00:00,8524,未取得,,,failure,公式取得元または参照先なし
2026-08-14T18:21:55.368080+00:00,8522,未取得,,,failure,公式取得元または参照先なし
2026-08-14T18:21:55.368080+00:00,8511,未取得,,,failure,公式取得元または参照先なし
2026-08-14T18:21:55.368080+00:00,8418,未取得,,,failure,公式取得元または参照先なし
2026-08-14T18:21:55.368080+00:00,6323,未取得,,,failure,公式取得元または参照先なし
2026-08-14T18:21:55.368080+00:00,5715,未取得,,,failure,公式取得元または参照先なし
2026-08-14T18:21:55.368080+00:00,5713,未取得,,,failure,公式取得元または参照先なし
2026-08-14T18:21:55.368080+00:00,5631,未取得,,,failure,公式取得元または参照先なし
2026-08-14T18:21:55.368080+00:00,5471,未取得,,,failure,公式取得元または参照先なし
2026-08-14T18:21:55.368080+00:00,5344,未取得,,,failure,公式取得元または参照先なし
2026-08-14T18:21:55.368080+00:00,5331,未取得,,,failure,公式取得元または参照先なし
2026-08-14T18:21:55.368080+00:00,6287,未取得,,,failure,公式取得元または参照先なし
2026-08-14T18:21:55.368080+00:00,6250,未取得,,,failure,公式取得元または参照先なし
2026-08-14T18:21:55.368080+00:00,6235,未取得,,,failure,公式取得元または参照先なし
2026-08-14T18:21:55.368080+00:00,6504,未取得,,,failure,公式取得元または参照先なし
2026-08-14T18:21:55.368080+00:00,6464,未取得,,,failure,公式取得元または参照先なし
2026-08-14T18:21:55.368080+00:00,5262,未取得,,,failure,公式取得元または参照先なし
2026-08-14T18:21:55.368080+00:00,5074,未取得,,,failure,公式取得元または参照先なし
2026-08-14T18:21:55.368080+00:00,6407,未取得,,,failure,公式取得元または参照先なし
2026-08-14T18:21:55.368080+00:00,6371,未取得,,,failure,公式取得元または参照先なし
2026-08-14T18:21:55.368080+00:00,8411,未取得,,,failure,公式取得元または参照先なし
2026-08-14T18:21:55.368080+00:00,8393,未取得,,,failure,公式取得元または参照先なし
2026-08-14T18:21:55.368080+00:00,8392,未取得,,,failure,公式取得元または参照先なし
2026-08-14T18:21:55.368080+00:00,8388,未取得,,,failure,公式取得元または参照先なし
2026-08-14T18:21:55.368080+00:00,8386,未取得,,,failure,公式取得元または参照先なし
2026-08-14T18:21:55.368080+00:00,8381,未取得,,,failure,公式取得元または参照先なし
2026-08-14T18:21:55.368080+00:00,8377,未取得,,,failure,公式取得元または参照先なし
2026-08-14T18:21:55.368080+00:00,8370,未取得,,,failure,公式取得元または参照先なし
2026-08-14T18:21:55.368080+00:00,8361,未取得,,,failure,公式取得元または参照先なし
2026-08-14T18:21:55.368080+00:00,8360,未取得,,,failure,公式取得元または参照先なし
2026-08-14T18:21:55.368080+00:00,8359,未取得,,,failure,公式取得元または参照先なし
2026-08-14T18:21:55.368080+00:00,8358,未取得,,,failure,公式取得元または参照先なし
2026-08-14T18:21:55.368080+00:00,8354,未取得,,,failure,公式取得元または参照先なし
2026-08-14T18:21:55.368080+00:00,8346,未取得,,,failure,公式取得元または参照先なし
2026-08-14T18:21:55.368080+00:00,8345,未取得,,,failure,公式取得元または参照先なし
2026-08-14T18:21:55.368080+00:00,2802,未取得,,,failure,公式取得元または参照先なし
2026-08-14T18:21:55.368080+00:00,2734,未取得,,,failure,公式取得元または参照先なし
2026-08-14T18:21:55.368080+00:00,2685,未取得,,,failure,公式取得元または参照先なし
2026-08-14T18:21:55.368080+00:00,6508,未取得,,,failure,公式取得元または参照先なし
2026-08-14T18:21:55.368080+00:00,8344,未取得,,,failure,公式取得元または参照先なし
2026-08-14T18:21:55.368080+00:00,8343,未取得,,,failure,公式取得元または参照先なし
2026-08-14T18:21:55.368080+00:00,8341,未取得,,,failure,公式取得元または参照先なし
2026-08-14T18:21:55.368080+00:00,8337,未取得,,,failure,公式取得元または参照先なし
2026-08-14T18:21:55.368080+00:00,8336,未取得,,,failure,公式取得元または参照先なし
2026-08-14T18:21:55.368080+00:00,8334,未取得,,,failure,公式取得元または参照先なし
2026-08-14T18:21:55.368080+00:00,8331,未取得,,,failure,公式取得元または参照先なし
2026-08-14T18:21:55.368080+00:00,8309,未取得,,,failure,公式取得元または参照先なし
2026-08-14T18:21:55.368080+00:00,8308,未取得,,,failure,公式取得元または参照先なし
2026-08-14T18:21:55.368080+00:00,8306,未取得,,,failure,公式取得元または参照先なし
2026-08-14T18:21:55.368080+00:00,8304,未取得,,,failure,公式取得元または参照先なし
2026-08-14T18:21:55.368080+00:00,8233,未取得,,,failure,公式取得元または参照先なし
2026-08-14T18:21:55.368080+00:00,8185,未取得,,,failure,公式取得元または参照先なし
2026-08-14T18:21:55.368080+00:00,3186,未取得,,,failure,公式取得元または参照先なし
2026-08-14T18:21:55.368080+00:00,3167,未取得,,,failure,公式取得元または参照先なし
2026-08-14T18:21:55.368080+00:00,6752,未取得,,,failure,公式取得元または参照先なし
2026-08-14T18:21:55.368080+00:00,6627,未取得,,,failure,公式取得元または参照先なし
2026-08-14T18:21:55.368080+00:00,2962,未取得,,,failure,公式取得元または参照先なし
2026-08-14T18:21:55.368080+00:00,8008,未取得,,,failure,公式取得元または参照先なし
2026-08-14T18:21:55.368080+00:00,8005,未取得,,,failure,公式取得元または参照先なし
2026-08-14T18:21:55.368080+00:00,3444,未取得,,,failure,公式取得元または参照先なし
2026-08-14T18:21:55.368080+00:00,3443,未取得,,,failure,公式取得元または参照先なし
2026-08-14T18:21:55.368080+00:00,3401,未取得,,,failure,公式取得元または参照先なし
2026-08-14T18:21:55.368080+00:00,3350,未取得,,,failure,公式取得元または参照先なし
2026-08-14T18:21:55.368080+00:00,4042,未取得,,,failure,公式取得元または参照先なし
2026-08-14T18:21:55.368080+00:00,4008,未取得,,,failure,公式取得元または参照先なし
2026-08-14T18:21:55.368080+00:00,3994,未取得,,,failure,公式取得元または参照先なし
2026-08-14T18:21:55.368080+00:00,6875,未取得,,,failure,公式取得元または参照先なし
2026-08-14T18:21:55.368080+00:00,6871,未取得,,,failure,公式取得元または参照先なし
2026-08-14T18:21:55.368080+00:00,6754,未取得,,,failure,公式取得元または参照先なし
2026-08-14T18:21:55.368080+00:00,7912,未取得,,,failure,公式取得元または参照先なし
2026-08-14T18:21:55.368080+00:00,2222,未取得,,,failure,公式取得元または参照先なし
2026-08-14T18:21:55.368080+00:00,4109,未取得,,,failure,公式取得元または参照先なし
2026-08-14T18:21:55.368080+00:00,1982,未取得,,,failure,公式取得元または参照先なし
2026-08-14T18:21:55.368080+00:00,7752,未取得,,,failure,公式取得元または参照先なし
2026-08-14T18:21:55.368080+00:00,7751,未取得,,,failure,公式取得元または参照先なし
2026-08-14T18:21:55.368080+00:00,7744,未取得,,,failure,公式取得元または参照先なし
2026-08-14T18:21:55.368080+00:00,7730,未取得,,,failure,公式取得元または参照先なし
2026-08-14T18:21:55.368080+00:00,6882,未取得,,,failure,公式取得元または参照先なし
2026-08-14T18:21:55.368080+00:00,3040,未取得,,,failure,公式取得元または参照先なし
2026-08-14T18:21:55.368080+00:00,4689,未取得,,,failure,公式取得元または参照先なし
2026-08-14T18:21:55.368080+00:00,4668,未取得,,,failure,公式取得元または参照先なし
2026-08-14T18:21:55.368080+00:00,4634,未取得,,,failure,公式取得元または参照先なし
2026-08-14T18:21:55.368080+00:00,4396,未取得,,,failure,公式取得元または参照先なし
2026-08-14T18:21:55.368080+00:00,4228,未取得,,,failure,公式取得元または参照先なし
2026-08-14T18:21:55.368080+00:00,4194,未取得,,,failure,公式取得元または参照先なし
2026-08-14T18:21:55.368080+00:00,7381,未取得,,,failure,公式取得元または参照先なし
2026-08-14T18:21:55.368080+00:00,7380,未取得,,,failure,公式取得元または参照先なし
2026-08-14T18:21:55.368080+00:00,7337,未取得,,,failure,公式取得元または参照先なし
2026-08-14T18:21:55.368080+00:00,7327,未取得,,,failure,公式取得元または参照先なし
2026-08-14T18:21:55.368080+00:00,7280,未取得,,,failure,公式取得元または参照先なし
2026-08-14T18:21:55.368080+00:00,7189,未取得,,,failure,公式取得元または参照先なし
2026-08-14T18:21:55.368080+00:00,7186,未取得,,,failure,公式取得元または参照先なし
2026-08-14T18:21:55.368080+00:00,7184,未取得,,,failure,公式取得元または参照先なし
2026-08-14T18:21:55.368080+00:00,7167,未取得,,,failure,公式取得元または参照先なし
2026-08-14T18:21:55.368080+00:00,7164,未取得,,,failure,公式取得元または参照先なし
2026-08-14T18:21:55.368080+00:00,7011,未取得,,,failure,公式取得元または参照先なし
2026-08-14T18:21:55.368080+00:00,6952,未取得,,,failure,公式取得元または参照先なし
2026-08-14T18:21:55.368080+00:00,4565,未取得,,,failure,公式取得元または参照先なし
2026-08-14T18:21:55.368080+00:00,4552,未取得,,,failure,公式取得元または参照先なし
2026-08-14T18:21:55.368080+00:00,4543,未取得,,,failure,公式取得元または参照先なし
2026-08-14T18:21:55.368080+00:00,4475,未取得,,,failure,公式取得元または参照先なし
2026-08-14T18:21:55.368080+00:00,4425,未取得,,,failure,公式取得元または参照先なし
2026-08-14T18:21:55.368080+00:00,4418,未取得,,,failure,公式取得元または参照先なし
2026-08-14T18:21:55.368080+00:00,2269,未取得,,,failure,公式取得元または参照先なし
2026-08-14T18:21:55.368080+00:00,8897,未取得,,,failure,公式取得元または参照先なし
2026-08-14T18:21:55.368080+00:00,3668,未取得,,,failure,公式取得元または参照先なし
2026-08-14T18:21:55.368080+00:00,9984,未取得,,,failure,公式取得元または参照先なし
2026-08-14T18:21:55.368080+00:00,8892,未取得,,,failure,公式取得元または参照先なし
2026-08-14T18:21:55.368080+00:00,5830,未取得,,,failure,公式取得元または参照先なし
2026-08-14T18:21:55.368080+00:00,5805,未取得,,,failure,公式取得元または参照先なし
2026-08-14T18:21:55.368080+00:00,9107,未取得,,,failure,公式取得元または参照先なし
2026-08-14T18:21:55.368080+00:00,1963,未取得,,,failure,公式取得元または参照先なし
2026-08-14T18:21:55.368080+00:00,9722,未取得,,,failure,公式取得元または参照先なし
2026-08-14T18:21:55.368080+00:00,1951,未取得,,,failure,公式取得元または参照先なし
2026-08-14T18:21:55.368080+00:00,5817,未取得,,,failure,公式取得元または参照先なし
2026-08-14T18:21:55.368080+00:00,9348,未取得,,,failure,公式取得元または参照先なし
2026-08-14T18:21:55.368080+00:00,4222,未取得,,,failure,公式取得元または参照先なし
2026-08-14T18:21:55.368080+00:00,7701,未取得,,,failure,公式取得元または参照先なし
2026-08-14T18:21:55.368080+00:00,6966,未取得,,,failure,公式取得元または参照先なし
2026-08-14T18:21:55.368080+00:00,3676,未取得,,,failure,公式取得元または参照先なし
2026-08-14T18:21:55.368080+00:00,2590,未取得,,,failure,公式取得元または参照先なし
2026-08-14T18:21:55.368080+00:00,7241,未取得,,,failure,公式取得元または参照先なし
2026-08-14T18:21:55.368080+00:00,7224,未取得,,,failure,公式取得元または参照先なし
2026-08-14T18:21:55.368080+00:00,7202,未取得,,,failure,公式取得元または参照先なし
2026-08-14T18:21:55.368080+00:00,7476,未取得,,,failure,公式取得元または参照先なし
2026-08-14T18:21:55.368080+00:00,7609,未取得,,,failure,公式取得元または参照先なし
2026-08-14T18:21:55.368080+00:00,7616,未取得,,,failure,公式取得元または参照先なし
2026-08-14T18:21:55.368080+00:00,6232,未取得,,,failure,公式取得元または参照先なし
2026-08-14T18:21:55.368080+00:00,6166,未取得,,,failure,公式取得元または参照先なし
2026-08-14T18:21:55.368080+00:00,6203,未取得,,,failure,公式取得元または参照先なし
2026-08-14T18:21:55.368080+00:00,8584,未取得,,,failure,公式取得元または参照先なし
2026-08-14T18:21:55.368080+00:00,8439,未取得,,,failure,公式取得元または参照先なし
2026-08-14T18:21:55.368080+00:00,3891,未取得,,,failure,公式取得元または参照先なし
2026-08-14T18:21:55.368080+00:00,1814,未取得,,,failure,公式取得元または参照先なし
2026-08-14T18:21:55.368080+00:00,1333,未取得,,,failure,公式取得元または参照先なし
2026-08-14T18:21:55.368080+00:00,6532,未取得,,,failure,公式取得元または参照先なし
2026-08-14T18:21:55.368080+00:00,7984,未取得,,,failure,公式取得元または参照先なし
2026-08-14T18:21:55.368080+00:00,6613,未取得,,,failure,公式取得元または参照先なし
2026-08-14T18:21:55.368080+00:00,4617,未取得,,,failure,公式取得元または参照先なし
2026-08-14T18:21:55.368080+00:00,6838,未取得,,,failure,公式取得元または参照先なし
2026-08-14T18:21:55.368080+00:00,4828,未取得,,,failure,公式取得元または参照先なし
2026-08-14T18:21:55.368080+00:00,4819,未取得,,,failure,公式取得元または参照先なし
2026-08-14T18:21:55.368080+00:00,4118,未取得,,,failure,公式取得元または参照先なし
2026-08-14T18:21:55.368080+00:00,4091,未取得,,,failure,公式取得元または参照先なし
2026-08-14T18:21:55.368080+00:00,3569,未取得,,,failure,公式取得元または参照先なし
2026-08-14T18:21:55.368080+00:00,2127,未取得,,,failure,公式取得元または参照先なし
2026-08-14T18:21:55.368080+00:00,7735,未取得,,,failure,公式取得元または参照先なし
2026-08-14T18:21:55.368080+00:00,3099,未取得,,,failure,公式取得元または参照先なし
2026-08-14T18:21:55.368080+00:00,5445,未取得,,,failure,公式取得元または参照先なし
2026-08-14T18:21:55.368080+00:00,8043,未取得,,,failure,公式取得元または参照先なし
2026-08-14T18:21:55.368080+00:00,6524,未取得,,,failure,公式取得元または参照先なし
2026-08-14T18:21:55.368080+00:00,6516,未取得,,,failure,公式取得元または参照先なし
2026-08-14T18:21:55.368080+00:00,2784,未取得,,,failure,公式取得元または参照先なし
2026-08-14T18:21:55.368080+00:00,2809,未取得,,,failure,公式取得元または参照先なし
2026-08-14T18:21:55.368080+00:00,6298,未取得,,,failure,公式取得元または参照先なし
2026-08-14T18:21:55.368080+00:00,5016,未取得,,,failure,公式取得元または参照先なし
2026-08-14T18:21:55.368080+00:00,8708,未取得,,,failure,公式取得元または参照先なし
2026-08-14T18:21:55.368080+00:00,8771,未取得,,,failure,公式取得元または参照先なし
2026-08-14T18:21:55.368080+00:00,2206,未取得,,,failure,公式取得元または参照先なし
2026-08-14T18:21:55.368080+00:00,9101,未取得,,,failure,公式取得元または参照先なし
2026-08-14T18:21:55.368080+00:00,3769,未取得,,,failure,公式取得元または参照先なし
2026-08-14T18:21:55.368080+00:00,9934,未取得,,,failure,公式取得元または参照先なし
2026-08-14T18:21:55.368080+00:00,9119,未取得,,,failure,公式取得元または参照先なし
2026-08-14T18:21:55.368080+00:00,9104,未取得,,,failure,公式取得元または参照先なし
2026-08-14T18:21:55.368080+00:00,2384,未取得,,,failure,公式取得元または参照先なし
2026-08-14T18:21:55.368080+00:00,8841,未取得,,,failure,公式取得元または参照先なし
2026-08-14T18:21:55.368080+00:00,2371,未取得,,,failure,公式取得元または参照先なし
2026-08-14T18:21:55.368080+00:00,6986,未取得,,,failure,公式取得元または参照先なし
2026-08-14T18:21:55.368080+00:00,7610,未取得,,,failure,公式取得元または参照先なし
2026-08-14T18:21:55.368080+00:00,7409,未取得,,,failure,公式取得元または参照先なし
2026-08-14T18:21:55.368080+00:00,4183,未取得,,,failure,公式取得元または参照先なし
2026-08-14T18:21:55.368080+00:00,7240,未取得,,,failure,公式取得元または参照先なし
2026-08-14T18:21:55.368080+00:00,2768,未取得,,,failure,公式取得元または参照先なし
2026-08-14T18:21:55.368080+00:00,6486,未取得,,,failure,公式取得元または参照先なし
2026-08-14T18:21:55.368080+00:00,5310,未取得,,,failure,公式取得元または参照先なし
2026-08-14T18:21:55.368080+00:00,5707,未取得,,,failure,公式取得元または参照先なし
2026-08-14T18:21:55.368080+00:00,3105,未取得,,,failure,公式取得元または参照先なし
2026-08-14T18:21:55.368080+00:00,6914,未取得,,,failure,公式取得元または参照先なし
2026-08-14T18:21:55.368080+00:00,4813,未取得,,,failure,公式取得元または参照先なし
2026-08-14T18:21:55.368080+00:00,7976,未取得,,,failure,公式取得元または参照先なし
2026-08-14T18:21:55.368080+00:00,4894,未取得,,,failure,公式取得元または参照先なし
2026-08-14T18:21:55.368080+00:00,8032,未取得,,,failure,公式取得元または参照先なし
2026-08-14T18:21:55.368080+00:00,6741,未取得,,,failure,公式取得元または参照先なし
2026-08-14T18:21:55.368080+00:00,6098,未取得,,,failure,公式取得元または参照先なし
2026-08-14T18:21:55.368080+00:00,6339,未取得,,,failure,公式取得元または参照先なし
2026-08-14T18:21:55.368080+00:00,7741,未取得,,,failure,公式取得元または参照先なし
2026-08-14T18:21:55.368080+00:00,2267,未取得,,,failure,公式取得元または参照先なし
2026-08-14T18:21:55.368080+00:00,4722,未取得,,,failure,公式取得元または参照先なし
2026-08-14T18:21:55.368080+00:00,8613,未取得,,,failure,公式取得元または参照先なし
2026-08-14T18:21:55.368080+00:00,5857,未取得,,,failure,公式取得元または参照先なし
2026-08-14T18:21:55.368080+00:00,8622,未取得,,,failure,公式取得元または参照先なし
2026-08-14T18:21:55.368080+00:00,6072,未取得,,,failure,公式取得元または参照先なし
2026-08-14T18:21:55.368080+00:00,1663,未取得,,,failure,公式取得元または参照先なし
2026-08-14T18:21:55.368080+00:00,8367,未取得,,,failure,公式取得元または参照先なし
2026-08-14T18:21:55.368080+00:00,5563,未取得,,,failure,公式取得元または参照先なし
2026-08-14T18:21:55.368080+00:00,6501,未取得,,,failure,公式取得元または参照先なし
2026-08-14T18:21:55.368080+00:00,3825,未取得,,,failure,公式取得元または参照先なし
2026-08-14T18:21:55.368080+00:00,3791,未取得,,,failure,公式取得元または参照先なし
2026-08-14T18:21:55.368080+00:00,3878,未取得,,,failure,公式取得元または参照先なし
2026-08-14T18:21:55.368080+00:00,6857,未取得,,,failure,公式取得元または参照先なし
2026-08-14T18:21:55.368080+00:00,7868,未取得,,,failure,公式取得元または参照先なし
2026-08-14T18:21:55.368080+00:00,4095,未取得,,,failure,公式取得元または参照先なし
2026-08-14T18:21:55.368080+00:00,3558,未取得,,,failure,公式取得元または参照先なし
2026-08-14T18:21:55.368080+00:00,3544,未取得,,,failure,公式取得元または参照先なし
2026-08-14T18:21:55.368080+00:00,4044,未取得,,,failure,公式取得元または参照先なし
2026-08-14T18:21:55.368080+00:00,2931,未取得,,,failure,公式取得元または参照先なし
2026-08-14T18:21:55.368080+00:00,7236,未取得,,,failure,公式取得元または参照先なし
2026-08-14T18:21:55.368080+00:00,7138,未取得,,,failure,公式取得元または参照先なし
2026-08-14T18:21:55.368080+00:00,4202,未取得,,,failure,公式取得元または参照先なし
2026-08-14T18:21:55.368080+00:00,7599,未取得,,,failure,公式取得元または参照先なし
2026-08-14T18:21:55.368080+00:00,4381,未取得,,,failure,公式取得元または参照先なし
2026-08-14T18:21:55.368080+00:00,4680,未取得,,,failure,公式取得元または参照先なし
2026-08-14T18:21:55.368080+00:00,9468,未取得,,,failure,公式取得元または参照先なし
2026-08-14T18:21:55.368080+00:00,5801,未取得,,,failure,公式取得元または参照先なし
2026-08-14T18:21:55.368080+00:00,4483,未取得,,,failure,公式取得元または参照先なし
2026-08-14T18:21:55.368080+00:00,9678,未取得,,,failure,公式取得元または参照先なし
2026-08-14T18:21:55.368080+00:00,6963,未取得,,,failure,公式取得元または参照先なし
2026-08-14T18:21:55.368080+00:00,4188,未取得,,,failure,公式取得元または参照先なし
2026-08-14T18:21:55.368080+00:00,4592,未取得,,,failure,公式取得元または参照先なし
2026-08-14T18:21:55.368080+00:00,7456,未取得,,,failure,公式取得元または参照先なし
2026-08-14T18:21:55.368080+00:00,6327,未取得,,,failure,公式取得元または参照先なし
2026-08-14T18:21:55.368080+00:00,6522,未取得,,,failure,公式取得元または参照先なし
2026-08-14T18:21:55.368080+00:00,6521,未取得,,,failure,公式取得元または参照先なし
2026-08-14T18:21:55.368080+00:00,8252,未取得,,,failure,公式取得元または参照先なし
2026-08-14T18:21:55.368080+00:00,6572,未取得,,,failure,公式取得元または参照先なし
2026-08-14T18:21:55.368080+00:00,3002,未取得,,,failure,公式取得元または参照先なし
2026-08-14T18:21:55.368080+00:00,3276,未取得,,,failure,公式取得元または参照先なし
2026-08-14T18:21:55.368080+00:00,3168,未取得,,,failure,公式取得元または参照先なし
2026-08-14T18:21:55.368080+00:00,7911,未取得,,,failure,公式取得元または参照先なし
2026-08-14T18:21:55.368080+00:00,4914,未取得,,,failure,公式取得元または参照先なし
2026-08-14T18:21:55.368080+00:00,6769,未取得,,,failure,公式取得元または参照先なし
2026-08-14T18:21:55.368080+00:00,4973,未取得,,,failure,公式取得元または参照先なし
2026-08-14T18:21:55.368080+00:00,6645,未取得,,,failure,公式取得元または参照先なし
2026-08-14T18:21:55.368080+00:00,6616,未取得,,,failure,公式取得元または参照先なし
2026-08-14T18:21:55.368080+00:00,6862,未取得,,,failure,公式取得元または参照先なし
2026-08-14T18:21:55.368080+00:00,7826,未取得,,,failure,公式取得元または参照先なし
2026-08-14T18:21:55.368080+00:00,7906,未取得,,,failure,公式取得元または参照先なし
2026-08-14T18:21:55.368080+00:00,4107,未取得,,,failure,公式取得元または参照先なし
2026-08-14T18:21:55.368080+00:00,4165,未取得,,,failure,公式取得元または参照先なし
2026-08-14T18:21:55.368080+00:00,4062,未取得,,,failure,公式取得元または参照先なし
2026-08-14T18:21:55.368080+00:00,7762,未取得,,,failure,公式取得元または参照先なし
2026-08-14T18:21:55.368080+00:00,2175,未取得,,,failure,公式取得元または参照先なし
2026-08-14T18:21:55.368080+00:00,2229,未取得,,,failure,公式取得元または参照先なし
2026-08-14T18:21:55.368080+00:00,3086,未取得,,,failure,公式取得元または参照先なし
2026-08-14T18:21:55.368080+00:00,2801,未取得,,,failure,公式取得元または参照先なし
2026-08-14T18:21:55.368080+00:00,6027,未取得,,,failure,公式取得元または参照先なし
2026-08-14T18:21:55.368080+00:00,6217,未取得,,,failure,公式取得元または参照先なし
2026-08-14T18:21:55.368080+00:00,2975,未取得,,,failure,公式取得元または参照先なし
2026-08-14T18:21:55.368080+00:00,5381,未取得,,,failure,公式取得元または参照先なし
2026-08-14T18:21:55.368080+00:00,6506,未取得,,,failure,公式取得元または参照先なし
2026-08-14T18:21:55.368080+00:00,6525,未取得,,,failure,公式取得元または参照先なし
2026-08-14T18:21:55.368080+00:00,8117,未取得,,,failure,公式取得元または参照先なし
2026-08-14T18:21:55.368080+00:00,4023,未取得,,,failure,公式取得元または参照先なし
2026-08-14T18:21:55.368080+00:00,7199,未取得,,,failure,公式取得元または参照先なし
2026-08-14T18:21:55.368080+00:00,7458,未取得,,,failure,公式取得元または参照先なし
2026-08-14T18:21:55.368080+00:00,4204,未取得,,,failure,公式取得元または参照先なし
2026-08-14T18:21:55.368080+00:00,4373,未取得,,,failure,公式取得元または参照先なし
2026-08-14T18:21:55.368080+00:00,4385,未取得,,,failure,公式取得元または参照先なし
2026-08-14T18:21:55.368080+00:00,4413,未取得,,,failure,公式取得元または参照先なし
2026-08-14T18:21:55.368080+00:00,7545,未取得,,,failure,公式取得元または参照先なし
2026-08-14T18:21:55.368080+00:00,3660,未取得,,,failure,公式取得元または参照先なし
2026-08-14T18:21:55.368080+00:00,3608,未取得,,,failure,公式取得元または参照先なし
2026-08-14T18:21:55.368080+00:00,9997,未取得,,,failure,公式取得元または参照先なし
2026-08-14T18:21:55.368080+00:00,9983,未取得,,,failure,公式取得元または参照先なし
2026-08-14T18:21:55.368080+00:00,9900,未取得,,,failure,公式取得元または参照先なし
2026-08-14T18:21:55.368080+00:00,8876,未取得,,,failure,公式取得元または参照先なし
2026-08-14T18:21:55.368080+00:00,9201,未取得,,,failure,公式取得元または参照先なし
2026-08-14T18:21:55.368080+00:00,9418,未取得,,,failure,公式取得元または参照先なし
2026-08-14T18:21:55.368080+00:00,2327,未取得,,,failure,公式取得元または参照先なし
2026-08-14T18:21:55.368080+00:00,9716,未取得,,,failure,公式取得元または参照先なし
2026-08-14T18:21:55.368080+00:00,7453,未取得,,,failure,公式取得元または参照先なし
2026-08-14T18:21:55.368080+00:00,3661,未取得,,,failure,公式取得元または参照先なし
2026-08-14T18:21:55.368080+00:00,2501,未取得,,,failure,公式取得元または参照先なし
2026-08-14T18:21:55.368080+00:00,2492,未取得,,,failure,公式取得元または参照先なし
2026-08-14T18:21:55.368080+00:00,4544,未取得,,,failure,公式取得元または参照先なし
2026-08-14T18:21:55.368080+00:00,2585,未取得,,,failure,公式取得元または参照先なし
2026-08-14T18:21:55.368080+00:00,4676,未取得,,,failure,公式取得元または参照先なし
2026-08-14T18:21:55.368080+00:00,7564,未取得,,,failure,公式取得元または参照先なし
2026-08-14T18:21:55.368080+00:00,4324,未取得,,,failure,公式取得元または参照先なし
2026-08-14T18:21:55.368080+00:00,4816,未取得,,,failure,公式取得元または参照先なし
2026-08-14T18:21:55.368080+00:00,3391,未取得,,,failure,公式取得元または参照先なし
2026-08-14T18:21:55.368080+00:00,7988,未取得,,,failure,公式取得元または参照先なし
2026-08-14T18:21:55.368080+00:00,4812,未取得,,,failure,公式取得元または参照先なし
2026-08-14T18:21:55.368080+00:00,7867,未取得,,,failure,公式取得元または参照先なし
2026-08-14T18:21:55.368080+00:00,3498,未取得,,,failure,公式取得元または参照先なし
2026-08-14T18:21:55.368080+00:00,2181,未取得,,,failure,公式取得元または参照先なし
2026-08-14T18:21:55.368080+00:00,4776,未取得,,,failure,公式取得元または参照先なし
2026-08-14T18:21:55.368080+00:00,6902,未取得,,,failure,公式取得元または参照先なし
2026-08-14T18:21:55.368080+00:00,4704,未取得,,,failure,公式取得元または参照先なし
2026-08-14T18:21:55.368080+00:00,4088,未取得,,,failure,公式取得元または参照先なし
2026-08-14T18:21:55.368080+00:00,4180,未取得,,,failure,公式取得元または参照先なし
2026-08-14T18:21:55.368080+00:00,2670,未取得,,,failure,公式取得元または参照先なし
2026-08-14T18:21:55.368080+00:00,5027,未取得,,,failure,公式取得元または参照先なし
2026-08-14T18:21:55.368080+00:00,5032,未取得,,,failure,公式取得元または参照先なし
2026-08-14T18:21:55.368080+00:00,5101,未取得,,,failure,公式取得元または参照先なし
2026-08-14T18:21:55.368080+00:00,5253,未取得,,,failure,公式取得元または参照先なし
2026-08-14T18:21:55.368080+00:00,2749,未取得,,,failure,公式取得元または参照先なし
2026-08-14T18:21:55.368080+00:00,6196,未取得,,,failure,公式取得元または参照先なし
2026-08-14T18:21:55.368080+00:00,8425,未取得,,,failure,公式取得元または参照先なし
2026-08-14T18:21:55.368080+00:00,6178,未取得,,,failure,公式取得元または参照先なし
2026-08-14T18:21:55.368080+00:00,8706,未取得,,,failure,公式取得元または参照先なし
2026-08-14T18:21:55.368080+00:00,3923,未取得,,,failure,公式取得元または参照先なし
2026-08-14T18:21:55.368080+00:00,3865,未取得,,,failure,公式取得元または参照先なし
2026-08-14T18:21:55.368080+00:00,9023,未取得,,,failure,公式取得元または参照先なし
2026-08-14T18:21:55.368080+00:00,9069,未取得,,,failure,公式取得元または参照先なし
2026-08-14T18:21:55.368080+00:00,9024,未取得,,,failure,公式取得元または参照先なし
2026-08-14T18:21:55.368080+00:00,1909,未取得,,,failure,公式取得元または参照先なし
2026-08-14T18:21:55.368080+00:00,1887,未取得,,,failure,公式取得元または参照先なし
2026-08-16T21:04:32.350523+00:00,3591,EDINET,,,failure,EDINET_API_KEY未設定
2026-08-16T21:04:32.350523+00:00,4259,EDINET,,,failure,EDINET_API_KEY未設定
2026-08-16T21:04:32.350523+00:00,6464,EDINET,,,failure,EDINET_API_KEY未設定
2026-08-16T21:04:32.350523+00:00,6141,EDINET,,,failure,EDINET_API_KEY未設定
2026-08-16T21:04:32.350523+00:00,9065,EDINET,,,failure,EDINET_API_KEY未設定
2026-08-16T21:04:32.350523+00:00,6226,EDINET,,,failure,EDINET_API_KEY未設定
2026-08-16T21:04:32.350523+00:00,4889,EDINET,,,failure,EDINET_API_KEY未設定
2026-08-16T21:04:32.350523+00:00,7936,EDINET,,,failure,EDINET_API_KEY未設定
2026-08-16T21:04:32.350523+00:00,1861,EDINET,,,failure,EDINET_API_KEY未設定
2026-08-16T21:04:32.350523+00:00,3911,EDINET,,,failure,EDINET_API_KEY未設定
2026-08-16T21:04:32.350523+00:00,4088,EDINET,,,failure,EDINET_API_KEY未設定
2026-08-16T21:04:32.350523+00:00,4751,EDINET,,,failure,EDINET_API_KEY未設定
2026-08-16T21:04:32.350523+00:00,4275,EDINET,,,failure,EDINET_API_KEY未設定
2026-08-16T21:04:32.350523+00:00,4375,EDINET,,,failure,EDINET_API_KEY未設定
2026-08-16T21:04:32.350523+00:00,9467,EDINET,,,failure,EDINET_API_KEY未設定
2026-08-16T21:04:32.350523+00:00,9005,EDINET,,,failure,EDINET_API_KEY未設定
2026-08-16T21:04:32.350523+00:00,4755,EDINET,,,failure,EDINET_API_KEY未設定
2026-08-16T21:04:32.350523+00:00,1893,EDINET,,,failure,EDINET_API_KEY未設定
2026-08-16T21:04:32.350523+00:00,4901,EDINET,,,failure,EDINET_API_KEY未設定
2026-08-16T21:04:32.350523+00:00,6376,EDINET,,,failure,EDINET_API_KEY未設定
2026-08-16T21:04:32.350523+00:00,3984,EDINET,,,failure,EDINET_API_KEY未設定
2026-08-16T21:04:32.350523+00:00,6638,EDINET,,,failure,EDINET_API_KEY未設定
2026-08-16T21:04:32.350523+00:00,7746,EDINET,,,failure,EDINET_API_KEY未設定
2026-08-16T21:04:32.350523+00:00,7318,EDINET,,,failure,EDINET_API_KEY未設定
2026-08-16T21:04:32.350523+00:00,6849,EDINET,,,failure,EDINET_API_KEY未設定
2026-08-16T21:04:32.350523+00:00,7138,EDINET,,,failure,EDINET_API_KEY未設定
2026-08-16T21:04:32.350523+00:00,9735,EDINET,,,failure,EDINET_API_KEY未設定
2026-08-16T21:04:32.350523+00:00,7917,EDINET,,,failure,EDINET_API_KEY未設定
2026-08-16T21:04:32.350523+00:00,1926,EDINET,,,failure,EDINET_API_KEY未設定
2026-08-16T21:04:32.350523+00:00,8715,EDINET,,,failure,EDINET_API_KEY未設定
2026-08-16T21:04:32.350523+00:00,1802,EDINET,,,failure,EDINET_API_KEY未設定
2026-08-16T21:04:32.350523+00:00,1812,EDINET,,,failure,EDINET_API_KEY未設定
2026-08-16T21:04:32.350523+00:00,1979,EDINET,,,failure,EDINET_API_KEY未設定
2026-08-16T21:04:32.350523+00:00,4385,EDINET,,,failure,EDINET_API_KEY未設定
2026-08-16T21:04:32.350523+00:00,2201,EDINET,,,failure,EDINET_API_KEY未設定
2026-08-16T21:04:32.350523+00:00,5463,EDINET,,,failure,EDINET_API_KEY未設定
2026-08-16T21:04:32.350523+00:00,9024,EDINET,,,failure,EDINET_API_KEY未設定
2026-08-16T21:04:32.350523+00:00,5574,EDINET,,,failure,EDINET_API_KEY未設定
2026-08-16T21:04:32.350523+00:00,5408,EDINET,,,failure,EDINET_API_KEY未設定
2026-08-16T21:04:32.350523+00:00,5852,EDINET,,,failure,EDINET_API_KEY未設定
2026-08-16T21:04:32.350523+00:00,9436,EDINET,,,failure,EDINET_API_KEY未設定
2026-08-16T21:04:32.350523+00:00,7860,EDINET,,,failure,EDINET_API_KEY未設定
2026-08-16T21:04:32.350523+00:00,5105,EDINET,,,failure,EDINET_API_KEY未設定
2026-08-16T21:04:32.350523+00:00,2980,EDINET,,,failure,EDINET_API_KEY未設定
2026-08-16T21:04:32.350523+00:00,6969,EDINET,,,failure,EDINET_API_KEY未設定
2026-08-16T21:04:32.350523+00:00,2685,EDINET,,,failure,EDINET_API_KEY未設定
2026-08-16T21:04:32.350523+00:00,3673,EDINET,,,failure,EDINET_API_KEY未設定
2026-08-16T21:04:32.350523+00:00,1968,EDINET,,,failure,EDINET_API_KEY未設定
2026-08-16T21:04:32.350523+00:00,2413,EDINET,,,failure,EDINET_API_KEY未設定
2026-08-16T21:04:32.350523+00:00,6544,EDINET,,,failure,EDINET_API_KEY未設定
2026-08-16T21:04:32.350523+00:00,6840,EDINET,,,failure,EDINET_API_KEY未設定
2026-08-16T21:04:32.350523+00:00,7476,EDINET,,,failure,EDINET_API_KEY未設定
2026-08-16T21:04:32.350523+00:00,3544,EDINET,,,failure,EDINET_API_KEY未設定
2026-08-16T21:04:32.350523+00:00,2730,EDINET,,,failure,EDINET_API_KEY未設定
2026-08-16T21:04:32.350523+00:00,9880,EDINET,,,failure,EDINET_API_KEY未設定
2026-08-16T21:04:32.350523+00:00,2175,EDINET,,,failure,EDINET_API_KEY未設定
2026-08-16T21:04:32.350523+00:00,9678,EDINET,,,failure,EDINET_API_KEY未設定
2026-08-16T21:04:32.350523+00:00,9960,EDINET,,,failure,EDINET_API_KEY未設定
2026-08-16T21:04:32.350523+00:00,7202,EDINET,,,failure,EDINET_API_KEY未設定
2026-08-16T21:04:32.350523+00:00,6433,EDINET,,,failure,EDINET_API_KEY未設定
2026-08-16T21:04:32.350523+00:00,5911,EDINET,,,failure,EDINET_API_KEY未設定
2026-08-16T21:04:32.350523+00:00,4553,EDINET,,,failure,EDINET_API_KEY未設定
2026-08-16T21:04:32.350523+00:00,5989,EDINET,,,failure,EDINET_API_KEY未設定
2026-08-16T21:04:32.350523+00:00,3046,EDINET,,,failure,EDINET_API_KEY未設定
2026-08-16T21:04:32.350523+00:00,6526,EDINET,,,failure,EDINET_API_KEY未設定
2026-08-16T21:04:32.350523+00:00,8508,EDINET,,,failure,EDINET_API_KEY未設定
2026-08-16T21:04:32.350523+00:00,6145,EDINET,,,failure,EDINET_API_KEY未設定
2026-08-16T21:04:32.350523+00:00,4972,EDINET,,,failure,EDINET_API_KEY未設定
2026-08-16T21:04:32.350523+00:00,1938,EDINET,,,failure,EDINET_API_KEY未設定
2026-08-16T21:04:32.350523+00:00,7256,EDINET,,,failure,EDINET_API_KEY未設定
2026-08-16T21:04:32.350523+00:00,4392,EDINET,,,failure,EDINET_API_KEY未設定
2026-08-16T21:04:32.350523+00:00,6966,EDINET,,,failure,EDINET_API_KEY未設定
2026-08-16T21:04:32.350523+00:00,3993,EDINET,,,failure,EDINET_API_KEY未設定
2026-08-16T21:04:32.350523+00:00,7412,EDINET,,,failure,EDINET_API_KEY未設定
2026-08-16T21:04:32.350523+00:00,7236,EDINET,,,failure,EDINET_API_KEY未設定
2026-08-16T21:04:32.350523+00:00,6222,EDINET,,,failure,EDINET_API_KEY未設定
2026-08-16T21:04:32.350523+00:00,5288,EDINET,,,failure,EDINET_API_KEY未設定
2026-08-16T21:04:32.350523+00:00,5563,EDINET,,,failure,EDINET_API_KEY未設定
2026-08-16T21:04:32.350523+00:00,1814,EDINET,,,failure,EDINET_API_KEY未設定
2026-08-16T21:04:32.350523+00:00,9021,EDINET,,,failure,EDINET_API_KEY未設定
2026-08-16T21:04:32.350523+00:00,1950,EDINET,,,failure,EDINET_API_KEY未設定
2026-08-16T21:04:32.350523+00:00,1663,EDINET,,,failure,EDINET_API_KEY未設定
2026-08-16T21:04:32.350523+00:00,8214,EDINET,,,failure,EDINET_API_KEY未設定
2026-08-16T21:04:32.350523+00:00,6298,EDINET,,,failure,EDINET_API_KEY未設定
2026-08-16T21:04:32.350523+00:00,7760,EDINET,,,failure,EDINET_API_KEY未設定
2026-08-16T21:04:32.350523+00:00,7818,EDINET,,,failure,EDINET_API_KEY未設定
2026-08-16T21:04:32.350523+00:00,6237,EDINET,,,failure,EDINET_API_KEY未設定
2026-08-16T21:04:32.350523+00:00,4483,EDINET,,,failure,EDINET_API_KEY未設定
2026-08-16T21:04:32.350523+00:00,3880,EDINET,,,failure,EDINET_API_KEY未設定
2026-08-16T21:04:32.350523+00:00,4776,EDINET,,,failure,EDINET_API_KEY未設定
2026-08-16T21:04:32.350523+00:00,6310,EDINET,,,failure,EDINET_API_KEY未設定
2026-08-16T21:04:32.350523+00:00,7211,EDINET,,,failure,EDINET_API_KEY未設定
2026-08-16T21:04:32.350523+00:00,7177,EDINET,,,failure,EDINET_API_KEY未設定
2026-08-16T21:04:32.350523+00:00,2585,EDINET,,,failure,EDINET_API_KEY未設定
2026-08-16T21:04:32.350523+00:00,3563,EDINET,,,failure,EDINET_API_KEY未設定
2026-08-16T21:04:32.350523+00:00,3854,EDINET,,,failure,EDINET_API_KEY未設定
2026-08-16T21:04:32.350523+00:00,3810,EDINET,,,failure,EDINET_API_KEY未設定
2026-08-16T21:04:32.350523+00:00,7611,EDINET,,,failure,EDINET_API_KEY未設定
2026-08-16T21:04:32.350523+00:00,6629,EDINET,,,failure,EDINET_API_KEY未設定
2026-08-16T21:04:32.350523+00:00,8897,EDINET,,,failure,EDINET_API_KEY未設定
2026-08-16T21:04:32.350523+00:00,7453,EDINET,,,failure,EDINET_API_KEY未設定
2026-08-16T21:04:32.350523+00:00,7762,EDINET,,,failure,EDINET_API_KEY未設定
2026-08-16T21:04:32.350523+00:00,6914,EDINET,,,failure,EDINET_API_KEY未設定
2026-08-16T21:04:32.350523+00:00,7947,EDINET,,,failure,EDINET_API_KEY未設定
2026-08-16T21:04:32.350523+00:00,4970,EDINET,,,failure,EDINET_API_KEY未設定
2026-08-16T21:04:32.350523+00:00,6572,EDINET,,,failure,EDINET_API_KEY未設定
2026-08-16T21:04:32.350523+00:00,7794,EDINET,,,failure,EDINET_API_KEY未設定
2026-08-16T21:04:32.350523+00:00,7730,EDINET,,,failure,EDINET_API_KEY未設定
2026-08-16T21:04:32.350523+00:00,4381,EDINET,,,failure,EDINET_API_KEY未設定
2026-08-16T21:04:32.350523+00:00,7389,EDINET,,,failure,EDINET_API_KEY未設定
2026-08-16T21:04:32.350523+00:00,2590,EDINET,,,failure,EDINET_API_KEY未設定
2026-08-16T21:04:32.350523+00:00,2670,EDINET,,,failure,EDINET_API_KEY未設定
2026-08-16T21:04:32.350523+00:00,3778,EDINET,,,failure,EDINET_API_KEY未設定
2026-08-16T21:04:32.350523+00:00,3176,EDINET,,,failure,EDINET_API_KEY未設定
2026-08-16T21:04:32.350523+00:00,2181,EDINET,,,failure,EDINET_API_KEY未設定
2026-08-16T21:04:32.350523+00:00,3105,EDINET,,,failure,EDINET_API_KEY未設定
2026-08-16T21:04:32.350523+00:00,3276,EDINET,,,failure,EDINET_API_KEY未設定
2026-08-16T21:04:32.350523+00:00,9962,EDINET,,,failure,EDINET_API_KEY未設定
2026-08-16T21:04:32.350523+00:00,3156,EDINET,,,failure,EDINET_API_KEY未設定
2026-08-16T21:04:32.350523+00:00,9551,EDINET,,,failure,EDINET_API_KEY未設定
2026-08-16T21:04:32.350523+00:00,3040,EDINET,,,failure,EDINET_API_KEY未設定
2026-08-16T21:04:32.350523+00:00,9433,EDINET,,,failure,EDINET_API_KEY未設定
2026-08-16T21:04:32.350523+00:00,9744,EDINET,,,failure,EDINET_API_KEY未設定
2026-08-16T21:04:32.350523+00:00,4826,EDINET,,,failure,EDINET_API_KEY未設定
2026-08-16T21:04:32.350523+00:00,5334,EDINET,,,failure,EDINET_API_KEY未設定
2026-08-16T21:04:32.350523+00:00,9997,EDINET,,,failure,EDINET_API_KEY未設定
2026-08-16T21:04:32.350523+00:00,5445,EDINET,,,failure,EDINET_API_KEY未設定
2026-08-16T21:04:32.350523+00:00,8167,EDINET,,,failure,EDINET_API_KEY未設定
2026-08-16T21:04:32.350523+00:00,5253,EDINET,,,failure,EDINET_API_KEY未設定
2026-08-16T21:04:32.350523+00:00,5659,EDINET,,,failure,EDINET_API_KEY未設定
2026-08-16T21:04:32.350523+00:00,1605,EDINET,,,failure,EDINET_API_KEY未設定
2026-08-16T21:04:32.350523+00:00,5121,EDINET,,,failure,EDINET_API_KEY未設定
2026-08-16T21:04:32.350523+00:00,8185,EDINET,,,failure,EDINET_API_KEY未設定
2026-08-16T21:04:32.350523+00:00,7984,EDINET,,,failure,EDINET_API_KEY未設定
2026-08-16T21:04:32.350523+00:00,6227,EDINET,,,failure,EDINET_API_KEY未設定
2026-08-16T21:04:32.350523+00:00,6118,EDINET,,,failure,EDINET_API_KEY未設定
2026-08-16T21:04:32.350523+00:00,6368,EDINET,,,failure,EDINET_API_KEY未設定
2026-08-16T21:04:32.350523+00:00,6369,EDINET,,,failure,EDINET_API_KEY未設定
2026-08-16T21:04:32.350523+00:00,6005,EDINET,,,failure,EDINET_API_KEY未設定
2026-08-16T21:04:32.350523+00:00,4992,EDINET,,,failure,EDINET_API_KEY未設定
2026-08-16T21:04:32.350523+00:00,5901,EDINET,,,failure,EDINET_API_KEY未設定
2026-08-16T21:04:32.350523+00:00,5930,EDINET,,,failure,EDINET_API_KEY未設定
2026-08-16T21:04:32.350523+00:00,6458,EDINET,,,failure,EDINET_API_KEY未設定
2026-08-16T21:04:32.350523+00:00,8043,EDINET,,,failure,EDINET_API_KEY未設定
2026-08-16T21:04:32.350523+00:00,4548,EDINET,,,failure,EDINET_API_KEY未設定
2026-08-16T21:04:32.350523+00:00,9302,EDINET,,,failure,EDINET_API_KEY未設定
2026-08-16T21:04:32.350523+00:00,9424,EDINET,,,failure,EDINET_API_KEY未設定
2026-08-16T21:04:32.350523+00:00,5232,EDINET,,,failure,EDINET_API_KEY未設定
2026-08-16T21:04:32.350523+00:00,4784,EDINET,,,failure,EDINET_API_KEY未設定
2026-08-16T21:04:32.350523+00:00,1951,EDINET,,,failure,EDINET_API_KEY未設定
2026-08-16T21:04:32.350523+00:00,1786,EDINET,,,failure,EDINET_API_KEY未設定
2026-08-16T21:04:32.350523+00:00,1815,EDINET,,,failure,EDINET_API_KEY未設定
2026-08-16T21:04:32.350523+00:00,1801,EDINET,,,failure,EDINET_API_KEY未設定
2026-08-16T21:04:32.350523+00:00,1952,EDINET,,,failure,EDINET_API_KEY未設定
2026-08-16T21:04:32.350523+00:00,8281,EDINET,,,failure,EDINET_API_KEY未設定
2026-08-16T21:04:32.350523+00:00,4095,EDINET,,,failure,EDINET_API_KEY未設定
2026-08-16T21:04:32.350523+00:00,8995,EDINET,,,failure,EDINET_API_KEY未設定
2026-08-16T21:04:32.350523+00:00,7599,EDINET,,,failure,EDINET_API_KEY未設定
2026-08-16T21:04:32.350523+00:00,6814,EDINET,,,failure,EDINET_API_KEY未設定
2026-08-16T21:04:32.350523+00:00,6315,EDINET,,,failure,EDINET_API_KEY未設定
2026-08-16T21:04:32.350523+00:00,4554,EDINET,,,failure,EDINET_API_KEY未設定
2026-08-16T21:04:32.350523+00:00,4475,EDINET,,,failure,EDINET_API_KEY未設定
2026-08-16T21:04:32.350523+00:00,3798,EDINET,,,failure,EDINET_API_KEY未設定
2026-08-16T21:04:32.350523+00:00,4419,EDINET,,,failure,EDINET_API_KEY未設定
2026-08-16T21:04:32.350523+00:00,2918,EDINET,,,failure,EDINET_API_KEY未設定
2026-08-16T21:04:32.350523+00:00,3660,EDINET,,,failure,EDINET_API_KEY未設定
2026-08-16T21:04:32.350523+00:00,3661,EDINET,,,failure,EDINET_API_KEY未設定
2026-08-16T21:04:32.350523+00:00,2533,EDINET,,,failure,EDINET_API_KEY未設定
2026-08-16T21:04:32.350523+00:00,7047,EDINET,,,failure,EDINET_API_KEY未設定
2026-08-16T21:04:32.350523+00:00,6997,EDINET,,,failure,EDINET_API_KEY未設定
2026-08-16T21:04:32.350523+00:00,4022,EDINET,,,failure,EDINET_API_KEY未設定
2026-08-16T21:04:32.350523+00:00,2157,EDINET,,,failure,EDINET_API_KEY未設定
2026-08-16T21:04:32.350523+00:00,3036,EDINET,,,failure,EDINET_API_KEY未設定
2026-08-16T21:04:32.350523+00:00,3002,EDINET,,,failure,EDINET_API_KEY未設定
2026-08-16T21:04:32.350523+00:00,7198,EDINET,,,failure,EDINET_API_KEY未設定
2026-08-16T21:04:32.350523+00:00,7278,EDINET,,,failure,EDINET_API_KEY未設定
2026-08-16T21:04:32.350523+00:00,9861,EDINET,,,failure,EDINET_API_KEY未設定
2026-08-16T21:04:32.350523+00:00,9508,EDINET,,,failure,EDINET_API_KEY未設定
2026-08-16T21:04:32.350523+00:00,2220,EDINET,,,failure,EDINET_API_KEY未設定
2026-08-16T21:04:32.350523+00:00,3284,EDINET,,,failure,EDINET_API_KEY未設定
2026-08-16T21:04:32.350523+00:00,3333,EDINET,,,failure,EDINET_API_KEY未設定
2026-08-16T21:04:32.350523+00:00,3444,EDINET,,,failure,EDINET_API_KEY未設定
2026-08-16T21:04:32.350523+00:00,3443,EDINET,,,failure,EDINET_API_KEY未設定
2026-08-16T21:04:32.350523+00:00,2734,EDINET,,,failure,EDINET_API_KEY未設定
2026-08-16T21:04:32.350523+00:00,3612,EDINET,,,failure,EDINET_API_KEY未設定
2026-08-16T21:04:32.350523+00:00,2602,EDINET,,,failure,EDINET_API_KEY未設定
2026-08-16T21:04:32.350523+00:00,7226,EDINET,,,failure,EDINET_API_KEY未設定
2026-08-16T21:04:32.350523+00:00,4194,EDINET,,,failure,EDINET_API_KEY未設定
2026-08-16T21:04:32.350523+00:00,4204,EDINET,,,failure,EDINET_API_KEY未設定
2026-08-16T21:04:32.350523+00:00,7610,EDINET,,,failure,EDINET_API_KEY未設定
2026-08-16T21:04:32.350523+00:00,4071,EDINET,,,failure,EDINET_API_KEY未設定
2026-08-16T21:04:32.350523+00:00,4246,EDINET,,,failure,EDINET_API_KEY未設定
2026-08-16T21:04:32.350523+00:00,6794,EDINET,,,failure,EDINET_API_KEY未設定
2026-08-16T21:04:32.350523+00:00,7595,EDINET,,,failure,EDINET_API_KEY未設定
2026-08-16T21:04:32.350523+00:00,7609,EDINET,,,failure,EDINET_API_KEY未設定
2026-08-16T21:04:32.350523+00:00,7409,EDINET,,,failure,EDINET_API_KEY未設定
2026-08-16T21:04:32.350523+00:00,6986,EDINET,,,failure,EDINET_API_KEY未設定
2026-08-16T21:04:32.350523+00:00,3907,EDINET,,,failure,EDINET_API_KEY未設定
2026-08-16T21:04:32.350523+00:00,3905,EDINET,,,failure,EDINET_API_KEY未設定
2026-08-16T21:04:32.350523+00:00,3387,EDINET,,,failure,EDINET_API_KEY未設定
2026-08-16T21:04:32.350523+00:00,3946,EDINET,,,failure,EDINET_API_KEY未設定
2026-08-16T21:04:32.350523+00:00,3395,EDINET,,,failure,EDINET_API_KEY未設定
2026-08-16T21:04:32.350523+00:00,6590,EDINET,,,failure,EDINET_API_KEY未設定
2026-08-16T21:04:32.350523+00:00,8708,EDINET,,,failure,EDINET_API_KEY未設定
2026-08-16T21:04:32.350523+00:00,6958,EDINET,,,failure,EDINET_API_KEY未設定
2026-08-16T21:04:32.350523+00:00,6861,EDINET,,,failure,EDINET_API_KEY未設定
2026-08-16T21:04:32.350523+00:00,6859,EDINET,,,failure,EDINET_API_KEY未設定
2026-08-16T21:04:32.350523+00:00,7246,EDINET,,,failure,EDINET_API_KEY未設定
2026-08-16T21:04:32.350523+00:00,2353,EDINET,,,failure,EDINET_API_KEY未設定
2026-08-16T21:04:32.350523+00:00,2168,EDINET,,,failure,EDINET_API_KEY未設定
2026-08-16T21:04:32.350523+00:00,8584,EDINET,,,failure,EDINET_API_KEY未設定
2026-08-16T21:04:32.350523+00:00,6306,EDINET,,,failure,EDINET_API_KEY未設定
2026-08-16T21:04:32.350523+00:00,4658,EDINET,,,failure,EDINET_API_KEY未設定
2026-08-16T21:04:32.350523+00:00,4641,EDINET,,,failure,EDINET_API_KEY未設定
2026-08-16T21:04:32.350523+00:00,4540,EDINET,,,failure,EDINET_API_KEY未設定
2026-08-16T21:04:32.350523+00:00,4620,EDINET,,,failure,EDINET_API_KEY未設定
2026-08-16T21:04:32.350523+00:00,6183,EDINET,,,failure,EDINET_API_KEY未設定
2026-08-16T21:04:32.350523+00:00,6196,EDINET,,,failure,EDINET_API_KEY未設定
2026-08-16T21:04:32.350523+00:00,6055,EDINET,,,failure,EDINET_API_KEY未設定
2026-08-16T21:04:32.350523+00:00,5076,EDINET,,,failure,EDINET_API_KEY未設定
2026-08-16T21:04:32.350523+00:00,5101,EDINET,,,failure,EDINET_API_KEY未設定
2026-08-16T21:04:32.350523+00:00,8051,EDINET,,,failure,EDINET_API_KEY未設定
2026-08-16T21:04:32.350523+00:00,4973,EDINET,,,failure,EDINET_API_KEY未設定
2026-08-16T21:04:32.350523+00:00,6254,EDINET,,,failure,EDINET_API_KEY未設定
2026-08-16T21:04:32.350523+00:00,6232,EDINET,,,failure,EDINET_API_KEY未設定
2026-08-16T21:04:32.350523+00:00,7803,EDINET,,,failure,EDINET_API_KEY未設定
2026-08-16T21:04:32.350523+00:00,5702,EDINET,,,failure,EDINET_API_KEY未設定
2026-08-16T21:04:32.350523+00:00,8060,EDINET,,,failure,EDINET_API_KEY未設定
2026-08-16T21:04:32.350523+00:00,8057,EDINET,,,failure,EDINET_API_KEY未設定
2026-08-16T21:04:32.350523+00:00,8020,EDINET,,,failure,EDINET_API_KEY未設定
2026-08-16T21:04:32.350523+00:00,4828,EDINET,,,failure,EDINET_API_KEY未設定
2026-08-16T21:04:32.350523+00:00,5851,EDINET,,,failure,EDINET_API_KEY未設定
2026-08-16T21:04:32.350523+00:00,1822,EDINET,,,failure,EDINET_API_KEY未設定
2026-08-16T21:04:32.350523+00:00,5410,EDINET,,,failure,EDINET_API_KEY未設定
2026-08-16T21:04:32.350523+00:00,5541,EDINET,,,failure,EDINET_API_KEY未設定
2026-08-16T21:04:32.350523+00:00,1419,EDINET,,,failure,EDINET_API_KEY未設定
2026-08-16T21:04:32.350523+00:00,4848,EDINET,,,failure,EDINET_API_KEY未設定
2026-08-16T21:04:32.350523+00:00,9504,EDINET,,,failure,EDINET_API_KEY未設定
2026-08-16T21:04:32.350523+00:00,9506,EDINET,,,failure,EDINET_API_KEY未設定
2026-08-16T21:04:32.350523+00:00,9449,EDINET,,,failure,EDINET_API_KEY未設定
2026-08-16T21:04:32.350523+00:00,1879,EDINET,,,failure,EDINET_API_KEY未設定
2026-08-16T21:04:32.350523+00:00,9470,EDINET,,,failure,EDINET_API_KEY未設定
2026-08-16T21:04:32.350523+00:00,9474,EDINET,,,failure,EDINET_API_KEY未設定
2026-08-16T21:04:32.350523+00:00,9432,EDINET,,,failure,EDINET_API_KEY未設定
2026-08-16T21:04:32.350523+00:00,2492,EDINET,,,failure,EDINET_API_KEY未設定
2026-08-16T21:04:32.350523+00:00,9037,EDINET,,,failure,EDINET_API_KEY未設定
2026-08-16T21:04:32.350523+00:00,9119,EDINET,,,failure,EDINET_API_KEY未設定
2026-08-16T21:04:32.350523+00:00,9227,EDINET,,,failure,EDINET_API_KEY未設定
2026-08-16T21:04:32.350523+00:00,9201,EDINET,,,failure,EDINET_API_KEY未設定
2026-08-16T21:04:32.350523+00:00,9348,EDINET,,,failure,EDINET_API_KEY未設定
2026-08-16T21:04:32.350523+00:00,9418,EDINET,,,failure,EDINET_API_KEY未設定
2026-08-16T21:04:32.350523+00:00,9211,EDINET,,,failure,EDINET_API_KEY未設定
2026-08-16T21:04:32.350523+00:00,1514,EDINET,,,failure,EDINET_API_KEY未設定
2026-08-16T21:04:32.350523+00:00,1887,EDINET,,,failure,EDINET_API_KEY未設定
2026-08-16T21:04:32.350523+00:00,9023,EDINET,,,failure,EDINET_API_KEY未設定
2026-08-16T21:04:32.350523+00:00,9009,EDINET,,,failure,EDINET_API_KEY未設定
2026-08-16T21:04:32.350523+00:00,9042,EDINET,,,failure,EDINET_API_KEY未設定
2026-08-16T21:04:32.350523+00:00,6135,EDINET,,,failure,EDINET_API_KEY未設定
2026-08-16T21:04:32.350523+00:00,4732,EDINET,,,failure,EDINET_API_KEY未設定
2026-08-16T21:04:32.350523+00:00,4477,EDINET,,,failure,EDINET_API_KEY未設定
2026-08-16T21:04:32.350523+00:00,7972,EDINET,,,failure,EDINET_API_KEY未設定
2026-08-16T21:04:32.350523+00:00,4812,EDINET,,,failure,EDINET_API_KEY未設定
2026-08-16T21:04:32.350523+00:00,1662,EDINET,,,failure,EDINET_API_KEY未設定
2026-08-16T21:04:32.350523+00:00,5715,EDINET,,,failure,EDINET_API_KEY未設定
2026-08-16T21:04:32.350523+00:00,5802,EDINET,,,failure,EDINET_API_KEY未設定
2026-08-16T21:04:32.350523+00:00,5471,EDINET,,,failure,EDINET_API_KEY未設定
2026-08-16T21:04:32.350523+00:00,5393,EDINET,,,failure,EDINET_API_KEY未設定
2026-08-16T21:04:32.350523+00:00,8334,EDINET,,,failure,EDINET_API_KEY未設定
2026-08-16T21:04:32.350523+00:00,8103,EDINET,,,failure,EDINET_API_KEY未設定
2026-08-16T21:04:32.350523+00:00,5019,EDINET,,,failure,EDINET_API_KEY未設定
2026-08-16T21:04:32.350523+00:00,7974,EDINET,,,failure,EDINET_API_KEY未設定
2026-08-16T21:04:32.350523+00:00,5032,EDINET,,,failure,EDINET_API_KEY未設定
2026-08-16T21:04:32.350523+00:00,2371,EDINET,,,failure,EDINET_API_KEY未設定
2026-08-16T21:04:32.350523+00:00,3856,EDINET,,,failure,EDINET_API_KEY未設定
2026-08-16T21:04:32.350523+00:00,3891,EDINET,,,failure,EDINET_API_KEY未設定
2026-08-16T21:04:32.350523+00:00,4091,EDINET,,,failure,EDINET_API_KEY未設定
2026-08-16T21:04:32.350523+00:00,4324,EDINET,,,failure,EDINET_API_KEY未設定
2026-08-16T21:04:32.350523+00:00,4052,EDINET,,,failure,EDINET_API_KEY未設定
2026-08-16T21:04:32.350523+00:00,3968,EDINET,,,failure,EDINET_API_KEY未設定
2026-08-16T21:04:32.350523+00:00,6627,EDINET,,,failure,EDINET_API_KEY未設定
2026-08-16T21:04:32.350523+00:00,6769,EDINET,,,failure,EDINET_API_KEY未設定
2026-08-16T21:04:32.350523+00:00,4396,EDINET,,,failure,EDINET_API_KEY未設定
2026-08-16T21:04:32.350523+00:00,8558,EDINET,,,failure,EDINET_API_KEY未設定
2026-08-16T21:04:32.350523+00:00,6474,EDINET,,,failure,EDINET_API_KEY未設定
2026-08-16T21:04:32.350523+00:00,6501,EDINET,,,failure,EDINET_API_KEY未設定
2026-08-16T21:04:32.350523+00:00,6418,EDINET,,,failure,EDINET_API_KEY未設定
2026-08-16T21:04:32.350523+00:00,6522,EDINET,,,failure,EDINET_API_KEY未設定
2026-08-16T21:04:32.350523+00:00,6507,EDINET,,,failure,EDINET_API_KEY未設定
2026-08-16T21:04:32.350523+00:00,8399,EDINET,,,failure,EDINET_API_KEY未設定
2026-08-16T21:04:32.350523+00:00,2931,EDINET,,,failure,EDINET_API_KEY未設定
2026-08-16T21:04:32.350523+00:00,3608,EDINET,,,failure,EDINET_API_KEY未設定
2026-08-16T21:04:32.350523+00:00,3844,EDINET,,,failure,EDINET_API_KEY未設定
2026-08-16T21:04:32.350523+00:00,6584,EDINET,,,failure,EDINET_API_KEY未設定
2026-08-16T21:04:32.350523+00:00,7004,EDINET,,,failure,EDINET_API_KEY未設定
2026-08-16T21:04:32.350523+00:00,7012,EDINET,,,failure,EDINET_API_KEY未設定
2026-08-16T21:04:32.350523+00:00,7242,EDINET,,,failure,EDINET_API_KEY未設定
2026-08-16T21:04:32.350523+00:00,6908,EDINET,,,failure,EDINET_API_KEY未設定
2026-08-16T21:04:32.350523+00:00,1982,EDINET,,,failure,EDINET_API_KEY未設定
2026-08-16T21:04:32.350523+00:00,2124,EDINET,,,failure,EDINET_API_KEY未設定
2026-08-16T21:04:32.350523+00:00,1720,EDINET,,,failure,EDINET_API_KEY未設定
2026-08-16T21:04:32.350523+00:00,9766,EDINET,,,failure,EDINET_API_KEY未設定
2026-08-16T21:04:32.350523+00:00,2158,EDINET,,,failure,EDINET_API_KEY未設定
2026-08-16T21:04:32.350523+00:00,6330,EDINET,,,failure,EDINET_API_KEY未設定
2026-08-16T21:04:32.350523+00:00,6331,EDINET,,,failure,EDINET_API_KEY未設定
2026-08-16T21:04:32.350523+00:00,9409,EDINET,,,failure,EDINET_API_KEY未設定
2026-08-16T21:04:32.350523+00:00,8194,EDINET,,,failure,EDINET_API_KEY未設定
2026-08-16T21:04:32.350523+00:00,4825,EDINET,,,failure,EDINET_API_KEY未設定
2026-08-16T21:04:32.350523+00:00,4919,EDINET,,,failure,EDINET_API_KEY未設定
2026-08-16T21:04:32.350523+00:00,9301,EDINET,,,failure,EDINET_API_KEY未設定
2026-08-16T21:04:32.350523+00:00,4902,EDINET,,,failure,EDINET_API_KEY未設定
2026-08-16T21:04:32.350523+00:00,8273,EDINET,,,failure,EDINET_API_KEY未設定
2026-08-16T21:04:32.350523+00:00,7944,EDINET,,,failure,EDINET_API_KEY未設定
2026-08-16T21:04:32.350523+00:00,7966,EDINET,,,failure,EDINET_API_KEY未設定
2026-08-16T21:04:32.350523+00:00,5703,EDINET,,,failure,EDINET_API_KEY未設定
2026-08-16T21:04:32.350523+00:00,8078,EDINET,,,failure,EDINET_API_KEY未設定
2026-08-16T21:04:32.350523+00:00,8005,EDINET,,,failure,EDINET_API_KEY未設定
2026-08-16T21:04:32.350523+00:00,4528,EDINET,,,failure,EDINET_API_KEY未設定
2026-08-16T21:04:32.350523+00:00,4044,EDINET,,,failure,EDINET_API_KEY未設定
2026-08-16T21:04:32.350523+00:00,6724,EDINET,,,failure,EDINET_API_KEY未設定
2026-08-16T21:04:32.350523+00:00,3350,EDINET,,,failure,EDINET_API_KEY未設定
2026-08-16T21:04:32.350523+00:00,7545,EDINET,,,failure,EDINET_API_KEY未設定
2026-08-16T21:04:32.350523+00:00,7182,EDINET,,,failure,EDINET_API_KEY未設定
2026-08-16T21:04:32.350523+00:00,7071,EDINET,,,failure,EDINET_API_KEY未設定
2026-08-16T21:04:32.350523+00:00,9513,EDINET,,,failure,EDINET_API_KEY未設定
2026-08-16T21:04:32.350523+00:00,9888,EDINET,,,failure,EDINET_API_KEY未設定
2026-08-16T21:04:32.350523+00:00,2811,EDINET,,,failure,EDINET_API_KEY未設定
2026-08-16T21:04:32.350523+00:00,2593,EDINET,,,failure,EDINET_API_KEY未設定
2026-08-16T21:04:32.350523+00:00,3864,EDINET,,,failure,EDINET_API_KEY未設定
2026-08-16T21:04:32.350523+00:00,6988,EDINET,,,failure,EDINET_API_KEY未設定
2026-08-16T21:04:32.350523+00:00,2760,EDINET,,,failure,EDINET_API_KEY未設定
2026-08-16T21:04:32.350523+00:00,2749,EDINET,,,failure,EDINET_API_KEY未設定
2026-08-16T21:04:32.350523+00:00,2130,EDINET,,,failure,EDINET_API_KEY未設定
2026-08-16T21:04:32.350523+00:00,3315,EDINET,,,failure,EDINET_API_KEY未設定
2026-08-16T21:04:32.350523+00:00,4480,EDINET,,,failure,EDINET_API_KEY未設定
2026-08-16T21:04:32.350523+00:00,4478,EDINET,,,failure,EDINET_API_KEY未設定
2026-08-16T21:04:32.350523+00:00,4552,EDINET,,,failure,EDINET_API_KEY未設定
2026-08-16T21:04:32.350523+00:00,4543,EDINET,,,failure,EDINET_API_KEY未設定
2026-08-16T21:04:32.350523+00:00,5246,EDINET,,,failure,EDINET_API_KEY未設定
2026-08-16T21:04:32.350523+00:00,5243,EDINET,,,failure,EDINET_API_KEY未設定
2026-08-16T21:04:32.350523+00:00,1719,EDINET,,,failure,EDINET_API_KEY未設定
2026-08-16T21:04:32.350523+00:00,1961,EDINET,,,failure,EDINET_API_KEY未設定
2026-08-16T21:04:32.350523+00:00,2432,EDINET,,,failure,EDINET_API_KEY未設定
2026-08-16T21:04:32.350523+00:00,9104,EDINET,,,failure,EDINET_API_KEY未設定
2026-08-16T21:04:32.350523+00:00,9006,EDINET,,,failure,EDINET_API_KEY未設定
2026-08-16T21:04:32.350523+00:00,9031,EDINET,,,failure,EDINET_API_KEY未設定
2026-08-16T21:04:32.350523+00:00,9076,EDINET,,,failure,EDINET_API_KEY未設定
2026-08-16T21:04:32.350523+00:00,9107,EDINET,,,failure,EDINET_API_KEY未設定
2026-08-16T21:04:32.350523+00:00,2471,EDINET,,,failure,EDINET_API_KEY未設定
2026-08-16T21:04:32.350523+00:00,8142,EDINET,,,failure,EDINET_API_KEY未設定
2026-08-16T21:04:32.350523+00:00,8359,EDINET,,,failure,EDINET_API_KEY未設定
2026-08-16T21:04:32.350523+00:00,8151,EDINET,,,failure,EDINET_API_KEY未設定
2026-08-16T21:04:32.350523+00:00,8306,EDINET,,,failure,EDINET_API_KEY未設定
2026-08-16T21:04:32.350523+00:00,8304,EDINET,,,failure,EDINET_API_KEY未設定
2026-08-16T21:04:32.350523+00:00,1942,EDINET,,,failure,EDINET_API_KEY未設定
2026-08-16T21:04:32.350523+00:00,9304,EDINET,,,failure,EDINET_API_KEY未設定
2026-08-16T21:04:32.350523+00:00,9324,EDINET,,,failure,EDINET_API_KEY未設定
2026-08-16T21:04:32.350523+00:00,9147,EDINET,,,failure,EDINET_API_KEY未設定
2026-08-16T21:04:32.350523+00:00,4575,EDINET,,,failure,EDINET_API_KEY未設定
2026-08-16T21:04:32.350523+00:00,6047,EDINET,,,failure,EDINET_API_KEY未設定
2026-08-16T21:04:32.350523+00:00,4165,EDINET,,,failure,EDINET_API_KEY未設定
2026-08-16T21:04:32.350523+00:00,4180,EDINET,,,failure,EDINET_API_KEY未設定
2026-08-16T21:04:32.350523+00:00,7868,EDINET,,,failure,EDINET_API_KEY未設定
2026-08-16T21:04:32.350523+00:00,6255,EDINET,,,failure,EDINET_API_KEY未設定
2026-08-16T21:04:32.350523+00:00,7979,EDINET,,,failure,EDINET_API_KEY未設定
2026-08-16T21:04:32.350523+00:00,6203,EDINET,,,failure,EDINET_API_KEY未設定
2026-08-16T21:04:32.350523+00:00,4849,EDINET,,,failure,EDINET_API_KEY未設定
2026-08-16T21:04:32.350523+00:00,5201,EDINET,,,failure,EDINET_API_KEY未設定
2026-08-16T21:04:32.350523+00:00,4956,EDINET,,,failure,EDINET_API_KEY未設定
2026-08-16T21:04:32.350523+00:00,4914,EDINET,,,failure,EDINET_API_KEY未設定
2026-08-16T21:04:32.350523+00:00,8591,EDINET,,,failure,EDINET_API_KEY未設定
2026-08-16T21:04:32.350523+00:00,8706,EDINET,,,failure,EDINET_API_KEY未設定
2026-08-16T21:04:32.350523+00:00,8628,EDINET,,,failure,EDINET_API_KEY未設定
2026-08-16T21:04:32.350523+00:00,8624,EDINET,,,failure,EDINET_API_KEY未設定
2026-08-16T21:04:32.350523+00:00,6469,EDINET,,,failure,EDINET_API_KEY未設定
2026-08-16T21:04:32.350523+00:00,8358,EDINET,,,failure,EDINET_API_KEY未設定
2026-08-16T21:04:32.350523+00:00,5957,EDINET,,,failure,EDINET_API_KEY未設定
2026-08-16T21:04:32.350523+00:00,5985,EDINET,,,failure,EDINET_API_KEY未設定
2026-08-16T21:04:32.350523+00:00,8354,EDINET,,,failure,EDINET_API_KEY未設定
2026-08-16T21:04:32.350523+00:00,8344,EDINET,,,failure,EDINET_API_KEY未設定
2026-08-16T21:04:32.350523+00:00,8343,EDINET,,,failure,EDINET_API_KEY未設定
2026-08-16T21:04:32.350523+00:00,8392,EDINET,,,failure,EDINET_API_KEY未設定
2026-08-16T21:04:32.350523+00:00,8346,EDINET,,,failure,EDINET_API_KEY未設定
2026-08-16T21:04:32.350523+00:00,8367,EDINET,,,failure,EDINET_API_KEY未設定
2026-08-16T21:04:32.350523+00:00,8377,EDINET,,,failure,EDINET_API_KEY未設定
2026-08-16T21:04:32.350523+00:00,8368,EDINET,,,failure,EDINET_API_KEY未設定
2026-08-16T21:04:32.350523+00:00,3989,EDINET,,,failure,EDINET_API_KEY未設定
2026-08-16T21:04:32.350523+00:00,3923,EDINET,,,failure,EDINET_API_KEY未設定
2026-08-16T21:04:32.350523+00:00,3915,EDINET,,,failure,EDINET_API_KEY未設定
2026-08-16T21:04:32.350523+00:00,4043,EDINET,,,failure,EDINET_API_KEY未設定
2026-08-16T21:04:32.350523+00:00,6701,EDINET,,,failure,EDINET_API_KEY未設定
2026-08-16T21:04:32.350523+00:00,6617,EDINET,,,failure,EDINET_API_KEY未設定
2026-08-16T21:04:32.350523+00:00,6532,EDINET,,,failure,EDINET_API_KEY未設定
2026-08-16T21:04:32.350523+00:00,6535,EDINET,,,failure,EDINET_API_KEY未設定
2026-08-16T21:04:32.350523+00:00,6758,EDINET,,,failure,EDINET_API_KEY未設定
2026-08-16T21:04:32.350523+00:00,4443,EDINET,,,failure,EDINET_API_KEY未設定
2026-08-16T21:04:32.350523+00:00,4228,EDINET,,,failure,EDINET_API_KEY未設定
2026-08-16T21:04:32.350523+00:00,4202,EDINET,,,failure,EDINET_API_KEY未設定
2026-08-16T21:04:32.350523+00:00,7727,EDINET,,,failure,EDINET_API_KEY未設定
2026-08-16T21:04:32.350523+00:00,7715,EDINET,,,failure,EDINET_API_KEY未設定
2026-08-16T21:04:32.350523+00:00,7537,EDINET,,,failure,EDINET_API_KEY未設定
2026-08-16T21:04:32.350523+00:00,6753,EDINET,,,failure,EDINET_API_KEY未設定
2026-08-16T21:04:32.350523+00:00,8524,EDINET,,,failure,EDINET_API_KEY未設定
2026-08-16T21:04:32.350523+00:00,8425,EDINET,,,failure,EDINET_API_KEY未設定
2026-08-16T21:04:32.350523+00:00,8541,EDINET,,,failure,EDINET_API_KEY未設定
2026-08-16T21:04:32.350523+00:00,4432,EDINET,,,failure,EDINET_API_KEY未設定
2026-08-16T21:04:32.350523+00:00,4373,EDINET,,,failure,EDINET_API_KEY未設定
2026-08-16T21:04:32.350523+00:00,6371,EDINET,,,failure,EDINET_API_KEY未設定
2026-08-16T21:04:32.350523+00:00,6258,EDINET,,,failure,EDINET_API_KEY未設定
2026-08-16T21:04:32.350523+00:00,6472,EDINET,,,failure,EDINET_API_KEY未設定
2026-08-16T21:04:32.350523+00:00,6264,EDINET,,,failure,EDINET_API_KEY未設定
2026-08-16T21:04:32.350523+00:00,6309,EDINET,,,failure,EDINET_API_KEY未設定
2026-08-16T21:04:32.350523+00:00,7752,EDINET,,,failure,EDINET_API_KEY未設定
2026-08-16T21:04:32.350523+00:00,7751,EDINET,,,failure,EDINET_API_KEY未設定
2026-08-16T21:04:32.350523+00:00,6905,EDINET,,,failure,EDINET_API_KEY未設定
2026-08-16T21:04:32.350523+00:00,7014,EDINET,,,failure,EDINET_API_KEY未設定
2026-08-16T21:04:32.350523+00:00,8789,EDINET,,,failure,EDINET_API_KEY未設定
2026-08-16T21:04:32.350523+00:00,8739,EDINET,,,failure,EDINET_API_KEY未設定
2026-08-16T21:04:32.350523+00:00,3659,EDINET,,,failure,EDINET_API_KEY未設定
2026-08-16T21:04:32.350523+00:00,3632,EDINET,,,failure,EDINET_API_KEY未設定
2026-08-16T21:04:32.350523+00:00,3765,EDINET,,,failure,EDINET_API_KEY未設定
2026-08-16T21:04:32.350523+00:00,3762,EDINET,,,failure,EDINET_API_KEY未設定
2026-08-16T21:04:32.350523+00:00,3668,EDINET,,,failure,EDINET_API_KEY未設定
2026-08-16T21:04:32.350523+00:00,7327,EDINET,,,failure,EDINET_API_KEY未設定
2026-08-16T21:04:32.350523+00:00,7241,EDINET,,,failure,EDINET_API_KEY未設定
2026-08-16T21:04:32.350523+00:00,7381,EDINET,,,failure,EDINET_API_KEY未設定
2026-08-16T21:04:32.350523+00:00,7322,EDINET,,,failure,EDINET_API_KEY未設定
2026-08-16T21:04:32.350523+00:00,7337,EDINET,,,failure,EDINET_API_KEY未設定
2026-08-16T21:04:32.350523+00:00,8707,EDINET,,,failure,EDINET_API_KEY未設定
2026-08-16T21:04:32.350523+00:00,3863,EDINET,,,failure,EDINET_API_KEY未設定
2026-08-16T21:04:32.350523+00:00,6994,EDINET,,,failure,EDINET_API_KEY未設定
2026-08-16T21:04:32.350523+00:00,7013,EDINET,,,failure,EDINET_API_KEY未設定
2026-08-16T21:04:32.350523+00:00,2501,EDINET,,,failure,EDINET_API_KEY未設定
2026-08-16T21:04:32.350523+00:00,3399,EDINET,,,failure,EDINET_API_KEY未設定
2026-08-16T21:04:32.350523+00:00,3034,EDINET,,,failure,EDINET_API_KEY未設定
2026-08-16T21:04:32.350523+00:00,3201,EDINET,,,failure,EDINET_API_KEY未設定
2026-08-16T21:04:32.350523+00:00,3103,EDINET,,,failure,EDINET_API_KEY未設定
2026-08-16T21:04:32.350523+00:00,2146,EDINET,,,failure,EDINET_API_KEY未設定
2026-08-16T21:04:32.350523+00:00,2502,EDINET,,,failure,EDINET_API_KEY未設定
2026-08-16T21:04:32.350523+00:00,2327,EDINET,,,failure,EDINET_API_KEY未設定
2026-08-16T21:04:32.350523+00:00,2354,EDINET,,,failure,EDINET_API_KEY未設定
2026-08-16T21:04:32.350523+00:00,2222,EDINET,,,failure,EDINET_API_KEY未設定
2026-08-16T21:04:32.350523+00:00,9984,EDINET,,,failure,EDINET_API_KEY未設定
2026-08-16T21:04:32.350523+00:00,7164,EDINET,,,failure,EDINET_API_KEY未設定
2026-08-16T21:04:32.350523+00:00,7184,EDINET,,,failure,EDINET_API_KEY未設定
2026-08-16T21:04:32.350523+00:00,9716,EDINET,,,failure,EDINET_API_KEY未設定
2026-08-16T21:04:32.350523+00:00,9759,EDINET,,,failure,EDINET_API_KEY未設定
2026-08-16T21:04:32.350523+00:00,9743,EDINET,,,failure,EDINET_API_KEY未設定
2026-08-16T21:04:32.350523+00:00,9793,EDINET,,,failure,EDINET_API_KEY未設定
2026-08-16T21:04:32.350523+00:00,9543,EDINET,,,failure,EDINET_API_KEY未設定
2026-08-16T21:04:32.350523+00:00,7224,EDINET,,,failure,EDINET_API_KEY未設定
2026-08-16T21:04:32.350523+00:00,7649,EDINET,,,failure,EDINET_API_KEY未設定
2026-08-16T21:04:32.350523+00:00,9956,EDINET,,,failure,EDINET_API_KEY未設定
2026-08-16T21:04:32.350523+00:00,6838,EDINET,,,failure,EDINET_API_KEY未設定
2026-08-16T21:04:32.350523+00:00,7719,EDINET,,,failure,EDINET_API_KEY未設定
2026-08-16T21:04:32.350523+00:00,6666,EDINET,,,failure,EDINET_API_KEY未設定
2026-08-16T21:04:32.350523+00:00,6800,EDINET,,,failure,EDINET_API_KEY未設定
2026-08-16T21:04:32.350523+00:00,6999,EDINET,,,failure,EDINET_API_KEY未設定
2026-08-16T21:04:32.350523+00:00,3391,EDINET,,,failure,EDINET_API_KEY未設定
2026-08-16T21:04:32.350523+00:00,2737,EDINET,,,failure,EDINET_API_KEY未設定
2026-08-16T21:04:32.350523+00:00,5027,EDINET,,,failure,EDINET_API_KEY未設定
2026-08-16T21:04:32.350523+00:00,4617,EDINET,,,failure,EDINET_API_KEY未設定
2026-08-16T21:04:32.350523+00:00,4716,EDINET,,,failure,EDINET_API_KEY未設定
2026-08-16T21:04:32.350523+00:00,3558,EDINET,,,failure,EDINET_API_KEY未設定
2026-08-16T21:04:32.350523+00:00,2395,EDINET,,,failure,EDINET_API_KEY未設定
2026-08-16T21:04:32.350523+00:00,9069,EDINET,,,failure,EDINET_API_KEY未設定
2026-08-16T21:04:32.350523+00:00,3186,EDINET,,,failure,EDINET_API_KEY未設定
2026-08-16T21:04:32.350523+00:00,4118,EDINET,,,failure,EDINET_API_KEY未設定
2026-08-16T21:04:32.350523+00:00,4413,EDINET,,,failure,EDINET_API_KEY未設定
2026-08-16T21:04:32.350523+00:00,8697,EDINET,,,failure,EDINET_API_KEY未設定
2026-08-16T21:04:32.350523+00:00,8601,EDINET,,,failure,EDINET_API_KEY未設定
2026-08-16T21:04:32.350523+00:00,3836,EDINET,,,failure,EDINET_API_KEY未設定
2026-08-16T21:04:32.350523+00:00,4023,EDINET,,,failure,EDINET_API_KEY未設定
2026-08-16T21:04:32.350523+00:00,3465,EDINET,,,failure,EDINET_API_KEY未設定
2026-08-16T21:04:32.350523+00:00,6217,EDINET,,,failure,EDINET_API_KEY未設定
2026-08-16T21:04:32.350523+00:00,4816,EDINET,,,failure,EDINET_API_KEY未設定
2026-08-16T21:04:32.350523+00:00,6194,EDINET,,,failure,EDINET_API_KEY未設定
2026-08-16T21:04:32.350523+00:00,7988,EDINET,,,failure,EDINET_API_KEY未設定
2026-08-16T21:04:32.350523+00:00,9603,EDINET,,,failure,EDINET_API_KEY未設定
2026-08-16T21:04:32.350523+00:00,6525,EDINET,,,failure,EDINET_API_KEY未設定
2026-08-16T21:04:32.350523+00:00,6674,EDINET,,,failure,EDINET_API_KEY未設定
2026-08-16T21:04:32.350523+00:00,7564,EDINET,,,failure,EDINET_API_KEY未設定
2026-08-16T21:04:32.350523+00:00,6668,EDINET,,,failure,EDINET_API_KEY未設定
2026-08-16T21:04:32.350523+00:00,2982,EDINET,,,failure,EDINET_API_KEY未設定
2026-08-16T21:04:32.350523+00:00,7806,EDINET,,,failure,EDINET_API_KEY未設定
2026-08-16T21:04:32.350523+00:00,8053,EDINET,,,failure,EDINET_API_KEY未設定
2026-08-16T21:04:32.350523+00:00,6134,EDINET,,,failure,EDINET_API_KEY未設定
2026-08-16T21:04:32.350523+00:00,5240,EDINET,,,failure,EDINET_API_KEY未設定
2026-08-16T21:04:32.350523+00:00,4502,EDINET,,,failure,EDINET_API_KEY未設定
2026-08-16T21:04:32.350523+00:00,5991,EDINET,,,failure,EDINET_API_KEY未設定
2026-08-16T21:04:32.350523+00:00,8141,EDINET,,,failure,EDINET_API_KEY未設定
2026-08-16T21:04:32.350523+00:00,6072,EDINET,,,failure,EDINET_API_KEY未設定
2026-08-16T21:04:32.350523+00:00,8585,EDINET,,,failure,EDINET_API_KEY未設定
2026-08-16T21:04:32.350523+00:00,4401,EDINET,,,failure,EDINET_API_KEY未設定
2026-08-16T21:04:32.350523+00:00,4208,EDINET,,,failure,EDINET_API_KEY未設定
2026-08-16T21:04:32.350523+00:00,6871,EDINET,,,failure,EDINET_API_KEY未設定
2026-08-16T21:04:32.350523+00:00,9983,EDINET,,,failure,EDINET_API_KEY未設定
2026-08-16T21:04:32.350523+00:00,7733,EDINET,,,failure,EDINET_API_KEY未設定
2026-08-16T21:04:32.350523+00:00,6448,EDINET,,,failure,EDINET_API_KEY未設定
2026-08-16T21:04:32.350523+00:00,9143,EDINET,,,failure,EDINET_API_KEY未設定
2026-08-16T21:04:32.350523+00:00,2503,EDINET,,,failure,EDINET_API_KEY未設定
2026-08-16T21:04:32.350523+00:00,2127,EDINET,,,failure,EDINET_API_KEY未設定
2026-08-16T21:04:32.350523+00:00,8595,EDINET,,,failure,EDINET_API_KEY未設定
2026-08-16T21:04:32.350523+00:00,2216,EDINET,,,failure,EDINET_API_KEY未設定
2026-08-16T21:04:32.350523+00:00,1407,EDINET,,,failure,EDINET_API_KEY未設定
2026-08-16T21:04:32.350523+00:00,6962,EDINET,,,failure,EDINET_API_KEY未設定
2026-08-16T21:04:32.350523+00:00,6965,EDINET,,,failure,EDINET_API_KEY未設定
2026-08-16T21:04:32.350523+00:00,7167,EDINET,,,failure,EDINET_API_KEY未設定
2026-08-16T21:04:32.350523+00:00,7186,EDINET,,,failure,EDINET_API_KEY未設定
2026-08-16T21:04:32.350523+00:00,9511,EDINET,,,failure,EDINET_API_KEY未設定
2026-08-16T21:04:32.350523+00:00,7309,EDINET,,,failure,EDINET_API_KEY未設定
2026-08-16T21:04:32.350523+00:00,6862,EDINET,,,failure,EDINET_API_KEY未設定
2026-08-16T21:04:32.350523+00:00,6951,EDINET,,,failure,EDINET_API_KEY未設定
2026-08-16T21:04:32.350523+00:00,9692,EDINET,,,failure,EDINET_API_KEY未設定
2026-08-16T21:04:32.350523+00:00,1721,EDINET,,,failure,EDINET_API_KEY未設定
2026-08-16T21:04:32.350523+00:00,9072,EDINET,,,failure,EDINET_API_KEY未設定
2026-08-16T21:04:32.350523+00:00,9101,EDINET,,,failure,EDINET_API_KEY未設定
2026-08-16T21:04:32.350523+00:00,3994,EDINET,,,failure,EDINET_API_KEY未設定
2026-08-16T21:04:32.350523+00:00,4042,EDINET,,,failure,EDINET_API_KEY未設定
2026-08-16T21:04:32.350523+00:00,3825,EDINET,,,failure,EDINET_API_KEY未設定
2026-08-16T21:04:32.350523+00:00,6503,EDINET,,,failure,EDINET_API_KEY未設定
2026-08-16T21:04:32.350523+00:00,6356,EDINET,,,failure,EDINET_API_KEY未設定
2026-08-16T21:04:32.350523+00:00,6387,EDINET,,,failure,EDINET_API_KEY未設定
2026-08-16T21:04:32.350523+00:00,7685,EDINET,,,failure,EDINET_API_KEY未設定
2026-08-16T21:04:32.350523+00:00,7729,EDINET,,,failure,EDINET_API_KEY未設定
2026-08-16T21:04:32.350523+00:00,7725,EDINET,,,failure,EDINET_API_KEY未設定
2026-08-16T21:04:32.350523+00:00,7717,EDINET,,,failure,EDINET_API_KEY未設定
2026-08-16T21:04:32.350523+00:00,7777,EDINET,,,failure,EDINET_API_KEY未設定
2026-08-16T21:04:32.350523+00:00,7779,EDINET,,,failure,EDINET_API_KEY未設定
2026-08-16T21:04:32.350523+00:00,7747,EDINET,,,failure,EDINET_API_KEY未設定
2026-08-16T21:04:32.350523+00:00,6327,EDINET,,,failure,EDINET_API_KEY未設定
2026-08-16T21:04:32.350523+00:00,6592,EDINET,,,failure,EDINET_API_KEY未設定
2026-08-16T21:04:32.350523+00:00,6613,EDINET,,,failure,EDINET_API_KEY未設定
2026-08-16T21:04:32.350523+00:00,6619,EDINET,,,failure,EDINET_API_KEY未設定
2026-08-16T21:04:32.350523+00:00,6752,EDINET,,,failure,EDINET_API_KEY未設定
2026-08-16T21:04:32.350523+00:00,6616,EDINET,,,failure,EDINET_API_KEY未設定
2026-08-16T21:04:32.350523+00:00,6834,EDINET,,,failure,EDINET_API_KEY未設定
2026-08-16T21:04:32.350523+00:00,6882,EDINET,,,failure,EDINET_API_KEY未設定
2026-08-16T21:04:32.350523+00:00,6890,EDINET,,,failure,EDINET_API_KEY未設定
2026-08-16T21:04:32.350523+00:00,6981,EDINET,,,failure,EDINET_API_KEY未設定
2026-08-16T21:04:32.350523+00:00,6971,EDINET,,,failure,EDINET_API_KEY未設定
2026-08-16T21:04:32.350523+00:00,6996,EDINET,,,failure,EDINET_API_KEY未設定
2026-08-16T21:04:32.350523+00:00,6963,EDINET,,,failure,EDINET_API_KEY未設定
2026-08-16T21:04:32.350523+00:00,6779,EDINET,,,failure,EDINET_API_KEY未設定
2026-08-16T21:04:32.350523+00:00,6727,EDINET,,,failure,EDINET_API_KEY未設定
2026-08-16T21:04:32.350523+00:00,6777,EDINET,,,failure,EDINET_API_KEY未設定
2026-08-16T21:04:32.350523+00:00,7744,EDINET,,,failure,EDINET_API_KEY未設定
2026-08-16T21:04:32.350523+00:00,1945,EDINET,,,failure,EDINET_API_KEY未設定
2026-08-16T21:04:32.350523+00:00,1946,EDINET,,,failure,EDINET_API_KEY未設定
2026-08-16T21:04:32.350523+00:00,7280,EDINET,,,failure,EDINET_API_KEY未設定
2026-08-16T21:04:32.350523+00:00,7220,EDINET,,,failure,EDINET_API_KEY未設定
2026-08-16T21:04:32.350523+00:00,7059,EDINET,,,failure,EDINET_API_KEY未設定
2026-08-16T21:04:32.350523+00:00,5838,EDINET,,,failure,EDINET_API_KEY未設定
2026-08-16T21:04:32.350523+00:00,4565,EDINET,,,failure,EDINET_API_KEY未設定
2026-08-16T21:04:32.350523+00:00,5844,EDINET,,,failure,EDINET_API_KEY未設定
2026-08-16T21:04:32.350523+00:00,8331,EDINET,,,failure,EDINET_API_KEY未設定
2026-08-16T21:04:32.350523+00:00,8316,EDINET,,,failure,EDINET_API_KEY未設定
2026-08-16T21:04:32.350523+00:00,5831,EDINET,,,failure,EDINET_API_KEY未設定
2026-08-16T21:04:32.350523+00:00,5832,EDINET,,,failure,EDINET_API_KEY未設定
2026-08-16T21:04:32.350523+00:00,5805,EDINET,,,failure,EDINET_API_KEY未設定
2026-08-16T21:04:32.350523+00:00,5801,EDINET,,,failure,EDINET_API_KEY未設定
2026-08-16T21:04:32.350523+00:00,8233,EDINET,,,failure,EDINET_API_KEY未設定
2026-08-16T21:04:32.350523+00:00,6027,EDINET,,,failure,EDINET_API_KEY未設定
2026-08-16T21:04:32.350523+00:00,5631,EDINET,,,failure,EDINET_API_KEY未設定
2026-08-16T21:04:32.350523+00:00,6178,EDINET,,,failure,EDINET_API_KEY未設定
2026-08-16T21:04:32.350523+00:00,8008,EDINET,,,failure,EDINET_API_KEY未設定
2026-08-16T21:04:32.350523+00:00,8002,EDINET,,,failure,EDINET_API_KEY未設定
2026-08-16T21:04:32.350523+00:00,8031,EDINET,,,failure,EDINET_API_KEY未設定
2026-08-16T21:04:32.350523+00:00,5331,EDINET,,,failure,EDINET_API_KEY未設定
2026-08-16T21:04:32.350523+00:00,5344,EDINET,,,failure,EDINET_API_KEY未設定
2026-08-16T21:04:32.350523+00:00,5381,EDINET,,,failure,EDINET_API_KEY未設定
2026-08-16T21:04:32.350523+00:00,5817,EDINET,,,failure,EDINET_API_KEY未設定
2026-08-16T21:04:32.350523+00:00,5707,EDINET,,,failure,EDINET_API_KEY未設定
2026-08-16T21:04:32.350523+00:00,6071,EDINET,,,failure,EDINET_API_KEY未設定
2026-08-16T21:04:32.350523+00:00,6521,EDINET,,,failure,EDINET_API_KEY未設定
2026-08-16T21:04:32.350523+00:00,6508,EDINET,,,failure,EDINET_API_KEY未設定
2026-08-16T21:04:32.350523+00:00,6166,EDINET,,,failure,EDINET_API_KEY未設定
2026-08-16T21:04:32.350523+00:00,6516,EDINET,,,failure,EDINET_API_KEY未設定
2026-08-16T21:04:32.350523+00:00,6506,EDINET,,,failure,EDINET_API_KEY未設定
2026-08-16T21:04:32.350523+00:00,1377,EDINET,,,failure,EDINET_API_KEY未設定
2026-08-16T21:04:32.350523+00:00,2337,EDINET,,,failure,EDINET_API_KEY未設定
2026-08-16T21:04:32.350523+00:00,2975,EDINET,,,failure,EDINET_API_KEY未設定
2026-08-16T21:04:32.350523+00:00,3086,EDINET,,,failure,EDINET_API_KEY未設定
2026-08-16T21:04:32.350523+00:00,3687,EDINET,,,failure,EDINET_API_KEY未設定
2026-08-16T21:04:32.350523+00:00,3853,EDINET,,,failure,EDINET_API_KEY未設定
2026-08-16T21:04:32.350523+00:00,8616,EDINET,,,failure,EDINET_API_KEY未設定
2026-08-16T21:04:32.350523+00:00,4592,EDINET,,,failure,EDINET_API_KEY未設定
2026-08-16T21:04:32.350523+00:00,8366,EDINET,,,failure,EDINET_API_KEY未設定
2026-08-16T21:04:32.350523+00:00,8370,EDINET,,,failure,EDINET_API_KEY未設定
2026-08-16T21:04:32.350523+00:00,4506,EDINET,,,failure,EDINET_API_KEY未設定
2026-08-16T21:04:32.350523+00:00,8381,EDINET,,,failure,EDINET_API_KEY未設定
2026-08-16T21:04:32.350523+00:00,8338,EDINET,,,failure,EDINET_API_KEY未設定
2026-08-16T21:04:32.350523+00:00,4676,EDINET,,,failure,EDINET_API_KEY未設定
2026-08-16T21:04:32.350523+00:00,4519,EDINET,,,failure,EDINET_API_KEY未設定
2026-08-16T21:04:32.350523+00:00,4689,EDINET,,,failure,EDINET_API_KEY未設定
2026-08-16T21:04:32.350523+00:00,8252,EDINET,,,failure,EDINET_API_KEY未設定
2026-08-16T21:04:32.350523+00:00,8253,EDINET,,,failure,EDINET_API_KEY未設定
2026-08-16T21:04:32.350523+00:00,5889,EDINET,,,failure,EDINET_API_KEY未設定
2026-08-16T21:04:32.350523+00:00,8337,EDINET,,,failure,EDINET_API_KEY未設定
2026-08-16T21:04:32.350523+00:00,8309,EDINET,,,failure,EDINET_API_KEY未設定
2026-08-16T21:04:32.350523+00:00,8308,EDINET,,,failure,EDINET_API_KEY未設定
2026-08-16T21:04:32.350523+00:00,8562,EDINET,,,failure,EDINET_API_KEY未設定
2026-08-16T21:04:32.350523+00:00,8550,EDINET,,,failure,EDINET_API_KEY未設定
2026-08-16T21:04:32.350523+00:00,8572,EDINET,,,failure,EDINET_API_KEY未設定
2026-08-16T21:04:32.350523+00:00,8570,EDINET,,,failure,EDINET_API_KEY未設定
2026-08-16T21:04:32.350523+00:00,4425,EDINET,,,failure,EDINET_API_KEY未設定
2026-08-16T21:04:32.350523+00:00,8411,EDINET,,,failure,EDINET_API_KEY未設定
2026-08-16T21:04:32.350523+00:00,4188,EDINET,,,failure,EDINET_API_KEY未設定
2026-08-16T21:04:32.350523+00:00,4107,EDINET,,,failure,EDINET_API_KEY未設定
2026-08-16T21:04:32.350523+00:00,4403,EDINET,,,failure,EDINET_API_KEY未設定
2026-08-16T21:04:32.350523+00:00,4418,EDINET,,,failure,EDINET_API_KEY未設定
2026-08-16T21:04:32.350523+00:00,9166,EDINET,,,failure,EDINET_API_KEY未設定
2026-08-16T21:04:32.350523+00:00,2160,EDINET,,,failure,EDINET_API_KEY未設定
2026-08-16T21:04:32.350523+00:00,8418,EDINET,,,failure,EDINET_API_KEY未設定
2026-08-16T21:04:32.350523+00:00,8522,EDINET,,,failure,EDINET_API_KEY未設定
2026-08-16T21:04:32.350523+00:00,2986,EDINET,,,failure,EDINET_API_KEY未設定
2026-08-16T21:04:32.350523+00:00,3436,EDINET,,,failure,EDINET_API_KEY未設定
2026-08-16T21:04:32.350523+00:00,2334,EDINET,,,failure,EDINET_API_KEY未設定
2026-08-16T21:04:32.350523+00:00,8876,EDINET,,,failure,EDINET_API_KEY未設定
2026-08-16T21:04:32.350523+00:00,8614,EDINET,,,failure,EDINET_API_KEY未設定
2026-08-16T21:04:32.350523+00:00,8604,EDINET,,,failure,EDINET_API_KEY未設定
2026-08-16T21:04:32.350523+00:00,3565,EDINET,,,failure,EDINET_API_KEY未設定
2026-08-16T21:04:32.350523+00:00,4062,EDINET,,,failure,EDINET_API_KEY未設定
2026-08-16T21:04:32.350523+00:00,3635,EDINET,,,failure,EDINET_API_KEY未設定
2026-08-16T21:04:32.350523+00:00,7199,EDINET,,,failure,EDINET_API_KEY未設定
2026-08-16T21:04:32.350523+00:00,1909,EDINET,,,failure,EDINET_API_KEY未設定
2026-08-16T21:04:32.350523+00:00,7276,EDINET,,,failure,EDINET_API_KEY未設定
2026-08-16T21:04:32.350523+00:00,6524,EDINET,,,failure,EDINET_API_KEY未設定
2026-08-16T21:04:32.350523+00:00,9552,EDINET,,,failure,EDINET_API_KEY未設定
2026-08-16T21:04:32.350523+00:00,4626,EDINET,,,failure,EDINET_API_KEY未設定
2026-08-16T21:04:32.350523+00:00,4674,EDINET,,,failure,EDINET_API_KEY未設定
2026-08-16T21:04:32.350523+00:00,4996,EDINET,,,failure,EDINET_API_KEY未設定
2026-08-16T21:04:32.350523+00:00,4819,EDINET,,,failure,EDINET_API_KEY未設定
2026-08-16T21:04:32.350523+00:00,7867,EDINET,,,failure,EDINET_API_KEY未設定
2026-08-16T21:04:32.350523+00:00,8267,EDINET,,,failure,EDINET_API_KEY未設定
2026-08-16T21:04:32.350523+00:00,4722,EDINET,,,failure,EDINET_API_KEY未設定
2026-08-16T21:04:32.350523+00:00,3791,EDINET,,,failure,EDINET_API_KEY未設定
2026-08-16T21:04:32.350523+00:00,3916,EDINET,,,failure,EDINET_API_KEY未設定
2026-08-16T21:04:32.350523+00:00,3397,EDINET,,,failure,EDINET_API_KEY未設定
2026-08-16T21:04:32.350523+00:00,3769,EDINET,,,failure,EDINET_API_KEY未設定
2026-08-16T21:04:32.350523+00:00,2267,EDINET,,,failure,EDINET_API_KEY未設定
2026-08-16T21:04:32.350523+00:00,2120,EDINET,,,failure,EDINET_API_KEY未設定
2026-08-16T21:04:32.350523+00:00,3245,EDINET,,,failure,EDINET_API_KEY未設定
2026-08-16T21:04:32.364221+00:00,3591,未取得,,,failure,公式取得元または参照先なし
2026-08-16T21:04:32.364221+00:00,4259,未取得,,,failure,公式取得元または参照先なし
2026-08-16T21:04:32.364221+00:00,6464,未取得,,,failure,公式取得元または参照先なし
2026-08-16T21:04:32.364221+00:00,6141,未取得,,,failure,公式取得元または参照先なし
2026-08-16T21:04:32.364221+00:00,9065,未取得,,,failure,公式取得元または参照先なし
2026-08-16T21:04:32.364221+00:00,6226,未取得,,,failure,公式取得元または参照先なし
2026-08-16T21:04:32.364221+00:00,4889,未取得,,,failure,公式取得元または参照先なし
2026-08-16T21:04:32.364221+00:00,7936,未取得,,,failure,公式取得元または参照先なし
2026-08-16T21:04:32.364221+00:00,1861,未取得,,,failure,公式取得元または参照先なし
2026-08-16T21:04:32.364221+00:00,3911,未取得,,,failure,公式取得元または参照先なし
2026-08-16T21:04:32.364221+00:00,4088,未取得,,,failure,公式取得元または参照先なし
2026-08-16T21:04:32.364221+00:00,4751,未取得,,,failure,公式取得元または参照先なし
2026-08-16T21:04:32.364221+00:00,4275,未取得,,,failure,公式取得元または参照先なし
2026-08-16T21:04:32.364221+00:00,4375,未取得,,,failure,公式取得元または参照先なし
2026-08-16T21:04:32.364221+00:00,9467,未取得,,,failure,公式取得元または参照先なし
2026-08-16T21:04:32.364221+00:00,9005,未取得,,,failure,公式取得元または参照先なし
2026-08-16T21:04:32.364221+00:00,4755,未取得,,,failure,公式取得元または参照先なし
2026-08-16T21:04:32.364221+00:00,1893,未取得,,,failure,公式取得元または参照先なし
2026-08-16T21:04:32.364221+00:00,4901,未取得,,,failure,公式取得元または参照先なし
2026-08-16T21:04:32.364221+00:00,6376,未取得,,,failure,公式取得元または参照先なし
2026-08-16T21:04:32.364221+00:00,3984,未取得,,,failure,公式取得元または参照先なし
2026-08-16T21:04:32.364221+00:00,6638,未取得,,,failure,公式取得元または参照先なし
2026-08-16T21:04:32.364221+00:00,7746,未取得,,,failure,公式取得元または参照先なし
2026-08-16T21:04:32.364221+00:00,7318,未取得,,,failure,公式取得元または参照先なし
2026-08-16T21:04:32.364221+00:00,6849,未取得,,,failure,公式取得元または参照先なし
2026-08-16T21:04:32.364221+00:00,7138,未取得,,,failure,公式取得元または参照先なし
2026-08-16T21:04:32.364221+00:00,9735,未取得,,,failure,公式取得元または参照先なし
2026-08-16T21:04:32.364221+00:00,7917,未取得,,,failure,公式取得元または参照先なし
2026-08-16T21:04:32.364221+00:00,1926,未取得,,,failure,公式取得元または参照先なし
2026-08-16T21:04:32.364221+00:00,8715,未取得,,,failure,公式取得元または参照先なし
2026-08-16T21:04:32.364221+00:00,1802,未取得,,,failure,公式取得元または参照先なし
2026-08-16T21:04:32.364221+00:00,1812,未取得,,,failure,公式取得元または参照先なし
2026-08-16T21:04:32.364221+00:00,1979,未取得,,,failure,公式取得元または参照先なし
2026-08-16T21:04:32.364221+00:00,4385,未取得,,,failure,公式取得元または参照先なし
2026-08-16T21:04:32.364221+00:00,2201,未取得,,,failure,公式取得元または参照先なし
2026-08-16T21:04:32.364221+00:00,5463,未取得,,,failure,公式取得元または参照先なし
2026-08-16T21:04:32.364221+00:00,9024,未取得,,,failure,公式取得元または参照先なし
2026-08-16T21:04:32.364221+00:00,5574,未取得,,,failure,公式取得元または参照先なし
2026-08-16T21:04:32.364221+00:00,5408,未取得,,,failure,公式取得元または参照先なし
2026-08-16T21:04:32.364221+00:00,5852,未取得,,,failure,公式取得元または参照先なし
2026-08-16T21:04:32.364221+00:00,9436,未取得,,,failure,公式取得元または参照先なし
2026-08-16T21:04:32.364221+00:00,7860,未取得,,,failure,公式取得元または参照先なし
2026-08-16T21:04:32.364221+00:00,5105,未取得,,,failure,公式取得元または参照先なし
2026-08-16T21:04:32.364221+00:00,2980,未取得,,,failure,公式取得元または参照先なし
2026-08-16T21:04:32.364221+00:00,6969,未取得,,,failure,公式取得元または参照先なし
2026-08-16T21:04:32.364221+00:00,2685,未取得,,,failure,公式取得元または参照先なし
2026-08-16T21:04:32.364221+00:00,3673,未取得,,,failure,公式取得元または参照先なし
2026-08-16T21:04:32.364221+00:00,1968,未取得,,,failure,公式取得元または参照先なし
2026-08-16T21:04:32.364221+00:00,2413,未取得,,,failure,公式取得元または参照先なし
2026-08-16T21:04:32.364221+00:00,6544,未取得,,,failure,公式取得元または参照先なし
2026-08-16T21:04:32.364221+00:00,6840,未取得,,,failure,公式取得元または参照先なし
2026-08-16T21:04:32.364221+00:00,7476,未取得,,,failure,公式取得元または参照先なし
2026-08-16T21:04:32.364221+00:00,3544,未取得,,,failure,公式取得元または参照先なし
2026-08-16T21:04:32.364221+00:00,2730,未取得,,,failure,公式取得元または参照先なし
2026-08-16T21:04:32.364221+00:00,9880,未取得,,,failure,公式取得元または参照先なし
2026-08-16T21:04:32.364221+00:00,2175,未取得,,,failure,公式取得元または参照先なし
2026-08-16T21:04:32.364221+00:00,9678,未取得,,,failure,公式取得元または参照先なし
2026-08-16T21:04:32.364221+00:00,9960,未取得,,,failure,公式取得元または参照先なし
2026-08-16T21:04:32.364221+00:00,7202,未取得,,,failure,公式取得元または参照先なし
2026-08-16T21:04:32.364221+00:00,6433,未取得,,,failure,公式取得元または参照先なし
2026-08-16T21:04:32.364221+00:00,5911,未取得,,,failure,公式取得元または参照先なし
2026-08-16T21:04:32.364221+00:00,4553,未取得,,,failure,公式取得元または参照先なし
2026-08-16T21:04:32.364221+00:00,5989,未取得,,,failure,公式取得元または参照先なし
2026-08-16T21:04:32.364221+00:00,3046,未取得,,,failure,公式取得元または参照先なし
2026-08-16T21:04:32.364221+00:00,6526,未取得,,,failure,公式取得元または参照先なし
2026-08-16T21:04:32.364221+00:00,8508,未取得,,,failure,公式取得元または参照先なし
2026-08-16T21:04:32.364221+00:00,6145,未取得,,,failure,公式取得元または参照先なし
2026-08-16T21:04:32.364221+00:00,4972,未取得,,,failure,公式取得元または参照先なし
2026-08-16T21:04:32.364221+00:00,1938,未取得,,,failure,公式取得元または参照先なし
2026-08-16T21:04:32.364221+00:00,7256,未取得,,,failure,公式取得元または参照先なし
2026-08-16T21:04:32.364221+00:00,4392,未取得,,,failure,公式取得元または参照先なし
2026-08-16T21:04:32.364221+00:00,6966,未取得,,,failure,公式取得元または参照先なし
2026-08-16T21:04:32.364221+00:00,3993,未取得,,,failure,公式取得元または参照先なし
2026-08-16T21:04:32.364221+00:00,7412,未取得,,,failure,公式取得元または参照先なし
2026-08-16T21:04:32.364221+00:00,7236,未取得,,,failure,公式取得元または参照先なし
2026-08-16T21:04:32.364221+00:00,6222,未取得,,,failure,公式取得元または参照先なし
2026-08-16T21:04:32.364221+00:00,5288,未取得,,,failure,公式取得元または参照先なし
2026-08-16T21:04:32.364221+00:00,5563,未取得,,,failure,公式取得元または参照先なし
2026-08-16T21:04:32.364221+00:00,1814,未取得,,,failure,公式取得元または参照先なし
2026-08-16T21:04:32.364221+00:00,9021,未取得,,,failure,公式取得元または参照先なし
2026-08-16T21:04:32.364221+00:00,1950,未取得,,,failure,公式取得元または参照先なし
2026-08-16T21:04:32.364221+00:00,1663,未取得,,,failure,公式取得元または参照先なし
2026-08-16T21:04:32.364221+00:00,8214,未取得,,,failure,公式取得元または参照先なし
2026-08-16T21:04:32.364221+00:00,6298,未取得,,,failure,公式取得元または参照先なし
2026-08-16T21:04:32.364221+00:00,7760,未取得,,,failure,公式取得元または参照先なし
2026-08-16T21:04:32.364221+00:00,7818,未取得,,,failure,公式取得元または参照先なし
2026-08-16T21:04:32.364221+00:00,6237,未取得,,,failure,公式取得元または参照先なし
2026-08-16T21:04:32.364221+00:00,4483,未取得,,,failure,公式取得元または参照先なし
2026-08-16T21:04:32.364221+00:00,3880,未取得,,,failure,公式取得元または参照先なし
2026-08-16T21:04:32.364221+00:00,4776,未取得,,,failure,公式取得元または参照先なし
2026-08-16T21:04:32.364221+00:00,6310,未取得,,,failure,公式取得元または参照先なし
2026-08-16T21:04:32.364221+00:00,7211,未取得,,,failure,公式取得元または参照先なし
2026-08-16T21:04:32.364221+00:00,7177,未取得,,,failure,公式取得元または参照先なし
2026-08-16T21:04:32.364221+00:00,2585,未取得,,,failure,公式取得元または参照先なし
2026-08-16T21:04:32.364221+00:00,3563,未取得,,,failure,公式取得元または参照先なし
2026-08-16T21:04:32.364221+00:00,3854,未取得,,,failure,公式取得元または参照先なし
2026-08-16T21:04:32.364221+00:00,3810,未取得,,,failure,公式取得元または参照先なし
2026-08-16T21:04:32.364221+00:00,7611,未取得,,,failure,公式取得元または参照先なし
2026-08-16T21:04:32.364221+00:00,6629,未取得,,,failure,公式取得元または参照先なし
2026-08-16T21:04:32.364221+00:00,8897,未取得,,,failure,公式取得元または参照先なし
2026-08-16T21:04:32.364221+00:00,7453,未取得,,,failure,公式取得元または参照先なし
2026-08-16T21:04:32.364221+00:00,7762,未取得,,,failure,公式取得元または参照先なし
2026-08-16T21:04:32.364221+00:00,6914,未取得,,,failure,公式取得元または参照先なし
2026-08-16T21:04:32.364221+00:00,7947,未取得,,,failure,公式取得元または参照先なし
2026-08-16T21:04:32.364221+00:00,4970,未取得,,,failure,公式取得元または参照先なし
2026-08-16T21:04:32.364221+00:00,6572,未取得,,,failure,公式取得元または参照先なし
2026-08-16T21:04:32.364221+00:00,7794,未取得,,,failure,公式取得元または参照先なし
2026-08-16T21:04:32.364221+00:00,7730,未取得,,,failure,公式取得元または参照先なし
2026-08-16T21:04:32.364221+00:00,4381,未取得,,,failure,公式取得元または参照先なし
2026-08-16T21:04:32.364221+00:00,7389,未取得,,,failure,公式取得元または参照先なし
2026-08-16T21:04:32.364221+00:00,2590,未取得,,,failure,公式取得元または参照先なし
2026-08-16T21:04:32.364221+00:00,2670,未取得,,,failure,公式取得元または参照先なし
2026-08-16T21:04:32.364221+00:00,3778,未取得,,,failure,公式取得元または参照先なし
2026-08-16T21:04:32.364221+00:00,3176,未取得,,,failure,公式取得元または参照先なし
2026-08-16T21:04:32.364221+00:00,2181,未取得,,,failure,公式取得元または参照先なし
2026-08-16T21:04:32.364221+00:00,3105,未取得,,,failure,公式取得元または参照先なし
2026-08-16T21:04:32.364221+00:00,3276,未取得,,,failure,公式取得元または参照先なし
2026-08-16T21:04:32.364221+00:00,9962,未取得,,,failure,公式取得元または参照先なし
2026-08-16T21:04:32.364221+00:00,3156,未取得,,,failure,公式取得元または参照先なし
2026-08-16T21:04:32.364221+00:00,9551,未取得,,,failure,公式取得元または参照先なし
2026-08-16T21:04:32.364221+00:00,3040,未取得,,,failure,公式取得元または参照先なし
2026-08-16T21:04:32.364221+00:00,9433,未取得,,,failure,公式取得元または参照先なし
2026-08-16T21:04:32.364221+00:00,9744,未取得,,,failure,公式取得元または参照先なし
2026-08-16T21:04:32.364221+00:00,4826,未取得,,,failure,公式取得元または参照先なし
2026-08-16T21:04:32.364221+00:00,5334,未取得,,,failure,公式取得元または参照先なし
2026-08-16T21:04:32.364221+00:00,9997,未取得,,,failure,公式取得元または参照先なし
2026-08-16T21:04:32.364221+00:00,5445,未取得,,,failure,公式取得元または参照先なし
2026-08-16T21:04:32.364221+00:00,8167,未取得,,,failure,公式取得元または参照先なし
2026-08-16T21:04:32.364221+00:00,5253,未取得,,,failure,公式取得元または参照先なし
2026-08-16T21:04:32.364221+00:00,5659,未取得,,,failure,公式取得元または参照先なし
2026-08-16T21:04:32.364221+00:00,1605,未取得,,,failure,公式取得元または参照先なし
2026-08-16T21:04:32.364221+00:00,5121,未取得,,,failure,公式取得元または参照先なし
2026-08-16T21:04:32.364221+00:00,8185,未取得,,,failure,公式取得元または参照先なし
2026-08-16T21:04:32.364221+00:00,7984,未取得,,,failure,公式取得元または参照先なし
2026-08-16T21:04:32.364221+00:00,6227,未取得,,,failure,公式取得元または参照先なし
2026-08-16T21:04:32.364221+00:00,6118,未取得,,,failure,公式取得元または参照先なし
2026-08-16T21:04:32.364221+00:00,6368,未取得,,,failure,公式取得元または参照先なし
2026-08-16T21:04:32.364221+00:00,6369,未取得,,,failure,公式取得元または参照先なし
2026-08-16T21:04:32.364221+00:00,6005,未取得,,,failure,公式取得元または参照先なし
2026-08-16T21:04:32.364221+00:00,4992,未取得,,,failure,公式取得元または参照先なし
2026-08-16T21:04:32.364221+00:00,5901,未取得,,,failure,公式取得元または参照先なし
2026-08-16T21:04:32.364221+00:00,5930,未取得,,,failure,公式取得元または参照先なし
2026-08-16T21:04:32.364221+00:00,6458,未取得,,,failure,公式取得元または参照先なし
2026-08-16T21:04:32.364221+00:00,8043,未取得,,,failure,公式取得元または参照先なし
2026-08-16T21:04:32.364221+00:00,4548,未取得,,,failure,公式取得元または参照先なし
2026-08-16T21:04:32.364221+00:00,9302,未取得,,,failure,公式取得元または参照先なし
2026-08-16T21:04:32.364221+00:00,9424,未取得,,,failure,公式取得元または参照先なし
2026-08-16T21:04:32.364221+00:00,5232,未取得,,,failure,公式取得元または参照先なし
2026-08-16T21:04:32.364221+00:00,4784,未取得,,,failure,公式取得元または参照先なし
2026-08-16T21:04:32.364221+00:00,1951,未取得,,,failure,公式取得元または参照先なし
2026-08-16T21:04:32.364221+00:00,1786,未取得,,,failure,公式取得元または参照先なし
2026-08-16T21:04:32.364221+00:00,1815,未取得,,,failure,公式取得元または参照先なし
2026-08-16T21:04:32.364221+00:00,1801,未取得,,,failure,公式取得元または参照先なし
2026-08-16T21:04:32.364221+00:00,1952,未取得,,,failure,公式取得元または参照先なし
2026-08-16T21:04:32.364221+00:00,8281,未取得,,,failure,公式取得元または参照先なし
2026-08-16T21:04:32.364221+00:00,4095,未取得,,,failure,公式取得元または参照先なし
2026-08-16T21:04:32.364221+00:00,8995,未取得,,,failure,公式取得元または参照先なし
2026-08-16T21:04:32.364221+00:00,7599,未取得,,,failure,公式取得元または参照先なし
2026-08-16T21:04:32.364221+00:00,6814,未取得,,,failure,公式取得元または参照先なし
2026-08-16T21:04:32.364221+00:00,6315,未取得,,,failure,公式取得元または参照先なし
2026-08-16T21:04:32.364221+00:00,4554,未取得,,,failure,公式取得元または参照先なし
2026-08-16T21:04:32.364221+00:00,4475,未取得,,,failure,公式取得元または参照先なし
2026-08-16T21:04:32.364221+00:00,3798,未取得,,,failure,公式取得元または参照先なし
2026-08-16T21:04:32.364221+00:00,4419,未取得,,,failure,公式取得元または参照先なし
2026-08-16T21:04:32.364221+00:00,2918,未取得,,,failure,公式取得元または参照先なし
2026-08-16T21:04:32.364221+00:00,3660,未取得,,,failure,公式取得元または参照先なし
2026-08-16T21:04:32.364221+00:00,3661,未取得,,,failure,公式取得元または参照先なし
2026-08-16T21:04:32.364221+00:00,2533,未取得,,,failure,公式取得元または参照先なし
2026-08-16T21:04:32.364221+00:00,7047,未取得,,,failure,公式取得元または参照先なし
2026-08-16T21:04:32.364221+00:00,6997,未取得,,,failure,公式取得元または参照先なし
2026-08-16T21:04:32.364221+00:00,4022,未取得,,,failure,公式取得元または参照先なし
2026-08-16T21:04:32.364221+00:00,2157,未取得,,,failure,公式取得元または参照先なし
2026-08-16T21:04:32.364221+00:00,3036,未取得,,,failure,公式取得元または参照先なし
2026-08-16T21:04:32.364221+00:00,3002,未取得,,,failure,公式取得元または参照先なし
2026-08-16T21:04:32.364221+00:00,7198,未取得,,,failure,公式取得元または参照先なし
2026-08-16T21:04:32.364221+00:00,7278,未取得,,,failure,公式取得元または参照先なし
2026-08-16T21:04:32.364221+00:00,9861,未取得,,,failure,公式取得元または参照先なし
2026-08-16T21:04:32.364221+00:00,9508,未取得,,,failure,公式取得元または参照先なし
2026-08-16T21:04:32.364221+00:00,2220,未取得,,,failure,公式取得元または参照先なし
2026-08-16T21:04:32.364221+00:00,3284,未取得,,,failure,公式取得元または参照先なし
2026-08-16T21:04:32.364221+00:00,3333,未取得,,,failure,公式取得元または参照先なし
2026-08-16T21:04:32.364221+00:00,3444,未取得,,,failure,公式取得元または参照先なし
2026-08-16T21:04:32.364221+00:00,3443,未取得,,,failure,公式取得元または参照先なし
2026-08-16T21:04:32.364221+00:00,2734,未取得,,,failure,公式取得元または参照先なし
2026-08-16T21:04:32.364221+00:00,3612,未取得,,,failure,公式取得元または参照先なし
2026-08-16T21:04:32.364221+00:00,2602,未取得,,,failure,公式取得元または参照先なし
2026-08-16T21:04:32.364221+00:00,7226,未取得,,,failure,公式取得元または参照先なし
2026-08-16T21:04:32.364221+00:00,4194,未取得,,,failure,公式取得元または参照先なし
2026-08-16T21:04:32.364221+00:00,4204,未取得,,,failure,公式取得元または参照先なし
2026-08-16T21:04:32.364221+00:00,7610,未取得,,,failure,公式取得元または参照先なし
2026-08-16T21:04:32.364221+00:00,4071,未取得,,,failure,公式取得元または参照先なし
2026-08-16T21:04:32.364221+00:00,4246,未取得,,,failure,公式取得元または参照先なし
2026-08-16T21:04:32.364221+00:00,6794,未取得,,,failure,公式取得元または参照先なし
2026-08-16T21:04:32.364221+00:00,7595,未取得,,,failure,公式取得元または参照先なし
2026-08-16T21:04:32.364221+00:00,7609,未取得,,,failure,公式取得元または参照先なし
2026-08-16T21:04:32.364221+00:00,7409,未取得,,,failure,公式取得元または参照先なし
2026-08-16T21:04:32.364221+00:00,6986,未取得,,,failure,公式取得元または参照先なし
2026-08-16T21:04:32.364221+00:00,3907,未取得,,,failure,公式取得元または参照先なし
2026-08-16T21:04:32.364221+00:00,3905,未取得,,,failure,公式取得元または参照先なし
2026-08-16T21:04:32.364221+00:00,3387,未取得,,,failure,公式取得元または参照先なし
2026-08-16T21:04:32.364221+00:00,3946,未取得,,,failure,公式取得元または参照先なし
2026-08-16T21:04:32.364221+00:00,3395,未取得,,,failure,公式取得元または参照先なし
2026-08-16T21:04:32.364221+00:00,6590,未取得,,,failure,公式取得元または参照先なし
2026-08-16T21:04:32.364221+00:00,8708,未取得,,,failure,公式取得元または参照先なし
2026-08-16T21:04:32.364221+00:00,6958,未取得,,,failure,公式取得元または参照先なし
2026-08-16T21:04:32.364221+00:00,6861,未取得,,,failure,公式取得元または参照先なし
2026-08-16T21:04:32.364221+00:00,6859,未取得,,,failure,公式取得元または参照先なし
2026-08-16T21:04:32.364221+00:00,7246,未取得,,,failure,公式取得元または参照先なし
2026-08-16T21:04:32.364221+00:00,2353,未取得,,,failure,公式取得元または参照先なし
2026-08-16T21:04:32.364221+00:00,2168,未取得,,,failure,公式取得元または参照先なし
2026-08-16T21:04:32.364221+00:00,8584,未取得,,,failure,公式取得元または参照先なし
2026-08-16T21:04:32.364221+00:00,6306,未取得,,,failure,公式取得元または参照先なし
2026-08-16T21:04:32.364221+00:00,4658,未取得,,,failure,公式取得元または参照先なし
2026-08-16T21:04:32.364221+00:00,4641,未取得,,,failure,公式取得元または参照先なし
2026-08-16T21:04:32.364221+00:00,4540,未取得,,,failure,公式取得元または参照先なし
2026-08-16T21:04:32.364221+00:00,4620,未取得,,,failure,公式取得元または参照先なし
2026-08-16T21:04:32.364221+00:00,6183,未取得,,,failure,公式取得元または参照先なし
2026-08-16T21:04:32.364221+00:00,6196,未取得,,,failure,公式取得元または参照先なし
2026-08-16T21:04:32.364221+00:00,6055,未取得,,,failure,公式取得元または参照先なし
2026-08-16T21:04:32.364221+00:00,5076,未取得,,,failure,公式取得元または参照先なし
2026-08-16T21:04:32.364221+00:00,5101,未取得,,,failure,公式取得元または参照先なし
2026-08-16T21:04:32.364221+00:00,8051,未取得,,,failure,公式取得元または参照先なし
2026-08-16T21:04:32.364221+00:00,4973,未取得,,,failure,公式取得元または参照先なし
2026-08-16T21:04:32.364221+00:00,6254,未取得,,,failure,公式取得元または参照先なし
2026-08-16T21:04:32.364221+00:00,6232,未取得,,,failure,公式取得元または参照先なし
2026-08-16T21:04:32.364221+00:00,7803,未取得,,,failure,公式取得元または参照先なし
2026-08-16T21:04:32.364221+00:00,5702,未取得,,,failure,公式取得元または参照先なし
2026-08-16T21:04:32.364221+00:00,8060,未取得,,,failure,公式取得元または参照先なし
2026-08-16T21:04:32.364221+00:00,8057,未取得,,,failure,公式取得元または参照先なし
2026-08-16T21:04:32.364221+00:00,8020,未取得,,,failure,公式取得元または参照先なし
2026-08-16T21:04:32.364221+00:00,4828,未取得,,,failure,公式取得元または参照先なし
2026-08-16T21:04:32.364221+00:00,5851,未取得,,,failure,公式取得元または参照先なし
2026-08-16T21:04:32.364221+00:00,1822,未取得,,,failure,公式取得元または参照先なし
2026-08-16T21:04:32.364221+00:00,5410,未取得,,,failure,公式取得元または参照先なし
2026-08-16T21:04:32.364221+00:00,5541,未取得,,,failure,公式取得元または参照先なし
2026-08-16T21:04:32.364221+00:00,1419,未取得,,,failure,公式取得元または参照先なし
2026-08-16T21:04:32.364221+00:00,4848,未取得,,,failure,公式取得元または参照先なし
2026-08-16T21:04:32.364221+00:00,9504,未取得,,,failure,公式取得元または参照先なし
2026-08-16T21:04:32.364221+00:00,9506,未取得,,,failure,公式取得元または参照先なし
2026-08-16T21:04:32.364221+00:00,9449,未取得,,,failure,公式取得元または参照先なし
2026-08-16T21:04:32.364221+00:00,1879,未取得,,,failure,公式取得元または参照先なし
2026-08-16T21:04:32.364221+00:00,9470,未取得,,,failure,公式取得元または参照先なし
2026-08-16T21:04:32.364221+00:00,9474,未取得,,,failure,公式取得元または参照先なし
2026-08-16T21:04:32.364221+00:00,9432,未取得,,,failure,公式取得元または参照先なし
2026-08-16T21:04:32.364221+00:00,2492,未取得,,,failure,公式取得元または参照先なし
2026-08-16T21:04:32.364221+00:00,9037,未取得,,,failure,公式取得元または参照先なし
2026-08-16T21:04:32.364221+00:00,9119,未取得,,,failure,公式取得元または参照先なし
2026-08-16T21:04:32.364221+00:00,9227,未取得,,,failure,公式取得元または参照先なし
2026-08-16T21:04:32.364221+00:00,9201,未取得,,,failure,公式取得元または参照先なし
2026-08-16T21:04:32.364221+00:00,9348,未取得,,,failure,公式取得元または参照先なし
2026-08-16T21:04:32.364221+00:00,9418,未取得,,,failure,公式取得元または参照先なし
2026-08-16T21:04:32.364221+00:00,9211,未取得,,,failure,公式取得元または参照先なし
2026-08-16T21:04:32.364221+00:00,1514,未取得,,,failure,公式取得元または参照先なし
2026-08-16T21:04:32.364221+00:00,1887,未取得,,,failure,公式取得元または参照先なし
2026-08-16T21:04:32.364221+00:00,9023,未取得,,,failure,公式取得元または参照先なし
2026-08-16T21:04:32.364221+00:00,9009,未取得,,,failure,公式取得元または参照先なし
2026-08-16T21:04:32.364221+00:00,9042,未取得,,,failure,公式取得元または参照先なし
2026-08-16T21:04:32.364221+00:00,6135,未取得,,,failure,公式取得元または参照先なし
2026-08-16T21:04:32.364221+00:00,4732,未取得,,,failure,公式取得元または参照先なし
2026-08-16T21:04:32.364221+00:00,4477,未取得,,,failure,公式取得元または参照先なし
2026-08-16T21:04:32.364221+00:00,7972,未取得,,,failure,公式取得元または参照先なし
2026-08-16T21:04:32.364221+00:00,4812,未取得,,,failure,公式取得元または参照先なし
2026-08-16T21:04:32.364221+00:00,1662,未取得,,,failure,公式取得元または参照先なし
2026-08-16T21:04:32.364221+00:00,5715,未取得,,,failure,公式取得元または参照先なし
2026-08-16T21:04:32.364221+00:00,5802,未取得,,,failure,公式取得元または参照先なし
2026-08-16T21:04:32.364221+00:00,5471,未取得,,,failure,公式取得元または参照先なし
2026-08-16T21:04:32.364221+00:00,5393,未取得,,,failure,公式取得元または参照先なし
2026-08-16T21:04:32.364221+00:00,8334,未取得,,,failure,公式取得元または参照先なし
2026-08-16T21:04:32.364221+00:00,8103,未取得,,,failure,公式取得元または参照先なし
2026-08-16T21:04:32.364221+00:00,5019,未取得,,,failure,公式取得元または参照先なし
2026-08-16T21:04:32.364221+00:00,7974,未取得,,,failure,公式取得元または参照先なし
2026-08-16T21:04:32.364221+00:00,5032,未取得,,,failure,公式取得元または参照先なし
2026-08-16T21:04:32.364221+00:00,2371,未取得,,,failure,公式取得元または参照先なし
2026-08-16T21:04:32.364221+00:00,3856,未取得,,,failure,公式取得元または参照先なし
2026-08-16T21:04:32.364221+00:00,3891,未取得,,,failure,公式取得元または参照先なし
2026-08-16T21:04:32.364221+00:00,4091,未取得,,,failure,公式取得元または参照先なし
2026-08-16T21:04:32.364221+00:00,4324,未取得,,,failure,公式取得元または参照先なし
2026-08-16T21:04:32.364221+00:00,4052,未取得,,,failure,公式取得元または参照先なし
2026-08-16T21:04:32.364221+00:00,3968,未取得,,,failure,公式取得元または参照先なし
2026-08-16T21:04:32.364221+00:00,6627,未取得,,,failure,公式取得元または参照先なし
2026-08-16T21:04:32.364221+00:00,6769,未取得,,,failure,公式取得元または参照先なし
2026-08-16T21:04:32.364221+00:00,4396,未取得,,,failure,公式取得元または参照先なし
2026-08-16T21:04:32.364221+00:00,8558,未取得,,,failure,公式取得元または参照先なし
2026-08-16T21:04:32.364221+00:00,6474,未取得,,,failure,公式取得元または参照先なし
2026-08-16T21:04:32.364221+00:00,6501,未取得,,,failure,公式取得元または参照先なし
2026-08-16T21:04:32.364221+00:00,6418,未取得,,,failure,公式取得元または参照先なし
2026-08-16T21:04:32.364221+00:00,6522,未取得,,,failure,公式取得元または参照先なし
2026-08-16T21:04:32.364221+00:00,6507,未取得,,,failure,公式取得元または参照先なし
2026-08-16T21:04:32.364221+00:00,8399,未取得,,,failure,公式取得元または参照先なし
2026-08-16T21:04:32.364221+00:00,2931,未取得,,,failure,公式取得元または参照先なし
2026-08-16T21:04:32.364221+00:00,3608,未取得,,,failure,公式取得元または参照先なし
2026-08-16T21:04:32.364221+00:00,3844,未取得,,,failure,公式取得元または参照先なし
2026-08-16T21:04:32.364221+00:00,6584,未取得,,,failure,公式取得元または参照先なし
2026-08-16T21:04:32.364221+00:00,7004,未取得,,,failure,公式取得元または参照先なし
2026-08-16T21:04:32.364221+00:00,7012,未取得,,,failure,公式取得元または参照先なし
2026-08-16T21:04:32.364221+00:00,7242,未取得,,,failure,公式取得元または参照先なし
2026-08-16T21:04:32.364221+00:00,6908,未取得,,,failure,公式取得元または参照先なし
2026-08-16T21:04:32.364221+00:00,1982,未取得,,,failure,公式取得元または参照先なし
2026-08-16T21:04:32.364221+00:00,2124,未取得,,,failure,公式取得元または参照先なし
2026-08-16T21:04:32.364221+00:00,1720,未取得,,,failure,公式取得元または参照先なし
2026-08-16T21:04:32.364221+00:00,9766,未取得,,,failure,公式取得元または参照先なし
2026-08-16T21:04:32.364221+00:00,2158,未取得,,,failure,公式取得元または参照先なし
2026-08-16T21:04:32.364221+00:00,6330,未取得,,,failure,公式取得元または参照先なし
2026-08-16T21:04:32.364221+00:00,6331,未取得,,,failure,公式取得元または参照先なし
2026-08-16T21:04:32.364221+00:00,9409,未取得,,,failure,公式取得元または参照先なし
2026-08-16T21:04:32.364221+00:00,8194,未取得,,,failure,公式取得元または参照先なし
2026-08-16T21:04:32.364221+00:00,4825,未取得,,,failure,公式取得元または参照先なし
2026-08-16T21:04:32.364221+00:00,4919,未取得,,,failure,公式取得元または参照先なし
2026-08-16T21:04:32.364221+00:00,9301,未取得,,,failure,公式取得元または参照先なし
2026-08-16T21:04:32.364221+00:00,4902,未取得,,,failure,公式取得元または参照先なし
2026-08-16T21:04:32.364221+00:00,8273,未取得,,,failure,公式取得元または参照先なし
2026-08-16T21:04:32.364221+00:00,7944,未取得,,,failure,公式取得元または参照先なし
2026-08-16T21:04:32.364221+00:00,7966,未取得,,,failure,公式取得元または参照先なし
2026-08-16T21:04:32.364221+00:00,5703,未取得,,,failure,公式取得元または参照先なし
2026-08-16T21:04:32.364221+00:00,8078,未取得,,,failure,公式取得元または参照先なし
2026-08-16T21:04:32.364221+00:00,8005,未取得,,,failure,公式取得元または参照先なし
2026-08-16T21:04:32.364221+00:00,4528,未取得,,,failure,公式取得元または参照先なし
2026-08-16T21:04:32.364221+00:00,4044,未取得,,,failure,公式取得元または参照先なし
2026-08-16T21:04:32.364221+00:00,6724,未取得,,,failure,公式取得元または参照先なし
2026-08-16T21:04:32.364221+00:00,3350,未取得,,,failure,公式取得元または参照先なし
2026-08-16T21:04:32.364221+00:00,7545,未取得,,,failure,公式取得元または参照先なし
2026-08-16T21:04:32.364221+00:00,7182,未取得,,,failure,公式取得元または参照先なし
2026-08-16T21:04:32.364221+00:00,7071,未取得,,,failure,公式取得元または参照先なし
2026-08-16T21:04:32.364221+00:00,9513,未取得,,,failure,公式取得元または参照先なし
2026-08-16T21:04:32.364221+00:00,9888,未取得,,,failure,公式取得元または参照先なし
2026-08-16T21:04:32.364221+00:00,2811,未取得,,,failure,公式取得元または参照先なし
2026-08-16T21:04:32.364221+00:00,2593,未取得,,,failure,公式取得元または参照先なし
2026-08-16T21:04:32.364221+00:00,3864,未取得,,,failure,公式取得元または参照先なし
2026-08-16T21:04:32.364221+00:00,6988,未取得,,,failure,公式取得元または参照先なし
2026-08-16T21:04:32.364221+00:00,2760,未取得,,,failure,公式取得元または参照先なし
2026-08-16T21:04:32.364221+00:00,2749,未取得,,,failure,公式取得元または参照先なし
2026-08-16T21:04:32.364221+00:00,2130,未取得,,,failure,公式取得元または参照先なし
2026-08-16T21:04:32.364221+00:00,3315,未取得,,,failure,公式取得元または参照先なし
2026-08-16T21:04:32.364221+00:00,4480,未取得,,,failure,公式取得元または参照先なし
2026-08-16T21:04:32.364221+00:00,4478,未取得,,,failure,公式取得元または参照先なし
2026-08-16T21:04:32.364221+00:00,4552,未取得,,,failure,公式取得元または参照先なし
2026-08-16T21:04:32.364221+00:00,4543,未取得,,,failure,公式取得元または参照先なし
2026-08-16T21:04:32.364221+00:00,5246,未取得,,,failure,公式取得元または参照先なし
2026-08-16T21:04:32.364221+00:00,5243,未取得,,,failure,公式取得元または参照先なし
2026-08-16T21:04:32.364221+00:00,1719,未取得,,,failure,公式取得元または参照先なし
2026-08-16T21:04:32.364221+00:00,1961,未取得,,,failure,公式取得元または参照先なし
2026-08-16T21:04:32.364221+00:00,2432,未取得,,,failure,公式取得元または参照先なし
2026-08-16T21:04:32.364221+00:00,9104,未取得,,,failure,公式取得元または参照先なし
2026-08-16T21:04:32.364221+00:00,9006,未取得,,,failure,公式取得元または参照先なし
2026-08-16T21:04:32.364221+00:00,9031,未取得,,,failure,公式取得元または参照先なし
2026-08-16T21:04:32.364221+00:00,9076,未取得,,,failure,公式取得元または参照先なし
2026-08-16T21:04:32.364221+00:00,9107,未取得,,,failure,公式取得元または参照先なし
2026-08-16T21:04:32.364221+00:00,2471,未取得,,,failure,公式取得元または参照先なし
2026-08-16T21:04:32.364221+00:00,8142,未取得,,,failure,公式取得元または参照先なし
2026-08-16T21:04:32.364221+00:00,8359,未取得,,,failure,公式取得元または参照先なし
2026-08-16T21:04:32.364221+00:00,8151,未取得,,,failure,公式取得元または参照先なし
2026-08-16T21:04:32.364221+00:00,8306,未取得,,,failure,公式取得元または参照先なし
2026-08-16T21:04:32.364221+00:00,8304,未取得,,,failure,公式取得元または参照先なし
2026-08-16T21:04:32.364221+00:00,1942,未取得,,,failure,公式取得元または参照先なし
2026-08-16T21:04:32.364221+00:00,9304,未取得,,,failure,公式取得元または参照先なし
2026-08-16T21:04:32.364221+00:00,9324,未取得,,,failure,公式取得元または参照先なし
2026-08-16T21:04:32.364221+00:00,9147,未取得,,,failure,公式取得元または参照先なし
2026-08-16T21:04:32.364221+00:00,4575,未取得,,,failure,公式取得元または参照先なし
2026-08-16T21:04:32.364221+00:00,6047,未取得,,,failure,公式取得元または参照先なし
2026-08-16T21:04:32.364221+00:00,4165,未取得,,,failure,公式取得元または参照先なし
2026-08-16T21:04:32.364221+00:00,4180,未取得,,,failure,公式取得元または参照先なし
2026-08-16T21:04:32.364221+00:00,7868,未取得,,,failure,公式取得元または参照先なし
2026-08-16T21:04:32.364221+00:00,6255,未取得,,,failure,公式取得元または参照先なし
2026-08-16T21:04:32.364221+00:00,7979,未取得,,,failure,公式取得元または参照先なし
2026-08-16T21:04:32.364221+00:00,6203,未取得,,,failure,公式取得元または参照先なし
2026-08-16T21:04:32.364221+00:00,4849,未取得,,,failure,公式取得元または参照先なし
2026-08-16T21:04:32.364221+00:00,5201,未取得,,,failure,公式取得元または参照先なし
2026-08-16T21:04:32.364221+00:00,4956,未取得,,,failure,公式取得元または参照先なし
2026-08-16T21:04:32.364221+00:00,4914,未取得,,,failure,公式取得元または参照先なし
2026-08-16T21:04:32.364221+00:00,8591,未取得,,,failure,公式取得元または参照先なし
2026-08-16T21:04:32.364221+00:00,8706,未取得,,,failure,公式取得元または参照先なし
2026-08-16T21:04:32.364221+00:00,8628,未取得,,,failure,公式取得元または参照先なし
2026-08-16T21:04:32.364221+00:00,8624,未取得,,,failure,公式取得元または参照先なし
2026-08-16T21:04:32.364221+00:00,6469,未取得,,,failure,公式取得元または参照先なし
2026-08-16T21:04:32.364221+00:00,8358,未取得,,,failure,公式取得元または参照先なし
2026-08-16T21:04:32.364221+00:00,5957,未取得,,,failure,公式取得元または参照先なし
2026-08-16T21:04:32.364221+00:00,5985,未取得,,,failure,公式取得元または参照先なし
2026-08-16T21:04:32.364221+00:00,8354,未取得,,,failure,公式取得元または参照先なし
2026-08-16T21:04:32.364221+00:00,8344,未取得,,,failure,公式取得元または参照先なし
2026-08-16T21:04:32.364221+00:00,8343,未取得,,,failure,公式取得元または参照先なし
2026-08-16T21:04:32.364221+00:00,8392,未取得,,,failure,公式取得元または参照先なし
2026-08-16T21:04:32.364221+00:00,8346,未取得,,,failure,公式取得元または参照先なし
2026-08-16T21:04:32.364221+00:00,8367,未取得,,,failure,公式取得元または参照先なし
2026-08-16T21:04:32.364221+00:00,8377,未取得,,,failure,公式取得元または参照先なし
2026-08-16T21:04:32.364221+00:00,8368,未取得,,,failure,公式取得元または参照先なし
2026-08-16T21:04:32.364221+00:00,3989,未取得,,,failure,公式取得元または参照先なし
2026-08-16T21:04:32.364221+00:00,3923,未取得,,,failure,公式取得元または参照先なし
2026-08-16T21:04:32.364221+00:00,3915,未取得,,,failure,公式取得元または参照先なし
2026-08-16T21:04:32.364221+00:00,4043,未取得,,,failure,公式取得元または参照先なし
2026-08-16T21:04:32.364221+00:00,6701,未取得,,,failure,公式取得元または参照先なし
2026-08-16T21:04:32.364221+00:00,6617,未取得,,,failure,公式取得元または参照先なし
2026-08-16T21:04:32.364221+00:00,6532,未取得,,,failure,公式取得元または参照先なし
2026-08-16T21:04:32.364221+00:00,6535,未取得,,,failure,公式取得元または参照先なし
2026-08-16T21:04:32.364221+00:00,6758,未取得,,,failure,公式取得元または参照先なし
2026-08-16T21:04:32.364221+00:00,4443,未取得,,,failure,公式取得元または参照先なし
2026-08-16T21:04:32.364221+00:00,4228,未取得,,,failure,公式取得元または参照先なし
2026-08-16T21:04:32.364221+00:00,4202,未取得,,,failure,公式取得元または参照先なし
2026-08-16T21:04:32.364221+00:00,7727,未取得,,,failure,公式取得元または参照先なし
2026-08-16T21:04:32.364221+00:00,7715,未取得,,,failure,公式取得元または参照先なし
2026-08-16T21:04:32.364221+00:00,7537,未取得,,,failure,公式取得元または参照先なし
2026-08-16T21:04:32.364221+00:00,6753,未取得,,,failure,公式取得元または参照先なし
2026-08-16T21:04:32.364221+00:00,8524,未取得,,,failure,公式取得元または参照先なし
2026-08-16T21:04:32.364221+00:00,8425,未取得,,,failure,公式取得元または参照先なし
2026-08-16T21:04:32.364221+00:00,8541,未取得,,,failure,公式取得元または参照先なし
2026-08-16T21:04:32.364221+00:00,4432,未取得,,,failure,公式取得元または参照先なし
2026-08-16T21:04:32.364221+00:00,4373,未取得,,,failure,公式取得元または参照先なし
2026-08-16T21:04:32.364221+00:00,6371,未取得,,,failure,公式取得元または参照先なし
2026-08-16T21:04:32.364221+00:00,6258,未取得,,,failure,公式取得元または参照先なし
2026-08-16T21:04:32.364221+00:00,6472,未取得,,,failure,公式取得元または参照先なし
2026-08-16T21:04:32.364221+00:00,6264,未取得,,,failure,公式取得元または参照先なし
2026-08-16T21:04:32.364221+00:00,6309,未取得,,,failure,公式取得元または参照先なし
2026-08-16T21:04:32.364221+00:00,7752,未取得,,,failure,公式取得元または参照先なし
2026-08-16T21:04:32.364221+00:00,7751,未取得,,,failure,公式取得元または参照先なし
2026-08-16T21:04:32.364221+00:00,6905,未取得,,,failure,公式取得元または参照先なし
2026-08-16T21:04:32.364221+00:00,7014,未取得,,,failure,公式取得元または参照先なし
2026-08-16T21:04:32.364221+00:00,8789,未取得,,,failure,公式取得元または参照先なし
2026-08-16T21:04:32.364221+00:00,8739,未取得,,,failure,公式取得元または参照先なし
2026-08-16T21:04:32.364221+00:00,3659,未取得,,,failure,公式取得元または参照先なし
2026-08-16T21:04:32.364221+00:00,3632,未取得,,,failure,公式取得元または参照先なし
2026-08-16T21:04:32.364221+00:00,3765,未取得,,,failure,公式取得元または参照先なし
2026-08-16T21:04:32.364221+00:00,3762,未取得,,,failure,公式取得元または参照先なし
2026-08-16T21:04:32.364221+00:00,3668,未取得,,,failure,公式取得元または参照先なし
2026-08-16T21:04:32.364221+00:00,7327,未取得,,,failure,公式取得元または参照先なし
2026-08-16T21:04:32.364221+00:00,7241,未取得,,,failure,公式取得元または参照先なし
2026-08-16T21:04:32.364221+00:00,7381,未取得,,,failure,公式取得元または参照先なし
2026-08-16T21:04:32.364221+00:00,7322,未取得,,,failure,公式取得元または参照先なし
2026-08-16T21:04:32.364221+00:00,7337,未取得,,,failure,公式取得元または参照先なし
2026-08-16T21:04:32.364221+00:00,8707,未取得,,,failure,公式取得元または参照先なし
2026-08-16T21:04:32.364221+00:00,3863,未取得,,,failure,公式取得元または参照先なし
2026-08-16T21:04:32.364221+00:00,6994,未取得,,,failure,公式取得元または参照先なし
2026-08-16T21:04:32.364221+00:00,7013,未取得,,,failure,公式取得元または参照先なし
2026-08-16T21:04:32.364221+00:00,2501,未取得,,,failure,公式取得元または参照先なし
2026-08-16T21:04:32.364221+00:00,3399,未取得,,,failure,公式取得元または参照先なし
2026-08-16T21:04:32.364221+00:00,3034,未取得,,,failure,公式取得元または参照先なし
2026-08-16T21:04:32.364221+00:00,3201,未取得,,,failure,公式取得元または参照先なし
2026-08-16T21:04:32.364221+00:00,3103,未取得,,,failure,公式取得元または参照先なし
2026-08-16T21:04:32.364221+00:00,2146,未取得,,,failure,公式取得元または参照先なし
2026-08-16T21:04:32.364221+00:00,2502,未取得,,,failure,公式取得元または参照先なし
2026-08-16T21:04:32.364221+00:00,2327,未取得,,,failure,公式取得元または参照先なし
2026-08-16T21:04:32.364221+00:00,2354,未取得,,,failure,公式取得元または参照先なし
2026-08-16T21:04:32.364221+00:00,2222,未取得,,,failure,公式取得元または参照先なし
2026-08-16T21:04:32.364221+00:00,9984,未取得,,,failure,公式取得元または参照先なし
2026-08-16T21:04:32.364221+00:00,7164,未取得,,,failure,公式取得元または参照先なし
2026-08-16T21:04:32.364221+00:00,7184,未取得,,,failure,公式取得元または参照先なし
2026-08-16T21:04:32.364221+00:00,9716,未取得,,,failure,公式取得元または参照先なし
2026-08-16T21:04:32.364221+00:00,9759,未取得,,,failure,公式取得元または参照先なし
2026-08-16T21:04:32.364221+00:00,9743,未取得,,,failure,公式取得元または参照先なし
2026-08-16T21:04:32.364221+00:00,9793,未取得,,,failure,公式取得元または参照先なし
2026-08-16T21:04:32.364221+00:00,9543,未取得,,,failure,公式取得元または参照先なし
2026-08-16T21:04:32.364221+00:00,7224,未取得,,,failure,公式取得元または参照先なし
2026-08-16T21:04:32.364221+00:00,7649,未取得,,,failure,公式取得元または参照先なし
2026-08-16T21:04:32.364221+00:00,9956,未取得,,,failure,公式取得元または参照先なし
2026-08-16T21:04:32.364221+00:00,6838,未取得,,,failure,公式取得元または参照先なし
2026-08-16T21:04:32.364221+00:00,7719,未取得,,,failure,公式取得元または参照先なし
2026-08-16T21:04:32.364221+00:00,6666,未取得,,,failure,公式取得元または参照先なし
2026-08-16T21:04:32.364221+00:00,6800,未取得,,,failure,公式取得元または参照先なし
2026-08-16T21:04:32.364221+00:00,6999,未取得,,,failure,公式取得元または参照先なし
2026-08-16T21:04:32.364221+00:00,3391,未取得,,,failure,公式取得元または参照先なし
2026-08-16T21:04:32.364221+00:00,2737,未取得,,,failure,公式取得元または参照先なし
2026-08-16T21:04:32.364221+00:00,5027,未取得,,,failure,公式取得元または参照先なし
2026-08-16T21:04:32.364221+00:00,4617,未取得,,,failure,公式取得元または参照先なし
2026-08-16T21:04:32.364221+00:00,4716,未取得,,,failure,公式取得元または参照先なし
2026-08-16T21:04:32.364221+00:00,3558,未取得,,,failure,公式取得元または参照先なし
2026-08-16T21:04:32.364221+00:00,2395,未取得,,,failure,公式取得元または参照先なし
2026-08-16T21:04:32.364221+00:00,9069,未取得,,,failure,公式取得元または参照先なし
2026-08-16T21:04:32.364221+00:00,3186,未取得,,,failure,公式取得元または参照先なし
2026-08-16T21:04:32.364221+00:00,4118,未取得,,,failure,公式取得元または参照先なし
2026-08-16T21:04:32.364221+00:00,4413,未取得,,,failure,公式取得元または参照先なし
2026-08-16T21:04:32.364221+00:00,8697,未取得,,,failure,公式取得元または参照先なし
2026-08-16T21:04:32.364221+00:00,8601,未取得,,,failure,公式取得元または参照先なし
2026-08-16T21:04:32.364221+00:00,3836,未取得,,,failure,公式取得元または参照先なし
2026-08-16T21:04:32.364221+00:00,4023,未取得,,,failure,公式取得元または参照先なし
2026-08-16T21:04:32.364221+00:00,3465,未取得,,,failure,公式取得元または参照先なし
2026-08-16T21:04:32.364221+00:00,6217,未取得,,,failure,公式取得元または参照先なし
2026-08-16T21:04:32.364221+00:00,4816,未取得,,,failure,公式取得元または参照先なし
2026-08-16T21:04:32.364221+00:00,6194,未取得,,,failure,公式取得元または参照先なし
2026-08-16T21:04:32.364221+00:00,7988,未取得,,,failure,公式取得元または参照先なし
2026-08-16T21:04:32.364221+00:00,9603,未取得,,,failure,公式取得元または参照先なし
2026-08-16T21:04:32.364221+00:00,6525,未取得,,,failure,公式取得元または参照先なし
2026-08-16T21:04:32.364221+00:00,6674,未取得,,,failure,公式取得元または参照先なし
2026-08-16T21:04:32.364221+00:00,7564,未取得,,,failure,公式取得元または参照先なし
2026-08-16T21:04:32.364221+00:00,6668,未取得,,,failure,公式取得元または参照先なし
2026-08-16T21:04:32.364221+00:00,2982,未取得,,,failure,公式取得元または参照先なし
2026-08-16T21:04:32.364221+00:00,7806,未取得,,,failure,公式取得元または参照先なし
2026-08-16T21:04:32.364221+00:00,8053,未取得,,,failure,公式取得元または参照先なし
2026-08-16T21:04:32.364221+00:00,6134,未取得,,,failure,公式取得元または参照先なし
2026-08-16T21:04:32.364221+00:00,5240,未取得,,,failure,公式取得元または参照先なし
2026-08-16T21:04:32.364221+00:00,4502,未取得,,,failure,公式取得元または参照先なし
2026-08-16T21:04:32.364221+00:00,5991,未取得,,,failure,公式取得元または参照先なし
2026-08-16T21:04:32.364221+00:00,8141,未取得,,,failure,公式取得元または参照先なし
2026-08-16T21:04:32.364221+00:00,6072,未取得,,,failure,公式取得元または参照先なし
2026-08-16T21:04:32.364221+00:00,8585,未取得,,,failure,公式取得元または参照先なし
2026-08-16T21:04:32.364221+00:00,4401,未取得,,,failure,公式取得元または参照先なし
2026-08-16T21:04:32.364221+00:00,4208,未取得,,,failure,公式取得元または参照先なし
2026-08-16T21:04:32.364221+00:00,6871,未取得,,,failure,公式取得元または参照先なし
2026-08-16T21:04:32.364221+00:00,9983,未取得,,,failure,公式取得元または参照先なし
2026-08-16T21:04:32.364221+00:00,7733,未取得,,,failure,公式取得元または参照先なし
2026-08-16T21:04:32.364221+00:00,6448,未取得,,,failure,公式取得元または参照先なし
2026-08-16T21:04:32.364221+00:00,9143,未取得,,,failure,公式取得元または参照先なし
2026-08-16T21:04:32.364221+00:00,2503,未取得,,,failure,公式取得元または参照先なし
2026-08-16T21:04:32.364221+00:00,2127,未取得,,,failure,公式取得元または参照先なし
2026-08-16T21:04:32.364221+00:00,8595,未取得,,,failure,公式取得元または参照先なし
2026-08-16T21:04:32.364221+00:00,2216,未取得,,,failure,公式取得元または参照先なし
2026-08-16T21:04:32.364221+00:00,1407,未取得,,,failure,公式取得元または参照先なし
2026-08-16T21:04:32.364221+00:00,6962,未取得,,,failure,公式取得元または参照先なし
2026-08-16T21:04:32.364221+00:00,6965,未取得,,,failure,公式取得元または参照先なし
2026-08-16T21:04:32.364221+00:00,7167,未取得,,,failure,公式取得元または参照先なし
2026-08-16T21:04:32.364221+00:00,7186,未取得,,,failure,公式取得元または参照先なし
2026-08-16T21:04:32.364221+00:00,9511,未取得,,,failure,公式取得元または参照先なし
2026-08-16T21:04:32.364221+00:00,7309,未取得,,,failure,公式取得元または参照先なし
2026-08-16T21:04:32.364221+00:00,6862,未取得,,,failure,公式取得元または参照先なし
2026-08-16T21:04:32.364221+00:00,6951,未取得,,,failure,公式取得元または参照先なし
2026-08-16T21:04:32.364221+00:00,9692,未取得,,,failure,公式取得元または参照先なし
2026-08-16T21:04:32.364221+00:00,1721,未取得,,,failure,公式取得元または参照先なし
2026-08-16T21:04:32.364221+00:00,9072,未取得,,,failure,公式取得元または参照先なし
2026-08-16T21:04:32.364221+00:00,9101,未取得,,,failure,公式取得元または参照先なし
2026-08-16T21:04:32.364221+00:00,3994,未取得,,,failure,公式取得元または参照先なし
2026-08-16T21:04:32.364221+00:00,4042,未取得,,,failure,公式取得元または参照先なし
2026-08-16T21:04:32.364221+00:00,3825,未取得,,,failure,公式取得元または参照先なし
2026-08-16T21:04:32.364221+00:00,6503,未取得,,,failure,公式取得元または参照先なし
2026-08-16T21:04:32.364221+00:00,6356,未取得,,,failure,公式取得元または参照先なし
2026-08-16T21:04:32.364221+00:00,6387,未取得,,,failure,公式取得元または参照先なし
2026-08-16T21:04:32.364221+00:00,7685,未取得,,,failure,公式取得元または参照先なし
2026-08-16T21:04:32.364221+00:00,7729,未取得,,,failure,公式取得元または参照先なし
2026-08-16T21:04:32.364221+00:00,7725,未取得,,,failure,公式取得元または参照先なし
2026-08-16T21:04:32.364221+00:00,7717,未取得,,,failure,公式取得元または参照先なし
2026-08-16T21:04:32.364221+00:00,7777,未取得,,,failure,公式取得元または参照先なし
2026-08-16T21:04:32.364221+00:00,7779,未取得,,,failure,公式取得元または参照先なし
2026-08-16T21:04:32.364221+00:00,7747,未取得,,,failure,公式取得元または参照先なし
2026-08-16T21:04:32.364221+00:00,6327,未取得,,,failure,公式取得元または参照先なし
2026-08-16T21:04:32.364221+00:00,6592,未取得,,,failure,公式取得元または参照先なし
2026-08-16T21:04:32.364221+00:00,6613,未取得,,,failure,公式取得元または参照先なし
2026-08-16T21:04:32.364221+00:00,6619,未取得,,,failure,公式取得元または参照先なし
2026-08-16T21:04:32.364221+00:00,6752,未取得,,,failure,公式取得元または参照先なし
2026-08-16T21:04:32.364221+00:00,6616,未取得,,,failure,公式取得元または参照先なし
2026-08-16T21:04:32.364221+00:00,6834,未取得,,,failure,公式取得元または参照先なし
2026-08-16T21:04:32.364221+00:00,6882,未取得,,,failure,公式取得元または参照先なし
2026-08-16T21:04:32.364221+00:00,6890,未取得,,,failure,公式取得元または参照先なし
2026-08-16T21:04:32.364221+00:00,6981,未取得,,,failure,公式取得元または参照先なし
2026-08-16T21:04:32.364221+00:00,6971,未取得,,,failure,公式取得元または参照先なし
2026-08-16T21:04:32.364221+00:00,6996,未取得,,,failure,公式取得元または参照先なし
2026-08-16T21:04:32.364221+00:00,6963,未取得,,,failure,公式取得元または参照先なし
2026-08-16T21:04:32.364221+00:00,6779,未取得,,,failure,公式取得元または参照先なし
2026-08-16T21:04:32.364221+00:00,6727,未取得,,,failure,公式取得元または参照先なし
2026-08-16T21:04:32.364221+00:00,6777,未取得,,,failure,公式取得元または参照先なし
2026-08-16T21:04:32.364221+00:00,7744,未取得,,,failure,公式取得元または参照先なし
2026-08-16T21:04:32.364221+00:00,1945,未取得,,,failure,公式取得元または参照先なし
2026-08-16T21:04:32.364221+00:00,1946,未取得,,,failure,公式取得元または参照先なし
2026-08-16T21:04:32.364221+00:00,7280,未取得,,,failure,公式取得元または参照先なし
2026-08-16T21:04:32.364221+00:00,7220,未取得,,,failure,公式取得元または参照先なし
2026-08-16T21:04:32.364221+00:00,7059,未取得,,,failure,公式取得元または参照先なし
2026-08-16T21:04:32.364221+00:00,5838,未取得,,,failure,公式取得元または参照先なし
2026-08-16T21:04:32.364221+00:00,4565,未取得,,,failure,公式取得元または参照先なし
2026-08-16T21:04:32.364221+00:00,5844,未取得,,,failure,公式取得元または参照先なし
2026-08-16T21:04:32.364221+00:00,8331,未取得,,,failure,公式取得元または参照先なし
2026-08-16T21:04:32.364221+00:00,8316,未取得,,,failure,公式取得元または参照先なし
2026-08-16T21:04:32.364221+00:00,5831,未取得,,,failure,公式取得元または参照先なし
2026-08-16T21:04:32.364221+00:00,5832,未取得,,,failure,公式取得元または参照先なし
2026-08-16T21:04:32.364221+00:00,5805,未取得,,,failure,公式取得元または参照先なし
2026-08-16T21:04:32.364221+00:00,5801,未取得,,,failure,公式取得元または参照先なし
2026-08-16T21:04:32.364221+00:00,8233,未取得,,,failure,公式取得元または参照先なし
2026-08-16T21:04:32.364221+00:00,6027,未取得,,,failure,公式取得元または参照先なし
2026-08-16T21:04:32.364221+00:00,5631,未取得,,,failure,公式取得元または参照先なし
2026-08-16T21:04:32.364221+00:00,6178,未取得,,,failure,公式取得元または参照先なし
2026-08-16T21:04:32.364221+00:00,8008,未取得,,,failure,公式取得元または参照先なし
2026-08-16T21:04:32.364221+00:00,8002,未取得,,,failure,公式取得元または参照先なし
2026-08-16T21:04:32.364221+00:00,8031,未取得,,,failure,公式取得元または参照先なし
2026-08-16T21:04:32.364221+00:00,5331,未取得,,,failure,公式取得元または参照先なし
2026-08-16T21:04:32.364221+00:00,5344,未取得,,,failure,公式取得元または参照先なし
2026-08-16T21:04:32.364221+00:00,5381,未取得,,,failure,公式取得元または参照先なし
2026-08-16T21:04:32.364221+00:00,5817,未取得,,,failure,公式取得元または参照先なし
2026-08-16T21:04:32.364221+00:00,5707,未取得,,,failure,公式取得元または参照先なし
2026-08-16T21:04:32.364221+00:00,6071,未取得,,,failure,公式取得元または参照先なし
2026-08-16T21:04:32.364221+00:00,6521,未取得,,,failure,公式取得元または参照先なし
2026-08-16T21:04:32.364221+00:00,6508,未取得,,,failure,公式取得元または参照先なし
2026-08-16T21:04:32.364221+00:00,6166,未取得,,,failure,公式取得元または参照先なし
2026-08-16T21:04:32.364221+00:00,6516,未取得,,,failure,公式取得元または参照先なし
2026-08-16T21:04:32.364221+00:00,6506,未取得,,,failure,公式取得元または参照先なし
2026-08-16T21:04:32.364221+00:00,1377,未取得,,,failure,公式取得元または参照先なし
2026-08-16T21:04:32.364221+00:00,2337,未取得,,,failure,公式取得元または参照先なし
2026-08-16T21:04:32.364221+00:00,2975,未取得,,,failure,公式取得元または参照先なし
2026-08-16T21:04:32.364221+00:00,3086,未取得,,,failure,公式取得元または参照先なし
2026-08-16T21:04:32.364221+00:00,3687,未取得,,,failure,公式取得元または参照先なし
2026-08-16T21:04:32.364221+00:00,3853,未取得,,,failure,公式取得元または参照先なし
2026-08-16T21:04:32.364221+00:00,8616,未取得,,,failure,公式取得元または参照先なし
2026-08-16T21:04:32.364221+00:00,4592,未取得,,,failure,公式取得元または参照先なし
2026-08-16T21:04:32.364221+00:00,8366,未取得,,,failure,公式取得元または参照先なし
2026-08-16T21:04:32.364221+00:00,8370,未取得,,,failure,公式取得元または参照先なし
2026-08-16T21:04:32.364221+00:00,4506,未取得,,,failure,公式取得元または参照先なし
2026-08-16T21:04:32.364221+00:00,8381,未取得,,,failure,公式取得元または参照先なし
2026-08-16T21:04:32.364221+00:00,8338,未取得,,,failure,公式取得元または参照先なし
2026-08-16T21:04:32.364221+00:00,4676,未取得,,,failure,公式取得元または参照先なし
2026-08-16T21:04:32.364221+00:00,4519,未取得,,,failure,公式取得元または参照先なし
2026-08-16T21:04:32.364221+00:00,4689,未取得,,,failure,公式取得元または参照先なし
2026-08-16T21:04:32.364221+00:00,8252,未取得,,,failure,公式取得元または参照先なし
2026-08-16T21:04:32.364221+00:00,8253,未取得,,,failure,公式取得元または参照先なし
2026-08-16T21:04:32.364221+00:00,5889,未取得,,,failure,公式取得元または参照先なし
2026-08-16T21:04:32.364221+00:00,8337,未取得,,,failure,公式取得元または参照先なし
2026-08-16T21:04:32.364221+00:00,8309,未取得,,,failure,公式取得元または参照先なし
2026-08-16T21:04:32.364221+00:00,8308,未取得,,,failure,公式取得元または参照先なし
2026-08-16T21:04:32.364221+00:00,8562,未取得,,,failure,公式取得元または参照先なし
2026-08-16T21:04:32.364221+00:00,8550,未取得,,,failure,公式取得元または参照先なし
2026-08-16T21:04:32.364221+00:00,8572,未取得,,,failure,公式取得元または参照先なし
2026-08-16T21:04:32.364221+00:00,8570,未取得,,,failure,公式取得元または参照先なし
2026-08-16T21:04:32.364221+00:00,4425,未取得,,,failure,公式取得元または参照先なし
2026-08-16T21:04:32.364221+00:00,8411,未取得,,,failure,公式取得元または参照先なし
2026-08-16T21:04:32.364221+00:00,4188,未取得,,,failure,公式取得元または参照先なし
2026-08-16T21:04:32.364221+00:00,4107,未取得,,,failure,公式取得元または参照先なし
2026-08-16T21:04:32.364221+00:00,4403,未取得,,,failure,公式取得元または参照先なし
2026-08-16T21:04:32.364221+00:00,4418,未取得,,,failure,公式取得元または参照先なし
2026-08-16T21:04:32.364221+00:00,9166,未取得,,,failure,公式取得元または参照先なし
2026-08-16T21:04:32.364221+00:00,2160,未取得,,,failure,公式取得元または参照先なし
2026-08-16T21:04:32.364221+00:00,8418,未取得,,,failure,公式取得元または参照先なし
2026-08-16T21:04:32.364221+00:00,8522,未取得,,,failure,公式取得元または参照先なし
2026-08-16T21:04:32.364221+00:00,2986,未取得,,,failure,公式取得元または参照先なし
2026-08-16T21:04:32.364221+00:00,3436,未取得,,,failure,公式取得元または参照先なし
2026-08-16T21:04:32.364221+00:00,2334,未取得,,,failure,公式取得元または参照先なし
2026-08-16T21:04:32.364221+00:00,8876,未取得,,,failure,公式取得元または参照先なし
2026-08-16T21:04:32.364221+00:00,8614,未取得,,,failure,公式取得元または参照先なし
2026-08-16T21:04:32.364221+00:00,8604,未取得,,,failure,公式取得元または参照先なし
2026-08-16T21:04:32.364221+00:00,3565,未取得,,,failure,公式取得元または参照先なし
2026-08-16T21:04:32.364221+00:00,4062,未取得,,,failure,公式取得元または参照先なし
2026-08-16T21:04:32.364221+00:00,3635,未取得,,,failure,公式取得元または参照先なし
2026-08-16T21:04:32.364221+00:00,7199,未取得,,,failure,公式取得元または参照先なし
2026-08-16T21:04:32.364221+00:00,1909,未取得,,,failure,公式取得元または参照先なし
2026-08-16T21:04:32.364221+00:00,7276,未取得,,,failure,公式取得元または参照先なし
2026-08-16T21:04:32.364221+00:00,6524,未取得,,,failure,公式取得元または参照先なし
2026-08-16T21:04:32.364221+00:00,9552,未取得,,,failure,公式取得元または参照先なし
2026-08-16T21:04:32.364221+00:00,4626,未取得,,,failure,公式取得元または参照先なし
2026-08-16T21:04:32.364221+00:00,4674,未取得,,,failure,公式取得元または参照先なし
2026-08-16T21:04:32.364221+00:00,4996,未取得,,,failure,公式取得元または参照先なし
2026-08-16T21:04:32.364221+00:00,4819,未取得,,,failure,公式取得元または参照先なし
2026-08-16T21:04:32.364221+00:00,7867,未取得,,,failure,公式取得元または参照先なし
2026-08-16T21:04:32.364221+00:00,8267,未取得,,,failure,公式取得元または参照先なし
2026-08-16T21:04:32.364221+00:00,4722,未取得,,,failure,公式取得元または参照先なし
2026-08-16T21:04:32.364221+00:00,3791,未取得,,,failure,公式取得元または参照先なし
2026-08-16T21:04:32.364221+00:00,3916,未取得,,,failure,公式取得元または参照先なし
2026-08-16T21:04:32.364221+00:00,3397,未取得,,,failure,公式取得元または参照先なし
2026-08-16T21:04:32.364221+00:00,3769,未取得,,,failure,公式取得元または参照先なし
2026-08-16T21:04:32.364221+00:00,2267,未取得,,,failure,公式取得元または参照先なし
2026-08-16T21:04:32.364221+00:00,2120,未取得,,,failure,公式取得元または参照先なし
2026-08-16T21:04:32.364221+00:00,3245,未取得,,,failure,公式取得元または参照先なし
