シグナル日,コード,注文方式,約定,約定価格,1日後損益,3日後損益,5日後損益,10日後損益,MFE,MAE,未約定後最大上昇率,未約定後最大下落率
2026-08-14,9984,market,True,5750.0,2.365217391304353,,,,8.347826086956523,-1.6869565217391358,,
2026-08-14,9984,limit,True,5750.0,2.365217391304353,,,,8.347826086956523,-1.6869565217391358,,
2026-08-14,9984,stop,True,5799.576,1.4901779026604611,,,,7.421645996190063,-2.5273571723174237,,
2026-08-14,4385,market,True,4831.0,-4.574622231422065,,,,1.2833781825708934,-7.410474021941626,,
2026-08-14,4385,limit,True,4787.0,-3.6975141006893697,,,,2.214330478378934,-6.559431794443283,,
2026-08-14,4385,stop,True,4831.0,-4.574622231422065,,,,1.2833781825708934,-7.410474021941626,,
2026-08-14,5842,market,True,3060.0,0.6535947712418277,,,,2.450980392156854,-2.9738562091503273,,
2026-08-14,5842,limit,True,3005.0,2.4958402662229595,,,,4.3261231281197965,-1.1980033277870228,,
2026-08-14,5842,stop,True,3060.0,0.6535947712418277,,,,2.450980392156854,-2.9738562091503273,,
2026-08-14,6287,market,True,2785.0,0.2872531418312452,,,,2.9443447037702075,-0.789946140035902,,
2026-08-14,6287,limit,True,2779.0,0.14393666786614023,,,,0.7556675062972307,-0.5757466714645609,,
2026-08-14,6287,stop,True,2785.0,0.2872531418312452,,,,2.9443447037702075,-0.789946140035902,,
2026-08-13,4180,market,True,1132.0,0.0,12.45583038869258,,,19.522968197879862,0.0,,
2026-08-13,4180,limit,False,,,,,,,,37.78004073319756,15.274949083503063
2026-08-13,4180,stop,False,,,,,,,,37.78004073319756,15.274949083503063
2026-08-14,2749,market,True,647.0,-0.6182380216383287,,,,2.0092735703245657,-1.391035548686248,,
2026-08-14,2749,limit,True,647.0,-0.6182380216383287,,,,2.0092735703245657,-1.391035548686248,,
2026-08-14,2749,stop,True,651.3,-1.2743743282665365,,,,1.3357899585444644,-2.042069706740357,,
2026-08-14,6425,market,True,740.0,1.3513513513513598,,,,3.1081081081081097,-1.8918918918918948,,
2026-08-14,6425,limit,True,740.0,1.3513513513513598,,,,3.1081081081081097,-1.8918918918918948,,
2026-08-14,6425,stop,True,753.504,-0.4650273920244641,,,,1.2602454665137763,-3.6501465154796797,,
2026-08-14,6750,market,True,1921.0,-0.6246746486205157,,,,0.9890681936491452,-1.8219677251431587,,
2026-08-14,6750,limit,True,1921.0,-0.6246746486205157,,,,0.9890681936491452,-1.8219677251431587,,
2026-08-14,6750,stop,True,1939.872,-1.5914452087560482,,,,0.006598373500921184,-2.7770904472047664,,
2026-08-14,7936,market,True,5342.0,-3.6315986521901933,,,,1.8345189067764833,-8.498689629352308,,
2026-08-14,7936,limit,True,5219.0,-1.3604138723893433,,,,4.234527687296419,-6.342211151561605,,
2026-08-14,7936,stop,True,5342.0,-3.6315986521901933,,,,1.8345189067764833,-8.498689629352308,,
2026-08-14,2695,market,True,1680.0,0.4761904761904745,,,,1.4285714285714235,-1.0119047619047583,,
2026-08-14,2695,limit,True,1680.0,0.4761904761904745,,,,1.4285714285714235,-1.0119047619047583,,
2026-08-14,2695,stop,True,1688.37,-0.021914627717856128,,,,0.9257449492706016,-1.50263271676232,,
2026-08-14,6638,market,True,1981.0,-0.8076728924785503,,,,2.0191822311963703,-3.432609793033825,,
2026-08-14,6638,limit,True,1981.0,-0.8076728924785503,,,,2.0191822311963703,-3.432609793033825,,
2026-08-14,6638,stop,True,1993.98,-1.4533746577197415,,,,1.3550787871493108,-4.061224285098142,,
2026-08-14,6969,market,True,1089.0,-0.18365472910927272,,,,2.3875114784205786,-3.1221303948576695,,
2026-08-14,6969,limit,True,1067.0,0.18744142455482393,,,,4.02999062792877,-1.1246485473289547,,
2026-08-14,6969,stop,True,1089.0,-0.18365472910927272,,,,2.3875114784205786,-3.1221303948576695,,
2026-08-14,7138,market,True,124.0,1.6129032258064502,,,,4.8387096774193505,0.0,,
2026-08-14,7138,limit,True,124.0,1.6129032258064502,,,,4.8387096774193505,0.0,,
2026-08-14,7138,stop,True,127.254,-0.1996007984031989,,,,2.1578889465164064,-0.9854307133764006,,
2026-08-14,4206,market,True,4139.0,-1.7637110413143309,,,,0.31408552790528343,-2.6334863493597482,,
2026-08-14,4206,limit,True,4130.0,-1.5496368038740882,,,,0.5326876513317202,-2.421307506053272,,
2026-08-14,4206,stop,True,4139.0,-1.7637110413143309,,,,0.31408552790528343,-2.6334863493597482,,
2026-08-14,9416,market,True,1045.0,-0.191387559808609,,,,1.1483253588516762,-0.5741626794258381,,
2026-08-14,9416,limit,True,1040.0,0.28846153846153744,,,,1.6346153846153788,-0.09615384615384581,,
2026-08-14,9416,stop,True,1045.0,-0.191387559808609,,,,1.1483253588516762,-0.5741626794258381,,
2026-08-14,8919,market,True,3570.0,1.680672268907557,,,,2.6610644257702987,-0.9803921568627416,,
2026-08-14,8919,limit,True,3560.0,1.96629213483146,,,,2.949438202247201,-0.7022471910112404,,
2026-08-14,8919,stop,True,3570.0,1.680672268907557,,,,2.6610644257702987,-0.9803921568627416,,
2026-08-14,9010,market,True,2764.0,-1.628075253256156,,,,0.0,-3.54558610709117,,
2026-08-14,9010,limit,True,2736.0,-0.6213450292397615,,,,1.023391812865504,-2.5584795321637377,,
2026-08-14,9010,stop,True,2764.0,-1.628075253256156,,,,0.0,-3.54558610709117,,
2026-08-13,3659,market,True,3022.0,0.0,-0.6618133686300487,,,10.820648577101256,-2.481800132362677,,
2026-08-13,3659,limit,False,,,,,,,,32.817767202062264,16.87487606583382
2026-08-13,3659,stop,False,,,,,,,,32.817767202062264,16.87487606583382
2026-08-14,4116,market,True,1348.0,-0.29673590504450953,,,,0.667655786350152,-1.85459940652819,,
2026-08-14,4116,limit,True,1344.0,0.0,,,,0.9672619047619069,-1.5625,,
2026-08-14,4116,stop,True,1348.0,-0.29673590504450953,,,,0.667655786350152,-1.85459940652819,,
2026-08-14,3397,market,True,4181.0,-0.6936139679502462,,,,0.9327911982779158,-1.7699115044247815,,
2026-08-14,3397,limit,True,4181.0,-0.6936139679502462,,,,0.9327911982779158,-1.7699115044247815,,
2026-08-14,3397,stop,True,4216.416,-1.5277429931012554,,,,0.08500110046067988,-2.595000113840762,,
2026-08-14,5463,market,True,1780.0,-0.1404494382022503,,,,1.96629213483146,-0.8426966292134797,,
2026-08-14,5463,limit,True,1765.0,0.48158640226629856,,,,2.8328611898017053,0.0,,
2026-08-14,5463,stop,True,1780.0,-0.1404494382022503,,,,1.96629213483146,-0.8426966292134797,,
2026-08-14,8830,market,True,3382.0,-0.6505026611472453,,,,0.08870490833825517,-2.0106445890005875,,
2026-08-14,8830,limit,True,3378.0,-0.5328596802841923,,,,0.2072232089994186,-1.8946121965660145,,
2026-08-14,8830,stop,True,3384.756,-0.7313968865111709,,,,0.007208791416579707,-2.090431333898213,,
2026-08-14,9552,market,True,967.0,2.0682523267838704,,,,3.82626680455016,-7.238883143743536,,
2026-08-14,9552,limit,True,967.0,2.0682523267838704,,,,3.82626680455016,-7.238883143743536,,
2026-08-14,9552,stop,True,995.988,-0.9024205110904959,,,,0.8044273625786635,-9.938673959927236,,
2026-08-14,9708,market,True,989.0,-0.707785642062686,,,,0.4044489383215444,-0.8088978766430777,,
2026-08-14,9708,limit,True,987.0,-0.5065856129685908,,,,0.6079027355623046,-0.6079027355623046,,
2026-08-14,9708,stop,True,989.0,-0.707785642062686,,,,0.4044489383215444,-0.8088978766430777,,
2026-08-14,8179,market,True,1304.0,-0.9969325153374231,,,,0.3834355828220781,-1.6871165644171793,,
2026-08-14,8179,limit,True,1304.0,-0.9969325153374231,,,,0.3834355828220781,-1.6871165644171793,,
2026-08-14,8179,stop,True,1306.608,-1.1945434284804546,,,,0.18306944393422508,-1.8833498646878,,
2026-08-14,2918,market,True,2830.0,-1.0247349823321539,,,,0.0,-1.7314487632508868,,
2026-08-14,2918,limit,True,2830.0,-1.0247349823321539,,,,0.0,-1.7314487632508868,,
2026-08-14,2918,stop,False,,,,,,,,-0.07062146892655718,-1.8008474576271194
2026-08-14,6376,market,True,4245.0,-12.367491166077738,,,,2.0023557126030544,-14.72320376914017,,
2026-08-14,6376,limit,True,4245.0,-12.367491166077738,,,,2.0023557126030544,-14.72320376914017,,
2026-08-14,6376,stop,True,4293.57,-13.358813295229844,,,,0.8484780730254826,-15.687877453960219,,
2026-08-14,6840,market,True,731.0,7.660738714090298,,,,18.194254445964432,-0.9575923392612817,,
2026-08-14,6840,limit,True,731.0,7.660738714090298,,,,18.194254445964432,-0.9575923392612817,,
2026-08-14,6840,stop,True,737.472,6.715915994098753,,,,17.156990367091908,-1.8267812201683609,,
2026-08-14,7746,market,True,752.0,2.127659574468077,,,,4.654255319148937,-1.0638297872340385,,
2026-08-14,7746,limit,True,745.0,3.087248322147662,,,,5.637583892617459,-0.13422818791946067,,
2026-08-14,7746,stop,True,752.0,2.127659574468077,,,,4.654255319148937,-1.0638297872340385,,
2026-08-14,4819,market,True,2345.0,-6.183368869936034,,,,1.0660980810234477,-7.164179104477608,,
2026-08-14,4819,limit,True,2307.0,-4.63805808409189,,,,2.7308192457737412,-5.635023840485475,,
2026-08-14,4819,stop,True,2345.0,-6.183368869936034,,,,1.0660980810234477,-7.164179104477608,,
2026-08-14,9936,market,True,2859.0,-1.364113326337879,,,,0.0,-2.0286813571178786,,
2026-08-14,9936,limit,True,2859.0,-1.364113326337879,,,,0.0,-2.0286813571178786,,
2026-08-14,9936,stop,False,,,,,,,,-0.4872955099199494,-2.506091193873994
2026-08-14,3905,market,True,1681.0,7.49553837001784,,,,18.798334324806664,-4.699583581201661,,
2026-08-14,3905,limit,True,1681.0,7.49553837001784,,,,18.798334324806664,-4.699583581201661,,
2026-08-14,3905,stop,True,1894.782,-10.649351746005609,,,,5.3947103149597275,-15.452015060307723,,
2026-08-14,8001,market,True,2067.5,-3.67593712212817,,,,0.19347037484884755,-5.223700120918984,,
2026-08-14,8001,limit,True,2067.5,-3.67593712212817,,,,0.19347037484884755,-5.223700120918984,,
2026-08-14,8001,stop,False,,,,,,,,0.04829751267809712,-5.36102390726878
2026-08-14,8802,market,True,3747.0,-1.9215372297838318,,,,0.10675206832131412,-3.8964504937283206,,
2026-08-14,8802,limit,True,3673.0,0.05445140212361199,,,,2.123604682820579,-1.9602504764497652,,
2026-08-14,8802,stop,True,3747.0,-1.9215372297838318,,,,0.10675206832131412,-3.8964504937283206,,
2026-08-14,8934,market,True,2460.0,0.28455284552846294,,,,1.300813008130075,-0.6504065040650375,,
2026-08-14,8934,limit,True,2459.0,0.32533550223667884,,,,1.342008946726314,-0.6100040666937812,,
2026-08-14,8934,stop,True,2463.918,0.12508533157353785,,,,1.1397294877508068,-0.8083872921095692,,
2026-08-14,9069,market,True,2310.0,0.0,,,,1.904761904761898,-0.8874458874458924,,
2026-08-14,9069,limit,True,2293.0,0.7413868294810388,,,,2.6602703881378087,-0.15263846489315114,,
2026-08-14,9069,stop,True,2310.0,0.0,,,,1.904761904761898,-0.8874458874458924,,
2026-08-14,5975,market,True,3195.0,-0.15649452269170805,,,,3.1298904538341166,-0.9389671361502372,,
2026-08-14,5975,limit,True,3195.0,-0.15649452269170805,,,,3.1298904538341166,-0.9389671361502372,,
2026-08-14,5975,stop,True,3241.47,-0.6623538086115155,,,,1.6514112424301342,-1.7421108324309542,,
2026-08-14,9436,market,True,4015.0,-0.24906600249066102,,,,0.7471980074719831,-0.8717310087173136,,
2026-08-14,9436,limit,False,,,,,,,,1.7610062893081757,0.12578616352201255
2026-08-14,9436,stop,True,4015.0,-0.24906600249066102,,,,0.7471980074719831,-0.8717310087173136,,
2026-08-14,2379,market,True,1854.0,-1.6720604099244918,,,,0.3775620280474623,-2.3193096008629954,,
2026-08-14,2379,limit,True,1854.0,-1.6720604099244918,,,,0.3775620280474623,-2.3193096008629954,,
2026-08-14,2379,stop,False,,,,,,,,-0.05370569280344073,-2.7389903329752996
2026-08-14,6145,market,True,2450.0,2.857142857142847,,,,3.020408163265298,-1.5510204081632617,,
2026-08-14,6145,limit,True,2427.0,-0.16481252575195615,,,,3.9967037494849533,-0.6180469715698411,,
2026-08-14,6145,stop,True,2450.0,2.857142857142847,,,,3.020408163265298,-1.5510204081632617,,
2026-08-14,4972,market,True,3345.0,0.2989536621823552,,,,4.6337817638266054,-0.4484304932735439,,
2026-08-14,4972,limit,True,3345.0,0.2989536621823552,,,,4.6337817638266054,-0.4484304932735439,,
2026-08-14,4972,stop,True,3371.73,-0.4961844513054148,,,,3.80427851577676,-1.2376435835609656,,
2026-08-14,3997,market,True,399.0,-3.2581453634085267,,,,4.511278195488733,-5.263157894736848,,
2026-08-14,3997,limit,True,387.0,-0.2583979328165342,,,,7.751937984496116,-2.3255813953488413,,
2026-08-14,3997,stop,True,399.0,-3.2581453634085267,,,,4.511278195488733,-5.263157894736848,,
2026-08-14,9960,market,True,3835.0,0.6518904823989535,,,,1.5645371577575062,-1.1734028683181186,,
2026-08-14,9960,limit,True,3800.0,-0.2631578947368429,,,,2.499999999999991,-0.2631578947368429,,
2026-08-14,9960,stop,True,3835.0,0.6518904823989535,,,,1.5645371577575062,-1.1734028683181186,,
2026-08-14,8609,market,True,1115.0,-2.0627802690582953,,,,0.0,-2.6905829596412523,,
2026-08-14,8609,limit,True,1115.0,-2.0627802690582953,,,,0.0,-2.6905829596412523,,
2026-08-14,8609,stop,False,,,,,,,,0.0,-2.6905829596412523
2026-08-14,8508,market,True,897.0,2.006688963210701,,,,6.35451505016722,-1.7837235228539527,,
2026-08-14,8508,limit,True,893.0,2.4636058230683044,,,,6.830907054871216,-1.3437849944008984,,
2026-08-14,8508,stop,True,897.0,2.006688963210701,,,,6.35451505016722,-1.7837235228539527,,
2026-08-14,3046,market,True,6660.0,-3.3033033033033066,,,,0.0,-6.156156156156156,,
2026-08-14,3046,limit,True,6630.0,-2.865761689291102,,,,0.4524886877828038,-5.731523378582204,,
2026-08-14,3046,stop,True,6660.0,-3.3033033033033066,,,,0.0,-6.156156156156156,,
2026-08-14,6364,market,True,2565.0,-0.27290448343080254,,,,1.2475633528265195,-2.066276803118905,,
2026-08-14,6364,limit,True,2554.0,0.1566170712607784,,,,1.6836335160532512,-1.6444792482380621,,
2026-08-14,6364,stop,True,2565.0,-0.27290448343080254,,,,1.2475633528265195,-2.066276803118905,,
2026-08-14,5911,market,True,2957.0,0.0676361176868534,,,,1.3865404125803282,0.0,,
2026-08-14,5911,limit,False,,,,,,,,1.9381162869772206,0.5440326419585251
2026-08-14,5911,stop,True,2957.0,0.0676361176868534,,,,1.3865404125803282,0.0,,
2026-08-14,5989,market,True,1500.0,3.4666666666666623,,,,4.600000000000004,-0.6000000000000005,,
2026-08-14,5989,limit,True,1500.0,3.4666666666666623,,,,4.600000000000004,-0.6000000000000005,,
2026-08-14,5989,stop,True,1508.01,2.9170894092214184,,,,4.044402888575016,-1.1279766049296702,,
2026-08-14,7616,market,True,2031.5,-1.3044548363278397,,,,0.29534826482895404,-2.4858478956436114,,
2026-08-14,7616,limit,True,2031.5,-1.3044548363278397,,,,0.29534826482895404,-2.4858478956436114,,
2026-08-14,7616,stop,False,,,,,,,,-1.2839147286821673,-4.02131782945736
2026-08-14,7575,market,True,1536.0,-1.3671875,,,,0.13020833333332593,-2.604166666666663,,
2026-08-14,7575,limit,True,1530.0,-0.9803921568627416,,,,0.5228758169934622,-2.2222222222222254,,
2026-08-14,7575,stop,True,1536.0,-1.3671875,,,,0.13020833333332593,-2.604166666666663,,
2026-08-14,7256,market,True,462.0,0.21645021645022577,,,,9.090909090909083,-2.164502164502169,,
2026-08-14,7256,limit,True,462.0,0.21645021645022577,,,,9.090909090909083,-2.164502164502169,,
2026-08-14,7256,stop,True,471.942,-1.8947243517211887,,,,6.792783859033524,-4.225519237533426,,
2026-08-14,4681,market,True,1843.5,-1.6002169785733655,,,,0.32546786004881145,-2.929210740439381,,
2026-08-14,4681,limit,True,1838.5,-1.332608104432964,,,,0.5983138428066415,-2.665216208865928,,
2026-08-14,4681,stop,True,1843.5,-1.6002169785733655,,,,0.32546786004881145,-2.929210740439381,,
2026-08-14,4452,market,True,3554.0,-1.7163759144625756,,,,0.0,-2.58863252673045,,
2026-08-14,4452,limit,True,3541.0,-1.355549279864443,,,,0.3671279299632957,-2.231008189776895,,
2026-08-14,4452,stop,True,3554.0,-1.7163759144625756,,,,0.0,-2.58863252673045,,
2026-08-14,4765,market,True,615.0,0.1626016260162677,,,,1.4634146341463428,-0.3252032520325243,,
2026-08-14,4765,limit,True,615.0,0.1626016260162677,,,,1.4634146341463428,-0.3252032520325243,,
2026-08-14,4765,stop,True,616.23,-0.03732372653068028,,,,1.2608928484494353,-0.524154942148225,,
2026-08-14,9746,market,True,3955.0,0.0,,,,1.5170670037926604,-0.7585335018963302,,
2026-08-14,9746,limit,True,3955.0,0.0,,,,1.5170670037926604,-0.7585335018963302,,
2026-08-14,9746,stop,True,3982.95,-0.7017411717445521,,,,0.8046799482795519,-1.454951731756604,,
2026-08-14,5216,market,True,152.0,1.3157894736842035,,,,1.9736842105263053,-0.6578947368421018,,
2026-08-14,5216,limit,True,152.0,1.3157894736842035,,,,1.9736842105263053,-0.6578947368421018,,
2026-08-14,5216,stop,True,153.306,0.4526893924569064,,,,1.1049795833170117,-1.5041811801234206,,
2026-08-14,1951,market,True,2659.5,0.018800526414741725,,,,0.9024252679074918,-1.598044745252869,,
2026-08-14,1951,limit,True,2630.0,-0.47528517110265733,,,,1.2737642585551434,-0.4942965779467734,,
2026-08-14,1951,stop,True,2659.5,0.018800526414741725,,,,0.9024252679074918,-1.598044745252869,,
2026-08-14,9003,market,True,2527.0,0.2176493866244522,,,,1.7609814008705982,-1.1476058567471359,,
2026-08-14,9003,limit,True,2518.0,0.575853852263708,,,,2.1247021445591763,-0.7942811755361379,,
2026-08-14,9003,stop,True,2527.0,0.2176493866244522,,,,1.7609814008705982,-1.1476058567471359,,
2026-08-14,9303,market,True,4090.0,-0.9779951100244544,,,,1.1002444987775029,-2.0782396088019572,,
2026-08-14,9303,limit,True,4080.0,-0.7352941176470562,,,,1.3480392156862697,-1.8382352941176516,,
2026-08-14,9303,stop,True,4090.0,-0.9779951100244544,,,,1.1002444987775029,-2.0782396088019572,,
2026-08-14,7780,market,True,2000.0,-2.1499999999999964,,,,0.44999999999999485,-2.2499999999999964,,
2026-08-14,7780,limit,True,1970.0,-0.6598984771573613,,,,1.9796954314720727,-0.761421319796951,,
2026-08-14,7780,stop,True,2000.0,-2.1499999999999964,,,,0.44999999999999485,-2.2499999999999964,,
2026-08-14,8133,market,True,2142.0,-0.1400560224089631,,,,2.7077497665732864,-0.23342670401493848,,
2026-08-14,8133,limit,True,2140.0,-0.04672897196261738,,,,2.8037383177569986,-0.14018691588785215,,
2026-08-14,8133,stop,True,2144.28,-0.24623649896469146,,,,2.5985412352864223,-0.3395079000876877,,
2026-08-14,8267,market,True,1388.5,-1.8725243068059005,,,,0.0,-4.105149441843714,,
2026-08-14,8267,limit,True,1378.5,-1.1606819006166114,,,,0.7254261878853807,-3.409503083061294,,
2026-08-14,8267,stop,True,1388.5,-1.8725243068059005,,,,0.0,-4.105149441843714,,
2026-08-14,7818,market,True,1203.0,-0.41562759767248547,,,,0.9143807148794592,-1.8287614297589405,,
2026-08-14,7818,limit,True,1202.0,-0.33277870216306127,,,,0.9983361064891838,-1.7470881863560717,,
2026-08-14,7818,stop,True,1204.404,-0.5317152716198259,,,,0.7967426212466933,-1.9432017827904935,,
2026-08-14,3289,market,True,1326.0,-0.6410256410256387,,,,0.07541478129713397,-0.9426847662141746,,
2026-08-14,3289,limit,True,1318.5,-0.07584376185059138,,,,0.6446719757299935,-0.3792188092529347,,
2026-08-14,3289,stop,True,1326.0,-0.6410256410256387,,,,0.07541478129713397,-0.9426847662141746,,
2026-08-14,3167,market,True,1234.0,0.0,,,,1.7828200972447306,-0.08103727714748876,,
2026-08-14,3167,limit,True,1234.0,0.0,,,,1.7828200972447306,-0.08103727714748876,,
2026-08-14,3167,stop,True,1236.468,-0.1996007984031989,,,,1.5796607756933367,-0.280476324498502,,
2026-08-14,7760,market,True,2115.0,3.687943262411353,,,,4.917257683215137,-1.6075650118203333,,
2026-08-14,7760,limit,True,2115.0,3.687943262411353,,,,4.917257683215137,-1.6075650118203333,,
2026-08-14,7760,stop,True,2119.23,3.480981299811714,,,,4.7078419992167,-1.8039570976250863,,
2026-08-14,4927,market,True,1408.0,-2.1661931818181768,,,,0.0,-2.9829545454545414,,
2026-08-14,4927,limit,True,1408.0,-2.1661931818181768,,,,0.0,-2.9829545454545414,,
2026-08-14,4927,stop,False,,,,,,,,-0.35385704175513455,-3.3262561924982337
2026-08-14,5233,market,True,4250.0,-1.15294117647059,,,,2.4235294117647133,-2.2352941176470575,,
2026-08-14,5233,limit,True,4201.0,0.0,,,,3.6181861461556775,-1.094977386336582,,
2026-08-14,5233,stop,True,4250.0,-1.15294117647059,,,,2.4235294117647133,-2.2352941176470575,,
2026-08-14,6305,market,True,5560.0,-3.0575539568345356,,,,0.5575539568345222,-3.0575539568345356,,
2026-08-14,6305,limit,True,5538.0,-2.6724449259660554,,,,0.9570241964608206,-2.6724449259660554,,
2026-08-14,6305,stop,True,5560.0,-3.0575539568345356,,,,0.5575539568345222,-3.0575539568345356,,
2026-08-14,5240,market,True,198.0,6.565656565656575,,,,11.111111111111116,-2.020202020202022,,
2026-08-14,5240,limit,True,198.0,6.565656565656575,,,,11.111111111111116,-2.020202020202022,,
2026-08-14,5240,stop,True,208.416,1.2398280362352132,,,,5.558114540150472,-6.916935360049125,,
2026-08-14,6807,market,True,2320.0,1.0775862068965525,,,,4.051724137931045,-0.5603448275862122,,
2026-08-14,6807,limit,True,2320.0,1.0775862068965525,,,,4.051724137931045,-0.5603448275862122,,
2026-08-14,6807,stop,True,2332.656,0.5291821854572554,,,,3.4871837081850154,-1.099862131407281,,
2026-08-14,9962,market,True,3924.0,0.6116207951070374,,,,1.5290519877675823,-1.783893985728846,,
2026-08-14,9962,limit,False,,,,,,,,4.980237154150191,1.5546772068511183
2026-08-14,9962,stop,False,,,,,,,,4.980237154150191,1.5546772068511183
2026-08-14,9880,market,True,3755.0,2.929427430093212,,,,3.595206391478034,-0.9320905459387463,,
2026-08-14,9880,limit,False,,,,,,,,4.71063257065949,0.13458950201883368
2026-08-14,9880,stop,True,3755.0,2.929427430093212,,,,3.595206391478034,-0.9320905459387463,,
2026-08-14,7947,market,True,2703.0,-0.40695523492415564,,,,2.0347761746208004,-0.8509064002959699,,
2026-08-14,7947,limit,True,2703.0,-0.40695523492415564,,,,2.0347761746208004,-0.8509064002959699,,
2026-08-14,7947,stop,True,2717.424,-0.9355919429577364,,,,1.493178834072273,-1.3771866296904745,,
2026-08-14,1377,market,True,4385.0,-0.11402508551880963,,,,1.9384264538198304,-0.5701254275940704,,
2026-08-14,1377,limit,True,4375.0,0.11428571428571122,,,,2.1714285714285797,-0.34285714285714475,,
2026-08-14,1377,stop,True,4385.0,-0.11402508551880963,,,,1.9384264538198304,-0.5701254275940704,,
2026-08-14,5121,market,True,2743.0,2.114473204520606,,,,3.171709806780898,0.0,,
2026-08-14,5121,limit,True,2743.0,2.114473204520606,,,,3.171709806780898,0.0,,
2026-08-14,5121,stop,True,2763.516,1.3563880216362012,,,,2.40577583049999,-0.742387596091354,,
2026-08-14,5423,market,True,1738.0,-1.2082853855005737,,,,1.4959723820483273,-1.8411967779056404,,
2026-08-14,5423,limit,True,1720.0,-0.17441860465116088,,,,2.55813953488373,-0.8139534883720878,,
2026-08-14,5423,stop,True,1738.0,-1.2082853855005737,,,,1.4959723820483273,-1.8411967779056404,,
2026-08-14,4887,market,True,1632.0,-1.9607843137254943,,,,0.0,-1.9607843137254943,,
2026-08-14,4887,limit,True,1627.0,-1.659496004917027,,,,0.3073140749846326,-1.659496004917027,,
2026-08-14,4887,stop,True,1632.0,-1.9607843137254943,,,,0.0,-1.9607843137254943,,
2026-08-14,8914,market,True,918.0,0.2178649237472685,,,,3.4858387799564294,-1.525054466230935,,
2026-08-14,8914,limit,True,918.0,0.2178649237472685,,,,3.4858387799564294,-1.525054466230935,,
2026-08-14,8914,stop,True,928.854,-0.9532176208532306,,,,2.2765687610754703,-2.675770357881868,,
2026-08-14,6433,market,True,1008.0,2.182539682539675,,,,5.35714285714286,-1.388888888888884,,
2026-08-14,6433,limit,True,1006.0,2.385685884691857,,,,5.566600397614319,-1.1928429423459286,,
2026-08-14,6433,stop,True,1008.012,2.181323238215427,,,,5.355888620373572,-1.3900628167124895,,
2026-08-14,6526,market,True,2116.5,0.6850933144342042,,,,1.441058351051261,-4.606661941885193,,
2026-08-14,6526,limit,True,2116.5,0.6850933144342042,,,,1.441058351051261,-4.606661941885193,,
2026-08-14,6526,stop,True,2122.236,0.4129606697841348,,,,1.166882476783937,-4.864491979214369,,
2026-08-14,6629,market,True,1005.0,0.3980099502487455,,,,1.4925373134328401,-2.487562189054726,,
2026-08-14,6629,limit,True,1005.0,0.3980099502487455,,,,1.4925373134328401,-2.487562189054726,,
2026-08-14,6629,stop,True,1008.012,0.0980147061741432,,,,1.189271556291005,-2.7789351714066823,,
2026-08-14,6368,market,True,15085.0,-2.088167053364265,,,,0.5634736493205228,-7.325157441166718,,
2026-08-14,6368,limit,True,14850.0,-0.5387205387205385,,,,2.154882154882154,-5.8585858585858634,,
2026-08-14,6368,stop,True,15085.0,-2.088167053364265,,,,0.5634736493205228,-7.325157441166718,,
2026-08-14,3288,market,True,8229.0,-0.46178150443553223,,,,0.4739336492890933,-3.5970348766557247,,
2026-08-14,3288,limit,True,8225.0,-0.41337386018237554,,,,0.5227963525835877,-3.5501519756838906,,
2026-08-14,3288,stop,True,8241.45,-0.6121495610602601,,,,0.3221520484866014,-3.742666642399106,,
2026-08-14,3105,market,True,2493.0,-1.544324107501005,,,,0.28078620136382515,-7.019655034095463,,
2026-08-14,3105,limit,True,2474.0,-0.7881972514147129,,,,1.0509296685529579,-6.305578011317703,,
2026-08-14,3105,stop,True,2493.0,-1.544324107501005,,,,0.28078620136382515,-7.019655034095463,,
2026-08-14,3544,market,True,1249.0,-0.08006405124099114,,,,0.08006405124099114,-0.24019215372297342,,
2026-08-14,3544,limit,True,1249.0,-0.08006405124099114,,,,0.08006405124099114,-0.24019215372297342,,
2026-08-14,3544,stop,False,,,,,,,,0.0,-0.31999999999999806
2026-08-14,4661,market,True,2967.0,-2.898550724637683,,,,0.016852039096737492,-4.971351533535562,,
2026-08-14,4661,limit,True,2967.0,-2.898550724637683,,,,0.016852039096737492,-4.971351533535562,,
2026-08-14,4661,stop,False,,,,,,,,-0.43616842811609047,-5.401778225130016
2026-08-14,2175,market,True,2303.0,-0.7381676074685206,,,,0.8684324793747367,-2.127659574468088,,
2026-08-14,2175,limit,True,2303.0,-0.7381676074685206,,,,0.8684324793747367,-2.127659574468088,,
2026-08-14,2175,stop,False,,,,,,,,-1.1489361702127665,-4.08510638297872
2026-08-14,1968,market,True,2400.0,1.374999999999993,,,,2.708333333333335,-0.7916666666666683,,
2026-08-14,1968,limit,True,2383.0,0.08392782207302663,,,,3.441040704993714,-0.08392782207301552,,
2026-08-14,1968,stop,True,2400.0,1.374999999999993,,,,2.708333333333335,-0.7916666666666683,,
2026-08-14,8848,market,True,625.0,-0.48000000000000265,,,,1.1200000000000099,-1.1199999999999988,,
2026-08-14,8848,limit,True,620.0,0.8064516129032251,,,,1.2903225806451646,-0.3225806451612856,,
2026-08-14,8848,stop,True,625.0,-0.48000000000000265,,,,1.1200000000000099,-1.1199999999999988,,
2026-08-14,9532,market,True,5440.0,-0.4595588235294157,,,,0.9374999999999911,-1.4338235294117596,,
2026-08-14,9532,limit,True,5411.0,0.07392348918868752,,,,1.4784697837737948,-0.9055627425614499,,
2026-08-14,9532,stop,True,5440.0,-0.4595588235294157,,,,0.9374999999999911,-1.4338235294117596,,
2026-08-14,6369,market,True,2502.0,0.23980815347721673,,,,0.9592326139088669,-1.1191047162270151,,
2026-08-14,6369,limit,True,2493.0,0.6016847172081841,,,,1.3237063778579916,-0.7621339751303635,,
2026-08-14,6369,stop,True,2502.0,0.23980815347721673,,,,0.9592326139088669,-1.1191047162270151,,
2026-08-14,6118,market,True,1237.0,1.212611156022625,,,,5.092966855295078,-0.808407437348424,,
2026-08-14,6118,limit,False,,,,,,,,6.382978723404253,0.40916530278232166
2026-08-14,6118,stop,True,1237.0,1.212611156022625,,,,5.092966855295078,-0.808407437348424,,
2026-08-14,6005,market,True,3205.0,-0.5616224648985924,,,,0.0936037441497728,-3.3697347893915763,,
2026-08-14,6005,limit,True,3190.0,-0.09404388714733258,,,,0.5642633228840177,-2.915360501567399,,
2026-08-14,6005,stop,True,3205.0,-0.5616224648985924,,,,0.0936037441497728,-3.3697347893915763,,
2026-08-14,6227,market,True,6450.0,1.5503875968992276,,,,4.496124031007742,-2.635658914728678,,
2026-08-14,6227,limit,True,6450.0,1.5503875968992276,,,,4.496124031007742,-2.635658914728678,,
2026-08-14,6227,stop,True,6482.94,1.0344072288190231,,,,3.965176293471795,-3.1303698630559484,,
2026-08-14,8227,market,True,3399.0,-1.5298617240364853,,,,0.0,-2.324213003824649,,
2026-08-14,8227,limit,True,3385.0,-1.1225997045790304,,,,0.41358936484490183,-1.9202363367799125,,
2026-08-14,8227,stop,True,3399.0,-1.5298617240364853,,,,0.0,-2.324213003824649,,
2026-08-14,1814,market,True,3745.0,-0.6675567423230944,,,,1.3351134846461887,-2.4032042723631464,,
2026-08-14,1814,limit,True,3715.0,0.13458950201883368,,,,2.153432032301472,-1.6150740242261152,,
2026-08-14,1814,stop,True,3745.0,-0.6675567423230944,,,,1.3351134846461887,-2.4032042723631464,,
2026-08-14,8160,market,True,2394.0,-0.3341687552213868,,,,0.41771094402673903,-0.7101086048454497,,
2026-08-14,8160,limit,True,2394.0,-0.3341687552213868,,,,0.41771094402673903,-0.7101086048454497,,
2026-08-14,8160,stop,True,2400.792,-0.6161300104298828,,,,0.13362257121816157,-0.9910063012539161,,
2026-08-14,1801,market,True,13055.0,-0.9957870547682934,,,,1.1872845653006614,-2.9490616621983934,,
2026-08-14,1801,limit,True,12990.0,-0.500384911470364,,,,1.6936104695919996,-2.4634334103156297,,
2026-08-14,1801,stop,True,13055.0,-0.9957870547682934,,,,1.1872845653006614,-2.9490616621983934,,
2026-08-14,3656,market,True,206.0,-0.9708737864077666,,,,1.4563106796116498,-5.339805825242716,,
2026-08-14,3656,limit,True,205.0,-0.4878048780487809,,,,1.9512195121951237,-4.878048780487809,,
2026-08-14,3656,stop,True,206.0,-0.9708737864077666,,,,1.4563106796116498,-5.339805825242716,,
2026-08-14,3696,market,True,2090.0,2.7272727272727337,,,,6.459330143540676,-1.9617224880382755,,
2026-08-14,3696,limit,True,2064.0,4.02131782945736,,,,7.800387596899228,-0.7267441860465129,,
2026-08-14,3696,stop,True,2090.0,2.7272727272727337,,,,6.459330143540676,-1.9617224880382755,,
2026-08-14,7745,market,True,2887.0,2.1821960512642846,,,,2.4246622791825434,-0.6927606511950124,,
2026-08-14,7745,limit,True,2887.0,2.1821960512642846,,,,2.4246622791825434,-0.6927606511950124,,
2026-08-14,7745,stop,True,2905.8,1.521095739555367,,,,1.761993254869565,-1.3352605134558493,,
2026-08-14,8153,market,True,3820.0,-1.0471204188481686,,,,0.2617801047120505,-1.7015706806282727,,
2026-08-14,8153,limit,True,3790.0,-0.26385224274406704,,,,1.055408970976246,-0.923482849604218,,
2026-08-14,8153,stop,True,3820.0,-1.0471204188481686,,,,0.2617801047120505,-1.7015706806282727,,
2026-08-14,4554,market,True,1850.0,-0.7567567567567601,,,,0.1621621621621605,-1.8918918918918948,,
2026-08-14,4554,limit,True,1849.0,-0.7030827474310386,,,,0.21633315305571443,-1.838831800973495,,
2026-08-14,4554,stop,True,1852.698,-0.9012801870569298,,,,0.0163005519517867,-2.034762276420665,,
2026-08-14,4568,market,True,2711.5,-1.8993177208187384,,,,0.38723953531256683,-1.8993177208187384,,
2026-08-14,4568,limit,True,2711.5,-1.8993177208187384,,,,0.38723953531256683,-1.8993177208187384,,
2026-08-14,4568,stop,False,,,,,,,,-0.293040293040292,-2.564102564102566
2026-08-14,6997,market,True,3195.0,-1.4084507042253502,,,,2.5039123630672844,-7.167449139280125,,
2026-08-14,6997,limit,True,3160.0,-0.31645569620253333,,,,3.639240506329111,-6.139240506329113,,
2026-08-14,6997,stop,True,3195.0,-1.4084507042253502,,,,2.5039123630672844,-7.167449139280125,,
2026-08-14,7236,market,True,1580.0,-0.8860759493670933,,,,1.9620253164557067,-1.6455696202531622,,
2026-08-14,7236,limit,True,1580.0,-0.8860759493670933,,,,1.9620253164557067,-1.6455696202531622,,
2026-08-14,7236,stop,True,1583.16,-1.083908133100897,,,,1.7585082998559765,-1.8418858485560574,,
2026-08-14,6588,market,True,3215.0,-3.1104199066874005,,,,0.0,-5.909797822706064,,
2026-08-14,6588,limit,True,3215.0,-3.1104199066874005,,,,0.0,-5.909797822706064,,
2026-08-14,6588,stop,False,,,,,,,,-0.7716049382716084,-6.635802469135799
2026-08-14,6845,market,True,1562.0,-0.736235595390522,,,,0.22407170294493906,-2.8169014084507005,,
2026-08-14,6845,limit,True,1562.0,-0.736235595390522,,,,0.22407170294493906,-2.8169014084507005,,
2026-08-14,6845,stop,True,1565.124,-0.9343668616671907,,,,0.024023655633675922,-3.010879649152398,,
2026-08-14,6458,market,True,1231.0,0.4061738424045558,,,,0.9748172217709072,-0.9748172217709183,,
2026-08-14,6458,limit,True,1231.0,0.4061738424045558,,,,0.9748172217709072,-0.9748172217709183,,
2026-08-14,6458,stop,True,1233.462,0.20576231776900933,,,,0.7732706804101097,-1.1724722772164853,,
2026-08-14,6315,market,True,2562.0,-0.31225604996096834,,,,2.3419203747072626,-5.152224824355967,,
2026-08-14,6315,limit,True,2504.0,1.9968051118210761,,,,4.712460063897761,-2.95527156549521,,
2026-08-14,6315,stop,True,2562.0,-0.31225604996096834,,,,2.3419203747072626,-5.152224824355967,,
2026-08-14,5288,market,True,1556.0,0.5784061696658016,,,,3.2776349614395794,-0.5141388174807249,,
2026-08-14,5288,limit,False,,,,,,,,4.554326610279769,0.7156798959011113
2026-08-14,5288,stop,True,1556.0,0.5784061696658016,,,,3.2776349614395794,-0.5141388174807249,,
2026-08-14,5929,market,True,3633.0,-2.229562345169278,,,,0.22020368841177973,-2.6974951830443183,,
2026-08-14,5929,limit,True,3633.0,-2.229562345169278,,,,0.22020368841177973,-2.6974951830443183,,
2026-08-14,5929,stop,False,,,,,,,,0.027472527472527375,-2.8846153846153855
2026-08-14,6062,market,True,1416.0,0.9887005649717562,,,,1.836158192090398,-1.6949152542372836,,
2026-08-14,6062,limit,True,1416.0,0.9887005649717562,,,,1.836158192090398,-1.6949152542372836,,
2026-08-14,6062,stop,True,1423.842,0.4324918073774997,,,,1.2752819484184164,-2.236343639252114,,
2026-08-14,5563,market,True,444.0,0.0,,,,1.1261261261261257,-1.8018018018018056,,
2026-08-14,5563,limit,True,443.0,0.22573363431150906,,,,1.3544018058690765,-1.5801354401805856,,
2026-08-14,5563,stop,True,444.0,0.0,,,,1.1261261261261257,-1.8018018018018056,,
2026-08-14,9001,market,True,2960.0,-1.165540540540544,,,,0.5574324324324254,-1.8918918918918948,,
2026-08-14,9001,limit,True,2946.0,-0.6958587915818049,,,,1.035302104548541,-1.4256619144602856,,
2026-08-14,9001,stop,True,2960.0,-1.165540540540544,,,,0.5574324324324254,-1.8918918918918948,,
2026-08-14,9409,market,True,3055.0,0.16366612111293755,,,,1.6366612111292866,-1.1456628477905073,,
2026-08-14,9409,limit,True,3040.0,0.328947368421062,,,,0.8223684210526327,-0.6578947368421018,,
2026-08-14,9409,stop,True,3055.0,0.16366612111293755,,,,1.6366612111292866,-1.1456628477905073,,
2026-08-14,9045,market,True,3141.0,-1.082457815982174,,,,0.5093919134033786,-1.623686723973261,,
2026-08-14,9045,limit,True,3141.0,-1.082457815982174,,,,0.5093919134033786,-1.623686723973261,,
2026-08-14,9045,stop,True,3153.294,-0.35816514413181677,,,,0.11752789305405908,-2.0072343397095183,,
2026-08-14,8795,market,True,4956.0,-0.3631961259079941,,,,0.32284100080710587,-1.5133171912832921,,
2026-08-14,8795,limit,True,4897.0,0.8372472942618003,,,,1.5315499285276646,-0.32673065141923807,,
2026-08-14,8795,stop,True,4956.0,-0.3631961259079941,,,,0.32284100080710587,-1.5133171912832921,,
2026-08-14,2702,market,True,7930.0,-2.648171500630514,,,,0.7566204287515754,-3.6569987389659553,,
2026-08-14,2702,limit,True,7790.0,-0.898587933247752,,,,2.5673940949935803,-1.9255455712451908,,
2026-08-14,2702,stop,True,7930.0,-2.648171500630514,,,,0.7566204287515754,-3.6569987389659553,,
2026-08-14,6055,market,True,2250.0,1.777777777777767,,,,3.111111111111109,-2.3111111111111082,,
2026-08-14,6055,limit,True,2245.0,-2.0044543429844075,,,,3.340757238307357,-2.093541202672611,,
2026-08-14,6055,stop,True,2250.0,1.777777777777767,,,,3.111111111111109,-2.3111111111111082,,
2026-08-14,5938,market,True,1761.0,-0.8517887563884163,,,,0.19875070982395826,-2.61215218625781,,
2026-08-14,5938,limit,True,1761.0,-0.8517887563884163,,,,0.19875070982395826,-2.61215218625781,,
2026-08-14,5938,stop,False,,,,,,,,0.028344671201807614,-2.777777777777779
2026-08-14,9424,market,True,113.0,0.8849557522123908,,,,5.3097345132743445,-0.8849557522123908,,
2026-08-14,9424,limit,True,113.0,0.8849557522123908,,,,5.3097345132743445,-0.8849557522123908,,
2026-08-14,9424,stop,True,113.226,0.683588575062255,,,,5.099535442389569,-1.0827901718686528,,
2026-08-14,9551,market,True,3230.0,0.3095975232198178,,,,1.0835913312693402,-2.0123839009287936,,
2026-08-14,9551,limit,True,3210.0,-1.4018691588784993,,,,1.0903426791277315,-1.4018691588784993,,
2026-08-14,9551,stop,True,3230.0,0.3095975232198178,,,,1.0835913312693402,-2.0123839009287936,,
2026-08-14,9256,market,True,1183.0,5.579036348267108,,,,5.663567202028741,-0.2535925612848655,,
2026-08-14,9256,limit,False,,,,,,,,7.296137339055786,1.2875536480686733
2026-08-14,9256,stop,True,1183.0,5.579036348267108,,,,5.663567202028741,-0.2535925612848655,,
2026-08-14,9301,market,True,1493.5,0.33478406427853713,,,,2.879142952795455,-0.3013056578506812,,
2026-08-14,9301,limit,True,1493.5,0.33478406427853713,,,,2.879142952795455,-0.3013056578506812,,
2026-08-14,9301,stop,True,1501.998,-0.23288979079866268,,,,2.2970736312564854,-0.8653806463124525,,
2026-08-14,4967,market,True,5553.0,-0.7743562038537766,,,,0.0,-1.7468035296236306,,
2026-08-14,4967,limit,True,5553.0,-0.7743562038537766,,,,0.0,-1.7468035296236306,,
2026-08-14,4967,stop,False,,,,,,,,-0.05399568034557545,-1.7998560115190743
2026-08-14,9830,market,True,2386.0,-0.16764459346185756,,,,0.88013411567478,-0.7963118189438401,,
2026-08-14,9830,limit,True,2386.0,-0.16764459346185756,,,,0.88013411567478,-0.7963118189438401,,
2026-08-14,9830,stop,True,2393.778,-0.49202557630656507,,,,0.5523486304912284,-1.1186501003852434,,
2026-08-14,8593,market,True,1401.0,-1.1063526052819461,,,,0.1427551748750977,-2.0342612419700257,,
2026-08-14,8593,limit,True,1401.0,-1.1063526052819461,,,,0.1427551748750977,-2.0342612419700257,,
2026-08-14,8593,stop,False,,,,,,,,-0.03562522265764256,-2.2087638047737834
2026-08-14,7994,market,True,2359.0,-1.0597710894446832,,,,0.38151759220008685,-1.7804154302670572,,
2026-08-14,7994,limit,True,2354.0,-0.8496176720475757,,,,0.5947323704333041,-1.571792693288021,,
2026-08-14,7994,stop,True,2359.0,-1.0597710894446832,,,,0.38151759220008685,-1.7804154302670572,,
2026-08-14,7409,market,True,1701.0,-11.228689006466785,,,,1.6460905349794164,-17.28395061728395,,
2026-08-14,7409,limit,True,1683.0,-10.279263220439693,,,,2.7332144979203887,-16.399286987522277,,
2026-08-14,7409,stop,True,1701.0,-11.228689006466785,,,,1.6460905349794164,-17.28395061728395,,
2026-08-14,6914,market,True,3500.0,2.285714285714291,,,,3.142857142857136,0.0,,
2026-08-14,6914,limit,True,3500.0,2.285714285714291,,,,3.142857142857136,0.0,,
2026-08-14,6914,stop,True,3507.0,2.0815511833475853,,,,2.9369831765041265,-0.1996007984031989,,
2026-08-14,6590,market,True,4480.0,2.2321428571428603,,,,6.696428571428581,-2.67857142857143,,
2026-08-14,6590,limit,True,4435.0,3.269447576099216,,,,7.779030439684331,-1.6910935738444155,,
2026-08-14,6590,stop,True,4480.0,2.2321428571428603,,,,6.696428571428581,-2.67857142857143,,
2026-08-14,9048,market,True,1865.5,-0.29482712409542033,,,,0.4556419190565597,-1.5813454837845131,,
2026-08-14,9048,limit,True,1864.0,-0.21459227467811592,,,,0.5364806866952732,-1.5021459227467782,,
2026-08-14,9048,stop,True,1867.728,-0.4137647451877391,,,,0.3358090685581683,-1.6987484258949914,,
2026-08-14,4992,market,True,2034.0,-0.34414945919371,,,,0.9341199606686335,-1.8190757128810242,,
2026-08-14,4992,limit,True,2020.0,0.34653465346534684,,,,1.6336633663366351,-1.1386138613861396,,
2026-08-14,4992,stop,True,2034.0,-0.34414945919371,,,,0.9341199606686335,-1.8190757128810242,,
2026-08-14,5702,market,True,1870.0,-0.588235294117645,,,,1.2299465240641627,-1.5508021390374327,,
2026-08-14,5702,limit,True,1851.0,0.432198811453266,,,,2.269043760129663,-0.540248514316588,,
2026-08-14,5702,stop,True,1870.0,-0.588235294117645,,,,1.2299465240641627,-1.5508021390374327,,
2026-08-14,5659,market,True,1427.0,0.7708479327259932,,,,2.1723896285914535,-1.261387526278912,,
2026-08-14,5659,limit,True,1416.0,-0.14124293785310327,,,,2.1892655367231617,-0.4943502824858781,,
2026-08-14,5659,stop,True,1427.0,0.7708479327259932,,,,2.1723896285914535,-1.261387526278912,,
2026-08-14,5541,market,True,2699.0,-1.482030381622823,,,,2.037791774731379,-2.074842534271948,,
2026-08-14,5541,limit,True,2696.0,-1.3724035608308593,,,,2.1513353115726996,-1.9658753709198784,,
2026-08-14,5541,stop,True,2701.392,-1.569265030769318,,,,1.9474404307112891,-2.161552266387101,,
2026-08-14,4776,market,True,2962.0,-1.4517218095881135,,,,1.181634031060086,-1.9918973666441575,,
2026-08-14,4776,limit,True,2951.0,-1.0843781768891891,,,,1.5587936292782212,-1.6265672653337893,,
2026-08-14,4776,stop,True,2962.0,-1.4517218095881135,,,,1.181634031060086,-1.9918973666441575,,
2026-08-14,6908,market,True,2796.0,1.6094420600858417,,,,1.7525035765379116,-0.32188841201716833,,
2026-08-14,6908,limit,True,2796.0,1.6094420600858417,,,,1.7525035765379116,-0.32188841201716833,,
2026-08-14,6908,stop,True,2805.6,1.2617621899059017,,,,1.4043341887653327,-0.6629597946963162,,
2026-08-14,1663,market,True,1918.0,1.4077163712200136,,,,1.6684045881126153,-0.9384775808133461,,
2026-08-14,1663,limit,True,1918.0,1.4077163712200136,,,,1.6684045881126153,-0.9384775808133461,,
2026-08-14,1663,stop,True,1922.838,1.1525671949482952,,,,1.4125995013620551,-1.1877235627754335,,
2026-08-14,9997,market,True,1025.0,0.19512195121951237,,,,2.634146341463417,-0.09756097560975618,,
2026-08-14,9997,limit,True,1025.0,0.19512195121951237,,,,2.634146341463417,-0.09756097560975618,,
2026-08-14,9997,stop,True,1032.06,0.6724415247175708,,,,1.9320582136697517,-0.19960079840318778,,
2026-08-14,1605,market,True,3846.0,-1.8460738429537216,,,,1.4040561622464809,-2.6261050442017653,,
2026-08-14,1605,limit,True,3787.0,-0.3168735146554025,,,,2.983892263005017,-1.1090573012939031,,
2026-08-14,1605,stop,True,3846.0,-1.8460738429537216,,,,1.4040561622464809,-2.6261050442017653,,
2026-08-14,8200,market,True,2307.0,-0.0866926744690022,,,,0.5201560468140354,-0.9969657563935863,,
2026-08-14,8200,limit,True,2292.0,0.5671902268760798,,,,1.1780104712041828,-0.3490401396160525,,
2026-08-14,8200,stop,True,2307.0,-0.0866926744690022,,,,0.5201560468140354,-0.9969657563935863,,
2026-08-14,2264,market,True,1199.0,-0.5838198498749003,,,,0.2085070892410279,-2.335279399499579,,
2026-08-14,2264,limit,True,1189.5,0.21017234131988083,,,,1.0088272383354413,-1.5552753257671248,,
2026-08-14,2264,stop,True,1199.0,-0.5838198498749003,,,,0.2085070892410279,-2.335279399499579,,
2026-08-14,1952,market,True,3150.0,0.4761904761904745,,,,3.1746031746031855,-2.0634920634920673,,
2026-08-14,1952,limit,True,3135.0,-1.4354066985645897,,,,2.2328548644338087,-1.594896331738438,,
2026-08-14,1952,stop,True,3150.0,0.4761904761904745,,,,3.1746031746031855,-2.0634920634920673,,
2026-08-14,8995,market,True,1940.0,2.0618556701030855,,,,22.68041237113403,-18.453608247422682,,
2026-08-14,8995,limit,False,,,,,,,,50.63291139240506,0.12658227848101333
2026-08-14,8995,stop,False,,,,,,,,50.63291139240506,0.12658227848101333
2026-08-14,2670,market,True,2837.0,-1.8329221008107188,,,,0.3524850193866724,-2.890377158970747,,
2026-08-14,2670,limit,True,2837.0,-1.8329221008107188,,,,0.3524850193866724,-2.890377158970747,,
2026-08-14,2670,stop,True,2843.676,-2.063385561505593,,,,0.11689095382174663,-3.118358068922056,,
2026-08-14,2579,market,True,3972.0,-2.593152064451154,,,,0.20140986908359082,-5.110775427995973,,
2026-08-14,2579,limit,True,3972.0,-2.593152064451154,,,,0.20140986908359082,-5.110775427995973,,
2026-08-14,2579,stop,False,,,,,,,,-0.25062656641604564,-5.538847117794488
2026-08-14,8750,market,True,1883.0,-1.9118428040361124,,,,0.0,-2.4960169941582566,,
2026-08-14,8750,limit,True,1859.5,-0.6722237160527,,,,1.2637805861790863,-1.2637805861790752,,
2026-08-14,8750,stop,True,1883.0,-1.9118428040361124,,,,0.0,-2.4960169941582566,,
2026-08-14,4475,market,True,1501.0,-3.0646235842771485,,,,1.3324450366422491,-4.996668887408395,,
2026-08-14,4475,limit,True,1501.0,-3.0646235842771485,,,,1.3324450366422491,-4.996668887408395,,
2026-08-14,4475,stop,False,,,,,,,,-0.39292730844793233,-6.614276358873605
2026-08-14,4483,market,True,3445.0,-2.1770682148040676,,,,1.4513788098693858,-3.338171262699563,,
2026-08-14,4483,limit,True,3445.0,-2.1770682148040676,,,,1.4513788098693858,-3.338171262699563,,
2026-08-14,4483,stop,False,,,,,,,,0.14326647564470996,-4.584527220630374
2026-08-14,4381,market,True,436.0,-7.110091743119263,,,,5.504587155963292,-12.844036697247708,,
2026-08-14,4381,limit,True,433.0,-6.46651270207852,,,,6.235565819861422,-12.240184757505778,,
2026-08-14,4381,stop,True,436.0,-7.110091743119263,,,,5.504587155963292,-12.844036697247708,,
2026-08-14,7282,market,True,5220.0,0.9578544061302763,,,,2.2413793103448265,-0.17241379310344307,,
2026-08-14,7282,limit,False,,,,,,,,2.6148817535089464,0.1922707171697846
2026-08-14,7282,stop,True,5220.0,0.9578544061302763,,,,2.2413793103448265,-0.17241379310344307,,
2026-08-14,3179,market,True,1231.0,0.16246953696181787,,,,1.8683996750609166,-1.0560519902518273,,
2026-08-14,3179,limit,True,1218.0,1.2315270935960632,,,,2.9556650246305383,0.0,,
2026-08-14,3179,stop,True,1231.0,0.16246953696181787,,,,1.8683996750609166,-1.0560519902518273,,
2026-08-14,7599,market,True,1314.0,-0.91324200913242,,,,0.3044140030441511,-1.9786910197869156,,
2026-08-14,7599,limit,True,1297.0,0.38550501156515704,,,,1.619121048573624,-0.6939090208172738,,
2026-08-14,7599,stop,True,1314.0,-0.91324200913242,,,,0.3044140030441511,-1.9786910197869156,,
2026-08-14,7762,market,True,2863.0,-2.1655606007684236,,,,1.9909186168354909,-9.186168354872514,,
2026-08-14,7762,limit,True,2760.0,1.485507246376816,,,,5.797101449275366,-5.797101449275366,,
2026-08-14,7762,stop,True,2803.0,-7.242240456653581,,,,2.4259721726721306,-7.242240456653581,,
2026-08-14,7730,market,True,1620.0,-0.37037037037036535,,,,0.0,-1.913580246913582,,
2026-08-14,7730,limit,True,1615.0,-0.06191950464395912,,,,0.3095975232198178,-1.609907120743037,,
2026-08-14,7730,stop,True,1620.0,-0.37037037037036535,,,,0.0,-1.913580246913582,,
2026-08-14,3907,market,True,1515.0,-2.640264026402639,,,,3.630363036303641,-5.346534653465351,,
2026-08-14,3907,limit,True,1515.0,-2.640264026402639,,,,3.630363036303641,-5.346534653465351,,
2026-08-14,3907,stop,False,,,,,,,,-1.133501259445846,-9.697732997481111
2026-08-14,4052,market,True,619.0,-6.300484652665594,,,,6.138933764135701,-13.085621970920835,,
2026-08-14,4052,limit,True,616.0,-5.844155844155841,,,,6.655844155844148,-12.662337662337663,,
2026-08-14,4052,stop,True,619.0,-6.300484652665594,,,,6.138933764135701,-13.085621970920835,,
2026-08-14,4022,market,True,2360.0,7.415254237288127,,,,9.025423728813564,-0.2966101694915291,,
2026-08-14,4022,limit,True,2360.0,7.415254237288127,,,,9.025423728813564,-0.2966101694915291,,
2026-08-14,4022,stop,True,2375.742,6.7035056836979745,,,,8.303005966136045,-0.9572588269264992,,
2026-08-14,3993,market,True,3050.0,-0.983606557377048,,,,0.6557377049180246,-4.262295081967215,,
2026-08-14,3993,limit,True,3050.0,-0.983606557377048,,,,0.6557377049180246,-4.262295081967215,,
2026-08-14,3993,stop,False,,,,,,,,-2.848101265822789,-7.594936708860756
2026-08-14,7047,market,True,2206.0,0.5893019038984537,,,,3.2184950135992763,-0.951949229374438,,
2026-08-14,7047,limit,True,2206.0,0.5893019038984537,,,,3.2184950135992763,-0.951949229374438,,
2026-08-14,7047,stop,True,2259.51,-0.8634615469725881,,,,0.7740616328318906,-2.943558559156645,,
2026-08-14,7012,market,True,2890.0,-1.1937716262975795,,,,2.2664359861591654,-2.6124567474048455,,
2026-08-14,7012,limit,True,2842.0,0.475017593244198,,,,3.9936664320900706,-0.967628430682621,,
2026-08-14,7012,stop,True,2890.0,-1.1937716262975795,,,,2.2664359861591654,-2.6124567474048455,,
2026-08-14,4658,market,True,1551.0,0.2578981302385541,,,,1.0315925209542165,0.0,,
2026-08-14,4658,limit,True,1551.0,0.2578981302385541,,,,1.0315925209542165,0.0,,
2026-08-14,4658,stop,True,1564.122,-0.583202589056353,,,,0.18400099224995525,-0.8389371161584669,,
2026-08-14,4641,market,True,837.0,-0.5973715651135025,,,,0.9557945041815952,-2.0310633213859064,,
2026-08-14,4641,limit,True,837.0,-0.5973715651135025,,,,0.9557945041815952,-2.0310633213859064,,
2026-08-14,4641,stop,True,838.674,-0.795780005103286,,,,0.7542859323169671,-2.226610101183535,,
2026-08-14,6474,market,True,5800.0,1.724137931034475,,,,5.1724137931034475,-1.0344827586206917,,
2026-08-14,6474,limit,True,5780.0,2.076124567474058,,,,5.536332179930792,-0.692041522491349,,
2026-08-14,6474,stop,True,5800.0,1.724137931034475,,,,5.1724137931034475,-1.0344827586206917,,
2026-08-14,6507,market,True,13490.0,1.4084507042253502,,,,2.742772424017792,-4.373610081541878,,
2026-08-14,6507,limit,True,13370.0,2.3186237845923774,,,,3.664921465968596,-3.5153328347045654,,
2026-08-14,6507,stop,True,13490.0,1.4084507042253502,,,,2.742772424017792,-4.373610081541878,,
2026-08-14,6814,market,True,7890.0,0.3802281368821214,,,,2.91508238276299,-0.25348542458808465,,
2026-08-14,6814,limit,True,7890.0,0.3802281368821214,,,,2.91508238276299,-0.25348542458808465,,
2026-08-14,6814,stop,True,7915.8,0.05305844008185456,,,,2.5796508249324113,-0.5785896561307791,,
2026-08-14,6584,market,True,821.0,4.141291108404377,,,,6.942752740560287,-0.974421437271622,,
2026-08-14,6584,limit,True,821.0,4.141291108404377,,,,6.942752740560287,-0.974421437271622,,
2026-08-14,6584,stop,True,823.644,3.8069845710039685,,,,6.599453161802904,-1.2923058991506031,,
2026-08-14,8185,market,True,1034.0,-0.19342359767892114,,,,0.6769825918762074,-0.4835589941972973,,
2026-08-14,8185,limit,True,1032.0,0.0,,,,0.8720930232558155,-0.29069767441860517,,
2026-08-14,8185,stop,True,1034.064,-0.1996007984031989,,,,0.6707515202153846,-0.48971823794272673,,
2026-08-14,3856,market,True,355.0,4.507042253521121,,,,8.732394366197195,-0.5633802816901401,,
2026-08-14,3856,limit,False,,,,,,,,10.285714285714276,0.8571428571428674
2026-08-14,3856,stop,True,355.0,4.507042253521121,,,,8.732394366197195,-0.5633802816901401,,
2026-08-14,6861,market,True,87470.0,-0.8231393620669936,,,,0.1829198582371072,-3.9327769520978606,,
2026-08-14,6861,limit,True,87400.0,-0.7437070938215107,,,,0.2631578947368318,-3.8558352402745966,,
2026-08-14,6861,stop,True,87574.8,-0.9418234469276587,,,,0.06303183107470023,-4.0477397607531,,
2026-08-14,6794,market,True,3090.0,1.132686084142387,,,,3.07443365695792,-1.9417475728155331,,
2026-08-14,6794,limit,True,3065.0,1.9575856443719397,,,,3.9151712887438794,-1.1419249592169667,,
2026-08-14,6794,stop,True,3090.0,1.132686084142387,,,,3.07443365695792,-1.9417475728155331,,
2026-08-14,6298,market,True,1325.0,4.0000000000000036,,,,5.207547169811311,-0.15094339622641062,,
2026-08-14,6298,limit,False,,,,,,,,5.526116578349738,0.15140045420136694
2026-08-14,6298,stop,True,1325.0,4.0000000000000036,,,,5.207547169811311,-0.15094339622641062,,
2026-08-14,6135,market,True,15500.0,6.000000000000005,,,,6.451612903225801,-0.4516129032258065,,
2026-08-14,6135,limit,False,,,,,,,,7.702349869451708,0.7180156657963455
2026-08-14,6135,stop,True,15500.0,6.000000000000005,,,,6.451612903225801,-0.4516129032258065,,
2026-08-14,1882,market,True,1630.0,-0.6134969325153339,,,,0.30674846625766694,-1.1656441717791455,,
2026-08-14,1882,limit,True,1620.0,0.0,,,,0.92592592592593,-0.5555555555555536,,
2026-08-14,1882,stop,True,1630.0,-0.6134969325153339,,,,0.30674846625766694,-1.1656441717791455,,
2026-08-14,8630,market,True,6912.0,-2.864583333333337,,,,1.041666666666674,-4.1666666666666625,,
2026-08-14,8630,limit,True,6912.0,-2.864583333333337,,,,1.041666666666674,-4.1666666666666625,,
2026-08-14,8630,stop,False,,,,,,,,-0.626067159931698,-5.748434832100169
2026-08-14,3854,market,True,2439.0,-1.1890118901188962,,,,0.36900369003689537,-1.927019270192698,,
2026-08-14,3854,limit,True,2439.0,-1.1890118901188962,,,,0.36900369003689537,-1.927019270192698,,
2026-08-14,3854,stop,True,2444.88,-1.181244069238574,,,,0.1276136252085891,-2.121985537122484,,
2026-08-14,3660,market,True,527.0,6.261859582542684,,,,7.969639468690692,-0.5692599620493399,,
2026-08-14,3660,limit,False,,,,,,,,10.27131782945736,1.5503875968992276
2026-08-14,3660,stop,True,527.0,6.261859582542684,,,,7.969639468690692,-0.5692599620493399,,
2026-08-14,2593,market,True,2995.0,-1.9866444073455725,,,,0.4340567612687751,-2.8380634390651083,,
2026-08-14,2593,limit,True,2995.0,-1.9866444073455725,,,,0.4340567612687751,-2.8380634390651083,,
2026-08-14,2593,stop,False,,,,,,,,-0.2652519893899252,-3.5145888594164454
2026-08-14,2811,market,True,2639.0,-0.41682455475559044,,,,1.9514967790829951,-1.8946570670708596,,
2026-08-14,2811,limit,True,2639.0,-0.41682455475559044,,,,1.9514967790829951,-1.8946570670708596,,
2026-08-14,2811,stop,True,2672.334,-0.6860669362437455,,,,0.6797802969239708,-2.2951472383317295,,
2026-08-14,8051,market,True,1965.0,-1.6284987277353724,,,,0.661577608142494,-2.7480916030534375,,
2026-08-14,8051,limit,True,1963.0,-1.528273051451856,,,,0.7641365257259336,-2.6490066225165587,,
2026-08-14,8051,stop,True,1966.926,-1.7248234046425726,,,,0.563010504716499,-2.843319982551451,,
2026-08-14,8273,market,True,1014.0,-1.3806706114398382,,,,0.591715976331364,-1.4792899408283988,,
2026-08-14,8273,limit,True,1014.0,-1.3806706114398382,,,,0.591715976331364,-1.4792899408283988,,
2026-08-14,8273,stop,True,1018.032,-1.7712606283496024,,,,0.1933141590834131,-1.8694893677212554,,
2026-08-14,8282,market,True,1938.5,-1.3670363683260245,,,,0.5158627805003979,-2.16662367810162,,
2026-08-14,8282,limit,True,1924.5,-0.6495193556767975,,,,1.247077162899446,-1.4549233567160313,,
2026-08-14,8282,stop,True,1938.5,-1.3670363683260245,,,,0.5158627805003979,-2.16662367810162,,
2026-08-14,8725,market,True,5110.0,-3.620352250489234,,,,0.7045009784735878,-4.129158512720155,,
2026-08-14,8725,limit,False,,,,,,,,6.388257184205082,1.281786231134996
2026-08-14,8725,stop,True,4915.0,1.4242115971515812,,,,1.4852492370295067,-0.3255340793489325,,
2026-08-14,8005,market,True,1875.0,-1.3333333333333308,,,,0.5333333333333412,-1.5466666666666629,,
2026-08-14,8005,limit,True,1875.0,-1.3333333333333308,,,,0.5333333333333412,-1.5466666666666629,,
2026-08-14,8005,stop,True,1884.762,-0.5710004764527321,,,,0.0126275890536931,-2.056599188650876,,
2026-08-14,8078,market,True,1836.0,-1.4161220043573008,,,,2.015250544662317,-1.5795206971677578,,
2026-08-14,8078,limit,True,1836.0,-1.4161220043573008,,,,2.015250544662317,-1.5795206971677578,,
2026-08-14,8078,stop,True,1845.684,-1.933375377366875,,,,1.4799933249678654,-2.0959167441447213,,
2026-08-14,8020,market,True,2230.0,-2.3542600896861,,,,0.47085201793721776,-3.5201793721973074,,
2026-08-14,8020,limit,True,2214.5,-1.6708060510273182,,,,1.1740799277489167,-2.844885978776246,,
2026-08-14,8020,stop,True,2230.0,-2.3542600896861,,,,0.47085201793721776,-3.5201793721973074,,
2026-08-14,9044,market,True,2959.0,-0.9293680297397744,,,,0.6590064210882041,-1.9770192632646122,,
2026-08-14,9044,limit,True,2949.0,-0.5934214988131625,,,,1.0003390979993254,-1.6446252967107444,,
2026-08-14,9044,stop,True,2959.0,-0.9293680297397744,,,,0.6590064210882041,-1.9770192632646122,,
2026-08-14,9037,market,True,1888.0,-0.7944915254237239,,,,0.10593220338983578,-2.5423728813559365,,
2026-08-14,9037,limit,True,1883.0,-0.5310674455655917,,,,0.3717472118959009,-2.2835900159320244,,
2026-08-14,9037,stop,True,1888.0,-0.7944915254237239,,,,0.10593220338983578,-2.5423728813559365,,
2026-08-14,2760,market,True,4440.0,-2.1396396396396344,,,,0.11261261261261701,-5.855855855855852,,
2026-08-14,2760,limit,True,4420.0,-1.6968325791855254,,,,0.5656108597285048,-5.429864253393668,,
2026-08-14,2760,stop,True,4440.0,-2.1396396396396344,,,,0.11261261261261701,-5.855855855855852,,
2026-08-14,8584,market,True,3780.0,-0.7936507936507908,,,,0.2645502645502562,-1.7195767195767209,,
2026-08-14,8584,limit,True,3780.0,-0.7936507936507908,,,,0.2645502645502562,-1.7195767195767209,,
2026-08-14,8584,stop,False,,,,,,,,0.13210039630118242,-1.8494055482166427
2026-08-14,7966,market,True,6160.0,0.6493506493506551,,,,1.298701298701288,-2.110389610389607,,
2026-08-14,7966,limit,True,6160.0,0.6493506493506551,,,,1.298701298701288,-2.110389610389607,,
2026-08-14,7966,stop,True,6172.32,0.44845374186692766,,,,1.096508282137032,-2.305778054281049,,
2026-08-14,3444,market,True,1051.0,3.4253092293054177,,,,7.516650808753567,-0.570884871550903,,
2026-08-14,3444,limit,False,,,,,,,,9.178743961352653,0.9661835748792313
2026-08-14,3444,stop,True,1051.0,3.4253092293054177,,,,7.516650808753567,-0.570884871550903,,
2026-08-14,3002,market,True,4250.0,-0.23529411764705577,,,,0.47058823529411153,-0.9411764705882342,,
2026-08-14,3002,limit,True,4235.0,0.11806375442739991,,,,0.8264462809917328,-0.5903187721369552,,
2026-08-14,3002,stop,True,4250.0,-0.23529411764705577,,,,0.47058823529411153,-0.9411764705882342,,
2026-08-14,3864,market,True,1160.0,-0.775862068965516,,,,0.6896551724137945,-2.5862068965517238,,
2026-08-14,3864,limit,True,1153.0,-0.17346053772766545,,,,1.300954032957513,-1.994796183868175,,
2026-08-14,3864,stop,True,1160.0,-0.775862068965516,,,,0.6896551724137945,-2.5862068965517238,,
2026-08-14,7944,market,True,4170.0,-2.1582733812949617,,,,1.6786570743405171,-3.83693045563549,,
2026-08-14,7944,limit,True,4170.0,-2.1582733812949617,,,,1.6786570743405171,-3.83693045563549,,
2026-08-14,7944,stop,False,,,,,,,,-1.6241299303944357,-6.960556844547561
2026-08-14,3036,market,True,3755.0,-2.79627163781625,,,,0.26631158455392434,-4.394141145139818,,
2026-08-14,3036,limit,True,3755.0,-2.79627163781625,,,,0.26631158455392434,-4.394141145139818,,
2026-08-14,3036,stop,False,,,,,,,,-0.13262599469495706,-4.774535809018565
2026-08-14,7867,market,True,3620.0,-0.5524861878453025,,,,0.6077348066298338,-3.4530386740331487,,
2026-08-14,7867,limit,True,3595.0,0.13908205841446364,,,,1.307371349095976,-2.781641168289295,,
2026-08-14,7867,stop,True,3620.0,-0.5524861878453025,,,,0.6077348066298338,-3.4530386740331487,,
2026-08-14,7609,market,True,4840.0,-2.892561983471076,,,,1.446280991735538,-5.785123966942152,,
2026-08-14,7609,limit,True,4780.0,-1.673640167364021,,,,2.7196652719665204,-4.602510460251041,,
2026-08-14,7609,stop,True,4840.0,-2.892561983471076,,,,1.446280991735538,-5.785123966942152,,
2026-08-14,3315,market,True,105.0,-2.857142857142858,,,,2.857142857142847,-2.857142857142858,,
2026-08-14,3315,limit,True,104.0,-1.9230769230769273,,,,3.8461538461538547,-1.9230769230769273,,
2026-08-14,3315,stop,True,105.0,-2.857142857142858,,,,2.857142857142847,-2.857142857142858,,
2026-08-14,4204,market,True,2675.0,-0.8411214953271018,,,,0.4299065420560799,-1.6448598130841097,,
2026-08-14,4204,limit,True,2675.0,-0.8411214953271018,,,,0.4299065420560799,-1.6448598130841097,,
2026-08-14,4204,stop,True,2680.35,-1.0390434085100764,,,,0.22944764676255947,-1.8411774581677753,,
2026-08-14,4528,market,True,2425.0,-0.6804123711340204,,,,0.7628865979381505,-1.1958762886597918,,
2026-08-14,4528,limit,True,2425.0,-0.6804123711340204,,,,0.7628865979381505,-1.1958762886597918,,
2026-08-14,4528,stop,True,2438.367,0.08747657756194016,,,,0.2105097386898569,-1.7375153125021914,,
2026-08-14,4732,market,True,2020.0,-1.1881188118811892,,,,0.32178217821781097,-2.3514851485148536,,
2026-08-14,4732,limit,True,2006.0,-0.49850448654037427,,,,1.02193419740777,-1.6699900299102732,,
2026-08-14,4732,stop,True,2020.0,-1.1881188118811892,,,,0.32178217821781097,-2.3514851485148536,,
2026-08-14,4202,market,True,1495.0,-1.3712374581939746,,,,0.13377926421405117,-1.9397993311036754,,
2026-08-14,4202,limit,True,1491.0,-1.106639839034207,,,,0.4024144869215318,-1.6767270288397085,,
2026-08-14,4202,stop,True,1495.0,-1.3712374581939746,,,,0.13377926421405117,-1.9397993311036754,,
2026-08-14,4826,market,True,538.0,-0.371747211895912,,,,0.3717472118959009,-1.6728624535315983,,
2026-08-14,4826,limit,True,538.0,-0.371747211895912,,,,0.3717472118959009,-1.6728624535315983,,
2026-08-14,4826,stop,False,,,,,,,,0.18552875695732052,-1.855287569573283
2026-08-14,4902,market,True,698.0,-3.911173036241944,,,,0.12894332579691525,-9.713465299852253,,
2026-08-14,4902,limit,True,688.7,-2.6136180910365625,,,,1.481054800938364,-8.494262783936223,,
2026-08-14,4902,stop,True,698.0,-3.911173036241944,,,,0.12894332579691525,-9.713465299852253,,
2026-08-14,9513,market,True,3937.0,-0.10160020320040264,,,,1.0160020320040708,-1.0668021336042721,,
2026-08-14,9513,limit,True,3919.0,0.35723398826230657,,,,1.4799693799438574,-0.6124011227353954,,
2026-08-14,9513,stop,True,3937.0,-0.10160020320040264,,,,1.0160020320040708,-1.0668021336042721,,
2026-08-14,9348,market,True,430.0,0.9302325581395321,,,,3.7209302325581506,-1.1627906976744207,,
2026-08-14,9348,limit,True,425.0,2.117647058823535,,,,4.941176470588227,0.0,,
2026-08-14,9348,stop,True,430.0,0.9302325581395321,,,,3.7209302325581506,-1.1627906976744207,,
2026-08-14,4919,market,True,3250.0,-2.4615384615384595,,,,0.15384615384614886,-3.6923076923076947,,
2026-08-14,4919,limit,True,3250.0,-2.4615384615384595,,,,0.15384615384614886,-3.6923076923076947,,
2026-08-14,4919,stop,False,,,,,,,,-0.15337423312883347,-3.9877300613496924
2026-08-14,4911,market,True,3508.0,-0.11402508551880963,,,,1.7388825541619246,-3.135689851767387,,
2026-08-14,4911,limit,True,3508.0,-0.11402508551880963,,,,1.7388825541619246,-3.135689851767387,,
2026-08-14,4911,stop,False,,,,,,,,0.08412787436904434,-4.711160964666295
2026-08-14,5851,market,True,2860.0,-0.6293706293706292,,,,0.38461538461538325,-1.4685314685314643,,
2026-08-14,5851,limit,True,2860.0,-0.6293706293706292,,,,0.38461538461538325,-1.4685314685314643,,
2026-08-14,5851,stop,True,2868.726,-0.9316330663855732,,,,0.07926863701865905,-1.768241372651136,,
2026-08-14,5703,market,True,2982.0,0.6036217303822866,,,,5.2984574111334615,-0.16767270288396974,,
2026-08-14,5703,limit,True,2982.0,0.6036217303822866,,,,5.2984574111334615,-0.16767270288396974,,
2026-08-14,5703,stop,True,2991.972,0.2683180190188983,,,,4.947506193239759,-0.5004057524602534,,
2026-08-14,2130,market,True,939.0,1.2779552715654896,,,,3.194888178913735,-0.5324813631522929,,
2026-08-14,2130,limit,True,939.0,1.2779552715654896,,,,3.194888178913735,-0.5324813631522929,,
2026-08-14,2130,stop,True,940.878,1.0758036642370072,,,,2.9889103581973497,-0.7310193245032903,,
2026-08-14,2181,market,True,285.1000061035156,-0.4559867705070664,,,,0.8067301801928606,-1.0522623415555987,,
2026-08-14,2181,limit,True,285.1000061035156,-0.4559867705070664,,,,0.8067301801928606,-1.0522623415555987,,
2026-08-14,2181,stop,True,286.97279999999995,-1.105614262756327,,,,0.14886215574592132,-1.69799851988911,,
2026-08-14,2220,market,True,1330.0,1.1278195488721776,,,,1.2030075187969835,-0.9022556390977488,,
2026-08-14,2220,limit,True,1330.0,1.1278195488721776,,,,1.2030075187969835,-0.9022556390977488,,
2026-08-14,2220,stop,True,1342.68,0.1727887508564896,,,,0.24726666070842285,-1.8381148151458304,,
2026-08-14,2170,market,True,608.0,3.6184210526315708,,,,7.8947368421052655,-0.3289473684210509,,
2026-08-14,2170,limit,True,608.0,3.6184210526315708,,,,7.8947368421052655,-0.3289473684210509,,
2026-08-14,2170,stop,True,611.22,3.0725434377147254,,,,7.326330944668036,-0.854029645626786,,
2026-08-14,2168,market,True,1637.0,0.18326206475258733,,,,1.221747098350634,-0.7941356139279154,,
2026-08-14,2168,limit,True,1637.0,0.18326206475258733,,,,1.221747098350634,-0.7941356139279154,,
2026-08-14,2168,stop,True,1641.276,-0.07774438912163673,,,,0.9580350897716139,-1.0525956633741118,,
2026-08-14,2353,market,True,260.0,1.538461538461533,,,,2.3076923076922995,-0.7692307692307665,,
2026-08-14,2353,limit,True,258.0,2.3255813953488413,,,,3.100775193798455,0.0,,
2026-08-14,2353,stop,True,260.0,1.538461538461533,,,,2.3076923076922995,-0.7692307692307665,,
2026-08-14,2737,market,True,31400.0,3.6624203821655987,,,,9.235668789808926,-2.86624203821656,,
2026-08-14,2737,limit,True,31400.0,3.6624203821655987,,,,9.235668789808926,-2.86624203821656,,
2026-08-14,2737,stop,True,31613.1,2.9636448181292074,,,,8.499324647060869,-3.5210086957621956,,
2026-08-14,1860,market,True,1494.0,0.5020080321285203,,,,1.5060240963855387,-0.20080321285140812,,
2026-08-14,1860,limit,False,,,,,,,,2.0181634712411745,0.3027245206861817
2026-08-14,1860,stop,True,1494.0,0.5020080321285203,,,,1.5060240963855387,-0.20080321285140812,,
2026-08-14,6988,market,True,3556.0,-2.249718785151855,,,,0.16872890888639525,-2.952755905511806,,
2026-08-14,6988,limit,True,3556.0,-2.249718785151855,,,,0.16872890888639525,-2.952755905511806,,
2026-08-14,6988,stop,False,,,,,,,,-0.363636363636366,-3.468531468531466
2026-08-14,7085,market,True,955.0,-0.10471204188481353,,,,1.0471204188481575,-0.9424083769633551,,
2026-08-14,7085,limit,True,953.0,0.10493179433368471,,,,1.2591815320041944,-0.7345225603357819,,
2026-08-14,7085,stop,True,955.0,-0.10471204188481353,,,,1.0471204188481575,-0.9424083769633551,,
2026-08-14,7198,market,True,843.0,-0.11862396204033177,,,,0.8303677342823335,-0.7117437722419906,,
2026-08-14,7198,limit,True,843.0,-0.11862396204033177,,,,0.8303677342823335,-0.7117437722419906,,
2026-08-14,7198,stop,True,846.69,-0.5539217423141896,,,,0.3909341081151263,-1.1444566488325147,,
2026-08-14,6724,market,True,3160.0,-0.75949367088608,,,,0.28481012658228,-3.417721518987338,,
2026-08-14,6724,limit,True,3160.0,-0.75949367088608,,,,0.28481012658228,-3.417721518987338,,
2026-08-14,6724,stop,False,,,,,,,,-0.09457755359394415,-3.783102143757877
2026-08-14,6183,market,True,1405.0,-0.4982206405693912,,,,0.0711743772241924,-1.85053380782918,,
2026-08-14,6183,limit,True,1401.0,-0.21413276231263545,,,,0.35688793718773315,-1.570306923625986,,
2026-08-14,6183,stop,True,1405.0,-0.4982206405693912,,,,0.0711743772241924,-1.85053380782918,,
2026-08-14,6418,market,True,1273.0,2.435192458758828,,,,4.163393558523176,0.0,,
2026-08-14,6418,limit,True,1273.0,2.435192458758828,,,,4.163393558523176,0.0,,
2026-08-14,6418,stop,True,1275.546,2.2307309967652955,,,,3.95548259333649,-0.1996007984031989,,
2026-08-14,6080,market,True,4085.0,-0.7343941248470043,,,,0.8567931456548328,-1.2239902080783405,,
2026-08-14,6080,limit,True,4085.0,-0.7343941248470043,,,,0.8567931456548328,-1.2239902080783405,,
2026-08-14,6080,stop,True,4113.21,-1.4151964037819598,,,,0.16507788321042938,-1.9014346459334641,,
2026-08-14,6702,market,True,3737.0,-1.9534385871019522,,,,1.1774150388011773,-3.8801177415038857,,
2026-08-14,6702,limit,True,3737.0,-1.9534385871019522,,,,1.1774150388011773,-3.8801177415038857,,
2026-08-14,6702,stop,False,,,,,,,,-2.046632124352332,-6.94300518134715
2026-08-14,2752,market,True,1120.0,-1.1607142857142816,,,,0.6250000000000089,-1.1607142857142816,,
2026-08-14,2752,limit,True,1119.0,-1.072386058981234,,,,0.71492403932083,-1.072386058981234,,
2026-08-14,2752,stop,True,1121.238,-0.11041366774939831,,,,0.5138962468271613,-1.091472104941149,,
2026-08-14,5019,market,True,1315.0,1.1406844106463865,,,,5.057034220532319,-0.3422053231939115,,
2026-08-14,5019,limit,False,,,,,,,,6.024558710667693,0.5755947812739803
2026-08-14,5019,stop,True,1315.0,1.1406844106463865,,,,5.057034220532319,-0.3422053231939115,,
2026-08-14,4956,market,True,1475.0,-1.8305084745762756,,,,0.0,-2.3728813559321993,,
2026-08-14,4956,limit,True,1465.0,-1.1604095563139905,,,,0.6825938566553003,-1.7064846416382284,,
2026-08-14,4956,stop,True,1475.0,-1.8305084745762756,,,,0.0,-2.3728813559321993,,
2026-08-14,9211,market,True,1544.0,-2.4611398963730546,,,,0.06476683937823857,-6.476683937823835,,
2026-08-14,9211,limit,True,1544.0,-2.4611398963730546,,,,0.06476683937823857,-6.476683937823835,,
2026-08-14,9211,stop,False,,,,,,,,-1.904761904761909,-8.317460317460313
2026-08-14,5393,market,True,3591.0,-0.19493177387914784,,,,0.8075744917850125,-2.3948760790866053,,
2026-08-14,5393,limit,True,3591.0,-0.19493177387914784,,,,0.8075744917850125,-2.3948760790866053,,
2026-08-14,5393,stop,True,3614.214,-2.579094652391911,,,,0.16009013301370167,-3.0217911833665623,,
2026-08-14,2146,market,True,224.0,0.44642857142858094,,,,3.571428571428581,-1.3392857142857095,,
2026-08-14,2146,limit,True,223.0,0.8968609865470878,,,,4.035874439461873,-0.8968609865470878,,
2026-08-14,2146,stop,True,224.0,0.44642857142858094,,,,3.571428571428581,-1.3392857142857095,,
2026-08-14,2354,market,True,1392.0,-5.028735632183912,,,,2.4425287356321768,-10.919540229885062,,
2026-08-14,2354,limit,True,1392.0,-5.028735632183912,,,,2.4425287356321768,-10.919540229885062,,
2026-08-14,2354,stop,True,1397.79,-5.422130649096069,,,,2.0181858505211814,-11.288534043025056,,
2026-08-14,1942,market,True,5590.0,2.683363148479434,,,,2.9695885509839037,-0.03577817531306149,,
2026-08-14,1942,limit,False,,,,,,,,4.256475276218086,1.213548270240894
2026-08-14,1942,stop,True,5590.0,2.683363148479434,,,,2.9695885509839037,-0.03577817531306149,,
2026-08-14,3107,market,True,3810.0,-0.6824146981627255,,,,1.0236220472440882,-5.721784776902883,,
2026-08-14,3107,limit,True,3780.0,0.10582010582009804,,,,1.825396825396819,-4.973544973544975,,
2026-08-14,3107,stop,True,3810.0,-0.6824146981627255,,,,1.0236220472440882,-5.721784776902883,,
2026-08-14,3968,market,True,645.0,1.5503875968992276,,,,3.7209302325581506,-3.4108527131782918,,
2026-08-14,3968,limit,True,645.0,1.5503875968992276,,,,3.7209302325581506,-3.4108527131782918,,
2026-08-14,3968,stop,True,648.294,1.0344072288190231,,,,3.1939212764579006,-3.9016248800698428,,
2026-08-14,7630,market,True,936.0,0.0,,,,0.6410256410256387,-1.175213675213671,,
2026-08-14,7630,limit,True,935.0,0.10695187165774556,,,,0.7486631016042855,-1.0695187165775444,,
2026-08-14,7630,stop,True,936.87,-0.09286240353517661,,,,0.5475679656729238,-1.2669847470833773,,
2026-08-14,7649,market,True,2800.0,-2.303571428571427,,,,2.0892857142857046,-3.857142857142859,,
2026-08-14,7649,limit,True,2800.0,-2.303571428571427,,,,2.0892857142857046,-3.857142857142859,,
2026-08-14,7649,stop,True,2848.686,-3.973270483303537,,,,0.34450971430335375,-5.500290309286459,,
2026-08-14,8591,market,True,6393.0,-0.625684342249333,,,,0.12513686844985994,-2.049116220866576,,
2026-08-14,8591,limit,True,6393.0,-0.625684342249333,,,,0.12513686844985994,-2.049116220866576,,
2026-08-14,8591,stop,False,,,,,,,,0.04688965301655745,-2.125664270084404
2026-08-14,1887,market,True,535.0,2.6168224299065512,,,,2.990654205607468,-0.18691588785046953,,
2026-08-14,1887,limit,False,,,,,,,,3.3771106941838713,0.18761726078799779
2026-08-14,1887,stop,True,535.0,2.6168224299065512,,,,2.990654205607468,-0.18691588785046953,,
2026-08-14,5032,market,True,2825.0,-0.814159292035399,,,,0.46017699115044053,-1.8053097345132718,,
2026-08-14,5032,limit,True,2825.0,-0.814159292035399,,,,0.46017699115044053,-1.8053097345132718,,
2026-08-14,5032,stop,False,,,,,,,,-0.03522367030645013,-2.2895385699189807
2026-08-14,5957,market,True,780.0,0.512820512820511,,,,1.2820512820512775,-0.2564102564102555,,
2026-08-14,5957,limit,True,779.0,0.6418485237484006,,,,1.412066752246477,-0.12836970474967568,,
2026-08-14,5957,stop,True,780.558,0.44096659056727106,,,,1.2096474573318083,-0.32771427619728843,,
2026-08-14,9831,market,True,697.2999877929688,-1.73526112114748,,,,1.8930177022963512,-2.782154555933558,,
2026-08-14,9831,limit,True,691.8,-0.9540311929703282,,,,2.703093379589494,-2.0092476996151243,,
2026-08-14,9831,stop,True,697.2999877929688,-1.73526112114748,,,,1.8930177022963512,-2.782154555933558,,
2026-08-14,4502,market,True,5640.0,-2.251773049645389,,,,1.5425531914893709,-2.4113475177305,,
2026-08-14,4502,limit,True,5631.0,-2.0955425324098775,,,,1.7048481619605704,-2.2553720475936734,,
2026-08-14,4502,stop,True,5642.262,1.0587597669161841,,,,1.5018444730145575,-2.450471105382912,,
2026-08-14,4290,market,True,720.0,0.0,,,,1.1111111111111072,-0.2777777777777768,,
2026-08-14,4290,limit,True,718.0,0.278551532033422,,,,1.392757660167132,0.0,,
2026-08-14,4290,stop,True,720.0,0.0,,,,1.1111111111111072,-0.2777777777777768,,
2026-08-14,6966,market,True,975.0,0.20512820512821328,,,,2.7692307692307683,-1.4358974358974375,,
2026-08-14,6966,limit,True,966.0,1.1387163561076497,,,,3.7267080745341685,-0.5175983436852993,,
2026-08-14,6966,stop,True,975.0,0.20512820512821328,,,,2.7692307692307683,-1.4358974358974375,,
2026-08-14,6258,market,True,3785.0,0.0,,,,3.038309114927351,-4.35931307793923,,
2026-08-14,6258,limit,True,3785.0,0.0,,,,3.038309114927351,-4.35931307793923,,
2026-08-14,6258,stop,True,3832.65,-1.2432651037793674,,,,1.7572697741771393,-5.548380363456095,,
2026-08-14,6255,market,True,723.0,0.5532503457814641,,,,2.7662517289073207,-3.042876901798064,,
2026-08-14,6255,limit,True,723.0,0.5532503457814641,,,,2.7662517289073207,-3.042876901798064,,
2026-08-14,6255,stop,True,726.45,0.07571064767017965,,,,2.2782022162571414,-3.5033381512836415,,
2026-08-14,6769,market,True,1116.0,2.1505376344086002,,,,5.286738351254483,-0.26881720430107503,,
2026-08-14,6769,limit,False,,,,,,,,6.431159420289845,0.8152173913043459
2026-08-14,6769,stop,True,1116.0,2.1505376344086002,,,,5.286738351254483,-0.26881720430107503,,
2026-08-14,6522,market,True,2226.0,-6.513926325247077,,,,0.3593890386343279,-13.027852650494165,,
2026-08-14,6522,limit,True,2173.0,-4.233778186838477,,,,2.8071790151863674,-10.906580763920848,,
2026-08-14,6522,stop,True,2226.0,-6.513926325247077,,,,0.3593890386343279,-13.027852650494165,,
2026-08-14,4114,market,True,2699.5,-1.1854047045749216,,,,0.16669753658085096,-2.518984997221707,,
2026-08-14,4114,limit,True,2678.5,-0.4106776180698102,,,,0.952025387343669,-1.7547134590255697,,
2026-08-14,4114,stop,True,2699.5,-1.1854047045749216,,,,0.16669753658085096,-2.518984997221707,,
2026-08-14,7004,market,True,1252.0,-0.5591054313099031,,,,1.437699680511173,-1.198083067092648,,
2026-08-14,7004,limit,True,1242.0,0.24154589371980784,,,,2.254428341384873,-0.40257648953301306,,
2026-08-14,7004,stop,True,1252.0,-0.5591054313099031,,,,1.437699680511173,-1.198083067092648,,
2026-08-14,7276,market,True,2719.0,0.36778227289444576,,,,0.7355645457888915,-0.49650606840749845,,
2026-08-14,7276,limit,True,2719.0,0.36778227289444576,,,,0.7355645457888915,-0.49650606840749845,,
2026-08-14,7276,stop,True,2732.454,-0.6753636108787209,,,,0.23956487465113252,-0.9864392959588741,,
2026-08-14,7296,market,True,4160.0,0.6009615384615419,,,,0.9615384615384581,-0.7211538461538436,,
2026-08-14,7296,limit,True,4130.0,1.2106537530266248,,,,1.4527845036319542,0.0,,
2026-08-14,7296,stop,True,4160.0,0.6009615384615419,,,,0.9615384615384581,-0.7211538461538436,,
2026-08-14,4784,market,True,546.0,-0.9157509157509125,,,,8.424908424908416,-2.7472527472527486,,
2026-08-14,4784,limit,True,546.0,-0.9157509157509125,,,,8.424908424908416,-2.7472527472527486,,
2026-08-14,4784,stop,True,572.142,-5.443054346648224,,,,3.4708166853683053,-7.190872196063225,,
2026-08-14,1662,market,True,1832.0,-0.6550218340611313,,,,2.2925764192139653,-1.4737991266375539,,
2026-08-14,1662,limit,True,1823.0,-0.1645639056500281,,,,2.7975863960504554,-0.9873834339001686,,
2026-08-14,1662,stop,True,1832.0,-0.6550218340611313,,,,2.2925764192139653,-1.4737991266375539,,
2026-08-14,3891,market,True,7320.0,2.3224043715847076,,,,5.874316939890711,-4.371584699453557,,
2026-08-14,3891,limit,True,7200.0,4.027777777777786,,,,7.638888888888884,-2.777777777777779,,
2026-08-14,3891,stop,True,7320.0,2.3224043715847076,,,,5.874316939890711,-4.371584699453557,,
2026-08-14,6995,market,True,3085.0,-0.4862236628849326,,,,0.9724473257698651,-1.1345218800648316,,
2026-08-14,6995,limit,True,3060.0,1.3071895424836555,,,,1.7973856209150263,-0.32679738562091387,,
2026-08-14,6995,stop,True,3085.0,-0.4862236628849326,,,,0.9724473257698651,-1.1345218800648316,,
2026-08-14,4095,market,True,1738.0,-0.28768699654775354,,,,0.28768699654775354,-1.4384349827387788,,
2026-08-14,4095,limit,True,1736.0,-0.1728110599078292,,,,0.40322580645162365,-1.3248847926267238,,
2026-08-14,4095,stop,True,1739.472,-0.3720669260557252,,,,0.20282016611936626,-1.5218411104059193,,
2026-08-14,6134,market,True,8300.0,3.1445783132530103,,,,3.1445783132530103,-4.445783132530123,,
2026-08-14,6134,limit,True,8286.0,-4.284335022930241,,,,3.2826454260197924,-4.284335022930241,,
2026-08-14,6134,stop,True,8302.572,3.112625822455972,,,,3.112625822455972,-4.4753842544213995,,
2026-08-14,6047,market,True,403.0,0.0,,,,1.4888337468982549,-1.7369727047146455,,
2026-08-14,6047,limit,True,402.0,0.24875621890547706,,,,1.7412935323383172,-1.4925373134328401,,
2026-08-14,6047,stop,True,403.0,0.0,,,,1.4888337468982549,-1.7369727047146455,,
2026-08-14,4849,market,True,1465.0,0.4095563139931757,,,,3.0716723549488067,-0.5460750853242269,,
2026-08-14,4849,limit,True,1465.0,0.4095563139931757,,,,3.0716723549488067,-0.5460750853242269,,
2026-08-14,4849,stop,True,1498.992,-1.8673882182159707,,,,0.7343601566919711,-2.8013491733111295,,
2026-08-14,6072,market,True,1120.0,1.2499999999999956,,,,6.517857142857153,-2.1428571428571463,,
2026-08-14,6072,limit,True,1120.0,1.2499999999999956,,,,6.517857142857153,-2.1428571428571463,,
2026-08-14,6072,stop,True,1135.266,-0.11151571525969128,,,,5.0855041902073905,-3.458748874713069,,
2026-08-14,5991,market,True,3720.0,0.8870967741935409,,,,2.0698924731182844,-2.4462365591397806,,
2026-08-14,5991,limit,True,3680.0,-0.05434782608695343,,,,3.1793478260869534,-1.3858695652173902,,
2026-08-14,5991,stop,True,3720.0,0.8870967741935409,,,,2.0698924731182844,-2.4462365591397806,,
2026-08-14,4914,market,True,1285.0,-1.0116731517509692,,,,0.3112840466926059,-2.0233463035019494,,
2026-08-14,4914,limit,True,1280.0,-0.6249999999999978,,,,0.7031250000000044,-1.6406249999999956,,
2026-08-14,4914,stop,True,1285.0,-1.0116731517509692,,,,0.3112840466926059,-2.0233463035019494,,
2026-08-14,2931,market,True,359.0,-1.671309192200554,,,,0.278551532033422,-3.064066852367686,,
2026-08-14,2931,limit,True,358.0,-1.3966480446927387,,,,0.5586592178770999,-2.7932960893854775,,
2026-08-14,2931,stop,True,359.0,-1.671309192200554,,,,0.278551532033422,-3.064066852367686,,
2026-08-14,2503,market,True,3089.0,-2.8811913240530895,,,,0.0,-3.722887665911301,,
2026-08-14,2503,limit,True,3089.0,-2.8811913240530895,,,,0.0,-3.722887665911301,,
2026-08-14,2503,stop,False,,,,,,,,-1.1836212412028146,-4.862444017914269
2026-08-14,2327,market,True,3832.0,-1.383089770354906,,,,0.13048016701462384,-3.3924843423799533,,
2026-08-14,2327,limit,True,3832.0,-1.383089770354906,,,,0.13048016701462384,-3.3924843423799533,,
2026-08-14,2327,stop,False,,,,,,,,0.026068821689251287,-3.4932221063607938
2026-08-14,2127,market,True,667.7999877929688,-1.8568379163778181,,,,0.0,-2.5456724035266554,,
2026-08-14,2127,limit,True,667.7999877929688,-1.8568379163778181,,,,0.0,-2.5456724035266554,,
2026-08-14,2127,stop,False,,,,,,,,-0.5806181639171237,-3.111509931075074
2026-08-14,2982,market,True,426.0,0.46948356807512415,,,,0.9389671361502261,-2.3474178403755874,,
2026-08-14,2982,limit,True,425.0,0.7058823529411784,,,,1.17647058823529,-2.117647058823524,,
2026-08-14,2982,stop,True,426.0,0.46948356807512415,,,,0.9389671361502261,-2.3474178403755874,,
2026-08-14,9147,market,True,5601.0,0.23210141046241528,,,,0.9462595965006315,-0.28566327441528205,,
2026-08-14,9147,limit,True,5601.0,0.23210141046241528,,,,0.9462595965006315,-0.28566327441528205,,
2026-08-14,9147,stop,False,,,,,,,,-0.7373595505618002,-1.94873595505618
2026-08-14,9143,market,True,1645.5,-0.8508052263749621,,,,0.2127013065937433,-2.461257976299003,,
2026-08-14,9143,limit,True,1645.5,-0.8508052263749621,,,,0.2127013065937433,-2.461257976299003,,
2026-08-14,9143,stop,False,,,,,,,,0.060679611650482634,-2.6092233009708754
2026-08-14,6264,market,True,2147.0,3.9590125756870043,,,,6.101537028411741,-0.652072659524916,,
2026-08-14,6264,limit,True,2147.0,3.9590125756870043,,,,6.101537028411741,-0.652072659524916,,
2026-08-14,6264,stop,True,2159.31,3.3663531405865754,,,,5.496663285957082,-1.2184447809716947,,
2026-08-14,9716,market,True,1210.0,0.16528925619834212,,,,1.3223140495867813,-0.24793388429752428,,
2026-08-14,9716,limit,True,1210.0,0.16528925619834212,,,,1.3223140495867813,-0.24793388429752428,,
2026-08-14,9716,stop,True,1225.446,-1.0972331706170624,,,,0.04520803038241539,-1.5052478852597306,,
2026-08-14,8425,market,True,1362.0,-0.7342143906020504,,,,0.1468428781204123,-1.1747430249632873,,
2026-08-14,8425,limit,True,1357.0,-0.368459837877666,,,,0.5158437730287346,-0.8106116433308719,,
2026-08-14,8425,stop,True,1362.0,-0.7342143906020504,,,,0.1468428781204123,-1.1747430249632873,,
2026-08-14,3776,market,True,253.0,0.39525691699604515,,,,0.7905138339920903,-1.9762845849802368,,
2026-08-14,3776,limit,True,252.0,0.7936507936507908,,,,1.1904761904761862,-1.5873015873015928,,
2026-08-14,3776,stop,True,253.0,0.39525691699604515,,,,0.7905138339920903,-1.9762845849802368,,
2026-08-14,4208,market,True,3653.0,0.0,,,,0.7664932931836788,-1.2318642211880615,,
2026-08-14,4208,limit,True,3653.0,0.0,,,,0.7664932931836788,-1.2318642211880615,,
2026-08-14,4208,stop,True,3675.336,-0.17239240167429282,,,,0.1541083590724801,-1.0702694937279156,,
2026-08-14,4373,market,True,1163.0,-1.4617368873602765,,,,1.1177987962166736,-6.018916595012902,,
2026-08-14,4373,limit,True,1163.0,-1.4617368873602765,,,,1.1177987962166736,-6.018916595012902,,
2026-08-14,4373,stop,True,1170.336,-2.0794028381592944,,,,0.48396357968993886,-6.6080168430262765,,
2026-08-14,4401,market,True,4842.0,-2.1272201569599303,,,,0.04130524576622108,-3.738124741842219,,
2026-08-14,4401,limit,True,4770.0,-0.6498951781970685,,,,1.5513626834381622,-2.2851153039832317,,
2026-08-14,4401,stop,True,4842.0,-2.1272201569599303,,,,0.04130524576622108,-3.738124741842219,,
2026-08-14,4478,market,True,3480.0,-3.735632183908044,,,,4.597701149425282,-6.034482758620685,,
2026-08-14,4478,limit,True,3280.0,4.268292682926833,,,,5.945121951219523,-0.3048780487804881,,
2026-08-14,4478,stop,True,3351.69,2.0380763137402225,,,,3.679039529312078,-2.4372779105466202,,
2026-08-14,7172,market,True,2076.0,0.818882466281301,,,,1.204238921001921,-0.5298651252408471,,
2026-08-14,7172,limit,True,2067.0,1.2578616352201255,,,,1.644895984518624,-0.09675858732463016,,
2026-08-14,7172,stop,True,2076.0,0.818882466281301,,,,1.204238921001921,-0.5298651252408471,,
2026-08-14,6532,market,True,7569.0,-2.232791650151933,,,,1.2947549213898846,-3.910688333993928,,
2026-08-14,6532,limit,True,7569.0,-2.232791650151933,,,,1.2947549213898846,-3.910688333993928,,
2026-08-14,6532,stop,False,,,,,,,,0.03914405010438937,-5.101774530271397
2026-08-14,6472,market,True,392.8999938964844,-1.70526388229425,,,,4.479512949076958,-1.70526388229425,,
2026-08-14,6472,limit,True,389.7,-0.898123631759995,,,,5.337439055683868,-0.898123631759995,,
2026-08-14,6472,stop,True,392.8999938964844,-1.70526388229425,,,,4.479512949076958,-1.70526388229425,,
2026-08-14,6448,market,True,4702.0,-1.7864738409187564,,,,1.3823904721395053,-3.4028073160357275,,
2026-08-14,6448,limit,True,4702.0,-1.7864738409187564,,,,1.3823904721395053,-3.4028073160357275,,
2026-08-14,6448,stop,True,4741.464,-2.6039214892278006,,,,0.5385678347447076,-4.206801949777539,,
2026-08-14,6668,market,True,3860.0,1.81347150259068,,,,5.181347150259064,-3.2383419689119175,,
2026-08-14,6668,limit,True,3740.0,5.080213903743314,,,,8.55614973262031,-0.13368983957219305,,
2026-08-14,6668,stop,False,,,,,,,,8.55614973262031,-0.13368983957219305
2026-08-14,6871,market,True,15700.0,-2.420382165605095,,,,3.1847133757961776,-6.751592356687897,,
2026-08-14,6871,limit,True,14970.0,-1.4696058784235189,,,,6.078824315297271,-2.2044088176352727,,
2026-08-14,6871,stop,True,15350.0,-3.9087947882736174,,,,3.4527687296416865,-4.6254071661237735,,
2026-08-14,6753,market,True,669.2000122070312,-4.737001139985663,,,,0.0747160775372624,-7.934852906826628,,
2026-08-14,6753,limit,True,669.2000122070312,-4.737001139985663,,,,0.0747160775372624,-7.934852906826628,,
2026-08-14,6753,stop,False,,,,,,,,-0.6969139669289359,-8.64472485380523
2026-08-14,6994,market,True,1200.0,6.0833333333333295,,,,11.166666666666657,-0.08333333333333526,,
2026-08-14,6994,limit,False,,,,,,,,12.478920741989885,1.0961214165261302
2026-08-14,6994,stop,True,1200.0,6.0833333333333295,,,,11.166666666666657,-0.08333333333333526,,
2026-08-14,4165,market,True,673.0,3.8632986627043175,,,,8.320950965824657,-0.14858841010401136,,
2026-08-14,4165,limit,True,673.0,3.8632986627043175,,,,8.320950965824657,-0.14858841010401136,,
2026-08-14,4165,stop,True,689.376,1.3960451190641932,,,,5.747806712157089,-2.5205403147193994,,
2026-08-14,8595,market,True,2282.0,0.6573181419807117,,,,0.7668711656441785,-0.13146362839614456,,
2026-08-14,8595,limit,True,2282.0,0.6573181419807117,,,,0.7668711656441785,-0.13146362839614456,,
2026-08-14,8595,stop,True,2297.586,-0.025505030061978573,,,,0.0833048251512869,-0.8089359875974034,,
2026-08-14,8142,market,True,1403.0,1.3542409123307175,,,,1.7106200997861754,-0.4276550249465383,,
2026-08-14,8142,limit,True,1401.0,1.498929336188426,,,,1.855817273376159,-0.2855103497501732,,
2026-08-14,8142,stop,True,1403.802,1.296336662862707,,,,1.6525122488784127,-0.4845412672157434,,
2026-08-14,8053,market,True,1792.5,-2.3709902370990243,,,,0.1394700139470073,-2.817294281729432,,
2026-08-14,8053,limit,True,1787.5,-2.0979020979020935,,,,0.41958041958041203,-2.5454545454545507,,
2026-08-14,8053,stop,True,1792.5,-2.3709902370990243,,,,0.1394700139470073,-2.817294281729432,,
2026-08-14,3915,market,True,2374.0,2.864363942712722,,,,3.2855939342881113,-1.432181971356361,,
2026-08-14,3915,limit,True,2374.0,2.864363942712722,,,,3.2855939342881113,-1.432181971356361,,
2026-08-14,3915,stop,True,2434.86,0.2932406791355424,,,,0.703941910417849,-3.8959118799438253,,
2026-08-14,7868,market,True,552.0,4.528985507246386,,,,6.340579710144922,-0.9057971014492794,,
2026-08-14,7868,limit,True,552.0,4.528985507246386,,,,6.340579710144922,-0.9057971014492794,,
2026-08-14,7868,stop,True,553.104,4.320344817611144,,,,6.128323064016894,-1.103589921606074,,
2026-08-14,7733,market,True,2075.5,0.024090580582991628,,,,3.5654059262828275,-0.9877138039026789,,
2026-08-14,7733,limit,True,2075.5,0.024090580582991628,,,,3.5654059262828275,-0.9877138039026789,,
2026-08-14,7733,stop,True,2105.703,-1.4105977908565492,,,,2.079922952097224,-2.407889431700483,,
2026-08-14,7806,market,True,8270.0,-0.48367593712213,,,,1.5719467956469169,-4.715840386940751,,
2026-08-14,7806,limit,True,8130.0,1.2300123001230068,,,,3.3210332103321027,-3.075030750307506,,
2026-08-14,7806,stop,True,8270.0,-0.48367593712213,,,,1.5719467956469169,-4.715840386940751,,
2026-08-14,3608,market,True,1280.0,-1.7968749999999978,,,,0.15624999999999112,-2.34375,,
2026-08-14,3608,limit,True,1268.0,-0.8675078864353258,,,,1.1041009463722329,-1.4195583596214534,,
2026-08-14,3608,stop,True,1280.0,-1.7968749999999978,,,,0.15624999999999112,-2.34375,,
2026-08-14,1721,market,True,5395.0,0.4077849860982363,,,,1.3160333642261435,-2.1501390176088986,,
2026-08-14,1721,limit,True,5323.0,-0.11271839188428112,,,,1.6156302836746184,-0.8266015404846838,,
2026-08-14,1721,stop,True,5395.0,0.4077849860982363,,,,1.3160333642261435,-2.1501390176088986,,
2026-08-14,9603,market,True,1138.0,-1.0544815465729385,,,,0.17574692442883233,-2.987697715289983,,
2026-08-14,9603,limit,True,1138.0,-1.0544815465729385,,,,0.17574692442883233,-2.987697715289983,,
2026-08-14,9603,stop,False,,,,,,,,-0.08764241893076674,-3.242769500438214
2026-08-14,8141,market,True,1569.0,-0.19120458891013214,,,,0.1274697259400881,-0.19120458891013214,,
2026-08-14,8141,limit,True,1569.0,-0.19120458891013214,,,,0.1274697259400881,-0.19120458891013214,,
2026-08-14,8141,stop,False,,,,,,,,0.1274697259400881,-0.19120458891013214
2026-08-14,2216,market,True,1106.0,-1.0849909584086825,,,,0.0,-2.7124773960216952,,
2026-08-14,2216,limit,True,1104.0,-0.9057971014492794,,,,0.18115942028984477,-2.536231884057971,,
2026-08-14,2216,stop,False,,,,,,,,0.18115942028984477,-2.536231884057971
2026-08-14,7309,market,True,20130.0,-2.980625931445602,,,,1.018380526577256,-4.843517138599108,,
2026-08-14,7309,limit,True,20130.0,-2.980625931445602,,,,1.018380526577256,-4.843517138599108,,
2026-08-14,7309,stop,True,20215.35,-3.390245531242342,,,,0.5918769647817124,-5.245271538706964,,
2026-08-14,4413,market,True,2912.0,-1.7513736263736313,,,,2.2664835164835084,-2.987637362637363,,
2026-08-14,4413,limit,True,2859.0,0.06995452955578241,,,,4.16229450856942,-1.189227002448412,,
2026-08-14,4413,stop,True,2912.0,-1.7513736263736313,,,,2.2664835164835084,-2.987637362637363,,
2026-08-14,6770,market,True,2192.0,0.59306569343065,,,,1.5510948905109512,-0.889598540145986,,
2026-08-14,6770,limit,True,2192.0,0.59306569343065,,,,1.5510948905109512,-0.889598540145986,,
2026-08-14,6770,stop,True,2219.931,-0.6725884723444153,,,,0.27338687553801755,-2.136597939305318,,
2026-08-14,3635,market,True,1678.0,-1.0727056019070313,,,,0.23837902264600697,-2.74135876042908,,
2026-08-14,3635,limit,True,1663.0,-0.18039687312086938,,,,1.1425135297654876,-1.864101022248943,,
2026-08-14,3635,stop,True,1678.0,-1.0727056019070313,,,,0.23837902264600697,-2.74135876042908,,
2026-08-14,3591,market,True,4302.0,-1.9060901906090222,,,,0.11622501162249499,-3.091585309158529,,
2026-08-14,3591,limit,True,4302.0,-1.9060901906090222,,,,0.11622501162249499,-3.091585309158529,,
2026-08-14,3591,stop,False,,,,,,,,-0.6688191881918826,-3.851476014760147
2026-08-14,9065,market,True,8540.0,-0.4683840749414525,,,,1.2763466042154503,-0.948477751756438,,
2026-08-14,9065,limit,True,8527.0,-0.3166412571830701,,,,1.4307493843086716,-0.7974668699425314,,
2026-08-14,9065,stop,True,8544.054,-0.515610037108849,,,,1.228292798711239,-0.9954759181063255,,
2026-08-14,4259,market,True,711.0,4.078762306610417,,,,12.23628691983123,-2.672292545710264,,
2026-08-14,4259,limit,True,705.0,4.964539007092195,,,,13.191489361702136,-1.8439716312056764,,
2026-08-14,4259,stop,True,711.0,4.078762306610417,,,,12.23628691983123,-2.672292545710264,,
2026-08-14,6464,market,True,327.0,3.9755351681957096,,,,6.727828746177367,0.0,,
2026-08-14,6464,limit,True,327.0,3.9755351681957096,,,,6.727828746177367,0.0,,
2026-08-14,6464,stop,True,327.654,3.767999169856018,,,,6.5147991478816,-0.19960079840318778,,
2026-08-14,6141,market,True,3327.0,-0.9918845807033394,,,,0.8115419296663706,-6.161707243763148,,
2026-08-14,6141,limit,True,3303.0,-0.27247956403270157,,,,1.5440508628519423,-5.479866787768694,,
2026-08-14,6141,stop,True,3327.0,-0.9918845807033394,,,,0.8115419296663706,-6.161707243763148,,
2026-08-14,4889,market,True,1229.0,7.404393816110666,,,,9.357200976403579,0.0,,
2026-08-14,4889,limit,False,,,,,,,,11.906744379683598,2.3313905079100694
2026-08-14,4889,stop,True,1229.0,7.404393816110666,,,,9.357200976403579,0.0,,
2026-08-14,6226,market,True,2091.0,6.169296987087525,,,,17.12099473935915,-0.7651841224294631,,
2026-08-14,6226,limit,False,,,,,,,,19.99020088192063,1.66585007349338
2026-08-14,6226,stop,True,2091.0,6.169296987087525,,,,17.12099473935915,-0.7651841224294631,,
2026-08-14,3911,market,True,173.0,2.3121387283236983,,,,2.3121387283236983,-0.5780346820809301,,
2026-08-14,3911,limit,True,172.0,2.9069767441860517,,,,2.9069767441860517,0.0,,
2026-08-14,3911,stop,True,173.0,2.3121387283236983,,,,2.3121387283236983,-0.5780346820809301,,
2026-08-14,1861,market,True,1318.0,-0.3793626707132014,,,,0.6828528072837736,-1.6691957511380862,,
2026-08-14,1861,limit,True,1303.0,0.7674597083653145,,,,1.8419033000767415,-0.5372217958557135,,
2026-08-14,1861,stop,True,1318.0,-0.3793626707132014,,,,0.6828528072837736,-1.6691957511380862,,
2026-08-14,4275,market,True,2113.0,0.6625650733554256,,,,3.786086133459543,-0.5679129200189315,,
2026-08-14,4275,limit,True,2113.0,0.6625650733554256,,,,3.786086133459543,-0.5679129200189315,,
2026-08-14,4275,stop,True,2117.226,0.46164178977585735,,,,3.578928276905713,-0.7663801596995312,,
2026-08-14,4088,market,True,2552.0,-0.11755485893416573,,,,1.2539184952978122,-0.9404388714733591,,
2026-08-14,4088,limit,True,2534.0,0.5919494869771169,,,,1.9731649565903675,-0.23677979479084232,,
2026-08-14,4088,stop,True,2552.0,-0.11755485893416573,,,,1.2539184952978122,-0.9404388714733591,,
2026-08-14,4375,market,True,655.0,1.8320610687022842,,,,2.7480916030534264,-0.45801526717557106,,
2026-08-14,4375,limit,True,655.0,1.8320610687022842,,,,2.7480916030534264,-0.45801526717557106,,
2026-08-14,4375,stop,True,656.31,1.6288034617787384,,,,2.543005591869707,-0.6567018634486721,,
2026-08-14,4751,market,True,1265.0,-0.15810276679841806,,,,0.6719367588932768,-1.6996047430830052,,
2026-08-14,4751,limit,True,1265.0,-0.15810276679841806,,,,0.6719367588932768,-1.6996047430830052,,
2026-08-14,4751,stop,True,1268.532,-0.436094635373796,,,,0.3916337940233383,-1.973304575682755,,
2026-08-14,9005,market,True,1646.0,-0.7290400972053468,,,,0.21263669501823124,-1.2150668286755817,,
2026-08-14,9005,limit,True,1639.0,-0.3050640634533197,,,,0.6406345332519825,-0.7931665649786424,,
2026-08-14,9005,stop,True,1646.0,-0.7290400972053468,,,,0.21263669501823124,-1.2150668286755817,,
2026-08-14,3984,market,True,1578.0,-0.38022813688213253,,,,1.520912547528508,-1.3941698352344711,,
2026-08-14,3984,limit,True,1578.0,-0.38022813688213253,,,,1.520912547528508,-1.3941698352344711,,
2026-08-14,3984,stop,True,1597.188,-1.38919150406841,,,,0.30127949871898707,-2.390952098312793,,
2026-08-14,4901,market,True,3365.0,-3.6552748885586905,,,,0.5349182763744409,-5.438335809806838,,
2026-08-14,4901,limit,True,3329.0,-2.6133974166416385,,,,1.6221087413637703,-4.415740462601381,,
2026-08-14,4901,stop,True,3365.0,-3.6552748885586905,,,,0.5349182763744409,-5.438335809806838,,
2026-08-14,4755,market,True,757.9000244140625,2.5728987164336914,,,,5.726344106197789,-0.5673635954094869,,
2026-08-14,4755,limit,True,757.9000244140625,2.5728987164336914,,,,5.726344106197789,-0.5673635954094869,,
2026-08-14,4755,stop,True,765.3276,1.5774191880787436,,,,4.700260096848563,-1.5323665857682967,,
2026-08-14,9467,market,True,1200.0,0.08333333333332416,,,,2.083333333333326,-5.000000000000004,,
2026-08-14,9467,limit,False,,,,,,,,22.133599202392816,13.659022931206376
2026-08-14,9467,stop,False,,,,,,,,22.133599202392816,13.659022931206376
2026-08-14,1893,market,True,1460.0,0.3082191780821919,,,,2.191780821917799,-1.6780821917808164,,
2026-08-14,1893,limit,True,1438.5,0.0,,,,2.8154327424400494,-0.2085505735140769,,
2026-08-14,1893,stop,True,1460.0,0.3082191780821919,,,,2.191780821917799,-1.6780821917808164,,
2026-08-14,7318,market,True,1493.0,3.482920294708647,,,,9.511051574012065,-1.1386470194239773,,
2026-08-14,7318,limit,True,1476.0,4.674796747967469,,,,10.77235772357723,0.0,,
2026-08-14,7318,stop,True,1493.0,3.482920294708647,,,,9.511051574012065,-1.1386470194239773,,
2026-08-14,7917,market,True,1305.0,0.45977011494253706,,,,0.9961685823754785,-0.7662835249042099,,
2026-08-14,7917,limit,True,1305.0,0.45977011494253706,,,,0.9961685823754785,-0.7662835249042099,,
2026-08-14,7917,stop,True,1308.612,0.18248342518636385,,,,0.7174013382117872,-1.0401860903002658,,
2026-08-14,8715,market,True,1125.0,-2.9333333333333322,,,,2.2222222222222143,-3.4666666666666623,,
2026-08-14,8715,limit,True,1125.0,-2.9333333333333322,,,,2.2222222222222143,-3.4666666666666623,,
2026-08-14,8715,stop,True,1141.278,0.15088348325298373,,,,0.7642309761513033,-3.1787171924807067,,
2026-08-14,1926,market,True,3765.0,0.7968127490039834,,,,1.4608233731739695,0.0,,
2026-08-14,1926,limit,False,,,,,,,,1.866666666666661,0.40000000000000036
2026-08-14,1926,stop,True,3765.0,0.7968127490039834,,,,1.4608233731739695,0.0,,
2026-08-14,1979,market,True,4130.0,0.2421307506053294,,,,1.6949152542372836,-1.6949152542372836,,
2026-08-14,1979,limit,True,4080.0,-0.2450980392156854,,,,2.941176470588225,-0.4901960784313708,,
2026-08-14,1979,stop,True,4130.0,0.2421307506053294,,,,1.6949152542372836,-1.6949152542372836,,
2026-08-14,6849,market,True,1492.5,-2.311557788944718,,,,0.03350083752093891,-3.1825795644891075,,
2026-08-14,6849,limit,True,1483.5,-1.7189079878665359,,,,0.6403774856757583,-2.59521402089653,,
2026-08-14,6849,stop,True,1492.5,-2.311557788944718,,,,0.03350083752093891,-3.1825795644891075,,
2026-08-14,9735,market,True,6486.0,-1.2025901942645745,,,,0.26210299105766666,-2.9910576626580365,,
2026-08-14,9735,limit,True,6486.0,-1.2025901942645745,,,,0.26210299105766666,-2.9910576626580365,,
2026-08-14,9735,stop,False,,,,,,,,-0.12286899093840731,-3.363538626939022
2026-08-14,1812,market,True,5002.0,-0.4198320671731315,,,,0.6397441023590522,-2.2191123550579728,,
2026-08-14,1812,limit,True,4937.0,-0.9317399230301837,,,,1.3570994531091785,-0.9317399230301837,,
2026-08-14,1812,stop,True,5002.0,-0.4198320671731315,,,,0.6397441023590522,-2.2191123550579728,,
2026-08-14,1802,market,True,3078.0,-1.4294996751137101,,,,0.5198180636777128,-2.1442495126705707,,
2026-08-14,1802,limit,True,3051.0,-0.5571943625040987,,,,1.4093739757456536,-1.2782694198623434,,
2026-08-14,1802,stop,True,3078.0,-1.4294996751137101,,,,0.5198180636777128,-2.1442495126705707,,
2026-08-14,7860,market,True,1241.0,0.8863819500402936,,,,1.692183722804197,-0.40290088638195165,,
2026-08-14,7860,limit,True,1241.0,0.8863819500402936,,,,1.692183722804197,-0.40290088638195165,,
2026-08-14,7860,stop,True,1244.484,0.603945088888258,,,,1.4074909761796928,-0.6817283307780531,,
2026-08-14,5852,market,True,672.0,0.8928571428571397,,,,1.1904761904761862,-0.29761904761904656,,
2026-08-14,5852,limit,True,672.0,0.8928571428571397,,,,1.1904761904761862,-0.29761904761904656,,
2026-08-14,5852,stop,True,675.348,0.3926864372145955,,,,0.6888300550234927,-0.7918880340209711,,
2026-08-14,5408,market,True,638.0,-0.15673981191222097,,,,2.351097178683381,-1.0971786833855801,,
2026-08-14,5408,limit,True,638.0,-0.15673981191222097,,,,2.351097178683381,-1.0971786833855801,,
2026-08-14,5408,stop,True,639.276,-0.3560277563994241,,,,2.146803571540312,-1.2945895043768196,,
2026-08-14,5105,market,True,3830.0,-0.6788511749347248,,,,0.1827676240208964,-2.715404699738899,,
2026-08-14,5105,limit,True,3800.0,0.10526315789474161,,,,0.9736842105263266,-1.947368421052631,,
2026-08-14,5105,stop,True,3830.0,-0.6788511749347248,,,,0.1827676240208964,-2.715404699738899,,
2026-08-14,5574,market,True,3000.0,-2.433333333333332,,,,2.0000000000000018,-4.433333333333334,,
2026-08-14,5574,limit,True,3000.0,-2.433333333333332,,,,2.0000000000000018,-4.433333333333334,,
2026-08-14,5574,stop,True,3036.06,-3.5921556227479057,,,,0.7885219659690579,-5.568401151492397,,
2026-08-14,9024,market,True,3345.0,-2.002989536621824,,,,0.08968609865471766,-3.2585949177877382,,
2026-08-14,9024,limit,True,3345.0,-2.002989536621824,,,,0.08968609865471766,-3.2585949177877382,,
2026-08-14,9024,stop,False,,,,,,,,0.0,-3.3452807646356053
2026-08-14,2201,market,True,2555.5,-0.9782821365681871,,,,0.13695949911953775,-2.1913519859127373,,
2026-08-14,2201,limit,True,2554.0,-0.9201252936570037,,,,0.19577133907595634,-2.133907595927953,,
2026-08-14,2201,stop,False,,,,,,,,0.19577133907595634,-2.133907595927953
2026-08-14,3673,market,True,429.0,1.631701631701632,,,,2.564102564102555,-1.631701631701632,,
2026-08-14,3673,limit,True,429.0,1.631701631701632,,,,2.564102564102555,-1.631701631701632,,
2026-08-14,3673,stop,True,431.862,0.9581764545155469,,,,1.8843982568505613,-2.283599853656959,,
2026-08-14,2413,market,True,1657.5,4.494720965309207,,,,6.968325791855201,-0.2714932126696823,,
2026-08-14,2413,limit,True,1657.5,4.494720965309207,,,,6.968325791855201,-0.2714932126696823,,
2026-08-14,2413,stop,True,1700.895,1.8287431028958245,,,,4.239238753714947,-2.815870468194681,,
2026-08-14,2685,market,True,3455.0,-0.868306801736618,,,,1.447178002894356,-1.591895803183796,,
2026-08-14,2685,limit,True,3450.0,-0.7246376811594235,,,,1.5942028985507228,-1.449275362318836,,
2026-08-14,2685,stop,True,3456.9,0.6682287598715586,,,,1.3914200584338454,-1.6459833955277836,,
2026-08-14,2980,market,True,2561.0,-1.0152284263959421,,,,0.9371339320577876,-2.459976571651701,,
2026-08-14,2980,limit,True,2561.0,-1.0152284263959421,,,,0.9371339320577876,-2.459976571651701,,
2026-08-14,2980,stop,False,,,,,,,,-0.46207162110126765,-3.812090874085483
2026-08-14,6544,market,True,1542.0,-0.9403372243839137,,,,1.913099870298307,-2.4967574578469542,,
2026-08-14,6544,limit,True,1535.5,-0.5210029306414898,,,,2.3445131878866876,-2.084011722565937,,
2026-08-14,6544,stop,True,1542.0,-0.9403372243839137,,,,1.913099870298307,-2.4967574578469542,,
2026-08-14,1968,market,True,2400.0,1.374999999999993,,,,2.708333333333335,-0.7916666666666683,,
2026-08-14,1968,limit,True,2386.0,1.9698239731768652,,,,3.310980720871748,-0.2095557418273275,,
2026-08-14,1968,stop,True,2400.0,1.374999999999993,,,,2.708333333333335,-0.7916666666666683,,
2026-08-14,9678,market,True,5500.0,-1.2727272727272698,,,,0.5454545454545379,-1.2727272727272698,,
2026-08-14,9678,limit,True,5490.0,-1.0928961748633892,,,,0.7285974499089187,-1.0928961748633892,,
2026-08-14,9678,stop,True,5500.98,-1.290315543775833,,,,0.5275423651785793,-1.290315543775833,,
2026-08-14,7476,market,True,2365.5,-0.8032128514056214,,,,0.3381948848023564,-1.35277953920947,,
2026-08-14,7476,limit,True,2365.5,-0.8032128514056214,,,,0.3381948848023564,-1.35277953920947,,
2026-08-14,7476,stop,False,,,,,,,,-0.29405587061541727,-1.9743751312749414
2026-08-14,1938,market,True,2421.0,3.6761668731928987,,,,4.089219330855021,-0.4543577034283319,,
2026-08-14,1938,limit,True,2421.0,3.6761668731928987,,,,4.089219330855021,-0.4543577034283319,,
2026-08-14,1938,stop,True,2445.882,2.6214674297451834,,,,3.0303178975927603,-1.4670372487307293,,
2026-08-14,2730,market,True,2508.0,-1.3955342902711276,,,,0.837320574162681,-1.9138755980861233,,
2026-08-14,2730,limit,True,2508.0,-1.3955342902711276,,,,0.837320574162681,-1.9138755980861233,,
2026-08-14,2730,stop,True,2518.026,-0.3981690419399886,,,,0.435817580914577,-2.304424179893294,,
2026-08-14,7202,market,True,2280.0,-0.8552631578947367,,,,0.5043859649122906,-2.2587719298245656,,
2026-08-14,7202,limit,True,2265.5,-0.22070183182520964,,,,1.147649525491068,-1.633193555506507,,
2026-08-14,7202,stop,True,2280.0,-0.8552631578947367,,,,0.5043859649122906,-2.2587719298245656,,
2026-08-14,4553,market,True,3790.0,-1.978891820580475,,,,1.715039577836408,-2.506596306068598,,
2026-08-14,4553,limit,True,3790.0,-1.978891820580475,,,,1.715039577836408,-2.506596306068598,,
2026-08-14,4553,stop,True,3802.59,-2.303430030584419,,,,1.3782711257327218,-2.8293873386297297,,
2026-08-14,3563,market,True,5938.0,-1.650387335803305,,,,0.43785786460086573,-4.59750757830919,,
2026-08-14,3563,limit,True,5861.0,-0.35830063129158596,,,,1.7573792868111227,-3.344139225388154,,
2026-08-14,3563,stop,True,5938.0,-1.650387335803305,,,,0.43785786460086573,-4.59750757830919,,
2026-08-14,1950,market,True,3945.0,0.0,,,,1.6476552598225558,-2.154626108998736,,
2026-08-14,1950,limit,True,3905.0,-1.1523687580025643,,,,1.9206145966709443,-1.1523687580025643,,
2026-08-14,1950,stop,True,3945.0,0.0,,,,1.6476552598225558,-2.154626108998736,,
2026-08-14,7412,market,True,375.0,-2.400000000000002,,,,0.0,-4.0000000000000036,,
2026-08-14,7412,limit,True,374.0,-2.1390374331550777,,,,0.2673796791443861,-3.7433155080213942,,
2026-08-14,7412,stop,True,375.0,-2.400000000000002,,,,0.0,-4.0000000000000036,,
2026-08-14,8214,market,True,1704.0,-0.23474178403756207,,,,0.46948356807512415,-0.8215962441314506,,
2026-08-14,8214,limit,True,1704.0,-0.23474178403756207,,,,0.46948356807512415,-0.8215962441314506,,
2026-08-14,8214,stop,True,1707.408,-0.43387403596562013,,,,0.268945676721688,-1.0195571298717065,,
2026-08-14,2585,market,True,1847.0,-9.258256632376828,,,,2.6529507309150047,-11.694639956686515,,
2026-08-14,2585,limit,True,1787.0,-6.211527700055964,,,,6.099608282036928,-8.729714605484052,,
2026-08-14,2585,stop,False,,,,,,,,6.099608282036928,-8.729714605484052
2026-08-14,6310,market,True,1780.0,1.0674157303370846,,,,2.0224719101123556,-1.1235955056179803,,
2026-08-14,6310,limit,True,1780.0,1.0674157303370846,,,,2.0224719101123556,-1.1235955056179803,,
2026-08-14,6310,stop,True,1788.57,0.5831474306289497,,,,1.5336274230250968,-1.597365493103431,,
2026-08-14,4392,market,True,1050.0,17.14285714285715,,,,31.14285714285714,-5.333333333333334,,
2026-08-14,4392,limit,True,1050.0,17.14285714285715,,,,31.14285714285714,-5.333333333333334,,
2026-08-14,4392,stop,True,1052.1,16.909039064727693,,,,30.88109495295126,-5.52228875582168,,
2026-08-14,6222,market,True,943.0,1.0604453870625585,,,,1.4846235418875864,-0.31813361611876534,,
2026-08-14,6222,limit,True,943.0,1.0604453870625585,,,,1.4846235418875864,-0.31813361611876534,,
2026-08-14,6222,stop,True,950.898,0.2210542035002705,,,,0.6417092054037399,-1.146074552685994,,
2026-08-14,9021,market,True,2927.5,-1.3492741246797557,,,,0.0853970964987294,-2.6131511528608042,,
2026-08-14,9021,limit,True,2920.0,-1.0958904109588996,,,,0.3424657534246478,-2.363013698630134,,
2026-08-14,9021,stop,True,2927.5,-1.3492741246797557,,,,0.0853970964987294,-2.6131511528608042,,
2026-08-14,6237,market,True,4650.0,1.1827956989247213,,,,3.440860215053765,-9.139784946236562,,
2026-08-14,6237,limit,True,4635.0,-2.157497303128375,,,,1.7259978425026912,-8.84573894282632,,
2026-08-14,6237,stop,True,4650.0,1.1827956989247213,,,,3.440860215053765,-9.139784946236562,,
2026-08-14,7177,market,True,1100.0,-1.2727272727272698,,,,0.5454545454545379,-1.5454545454545499,,
2026-08-14,7177,limit,True,1100.0,-1.2727272727272698,,,,0.5454545454545379,-1.5454545454545499,,
2026-08-14,7177,stop,True,1104.204,-1.648608409315666,,,,0.16265110432494012,-1.9202973363617537,,
2026-08-14,7211,market,True,347.8999938964844,0.02874564681520919,,,,1.0922731753992387,-1.2359838655956357,,
2026-08-14,7211,limit,False,,,,,,,,2.5962696053183354,0.23337400919358764
2026-08-14,7211,stop,True,347.8999938964844,0.02874564681520919,,,,1.0922731753992387,-1.2359838655956357,,
2026-08-14,3880,market,True,973.0,-2.0554984583761593,,,,0.30832476875641834,-2.672147995889007,,
2026-08-14,3880,limit,True,973.0,-2.0554984583761593,,,,0.30832476875641834,-2.672147995889007,,
2026-08-14,3880,stop,True,974.946,-2.250996465445265,,,,0.10810855165310773,-2.8664151655578896,,
2026-08-14,3778,market,True,3850.0,-1.2987012987012991,,,,12.987012987012992,-3.6363636363636376,,
2026-08-14,3778,limit,True,3850.0,-1.2987012987012991,,,,12.987012987012992,-3.6363636363636376,,
2026-08-14,3778,stop,True,3877.74,-2.0047759777602314,,,,12.178743288616566,-4.325715494076443,,
2026-08-14,7389,market,True,1900.0,-2.0000000000000018,,,,1.3684210526315743,-6.47368421052632,,
2026-08-14,7389,limit,True,1868.0,-0.3211991434689532,,,,3.104925053533192,-4.871520342612423,,
2026-08-14,7389,stop,True,1900.0,-2.0000000000000018,,,,1.3684210526315743,-6.47368421052632,,
2026-08-14,6572,market,True,256.0,2.734375,,,,4.296875,-1.171875,,
2026-08-14,6572,limit,True,256.0,2.734375,,,,4.296875,-1.171875,,
2026-08-14,6572,stop,True,258.516,1.7345154651936312,,,,3.281808476071113,-2.13371706200004,,
2026-08-14,7794,market,True,946.0,2.5369978858351017,,,,3.6997885835095223,-3.2769556025370017,,
2026-08-14,7794,limit,True,946.0,2.5369978858351017,,,,3.6997885835095223,-3.2769556025370017,,
2026-08-14,7794,stop,True,947.892,2.3323332193962987,,,,3.49280297755441,-3.470015571394214,,
2026-08-14,3176,market,True,1161.0,-2.49784668389319,,,,0.3445305770887197,-3.4453057708871637,,
2026-08-14,3176,limit,True,1161.0,-2.49784668389319,,,,0.3445305770887197,-3.4453057708871637,,
2026-08-14,3176,stop,False,,,,,,,,-0.42735042735042583,-4.188034188034184
2026-08-14,8167,market,True,1448.0,-0.6215469613259694,,,,1.8646408839779083,-0.8977900552486151,,
2026-08-14,8167,limit,True,1448.0,-0.6215469613259694,,,,1.8646408839779083,-0.8977900552486151,,
2026-08-14,8167,stop,True,1450.896,-0.8199071470318953,,,,1.6613182474829458,-1.095598857533553,,
2026-08-14,7453,market,True,4460.0,-2.578475336322872,,,,0.06726457399102159,-4.439461883408069,,
2026-08-14,7453,limit,True,4460.0,-2.578475336322872,,,,0.06726457399102159,-4.439461883408069,,
2026-08-14,7453,stop,False,,,,,,,,-0.8001778172927354,-5.267837297177147
2026-08-14,2590,market,True,2967.0,-1.0111223458038388,,,,0.5392652510953777,-1.8537243006403803,,
2026-08-14,2590,limit,True,2964.0,-0.9109311740890691,,,,0.6410256410256387,-1.7543859649122862,,
2026-08-14,2590,stop,True,2969.928,-1.1087137465958685,,,,0.44014535032499413,-1.95048499492243,,
2026-08-14,3156,market,True,5430.0,-6.629834254143652,,,,0.0,-11.049723756906083,,
2026-08-14,3156,limit,True,5430.0,-6.629834254143652,,,,0.0,-11.049723756906083,,
2026-08-14,3156,stop,False,,,,,,,,-1.4519056261342977,-12.34119782214156
2026-08-14,3276,market,True,2245.0,-0.044543429844101645,,,,0.0,-0.044543429844101645,,
2026-08-14,3276,limit,True,2245.0,-0.044543429844101645,,,,0.0,-0.044543429844101645,,
2026-08-14,3276,stop,False,,,,,,,,0.0,-0.044543429844101645
2026-08-14,3040,market,True,2557.0,-1.29057489245209,,,,0.11732499022292231,-4.262807978099337,,
2026-08-14,3040,limit,True,2557.0,-1.29057489245209,,,,0.11732499022292231,-4.262807978099337,,
2026-08-14,3040,stop,False,,,,,,,,-0.1170503316426097,-4.486929379633242
2026-08-14,7984,market,True,872.0,-0.8371545634138444,,,,0.0,-3.084865185098906,,
2026-08-14,7984,limit,True,872.0,-0.8371545634138444,,,,0.0,-3.084865185098906,,
2026-08-14,7984,stop,False,,,,,,,,-0.13742556115438065,-3.218051352961815
2026-08-14,7611,market,True,2928.0,-1.3661202185792365,,,,0.03415300546447675,-2.1857923497267784,,
2026-08-14,7611,limit,True,2914.0,-0.8922443376801592,,,,0.5147563486616269,-1.7158544955387822,,
2026-08-14,7611,stop,True,2928.0,-1.3661202185792365,,,,0.03415300546447675,-2.1857923497267784,,
2026-08-14,8897,market,True,458.0,0.21834061135370675,,,,0.8733624454148492,-1.091703056768556,,
2026-08-14,8897,limit,True,458.0,0.21834061135370675,,,,0.8733624454148492,-1.091703056768556,,
2026-08-14,8897,stop,True,459.918,-0.1996007984031989,,,,0.4526893924569064,-1.5041811801234095,,
2026-08-14,9433,market,True,2880.0,-1.6145833333333304,,,,0.0694444444444553,-2.430555555555558,,
2026-08-14,9433,limit,True,2877.5,-1.5291051259774147,,,,0.1563857515204159,-2.3457862728062606,,
2026-08-14,9433,stop,False,,,,,,,,0.1563857515204159,-2.3457862728062606
2026-08-14,9744,market,True,3350.0,-1.3432835820895495,,,,0.0,-1.94029850746269,,
2026-08-14,9744,limit,True,3350.0,-1.3432835820895495,,,,0.0,-1.94029850746269,,
2026-08-14,9744,stop,False,,,,,,,,-0.17878426698451078,-2.115613825983309
2026-08-14,5334,market,True,9730.0,-1.336073997944498,,,,1.911613566289816,-2.096608427543678,,
2026-08-14,5334,limit,True,9730.0,-1.336073997944498,,,,1.911613566289816,-2.096608427543678,,
2026-08-14,5334,stop,True,9749.46,-2.292024378786095,,,,1.7081971719459466,-2.292024378786095,,
2026-08-14,5445,market,True,2010.0,0.5970149253731405,,,,1.8905472636815857,-0.5970149253731294,,
2026-08-14,5445,limit,True,2010.0,0.5970149253731405,,,,1.8905472636815857,-0.5970149253731294,,
2026-08-14,5445,stop,True,2029.05,0.09610408812006366,,,,0.9339345999359372,-0.741726423695821,,
2026-08-14,4970,market,True,12480.0,4.086538461538458,,,,6.891025641025639,-1.2019230769230727,,
2026-08-14,4970,limit,True,12480.0,4.086538461538458,,,,6.891025641025639,-1.2019230769230727,,
2026-08-14,4970,stop,True,12535.02,3.629671113408661,,,,6.421848549104814,-1.635577765332652,,
2026-08-14,5901,market,True,4457.0,-0.6955351133049126,,,,1.0320843616782538,-1.9519856405654012,,
2026-08-14,5901,limit,True,4419.0,0.15840687938446507,,,,1.900882552613714,-1.1088481556913332,,
2026-08-14,5901,stop,True,4457.0,-0.6955351133049126,,,,1.0320843616782538,-1.9519856405654012,,
2026-08-14,5253,market,True,1540.0,-0.12987012987012436,,,,2.012987012987022,-2.2727272727272707,,
2026-08-14,5253,limit,True,1529.0,0.5886200130804431,,,,2.746893394375416,-1.5696533682145186,,
2026-08-14,5253,stop,True,1540.0,-0.12987012987012436,,,,2.012987012987022,-2.2727272727272707,,
2026-08-14,3810,market,True,222.0,2.7027027027026973,,,,10.360360360360366,-7.657657657657657,,
2026-08-14,3810,limit,True,212.0,7.547169811320753,,,,15.566037735849058,-3.301886792452835,,
2026-08-14,3810,stop,False,,,,,,,,15.566037735849058,-3.301886792452835
2026-08-14,4419,market,True,1304.0,-2.223926380368102,,,,3.2975460122699474,-3.604294478527603,,
2026-08-14,4419,limit,True,1304.0,-2.223926380368102,,,,3.2975460122699474,-3.604294478527603,,
2026-08-14,4419,stop,False,,,,,,,,-3.371592539454804,-9.82783357245337
2026-08-14,1815,market,True,4350.0,2.4137931034482696,,,,2.5287356321838983,-0.22988505747126853,,
2026-08-14,1815,limit,True,4345.0,2.5316455696202445,,,,2.6467203682393636,-0.11507479861909697,,
2026-08-14,1815,stop,True,4353.69,2.326991586447358,,,,2.441836694849675,-0.3144459068054828,,
2026-08-14,3798,market,True,527.0,0.189753320683117,,,,1.3282732447817747,-2.0872865275142316,,
2026-08-14,3798,limit,True,525.0,0.5714285714285783,,,,1.7142857142857126,-1.7142857142857126,,
2026-08-14,3798,stop,True,527.0,0.189753320683117,,,,1.3282732447817747,-2.0872865275142316,,
2026-08-14,5930,market,True,1847.0,-1.1911207363291876,,,,0.43313481321061165,-1.7866811044937703,,
2026-08-14,5930,limit,True,1847.0,-1.1911207363291876,,,,0.43313481321061165,-1.7866811044937703,,
2026-08-14,5930,stop,True,1850.694,-1.3883440482327147,,,,0.23266947426208162,-1.9827156731474727,,
2026-08-14,1786,market,True,350.0,2.0000000000000018,,,,3.142857142857136,-0.5714285714285672,,
2026-08-14,1786,limit,True,350.0,2.0000000000000018,,,,3.142857142857136,-0.5714285714285672,,
2026-08-14,1786,stop,True,353.706,0.9312819120964821,,,,2.062164622596163,-1.6132041865277946,,
2026-08-14,5232,market,True,5919.0,-1.2502111843216812,,,,1.4360533873965187,-1.6218955904713672,,
2026-08-14,5232,limit,True,5912.0,-1.1332882273342393,,,,1.556156968876854,-1.505412719891741,,
2026-08-14,5232,stop,True,5923.824,-1.3306269733874498,,,,1.3534500687393924,-1.702008702486768,,
2026-08-14,3661,market,True,827.0,-4.232164449818621,,,,0.7255139056831839,-5.078597339782343,,
2026-08-14,3661,limit,True,827.0,-4.232164449818621,,,,0.7255139056831839,-5.078597339782343,,
2026-08-14,3661,stop,False,,,,,,,,-0.3588516746411474,-6.100478468899517
2026-08-14,2918,market,True,2830.0,-1.0247349823321539,,,,0.0,-1.7314487632508868,,
2026-08-14,2918,limit,True,2830.0,-1.0247349823321539,,,,0.0,-1.7314487632508868,,
2026-08-14,2918,stop,False,,,,,,,,-0.17636684303351524,-1.904761904761909
2026-08-14,9302,market,True,3385.0,-1.2703101920236382,,,,0.2954209748892156,-2.3042836041358927,,
2026-08-14,9302,limit,True,3385.0,-1.2703101920236382,,,,0.2954209748892156,-2.3042836041358927,,
2026-08-14,9302,stop,True,3391.77,-1.4673754411413498,,,,0.0952305138614884,-2.4992850340677553,,
2026-08-14,2533,market,True,458.0,3.7117903930131035,,,,4.585152838427953,-0.4366812227074246,,
2026-08-14,2533,limit,True,458.0,3.7117903930131035,,,,4.585152838427953,-0.4366812227074246,,
2026-08-14,2533,stop,True,458.916,3.504780831350396,,,,4.376400038351247,-0.6354104019036133,,
2026-08-14,8043,market,True,1491.0,0.5365526492287165,,,,2.682763246143538,-0.8048289738430636,,
2026-08-14,8043,limit,True,1491.0,0.5365526492287165,,,,2.682763246143538,-0.8048289738430636,,
2026-08-14,8043,stop,True,1510.014,-0.7293972108867841,,,,1.3897884390476012,-2.0538882420957583,,
2026-08-14,8281,market,True,1238.0,-3.0694668820678506,,,,0.4846526655896577,-5.0080775444264924,,
2026-08-14,8281,limit,True,1218.0,-1.4778325123152691,,,,2.1346469622331776,-3.4482758620689613,,
2026-08-14,8281,stop,True,1238.0,-3.0694668820678506,,,,0.4846526655896577,-5.0080775444264924,,
2026-08-14,4548,market,True,714.0,-0.9803921568627416,,,,0.0,-1.4005602240896309,,
2026-08-14,4548,limit,True,710.0,-0.42253521126760507,,,,0.5633802816901401,-0.8450704225352101,,
2026-08-14,4548,stop,True,714.0,-0.9803921568627416,,,,0.0,-1.4005602240896309,,
2026-08-14,1951,market,True,2659.5,0.018800526414741725,,,,0.9024252679074918,-1.598044745252869,,
2026-08-14,1951,limit,True,2632.5,-0.5698005698005715,,,,1.1775878442545018,-0.5887939221272509,,
2026-08-14,1951,stop,True,2659.5,0.018800526414741725,,,,0.9024252679074918,-1.598044745252869,,
2026-08-14,9418,market,True,1735.0,-0.5187319884726205,,,,0.17291066282421053,-1.4409221902017322,,
2026-08-14,9418,limit,True,1727.0,-0.057903879559928484,,,,0.6369426751592355,-0.9843659525188175,,
2026-08-14,9418,stop,True,1735.0,-0.5187319884726205,,,,0.17291066282421053,-1.4409221902017322,,
2026-08-14,9227,market,True,940.0,2.3404255319148914,,,,7.978723404255317,-2.3404255319148914,,
2026-08-14,9227,limit,True,927.0,3.7756202804746453,,,,9.492988133764824,-0.9708737864077666,,
2026-08-14,9227,stop,True,940.0,2.3404255319148914,,,,7.978723404255317,-2.3404255319148914,,
2026-08-14,9449,market,True,4030.0,-2.481389578163773,,,,1.1910669975186083,-4.937965260545907,,
2026-08-14,9449,limit,True,4030.0,-2.481389578163773,,,,1.1910669975186083,-4.937965260545907,,
2026-08-14,9449,stop,False,,,,,,,,-6.101772967994479,-11.789085885332717
2026-08-14,9474,market,True,894.0,-0.11185682326622093,,,,1.0067114093959662,-1.118568232662187,,
2026-08-14,9474,limit,True,894.0,-0.11185682326622093,,,,1.0067114093959662,-1.118568232662187,,
2026-08-14,9474,stop,True,895.788,-0.31123435455711057,,,,0.8051012069820063,-1.3159363599423046,,
2026-08-14,9508,market,True,1872.5,-0.9345794392523366,,,,2.109479305740991,-1.121495327102806,,
2026-08-14,9508,limit,True,1872.5,-0.9345794392523366,,,,2.109479305740991,-1.121495327102806,,
2026-08-14,9508,stop,True,1876.245,-1.1323148096330615,,,,1.9056679698013834,-1.318857611879043,,
2026-08-14,1879,market,True,2295.0,0.8278867102396559,,,,2.7450980392156765,-0.21786492374727962,,
2026-08-14,1879,limit,True,2293.0,0.915830789358929,,,,2.834714348015699,-0.1308329699084121,,
2026-08-14,1879,stop,True,2297.586,0.7144019853881467,,,,2.629455437141437,-0.33017262465908637,,
2026-08-14,9506,market,True,1254.0,0.23923444976077235,,,,5.263157894736836,-0.3987240829346095,,
2026-08-14,9506,limit,True,1254.0,0.23923444976077235,,,,5.263157894736836,-0.3987240829346095,,
2026-08-14,9506,stop,True,1256.508,0.03915613748579627,,,,5.053051791154539,-0.5975290248848464,,
2026-08-14,9470,market,True,1045.0,0.4784688995215225,,,,0.8612440191387627,-0.9569377990430672,,
2026-08-14,9470,limit,True,1044.0,0.5747126436781658,,,,0.9578544061302763,-0.8620689655172376,,
2026-08-14,9470,stop,True,1046.088,0.3739647142496638,,,,0.7563417226849056,-1.0599490673824707,,
2026-08-14,9504,market,True,931.7999877929688,0.21463833721839798,,,,1.9317450349655152,-0.5044014025116561,,
2026-08-14,9504,limit,True,931.7999877929688,0.21463833721839798,,,,1.9317450349655152,-0.5044014025116561,,
2026-08-14,9504,stop,True,933.6636,0.014607808740629835,,,,1.7282871253595733,-0.7029967125271153,,
2026-08-14,2734,market,True,1200.0,0.5833333333333357,,,,2.750000000000008,0.0,,
2026-08-14,2734,limit,False,,,,,,,,2.8356964136780682,0.08340283569641116
2026-08-14,2734,stop,True,1201.398,0.46629010536058946,,,,2.6304355425928794,-0.11636443543271424,,
2026-08-14,2602,market,True,2020.0,-1.1881188118811892,,,,0.1980198019801982,-2.2277227722772297,,
2026-08-14,2602,limit,True,2016.0,-0.9920634920634885,,,,0.3968253968253954,-2.0337301587301626,,
2026-08-14,2602,stop,True,2020.032,-1.1896841238158595,,,,0.1964325317618698,-2.229271615499162,,
2026-08-14,7246,market,True,982.0,-0.10183299389001643,,,,1.4256619144602745,-0.5091649694501044,,
2026-08-14,7246,limit,True,982.0,-0.10183299389001643,,,,1.4256619144602745,-0.5091649694501044,,
2026-08-14,7246,stop,True,985.968,-0.503870308164156,,,,1.017477240640674,-0.909562987845447,,
2026-08-14,7226,market,True,2355.0,-0.0424628450106157,,,,0.3821656050955413,-0.5944798301486198,,
2026-08-14,7226,limit,True,2345.0,0.2132196162046851,,,,0.8102345415778256,-0.17057569296374808,,
2026-08-14,7226,stop,True,2355.0,-0.0424628450106157,,,,0.3821656050955413,-0.5944798301486198,,
2026-08-14,3612,market,True,1646.0,-1.1543134872417982,,,,0.4252733900364625,-1.2758201701093541,,
2026-08-14,3612,limit,True,1630.0,-0.18404907975460016,,,,1.411042944785268,-0.30674846625766694,,
2026-08-14,3612,stop,True,1646.0,-1.1543134872417982,,,,0.4252733900364625,-1.2758201701093541,,
2026-08-14,7278,market,True,6180.0,0.16181229773462036,,,,0.9708737864077666,-0.16181229773463146,,
2026-08-14,7278,limit,True,6170.0,0.32414910858995505,,,,1.1345218800648205,0.0,,
2026-08-14,7278,stop,True,6182.34,0.12390130597799143,,,,0.9326565669309561,-0.1996007984031989,,
2026-08-14,7595,market,True,1330.0,0.4511278195488799,,,,1.5789473684210575,-1.6541353383458635,,
2026-08-14,7595,limit,True,1330.0,0.4511278195488799,,,,1.5789473684210575,-1.6541353383458635,,
2026-08-14,7595,stop,True,1337.67,-0.12484394506866447,,,,0.9965088549492629,-2.218035838435495,,
2026-08-14,7610,market,True,142.0,-0.7042253521126751,,,,0.0,-2.8169014084507005,,
2026-08-14,7610,limit,True,142.0,-0.7042253521126751,,,,0.0,-2.8169014084507005,,
2026-08-14,7610,stop,False,,,,,,,,0.0,-2.8169014084507005
2026-08-14,3284,market,True,1295.0,0.07722007722008595,,,,0.7722007722007707,-0.540540540540535,,
2026-08-14,3284,limit,True,1295.0,0.07722007722008595,,,,0.7722007722007707,-0.540540540540535,,
2026-08-14,3284,stop,True,1298.592,0.3394445676548008,,,,0.4934575293856547,-0.7386461644612097,,
2026-08-14,3443,market,True,1393.0,1.5793251974156597,,,,3.5893754486719276,-0.1435750179468731,,
2026-08-14,3443,limit,True,1393.0,1.5793251974156597,,,,3.5893754486719276,-0.1435750179468731,,
2026-08-14,3443,stop,True,1395.786,1.376572053309033,,,,3.382610228215488,-0.34288923946794725,,
2026-08-14,3395,market,True,2438.0,-0.20508613617719051,,,,1.1074651353568443,-0.7383100902379036,,
2026-08-14,3395,limit,True,2438.0,-0.20508613617719051,,,,1.1074651353568443,-0.7383100902379036,,
2026-08-14,3395,stop,True,2455.902,-0.9325290667135722,,,,0.37045452139377044,-1.461866149382185,,
2026-08-14,3387,market,True,779.0,-0.7702182284980763,,,,0.0,-1.6688061617458283,,
2026-08-14,3387,limit,True,777.0,-0.5148005148005175,,,,0.2574002574002643,-1.4157014157014203,,
2026-08-14,3387,stop,True,779.0,-0.7702182284980763,,,,0.0,-1.6688061617458283,,
2026-08-14,3333,market,True,1373.0,-0.1456664238892902,,,,1.2381646030589888,-0.6554989075018169,,
2026-08-14,3333,limit,True,1370.0,0.07299270072993469,,,,1.4598540145985384,-0.43795620437956373,,
2026-08-14,3333,stop,True,1373.0,-0.1456664238892902,,,,1.2381646030589888,-0.6554989075018169,,
2026-08-14,7803,market,True,400.0,4.499999999999993,,,,5.000000000000004,-1.0000000000000009,,
2026-08-14,7803,limit,False,,,,,,,,6.598984771573613,0.50761421319796
2026-08-14,7803,stop,True,400.0,4.499999999999993,,,,5.000000000000004,-1.0000000000000009,,
2026-08-14,8060,market,True,3662.0,-1.611141452758058,,,,0.5461496450027248,-3.140360458765701,,
2026-08-14,8060,limit,True,3662.0,-1.611141452758058,,,,0.5461496450027248,-3.140360458765701,,
2026-08-14,8060,stop,False,,,,,,,,-0.37878787878787845,-4.03138528138528
2026-08-14,8057,market,True,2180.0,-0.596330275229362,,,,0.2293577981651307,-2.6605504587155937,,
2026-08-14,8057,limit,True,2180.0,-0.596330275229362,,,,0.2293577981651307,-2.6605504587155937,,
2026-08-14,8057,stop,False,,,,,,,,0.0,-2.8832951945080065
2026-08-14,9201,market,True,3054.0,-0.8185985592665368,,,,0.06548788474132206,-2.095612311722328,,
2026-08-14,9201,limit,True,3054.0,-0.8185985592665368,,,,0.06548788474132206,-2.095612311722328,,
2026-08-14,9201,stop,False,,,,,,,,0.06548788474132206,-2.095612311722328
2026-08-14,2157,market,True,1030.0,-0.3883495145631022,,,,0.2912621359223211,-1.3592233009708687,,
2026-08-14,2157,limit,True,1030.0,-0.3883495145631022,,,,0.2912621359223211,-1.3592233009708687,,
2026-08-14,2157,stop,False,,,,,,,,-0.3857280617164949,-2.0250723240115676
2026-08-14,9432,market,True,163.0,-0.9202453987730008,,,,0.18405095199864885,-2.5766852443203647,,
2026-08-14,9432,limit,True,162.7,-0.7375537799631182,,,,0.3687787656778241,-2.3970479091838803,,
2026-08-14,9432,stop,True,163.0254,-0.9356824151328547,,,,0.16844188191400544,-2.5918641808222342,,
2026-08-14,9119,market,True,1611.0,2.110490378646812,,,,5.338299193047802,-0.5586592178770999,,
2026-08-14,9119,limit,False,,,,,,,,6.595477386934667,0.628140703517599
2026-08-14,9119,stop,True,1611.0,2.110490378646812,,,,5.338299193047802,-0.5586592178770999,,
2026-08-14,2492,market,True,605.0,-6.115702479338847,,,,1.983471074380172,-6.776859504132227,,
2026-08-14,2492,limit,True,605.0,-6.115702479338847,,,,1.983471074380172,-6.776859504132227,,
2026-08-14,2492,stop,True,615.228,-2.637721300070861,,,,0.2880233019303402,-6.051090002405601,,
2026-08-14,8708,market,True,1724.0,-0.5220417633410634,,,,0.7540603248259892,-1.044083526682138,,
2026-08-14,8708,limit,True,1724.0,-0.5220417633410634,,,,0.7540603248259892,-1.044083526682138,,
2026-08-14,8708,stop,True,1733.46,-1.0649221787638607,,,,0.20421584576510998,-1.5841150069802579,,
2026-08-14,6986,market,True,665.0,3.157894736842115,,,,4.6616541353383445,-0.4511278195488688,,
2026-08-14,6986,limit,True,665.0,3.157894736842115,,,,4.6616541353383445,-0.4511278195488688,,
2026-08-14,6986,stop,True,667.332,2.797408186629746,,,,4.295912679146219,-0.7990025954097812,,
2026-08-14,6196,market,True,1336.0,0.5988023952095745,,,,0.5988023952095745,-0.7485029940119792,,
2026-08-14,6196,limit,True,1336.0,0.5988023952095745,,,,0.5988023952095745,-0.7485029940119792,,
2026-08-14,6196,stop,False,,,,,,,,0.14903129657228842,-1.1922503725782407
2026-08-14,6232,market,True,1781.0,-0.8422234699607012,,,,0.8422234699607012,-6.737787759685565,,
2026-08-14,6232,limit,True,1741.0,1.4359563469270586,,,,3.159103963239507,-4.5950603101665655,,
2026-08-14,6232,stop,True,1781.0,-0.8422234699607012,,,,0.8422234699607012,-6.737787759685565,,
2026-08-14,6254,market,True,3930.0,0.7633587786259444,,,,1.526717557251911,-4.580152671755721,,
2026-08-14,6254,limit,True,3900.0,1.538461538461533,,,,2.3076923076922995,-3.8461538461538436,,
2026-08-14,6254,stop,True,3930.0,0.7633587786259444,,,,1.526717557251911,-4.580152671755721,,
2026-08-14,6306,market,True,1004.0,2.1912350597609542,,,,2.9880478087649376,-0.29880478087649376,,
2026-08-14,6306,limit,True,1004.0,2.1912350597609542,,,,2.9880478087649376,-0.29880478087649376,,
2026-08-14,6306,stop,True,1016.028,0.9814690146334515,,,,1.7688488899912258,-1.4790930958595627,,
2026-08-14,3946,market,True,4730.0,-0.3171247357293905,,,,0.21141649048626032,-1.5856236786469302,,
2026-08-14,3946,limit,True,4690.0,0.5330490405117239,,,,1.0660980810234477,-0.7462686567164201,,
2026-08-14,3946,stop,True,4730.0,-0.3171247357293905,,,,0.21141649048626032,-1.5856236786469302,,
2026-08-14,6859,market,True,4240.0,1.0613207547169878,,,,1.0613207547169878,-2.358490566037741,,
2026-08-14,6859,limit,True,4240.0,1.0613207547169878,,,,1.0613207547169878,-2.358490566037741,,
2026-08-14,6859,stop,True,4248.48,0.8596015516137534,,,,0.8596015516137534,-2.5533837984408447,,
2026-08-14,6958,market,True,783.0,-0.6385696040868472,,,,3.065134099616862,-3.065134099616862,,
2026-08-14,6958,limit,True,783.0,-0.6385696040868472,,,,3.065134099616862,-3.065134099616862,,
2026-08-14,6958,stop,True,784.566,-0.8368958124619241,,,,2.859415269078691,-3.258616865885089,,
2026-08-14,4246,market,True,1127.0,0.2661934338952898,,,,2.0408163265306145,-0.709849157054121,,
2026-08-14,4246,limit,True,1127.0,0.2661934338952898,,,,2.0408163265306145,-0.709849157054121,,
2026-08-14,4246,stop,True,1129.254,0.06606131127275816,,,,1.8371420424457385,-0.9080330908723733,,
2026-08-14,4194,market,True,9197.0,-1.4461237360008705,,,,0.8589757529629205,-2.783516364031746,,
2026-08-14,4194,limit,True,9197.0,-1.4461237360008705,,,,0.8589757529629205,-2.783516364031746,,
2026-08-14,4194,stop,False,,,,,,,,-0.7596020113405322,-4.3436396704825135
2026-08-14,4204,market,True,2675.0,-0.8411214953271018,,,,0.4299065420560799,-1.6448598130841097,,
2026-08-14,4204,limit,True,2675.0,-0.8411214953271018,,,,0.4299065420560799,-1.6448598130841097,,
2026-08-14,4204,stop,False,,,,,,,,-0.25988490811211795,-2.3204009652868063
2026-08-14,4071,market,True,2179.0,1.2391005048187242,,,,2.065167508031207,-0.8719596145020603,,
2026-08-14,4071,limit,True,2179.0,1.2391005048187242,,,,2.065167508031207,-0.8719596145020603,,
2026-08-14,4071,stop,False,,,,,,,,0.0,-2.877697841726623
2026-08-14,4848,market,True,1860.0,-0.8602150537634357,,,,0.967741935483879,-2.1505376344086002,,
2026-08-14,4848,limit,True,1856.0,-0.6465517241379337,,,,1.18534482758621,-1.93965517241379,,
2026-08-14,4848,stop,True,1860.0,-0.8602150537634357,,,,0.967741935483879,-2.1505376344086002,,
2026-08-14,4828,market,True,1364.0,-1.1730205278592365,,,,1.7595307917888547,-1.3929618768328433,,
2026-08-14,4828,limit,True,1364.0,-1.1730205278592365,,,,1.7595307917888547,-1.3929618768328433,,
2026-08-14,4828,stop,True,1383.762,-0.48866784895089665,,,,0.30626654005529996,-2.8012042533325787,,
2026-08-14,4620,market,True,982.0,-2.0366598778004064,,,,0.8146639511201537,-2.4439918533604943,,
2026-08-14,4620,limit,True,982.0,-2.0366598778004064,,,,0.8146639511201537,-2.4439918533604943,,
2026-08-14,4620,stop,True,983.964,-2.23219548682676,,,,0.6134370769662167,-2.638714424511468,,
2026-08-14,4540,market,True,3767.0,-1.2476771967082523,,,,0.1061852933368801,-1.6193257233873104,,
2026-08-14,4540,limit,True,3752.0,-0.8528784648187626,,,,0.5063965884861465,-1.226012793176967,,
2026-08-14,4540,stop,True,3767.0,-1.2476771967082523,,,,0.1061852933368801,-1.6193257233873104,,
2026-08-14,4973,market,True,4845.0,0.7223942208462342,,,,1.7543859649122862,-1.1351909184726505,,
2026-08-14,4973,limit,True,4845.0,0.7223942208462342,,,,1.7543859649122862,-1.1351909184726505,,
2026-08-14,4973,stop,True,4899.78,-0.40369159431647983,,,,0.6167623852499471,-2.2405087575360527,,
2026-08-14,5076,market,True,2860.0,-1.3811188811188813,,,,0.2797202797202747,-3.076923076923077,,
2026-08-14,5076,limit,True,2838.0,-0.6166314305849241,,,,1.0570824524312794,-2.3255813953488413,,
2026-08-14,5076,stop,True,2860.0,-1.3811188811188813,,,,0.2797202797202747,-3.076923076923077,,
2026-08-14,5101,market,True,7812.0,-1.9457245263696854,,,,0.691244239631339,-3.4946236559139754,,
2026-08-14,5101,limit,True,7812.0,-1.9457245263696854,,,,0.691244239631339,-3.4946236559139754,,
2026-08-14,5101,stop,True,7865.7,-2.6151518618813263,,,,0.0038140279949638867,-4.1534764865174045,,
2026-08-14,5410,market,True,2950.0,-0.2711864406779618,,,,2.3728813559322104,-0.9152542372881323,,
2026-08-14,5410,limit,True,2950.0,-0.2711864406779618,,,,2.3728813559322104,-0.9152542372881323,,
2026-08-14,5410,stop,True,2970.93,1.1467789547380924,,,,1.6516713621660628,-1.175726119430609,,
2026-08-14,9861,market,True,3773.0,-1.0601643254704474,,,,0.1060164325470403,-2.199840975351175,,
2026-08-14,9861,limit,True,3773.0,-1.0601643254704474,,,,0.1060164325470403,-2.199840975351175,,
2026-08-14,9861,stop,False,,,,,,,,-0.0529240539825393,-2.35512040222281
2026-08-14,1822,market,True,809.0,-0.12360939431397266,,,,0.8652657601977642,-1.1124845488257096,,
2026-08-14,1822,limit,True,809.0,-0.12360939431397266,,,,0.8652657601977642,-1.1124845488257096,,
2026-08-14,1822,stop,True,810.618,-0.32296346737921144,,,,0.6639378844289112,-1.3098648191873452,,
2026-08-14,1419,market,True,2990.0,-0.5351170568561825,,,,0.3010033444815985,-0.9698996655518433,,
2026-08-14,1419,limit,True,2985.0,-0.3685092127303169,,,,0.4690117252931225,-0.8040201005025116,,
2026-08-14,1419,stop,True,2990.97,-0.5673744638027056,,,,0.2684747757416561,-1.0020160683657742,,
2026-08-14,1982,market,True,3015.0,-0.16583747927031434,,,,3.9800995024875663,-0.9618573797678276,,
2026-08-14,1982,limit,False,,,,,,,,5.201342281879184,0.2013422818792021
2026-08-14,1982,stop,True,3015.0,-0.16583747927031434,,,,3.9800995024875663,-0.9618573797678276,,
2026-08-14,1514,market,True,647.0,-0.3091190108191699,,,,3.554868624420404,-1.5455950540958274,,
2026-08-14,1514,limit,True,646.0,-0.1547987616099089,,,,3.7151702786377694,-1.393188854489169,,
2026-08-14,1514,stop,True,647.292,-0.354090580449018,,,,3.5081539706963705,-1.5900088368155374,,
2026-08-14,5471,market,True,2492.0,1.4646869983948596,,,,3.7921348314606806,-2.3876404494381998,,
2026-08-14,5471,limit,False,,,,,,,,7.0571192052980125,0.6829470198675525
2026-08-14,5471,stop,True,2492.0,1.4646869983948596,,,,3.7921348314606806,-2.3876404494381998,,
2026-08-14,4812,market,True,2680.0,-0.8955223880596996,,,,3.3582089552238736,-1.0820895522388074,,
2026-08-14,4812,limit,True,2680.0,-0.8955223880596996,,,,3.3582089552238736,-1.0820895522388074,,
2026-08-14,4812,stop,True,2746.0,0.10924981791697874,,,,0.8739985433357633,-0.8011653313911182,,
2026-08-14,8558,market,True,1532.0,-0.26109660574412663,,,,3.3289817232375896,-1.0443864229765065,,
2026-08-14,8558,limit,True,1524.0,0.2624671916010568,,,,3.8713910761154935,-0.5249343832021025,,
2026-08-14,8558,stop,True,1532.0,-0.26109660574412663,,,,3.3289817232375896,-1.0443864229765065,,
2026-08-14,4477,market,True,295.0,0.6779661016949046,,,,3.3898305084745672,-2.033898305084747,,
2026-08-14,4477,limit,True,290.0,2.4137931034482696,,,,5.1724137931034475,-0.34482758620689724,,
2026-08-14,4477,stop,True,295.0,0.6779661016949046,,,,3.3898305084745672,-2.033898305084747,,
2026-08-14,2371,market,True,3700.0,0.0,,,,0.540540540540535,0.0,,
2026-08-14,2371,limit,True,3700.0,0.0,,,,0.540540540540535,0.0,,
2026-08-14,2371,stop,False,,,,,,,,0.13458950201883368,-0.40376850605652326
2026-08-14,5715,market,True,4220.0,0.82938388625593,,,,5.56872037914693,-0.8293838862559189,,
2026-08-14,5715,limit,True,4215.0,2.016607354685651,,,,5.693950177935947,-0.7117437722419906,,
2026-08-14,5715,stop,True,4223.43,0.7474967029168056,,,,5.482984209516895,-0.9099239243932078,,
2026-08-14,5802,market,True,2384.0,3.7332214765100735,,,,8.389261744966436,-1.342281879194629,,
2026-08-14,5802,limit,True,2384.0,3.7332214765100735,,,,8.389261744966436,-1.342281879194629,,
2026-08-14,5802,stop,True,2390.772,3.4393911255443887,,,,8.082242890580948,-1.6217355732792593,,
2026-08-14,9042,market,True,4649.0,-0.3011400301139999,,,,0.6883200688320157,-1.2906001290600155,,
2026-08-14,9042,limit,True,4647.0,-0.2582311168495832,,,,0.7316548310738025,-1.248117064772969,,
2026-08-14,9042,stop,True,4656.294,-0.4573164838818089,,,,0.530593643786248,-1.4452266115498658,,
2026-08-14,4732,market,True,2020.0,-1.1881188118811892,,,,0.32178217821781097,-2.3514851485148536,,
2026-08-14,4732,limit,True,2011.0,-0.7458975634012877,,,,0.7707608155146595,-1.914470412729985,,
2026-08-14,4732,stop,True,2020.0,-1.1881188118811892,,,,0.32178217821781097,-2.3514851485148536,,
2026-08-14,9009,market,True,1280.0,0.0,,,,1.5625,-1.3671875,,
2026-08-14,9009,limit,True,1280.0,0.0,,,,1.5625,-1.3671875,,
2026-08-14,9009,stop,True,1282.56,-0.19960079840318778,,,,1.3597804391217716,-1.5640593812375259,,
2026-08-14,9023,market,True,1465.0,-1.3310580204778155,,,,0.06825938566552558,-2.320819112627981,,
2026-08-14,9023,limit,True,1462.5,-1.1623931623931605,,,,0.23931623931623403,-2.1538461538461506,,
2026-08-14,9023,stop,True,1465.425,-1.359673814763629,,,,0.03923776378866872,-2.3491478581298963,,
2026-08-14,4396,market,True,1421.0,-3.37790288529205,,,,0.0,-5.629838142153409,,
2026-08-14,4396,limit,True,1421.0,-3.37790288529205,,,,0.0,-5.629838142153409,,
2026-08-14,4396,stop,False,,,,,,,,-0.2807017543859702,-5.894736842105264
2026-08-14,3844,market,True,1344.0,-2.00892857142857,,,,0.07440476190476719,-2.8273809523809534,,
2026-08-14,3844,limit,True,1344.0,-2.00892857142857,,,,0.07440476190476719,-2.8273809523809534,,
2026-08-14,3844,stop,False,,,,,,,,-8.627717391304346,-11.27717391304348
2026-08-14,6627,market,True,12000.0,2.9166666666666563,,,,9.083333333333332,-6.0833333333333295,,
2026-08-14,6627,limit,True,12000.0,2.9166666666666563,,,,9.083333333333332,-6.0833333333333295,,
2026-08-14,6627,stop,True,12900.0,-12.32558139534884,,,,1.4728682170542573,-12.635658914728687,,
2026-08-14,8103,market,True,972.0,-0.6172839506172867,,,,0.6172839506172867,-2.4691358024691357,,
2026-08-14,8103,limit,True,971.0,-0.5149330587023715,,,,0.720906282183309,-2.3686920700308978,,
2026-08-14,8103,stop,True,972.942,-0.713506046609147,,,,0.5198665490851351,-2.5635649401505978,,
2026-08-14,7974,market,True,9050.0,-3.193370165745857,,,,0.1878453038673955,-5.635359116022098,,
2026-08-14,7974,limit,True,8900.0,-1.561797752808991,,,,1.8764044943820224,-4.044943820224722,,
2026-08-14,7974,stop,True,9050.0,-3.193370165745857,,,,0.1878453038673955,-5.635359116022098,,
2026-08-14,7972,market,True,2659.0,-1.4667168108311368,,,,0.07521624670929761,-3.5727717186912367,,
2026-08-14,7972,limit,True,2659.0,-1.4667168108311368,,,,0.07521624670929761,-3.5727717186912367,,
2026-08-14,7972,stop,False,,,,,,,,-0.41167664670658244,-4.041916167664672
2026-08-14,4091,market,True,6163.0,-1.298069122180756,,,,0.1622586402725945,-2.839526204770404,,
2026-08-14,4091,limit,True,6140.0,-0.9283387622149863,,,,0.5374592833876202,-2.4755700325732932,,
2026-08-14,4091,stop,True,6163.0,-1.298069122180756,,,,0.1622586402725945,-2.839526204770404,,
2026-08-14,6501,market,True,5668.0,-1.7113620324629486,,,,0.3528581510232831,-3.4580098800282233,,
2026-08-14,6501,limit,True,5668.0,-1.7113620324629486,,,,0.3528581510232831,-3.4580098800282233,,
2026-08-14,6501,stop,False,,,,,,,,-1.3698630136986356,-5.115311253684762
2026-08-14,6418,market,True,1273.0,2.435192458758828,,,,4.163393558523176,0.0,,
2026-08-14,6418,limit,True,1273.0,2.435192458758828,,,,4.163393558523176,0.0,,
2026-08-14,6418,stop,True,1279.554,1.9105094431340897,,,,3.6298585288311314,-0.5122097230753964,,
2026-08-14,8334,market,True,2765.0,-0.12658227848101333,,,,2.8028933092224317,-0.687160940325493,,
2026-08-14,8334,limit,True,2765.0,-0.12658227848101333,,,,2.8028933092224317,-0.687160940325493,,
2026-08-14,8334,stop,True,2770.53,-0.3259304176457256,,,,2.5976979133956135,-0.8853901600054948,,
2026-08-14,8399,market,True,3265.0,1.3782542113323082,,,,4.441041347626351,-0.3062787136294043,,
2026-08-14,8399,limit,True,3265.0,1.3782542113323082,,,,4.441041347626351,-0.3062787136294043,,
2026-08-14,8399,stop,True,3301.59,0.2547257533491498,,,,3.2835694316980524,-1.4111382697427621,,
2026-08-14,4324,market,True,3401.0,3.2049397236107113,,,,4.704498676859736,-0.029403116730375434,,
2026-08-14,4324,limit,True,3401.0,3.2049397236107113,,,,4.704498676859736,-0.029403116730375434,,
2026-08-14,4324,stop,False,,,,,,,,-5.743779777660141,-10.005293806246696
2026-08-14,7242,market,True,4650.0,-0.9677419354838679,,,,0.43010752688172893,-1.505376344086018,,
2026-08-14,7242,limit,True,4635.0,-0.6472491909385147,,,,0.7551240560949246,-1.1866235167206085,,
2026-08-14,7242,stop,True,4650.0,-0.9677419354838679,,,,0.43010752688172893,-1.505376344086018,,
2026-08-14,9766,market,True,22060.0,-2.107887579329104,,,,0.4079782411604782,-4.079782411604715,,
2026-08-14,9766,limit,True,21990.0,-1.7962710322873998,,,,0.7276034561164213,-3.774442928603916,,
2026-08-14,9766,stop,True,22060.0,-2.107887579329104,,,,0.4079782411604782,-4.079782411604715,,
2026-08-14,1720,market,True,1148.0,-0.2613240418118501,,,,1.0452961672473782,-0.7839721254355392,,
2026-08-14,1720,limit,True,1142.0,0.26269702276706663,,,,1.5761821366024442,-0.26269702276707774,,
2026-08-14,1720,stop,True,1148.0,-0.2613240418118501,,,,1.0452961672473782,-0.7839721254355392,,
2026-08-14,2124,market,True,1045.0,-0.5741626794258381,,,,1.9138755980861344,-3.2535885167464085,,
2026-08-14,2124,limit,True,1045.0,-0.5741626794258381,,,,1.9138755980861344,-3.2535885167464085,,
2026-08-14,2124,stop,True,1047.09,-0.7726174445367606,,,,1.710454688708718,-3.4466951264934154,,
2026-08-14,2158,market,True,630.0,2.2222222222222143,,,,5.555555555555558,-3.1746031746031744,,
2026-08-14,2158,limit,True,630.0,2.2222222222222143,,,,5.555555555555558,-3.1746031746031744,,
2026-08-14,2158,stop,True,650.298,-0.1996007984031989,,,,2.26080965957145,-1.5835816810139347,,
2026-08-14,9409,market,True,3055.0,0.16366612111293755,,,,1.6366612111292866,-1.1456628477905073,,
2026-08-14,9409,limit,True,3055.0,0.16366612111293755,,,,1.6366612111292866,-1.1456628477905073,,
2026-08-14,9409,stop,True,3061.11,-0.036261356174727144,,,,1.4337936238815185,-1.342976894002501,,
2026-08-14,4825,market,True,2022.0,1.6815034619188873,,,,2.027695351137493,-0.34619188921859445,,
2026-08-14,4825,limit,True,2022.0,1.6815034619188873,,,,2.027695351137493,-0.34619188921859445,,
2026-08-14,4825,stop,True,2033.058,1.1284478849103108,,,,1.4727568028064075,-0.8882186341953813,,
2026-08-14,9301,market,True,1493.5,0.33478406427853713,,,,2.879142952795455,-0.3013056578506812,,
2026-08-14,9301,limit,True,1493.5,0.33478406427853713,,,,2.879142952795455,-0.3013056578506812,,
2026-08-14,9301,stop,True,1504.503,-0.3990021954093814,,,,2.1267488333356566,-1.030439952595641,,
2026-08-14,2749,market,True,647.0,-0.6182380216383287,,,,2.0092735703245657,-1.391035548686248,,
2026-08-14,2749,limit,True,647.0,-0.6182380216383287,,,,2.0092735703245657,-1.391035548686248,,
2026-08-14,2749,stop,True,651.3,-1.2743743282665365,,,,1.3357899585444644,-2.042069706740357,,
2026-08-14,9888,market,True,1290.0,-2.7906976744186074,,,,0.5426356589147252,-4.961240310077519,,
2026-08-14,9888,limit,True,1284.0,-2.336448598130836,,,,1.0124610591900396,-4.517133956386288,,
2026-08-14,9888,stop,True,1290.0,-2.7906976744186074,,,,0.5426356589147252,-4.961240310077519,,
2026-08-14,8194,market,True,2622.0,-1.4111365369946616,,,,0.30511060259343914,-2.8604118993134975,,
2026-08-14,8194,limit,True,2602.0,-0.6533435818601108,,,,1.0760953112989968,-2.1137586471944636,,
2026-08-14,8194,stop,True,2622.0,-1.4111365369946616,,,,0.30511060259343914,-2.8604118993134975,,
2026-08-14,6331,market,True,3310.0,0.7552870090634434,,,,2.8700906344410804,-0.6042296072507503,,
2026-08-14,6331,limit,False,,,,,,,,3.65296803652968,0.15220700152207556
2026-08-14,6331,stop,True,3310.0,0.7552870090634434,,,,2.8700906344410804,-0.6042296072507503,,
2026-08-14,6330,market,True,2601.0,-6.266820453671662,,,,3.844675124951946,-9.534794309880812,,
2026-08-14,6330,limit,True,2590.0,-5.868725868725866,,,,4.285714285714293,-9.150579150579151,,
2026-08-14,6330,stop,True,2601.0,-6.266820453671662,,,,3.844675124951946,-9.534794309880812,,
2026-08-14,7071,market,True,404.0,2.970297029702973,,,,5.44554455445545,-1.4851485148514865,,
2026-08-14,7071,limit,False,,,,,,,,7.575757575757569,0.5050505050504972
2026-08-14,7071,stop,True,404.0,2.970297029702973,,,,5.44554455445545,-1.4851485148514865,,
2026-08-14,4044,market,True,4670.0,-0.5353319057815886,,,,0.5353319057815886,-1.498929336188437,,
2026-08-14,4044,limit,True,4670.0,-0.5353319057815886,,,,0.5353319057815886,-1.498929336188437,,
2026-08-14,4044,stop,True,4684.35,-0.8400311676113104,,,,0.22735278106886803,-1.8006767214234665,,
2026-08-14,7182,market,True,3308.0,-0.9371221281741282,,,,1.5719467956469169,-1.2696493349455884,,
2026-08-14,7182,limit,True,3275.0,0.0610687022900791,,,,2.595419847328251,-0.27480916030534486,,
2026-08-14,7182,stop,True,3308.0,-0.9371221281741282,,,,1.5719467956469169,-1.2696493349455884,,
2026-08-14,7545,market,True,2018.0,-1.0901883052527261,,,,0.29732408325073845,-1.6848364717542141,,
2026-08-14,7545,limit,True,2018.0,-1.0901883052527261,,,,0.29732408325073845,-1.6848364717542141,,
2026-08-14,7545,stop,True,2023.038,-1.3365048011950376,,,,0.04755224568198102,-1.9296721069994693,,
2026-08-14,3350,market,True,219.0,-0.91324200913242,,,,8.675799086757996,-4.109589041095896,,
2026-08-14,3350,limit,True,219.0,-0.91324200913242,,,,8.675799086757996,-4.109589041095896,,
2026-08-14,3350,stop,True,227.0,0.4405286343612369,,,,4.8458149779735615,-1.3215859030836996,,
2026-08-14,4480,market,True,3000.0,-6.333333333333336,,,,1.333333333333342,-8.666666666666668,,
2026-08-14,4480,limit,False,,,,,,,,13.559955173701898,2.353380649981318
2026-08-14,4480,stop,False,,,,,,,,13.559955173701898,2.353380649981318
2026-08-14,4543,market,True,2685.0,-2.420856610800748,,,,0.14897579143389184,-5.009310986964621,,
2026-08-14,4543,limit,True,2672.5,-1.9644527595883976,,,,0.6173994387277837,-4.5650140318054255,,
2026-08-14,4543,stop,True,2685.0,-2.420856610800748,,,,0.14897579143389184,-5.009310986964621,,
2026-08-14,9006,market,True,1522.5,-0.42692939244662886,,,,1.0180623973727432,-0.7553366174055776,,
2026-08-14,9006,limit,True,1518.5,-0.1646361540994401,,,,1.2841620019756306,-0.4939084622983203,,
2026-08-14,9006,stop,True,1522.5,-0.42692939244662886,,,,1.0180623973727432,-0.7553366174055776,,
2026-08-14,8524,market,True,1307.0,0.3060443764345777,,,,3.3664881407804215,-0.6120887528691665,,
2026-08-14,8524,limit,True,1301.0,0.768639508070712,,,,3.8431975403535823,-0.1537279016141424,,
2026-08-14,8524,stop,True,1307.0,0.3060443764345777,,,,3.3664881407804215,-0.6120887528691665,,
2026-08-14,8541,market,True,3080.0,3.571428571428581,,,,8.603896103896114,0.0,,
2026-08-14,8541,limit,False,,,,,,,,9.135399673735733,0.4893964110929794
2026-08-14,8541,stop,True,3080.0,3.571428571428581,,,,8.603896103896114,0.0,,
2026-08-14,2502,market,True,1720.0,-3.4302325581395343,,,,0.029069767441858296,-4.244186046511633,,
2026-08-14,2502,limit,True,1720.0,-3.4302325581395343,,,,0.029069767441858296,-4.244186046511633,,
2026-08-14,2502,stop,False,,,,,,,,-1.3191855463148827,-5.534843705190706
2026-08-14,2501,market,True,2050.0,-4.780487804878053,,,,0.4878048780487809,-6.707317073170726,,
2026-08-14,2501,limit,True,2050.0,-4.780487804878053,,,,0.4878048780487809,-6.707317073170726,,
2026-08-14,2501,stop,True,2054.1,-4.970546711455137,,,,0.28723041721434583,-6.893530013144433,,
2026-08-14,2471,market,True,296.0,0.33783783783782884,,,,1.3513513513513598,-2.3648648648648685,,
2026-08-14,2471,limit,True,296.0,0.33783783783782884,,,,1.3513513513513598,-2.3648648648648685,,
2026-08-14,2471,stop,True,298.596,-0.5345014668649339,,,,0.4702005385202712,-3.2137068145588032,,
2026-08-14,2432,market,True,2555.0,-1.7612524461839585,,,,0.07827788649705791,-3.9921722113502978,,
2026-08-14,2432,limit,True,2536.0,-1.0252365930599416,,,,0.8280757097791858,-3.2728706624605697,,
2026-08-14,2432,stop,True,2555.0,-1.7612524461839585,,,,0.07827788649705791,-3.9921722113502978,,
2026-08-14,9107,market,True,3067.0,0.16302575806976805,,,,3.782197587218783,-1.5324421258558818,,
2026-08-14,9107,limit,True,3030.0,1.3861386138613874,,,,5.049504950495054,-0.330033003300334,,
2026-08-14,9107,stop,True,3067.0,0.16302575806976805,,,,3.782197587218783,-1.5324421258558818,,
2026-08-14,9104,market,True,6543.0,1.3143817820571613,,,,6.2203882011309775,-0.4890722909980161,,
2026-08-14,9104,limit,False,,,,,,,,7.402256220058723,0.6181424818420655
2026-08-14,9104,stop,True,6543.0,1.3143817820571613,,,,6.2203882011309775,-0.4890722909980161,,
2026-08-14,9076,market,True,2785.0,0.502692998204668,,,,1.5080789946140039,-0.4488330341113067,,
2026-08-14,9076,limit,True,2776.0,0.8285302593660004,,,,1.8371757925071952,-0.12608069164264935,,
2026-08-14,9076,stop,True,2785.0,0.502692998204668,,,,1.5080789946140039,-0.4488330341113067,,
2026-08-14,9031,market,True,3039.0,-0.5923000987166804,,,,1.645278051990795,-0.9871668311944748,,
2026-08-14,9031,limit,True,3038.0,-0.5595786701777516,,,,1.678736010533255,-0.9545753785385136,,
2026-08-14,9031,stop,True,3044.076,-0.7580625450875789,,,,1.4757844416499522,-1.1522708368647883,,
2026-08-14,9304,market,True,1978.0,-0.4044489383215333,,,,2.982810920121337,-0.707785642062686,,
2026-08-14,9304,limit,True,1977.0,-0.3540718259989917,,,,3.034901365705611,-0.6575619625695528,,
2026-08-14,9304,stop,True,1980.954,-0.5529658942105664,,,,2.829242879945726,-0.8558502620454544,,
2026-08-14,5243,market,True,2558.0,0.5863956215793609,,,,3.2447224394057894,-1.6419077404221993,,
2026-08-14,5243,limit,True,2558.0,0.5863956215793609,,,,3.2447224394057894,-1.6419077404221993,,
2026-08-14,5243,stop,True,2565.12,0.3071981037924276,,,,2.958146207584833,-1.9149201596806331,,
2026-08-14,5201,market,True,5956.0,0.671591672263272,,,,1.7629281396910779,-0.3693754197447996,,
2026-08-14,5201,limit,True,5956.0,0.671591672263272,,,,1.7629281396910779,-0.3693754197447996,,
2026-08-14,5201,stop,True,5972.922,0.38637705297341896,,,,1.4746216341013696,-0.651640855179414,,
2026-08-14,5246,market,True,854.0,-0.7025761124121788,,,,4.566744730679151,-1.5222482435597207,,
2026-08-14,5246,limit,True,854.0,-0.7025761124121788,,,,4.566744730679151,-1.5222482435597207,,
2026-08-14,5246,stop,True,861.72,0.7287750081232947,,,,3.629949403518551,-2.2884463630877816,,
2026-08-14,9543,market,True,1247.0,-0.2405773857257376,,,,0.8821170809943935,-1.122694466720131,,
2026-08-14,9543,limit,True,1247.0,-0.2405773857257376,,,,0.8821170809943935,-1.122694466720131,,
2026-08-14,9543,stop,True,1253.502,-0.3591537947286838,,,,0.35883468873603164,-1.6355777653326409,,
2026-08-14,9324,market,True,2552.0,0.7445141065830718,,,,2.155172413793105,-0.7445141065830718,,
2026-08-14,9324,limit,True,2552.0,0.7445141065830718,,,,2.155172413793105,-0.7445141065830718,,
2026-08-14,9324,stop,True,2565.12,0.2292290419161791,,,,1.6326721556886303,-1.2521831337325318,,
2026-08-14,8789,market,True,154.0,5.1948051948051965,,,,7.14285714285714,-0.649350649350644,,
2026-08-14,8789,limit,True,154.0,5.1948051948051965,,,,7.14285714285714,-0.649350649350644,,
2026-08-14,8789,stop,True,154.308,4.98483552375768,,,,6.9289991445680155,-0.8476553386733032,,
2026-08-14,8739,market,True,2499.0,0.6402561024409836,,,,1.5206082432973167,-0.200080032012806,,
2026-08-14,8739,limit,True,2499.0,0.6402561024409836,,,,1.5206082432973167,-0.200080032012806,,
2026-08-14,8739,stop,True,2529.048,-0.5554659302630771,,,,0.3144266142833363,-0.8322499217096602,,
2026-08-14,8707,market,True,4415.0,-1.6987542468856143,,,,0.11325028312569874,-2.2650056625141524,,
2026-08-14,8707,limit,True,4415.0,-1.6987542468856143,,,,0.11325028312569874,-2.2650056625141524,,
2026-08-14,8707,stop,False,,,,,,,,-0.22573363431150906,-2.5959367945823875
2026-08-14,8706,market,True,1855.0,-0.8086253369272267,,,,0.43126684636118906,-1.1859838274932644,,
2026-08-14,8706,limit,True,1855.0,-0.8086253369272267,,,,0.43126684636118906,-1.1859838274932644,,
2026-08-14,8706,stop,True,1861.716,-1.16645073684708,,,,0.06896862894234523,-1.5424479351308085,,
2026-08-14,8628,market,True,1105.0,-0.8144796380090469,,,,0.4524886877828038,-1.538461538461533,,
2026-08-14,8628,limit,True,1105.0,-0.8144796380090469,,,,0.4524886877828038,-1.538461538461533,,
2026-08-14,8628,stop,True,1107.21,-0.10928369505333047,,,,0.2519847183461099,-1.73499155535084,,
2026-08-14,8624,market,True,1650.0,-0.666666666666671,,,,1.090909090909098,-1.0909090909090868,,
2026-08-14,8624,limit,True,1650.0,-0.666666666666671,,,,1.090909090909098,-1.0909090909090868,,
2026-08-14,8624,stop,True,1656.306,-1.044855238102138,,,,0.7060289584170931,-1.4674824579516077,,
2026-08-14,4552,market,True,521.0,-4.414587332053744,,,,1.9193857965451144,-4.798464491362764,,
2026-08-14,4552,limit,True,521.0,-4.414587332053744,,,,1.9193857965451144,-4.798464491362764,,
2026-08-14,4552,stop,True,527.052,-0.38933539764577363,,,,0.7490721978097081,-4.753231180225104,,
2026-08-14,4575,market,True,806.0,0.496277915632759,,,,7.071960297766755,-0.992555831265507,,
2026-08-14,4575,limit,False,,,,,,,,9.102402022756007,0.8849557522123908
2026-08-14,4575,stop,True,806.0,0.496277915632759,,,,7.071960297766755,-0.992555831265507,,
2026-08-14,5985,market,True,2125.0,10.964705882352943,,,,16.799999999999994,-1.0823529411764676,,
2026-08-14,5985,limit,True,2125.0,10.964705882352943,,,,16.799999999999994,-1.0823529411764676,,
2026-08-14,5985,stop,True,2142.276,10.069850943575908,,,,15.858087379964125,-1.8800565379997636,,
2026-08-14,6469,market,True,2982.0,3.621730382293764,,,,8.987256874580819,-0.4024144869215318,,
2026-08-14,6469,limit,False,,,,,,,,10.319076714188725,0.8146639511201537
2026-08-14,6469,stop,True,2982.0,3.621730382293764,,,,8.987256874580819,-0.4024144869215318,,
2026-08-14,4432,market,True,3210.0,-1.2461059190031154,,,,1.0903426791277315,-1.2461059190031154,,
2026-08-14,4432,limit,True,3210.0,-1.2461059190031154,,,,1.0903426791277315,-1.2461059190031154,,
2026-08-14,4432,stop,False,,,,,,,,-0.4601226993865004,-2.7607361963190136
2026-08-14,4443,market,True,2070.0,-2.753623188405796,,,,1.6908212560386549,-9.371980676328507,,
2026-08-14,4443,limit,True,2070.0,-2.753623188405796,,,,1.6908212560386549,-9.371980676328507,,
2026-08-14,4443,stop,False,,,,,,,,-0.047483380816715215,-10.921177587844255
2026-08-14,8304,market,True,3444.0,-0.4645760743321681,,,,1.2485481997677184,-1.7131242740998864,,
2026-08-14,8304,limit,True,3434.0,-0.17472335468841083,,,,1.5433896330809604,-1.4269073966220125,,
2026-08-14,8304,stop,True,3444.0,-0.4645760743321681,,,,1.2485481997677184,-1.7131242740998864,,
2026-08-14,8306,market,True,3705.0,-1.5114709851551944,,,,0.9986504723346723,-1.835357624831313,,
2026-08-14,8306,limit,True,3686.0,-1.0037981551817676,,,,1.519262072707539,-1.3293543136191022,,
2026-08-14,8306,stop,True,3705.0,-1.5114709851551944,,,,0.9986504723346723,-1.835357624831313,,
2026-08-14,6203,market,True,1520.0,1.3157894736842035,,,,1.6447368421052655,-1.7105263157894735,,
2026-08-14,6203,limit,True,1507.0,-0.5972130059721303,,,,2.4552090245520963,-0.862641008626408,,
2026-08-14,6203,stop,True,1520.0,1.3157894736842035,,,,1.6447368421052655,-1.7105263157894735,,
2026-08-14,6309,market,True,1985.0,0.25188916876575096,,,,1.9647355163727953,-0.5037783375314908,,
2026-08-14,6309,limit,True,1982.0,0.4036326942482349,,,,2.1190716448032276,-0.3531786074672083,,
2026-08-14,6309,stop,True,1985.964,0.20322624176469795,,,,1.9152411624782761,-0.5520744585501003,,
2026-08-14,6371,market,True,2753.0,-1.38031238648747,,,,0.2542680711950629,-1.779876498365418,,
2026-08-14,6371,limit,True,2753.0,-1.38031238648747,,,,0.2542680711950629,-1.779876498365418,,
2026-08-14,6371,stop,False,,,,,,,,0.0,-2.0289855072463725
2026-08-14,3399,market,True,3825.0,-0.6535947712418277,,,,0.39215686274509665,-3.6601307189542465,,
2026-08-14,3399,limit,True,3780.0,0.5291005291005346,,,,1.5873015873015817,-2.5132275132275117,,
2026-08-14,3399,stop,True,3825.0,-0.6535947712418277,,,,0.39215686274509665,-3.6601307189542465,,
2026-08-14,7979,market,True,2363.0,-1.2695725772323363,,,,1.1849344054168487,-1.6927634363097743,,
2026-08-14,7979,limit,True,2363.0,-1.2695725772323363,,,,1.1849344054168487,-1.6927634363097743,,
2026-08-14,7979,stop,True,2367.726,0.4761530683871307,,,,0.9829684684798723,-1.8889854653790228,,
2026-08-14,4180,market,True,1274.0,2.19780219780219,,,,6.20094191522762,-4.2386185243328045,,
2026-08-14,4180,limit,False,,,,,,,,19.522968197879862,7.773851590106018
2026-08-14,4180,stop,False,,,,,,,,19.522968197879862,7.773851590106018
2026-08-14,6758,market,True,3853.0,-1.8946275629379672,,,,0.9343368803529817,-3.8930703348040496,,
2026-08-14,6758,limit,True,3853.0,-1.8946275629379672,,,,0.9343368803529817,-3.8930703348040496,,
2026-08-14,6758,stop,False,,,,,,,,-0.5879345603271968,-5.342535787321068
2026-08-14,6701,market,True,4898.0,-2.2866476112699097,,,,0.04083299305839283,-5.063291139240511,,
2026-08-14,6701,limit,True,4898.0,-2.2866476112699097,,,,0.04083299305839283,-5.063291139240511,,
2026-08-14,6701,stop,False,,,,,,,,-5.1857585139318925,-10.023219814241491
2026-08-14,6535,market,True,503.0,1.3916500994035852,,,,2.385685884691857,-0.3976143141153132,,
2026-08-14,6535,limit,True,503.0,1.3916500994035852,,,,2.385685884691857,-0.3976143141153132,,
2026-08-14,6535,stop,True,508.014,0.3909341081151263,,,,1.3751589523123275,-1.3806706114398493,,
2026-08-14,6617,market,True,7710.0,1.4267185473411104,,,,5.5771725032425445,-1.4267185473411104,,
2026-08-14,6617,limit,True,7710.0,1.4267185473411104,,,,5.5771725032425445,-1.4267185473411104,,
2026-08-14,6617,stop,True,7745.46,0.9623702142932844,,,,5.093822703880724,-1.8780033722980982,,
2026-08-14,8151,market,True,2108.0,0.0,,,,2.893738140417468,-1.565464895635671,,
2026-08-14,8151,limit,True,2108.0,0.0,,,,2.893738140417468,-1.565464895635671,,
2026-08-14,8151,stop,True,2121.234,-0.6238821365299629,,,,2.25180248855148,-2.1795803763281163,,
2026-08-14,3201,market,True,1979.0,-0.3031834259727084,,,,1.2127337038908559,-1.0106114199090466,,
2026-08-14,3201,limit,True,1979.0,-0.3031834259727084,,,,1.2127337038908559,-1.0106114199090466,,
2026-08-14,3201,stop,True,1999.992,-1.3496053984215939,,,,0.1504006016024073,-2.049608198432795,,
2026-08-14,3103,market,True,1673.0,-0.47818290496114413,,,,10.40047818290497,-9.742976688583383,,
2026-08-14,3103,limit,True,1594.0,4.4542032622333805,,,,15.8720200752823,-5.269761606022582,,
2026-08-14,3103,stop,True,1602.0,-5.555555555555558,,,,2.372034956304625,-5.742821473158555,,
2026-08-14,3034,market,True,2619.0,-1.9091256204658236,,,,0.6109201985490698,-3.5127911416571234,,
2026-08-14,3034,limit,True,2619.0,-1.9091256204658236,,,,0.6109201985490698,-3.5127911416571234,,
2026-08-14,3034,stop,False,,,,,,,,-0.11372251705837888,-4.207733131159975
2026-08-14,8359,market,True,2717.0,0.16562384983438427,,,,2.3003312476996607,-0.7729112992270859,,
2026-08-14,8359,limit,True,2698.0,0.8710155670867303,,,,3.02075611564121,-0.0741289844329085,,
2026-08-14,8359,stop,True,2717.0,0.16562384983438427,,,,2.3003312476996607,-0.7729112992270859,,
2026-08-14,8367,market,True,1950.0,0.6153846153846176,,,,2.6666666666666616,0.0,,
2026-08-14,8367,limit,False,,,,,,,,3.1427099433281924,0.46367851622874934
2026-08-14,8367,stop,True,1950.0,0.6153846153846176,,,,2.6666666666666616,0.0,,
2026-08-14,8368,market,True,2309.0,-0.17323516673884987,,,,3.1615417929839795,-1.1693373754872227,,
2026-08-14,8368,limit,True,2308.0,-0.12998266897746857,,,,3.2062391681109137,-1.1265164644714054,,
2026-08-14,8368,stop,True,2312.616,-0.3293240209355952,,,,3.000238690729451,-1.3238687270173632,,
2026-08-14,8377,market,True,8607.0,-0.3485535029627007,,,,0.9875682583943224,-2.5212036714302277,,
2026-08-14,8377,limit,True,8592.0,-0.17458100558659373,,,,1.1638733705772841,-2.3510242085661104,,
2026-08-14,8377,stop,True,8609.184,-0.3738333389087689,,,,0.961949471634016,-2.545932343878343,,
2026-08-14,8392,market,True,2856.0,0.1400560224089631,,,,4.026610644257711,-0.5952380952380931,,
2026-08-14,8392,limit,True,2843.0,0.5979599015124792,,,,4.5022863172704986,-0.140696447414701,,
2026-08-14,8392,stop,True,2856.0,0.1400560224089631,,,,4.026610644257711,-0.5952380952380931,,
2026-08-14,8346,market,True,1009.0,-0.6937561942517378,,,,1.6848364717542141,-1.189296333002976,,
2026-08-14,8346,limit,True,1003.0,-0.09970089730807485,,,,2.2931206380857327,-0.5982053838484491,,
2026-08-14,8346,stop,True,1009.0,-0.6937561942517378,,,,1.6848364717542141,-1.189296333002976,,
2026-08-14,8344,market,True,4635.0,0.4314994606256839,,,,3.1283710895361416,-1.8338727076591121,,
2026-08-14,8344,limit,True,4575.0,1.7486338797814138,,,,4.480874316939887,-0.5464480874316946,,
2026-08-14,8344,stop,True,4635.0,0.4314994606256839,,,,3.1283710895361416,-1.8338727076591121,,
2026-08-14,8358,market,True,2898.0,0.1725327812284405,,,,4.037267080745344,-0.448585231193932,,
2026-08-14,8358,limit,True,2897.0,0.20711080428028605,,,,4.073179150845707,-0.4142216085605832,,
2026-08-14,8358,stop,True,2902.794,0.00709661105817716,,,,3.865448254337034,-0.6129956173259288,,
2026-08-14,8343,market,True,8550.0,2.5730994152046716,,,,7.602339181286544,-0.11695906432748204,,
2026-08-14,8343,limit,True,8550.0,2.5730994152046716,,,,7.602339181286544,-0.11695906432748204,,
2026-08-14,8343,stop,True,8567.1,2.368362689825032,,,,7.387564053180196,-0.31632641150448615,,
2026-08-14,8354,market,True,7798.0,-0.6027186458066214,,,,1.5645037189022881,-1.5003847140292348,,
2026-08-14,8354,limit,True,7730.0,0.27166882276843385,,,,2.4579560155239433,-0.633893919793016,,
2026-08-14,8354,stop,True,7798.0,-0.6027186458066214,,,,1.5645037189022881,-1.5003847140292348,,
2026-08-14,7727,market,True,910.0,-4.94505494505495,,,,0.0,-9.010989010989013,,
2026-08-14,7727,limit,True,910.0,-4.94505494505495,,,,0.0,-9.010989010989013,,
2026-08-14,7727,stop,False,,,,,,,,-1.6216216216216162,-10.486486486486491
2026-08-14,7715,market,True,4440.0,-0.7882882882882858,,,,0.6756756756756799,-6.756756756756754,,
2026-08-14,7715,limit,True,4420.0,-0.33936651583710287,,,,1.1312217194570096,-6.334841628959276,,
2026-08-14,7715,stop,True,4440.0,-0.7882882882882858,,,,0.6756756756756799,-6.756756756756754,,
2026-08-14,7752,market,True,1664.5,-1.7422649444277516,,,,0.8410934214478916,-4.806248122559332,,
2026-08-14,7752,limit,True,1664.5,-1.7422649444277516,,,,0.8410934214478916,-4.806248122559332,,
2026-08-14,7752,stop,False,,,,,,,,0.029797377830753646,-5.572109654350421
2026-08-14,7751,market,True,4611.0,-1.0843634786380396,,,,0.7373671654738567,-2.9494686618954713,,
2026-08-14,7751,limit,True,4611.0,-1.0843634786380396,,,,0.7373671654738567,-2.9494686618954713,,
2026-08-14,7751,stop,False,,,,,,,,-0.2362542955326452,-3.887457044673537
2026-08-14,4228,market,True,655.0,-0.45801526717557106,,,,1.984732824427482,-3.6641221374045796,,
2026-08-14,4228,limit,True,653.0,-0.15313935681470214,,,,2.297090352220521,-3.369065849923425,,
2026-08-14,4228,stop,True,655.0,-0.45801526717557106,,,,1.984732824427482,-3.6641221374045796,,
2026-08-14,7322,market,True,2084.0,-0.2879078694817627,,,,2.3512476007677474,-1.5355086372360827,,
2026-08-14,7322,limit,True,2077.0,0.0481463649494529,,,,2.696196437168985,-1.203659123736156,,
2026-08-14,7322,stop,True,2084.0,-0.2879078694817627,,,,2.3512476007677474,-1.5355086372360827,,
2026-08-14,7327,market,True,2523.0,-0.15854141894570128,,,,2.57629805786761,-0.7134363852556502,,
2026-08-14,7327,limit,False,,,,,,,,3.51999999999999,0.20000000000000018
2026-08-14,7327,stop,True,2523.0,-0.15854141894570128,,,,2.57629805786761,-0.7134363852556502,,
2026-08-14,7013,market,True,3050.0,-1.2786885245901658,,,,1.5737704918032724,-2.9180327868852496,,
2026-08-14,7013,limit,True,3028.0,-0.561426684280053,,,,2.3117569352708145,-2.212681638044911,,
2026-08-14,7013,stop,True,3050.0,-1.2786885245901658,,,,1.5737704918032724,-2.9180327868852496,,
2026-08-14,3989,market,True,1500.0,-0.33333333333332993,,,,1.7333333333333423,-3.3333333333333326,,
2026-08-14,3989,limit,True,1481.0,0.9453072248480687,,,,3.0384875084402463,-2.0931802835921665,,
2026-08-14,3989,stop,True,1500.0,-0.33333333333332993,,,,1.7333333333333423,-3.3333333333333326,,
2026-08-14,3923,market,True,1086.0,1.2891344383057168,,,,3.084714548802947,-1.9797421731123421,,
2026-08-14,3923,limit,True,1086.0,1.2891344383057168,,,,3.084714548802947,-1.9797421731123421,,
2026-08-14,3923,stop,False,,,,,,,,-4.723404255319153,-9.404255319148936
2026-08-14,7014,market,True,4470.0,0.8948545861297452,,,,4.4742729306487705,-1.7897091722595126,,
2026-08-14,7014,limit,True,4455.0,1.2345679012345734,,,,4.826038159371482,-1.4590347923681302,,
2026-08-14,7014,stop,True,4470.0,0.8948545861297452,,,,4.4742729306487705,-1.7897091722595126,,
2026-08-14,7381,market,True,1268.0,0.1577287066246047,,,,3.6277602523659302,0.0,,
2026-08-14,7381,limit,True,1268.0,0.1577287066246047,,,,3.6277602523659302,0.0,,
2026-08-14,7381,stop,True,1270.536,-0.042186919536324474,,,,3.420918415534846,-0.1996007984031989,,
2026-08-14,7337,market,True,2377.5,-0.7570977917981114,,,,1.219768664563614,-1.0725552050473208,,
2026-08-14,7337,limit,True,2364.5,-0.21146119687037723,,,,1.7762740537111465,-0.5286529921759375,,
2026-08-14,7337,stop,True,2377.5,-0.7570977917981114,,,,1.219768664563614,-1.0725552050473208,,
2026-08-14,7537,market,True,1920.0,-2.760416666666665,,,,0.2083333333333437,-4.062500000000002,,
2026-08-14,7537,limit,True,1890.0,-1.2169312169312163,,,,1.7989417989418,-2.5396825396825418,,
2026-08-14,7537,stop,True,1920.0,-2.760416666666665,,,,0.2083333333333437,-4.062500000000002,,
2026-08-14,3765,market,True,2451.0,-1.2239902080783405,,,,0.1223990208078396,-2.0807833537331732,,
2026-08-14,3765,limit,True,2448.0,-1.1029411764705843,,,,0.2450980392156854,-1.9607843137254943,,
2026-08-14,3765,stop,True,2452.896,-1.300340495479635,,,,0.045008023169335054,-2.156471370983526,,
2026-08-14,3762,market,True,2340.0,-1.2820512820512775,,,,0.6837606837606813,-2.863247863247864,,
2026-08-14,3762,limit,True,2340.0,-1.2820512820512775,,,,0.6837606837606813,-2.863247863247864,,
2026-08-14,3762,stop,False,,,,,,,,-0.9667927700714563,-4.455653635981505
2026-08-14,3668,market,True,416.0,-0.24038461538461453,,,,0.9615384615384581,-1.4423076923076872,,
2026-08-14,3668,limit,True,416.0,-0.24038461538461453,,,,0.9615384615384581,-1.4423076923076872,,
2026-08-14,3668,stop,True,419.838,-1.1523492394685642,,,,0.03858631186313133,-2.3432847908002707,,
2026-08-14,3659,market,True,3349.0,-9.077336518363687,,,,0.0,-12.003583159151987,,
2026-08-14,3659,limit,True,3022.0,-0.6618133686300487,,,,1.588352084712108,-2.481800132362677,,
2026-08-14,3659,stop,True,3051.0,-1.6060308095706355,,,,0.6227466404457482,-3.4087184529662418,,
2026-08-14,3632,market,True,429.0,0.0,,,,0.2331002331002363,-1.8648018648018683,,
2026-08-14,3632,limit,True,429.0,0.0,,,,0.2331002331002363,-1.8648018648018683,,
2026-08-14,3632,stop,True,429.858,-0.1996007984031989,,,,0.03303416477069554,-2.0606805037942766,,
2026-08-14,6905,market,True,1392.0,0.21551724137931494,,,,1.0057471264367734,-2.083333333333337,,
2026-08-14,6905,limit,True,1392.0,0.21551724137931494,,,,1.0057471264367734,-2.083333333333337,,
2026-08-14,6905,stop,True,1399.794,-0.3424789647619608,,,,0.44335095021124094,-2.6285296265021962,,
2026-08-14,4043,market,True,4300.0,-0.6976744186046546,,,,2.2558139534883725,-2.4418604651162745,,
2026-08-14,4043,limit,True,4244.0,-1.1545711592836905,,,,3.6050895381715353,-1.1545711592836905,,
2026-08-14,4043,stop,True,4300.0,-0.6976744186046546,,,,2.2558139534883725,-2.4418604651162745,,
2026-08-14,1961,market,True,2509.0,0.7174172977281845,,,,3.029095257074532,-2.1522518931845314,,
2026-08-14,1961,limit,False,,,,,,,,5.899221630479312,0.5735354362965905
2026-08-14,1961,stop,True,2509.0,0.7174172977281845,,,,3.029095257074532,-2.1522518931845314,,
2026-08-14,3863,market,True,1405.0,-4.768683274021357,,,,0.782918149466183,-5.053380782918149,,
2026-08-14,3863,limit,True,1405.0,-4.768683274021357,,,,0.782918149466183,-5.053380782918149,,
2026-08-14,3863,stop,False,,,,,,,,-0.28169014084507005,-6.056338028169018
2026-08-14,7241,market,True,1099.0,-0.18198362147406888,,,,1.364877161055511,-0.45495905368516665,,
2026-08-14,7241,limit,True,1094.0,0.2742230347349217,,,,1.8281535648994485,0.0,,
2026-08-14,7241,stop,True,1099.0,-0.18198362147406888,,,,1.364877161055511,-0.45495905368516665,,
2026-08-14,7184,market,True,3320.0,-1.957831325301207,,,,1.5060240963855387,-2.259036144578308,,
2026-08-14,7184,limit,True,3310.0,-1.6616314199395799,,,,1.812688821752273,-1.963746223564955,,
2026-08-14,7184,stop,True,3320.0,-1.957831325301207,,,,1.5060240963855387,-2.259036144578308,,
2026-08-14,7164,market,True,3135.0,0.12759170653906526,,,,0.6698564593301537,-0.9250398724082953,,
2026-08-14,7164,limit,True,3131.0,0.2555094219099274,,,,0.7984669434685454,-0.7984669434685454,,
2026-08-14,7164,stop,True,3137.262,0.05539862466059642,,,,0.5972723986712003,-0.996473995477587,,
2026-08-14,2222,market,True,2725.0,-0.7706422018348591,,,,0.3669724770642091,-3.431192660550464,,
2026-08-14,2222,limit,True,2725.0,-0.7706422018348591,,,,0.3669724770642091,-3.431192660550464,,
2026-08-14,2222,stop,False,,,,,,,,-0.4005826656955591,-4.1697013838310255
2026-08-14,9793,market,True,3855.0,-0.12970168612191912,,,,1.1673151750972721,-1.1673151750972721,,
2026-08-14,9793,limit,True,3855.0,-0.12970168612191912,,,,1.1673151750972721,-1.1673151750972721,,
2026-08-14,9793,stop,True,3862.71,-0.32904359892407253,,,,0.9653844062847083,-1.364586003091095,,
2026-08-14,9759,market,True,2820.0,-1.7021276595744705,,,,0.514184397163131,-1.7375886524822692,,
2026-08-14,9759,limit,True,2820.0,-1.7021276595744705,,,,0.514184397163131,-1.7375886524822692,,
2026-08-14,9759,stop,False,,,,,,,,0.017642907551174147,-2.2230063514467213
2026-08-14,9743,market,True,1452.0,1.8595041322314154,,,,2.6170798898071723,-0.13774104683195176,,
2026-08-14,9743,limit,True,1452.0,1.8595041322314154,,,,2.6170798898071723,-0.13774104683195176,,
2026-08-14,9743,stop,True,1464.924,0.9608689597549125,,,,1.7117611562101454,-1.0187559218089115,,
2026-08-14,1719,market,True,1899.0,0.21063717746181432,,,,0.8952080042127442,-0.6319115323854652,,
2026-08-14,1719,limit,True,1890.0,0.6349206349206327,,,,1.2169312169312274,-0.15873015873015817,,
2026-08-14,1719,stop,True,1899.0,0.21063717746181432,,,,0.8952080042127442,-0.6319115323854652,,
2026-08-14,9956,market,True,3250.0,-1.2307692307692353,,,,0.15384615384614886,-2.4615384615384595,,
2026-08-14,9956,limit,True,3205.0,0.7800312012480548,,,,0.7800312012480548,-1.0920436817472678,,
2026-08-14,9956,stop,True,3250.0,-1.2307692307692353,,,,0.15384615384614886,-2.4615384615384595,,
2026-08-14,6838,market,True,1568.0,1.1479591836734748,,,,1.5306122448979664,-4.01785714285714,,
2026-08-14,6838,limit,True,1568.0,1.1479591836734748,,,,1.5306122448979664,-4.01785714285714,,
2026-08-14,6838,stop,True,1571.136,0.9460670495743173,,,,1.3279563322335042,-4.2094382663244945,,
2026-08-14,5027,market,True,693.0,4.329004329004338,,,,12.554112554112562,-1.8759018759018753,,
2026-08-14,5027,limit,False,,,,,,,,25.20064205457464,9.14927768860354
2026-08-14,5027,stop,False,,,,,,,,25.20064205457464,9.14927768860354
2026-08-14,4023,market,True,4485.0,0.6688963210702337,,,,2.341137123745818,-0.4459308807134854,,
2026-08-14,4023,limit,True,4485.0,0.6688963210702337,,,,2.341137123745818,-0.4459308807134854,,
2026-08-14,4023,stop,True,4509.0,0.13306719893546592,,,,1.7964071856287456,-0.9758261255267242,,
2026-08-14,3836,market,True,1178.0,-1.358234295415961,,,,0.8488964346349714,-2.376910016977929,,
2026-08-14,3836,limit,True,1177.0,-1.274426508071369,,,,0.9345794392523255,-2.2939677145284665,,
2026-08-14,3836,stop,True,1179.354,-1.4714835409893934,,,,0.7331132128266749,-2.4889897350583445,,
2026-08-14,7224,market,True,2015.0,0.3970223325062028,,,,1.3399503722084427,-0.2481389578163795,,
2026-08-14,7224,limit,True,2015.0,0.3970223325062028,,,,1.3399503722084427,-0.2481389578163795,,
2026-08-14,7224,stop,True,2019.03,0.19662907435749055,,,,1.1376750221641085,-0.4472444688786159,,
2026-08-14,6999,market,True,2606.0,-1.2279355333844943,,,,1.4965464313123622,-6.178050652340749,,
2026-08-14,6999,limit,True,2530.0,1.7391304347825987,,,,4.545454545454541,-3.359683794466406,,
2026-08-14,6999,stop,True,2606.0,-1.2279355333844943,,,,1.4965464313123622,-6.178050652340749,,
2026-08-14,7719,market,True,439.0,3.6446469248291535,,,,6.378132118451019,0.0,,
2026-08-14,7719,limit,True,439.0,3.6446469248291535,,,,6.378132118451019,0.0,,
2026-08-14,7719,stop,True,439.878,3.4377713820650246,,,,6.165800517416198,-0.19960079840318778,,
2026-08-14,3391,market,True,2400.0,-1.2083333333333335,,,,0.06250000000000977,-2.8124999999999956,,
2026-08-14,3391,limit,True,2400.0,-1.2083333333333335,,,,0.06250000000000977,-2.8124999999999956,,
2026-08-14,3391,stop,False,,,,,,,,-0.12476606363068798,-2.9943855271366226
2026-08-14,3186,market,True,3615.0,0.2766251728907321,,,,1.2448132780082943,-0.9681881051175623,,
2026-08-14,3186,limit,True,3610.0,0.41551246537396835,,,,1.3850415512465464,-0.8310249307479256,,
2026-08-14,3186,stop,True,3617.22,0.21508230077242896,,,,1.1826761988488421,-1.0289669967544102,,
2026-08-14,6800,market,True,4200.0,5.833333333333335,,,,8.452380952380945,-1.1904761904761862,,
2026-08-14,6800,limit,True,4200.0,5.833333333333335,,,,8.452380952380945,-1.1904761904761862,,
2026-08-14,6800,stop,True,4213.41,5.496498085873447,,,,8.107210074500237,-1.504956792716583,,
2026-08-14,4118,market,True,6300.0,-0.3650793650793682,,,,1.3809523809523716,-1.5873015873015928,,
2026-08-14,4118,limit,True,6300.0,-0.3650793650793682,,,,1.3809523809523716,-1.5873015873015928,,
2026-08-14,4118,stop,True,6357.69,-1.2691716645511164,,,,0.46101650127641225,-2.4803033806303776,,
2026-08-14,7988,market,True,5118.0,-1.2700273544353213,,,,0.5666275889019134,-1.875732708089095,,
2026-08-14,7988,limit,True,5112.0,-1.154147104851333,,,,0.6846635367762088,-1.7605633802816878,,
2026-08-14,7988,stop,True,5122.224,-1.3514442164184959,,,,0.4836961444872445,-1.956650080121447,,
2026-08-14,2395,market,True,1472.0,-0.33967391304348116,,,,1.4266304347826164,-2.445652173913049,,
2026-08-14,2395,limit,True,1472.0,-0.33967391304348116,,,,1.4266304347826164,-2.445652173913049,,
2026-08-14,2395,stop,True,1487.97,-1.4093026069074033,,,,0.33804444982088455,-3.492677943775746,,
2026-08-14,9069,market,True,2310.0,0.0,,,,1.904761904761898,-0.8874458874458924,,
2026-08-14,9069,limit,True,2305.0,0.2169197396963085,,,,2.1258134490238723,-0.6724511930585653,,
2026-08-14,9069,stop,True,2310.0,0.0,,,,1.904761904761898,-0.8874458874458924,,
2026-08-14,6194,market,True,877.0,3.6488027366020415,,,,4.104903078677302,-1.2542759407069504,,
2026-08-14,6194,limit,True,877.0,3.6488027366020415,,,,4.104903078677302,-1.2542759407069504,,
2026-08-14,6194,stop,True,892.782,1.8165688824371307,,,,2.264606589290552,-2.9998364662370047,,
2026-08-14,4617,market,True,3660.0,0.0,,,,2.049180327868849,-2.1857923497267784,,
2026-08-14,4617,limit,True,3640.0,-1.3736263736263687,,,,1.3736263736263687,-1.6483516483516536,,
2026-08-14,4617,stop,True,3660.0,0.0,,,,2.049180327868849,-2.1857923497267784,,
2026-08-14,8697,market,True,2230.0,-0.3811659192825112,,,,0.1345291479820654,-2.085201793721969,,
2026-08-14,8697,limit,True,2230.0,-0.3811659192825112,,,,0.1345291479820654,-2.085201793721969,,
2026-08-14,8697,stop,False,,,,,,,,-0.4901960784313708,-2.6960784313725505
2026-08-14,8601,market,True,1789.0,-0.5869200670765795,,,,0.22358859698154987,-1.0061486864169966,,
2026-08-14,8601,limit,True,1789.0,-0.5869200670765795,,,,0.22358859698154987,-1.0061486864169966,,
2026-08-14,8601,stop,False,,,,,,,,-0.4441976679622428,-1.6657412548584105
2026-08-14,4716,market,True,9422.0,-2.780725960517938,,,,0.7323285926554846,-4.3727446402037735,,
2026-08-14,4716,limit,True,9422.0,-2.780725960517938,,,,0.7323285926554846,-4.3727446402037735,,
2026-08-14,4716,stop,False,,,,,,,,-0.47189597315435705,-5.515939597315434
2026-08-14,4816,market,True,2847.0,-1.1942395504039305,,,,0.7024938531787761,-2.212855637513167,,
2026-08-14,4816,limit,True,2828.0,-0.5304101838755293,,,,1.379066478076374,-1.555869872701554,,
2026-08-14,4816,stop,True,2847.0,-1.1942395504039305,,,,0.7024938531787761,-2.212855637513167,,
2026-08-14,6217,market,True,830.0,11.807228915662659,,,,15.180722891566267,0.0,,
2026-08-14,6217,limit,False,,,,,,,,15.458937198067634,0.24154589371980784
2026-08-14,6217,stop,True,830.0,11.807228915662659,,,,15.180722891566267,0.0,,
2026-08-14,6666,market,True,826.0,2.5423728813559254,,,,5.205811138014527,-1.4527845036319653,,
2026-08-14,6666,limit,False,,,,,,,,7.151664611590625,0.36991368680641123
2026-08-14,6666,stop,True,826.0,2.5423728813559254,,,,5.205811138014527,-1.4527845036319653,,
2026-08-14,3465,market,True,3830.0,1.8276762402088753,,,,3.1331592689294974,-1.0443864229765065,,
2026-08-14,3465,limit,True,3830.0,1.8276762402088753,,,,3.1331592689294974,-1.0443864229765065,,
2026-08-14,3465,stop,True,3907.8,-0.1996007984031989,,,,1.079891499053165,-3.014483852807215,,
2026-08-14,3558,market,True,1771.0,-0.903444381705254,,,,0.39525691699604515,-1.5245623941276154,,
2026-08-14,3558,limit,True,1759.0,-0.22740193291642674,,,,1.0801591813530464,-0.8527572484366086,,
2026-08-14,3558,stop,True,1771.0,-0.903444381705254,,,,0.39525691699604515,-1.5245623941276154,,
2026-08-14,7564,market,True,6190.0,0.1615508885298933,,,,2.5848142164781818,-1.1308562197092087,,
2026-08-14,7564,limit,True,6150.0,0.8130081300812941,,,,3.2520325203251987,-0.4878048780487809,,
2026-08-14,7564,stop,True,6190.0,0.1615508885298933,,,,2.5848142164781818,-1.1308562197092087,,
2026-08-14,9983,market,True,77130.0,-0.4019188383249106,,,,0.2204071048878431,-2.943083106443667,,
2026-08-14,9983,limit,True,77120.0,-0.389004149377592,,,,0.2334024896265552,-2.930497925311204,,
2026-08-14,9983,stop,True,77274.24,-0.5878284923928168,,,,0.033335817990565175,-3.124249426458292,,
2026-08-14,6674,market,True,5687.0,-0.10550378055214082,,,,1.4418850008792061,-2.954105855459821,,
2026-08-14,6674,limit,True,5653.0,0.4953122235980878,,,,2.052007783477805,-2.3704227843622805,,
2026-08-14,6674,stop,True,5687.0,-0.10550378055214082,,,,1.4418850008792061,-2.954105855459821,,
2026-08-14,6525,market,True,9288.0,0.19379844961240345,,,,2.8639104220499645,-7.428940568475451,,
2026-08-14,6525,limit,True,9187.0,1.295308588222488,,,,3.9947752258626235,-6.411233264395344,,
2026-08-14,6525,stop,True,9288.0,0.19379844961240345,,,,2.8639104220499645,-7.428940568475451,,
2026-08-14,8585,market,True,869.0,-1.9562715765247374,,,,0.0,-2.0713463751438455,,
2026-08-14,8585,limit,True,869.0,-1.9562715765247374,,,,0.0,-2.0713463751438455,,
2026-08-14,8585,stop,False,,,,,,,,-0.5720823798627039,-2.631578947368418
2026-08-14,5240,market,True,198.0,6.565656565656575,,,,11.111111111111116,-2.020202020202022,,
2026-08-14,5240,limit,True,198.0,6.565656565656575,,,,11.111111111111116,-2.020202020202022,,
2026-08-14,5240,stop,True,206.412,2.222738988043327,,,,6.582950603647064,-6.013216285874856,,
2026-08-14,4042,market,True,2751.0,-0.6543075245365348,,,,0.30897855325335843,-1.7084696474009453,,
2026-08-14,4042,limit,True,2750.0,-0.6181818181818177,,,,0.3454545454545377,-1.6727272727272702,,
2026-08-14,4042,stop,True,2755.5,-0.8165487207403399,,,,0.1451642170205103,-1.8689892941389896,,
2026-08-14,6971,market,True,3950.0,-1.9746835443038013,,,,0.05063291139240089,-4.886075949367086,,
2026-08-14,6971,limit,True,3908.0,-0.92118730808598,,,,1.1258955987717423,-3.8638689866939635,,
2026-08-14,6971,stop,True,3950.0,-1.9746835443038013,,,,0.05063291139240089,-4.886075949367086,,
2026-08-14,6981,market,True,8240.0,0.6067961165048485,,,,1.5048543689320404,-9.466019417475724,,
2026-08-14,6981,limit,True,8235.0,0.6678809957498588,,,,1.5664845173041897,-9.41105039465695,,
2026-08-14,6981,stop,True,8251.47,0.4669471015467552,,,,1.3637570032976054,-9.591866661334281,,
2026-08-14,4062,market,True,20785.0,3.8248737070002425,,,,7.433245128698585,-1.5636276160692852,,
2026-08-14,4062,limit,True,20785.0,3.8248737070002425,,,,7.433245128698585,-1.5636276160692852,,
2026-08-14,4062,stop,True,20826.57,3.617638430139958,,,,7.218807513671233,-1.7601074012667417,,
2026-08-14,9511,market,True,1111.0,2.7902790279027867,,,,3.8703870387038597,-0.5400540054005365,,
2026-08-14,9511,limit,True,1111.0,2.7902790279027867,,,,3.8703870387038597,-0.5400540054005365,,
2026-08-14,9511,stop,True,1117.23,2.2170904827117033,,,,3.2911754965405438,-1.0946716432605696,,
2026-08-14,7167,market,True,1689.0,-1.0657193605683846,,,,1.3025458851391392,-1.4801657785671996,,
2026-08-14,7167,limit,False,,,,,,,,3.165511003919197,0.33162496231533556
2026-08-14,7167,stop,True,1689.0,-1.0657193605683846,,,,1.3025458851391392,-1.4801657785671996,,
2026-08-14,3825,market,True,216.0,-3.240740740740744,,,,4.166666666666674,-4.1666666666666625,,
2026-08-14,3825,limit,True,216.0,-3.240740740740744,,,,4.166666666666674,-4.1666666666666625,,
2026-08-14,3825,stop,True,220.44,-5.189620758483038,,,,2.0685900925421885,-6.096897114861188,,
2026-08-14,7220,market,True,3625.0,1.6551724137930934,,,,5.517241379310356,-1.7931034482758568,,
2026-08-14,7220,limit,True,3625.0,1.6551724137930934,,,,5.517241379310356,-1.7931034482758568,,
2026-08-14,7220,stop,True,3632.25,1.452267878037028,,,,5.3066281230642165,-1.989125197880104,,
2026-08-14,3853,market,True,1182.0,-2.4534686971235176,,,,1.6074450084602399,-3.130287648054142,,
2026-08-14,3853,limit,True,1174.0,-1.7887563884156688,,,,2.2998296422487297,-2.470187393526402,,
2026-08-14,3853,stop,True,1182.0,-2.4534686971235176,,,,1.6074450084602399,-3.130287648054142,,
2026-08-14,7186,market,True,1930.0,-0.9844559585492241,,,,2.0725388601036343,-1.2435233160621784,,
2026-08-14,7186,limit,True,1930.0,-0.9844559585492241,,,,2.0725388601036343,-1.2435233160621784,,
2026-08-14,7186,stop,True,1938.369,-1.4119602614362847,,,,1.6318358372425568,-1.669909083358223,,
2026-08-14,1377,market,True,4385.0,-0.11402508551880963,,,,1.9384264538198304,-0.5701254275940704,,
2026-08-14,1377,limit,True,4365.0,0.3436426116838476,,,,2.405498281786933,-0.11454753722794919,,
2026-08-14,1377,stop,True,4385.0,-0.11402508551880963,,,,1.9384264538198304,-0.5701254275940704,,
2026-08-14,5889,market,True,2580.0,-1.7054263565891459,,,,0.03875968992248513,-3.953488372093028,,
2026-08-14,5889,limit,True,2580.0,-1.7054263565891459,,,,0.03875968992248513,-3.953488372093028,,
2026-08-14,5889,stop,False,,,,,,,,-1.0352760736196287,-4.984662576687116
2026-08-14,5838,market,True,6199.0,0.33876431682529073,,,,4.629778996612366,-1.3227939990321014,,
2026-08-14,5838,limit,False,,,,,,,,7.082714214957897,0.9905894006934091
2026-08-14,5838,stop,True,6199.0,0.33876431682529073,,,,4.629778996612366,-1.3227939990321014,,
2026-08-14,6027,market,True,3540.0,-5.0847457627118615,,,,12.994350282485879,-5.649717514124298,,
2026-08-14,6027,limit,True,3540.0,-5.0847457627118615,,,,12.994350282485879,-5.649717514124298,,
2026-08-14,6027,stop,True,3757.5,-0.46573519627411963,,,,6.45375914836992,-8.050565535595478,,
2026-08-14,6327,market,True,3710.0,7.4123989218328745,,,,10.78167115902966,-0.26954177897574594,,
2026-08-14,6327,limit,False,,,,,,,,14.804469273743015,3.3519553072625774
2026-08-14,6327,stop,False,,,,,,,,14.804469273743015,3.3519553072625774
2026-08-14,8418,market,True,3235.0,-1.607418856259657,,,,0.8346213292117488,-1.607418856259657,,
2026-08-14,8418,limit,True,3202.0,-0.5933791380387299,,,,1.873828856964388,-0.5933791380387299,,
2026-08-14,8418,stop,True,3235.0,-1.607418856259657,,,,0.8346213292117488,-1.607418856259657,,
2026-08-14,2975,market,True,1587.0,1.953371140516702,,,,2.394454946439817,-0.5671077504725952,,
2026-08-14,2975,limit,True,1585.0,2.0820189274447953,,,,2.5236593059936974,-0.44164037854889093,,
2026-08-14,2975,stop,True,1588.17,1.8782624026395078,,,,2.3190212634667473,-0.6403596592304384,,
2026-08-14,8411,market,True,8649.0,-1.3758816048098033,,,,0.4277951208232267,-2.508960573476704,,
2026-08-14,8411,limit,True,8620.0,-1.044083526682138,,,,0.7656612529002293,-2.180974477958242,,
2026-08-14,8411,stop,True,8649.0,-1.3758816048098033,,,,0.4277951208232267,-2.508960573476704,,
2026-08-14,7777,market,True,376.0,2.659574468085113,,,,3.4574468085106336,-0.7978723404255317,,
2026-08-14,7777,limit,False,,,,,,,,4.851752021563338,0.5390835579514919
2026-08-14,7777,stop,True,376.0,2.659574468085113,,,,3.4574468085106336,-0.7978723404255317,,
2026-08-14,6834,market,True,25190.0,9.567288606589909,,,,12.147677649861066,-0.516077808654225,,
2026-08-14,6834,limit,False,,,,,,,,14.837398373983746,1.869918699187001
2026-08-14,6834,stop,True,25190.0,9.567288606589909,,,,12.147677649861066,-0.516077808654225,,
2026-08-14,7779,market,True,258.0,-6.2015503875969,,,,0.3875968992248069,-7.36434108527132,,
2026-08-14,7779,limit,True,256.0,-5.46875,,,,1.171875,-6.640625,,
2026-08-14,7779,stop,True,258.0,-6.2015503875969,,,,0.3875968992248069,-7.36434108527132,,
2026-08-14,6965,market,True,2575.0,1.4174757281553374,,,,2.776699029126206,-2.2718446601941777,,
2026-08-14,6965,limit,True,2562.0,1.9320843091334972,,,,3.2982045277127225,-1.7759562841530019,,
2026-08-14,6965,stop,True,2575.0,1.4174757281553374,,,,2.776699029126206,-2.2718446601941777,,
2026-08-14,6890,market,True,9600.0,1.5625,,,,7.291666666666674,-3.020833333333328,,
2026-08-14,6890,limit,False,,,,,,,,13.06256860592756,2.1953896816685026
2026-08-14,6890,stop,False,,,,,,,,13.06256860592756,2.1953896816685026
2026-08-14,6951,market,True,7692.0,-3.471138845553823,,,,0.455018200728019,-6.344253770150809,,
2026-08-14,6951,limit,True,7692.0,-3.471138845553823,,,,0.455018200728019,-6.344253770150809,,
2026-08-14,6951,stop,False,,,,,,,,-12.659658641347349,-18.5712670961908
2026-08-14,6963,market,True,5081.0,3.1096240897461103,,,,5.786262546742771,-2.2239716591222147,,
2026-08-14,6963,limit,True,5016.0,4.445773524720886,,,,7.15709728867624,-0.9569377990430672,,
2026-08-14,6963,stop,True,5081.0,3.1096240897461103,,,,5.786262546742771,-2.2239716591222147,,
2026-08-14,6962,market,True,830.0,-1.8072289156626509,,,,1.2048192771084265,-3.0120481927710885,,
2026-08-14,6962,limit,True,813.0,0.24600246002459691,,,,3.3210332103321027,-0.9840098400983988,,
2026-08-14,6962,stop,True,830.0,-1.8072289156626509,,,,1.2048192771084265,-3.0120481927710885,,
2026-08-14,3565,market,True,456.0,-0.8771929824561431,,,,1.0964912280701844,-4.385964912280704,,
2026-08-14,3565,limit,True,456.0,-0.8771929824561431,,,,1.0964912280701844,-4.385964912280704,,
2026-08-14,3565,stop,False,,,,,,,,0.0,-5.422993492407812
2026-08-14,3994,market,True,6401.0,-6.26464614903921,,,,0.2968286205280446,-11.888767380096866,,
2026-08-14,3994,limit,True,6401.0,-6.26464614903921,,,,0.2968286205280446,-11.888767380096866,,
2026-08-14,3994,stop,False,,,,,,,,-0.9106343571538833,-12.949529248340797
2026-08-14,3687,market,True,2275.0,2.065934065934072,,,,2.6813186813186896,-2.197802197802201,,
2026-08-14,3687,limit,True,2275.0,2.065934065934072,,,,2.6813186813186896,-2.197802197802201,,
2026-08-14,3687,stop,True,2289.57,1.416423171163128,,,,2.0278917001882446,-2.8201802085107808,,
2026-08-14,7685,market,True,3195.0,6.416275430359941,,,,7.9812206572769995,-1.8779342723004744,,
2026-08-14,7685,limit,True,3165.0,7.424960505529232,,,,9.004739336492884,-0.9478672985781977,,
2026-08-14,7685,stop,True,3195.0,6.416275430359941,,,,7.9812206572769995,-1.8779342723004744,,
2026-08-14,7717,market,True,5840.0,4.109589041095885,,,,7.02054794520548,-2.2260273972602773,,
2026-08-14,7717,limit,True,5810.0,4.647160068846823,,,,7.5731497418244365,-1.721170395869187,,
2026-08-14,7717,stop,True,5840.0,4.109589041095885,,,,7.02054794520548,-2.2260273972602773,,
2026-08-14,7729,market,True,18920.0,1.84989429175475,,,,3.4355179704016914,-1.7970401691331905,,
2026-08-14,7729,limit,True,18920.0,1.84989429175475,,,,3.4355179704016914,-1.7970401691331905,,
2026-08-14,7729,stop,True,19183.29,0.4520079715210512,,,,2.0158690193392115,-3.1448724384607663,,
2026-08-14,7725,market,True,1980.0,-1.9696969696969657,,,,0.3030303030302939,-6.313131313131315,,
2026-08-14,7725,limit,True,1980.0,-1.9696969696969657,,,,0.3030303030302939,-6.313131313131315,,
2026-08-14,7725,stop,False,,,,,,,,0.0,-6.596173212487411
2026-08-14,6996,market,True,2965.0,1.180438448566612,,,,6.2394603709949426,-3.541315345699836,,
2026-08-14,6996,limit,True,2965.0,1.180438448566612,,,,6.2394603709949426,-3.541315345699836,,
2026-08-14,6996,stop,True,2983.956,0.5376754885125568,,,,5.564559262938196,-4.154082700951356,,
2026-08-14,7280,market,True,1257.0,2.2275258552108212,,,,4.7732696897374804,-0.39777247414478634,,
2026-08-14,7280,limit,True,1256.0,2.3089171974522316,,,,4.856687898089174,-0.31847133757961776,,
2026-08-14,7280,stop,True,1258.512,2.1047077818884485,,,,4.647393111865439,-0.5174364646503116,,
2026-08-14,4188,market,True,1209.5,-1.281521289789167,,,,0.8267879288962332,-2.7284001653575807,,
2026-08-14,4188,limit,True,1208.5,-1.1998345055854398,,,,0.9102192800992892,-2.6479106330161373,,
2026-08-14,4188,stop,True,1210.917,-1.3970404247359625,,,,0.7088016767458072,-2.8422261806548166,,
2026-08-14,7744,market,True,2132.0,-2.814258911819889,,,,0.8911819887429617,-4.221388367729828,,
2026-08-14,7744,limit,True,2132.0,-2.814258911819889,,,,0.8911819887429617,-4.221388367729828,,
2026-08-14,7744,stop,False,,,,,,,,-0.784132841328411,-5.811808118081185
2026-08-14,7747,market,True,4084.0,0.4652301665034386,,,,4.848188050930458,-4.774730656219395,,
2026-08-14,7747,limit,False,,,,,,,,10.531750129065575,0.3871966959215323
2026-08-14,7747,stop,False,,,,,,,,10.531750129065575,0.3871966959215323
2026-08-14,6882,market,True,1222.0,2.9459901800327426,,,,4.582651391162029,0.0,,
2026-08-14,6882,limit,True,1222.0,2.9459901800327426,,,,4.582651391162029,0.0,,
2026-08-14,6882,stop,True,1224.444,2.7405091617093147,,,,4.373903583994054,-0.19960079840318778,,
2026-08-14,6862,market,True,3665.0,7.094133697135052,,,,15.416098226466568,-0.9549795361528002,,
2026-08-14,6862,limit,True,3665.0,7.094133697135052,,,,15.416098226466568,-0.9549795361528002,,
2026-08-14,6862,stop,True,3807.6,3.0833070700703846,,,,11.09360226914593,-4.664355499527262,,
2026-08-14,9692,market,True,2350.0,0.0,,,,1.3617021276595809,-0.9787234042553217,,
2026-08-14,9692,limit,True,2350.0,0.0,,,,1.3617021276595809,-0.9787234042553217,,
2026-08-14,9692,stop,False,,,,,,,,-1.1618257261410747,-3.4439834024896254
2026-08-14,2160,market,True,2944.0,-9.20516304347826,,,,1.4605978260869623,-9.578804347826086,,
2026-08-14,2160,limit,True,2935.0,-8.926746166950593,,,,1.771720613287897,-9.301533219761504,,
2026-08-14,2160,stop,True,2944.0,-9.20516304347826,,,,1.4605978260869623,-9.578804347826086,,
2026-08-14,1945,market,True,2040.0,2.303921568627443,,,,4.803921568627456,-0.2450980392156854,,
2026-08-14,1945,limit,False,,,,,,,,5.528134254689032,0.44422507403751865
2026-08-14,1945,stop,True,2040.0,2.303921568627443,,,,4.803921568627456,-0.2450980392156854,,
2026-08-14,7059,market,True,921.0,1.3029315960912058,,,,1.9543973941368087,-2.1715526601520097,,
2026-08-14,7059,limit,True,921.0,1.3029315960912058,,,,1.9543973941368087,-2.1715526601520097,,
2026-08-14,7059,stop,True,924.846,0.8816602980388,,,,1.5304169559040126,-2.578375210575601,,
2026-08-14,1946,market,True,2106.0,2.8964862298195726,,,,3.038936372269707,0.0,,
2026-08-14,1946,limit,False,,,,,,,,3.2350142721217834,0.19029495718363432
2026-08-14,1946,stop,True,2106.204,2.88652001420564,,,,3.028956359402968,-0.009685671473425028,,
2026-08-14,6521,market,True,3380.0,0.0,,,,3.2544378698224907,-2.3668639053254448,,
2026-08-14,6521,limit,True,3380.0,0.0,,,,3.2544378698224907,-2.3668639053254448,,
2026-08-14,6521,stop,True,3406.8,-0.7866619701772937,,,,2.4421744745802387,-3.134906657273695,,
2026-08-14,6592,market,True,1780.0,0.3370786516853963,,,,2.499999999999991,-1.54494382022472,,
2026-08-14,6592,limit,False,,,,,,,,4.7359357060849705,0.6027554535017243
2026-08-14,6592,stop,True,1780.0,0.3370786516853963,,,,2.499999999999991,-1.54494382022472,,
2026-08-14,6613,market,True,1830.0,13.825136612021849,,,,25.628415300546447,0.0,,
2026-08-14,6613,limit,False,,,,,,,,27.297895902547076,1.3289036544850585
2026-08-14,6613,stop,True,1830.0,13.825136612021849,,,,25.628415300546447,0.0,,
2026-08-14,8338,market,True,751.0,2.3968042609853635,,,,6.391478029294273,-0.665778961384822,,
2026-08-14,8338,limit,True,751.0,2.3968042609853635,,,,6.391478029294273,-0.665778961384822,,
2026-08-14,8338,stop,True,756.51,1.6510026305005976,,,,5.616581406722987,-1.3892744312699046,,
2026-08-14,8316,market,True,6988.0,-1.0017172295363475,,,,0.5294791070406424,-1.287922152261023,,
2026-08-14,8316,limit,True,6969.0,-0.731812311665947,,,,0.8035586167312481,-1.018797531927107,,
2026-08-14,8316,stop,True,6988.0,-1.0017172295363475,,,,0.5294791070406424,-1.287922152261023,,
2026-08-14,8337,market,True,2810.0,-1.3167259786476815,,,,1.6014234875444844,-1.708185053380784,,
2026-08-14,8337,limit,True,2810.0,-1.3167259786476815,,,,1.6014234875444844,-1.708185053380784,,
2026-08-14,8337,stop,True,2820.63,-1.688629845105527,,,,1.218522103218067,-2.0786136430513746,,
2026-08-14,8331,market,True,2845.0,-0.05272407732864748,,,,1.6695957820738183,-0.7557117750439324,,
2026-08-14,8331,limit,True,2828.5,0.5303164221318823,,,,2.2626834010959884,-0.17677214071062375,,
2026-08-14,8331,stop,True,2845.0,-0.05272407732864748,,,,1.6695957820738183,-0.7557117750439324,,
2026-08-14,8253,market,True,4710.0,-0.10615711252653925,,,,0.4670912951167727,-3.0785562632696384,,
2026-08-14,8253,limit,True,4710.0,-0.10615711252653925,,,,0.4670912951167727,-3.0785562632696384,,
2026-08-14,8253,stop,False,,,,,,,,-0.06335797254487519,-3.5902851108764566
2026-08-14,8308,market,True,2530.0,-1.91699604743083,,,,0.8893280632411127,-2.3122529644268752,,
2026-08-14,8308,limit,False,,,,,,,,4.013854930725347,0.7131214343928383
2026-08-14,8308,stop,True,2530.0,-1.91699604743083,,,,0.8893280632411127,-2.3122529644268752,,
2026-08-14,6516,market,True,5870.0,2.555366269165238,,,,4.258943781942071,-1.0221465076660996,,
2026-08-14,6516,limit,True,5870.0,2.555366269165238,,,,4.258943781942071,-1.0221465076660996,,
2026-08-14,6516,stop,True,5911.8,1.8302378294258848,,,,3.5217700192834656,-1.7219797692750172,,
2026-08-14,8233,market,True,2305.0,-2.6030368763557465,,,,0.0,-3.3622559652928374,,
2026-08-14,8233,limit,True,2300.0,-2.3913043478260843,,,,0.21739130434783593,-3.1521739130434767,,
2026-08-14,8233,stop,True,2305.0,-2.6030368763557465,,,,0.0,-3.3622559652928374,,
2026-08-14,8381,market,True,2635.0,0.15180265654648473,,,,2.390891840607212,-0.49335863377608646,,
2026-08-14,8381,limit,True,2631.0,0.3040668947168479,,,,2.546560243253526,-0.34207525655644,,
2026-08-14,8381,stop,True,2636.262,0.10385917636410724,,,,2.341876490272954,-0.5409932700164211,,
2026-08-14,4425,market,True,1674.0,1.3739545997610403,,,,3.046594982078843,-3.7634408602150504,,
2026-08-14,4425,limit,True,1672.0,1.4952153110047828,,,,3.169856459330145,-3.6483253588516784,,
2026-08-14,4425,stop,True,1675.344,1.2926300509029653,,,,2.963928602125887,-3.840644070710253,,
2026-08-14,4403,market,True,2746.5,0.5097396686692068,,,,1.2015292190060034,-0.6735845621700376,,
2026-08-14,4403,limit,True,2730.0,1.1172161172161132,,,,1.8131868131868067,-0.073260073260073,,
2026-08-14,4403,stop,True,2746.5,0.5097396686692068,,,,1.2015292190060034,-0.6735845621700376,,
2026-08-14,6616,market,True,2075.0,4.048192771084347,,,,4.385542168674705,-1.4939759036144529,,
2026-08-14,6616,limit,True,2075.0,4.048192771084347,,,,4.385542168674705,-1.4939759036144529,,
2026-08-14,6616,stop,True,2079.15,3.840511747589148,,,,4.17718779308851,-1.6905947141860889,,
2026-08-14,8031,market,True,4860.0,-1.3168724279835398,,,,0.8847736625514413,-1.9341563786008265,,
2026-08-14,8031,limit,True,4825.0,-0.6010362694300553,,,,1.616580310880833,-1.222797927461139,,
2026-08-14,8031,stop,True,4860.0,-1.3168724279835398,,,,0.8847736625514413,-1.9341563786008265,,
2026-08-14,8002,market,True,4974.0,-1.1459589867309994,,,,0.38198632891033313,-2.3321270607157163,,
2026-08-14,8002,limit,True,4930.0,-0.26369168356997763,,,,1.2778904665314395,-1.4604462474645086,,
2026-08-14,8002,stop,True,4974.0,-1.1459589867309994,,,,0.38198632891033313,-2.3321270607157163,,
2026-08-14,8008,market,True,2144.0,-2.332089552238803,,,,0.0,-2.425373134328357,,
2026-08-14,8008,limit,True,2118.0,-1.1331444759206777,,,,1.227573182247399,-1.227573182247399,,
2026-08-14,8008,stop,True,2144.0,-2.332089552238803,,,,0.0,-2.425373134328357,,
2026-08-14,3086,market,True,2901.5,-1.6370842667585705,,,,0.27571945545408205,-2.4125452352231624,,
2026-08-14,3086,limit,True,2901.5,-1.6370842667585705,,,,0.27571945545408205,-2.4125452352231624,,
2026-08-14,3086,stop,False,,,,,,,,-0.1544269045984925,-2.8311599176389812
2026-08-14,6619,market,True,158.0,2.5316455696202445,,,,6.329113924050622,-1.2658227848101222,,
2026-08-14,6619,limit,True,158.0,2.5316455696202445,,,,6.329113924050622,-1.2658227848101222,,
2026-08-14,6619,stop,True,159.318,1.6834256016269311,,,,5.449478401687191,-2.082627198433329,,
2026-08-14,2986,market,True,2851.0,-0.6664328305857614,,,,0.24552788495264544,-2.5955804980708486,,
2026-08-14,2986,limit,True,2826.0,0.2123142250530785,,,,1.1323425336164261,-1.7338995046001449,,
2026-08-14,2986,stop,True,2851.0,-0.6664328305857614,,,,0.24552788495264544,-2.5955804980708486,,
2026-08-14,6777,market,True,19360.0,5.991735537190079,,,,9.814049586776852,-1.1880165289256173,,
2026-08-14,6777,limit,True,19220.0,6.763787721123826,,,,10.613943808532778,-0.4682622268470382,,
2026-08-14,6777,stop,True,19360.0,5.991735537190079,,,,9.814049586776852,-1.1880165289256173,,
2026-08-14,4107,market,True,3750.0,2.6666666666666616,,,,4.933333333333323,-2.400000000000002,,
2026-08-14,4107,limit,True,3730.0,3.217158176943702,,,,5.495978552278813,-1.8766756032171594,,
2026-08-14,4107,stop,True,3750.0,2.6666666666666616,,,,4.933333333333323,-2.400000000000002,,
2026-08-14,6779,market,True,3170.0,0.4731861198738141,,,,7.2555205047318605,-4.731861198738175,,
2026-08-14,6779,limit,True,3100.0,2.741935483870961,,,,9.677419354838701,-2.580645161290318,,
2026-08-14,6779,stop,True,3170.0,0.4731861198738141,,,,7.2555205047318605,-4.731861198738175,,
2026-08-14,3436,market,True,3986.0,1.8815855494229705,,,,4.816859006522822,-5.117912694430505,,
2026-08-14,3436,limit,True,3920.0,3.5969387755101945,,,,6.58163265306122,-3.5204081632653095,,
2026-08-14,3436,stop,True,3986.0,1.8815855494229705,,,,4.816859006522822,-5.117912694430505,,
2026-08-14,6727,market,True,828.0,-0.7246376811594235,,,,0.8454106280193274,-2.2946859903381633,,
2026-08-14,6727,limit,True,828.0,-0.7246376811594235,,,,0.8454106280193274,-2.2946859903381633,,
2026-08-14,6727,stop,True,829.656,-0.9227920969654857,,,,0.6441223832528209,-2.4897065771837923,,
2026-08-14,6752,market,True,4791.0,-0.06261740763932044,,,,0.9810060530160758,-5.4894594030473804,,
2026-08-14,6752,limit,True,4721.0,1.4191908493963235,,,,2.4782884981995323,-4.088116924380425,,
2026-08-14,6752,stop,True,4791.0,-0.06261740763932044,,,,0.9810060530160758,-5.4894594030473804,,
2026-08-14,1407,market,True,2664.0,4.879879879879878,,,,6.644144144144137,-0.6006006006005982,,
2026-08-14,1407,limit,False,,,,,,,,8.684009181331298,1.3006885998469775
2026-08-14,1407,stop,True,2664.0,4.879879879879878,,,,6.644144144144137,-0.6006006006005982,,
2026-08-14,5631,market,True,8047.0,0.06213495712688033,,,,5.343606312911642,-1.652789859574999,,
2026-08-14,5631,limit,False,,,,,,,,8.498656086010502,1.292717266094967
2026-08-14,5631,stop,True,8047.0,0.06213495712688033,,,,5.343606312911642,-1.652789859574999,,
2026-08-14,5344,market,True,61030.0,1.5566115025397398,,,,4.129116827789603,-3.3262330001638585,,
2026-08-14,5344,limit,True,61010.0,1.5899032945418723,,,,4.16325192591378,-3.294541878380597,,
2026-08-14,5344,stop,True,61132.02,1.387129036468937,,,,3.9553412434269353,-3.487566744890802,,
2026-08-14,5844,market,True,5086.0,0.09830908375934033,,,,1.5336217066457047,-1.710578057412504,,
2026-08-14,5844,limit,True,5073.0,0.3548196333530429,,,,1.793810368618165,-1.4587029371180726,,
2026-08-14,5844,stop,True,5086.0,0.09830908375934033,,,,1.5336217066457047,-1.710578057412504,,
2026-08-14,4676,market,True,4150.0,-1.1325301204819227,,,,0.40963855421687345,-2.6506024096385583,,
2026-08-14,4676,limit,True,4130.0,-0.653753026634385,,,,0.8958837772397032,-2.1791767554479424,,
2026-08-14,4676,stop,True,4150.0,-1.1325301204819227,,,,0.40963855421687345,-2.6506024096385583,,
2026-08-14,4689,market,True,501.8999938964844,-1.9924287949010133,,,,0.23909388755218863,-2.9487921842894504,,
2026-08-14,4689,limit,True,501.8999938964844,-1.9924287949010133,,,,0.23909388755218863,-2.9487921842894504,,
2026-08-14,4689,stop,False,,,,,,,,-0.6320351365760146,-3.7922168470243656
2026-08-14,8876,market,True,2145.0,-1.2354312354312391,,,,0.20979020979021712,-2.144522144522143,,
2026-08-14,8876,limit,True,2145.0,-1.2354312354312391,,,,0.20979020979021712,-2.144522144522143,,
2026-08-14,8876,stop,False,,,,,,,,-0.532161036557155,-2.869042110134201
2026-08-14,6071,market,True,888.0,5.855855855855863,,,,9.90990990990992,-0.6756756756756799,,
2026-08-14,6071,limit,False,,,,,,,,16.052318668252074,4.875148632580251
2026-08-14,6071,stop,False,,,,,,,,16.052318668252074,4.875148632580251
2026-08-14,6503,market,True,6160.0,-0.551948051948048,,,,1.0389610389610393,-2.402597402597406,,
2026-08-14,6503,limit,True,6153.0,-0.4388103364212581,,,,1.1539086624410944,-2.2915650901998985,,
2026-08-14,6503,stop,True,6165.306,-0.6375352658894773,,,,0.9520046531348303,-2.4865919063871256,,
2026-08-14,6506,market,True,5415.0,1.0526315789473717,,,,1.2742382271468067,-4.506001846722063,,
2026-08-14,6506,limit,True,5415.0,1.0526315789473717,,,,1.2742382271468067,-4.506001846722063,,
2026-08-14,6506,stop,True,5441.862,0.553817792512934,,,,0.7743305508298493,-4.977377228603008,,
2026-08-14,8366,market,True,2803.0,-1.3556903317873736,,,,0.8919015340706382,-2.247591865858012,,
2026-08-14,8366,limit,True,2775.0,-0.3603603603603567,,,,1.9099099099099126,-1.2612612612612595,,
2026-08-14,8366,stop,True,2803.0,-1.3556903317873736,,,,0.8919015340706382,-2.247591865858012,,
2026-08-14,6508,market,True,12470.0,1.523656776263027,,,,2.3255813953488413,-3.1275060144346445,,
2026-08-14,6508,limit,True,12370.0,2.3443815683104274,,,,3.1527890056588515,-2.3443815683104274,,
2026-08-14,6508,stop,True,12470.0,1.523656776263027,,,,2.3255813953488413,-3.1275060144346445,,
2026-08-14,4418,market,True,942.0,2.3354564755838636,,,,7.006369426751591,-1.273885350318471,,
2026-08-14,4418,limit,False,,,,,,,,18.309859154929576,9.154929577464799
2026-08-14,4418,stop,False,,,,,,,,18.309859154929576,9.154929577464799
2026-08-14,6356,market,True,1401.0,0.49964311206280865,,,,1.7130620985010614,-1.855817273376159,,
2026-08-14,6356,limit,True,1396.0,0.8595988538681931,,,,2.077363896848139,-1.5042979942693435,,
2026-08-14,6356,stop,True,1401.0,0.49964311206280865,,,,1.7130620985010614,-1.855817273376159,,
2026-08-14,8370,market,True,5100.0,-0.7843137254901933,,,,1.17647058823529,-0.7843137254901933,,
2026-08-14,8370,limit,True,5070.0,-0.19723865877712132,,,,1.775147928994092,-0.19723865877712132,,
2026-08-14,8370,stop,True,5100.0,-0.7843137254901933,,,,1.17647058823529,-0.7843137254901933,,
2026-08-14,6387,market,True,9870.0,7.902735562310026,,,,10.942249240121571,-0.4052684903748771,,
2026-08-14,6387,limit,True,9870.0,7.902735562310026,,,,10.942249240121571,-0.4052684903748771,,
2026-08-14,6387,stop,True,9919.8,7.361035504748092,,,,10.385290026008587,-0.9052601866973098,,
2026-08-14,8252,market,True,2993.5,-1.636879906464006,,,,0.0,-2.8895941205946185,,
2026-08-14,8252,limit,True,2968.0,-0.7917789757412419,,,,0.85916442048517,-2.0552560646900253,,
2026-08-14,8252,stop,True,2993.5,-1.636879906464006,,,,0.0,-2.8895941205946185,,
2026-08-14,8309,market,True,1746.0,-1.0022909507445554,,,,0.9163802978235935,-1.2313860252004538,,
2026-08-14,8309,limit,True,1737.0,-0.48934945308002353,,,,1.4392630972941856,-0.7196315486470928,,
2026-08-14,8309,stop,True,1746.0,-1.0022909507445554,,,,0.9163802978235935,-1.2313860252004538,,
2026-08-14,6178,market,True,2376.5,0.7574163686093094,,,,1.6200294550809957,-0.48390490216705384,,
2026-08-14,6178,limit,True,2376.0,0.7786195286195285,,,,1.6414141414141437,-0.462962962962965,,
2026-08-14,6178,stop,True,2380.752,0.5774645994206962,,,,1.4385370672795883,-0.6616396835957716,,
2026-08-14,6166,market,True,660.0,0.0,,,,1.5151515151515138,-4.696969696969699,,
2026-08-14,6166,limit,True,646.0,-1.7027863777089758,,,,2.0123839009287936,-2.631578947368418,,
2026-08-14,6166,stop,True,660.0,0.0,,,,1.5151515151515138,-4.696969696969699,,
2026-08-14,4506,market,True,1387.5,-2.306306306306305,,,,0.864864864864856,-2.306306306306305,,
2026-08-14,4506,limit,True,1372.0,-1.2026239067055355,,,,2.0043731778425666,-1.2026239067055355,,
2026-08-14,4506,stop,True,1387.5,-2.306306306306305,,,,0.864864864864856,-2.306306306306305,,
2026-08-14,8614,market,True,694.0,-1.8731988472622474,,,,0.0,-2.3054755043227626,,
2026-08-14,8614,limit,True,685.0,-0.5839416058394109,,,,1.3138686131386912,-1.0218978102189746,,
2026-08-14,8614,stop,True,694.0,-1.8731988472622474,,,,0.0,-2.3054755043227626,,
2026-08-14,8616,market,True,836.0,-0.3588516746411474,,,,0.5980861244019087,-0.4784688995215336,,
2026-08-14,8616,limit,True,836.0,-0.3588516746411474,,,,0.5980861244019087,-0.4784688995215336,,
2026-08-14,8616,stop,True,838.674,-0.5573083224232556,,,,0.2773425669568841,-0.795780005103286,,
2026-08-14,8604,market,True,1555.5,0.22500803600129515,,,,0.5143040822886524,-1.0928961748633892,,
2026-08-14,8604,limit,True,1555.5,0.22500803600129515,,,,0.5143040822886524,-1.0928961748633892,,
2026-08-14,8604,stop,False,,,,,,,,-0.41401273885350864,-2.0063694267515975
2026-08-14,4592,market,True,1034.0,-2.030947775628622,,,,1.1605415860735047,-4.061895551257255,,
2026-08-14,4592,limit,True,1034.0,-2.030947775628622,,,,1.1605415860735047,-4.061895551257255,,
2026-08-14,4592,stop,True,1045.086,-3.070177956646636,,,,0.08745691742115813,-5.079581967417035,,
2026-08-14,4519,market,True,6998.0,-1.9148328093741118,,,,0.028579594169753086,-2.386396113175193,,
2026-08-14,4519,limit,True,6933.0,-0.9952401557767221,,,,0.9663926150295765,-1.4712245781047129,,
2026-08-14,4519,stop,True,6998.0,-1.9148328093741118,,,,0.028579594169753086,-2.386396113175193,,
2026-08-14,4565,market,True,1108.0,-0.3610108303249149,,,,4.422382671480141,-1.4440433212996373,,
2026-08-14,4565,limit,True,1105.0,-0.09049773755656076,,,,4.705882352941182,-1.17647058823529,,
2026-08-14,4565,stop,True,1108.0,-0.3610108303249149,,,,4.422382671480141,-1.4440433212996373,,
2026-08-14,8562,market,True,376.0,0.7978723404255428,,,,2.92553191489362,-1.0638297872340385,,
2026-08-14,8562,limit,True,374.0,1.3368983957219305,,,,3.475935828876997,-0.5347593582887722,,
2026-08-14,8562,stop,True,376.0,0.7978723404255428,,,,2.92553191489362,-1.0638297872340385,,
2026-08-14,8572,market,True,485.1000061035156,-1.092561996260999,,,,0.04122483754627204,-1.6697600498044807,,
2026-08-14,8572,limit,True,483.6,-0.7857758906185341,,,,0.35152766603987473,-1.3647642679900818,,
2026-08-14,8572,stop,True,485.1000061035156,-1.092561996260999,,,,0.04122483754627204,-1.6697600498044807,,
2026-08-14,8550,market,True,1119.0,0.08936550491509543,,,,2.0554066130473725,-0.8042895442359255,,
2026-08-14,8550,limit,True,1117.0,0.26857654431513556,,,,2.2381378692927445,-0.6266786034019645,,
2026-08-14,8550,stop,True,1119.234,0.06843966498517595,,,,2.034069729833088,-0.8250285463093476,,
2026-08-14,8570,market,True,1630.0,-0.9509202453987675,,,,1.0736196319018454,-1.1349693251533788,,
2026-08-14,8570,limit,True,1630.0,-0.9509202453987675,,,,1.0736196319018454,-1.1349693251533788,,
2026-08-14,8570,stop,True,1637.769,-1.420774236171285,,,,0.5941619361460537,-1.6039502518364945,,
2026-08-14,8522,market,True,6870.0,-1.0189228529839833,,,,3.2023289665211063,-1.3100436681222738,,
2026-08-14,8522,limit,True,6870.0,-1.0189228529839833,,,,3.2023289665211063,-1.3100436681222738,,
2026-08-14,8522,stop,True,6883.74,-1.216489873237514,,,,2.9963362939332328,-1.5070296089044533,,
2026-08-14,9166,market,True,741.0,1.8893387314439902,,,,4.318488529014841,-2.8340080971659964,,
2026-08-14,9166,limit,True,740.0,2.0270270270270174,,,,4.459459459459469,-2.7027027027026973,,
2026-08-14,9166,stop,True,741.48,1.8233802664940457,,,,4.250957544370726,-2.896908884932836,,
2026-08-14,5817,market,True,1010.0,2.970297029702973,,,,6.435643564356441,-0.1980198019801982,,
2026-08-14,5817,limit,False,,,,,,,,6.858846918489059,0.1988071570576455
2026-08-14,5817,stop,True,1010.0,2.970297029702973,,,,6.435643564356441,-0.1980198019801982,,
2026-08-14,5381,market,True,973.0,-1.2332990750256956,,,,3.6998972250770867,-3.083247687564239,,
2026-08-14,5381,limit,True,964.0,-0.3112033195020736,,,,4.668049792531126,-2.178423236514526,,
2026-08-14,5381,stop,True,973.0,-1.2332990750256956,,,,3.6998972250770867,-3.083247687564239,,
2026-08-14,5331,market,True,3895.0,0.12836970474967568,,,,1.412066752246477,-2.9525032092426184,,
2026-08-14,5331,limit,True,3870.0,0.7751937984496138,,,,2.067183462532296,-2.3255813953488413,,
2026-08-14,5331,stop,True,3895.0,0.12836970474967568,,,,1.412066752246477,-2.9525032092426184,,
2026-08-14,5831,market,True,3531.0,0.48145001416028954,,,,2.463891248937977,-0.9062588501840829,,
2026-08-14,5831,limit,True,3513.0,0.9962994591517171,,,,2.9888983774551736,-0.3985197836606891,,
2026-08-14,5831,stop,True,3531.0,0.48145001416028954,,,,2.463891248937977,-0.9062588501840829,,
2026-08-14,2337,market,True,409.0,-0.4889975550122272,,,,0.24449877750611915,-1.4669926650366705,,
2026-08-14,2337,limit,True,407.0,0.0,,,,0.7371007371007376,-0.9828009828009798,,
2026-08-14,2337,stop,True,409.0,-0.4889975550122272,,,,0.24449877750611915,-1.4669926650366705,,
2026-08-14,5707,market,True,1051.0,3.615604186489052,,,,14.55756422454806,-0.19029495718363432,,
2026-08-14,5707,limit,True,1051.0,3.615604186489052,,,,14.55756422454806,-0.19029495718363432,,
2026-08-14,5707,stop,True,1083.162,0.5389775490646898,,,,11.156041293915408,-3.153914188274698,,
2026-08-14,5801,market,True,4170.0,3.069544364508392,,,,11.079136690647484,-3.5011990407673887,,
2026-08-14,5801,limit,True,4057.0,5.94035001232438,,,,14.17303426176979,-0.8134089228494013,,
2026-08-14,5801,stop,True,4170.0,3.069544364508392,,,,11.079136690647484,-3.5011990407673887,,
2026-08-14,5832,market,True,3529.0,0.028336639274573194,,,,2.2952677812411393,-0.5383961462170572,,
2026-08-14,5832,limit,True,3518.0,0.34110289937463456,,,,2.6151222285389464,-0.22740193291642674,,
2026-08-14,5832,stop,True,3529.0,0.028336639274573194,,,,2.2952677812411393,-0.5383961462170572,,
2026-08-14,5805,market,True,14220.0,3.234880450070321,,,,7.313642756680738,-0.7735583684950753,,
2026-08-14,5805,limit,True,14220.0,3.234880450070321,,,,7.313642756680738,-0.7735583684950753,,
2026-08-14,5805,stop,True,14288.52,2.7398218989790335,,,,6.79902467155451,-1.2493946188968486,,
2026-08-14,9072,market,True,5380.0,0.947955390334565,,,,10.20446096654275,-1.691449814126389,,
2026-08-14,9072,limit,True,5380.0,0.947955390334565,,,,10.20446096654275,-1.691449814126389,,
2026-08-14,9072,stop,True,5396.772,0.6342309810382973,,,,9.861969340190768,-1.9969715229770646,,
2026-08-14,9101,market,True,6440.0,0.7763975155279601,,,,5.543478260869561,-0.6055900621118049,,
2026-08-14,9101,limit,False,,,,,,,,6.203124999999998,0.015625000000007994
2026-08-14,9101,stop,True,6440.0,0.7763975155279601,,,,5.543478260869561,-0.6055900621118049,,
2026-08-14,2334,market,True,525.0,5.142857142857138,,,,8.952380952380956,-3.0476190476190435,,
2026-08-14,2334,limit,True,525.0,5.142857142857138,,,,8.952380952380956,-3.0476190476190435,,
2026-08-14,2334,stop,True,544.086,1.4545494646067025,,,,5.130438937962012,-6.4486129031072315,,
2026-08-14,7199,market,True,2120.0,-0.518867924528299,,,,0.37735849056603765,-2.688679245283021,,
2026-08-14,7199,limit,True,2120.0,-0.518867924528299,,,,0.37735849056603765,-2.688679245283021,,
2026-08-14,7199,stop,False,,,,,,,,-0.2811621368322359,-3.3270852858481748
2026-08-14,3791,market,True,1115.0,-1.5246636771300448,,,,0.08968609865471766,-2.780269058295959,,
2026-08-14,3791,limit,True,1115.0,-1.5246636771300448,,,,0.08968609865471766,-2.780269058295959,,
2026-08-14,3791,stop,False,,,,,,,,-0.3571428571428559,-3.214285714285714
2026-08-14,7276,market,True,2719.0,0.36778227289444576,,,,0.7355645457888915,-0.49650606840749845,,
2026-08-14,7276,limit,True,2718.5,0.38624241309546115,,,,0.7540923303292146,-0.4782048924038995,,
2026-08-14,7276,stop,True,2723.937,0.18587067175195315,,,,0.5529863576140048,-0.6768511900238527,,
2026-08-14,3397,market,True,4181.0,-0.6936139679502462,,,,0.9327911982779158,-1.7699115044247815,,
2026-08-14,3397,limit,True,4181.0,-0.6936139679502462,,,,0.9327911982779158,-1.7699115044247815,,
2026-08-14,3397,stop,True,4211.406,-1.4105977908565492,,,,0.2040648657479327,-2.4791245489036218,,
2026-08-14,3916,market,True,967.0,-0.6204756980351611,,,,0.8273009307135482,-1.5511892450879028,,
2026-08-14,3916,limit,True,967.0,-0.6204756980351611,,,,0.8273009307135482,-1.5511892450879028,,
2026-08-14,3916,stop,False,,,,,,,,0.0,-2.358974358974364
2026-08-14,3769,market,True,8972.0,-1.8167632634863984,,,,2.2625947391885948,-5.427998216674101,,
2026-08-14,3769,limit,True,8972.0,-1.8167632634863984,,,,2.2625947391885948,-5.427998216674101,,
2026-08-14,3769,stop,False,,,,,,,,-9.605911330049267,-16.40394088669951
2026-08-14,4996,market,True,760.0,0.5263157894736858,,,,2.763157894736845,-0.2631578947368429,,
2026-08-14,4996,limit,True,760.0,0.5263157894736858,,,,2.763157894736845,-0.2631578947368429,,
2026-08-14,4996,stop,True,761.52,0.32566446055257714,,,,2.5580418111146086,-0.4622334278810758,,
2026-08-14,1909,market,True,3705.0,-0.13495276653171517,,,,0.0,-0.13495276653171517,,
2026-08-14,1909,limit,True,3700.0,0.0,,,,0.13513513513514486,0.0,,
2026-08-14,1909,stop,False,,,,,,,,0.13513513513514486,0.0
2026-08-14,7867,market,True,3620.0,-0.5524861878453025,,,,0.6077348066298338,-3.4530386740331487,,
2026-08-14,7867,limit,True,3598.0,0.05558643690939391,,,,1.222901612006666,-2.8627015008337975,,
2026-08-14,7867,stop,True,3620.0,-0.5524861878453025,,,,0.6077348066298338,-3.4530386740331487,,
2026-08-14,3245,market,True,1160.0,-0.17241379310344307,,,,1.551724137931032,-1.0344827586206917,,
2026-08-14,3245,limit,True,1151.0,0.0,,,,0.9556907037358897,-0.26064291920069316,,
2026-08-14,3245,stop,True,1160.0,-0.17241379310344307,,,,1.551724137931032,-1.0344827586206917,,
2026-08-14,6524,market,True,4815.0,6.126687435098654,,,,11.318795430944961,0.0,,
2026-08-14,6524,limit,False,,,,,,,,11.783107403545356,0.4171011470281538
2026-08-14,6524,stop,True,4815.0,6.126687435098654,,,,11.318795430944961,0.0,,
2026-08-14,8267,market,True,1388.5,-1.8725243068059005,,,,0.0,-4.105149441843714,,
2026-08-14,8267,limit,True,1374.0,-0.8369723435225573,,,,1.055312954876264,-3.093158660844253,,
2026-08-14,8267,stop,True,1388.5,-1.8725243068059005,,,,0.0,-4.105149441843714,,
2026-08-14,4722,market,True,2445.0,0.0,,,,0.04089979550101486,-0.04089979550102596,,
2026-08-14,4722,limit,True,2444.0,0.040916530278223284,,,,0.08183306055646877,0.0,,
2026-08-14,4722,stop,False,,,,,,,,0.08183306055646877,0.0
2026-08-14,4674,market,True,1941.0,0.7212776919113928,,,,4.1215868109222065,-0.9273570324574987,,
2026-08-14,4674,limit,True,1941.0,0.7212776919113928,,,,4.1215868109222065,-0.9273570324574987,,
2026-08-14,4674,stop,True,1958.91,-0.1996007984031989,,,,3.169619839604665,-1.8331623198615588,,
2026-08-14,4626,market,True,4835.0,0.4136504653567741,,,,1.571871768355737,-1.2202688728024769,,
2026-08-14,4626,limit,True,4812.0,-0.4571903574397296,,,,1.413133832086455,-0.7481296758104716,,
2026-08-14,4626,stop,True,4835.0,0.4136504653567741,,,,1.571871768355737,-1.2202688728024769,,
2026-08-14,2267,market,True,2877.0,-1.2686826555439734,,,,0.0868960722975265,-2.120264164059782,,
2026-08-14,2267,limit,True,2877.0,-1.2686826555439734,,,,0.0868960722975265,-2.120264164059782,,
2026-08-14,2267,stop,False,,,,,,,,-0.06940829429117334,-2.2731216380357466
2026-08-14,4819,market,True,2345.0,-6.183368869936034,,,,1.0660980810234477,-7.164179104477608,,
2026-08-14,4819,limit,True,2299.0,-4.30622009569378,,,,3.0882992605480553,-5.306655067420618,,
2026-08-14,4819,stop,True,2345.0,-6.183368869936034,,,,1.0660980810234477,-7.164179104477608,,
2026-08-14,2120,market,True,243.0,-2.8806584362139898,,,,2.0576131687242816,-4.938271604938271,,
2026-08-14,2120,limit,True,243.0,-2.8806584362139898,,,,2.0576131687242816,-4.938271604938271,,
2026-08-14,2120,stop,True,243.486,-3.074509417379234,,,,1.8539053580082676,-5.128015573790689,,
2026-08-14,9552,market,True,967.0,2.0682523267838704,,,,3.82626680455016,-7.238883143743536,,
2026-08-14,9552,limit,True,967.0,2.0682523267838704,,,,3.82626680455016,-7.238883143743536,,
2026-08-14,9552,stop,True,998.994,-1.2006078114583318,,,,0.5011041107354064,-10.209670928954528,,
2026-08-13,4751,market,True,1259.0,0.5559968228753043,-0.19857029388403724,,,2.1048451151707726,-1.2311358220810198,,
2026-08-13,4751,limit,True,1255.0,0.8764940239043728,0.11952191235060639,,,2.430278884462145,-0.9163346613545786,,
2026-08-13,4751,stop,True,1270.467,-0.35160299323006017,-1.0993595268511624,,,1.1832656810448317,-2.1226053097010866,,
2026-08-13,1860,market,True,1482.5,0.30354131534569007,0.8431703204047292,,,2.2934232715008385,-0.7082630691399694,,
2026-08-13,1860,limit,True,1482.5,0.30354131534569007,0.8431703204047292,,,2.2934232715008385,-0.7082630691399694,,
2026-08-13,1860,stop,True,1500.06,0.09599616015358858,,,,1.0959561617535307,-0.6039758409663532,,
2026-08-13,1968,market,True,2407.0,-0.8724553385957678,-0.9140008309098446,,,2.4096385542168752,-1.7033651848774367,,
2026-08-13,1968,limit,True,2384.0,0.0838926174496546,0.0419463087248273,,,3.3976510067114107,-0.7550335570469802,,
2026-08-13,1968,stop,True,2409.377,-0.9702508158748069,-1.0117553209813113,,,2.3086050875392283,-1.800340918004939,,
2026-08-13,4755,market,True,759.2999877929688,0.5926511355650144,1.76478659679844,,,5.531410598606756,-0.7506930460514427,,
2026-08-13,4755,limit,True,759.2999877929688,0.5926511355650144,1.76478659679844,,,5.531410598606756,-0.7506930460514427,,
2026-08-13,4755,stop,False,,,,,,,,5.240345126473445,-1.024431890473143
2026-08-13,3299,market,True,1750.0,-0.6285714285714339,-1.7142857142857126,,,0.34285714285713365,-2.1714285714285686,,
2026-08-13,3299,limit,True,1738.0,0.05753739930955959,-1.0356731875719172,,,1.0356731875719172,-1.4959723820483273,,
2026-08-13,3299,stop,True,1750.959,-0.6829971461353446,-1.768116786286833,,,0.28789937400017784,-2.2250092663506194,,
2026-08-13,6969,market,True,1054.0,1.8975332068311257,1.4231499051233332,,,5.787476280834913,-2.6565464895635715,,
2026-08-13,6969,limit,False,,,,,,,,5.687203791469186,-2.7488151658767723
2026-08-13,6969,stop,False,,,,,,,,5.687203791469186,-2.7488151658767723
2026-08-13,4975,market,True,5750.0,-2.608695652173909,-5.043478260869561,,,0.521739130434784,-5.043478260869561,,
2026-08-13,4975,limit,True,5670.0,-1.2345679012345734,-3.703703703703709,,,1.9400352733686121,-3.703703703703709,,
2026-08-13,4975,stop,True,5764.61,-2.855527086828069,-5.284138909657365,,,0.2669738282381706,-5.284138909657365,,
2026-08-13,4889,market,True,1195.0,0.502092050209213,8.786610878661083,,,12.468619246861934,-4.769874476987446,,
2026-08-13,4889,limit,True,1165.0,3.090128755364807,11.587982832618016,,,15.364806866952785,-2.3175965665236054,,
2026-08-13,4889,stop,True,1284.754,2.7434045739495705,,,,4.611466475294113,-4.339663468648469,,
2026-08-13,4971,market,True,7920.0,-4.797979797979801,-5.17676767676768,,,1.262626262626254,-5.934343434343436,,
2026-08-13,4971,limit,True,7860.0,-4.071246819338425,-4.452926208651398,,,2.035623409669207,-5.216284987277353,,
2026-08-13,4971,stop,False,,,,,,,,2.035623409669207,-5.216284987277353
2026-08-13,8848,market,True,627.0,-1.1164274322169043,-0.31897926634768536,,,0.797448165869219,-1.4354066985645897,,
2026-08-13,8848,limit,True,624.0,-0.6410256410256387,0.1602564102564097,,,1.2820512820512775,-0.9615384615384581,,
2026-08-13,8848,stop,False,,,,,,,,1.2820512820512775,-0.9615384615384581
2026-08-13,1952,market,True,3105.0,1.1272141706924366,-0.48309178743961567,,,4.669887278582929,-0.6441223832528209,,
2026-08-13,1952,limit,True,3105.0,1.1272141706924366,-0.48309178743961567,,,4.669887278582929,-0.6441223832528209,,
2026-08-13,1952,stop,True,3129.544,0.33410618288161054,-1.2635706671642821,,,3.8489952529825455,-1.4233383521688792,,
2026-08-13,6544,market,True,1531.0,0.29392553886349315,-1.3716525146962755,,,2.645329849771394,-1.796211626387978,,
2026-08-13,6544,limit,True,1517.0,-0.46143704680290387,,,,3.4937376400790976,-0.8899143045484559,,
2026-08-13,6544,stop,True,1531.036,0.29156727862702514,-1.3739716113794875,,,2.642916299812681,-1.7985207402046788,,
2026-08-13,1944,market,True,6902.0,0.14488554042306756,-0.6664734859461063,,,3.6656041727035626,-0.7244277021153267,,
2026-08-13,1944,limit,True,6902.0,0.14488554042306756,-0.6664734859461063,,,3.6656041727035626,-0.7244277021153267,,
2026-08-13,1944,stop,True,7008.0,1.0702054794520466,,,,2.0976027397260344,-2.2260273972602773,,
2026-08-13,1969,market,True,4247.0,2.1426889569107654,0.25900635742877043,,,5.180127148575475,-0.21191429244172832,,
2026-08-13,1969,limit,False,,,,,,,,4.613583138173305,-0.7494145199063218
2026-08-13,1969,stop,True,4310.346,0.6415726254922482,-1.2144268696758775,,,3.634371811450876,-1.67842674346792,,
2026-08-13,8508,market,True,821.0,9.013398294762487,9.987819732034108,,,16.199756394640687,-0.12180267965895553,,
2026-08-13,8508,limit,False,,,,,,,,17.923362175525348,1.359703337453655
2026-08-13,8508,stop,True,824.7,8.524311870983393,9.494361586031275,,,15.678428519461619,-0.5699042075906435,,
2026-08-13,4901,market,True,3315.0,0.42232277526395023,-4.012066365007538,,,2.051282051282044,-4.012066365007538,,
2026-08-13,4901,limit,True,3277.0,1.5868172108636003,-2.8989929813854176,,,3.2346658529142536,-2.8989929813854176,,
2026-08-13,4901,stop,True,3316.036,0.3909487110513865,-4.042055031971914,,,2.0193990656313776,-4.042055031971914,,
2026-08-13,4275,market,True,2064.0,2.374031007751931,1.7926356589147208,,,6.25,0.0,,
2026-08-13,4275,limit,True,2064.0,2.374031007751931,1.7926356589147208,,,6.25,0.0,,
2026-08-13,4275,stop,True,2126.576,-0.6383971228867469,-1.2026845031637756,,,3.1235187456267743,-2.942570592351279,,
2026-08-13,4047,market,True,2677.0,-1.7556966753828895,-4.3332088158386295,,,3.4366828539409866,-4.482629809488237,,
2026-08-13,4047,limit,True,2647.9125,-0.676476280843874,-3.282302568532758,,,4.572941892906202,-3.4333649620219675,,
2026-08-13,4047,stop,True,2721.069,-0.22303734304421896,,,,1.7614768313482632,-6.02957881626669,,
2026-08-13,3479,market,True,1844.0,-0.5965292841648595,0.27114967462038564,,,3.52494577006508,-2.440347071583515,,
2026-08-13,3479,limit,True,1811.405,1.1921685100791946,2.0754607611218834,,,5.387806702532005,-0.6848275233865442,,
2026-08-13,3479,stop,True,1844.0,-0.5965292841648595,0.27114967462038564,,,3.52494577006508,-2.440347071583515,,
2026-08-13,7715,market,True,4135.0,6.892382103990324,0.24183796856105388,,,10.157194679564686,-0.36275695284159193,,
2026-08-13,7715,limit,False,,,,,,,,10.69258809234508,0.12150668286756705
2026-08-13,7715,stop,True,4167.125,6.068332483426819,-0.5309415964243946,,,9.307976122626505,-1.1308756036835899,,
2026-08-13,6787,market,True,19280.0,-5.342323651452285,-2.3858921161825752,,,4.823651452282163,-6.58713692946058,,
2026-08-13,6787,limit,True,18790.0,-2.8738690792974975,0.159659393294298,,,7.5572112825971205,-4.151144225651937,,
2026-08-13,6787,stop,True,19308.109,-5.480127546410685,-2.5280000232026922,,,4.671047796550143,-6.723128608814055,,
2026-08-13,6656,market,True,905.0,-3.53591160220994,-5.524861878453036,,,0.7734806629834168,-5.524861878453036,,
2026-08-13,6656,limit,True,897.0,-2.6755852842809347,-4.682274247491636,,,1.6722408026755842,-4.682274247491636,,
2026-08-13,6656,stop,False,,,,,,,,1.6722408026755842,-4.682274247491636
2026-08-13,6145,market,True,2447.0,-0.2860645688598229,-0.980792807519415,,,3.1467102574581185,-1.5120555782590972,,
2026-08-13,6145,limit,False,,,,,,,,4.9044056525353374,0.16625103906899863
2026-08-13,6145,stop,True,2447.0,-0.2860645688598229,-0.980792807519415,,,3.1467102574581185,-1.5120555782590972,,
2026-08-13,6768,market,True,817.0,-0.8567931456548328,-0.2447980416156681,,,1.7135862913096656,-1.7135862913096656,,
2026-08-13,6768,limit,False,,,,,,,,1.8382352941176405,-1.5931372549019662
2026-08-13,6768,stop,True,827.935,-0.9584085707211254,,,,0.3701981435740853,-3.0117098564500733,,
2026-08-13,7915,market,True,1291.0,2.7885360185902375,2.168861347792417,,,4.4926413632842666,0.0,,
2026-08-13,7915,limit,True,1291.0,2.7885360185902375,2.168861347792417,,,4.4926413632842666,0.0,,
2026-08-13,7915,stop,True,1314.958,0.9157706938168308,0.30738624351500654,,,2.5888279321468755,-1.821959332541423,,
2026-08-13,1959,market,True,8301.0,1.1444404288639909,-0.2891217925551137,,,2.951451632333457,-0.5902903264666914,,
2026-08-13,1959,limit,True,8272.0,0.06044487427465661,,,,2.9134429400386797,-0.24177949709864865,,
2026-08-13,1959,stop,True,8367.649,0.33881679310401314,-1.0833269894566455,,,2.131435006415794,-1.382096691675283,,
2026-08-13,7760,market,True,2092.0,1.0994263862332598,-0.2868068833651982,,,6.07074569789674,-0.5258126195028634,,
2026-08-13,7760,limit,False,,,,,,,,7.2498791686805175,0.5799903334944512
2026-08-13,7760,stop,True,2095.352,0.9376944780638441,-0.4463211909025211,,,5.901061015046638,-0.6849445821036193,,
2026-08-13,1815,market,True,4280.0,1.5186915887850372,1.985981308411211,,,4.20560747663552,-0.3504672897196248,,
2026-08-13,1815,limit,True,4280.0,1.5186915887850372,1.985981308411211,,,4.20560747663552,-0.3504672897196248,,
2026-08-13,1815,stop,True,4338.185,0.15709334664149033,0.6181156405270727,,,2.8079715364835556,-1.6869958289008058,,
2026-08-13,4078,market,True,4090.0,-2.200488997555017,-2.444987775061125,,,2.2004889975550057,-3.4229828850855792,,
2026-08-13,4078,limit,False,,,,,,,,3.082614056720101,-2.5893958076448786
2026-08-13,4078,stop,True,4109.121,-2.6555801106854737,-2.8989411604087634,,,1.7249187843336733,-3.872385359301911,,
2026-08-13,4980,market,True,3200.0,-0.28124999999999956,-4.5937499999999964,,,3.0624999999999902,-4.8749999999999964,,
2026-08-13,4980,limit,True,3187.065,0.1234678301195613,-4.206534852599497,,,3.4807887507785296,-4.488926331907262,,
2026-08-13,4980,stop,True,3253.582,-1.9234800290879317,-6.164959112756341,,,1.3652030285390193,-6.441577313865143,,
2026-08-13,4368,market,True,3570.0,-3.7815126050420145,-5.1820728291316565,,,0.8403361344537785,-5.1820728291316565,,
2026-08-13,4368,limit,True,3500.0,-1.8571428571428572,-3.2857142857142807,,,2.857142857142847,-3.2857142857142807,,
2026-08-13,4368,stop,True,3578.065,-3.998390191346446,-5.395793536450566,,,0.6130408474971816,-5.395793536450566,,
2026-08-13,6703,market,True,2967.0,0.6403774856757583,-4.280417930569602,,,2.7974384900572913,-4.347826086956519,,
2026-08-13,6703,limit,True,2851.0699999999997,-0.388275279105732,,,,4.662460058855111,-0.4584243810218491,,
2026-08-13,6703,stop,True,2987.532,-0.051279785455027316,-4.9382567282961425,,,2.090956682639722,-5.005201617924094,,
2026-08-13,4935,market,True,222.0,0.9009009009008917,-0.9009009009009028,,,4.504504504504503,-2.7027027027026973,,
2026-08-13,4935,limit,True,222.0,0.9009009009008917,-0.9009009009009028,,,4.504504504504503,-2.7027027027026973,,
2026-08-13,4935,stop,True,231.967,-5.158923467562204,,,,0.01422616147985778,-6.02111507240255,,
2026-08-13,6118,market,True,1200.0,2.083333333333326,7.250000000000001,,,8.333333333333325,-0.33333333333332993,,
2026-08-13,6118,limit,False,,,,,,,,8.786610878661083,0.08368200836819106
2026-08-13,6118,stop,True,1208.386,1.3748917978195774,6.5057026479949265,,,7.581517826257511,-1.0250035998430884,,
2026-08-13,6976,market,True,11215.0,-1.7833259028087411,-10.913954525189473,,,2.5412394115024606,-12.759696834596523,,
2026-08-13,6976,limit,True,9991.375,-0.003753237167058998,,,,15.099273123068645,-2.0755401533822937,,
2026-08-13,6976,stop,False,,,,,,,,5.16689529035208,-10.525834476451756
2026-08-13,6845,market,True,1566.0,-0.06385696040868138,-3.0332056194125157,,,1.564495530012766,-3.065134099616862,,
2026-08-13,6845,limit,True,1566.0,-0.06385696040868138,-3.0332056194125157,,,1.564495530012766,-3.065134099616862,,
2026-08-13,6845,stop,False,,,,,,,,1.14467408585055,-3.465818759936412
2026-08-13,6458,market,True,1216.0,1.3157894736842035,0.7401315789473673,,,2.2203947368421018,-0.164473684210531,,
2026-08-13,6458,limit,True,1214.0,1.4827018121911006,0.906095551894559,,,2.3887973640856597,0.0,,
2026-08-13,6458,stop,True,1221.164,0.8873501020338015,0.3141265219086087,,,1.788130013659095,-0.5866533897166959,,
2026-08-13,6266,market,True,4000.0,0.49999999999998934,-1.5000000000000013,,,5.000000000000004,-3.749999999999998,,
2026-08-13,6266,limit,False,,,,,,,,7.416879795396425,-1.534526854219953
2026-08-13,6266,stop,True,4074.812,-1.3451418126774861,-3.3084225726242034,,,3.072239897202622,-5.517113427564269,,
2026-08-13,6209,market,True,3925.0,2.0382165605095537,2.675159235668789,,,3.3121019108280247,-0.2547770700636942,,
2026-08-13,6209,limit,True,3925.0,2.0382165605095537,2.675159235668789,,,3.3121019108280247,-0.2547770700636942,,
2026-08-13,6209,stop,True,3945.641,1.504419687447478,2.1380302972318077,,,2.771640907016115,-0.776578507776049,,
2026-08-13,6807,market,True,2335.0,-0.3426124197002167,1.9271948608136968,,,3.383297644539618,-1.1991434689507474,,
2026-08-13,6807,limit,True,2335.0,-0.3426124197002167,1.9271948608136968,,,3.383297644539618,-1.1991434689507474,,
2026-08-13,6807,stop,True,2353.766,-0.3724244466102422,,,,2.5590479257496357,-1.9868585067504663,,
2026-08-13,7917,market,True,1277.0,2.27094753328112,1.8010963194988294,,,3.210649960845724,-0.0783085356303892,,
2026-08-13,7917,limit,True,1277.0,2.27094753328112,1.8010963194988294,,,3.210649960845724,-0.0783085356303892,,
2026-08-13,7917,stop,True,1292.591,1.0373737709762798,0.5731898179702766,,,1.9657416769883307,-1.2835459940537919,,
2026-08-13,1976,market,True,1849.0,1.4061654948620772,0.32449972958354945,,,3.2449972958355833,-1.189832341806385,,
2026-08-13,1976,limit,True,1838.0,-0.4896626768226331,,,,3.8628944504896623,-0.598476605005438,,
2026-08-13,1976,stop,True,1873.087,0.1021308673863075,-0.9656251951991601,,,1.9173161737815692,-2.4604836828187926,,
2026-08-13,1950,market,True,3895.0,0.25673940949935137,-0.898587933247752,,,2.9525032092426295,-0.898587933247752,,
2026-08-13,1950,limit,True,3895.0,0.25673940949935137,-0.898587933247752,,,2.9525032092426295,-0.898587933247752,,
2026-08-13,1950,stop,True,3963.283,-0.4613094749983726,,,,1.1787449949953066,-2.605996089605511,,
2026-08-13,5989,market,True,1466.0,3.00136425648021,4.9113233287858105,,,7.025920873124147,0.0,,
2026-08-13,5989,limit,False,,,,,,,,7.687028140013719,0.61770761839397
2026-08-13,5989,stop,True,1466.0,3.00136425648021,4.9113233287858105,,,7.025920873124147,0.0,,
2026-08-13,9517,market,True,840.0,3.0952380952380842,1.4285714285714235,,,3.809523809523818,-1.1904761904761862,,
2026-08-13,9517,limit,True,840.0,3.0952380952380842,1.4285714285714235,,,3.809523809523818,-1.1904761904761862,,
2026-08-13,9517,stop,True,854.99,1.287734359466186,-0.3497116925344157,,,1.989496953180736,-2.9228412028210915,,
2026-08-13,4548,market,True,706.0,0.56657223796035,0.28328611898016387,,,1.1331444759206777,-0.283286118980175,,
2026-08-13,4548,limit,True,706.0,0.56657223796035,0.28328611898016387,,,1.1331444759206777,-0.283286118980175,,
2026-08-13,4548,stop,True,709.258,0.1046163737314254,-0.17736846112416105,,,0.6685860434425761,-0.741338130835334,,
2026-08-13,3905,market,True,1894.0,-0.8975712777191114,-10.612460401267153,,,5.438225976768751,-15.41710665258712,,
2026-08-13,3905,limit,True,1877.0,0.0,-9.802876931273307,,,6.393180607352167,-14.6510388918487,,
2026-08-13,3905,stop,True,1970.311,-14.074478597541196,,,,1.3545577322564784,-18.69303881468458,,
2026-08-13,9006,market,True,1521.0,-0.16436554898093814,0.8875739644970349,,,1.1176857330703394,-0.6574621959237303,,
2026-08-13,9006,limit,True,1521.0,-0.16436554898093814,0.8875739644970349,,,1.1176857330703394,-0.6574621959237303,,
2026-08-13,9006,stop,True,1529.718,0.3126066373017711,,,,0.541406978279646,-0.8967665935813107,,
2026-08-13,3837,market,True,1484.0,2.2911051212938016,3.032345013477089,,,4.043126684636111,0.0,,
2026-08-13,3837,limit,False,,,,,,,,4.891304347826098,0.8152173913043459
2026-08-13,3837,stop,True,1501.902,1.071840905731536,1.804245549975958,,,2.8029791557638184,-1.1919552673876233,,
2026-08-13,6806,market,True,27730.0,-1.5146051208077882,-6.256761630003604,,,1.244139920663545,-6.256761630003604,,
2026-08-13,6806,limit,True,26965.095,0.3704974894395807,,,,1.390334430492457,-3.5975953357479384,,
2026-08-13,6806,stop,True,28011.11,-2.5029711425216705,-7.197536977292229,,,0.22808806934104808,-7.197536977292229,,
2026-08-13,7012,market,True,2825.5,0.8494071845690954,1.2210228278180857,,,4.600955583082644,-0.796319235533538,,
2026-08-13,7012,limit,False,,,,,,,,4.879347054648697,-0.5322924059616763
2026-08-13,7012,stop,True,2843.712,0.2035367857223136,0.5727724889158958,,,3.931059122724112,-1.4316498998492078,,
2026-08-13,6638,market,True,1933.0,3.569580962234875,-0.5690636316606268,,,4.811174340403523,-1.03466114847387,,
2026-08-13,6638,limit,True,1933.0,3.569580962234875,-0.5690636316606268,,,4.811174340403523,-1.03466114847387,,
2026-08-13,6638,stop,True,1946.385,2.8573483663304033,-1.2528353845719153,,,4.090403491601102,-1.7152310565484163,,
2026-08-13,1942,market,True,5524.0,-0.07241129616220032,1.556842867487318,,,4.199855177407685,-0.7241129616220143,,
2026-08-13,1942,limit,True,5492.6175,0.49853280334921646,2.1370958381864424,,,4.795209205811246,-0.15689241058567394,,
2026-08-13,1942,stop,True,5568.599,-0.872732980054769,0.743472460487804,,,3.365316841812449,-1.5192151562718026,,
2026-08-13,7220,market,True,3680.0,-1.4945652173913082,-1.6304347826086918,,,3.940217391304346,-3.2608695652173947,,
2026-08-13,7220,limit,False,,,,,,,,5.9556786703601095,-1.3850415512465353
2026-08-13,7220,stop,True,3699.223,-2.006448381187076,-2.1416119006613,,,3.4000923977819175,-3.763574134351999,,
2026-08-13,7245,market,True,1349.0,1.111934766493694,1.8532246108228234,,,5.78206078576724,-1.4084507042253502,,
2026-08-13,7245,limit,False,,,,,,,,5.78206078576724,-1.4084507042253502
2026-08-13,7245,stop,True,1397.664,-0.40524761316024227,,,,2.098930787370934,-3.0525219222931943,,
2026-08-13,6997,market,True,3150.0,0.4761904761904745,-4.761904761904767,,,3.9682539682539764,-5.8412698412698365,,
2026-08-13,6997,limit,False,,,,,,,,6.331168831168821,-3.7012987012987053
2026-08-13,6997,stop,True,3195.052,-0.9405793708521792,-6.104814569528139,,,2.5022440949317826,-7.168960004406822,,
2026-08-13,1407,market,True,2803.0,-6.742775597574024,-2.247591865858012,,,1.3556903317873736,-7.670353193007495,,
2026-08-13,1407,limit,True,2640.6025,-1.0074405367714312,3.7641977541110316,,,7.589082415850168,-1.9920643110805214,,
2026-08-13,1407,stop,True,2825.857,-3.0382641442932123,,,,0.5358728343295427,-3.0382641442932123,,
2026-08-13,4620,market,True,961.0,2.185223725286156,0.8324661810613865,,,3.017689906347565,-0.41623309053069324,,
2026-08-13,4620,limit,False,,,,,,,,3.017689906347565,-0.41623309053069324
2026-08-13,4620,stop,True,973.581,0.8647457171000683,-0.47053095736255823,,,1.6864544398462966,-1.7030940414819118,,
2026-08-13,4626,market,True,4848.0,-0.7425742574257432,-1.1963696369637011,,,1.299504950495045,-1.4851485148514865,,
2026-08-13,4626,limit,False,,,,,,,,1.1117974058060476,-1.6676961087090825
2026-08-13,4626,stop,True,4882.562,-0.5644987201391394,,,,0.5824401205760443,-2.1825017275766245,,
2026-08-13,6622,market,True,14020.0,-0.7845934379457908,0.3566333808844524,,,5.492154065620536,-1.2838801711840264,,
2026-08-13,6622,limit,False,,,,,,,,5.793991416309008,-1.0014306151645225
2026-08-13,6622,stop,True,14166.05,-1.8074904437016648,-0.6780295142259085,,,4.404544668414978,-2.301629600347299,,
2026-08-13,6856,market,True,25000.0,0.18000000000000238,-0.9399999999999964,,,3.51999999999999,-1.7199999999999993,,
2026-08-13,6856,limit,True,24910.0,0.5419510236852609,-0.5820955439582498,,,3.894018466479321,-1.3649136892814107,,
2026-08-13,6856,stop,True,25394.346,-1.3756841778874818,-2.478291821336931,,,1.9124493302564272,-3.2461792873106576,,
2026-08-13,6996,market,True,3025.0,-1.5537190082644647,-5.421487603305786,,,4.132231404958686,-5.454545454545457,,
2026-08-13,6996,limit,False,,,,,,,,3.789126853377267,-5.766062602965405
2026-08-13,6996,stop,True,3079.548,-3.297496905390007,-7.096755757663131,,,2.2877383304303223,-7.129228055545811,,
2026-08-13,6961,market,True,11200.0,1.9642857142857073,1.6964285714285765,,,11.250000000000004,-1.1607142857142816,,
2026-08-13,6961,limit,False,,,,,,,,11.250000000000004,-1.1607142857142816
2026-08-13,6961,stop,True,11660.0,1.801029159519718,,,,6.861063464837058,-3.0017152658662116,,
2026-08-13,6368,market,True,14500.0,1.9655172413792998,-3.5862068965517246,,,4.620689655172416,-3.5862068965517246,,
2026-08-13,6368,limit,True,14080.2825,-0.7122193748598349,,,,4.89846350739056,-0.7122193748598349,,
2026-08-13,6368,stop,True,14727.053,0.3934731544729342,-5.072657781567025,,,3.007709689100735,-5.072657781567025,,
2026-08-13,2874,market,True,2073.0,1.7848528702363753,7.670043415340078,,,7.718282682103239,-3.37674867342016,,
2026-08-13,2874,limit,True,2073.0,1.7848528702363753,7.670043415340078,,,7.718282682103239,-3.37674867342016,,
2026-08-13,2874,stop,True,2098.405,0.5525625415494062,6.366502176653199,,,6.414157419563904,-4.546548449894095,,
2026-08-13,6526,market,True,2051.0,3.2910775231594247,-1.5602145294978054,,,4.680643588493427,-1.5602145294978054,,
2026-08-13,6526,limit,False,,,,,,,,7.808184785337691,1.3808686919407398
2026-08-13,6526,stop,True,2051.0,3.2910775231594247,-1.5602145294978054,,,4.680643588493427,-1.5602145294978054,,
2026-08-13,7611,market,True,2866.0,1.6748080949057886,1.5701325889741824,,,2.198185624563842,-0.06978367062107083,,
2026-08-13,7611,limit,False,,,,,,,,1.5251299826689824,-0.7279029462738285
2026-08-13,7611,stop,True,2905.989,0.2756720689582881,0.17243699133067114,,,0.7918474570963507,-1.444912558168665,,
2026-08-13,9274,market,True,1080.0,1.388888888888884,3.8888888888888973,,,3.9814814814814747,-0.462962962962965,,
2026-08-13,9274,limit,True,1080.0,1.388888888888884,3.8888888888888973,,,3.9814814814814747,-0.462962962962965,,
2026-08-13,9274,stop,True,1092.842,0.1974667884286907,2.6680892571844694,,,2.759593793064319,-1.6326239291681754,,
2026-08-13,2120,market,True,225.0,8.000000000000007,8.000000000000007,,,10.222222222222221,-1.3333333333333308,,
2026-08-13,2120,limit,False,,,,,,,,11.711711711711704,0.0
2026-08-13,2120,stop,True,225.0,8.000000000000007,8.000000000000007,,,10.222222222222221,-1.3333333333333308,,
2026-08-13,7860,market,True,1221.0,1.7199017199017286,2.6208026208026203,,,3.357903357903358,-0.24570024570024218,,
2026-08-13,7860,limit,True,1221.0,1.7199017199017286,2.6208026208026203,,,3.357903357903358,-0.24570024570024218,,
2026-08-13,7860,stop,True,1252.637,-0.05085272109955907,,,,0.747463151735106,-1.3281581176350366,,
2026-08-13,8818,market,True,1085.0,1.8433179723502224,1.0138248847926246,,,3.2258064516129004,0.0,,
2026-08-13,8818,limit,False,,,,,,,,2.470265324794152,-0.7319304666056681
2026-08-13,8818,stop,True,1096.352,0.7887977583841632,-0.032106476752002955,,,2.156971483611092,-1.0354338752517567,,
2026-08-13,7979,market,True,2360.0,0.12711864406780293,0.8050847457627075,,,1.5254237288135686,-1.5677966101694918,,
2026-08-13,7979,limit,False,,,,,,,,-0.5809128630705374,-3.6099585062240647
2026-08-13,7979,stop,False,,,,,,,,-0.5809128630705374,-3.6099585062240647
2026-08-13,8601,market,True,1813.0,-0.6618863761720939,-2.316602316602312,,,0.6618863761720828,-2.316602316602312,,
2026-08-13,8601,limit,True,1806.6225,-0.3112160952274179,-1.9717732951958666,,,1.0172296647473322,-1.9717732951958666,,
2026-08-13,8601,stop,False,,,,,,,,0.38503850385038785,-2.585258525852585
2026-08-13,2157,market,True,1022.0,1.4677103718199636,0.1956947162426559,,,1.6634050880626194,-0.5870841487279899,,
2026-08-13,2157,limit,True,1022.0,1.4677103718199636,0.1956947162426559,,,1.6634050880626194,-0.5870841487279899,,
2026-08-13,2157,stop,True,1031.138,0.5684981059761229,-0.6922448789589697,,,0.7624585651968996,-1.4680867158420985,,
2026-08-13,1938,market,True,2435.0,0.246406570841895,1.8069815195071781,,,3.490759753593431,-1.0266940451745366,,
2026-08-13,1938,limit,True,2425.0224999999996,0.6588598662486733,2.2258556363910165,,,3.9165615989130265,-0.6194787883411212,,
2026-08-13,1938,stop,True,2455.721,-0.5994573487786314,0.9479497060130182,,,2.617520475656643,-1.8618157355823395,,
2026-08-13,6330,market,True,2541.0,1.9283746556473913,-2.085792994883906,,,6.296733569460833,-7.398661944116491,,
2026-08-13,6330,limit,False,,,,,,,,8.040000000000003,-5.879999999999996
2026-08-13,6330,stop,True,2541.0,1.9283746556473913,-2.085792994883906,,,6.296733569460833,-7.398661944116491,,
2026-08-13,6378,market,True,1305.0,-1.3026819923371624,-0.919540229885063,,,1.2260536398467359,-1.9157088122605415,,
2026-08-13,6378,limit,False,,,,,,,,1.6936104695919996,-1.4626635873749017
2026-08-13,6378,stop,True,1306.59,-1.422787561515082,-1.040112047390529,,,1.1028708317069702,-2.035068384114369,,
2026-08-13,6674,market,True,5660.0,-0.12367491166077604,-2.491166077738516,,,1.9257950530035428,-2.491166077738516,,
2026-08-13,6674,limit,False,,,,,,,,2.7975766215253106,-1.6571632216678567
2026-08-13,6674,stop,True,5717.966,-1.136173247619876,-3.4796639224507486,,,0.8925201723829712,-3.4796639224507486,,
2026-08-13,6707,market,True,8260.0,0.2421307506053294,-1.4648910411622307,,,2.74818401937047,-3.0266343825665842,,
2026-08-13,6707,limit,True,8260.0,0.2421307506053294,-1.4648910411622307,,,2.74818401937047,-3.0266343825665842,,
2026-08-13,6707,stop,False,,,,,,,,-2.5267026530377823,-8.005053405306073
2026-08-13,6981,market,True,8500.0,-3.117647058823525,-11.811764705882355,,,0.47058823529411153,-12.235294117647054,,
2026-08-13,6981,limit,False,,,,,,,,2.7553844302731223,-10.239441703766094
2026-08-13,6981,stop,True,8532.156,-3.4827773894429592,-12.144128635247654,,,0.09193455909619619,-12.566061848845722,,
2026-08-13,7059,market,True,928.0,-0.5387931034482762,-0.6465517241379337,,,1.18534482758621,-2.909482758620685,,
2026-08-13,7059,limit,False,,,,,,,,1.18534482758621,-2.909482758620685
2026-08-13,7059,stop,True,930.188,-0.7727470145819981,-0.8802521640786543,,,0.9473353773645776,-3.137860303508533,,
2026-08-13,6951,market,True,9002.0,-1.7218395912019568,-18.307042879360147,,,2.8104865585425465,-19.97333925794268,,
2026-08-13,6951,limit,True,7692.0,-3.471138845553823,,,,0.455018200728019,-6.344253770150809,,
2026-08-13,6951,stop,True,9065.523,-2.4104842048274455,-18.879473362981926,,,2.090083495458561,-20.534093841028245,,
2026-08-13,6777,market,True,20250.0,-5.086419753086425,-2.370370370370367,,,4.9876543209876445,-6.074074074074076,,
2026-08-13,6777,limit,False,,,,,,,,5.508684863523583,-5.607940446650128
2026-08-13,6777,stop,True,20729.123,-4.6269347719148595,,,,2.5610200682392614,-4.6269347719148595,,
2026-08-13,4674,market,True,1922.0,1.716961498439118,3.954214360041619,,,5.150884495317376,-0.6763787721123848,,
2026-08-13,4674,limit,False,,,,,,,,6.480505795574287,0.5795574288725014
2026-08-13,4674,stop,True,1922.0,1.716961498439118,3.954214360041619,,,5.150884495317376,-0.6763787721123848,,
2026-08-13,3245,market,True,1120.0,2.767857142857144,2.767857142857144,,,5.178571428571432,-0.6249999999999978,,
2026-08-13,3245,limit,False,,,,,,,,5.650224215246635,-0.17937219730941312
2026-08-13,3245,stop,True,1120.948,2.6809450572194082,2.6809450572194082,,,5.089620571159403,-0.7090427031405611,,
2026-08-13,5208,market,True,2910.0,-1.7525773195876337,-5.32646048109966,,,2.3367697594501635,-5.395189003436429,,
2026-08-13,5208,limit,False,,,,,,,,2.6896551724137963,-5.0689655172413755
2026-08-13,5208,stop,True,2922.341,-2.167474637627842,-5.726265346857195,,,1.9046031931249763,-5.794703629726983,,
2026-08-13,5105,market,True,3778.0,0.582318687136052,0.1323451561672906,,,1.5881418740074205,-1.376389624139751,,
2026-08-13,5105,limit,True,3778.0,0.582318687136052,0.1323451561672906,,,1.5881418740074205,-1.376389624139751,,
2026-08-13,5105,stop,False,,,,,,,,1.159725882973106,-1.7923036373220902
2026-08-13,5232,market,True,5734.0,3.104290198814086,2.197418904778514,,,4.708754795953962,-1.1161492849668608,,
2026-08-13,5232,limit,False,,,,,,,,5.167279733753727,-0.6831318970047295
2026-08-13,5232,stop,True,5866.538,0.7749374503327244,-0.11144562602337649,,,2.343153662347386,-3.3501530204014585,,
2026-08-13,3482,market,True,2609.0,-0.03832886163280813,-0.30663089306247615,,,1.8781142200076761,-0.3832886163280924,,
2026-08-13,3482,limit,True,2609.0,-0.03832886163280813,-0.30663089306247615,,,1.8781142200076761,-0.3832886163280924,,
2026-08-13,3482,stop,True,2621.124,-0.5007012258862908,-0.7677622271971773,,,1.4068773549057667,-0.8440653704288592,,
2026-08-13,1833,market,True,5670.0,1.0582010582010692,0.8818342151675429,,,2.645502645502651,-0.3527336860670194,,
2026-08-13,1833,limit,True,5670.0,1.0582010582010692,0.8818342151675429,,,2.645502645502651,-0.3527336860670194,,
2026-08-13,1833,stop,True,5721.662,0.14572688844605164,-0.02904750402943357,,,1.7186964207253075,-1.2524682513577412,,
2026-08-13,1419,market,True,2938.0,1.5997277059224047,1.0891763104152519,,,2.076242341729073,-0.2722940776038074,,
2026-08-13,1419,limit,True,2933.0,1.7729287419024908,1.2615069894306163,,,2.2502557108762256,-0.1022843504943749,,
2026-08-13,1419,stop,True,2942.922,1.4298034402542736,0.9201059355293806,,,1.9055211113308435,-0.4390874104036713,,
2026-08-13,3632,market,True,425.0,0.9411764705882453,0.23529411764706687,,,1.17647058823529,-0.9411764705882342,,
2026-08-13,3632,limit,False,,,,,,,,0.9389671361502261,-1.1737089201877882
2026-08-13,3632,stop,True,426.949,0.48038524507609814,-0.2222747916027501,,,0.7146052573023809,-1.393374852734175,,
2026-08-13,9021,market,True,2864.0,1.9553072625698276,0.6983240223463749,,,2.304469273743015,-0.4539106145251437,,
2026-08-13,9021,limit,True,2864.0,1.9553072625698276,0.6983240223463749,,,2.304469273743015,-0.4539106145251437,,
2026-08-13,9021,stop,True,2913.883,0.20992606772476385,-1.0255387742060917,,,0.5531107460388762,-2.158048212642716,,
2026-08-13,1514,market,True,637.0,1.4128728414442682,4.709576138147575,,,5.180533751962324,-0.7849293563579329,,
2026-08-13,1514,limit,False,,,,,,,,4.6875,-1.2499999999999956
2026-08-13,1514,stop,True,652.315,-0.9680905697400877,2.2512129875903453,,,2.711113495780415,-3.114292941293706,,
2026-08-13,9166,market,True,712.0,3.93258426966292,3.08988764044944,,,8.56741573033708,-2.94943820224719,,
2026-08-13,9166,limit,False,,,,,,,,9.335219236209324,-2.2630834512022635
2026-08-13,9166,stop,True,714.128,3.622879931888945,2.782694418927689,,,8.243900253175894,-3.238635090628017,,
2026-08-13,1447,market,True,363.0,4.40771349862259,6.6115702479338845,,,14.876033057851235,-0.27548209366391463,,
2026-08-13,1447,limit,False,,,,,,,,13.008130081300816,-1.8970189701897011
2026-08-13,1447,stop,True,371.247,2.0883670440434488,4.243266612255447,,,12.324139993050442,-2.4907945384070485,,
2026-08-13,9552,market,True,1000.0,-0.30000000000000027,-2.500000000000002,,,0.40000000000000036,-10.299999999999997,,
2026-08-13,9552,limit,False,,,,,,,,-0.7905138339920903,-11.363636363636365
2026-08-13,9552,stop,False,,,,,,,,-0.7905138339920903,-11.363636363636365
2026-08-13,6742,market,True,1062.0,-0.5649717514124242,-0.18832391713747842,,,3.5781544256120457,-3.1073446327683607,,
2026-08-13,6742,limit,False,,,,,,,,2.8999064546304965,-3.7418147801683843
2026-08-13,6742,stop,True,1074.681,-1.738283267313745,-1.366079794841446,,,2.3559549298815208,-4.2506567065017435,,
2026-08-13,6480,market,True,1926.0,-2.9595015576323935,-4.569055036344761,,,2.2845275181723856,-4.984423676012462,,
2026-08-13,6480,limit,False,,,,,,,,4.232804232804233,-3.1746031746031744
2026-08-13,6480,stop,True,1934.591,-3.3904323963049543,-4.992838279512302,,,1.830309352209336,-5.406362378404528,,
2026-08-13,6479,market,True,3871.0,-2.609144923792306,-6.639111340738824,,,0.0,-6.923275639369675,,
2026-08-13,6479,limit,True,3704.9700000000003,0.7025697913883189,,,,1.728219121882213,-2.752249006064833,,
2026-08-13,6479,stop,True,3871.0,-2.609144923792306,-6.639111340738824,,,0.0,-6.923275639369675,,
2026-08-13,6418,market,True,1260.0,1.3492063492063444,1.6666666666666607,,,5.238095238095242,-0.31746031746031633,,
2026-08-13,6418,limit,False,,,,,,,,4.988123515439424,-0.5542359461599422
2026-08-13,6418,stop,True,1266.238,0.8499192095009045,1.165815589170438,,,4.719649860452768,-0.808536783764191,,
2026-08-13,5246,market,True,825.0,4.2424242424242475,5.212121212121201,,,8.242424242424251,-0.727272727272732,,
2026-08-13,5246,limit,False,,,,,,,,6.309523809523809,-2.500000000000002
2026-08-13,5246,stop,True,846.76,1.5636071614152813,2.50838490245171,,,5.460815343190517,-3.2783787613963833,,
2026-08-13,4996,market,True,760.0,0.0,1.8421052631578894,,,2.763157894736845,-0.6578947368421018,,
2026-08-13,4996,limit,False,,,,,,,,2.6281208935611033,-0.7884362680683266
2026-08-13,4996,stop,True,763.158,-0.41380683947491725,1.420675666113702,,,2.337916918908012,-1.0689791628994305,,
2026-08-13,9227,market,True,910.0,1.8681318681318615,5.494505494505497,,,11.538461538461542,-2.0879120879120916,,
2026-08-13,9227,limit,False,,,,,,,,11.050328227571127,-2.516411378555794
2026-08-13,9227,stop,True,931.758,-0.5106476145093519,3.0310445416084297,,,8.93386480180476,-4.374311784819662,,
2026-08-13,5706,market,True,29850.0,-1.5912897822445538,0.7035175879396949,,,10.954773869346734,-2.897822445561138,,
2026-08-13,5706,limit,True,29222.56,0.5216517649377694,2.86573113375419,,,13.337092985693232,-0.8129335691328898,,
2026-08-13,5706,stop,True,31260.428,1.054278591451152,,,,5.948645360837679,-4.60783198489797,,
2026-08-13,4588,market,True,3350.0,-2.985074626865669,6.26865671641792,,,12.537313432835816,-4.7761194029850795,,
2026-08-13,4588,limit,False,,,,,,,,11.869436201780426,-5.341246290801182
2026-08-13,4588,stop,True,3389.674,-4.12057324686681,5.024848997278197,,,11.220135033634504,-5.890654971540032,,
2026-08-13,4480,market,True,2577.0,3.880481179666284,10.360884749708955,,,17.966627861854878,-1.008925106713232,,
2026-08-13,4480,limit,False,,,,,,,,39.64170877354156,17.17960496095545
2026-08-13,4480,stop,False,,,,,,,,39.64170877354156,17.17960496095545
2026-08-13,6920,market,True,41530.0,-6.525403322899104,-10.859619552130994,,,0.3611846857693335,-11.606067902720929,,
2026-08-13,6920,limit,True,38375.765,2.304149506856734,,,,3.138009105486228,-4.340669169722089,,
2026-08-13,6920,stop,False,,,,,,,,2.9389972832798206,-9.335638429241788
2026-08-13,3284,market,True,1275.0,1.6470588235294015,2.19607843137255,,,2.35294117647058,-0.31372549019608176,,
2026-08-13,3284,limit,False,,,,,,,,2.032838154808436,-0.6254886630179812
2026-08-13,3284,stop,True,1286.987,0.7003178742287064,1.2442239121296383,,,1.399625637244184,-1.2422036897031696,,
2026-08-13,6995,market,True,3050.0,1.1475409836065653,1.6393442622950838,,,2.1311475409836023,-0.6557377049180357,,
2026-08-13,6995,limit,True,3049.1925,1.1743273014084732,1.6662608215125774,,,2.1581943416166594,-0.6294289389731866,,
2026-08-13,6995,stop,True,3087.465,-0.565674428697982,,,,0.8918319721842982,-1.2134550513123288,,
2026-08-13,7003,market,True,4281.0,1.4949778089231591,2.686288250408775,,,6.867554309740709,-1.191310441485638,,
2026-08-13,7003,limit,True,4281.0,1.4949778089231591,2.686288250408775,,,6.867554309740709,-1.191310441485638,,
2026-08-13,7003,stop,True,4433.063,-1.9865045906182766,-0.8360584995069975,,,3.2017817026286366,-4.580647737241728,,
2026-08-13,7600,market,True,888.0,0.6756756756756799,-4.504504504504503,,,2.0270270270270174,-5.180180180180183,,
2026-08-13,7600,limit,True,885.5375,0.9556342899086578,-4.238950919639207,,,2.3107434750081035,-4.9165055121889285,,
2026-08-13,7600,stop,False,,,,,,,,1.0033444816053505,-6.131549609810483
2026-08-13,1979,market,True,4055.0,0.6165228113440113,0.36991368680641123,,,3.5758323057953234,-0.7398273736128225,,
2026-08-13,1979,limit,True,4055.0,0.6165228113440113,0.36991368680641123,,,3.5758323057953234,-0.7398273736128225,,
2026-08-13,1979,stop,True,4130.0,0.2421307506053294,,,,1.6949152542372836,-1.6949152542372836,,
2026-08-13,7972,market,True,2638.0,1.2888551933282866,-2.8051554207733087,,,2.2744503411675554,-2.8051554207733087,,
2026-08-13,7972,limit,True,2638.0,1.2888551933282866,-2.8051554207733087,,,2.2744503411675554,-2.8051554207733087,,
2026-08-13,7972,stop,True,2671.894,0.003967223250622709,-4.038109296252013,,,0.977059718686446,-4.038109296252013,,
2026-08-13,7803,market,True,379.0,3.95778364116095,8.179419525065956,,,13.720316622691286,-1.846965699208447,,
2026-08-13,7803,limit,True,376.27000000000004,4.712041884816753,8.964307545113858,,,14.545406224253842,-1.134823398091811,,
2026-08-13,7803,stop,True,401.84,-1.951025283694996,2.0306589687437926,,,7.256619550069687,-7.425841130798327,,
2026-08-13,7004,market,True,1240.0,0.4838709677419395,1.9354838709677358,,,2.4193548387096753,-1.1290322580645107,,
2026-08-13,7004,limit,False,,,,,,,,3.0008110300081103,-0.5677210056772131
2026-08-13,7004,stop,True,1269.416,-0.4266528860515373,,,,0.04600540721086954,-2.317286059101187,,
2026-08-13,7717,market,True,5840.0,-0.5136986301369828,1.0273972602739656,,,7.02054794520548,-2.2260273972602773,,
2026-08-13,7717,limit,False,,,,,,,,7.5731497418244365,-1.721170395869187
2026-08-13,7717,stop,True,5988.276,1.5317263265754555,,,,4.370606832417212,-4.647013597903637,,
2026-08-13,6994,market,True,1163.0,2.2355975924333693,5.67497850386931,,,14.703353396388641,-0.6878761822871837,,
2026-08-13,6994,limit,False,,,,,,,,15.298184961106308,-0.17286084701815252
2026-08-13,6994,stop,True,1169.182,1.6950312269603973,5.11622655839723,,,14.096864303418965,-1.2129848047609415,,
2026-08-13,6999,market,True,2552.0,-0.8620689655172376,-4.192789968652033,,,3.6442006269592486,-4.192789968652033,,
2026-08-13,6999,limit,False,,,,,,,,3.7661828167909084,-4.080031384856808
2026-08-13,6999,stop,True,2598.589,-2.6394708820825397,-5.9104768010639575,,,1.7860077141864217,-5.9104768010639575,,
2026-08-13,6971,market,True,3925.0,-0.4331210191082846,-3.2101910828025493,,,1.4267515923566787,-4.280254777070058,,
2026-08-13,6971,limit,False,,,,,,,,1.9462227912932173,-3.790012804097309
2026-08-13,6971,stop,True,3951.281,-1.0953662875406778,-3.853965334280196,,,0.7521358263307576,-4.916911755959652,,
2026-08-13,6962,market,True,825.0,-1.4545454545454528,-1.6969696969696968,,,2.1818181818181737,-2.4242424242424288,,
2026-08-13,6962,limit,False,,,,,,,,4.981320049813198,0.24906600249066102
2026-08-13,6962,stop,True,829.74,-2.0174994576614425,-2.258538819389211,,,1.598090968255117,-2.981656904572516,,
2026-08-13,6905,market,True,1388.0,0.6484149855907839,-0.9365994236311237,,,1.2968299711815456,-1.8011527377521652,,
2026-08-13,6905,limit,False,,,,,,,,2.2545454545454646,-0.8727272727272695
2026-08-13,6905,stop,True,1388.0,0.6484149855907839,-0.9365994236311237,,,1.2968299711815456,-1.8011527377521652,,
2026-08-13,6800,market,True,4330.0,-2.886836027713624,-2.4249422632794504,,,5.196304849884537,-4.387990762124716,,
2026-08-13,6800,limit,False,,,,,,,,5.439814814814814,-4.1666666666666625
2026-08-13,6800,stop,True,4414.099,0.7000522643465734,,,,3.1920670560402042,-5.98307831337721,,
2026-08-13,4587,market,True,1055.5,-2.273803884414971,-2.842254855518711,,,1.6579819990525824,-6.792990261206178,,
2026-08-13,4587,limit,False,,,,,,,,2.581261950286806,-5.9464638821253635
2026-08-13,4587,stop,True,1066.758,-3.3051544961462676,-3.867606336207463,,,0.5851373976103247,-7.776647768943967,,
2026-08-13,2531,market,True,2036.0,1.6453831041257416,3.4626719056974453,,,4.788801571709245,-0.5648330058939055,,
2026-08-13,2531,limit,True,2036.0,1.6453831041257416,3.4626719056974453,,,4.788801571709245,-0.5648330058939055,,
2026-08-13,2531,stop,True,2064.502,0.24209228181906184,2.0342920471861925,,,3.342113497589261,-1.9376101355193631,,
2026-08-13,1945,market,True,2059.0,-1.6027197668771254,0.8742107819329714,,,3.8368139873725005,-2.2826614861583328,,
2026-08-13,1945,limit,False,,,,,,,,3.5351089588377738,-2.5665859564164673
2026-08-13,1945,stop,True,2085.088,0.09169876762993301,,,,2.537638699181999,-2.402200770423124,,
2026-08-13,1926,market,True,3750.0,0.0,0.6666666666666599,,,1.866666666666661,-0.40000000000000036,,
2026-08-13,1926,limit,True,3745.0,0.1335113484646211,0.8010680907877266,,,2.002670226969294,-0.2670226969292422,,
2026-08-13,1926,stop,True,3809.651,-0.38457590997180713,,,,0.27165218021283355,-1.1720496181933715,,
2026-08-13,1946,market,True,2113.0,-0.5205868433506899,0.7572172266919086,,,2.6975863700899216,-0.6625650733554145,,
2026-08-13,1946,limit,False,,,,,,,,2.406795658329397,-0.9438414346389812
2026-08-13,1946,stop,True,2137.358,1.3868523663326249,,,,1.5272125680396043,-1.4671384017090339,,
2026-08-13,1377,market,True,4400.0,-0.7954545454545436,1.3636363636363669,,,1.5909090909090873,-0.9090909090909038,,
2026-08-13,1377,limit,False,,,,,,,,1.5909090909090873,-0.9090909090909038
2026-08-13,1377,stop,True,4438.341,0.48799765497964387,,,,0.7133070667620922,-1.7650964628450172,,
2026-08-13,9880,market,True,3655.0,2.0519835841313228,2.735978112175097,,,6.429548563611487,-0.2735978112175075,,
2026-08-13,9880,limit,False,,,,,,,,6.429548563611487,-0.2735978112175075
2026-08-13,9880,stop,True,3726.087,0.105016334830621,0.7759614845278762,,,4.399065292893045,-2.17619717414006,,
2026-08-13,3993,market,True,2786.0,13.783201722900218,4.953338119167272,,,14.321608040200996,-3.7688442211055273,,
2026-08-13,3993,limit,True,2786.0,13.783201722900218,4.953338119167272,,,14.321608040200996,-3.7688442211055273,,
2026-08-13,3993,stop,True,3045.787,4.0781906285633385,-3.998539622107511,,,4.570674180433509,-11.976773162404331,,
2026-08-13,9008,market,True,762.0,-0.32808398950131545,0.1837302380659489,,,0.8661385283382561,-1.3648326002706712,,
2026-08-13,9008,limit,True,760.4,-0.1183587585481316,0.3945324058472588,,,1.078376589418406,-1.1572888498241007,,
2026-08-13,9008,stop,True,765.878,-0.3235470382929817,,,,0.35540589832028235,-1.864268775713962,,
2026-08-13,3687,market,True,2328.0,-1.8470790378006918,-4.381443298969067,,,1.3745704467353903,-4.424398625429548,,
2026-08-13,3687,limit,False,,,,,,,,3.463393248575186,-2.4550635686102606
2026-08-13,3687,stop,True,2357.722,-3.08441792543821,-5.586833392571311,,,0.09661868532422346,-5.629247214048149,,
2026-08-13,8616,market,True,838.0,-0.11933174224343368,-0.4773269689737458,,,0.5966587112171906,-0.7159904534606243,,
2026-08-13,8616,limit,False,,,,,,,,0.3571428571428559,-0.952380952380949
2026-08-13,8616,stop,False,,,,,,,,0.3571428571428559,-0.952380952380949
2026-08-13,8697,market,True,2287.5,-1.9016393442622959,-4.196721311475415,,,0.5464480874316946,-4.546448087431698,,
2026-08-13,8697,limit,True,2211.8224999999998,0.4375351096211455,,,,0.9574683321107447,-1.2805051038227377,,
2026-08-13,8697,stop,False,,,,,,,,0.4805591961555278,-4.608999563128002
2026-08-13,4028,market,True,3080.0,0.9740259740259827,-0.8116883116883078,,,3.0844155844155896,-1.1363636363636354,,
2026-08-13,4028,limit,False,,,,,,,,2.254428341384873,-1.9323671497584516
2026-08-13,4028,stop,True,3151.68,-1.32246928622195,-3.0675703117067687,,,0.7399228348055731,-3.384861407249462,,
2026-08-13,3395,market,True,2420.0,1.2809917355371958,1.0330578512396604,,,1.8595041322314154,-0.12396694214875659,,
2026-08-13,3395,limit,False,,,,,,,,2.2397345499792554,0.2488593944421469
2026-08-13,3395,stop,True,2431.272,0.8114271048241362,0.5646427055467251,,,1.387257369804784,-0.5870178244145374,,
2026-08-13,7995,market,True,6990.0,-1.2875536480686733,-4.14878397711016,,,1.4306151645207432,-4.14878397711016,,
2026-08-13,7995,limit,False,,,,,,,,1.4306151645207432,-4.14878397711016
2026-08-13,7995,stop,False,,,,,,,,1.4306151645207432,-4.14878397711016
2026-08-13,3436,market,True,4012.0,-2.293120638085744,-5.583250249252247,,,5.807577268195407,-5.7328015952143545,,
2026-08-13,3436,limit,False,,,,,,,,10.374414976599056,-1.6640665626625029
2026-08-13,3436,stop,True,4012.0,-2.293120638085744,-5.583250249252247,,,5.807577268195407,-5.7328015952143545,,
2026-08-13,8167,market,True,1419.0,2.0436927413671535,3.3826638477801207,,,3.946441155743474,-0.7047216349541974,,
2026-08-13,8167,limit,False,,,,,,,,3.946441155743474,-0.7047216349541974
2026-08-13,8167,stop,True,1443.408,0.31813596710008607,1.634465099265081,,,2.1887089443871854,-2.3838027778701476,,
2026-08-13,8253,market,True,4886.0,-3.0904625460499435,-4.973393368808843,,,0.0,-6.569791240278344,,
2026-08-13,8253,limit,True,4586.5325,1.2311588329527723,,,,2.016065513544274,-0.46947230832878883,,
2026-08-13,8253,stop,True,4886.0,-3.0904625460499435,-4.973393368808843,,,0.0,-6.569791240278344,,
2026-08-13,8366,market,True,2700.0,2.777777777777768,2.333333333333343,,,5.148148148148146,-0.2592592592592591,,
2026-08-13,8366,limit,False,,,,,,,,5.499814195466368,0.07432181345223832
2026-08-13,8366,stop,True,2708.488,2.4556874536642015,2.012635832242937,,,4.818629434577537,-0.5718319593810195,,
2026-08-13,8368,market,True,2278.0,1.316944688323085,2.765583845478492,,,4.565408252853387,-0.4389815627743654,,
2026-08-13,8368,limit,False,,,,,,,,4.565408252853387,-0.4389815627743654
2026-08-13,8368,stop,True,2289.376,0.8134967781613822,2.254937589980832,,,4.045818598605022,-0.933704205862218,,
2026-08-13,3778,market,True,3660.0,5.737704918032782,17.486338797814206,,,18.852459016393453,-0.6830601092896127,,
2026-08-13,3778,limit,False,,,,,,,,18.0461329715061,-1.3568521031207648
2026-08-13,3778,stop,True,3734.609,3.6253058887824707,15.139228765313861,,,16.478057006770985,-2.667186846066083,,
2026-08-13,3864,market,True,1150.0,0.17391304347826875,0.08695652173913437,,,2.60869565217392,-1.7391304347826098,,
2026-08-13,3864,limit,False,,,,,,,,2.5195482189400487,-1.8245004344048632
2026-08-13,3864,stop,True,1165.602,-1.1669506400984297,-1.2527432176677844,,,1.2352415318436227,-3.054387346624332,,
2026-08-13,6440,market,True,654.0,-1.6819571865443472,-2.905198776758411,,,0.7645259938837912,-3.669724770642202,,
2026-08-13,6440,limit,False,,,,,,,,0.7645259938837912,-3.669724770642202
2026-08-13,6440,stop,False,,,,,,,,0.7645259938837912,-3.669724770642202
2026-08-13,6433,market,True,963.0,5.295950155763229,7.892004153686405,,,10.280373831775691,0.0,,
2026-08-13,6433,limit,False,,,,,,,,9.824198552223361,-0.4136504653567741
2026-08-13,6433,stop,True,1003.977,0.9983296430097433,3.48842652769934,,,5.77931566161376,-4.081468001757004,,
2026-08-13,1961,market,True,2428.0,0.535420098846795,2.100494233937389,,,6.4662273476111976,-0.658978583196046,,
2026-08-13,1961,limit,False,,,,,,,,6.72997522708505,-0.41288191577208977
2026-08-13,1961,stop,True,2509.0,0.7174172977281845,,,,3.029095257074532,-2.1522518931845314,,
2026-08-13,5202,market,True,482.0,0.20746887966804906,0.4149377593360981,,,0.4149377593360981,0.0,,
2026-08-13,5202,limit,True,482.0,0.20746887966804906,0.4149377593360981,,,0.4149377593360981,0.0,,
2026-08-13,5202,stop,True,483.179,0.16991632500584775,,,,0.16991632500584775,-0.2440089490644226,,
2026-08-13,6383,market,True,6370.0,-1.051805337519618,-3.2339089481946637,,,0.5651491365777028,-3.8775510204081653,,
2026-08-13,6383,limit,False,,,,,,,,1.3286934514394222,-3.147738057576721
2026-08-13,6383,stop,True,6389.808,-1.3585384725174787,-3.533877700237631,,,0.25340354514564734,-4.175524522802565,,
2026-08-13,6387,market,True,9940.0,-0.4024144869215318,0.3018108651911433,,,10.160965794768618,-1.810865191146882,,
2026-08-13,6387,limit,False,,,,,,,,11.507128309572302,-0.6109979633401208
2026-08-13,6387,stop,True,10079.961,-1.7853342884957546,-1.0908871572022916,,,8.631372680906214,-3.1742285510826806,,
2026-08-13,6331,market,True,3280.0,0.1524390243902385,1.5243902439024293,,,3.8109756097560954,-0.1524390243902385,,
2026-08-13,6331,limit,False,,,,,,,,4.76923076923077,0.7692307692307665
2026-08-13,6331,stop,True,3280.0,0.1524390243902385,1.5243902439024293,,,3.8109756097560954,-0.1524390243902385,,
2026-08-13,6356,market,True,1422.0,-1.828410689170179,-3.305203938115331,,,0.4922644163150469,-3.305203938115331,,
2026-08-13,6356,limit,False,,,,,,,,1.0608203677510586,-2.758132956152759
2026-08-13,6356,stop,False,,,,,,,,1.0608203677510586,-2.758132956152759
2026-08-13,5802,market,True,2384.0,0.0838926174496546,1.4890939597315356,,,8.389261744966436,-1.593959731543626,,
2026-08-13,5802,limit,False,,,,,,,,10.68751338616407,0.49261083743843415
2026-08-13,5802,stop,True,2419.323,2.2186785311428148,,,,6.806738910017396,-2.782720620603363,,
2026-08-13,9449,market,True,4220.0,2.914691943127967,-6.279620853080569,,,4.028436018957349,-9.218009478672984,,
2026-08-13,9449,limit,True,4030.0,-2.481389578163773,,,,1.1910669975186083,-4.937965260545907,,
2026-08-13,9449,stop,True,4251.435,2.153743383116513,-6.972586903010402,,,3.259252464167961,-9.88924915940148,,
2026-08-13,1786,market,True,346.0,2.0231213872832443,2.6011560693641522,,,4.335260115606943,0.0,,
2026-08-13,1786,limit,True,346.0,2.0231213872832443,2.6011560693641522,,,4.335260115606943,0.0,,
2026-08-13,1786,stop,True,353.073,-0.020675610992626492,0.5457794846958075,,,2.245144771761076,-2.0032684459021177,,
2026-08-13,6337,market,True,3540.0,-2.824858757062143,-4.23728813559322,,,0.8474576271186418,-6.214689265536721,,
2026-08-13,6337,limit,False,,,,,,,,1.1331444759206777,-5.9490084985835745
2026-08-13,6337,stop,False,,,,,,,,1.1331444759206777,-5.9490084985835745
2026-08-13,5930,market,True,1825.0,1.205479452054803,-0.49315068493150926,,,1.6438356164383494,-0.6027397260274014,,
2026-08-13,5930,limit,True,1825.0,1.205479452054803,-0.49315068493150926,,,1.6438356164383494,-0.6027397260274014,,
2026-08-13,5930,stop,True,1842.097,0.2661640510787544,-1.4167006406285876,,,0.7004517134548305,-1.5252725562226122,,
2026-08-13,6146,market,True,68120.0,-3.890193775689954,-8.470346447445687,,,0.0,-9.321785085143864,,
2026-08-13,6146,limit,False,,,,,,,,3.478657147197328,-6.167400881057272
2026-08-13,6146,stop,True,68120.0,-3.890193775689954,-8.470346447445687,,,0.0,-9.321785085143864,,
2026-08-13,6264,market,True,2172.0,-1.151012891344383,1.2891344383057168,,,4.880294659300177,-2.255985267034988,,
2026-08-13,6264,limit,False,,,,,,,,6.797937177684021,-0.46882325363337696
2026-08-13,6264,stop,True,2210.007,0.9951552189653601,,,,3.0765965899655523,-3.4844686012306725,,
2026-08-13,5367,market,True,1305.0,-1.532567049808431,-3.371647509578546,,,5.440613026819929,-3.524904214559388,,
2026-08-13,5367,limit,False,,,,,,,,5.8461538461538565,-3.1538461538461515
2026-08-13,5367,stop,True,1328.977,0.07697650147444612,,,,3.538285463179558,-5.265478635070442,,
2026-08-13,2288,market,True,2185.0,1.922196796338671,2.0594965675057253,,,2.425629290617848,-0.4576659038901587,,
2026-08-13,2288,limit,True,2184.0,1.9688644688644619,2.1062271062270987,,,2.4725274725274637,-0.4120879120879106,,
2026-08-13,2288,stop,True,2204.451,1.0228850629930175,1.158973367972349,,,1.5218755145838925,-1.3359788899821368,,
2026-08-13,2471,market,True,294.0,1.3605442176870763,-0.3401360544217691,,,2.3809523809523725,-1.7006802721088454,,
2026-08-13,2471,limit,False,,,,,,,,1.6891891891891886,-2.3648648648648685
2026-08-13,2471,stop,True,296.782,0.410402248114794,-1.274336044638824,,,1.4212452237669426,-2.6221266788417075,,
2026-08-13,5121,market,True,2725.0,1.431192660550451,1.7614678899082525,,,3.8532110091743066,-0.3302752293578015,,
2026-08-13,5121,limit,False,,,,,,,,3.435672514619892,-0.7309941520467822
2026-08-13,5121,stop,True,2752.693,0.41076138893803016,0.7377139404939115,,,2.808413433681123,-1.332985552693311,,
2026-08-13,6369,market,True,2469.0,1.3365735115431265,1.0935601458080146,,,2.3086269744835963,-0.44552450384771625,,
2026-08-13,6369,limit,False,,,,,,,,2.3086269744835963,-0.44552450384771625
2026-08-13,6369,stop,True,2485.412,0.6674144970733265,0.42600582921463737,,,1.6330491685080828,-1.102915733890386,,
2026-08-13,6779,market,True,3175.0,-2.3622047244094446,-3.464566929133861,,,7.086614173228356,-4.881889763779523,,
2026-08-13,6779,limit,False,,,,,,,,7.424960505529232,-4.581358609794628
2026-08-13,6779,stop,True,3264.704,-5.044990296210628,-6.117062986414701,,,4.144204191252854,-7.495442159534226,,
2026-08-13,6794,market,True,2920.0,5.308219178082196,5.821917808219168,,,9.075342465753433,0.0,,
2026-08-13,6794,limit,False,,,,,,,,7.239057239057245,-1.683501683501687
2026-08-13,6794,stop,True,2983.631,3.062342494765602,3.565085628886422,,,6.7491254783182075,-2.132669891149408,,
2026-08-13,6762,market,True,3285.0,-2.2831050228310557,-4.444444444444439,,,0.45662100456620447,-5.05327245053272,,
2026-08-13,6762,limit,False,,,,,,,,2.0092735703245657,-3.5857805255023134
2026-08-13,6762,stop,True,3286.025,-2.313585563104359,-4.474250804543489,,,0.42528586970580484,-5.082888900723526,,
2026-08-13,6859,market,True,4220.0,0.4739336492890933,-1.6587677725118488,,,1.540284360189581,-1.8957345971563955,,
2026-08-13,6859,limit,False,,,,,,,,1.540284360189581,-1.8957345971563955
2026-08-13,6859,stop,True,4283.484,-1.0151549533043758,-3.116248362314422,,,0.03539175120064186,-3.349703185537767,,
2026-08-13,7719,market,True,443.0,-0.9029345372460473,2.0316027088036037,,,5.417607223476306,-1.1286681715575675,,
2026-08-13,7719,limit,False,,,,,,,,5.180180180180183,-1.3513513513513487
2026-08-13,7719,stop,True,446.509,-1.6817130225818544,1.2297624459977285,,,4.589157217435713,-1.9056726740110497,,
2026-08-13,7779,market,True,243.0,5.3497942386831365,-0.8230452674897082,,,6.584362139917688,-1.6460905349794275,,
2026-08-13,7779,limit,False,,,,,,,,7.024793388429762,-1.2396694214875992
2026-08-13,7779,stop,True,243.0,5.3497942386831365,-0.8230452674897082,,,6.584362139917688,-1.6460905349794275,,
2026-08-13,7966,market,True,6210.0,-1.1272141706924366,-2.5764895330112725,,,0.6441223832528209,-2.898550724637683,,
2026-08-13,7966,limit,True,6130.0,0.16313213703098572,-1.3050570962479635,,,1.9575856443719397,-1.631321370309946,,
2026-08-13,7966,stop,True,6232.602,-1.4857679023945303,-2.9297875911216464,,,0.27914505049415617,-3.250680855283228,,
2026-08-13,4182,market,True,4140.0,-2.922705314009666,-3.5507246376811574,,,2.0772946859903385,-4.033816425120773,,
2026-08-13,4182,limit,True,4085.0,-1.6156670746634072,-2.252141982864142,,,3.4516523867809124,-2.741738066095467,,
2026-08-13,4182,stop,True,4176.347,1.1889098295711609,,,,1.1889098295711609,-4.869015912710317,,
2026-08-13,8628,market,True,1100.0,0.454545454545463,0.5454545454545379,,,1.8181818181818077,-1.0909090909090868,,
2026-08-13,8628,limit,False,,,,,,,,1.0830324909747224,-1.8050541516245522
2026-08-13,8628,stop,True,1110.543,-0.49912520271614413,-0.40907916217560736,,,0.8515654053917965,-2.029907891905125,,
2026-08-13,9793,market,True,3840.0,0.390625,-0.78125,,,1.5625,-0.78125,,
2026-08-13,9793,limit,False,,,,,,,,0.7751937984496138,-1.5503875968992276
2026-08-13,9793,stop,True,3877.445,-0.5788605641085853,-1.7394186119983668,,,0.5816974837812072,-1.7394186119983668,,
2026-08-13,3399,market,True,3720.0,1.6129032258064502,0.6720430107526987,,,3.7634408602150504,-0.9408602150537626,,
2026-08-13,3399,limit,False,,,,,,,,2.9333333333333433,-1.7333333333333312
2026-08-13,3399,stop,True,3762.026,0.47777447577448395,-0.45257528789008905,,,2.604288221293527,-2.0474605970293602,,
2026-08-13,8103,market,True,954.0,1.7819706498951815,0.524109014675056,,,2.9350104821803003,-0.6289308176100628,,
2026-08-13,8103,limit,False,,,,,,,,2.2916666666666696,-1.2499999999999956
2026-08-13,8103,stop,True,965.855,0.5326886540940379,-0.709733862743378,,,1.6715759611950043,-1.8486211698443333,,
2026-08-13,2607,market,True,4516.0,0.6643046944198483,-0.7085916740478315,,,3.0779450841452505,-2.01505757307352,,
2026-08-13,2607,limit,False,,,,,,,,2.736702714632533,-2.3394394173471666
2026-08-13,2607,stop,True,4573.256,-0.5959867542949748,-1.9516948099997045,,,1.787435472669796,-3.241804088815503,,
2026-08-13,9551,market,True,3205.0,0.46801872074881956,-1.2480499219968744,,,1.8720748829953227,-1.2480499219968744,,
2026-08-13,9551,limit,False,,,,,,,,2.0312499999999956,-1.0937500000000044
2026-08-13,9551,stop,True,3230.699,0.2878943535129741,,,,1.0617206988332795,-2.0335846824479753,,
2026-08-13,5889,market,True,2624.0,-0.6097560975609762,-4.64939024390244,,,0.11432926829268997,-5.564024390243905,,
2026-08-13,5889,limit,False,,,,,,,,0.11432926829268997,-5.564024390243905
2026-08-13,5889,stop,False,,,,,,,,0.11432926829268997,-5.564024390243905
2026-08-13,9304,market,True,1953.0,1.228878648233489,3.584229390680993,,,4.3010752688172005,-0.6144393241167445,,
2026-08-13,9304,limit,False,,,,,,,,4.1943734015345235,-0.716112531969304
2026-08-13,9304,stop,True,1976.879,0.006120759034833334,2.3330208879754455,,,3.0412078837399825,-1.814931515788265,,
2026-08-13,9743,market,True,1450.0,0.8275862068965578,1.93103448275862,,,2.758620689655178,-0.27586206896551557,,
2026-08-13,9743,limit,False,,,,,,,,1.9151846785225635,-1.094391244870041
2026-08-13,9743,stop,True,1464.794,-0.19074354482609968,0.901560219389208,,,1.7207880425506916,-1.2830473090414185,,
2026-08-13,6055,market,True,2249.0,-0.3112494441974256,-2.178746109381946,,,3.156958648288133,-2.267674522009777,,
2026-08-13,6055,limit,False,,,,,,,,4.176021553659637,-1.3022002694207502
2026-08-13,6055,stop,False,,,,,,,,4.176021553659637,-1.3022002694207502
2026-08-13,6071,market,True,851.0,-1.1750881316098694,13.160987074030551,,,14.688601645123377,-2.820211515863691,,
2026-08-13,6071,limit,False,,,,,,,,13.885647607934647,-3.5005834305717576
2026-08-13,6071,stop,False,,,,,,,,13.885647607934647,-3.5005834305717576
2026-08-13,6425,market,True,780.0,-3.589743589743588,-6.666666666666665,,,0.7692307692307665,-6.923076923076921,,
2026-08-13,6425,limit,False,,,,,,,,0.25510204081633514,-7.397959183673475
2026-08-13,6425,stop,False,,,,,,,,0.25510204081633514,-7.397959183673475
2026-08-13,5288,market,True,1520.0,1.4473684210526416,3.815789473684217,,,5.723684210526314,-0.9210526315789447,,
2026-08-13,5288,limit,False,,,,,,,,6.423841059602653,-0.26490066225165476
2026-08-13,5288,stop,True,1545.843,-0.24860221898342916,2.080224188355473,,,3.956223238711809,-2.5774286263223423,,
2026-08-13,5243,market,True,2516.0,1.748807631160565,2.1462639109697923,,,4.9682034976152645,-1.112877583465821,,
2026-08-13,5243,limit,False,,,,,,,,4.304897314375977,-1.7377567140600347
2026-08-13,5243,stop,True,2558.491,0.05898007849158837,0.44983546942318764,,,3.2249087450376024,-2.7551787362159907,,
2026-08-13,6507,market,True,13300.0,1.4285714285714235,-2.3308270676691722,,,4.210526315789465,-3.007518796992481,,
2026-08-13,6507,limit,True,12976.2175,0.10621354027087193,,,,6.8107867334991745,-0.5873629969596394,,
2026-08-13,6507,stop,True,13628.583,-1.0168555307620841,-4.6856155185025505,,,1.6980268601658688,-5.345992316295833,,
2026-08-13,6376,market,True,3920.0,11.862244897959172,-6.632653061224492,,,15.561224489795912,-7.653061224489798,,
2026-08-13,6376,limit,True,3770.4575,-1.3382328271834387,,,,14.84017523072465,-3.990430869463457,,
2026-08-13,6376,stop,True,3934.063,11.462373632552403,-6.966411061541211,,,15.148130571371121,-7.983171596387761,,
2026-08-13,5201,market,True,5989.0,-0.4675237936216381,-0.9183503088996514,,,1.2022040407413614,-0.9183503088996514,,
2026-08-13,5201,limit,False,,,,,,,,1.5583109919571125,-0.5697050938337833
2026-08-13,5201,stop,False,,,,,,,,1.5583109919571125,-0.5697050938337833
2026-08-13,6834,market,True,24980.0,-1.521216973578865,3.7630104083266502,,,13.09047237790233,-4.683746997598082,,
2026-08-13,6834,limit,False,,,,,,,,14.003228410008074,-3.9144471347861143
2026-08-13,6834,stop,True,26206.164,5.318733409437559,,,,7.79906589915258,-4.373642781141108,,
2026-08-13,6666,market,True,823.0,-1.4580801944106936,-0.8505467800729027,,,5.5893074119076624,-2.0656136087484844,,
2026-08-13,6666,limit,False,,,,,,,,5.5893074119076624,-2.0656136087484844
2026-08-13,6666,stop,True,865.434,-5.712047365830319,,,,0.41204759692825554,-5.943145288953289,,
2026-08-13,3201,market,True,1978.0,0.9100101112234471,-0.9605662285136485,,,1.2639029322548012,-0.9605662285136485,,
2026-08-13,3201,limit,False,,,,,,,,0.15000000000000568,-2.0499999999999963
2026-08-13,3201,stop,False,,,,,,,,0.15000000000000568,-2.0499999999999963
2026-08-13,2334,market,True,554.0,-1.9855595667869985,-1.2635379061371799,,,3.2490974729241895,-8.122743682310475,,
2026-08-13,2334,limit,False,,,,,,,,3.435804701627476,-7.956600361663657
2026-08-13,2334,stop,True,558.21,-1.1124845488257207,,,,2.4703964457820415,-8.81567868723241,,
2026-08-13,7777,market,True,366.0,1.3661202185792254,3.2786885245901676,,,6.284153005464477,-0.8196721311475419,,
2026-08-13,7777,limit,False,,,,,,,,6.868131868131866,-0.27472527472527375
2026-08-13,7777,stop,True,368.607,0.6492009104547503,2.5482424370671053,,,5.5324505503151045,-1.5211322628165047,,
2026-08-13,7198,market,True,842.0,0.3562945368170922,0.8313539192398967,,,1.187648456057011,-0.5938242280285055,,
2026-08-13,7198,limit,False,,,,,,,,0.9478672985782088,-0.8293838862559189
2026-08-13,7198,stop,False,,,,,,,,0.9478672985782088,-0.8293838862559189
2026-08-13,7014,market,True,4430.0,0.5643340857787837,4.288939051918739,,,5.417607223476306,-0.9029345372460473,,
2026-08-13,7014,limit,False,,,,,,,,5.65610859728507,-0.6787330316742057
2026-08-13,7014,stop,True,4569.488,-2.505488579902171,1.1054192504718285,,,2.199633744524543,-3.9279674221707195,,
2026-08-13,7746,market,True,725.0,2.4827586206896513,2.758620689655178,,,8.55172413793104,0.0,,
2026-08-13,7746,limit,True,725.0,2.4827586206896513,2.758620689655178,,,8.55172413793104,0.0,,
2026-08-13,7746,stop,True,741.261,0.23460022852950235,0.5044107271258147,,,6.1704311976483295,-2.1936942588372976,,
2026-08-13,7794,market,True,917.0,3.1624863685932425,5.234460196292257,,,6.979280261723009,-1.0905125408942173,,
2026-08-13,7794,limit,False,,,,,,,,6.979280261723009,-1.0905125408942173
2026-08-13,7794,stop,True,933.961,1.2890259871664922,3.3233721750694167,,,5.036505806987646,-2.8867372406342517,,
2026-08-13,2158,market,True,648.0,0.15432098765431057,0.15432098765431057,,,2.6234567901234573,-5.864197530864201,,
2026-08-13,2158,limit,True,625.705,2.9239018387259064,,,,6.280116029119154,-2.5099687552440964,,
2026-08-13,2158,stop,True,652.938,-0.6031200512146673,-0.6031200512146673,,,1.8473423204040884,-6.576122082035352,,
2026-08-13,1975,market,True,3815.0,0.5242463958060384,3.0144167758846763,,,8.25688073394495,-0.1310615989515096,,
2026-08-13,1975,limit,False,,,,,,,,8.398950131233596,0.0
2026-08-13,1975,stop,True,3938.492,0.038288766360317084,,,,4.8624702043320145,-0.8503762353713085,,
2026-08-13,4392,market,True,911.0,15.25795828759604,45.44456641053787,,,51.15257958287596,-1.6465422612513714,,
2026-08-13,4392,limit,False,,,,,,,,53.0,-0.4444444444444473
2026-08-13,4392,stop,True,970.524,8.188978325110963,36.5241869340686,,,41.88211728921696,-7.678738495905302,,
2026-08-13,9508,market,True,1850.5,1.1888678735476832,3.3234261010537614,,,3.3234261010537614,-0.6754931099702821,,
2026-08-13,9508,limit,False,,,,,,,,2.878665590530005,-1.103040086090934
2026-08-13,9508,stop,True,1863.063,0.5065314484802741,2.626695930304024,,,2.626695930304024,-1.345257782479714,,
2026-08-13,8739,market,True,2471.0,2.1448806151355804,1.780655605018211,,,2.8328611898017053,-0.08093889113719444,,
2026-08-13,8739,limit,False,,,,,,,,1.4776357827475994,-1.3977635782747577
2026-08-13,8739,stop,True,2509.892,0.5620958989470459,0.20351473290485256,,,1.239415879248984,-1.6292334490886407,,
2026-08-13,8338,market,True,730.0,3.424657534246567,6.164383561643838,,,9.452054794520537,0.0,,
2026-08-13,8338,limit,False,,,,,,,,10.359116022099446,0.8287292817679592
2026-08-13,8338,stop,True,730.0,3.424657534246567,6.164383561643838,,,9.452054794520537,0.0,,
2026-08-13,3445,market,True,6350.0,-1.8897637795275646,-6.299212598425196,,,1.5748031496062964,-6.614173228346454,,
2026-08-13,3445,limit,True,6281.1075,-0.8136702006771857,-5.27148277592765,,,2.688896822733877,-5.589897959874113,,
2026-08-13,3445,stop,False,,,,,,,,-9.154929577464788,-16.47887323943662
2026-08-13,8012,market,True,1253.0,-0.718276137270546,-2.7932960893854775,,,0.31923383878691425,-2.873104549082206,,
2026-08-13,8012,limit,False,,,,,,,,-0.07949125596183881,-3.2591414944356134
2026-08-13,8012,stop,False,,,,,,,,-0.07949125596183881,-3.2591414944356134
2026-08-13,8399,market,True,3165.0,4.107424960505535,6.477093206951023,,,7.740916271721954,-0.4739336492891044,,
2026-08-13,8399,limit,False,,,,,,,,6.729264475743357,-1.4084507042253502
2026-08-13,8399,stop,True,3225.763,2.14637591168354,4.471407229855395,,,5.711423932880377,-2.34868463678205,,
2026-08-13,3853,market,True,1178.0,-0.339558573853993,-2.631578947368418,,,11.120543293718166,-2.8013582342954146,,
2026-08-13,3853,limit,False,,,,,,,,11.880341880341883,-2.1367521367521403
2026-08-13,3853,stop,True,1185.704,-0.9870929000829864,-3.264221087219066,,,10.398548035597432,-3.43289724922915,,
2026-08-13,6324,market,True,6750.0,-3.5555555555555562,-11.703703703703706,,,2.0740740740740726,-13.629629629629624,,
2026-08-13,6324,limit,True,6186.0,-3.6534109279017124,,,,6.854186873585522,-5.754930488199161,,
2026-08-13,6324,stop,True,6859.424,-5.094072038701791,-13.112237995493503,,,0.44575171326339813,-15.007440858007904,,
2026-08-13,5831,market,True,3525.0,-0.34042553191488967,1.163120567375886,,,2.6382978723404227,-1.02127659574468,,
2026-08-13,5831,limit,False,,,,,,,,3.9655172413793016,0.2586206896551646
2026-08-13,5831,stop,True,3525.0,-0.34042553191488967,1.163120567375886,,,2.6382978723404227,-1.02127659574468,,
2026-08-13,4997,market,True,1180.0,-0.16949152542372614,0.8474576271186418,,,1.5254237288135686,-0.7627118644067843,,
2026-08-13,4997,limit,False,,,,,,,,1.1824324324324342,-1.0979729729729715
2026-08-13,4997,stop,True,1186.965,-0.7552876453812862,0.25569414430923754,,,0.9296820041029052,-1.345027022700751,,
2026-08-13,6361,market,True,6000.0,-2.3333333333333317,-11.083333333333334,,,0.23333333333332984,-13.600000000000001,,
2026-08-13,6361,limit,True,5275.0,3.9241706161137424,,,,5.5165876777251155,-1.7251184834123245,,
2026-08-13,6361,stop,True,6000.0,-2.3333333333333317,-11.083333333333334,,,0.23333333333332984,-13.600000000000001,,
2026-08-13,6481,market,True,7658.0,-3.0164533820840944,-5.131888221467751,,,1.33194045442675,-5.654217811439022,,
2026-08-13,6481,limit,False,,,,,,,,4.259035335214301,-2.9289265081284377
2026-08-13,6481,stop,True,7658.0,-3.0164533820840944,-5.131888221467751,,,1.33194045442675,-5.654217811439022,,
2026-08-13,2986,market,True,2805.0,0.7486631016042855,-0.10695187165775666,,,2.4242424242424176,-0.9982174688057066,,
2026-08-13,2986,limit,False,,,,,,,,2.4607703281027016,-0.962910128388017
2026-08-13,2986,stop,True,2837.854,-0.4177100019944535,-1.2634194711919622,,,1.2384710418506417,-2.1443668349393485,,
2026-08-13,6472,market,True,390.0,0.10256253756009137,0.35897279397034687,,,5.25641025641026,-0.9743558443509492,,
2026-08-13,6472,limit,False,,,,,,,,5.283406001538871,-0.9489581413102521
2026-08-13,6472,stop,True,392.628,-0.5674598101805262,-0.3127657995648847,,,4.551891357722826,-1.63716999117961,,
2026-08-13,6309,market,True,1942.0,2.0597322348094638,3.0381050463439863,,,4.222451081359413,-0.4119464469618972,,
2026-08-13,6309,limit,False,,,,,,,,4.276146316331797,-0.3606388459556964
2026-08-13,6309,stop,True,1952.545,1.5085439772194675,2.4816329457195474,,,3.6595827496933353,-0.9497860484649512,,
2026-08-13,5985,market,True,2050.0,4.292682926829272,18.731707317073166,,,21.073170731707314,-3.268292682926832,,
2026-08-13,5985,limit,False,,,,,,,,22.326269098077866,-2.2671266633809806
2026-08-13,5985,stop,True,2092.97,2.151488076752184,16.294070149118255,,,18.587461836528973,-5.254255913844908,,
2026-08-13,4575,market,True,762.0,3.8057742782152237,6.299212598425208,,,13.254593175853024,-0.2624671916010457,,
2026-08-13,4575,limit,False,,,,,,,,12.516297262059982,-0.9126466753585416
2026-08-13,4575,stop,True,776.815,1.826046098491907,4.271930897317877,,,11.0946621782535,-2.164608046960992,,
2026-08-13,6923,market,True,3623.0,0.9660502346122035,1.1868617168092843,,,1.8492961634005045,-0.524427270218053,,
2026-08-13,6923,limit,False,,,,,,,,1.1513157894736947,-1.206140350877194
2026-08-13,6923,stop,True,3669.994,-0.3268125233992225,-0.10882851579594455,,,0.5451235070139004,-1.7982045747213848,,
2026-08-13,3810,market,True,189.0,12.169312169312164,26.984126984126977,,,29.629629629629626,-1.5873015873015928,,
2026-08-13,3810,limit,False,,,,,,,,28.947368421052634,-2.1052631578947323
2026-08-13,3810,stop,True,198.512,6.794551462883858,20.899492222132675,,,23.41823164342709,-6.3028935278471865,,
2026-08-13,8267,market,True,1393.0,-1.3639626704953334,-2.9791816223976975,,,0.7896625987078298,-4.414931801866473,,
2026-08-13,8267,limit,True,1350.0,0.11111111111110628,,,,0.7037037037036953,-1.3703703703703662,,
2026-08-13,8267,stop,False,,,,,,,,0.5730659025787954,-4.620343839541552
2026-08-13,8316,market,True,6969.0,0.0,-0.990099009900991,,,0.9470512268618059,-1.018797531927107,,
2026-08-13,8316,limit,False,,,,,,,,0.9470512268618059,-1.018797531927107
2026-08-13,8316,stop,True,6999.365,-0.43382506841691537,-1.4196287806108043,,,0.5091176128120267,-1.448202801254106,,
2026-08-13,3465,market,True,3990.0,-2.2556390977443663,-4.636591478696738,,,0.7518796992481258,-7.393483709273186,,
2026-08-13,3465,limit,False,,,,,,,,5.098039215686279,-3.3986928104575154
2026-08-13,3465,stop,True,3990.0,-2.2556390977443663,-4.636591478696738,,,0.7518796992481258,-7.393483709273186,,
2026-08-13,2220,market,True,1315.0,2.281368821292773,1.2167300380228063,,,2.357414448669193,-0.38022813688213253,,
2026-08-13,2220,limit,False,,,,,,,,2.357414448669193,-0.38022813688213253
2026-08-13,2220,stop,True,1321.204,1.801084465381586,0.7414449244779853,,,1.8767730040175623,-0.8480143868774159,,
2026-08-13,9042,market,True,4620.0,0.5844155844155763,0.7142857142857117,,,1.4935064935065023,-0.6709956709956666,,
2026-08-13,9042,limit,False,,,,,,,,0.9689922480620172,-1.1843238587424643
2026-08-13,9042,stop,False,,,,,,,,0.9689922480620172,-1.1843238587424643
2026-08-13,7685,market,True,3340.0,-5.239520958083832,-4.491017964071853,,,3.293413173652704,-6.137724550898205,,
2026-08-13,7685,limit,False,,,,,,,,4.387291981845687,-5.143721633888044
2026-08-13,7685,stop,True,3355.218,-5.669318655300481,-4.92421058780681,,,2.824913314127442,-6.563448336292899,,
2026-08-13,7181,market,True,1670.0,1.6167664670658777,1.916167664670665,,,2.6347305389221587,-0.41916167664670656,,
2026-08-13,7181,limit,True,1670.0,1.6167664670658777,1.916167664670665,,,2.6347305389221587,-0.41916167664670656,,
2026-08-13,7181,stop,True,1683.982,0.7730486430377548,1.069963930730844,,,1.7825606211942846,-1.245975313275316,,
2026-08-13,2489,market,True,386.0,-2.590673575129532,-4.404145077720212,,,0.0,-6.735751295336789,,
2026-08-13,2489,limit,False,,,,,,,,0.0,-6.735751295336789
2026-08-13,2489,stop,False,,,,,,,,0.0,-6.735751295336789
2026-08-13,7537,market,True,1842.0,2.6058631921824116,0.7057546145494031,,,4.45168295331162,-0.10857763300760048,,
2026-08-13,7537,limit,False,,,,,,,,4.338394793926237,-0.2169197396963085
2026-08-13,7537,stop,True,1859.756,1.6262348394090465,-0.2557324724318688,,,3.4544316566259115,-1.0622898917922563,,
2026-08-13,2168,market,True,1625.0,0.9230769230769154,1.1076923076922984,,,1.9692307692307676,-0.06153846153845732,,
2026-08-13,2168,limit,False,,,,,,,,1.718845917740941,-0.30693677102516803
2026-08-13,2168,stop,True,1646.606,-0.40118886971138856,,,,0.6312378310294076,-1.3728845880556784,,
2026-08-13,7721,market,True,7400.0,0.2702702702702675,4.594594594594592,,,7.837837837837847,-1.4864864864864824,,
2026-08-13,7721,limit,False,,,,,,,,7.114093959731549,-2.147651006711404
2026-08-13,7721,stop,True,7841.181,-1.2903795997057044,,,,1.7703838235592295,-3.7134839764571104,,
2026-08-13,4099,market,True,3040.0,-8.552631578947366,-10.526315789473683,,,0.49342105263157077,-10.526315789473683,,
2026-08-13,4099,limit,False,,,,,,,,0.9917355371900749,-10.08264462809917
2026-08-13,4099,stop,False,,,,,,,,0.9917355371900749,-10.08264462809917
2026-08-13,6958,market,True,762.0,2.7559055118110187,0.0,,,5.905511811023612,-1.049868766404205,,
2026-08-13,6958,limit,False,,,,,,,,5.905511811023612,-1.049868766404205
2026-08-13,6958,stop,True,777.704,0.6809788814253315,-2.0192772571569595,,,3.7669858969479497,-3.047946262331158,,
2026-08-13,4506,market,True,1378.0,-0.43541364296081353,-0.2177068214804012,,,1.5602322206095698,-2.0319303338171224,,
2026-08-13,4506,limit,False,,,,,,,,2.7155963302752273,-0.917431192660545
2026-08-13,4506,stop,True,1378.0,-0.43541364296081353,-0.2177068214804012,,,1.5602322206095698,-2.0319303338171224,,
2026-08-13,2395,market,True,1479.0,0.40567951318457585,-1.0818120351588911,,,1.3522650439486084,-2.9073698444895157,,
2026-08-13,2395,limit,False,,,,,,,,0.13360053440214514,-4.074816299265194
2026-08-13,2395,stop,False,,,,,,,,0.13360053440214514,-4.074816299265194
2026-08-13,6890,market,True,9320.0,-2.2532188841201672,0.5364806866952732,,,10.51502145922747,-3.0042918454935674,,
2026-08-13,6890,limit,False,,,,,,,,11.592632719393281,-2.0585048754062862
2026-08-13,6890,stop,True,9610.293,1.4537225868139547,,,,7.176753091711152,-3.1247018171038032,,
2026-08-13,4169,market,True,313.0,7.667731629392982,2.5559105431310014,,,9.26517571884984,-2.8753993610223683,,
2026-08-13,4169,limit,False,,,,,,,,9.26517571884984,-2.8753993610223683
2026-08-13,4169,stop,True,333.211,1.1371173220571906,-3.664644924687366,,,2.6376680241648742,-8.76651731185345,,
2026-08-13,6858,market,True,853.0,-0.11723329425556983,-0.8206330597889777,,,1.6412661195779554,-0.8206330597889777,,
2026-08-13,6858,limit,False,,,,,,,,1.0489510489510412,-1.3986013986013957
2026-08-13,6858,stop,True,861.134,-0.24781276781545847,,,,0.6811947966286258,-1.7574500600371135,,
2026-08-13,3103,market,True,1440.0,10.69444444444445,5.0694444444444375,,,28.26388888888889,-1.9444444444444486,,
2026-08-13,3103,limit,False,,,,,,,,36.81481481481481,4.592592592592593
2026-08-13,3103,stop,True,1440.0,10.69444444444445,5.0694444444444375,,,28.26388888888889,-1.9444444444444486,,
2026-08-13,6855,market,True,7250.0,-3.724137931034488,0.2758620689655267,,,6.206896551724128,-4.413793103448271,,
2026-08-13,6855,limit,False,,,,,,,,10.951008645533133,-0.14409221902017544
2026-08-13,6855,stop,True,7250.0,-3.724137931034488,0.2758620689655267,,,6.206896551724128,-4.413793103448271,,
2026-08-13,5384,market,True,4130.0,-2.0581113801452777,-6.174334140435834,,,0.9685230024213176,-6.416464891041162,,
2026-08-13,5384,limit,False,,,,,,,,1.7073170731707332,-5.731707317073176
2026-08-13,5384,stop,True,4160.985,-2.7874409544855316,-6.873012039216664,,,0.21665543134619103,-7.1133397500832025,,
2026-08-13,3176,market,True,1113.0,5.121293800539073,3.1446540880503138,,,5.39083557951483,-0.7187780772686447,,
2026-08-13,3176,limit,False,,,,,,,,4.266666666666663,-1.7777777777777781
2026-08-13,3176,stop,True,1131.594,3.3939734569112145,1.4498132722513546,,,3.659086209364837,-2.3501361795838505,,
2026-08-13,6594,market,True,2728.0,1.6129032258064502,3.0058651026392935,,,4.362170087976547,-0.2932551319648091,,
2026-08-13,6594,limit,False,,,,,,,,2.4838012958963374,-2.087832973362136
2026-08-13,6594,stop,True,2821.199,-1.743903921701373,-0.3969588816669867,,,0.914540236261252,-3.5870918712221367,,
2026-08-13,4593,market,True,275.0,-1.0909090909090868,-1.8181818181818188,,,7.636363636363641,-5.454545454545457,,
2026-08-13,4593,limit,False,,,,,,,,6.093189964157708,-6.810035842293905
2026-08-13,4593,stop,True,281.38,-3.3335702608571993,-4.044352832468546,,,5.195820598478917,-7.598265690525263,,
2026-08-13,3101,market,True,1641.0,-0.792199878123101,-1.1578305911029818,,,3.4734917733089565,-1.584399756246191,,
2026-08-13,3101,limit,False,,,,,,,,3.599755948749239,-1.4643075045759568
2026-08-13,3101,stop,True,1667.0,-2.699460107978402,,,,1.8596280743851334,-2.699460107978402,,
2026-08-13,6619,market,True,158.0,0.6329113924050667,2.5316455696202445,,,6.329113924050622,-1.2658227848101222,,
2026-08-13,6619,limit,False,,,,,,,,4.347826086956519,-3.105590062111796
2026-08-13,6619,stop,True,161.927,-1.8076046613597407,0.04508204314290776,,,3.7504554521482047,-3.6602913658623892,,
2026-08-13,8194,market,True,2600.0,0.07692307692308553,0.49999999999998934,,,1.1538461538461497,-2.0384615384615334,,
2026-08-13,8194,limit,False,,,,,,,,1.192766448634086,-2.000769526741053
2026-08-13,8194,stop,True,2626.379,-1.5755151864982109,,,,0.13787042921071802,-3.0223741508746405,,
2026-08-13,8060,market,True,3667.0,0.790837196618499,-3.0269975456776677,,,1.1180801745295899,-3.2724297791109858,,
2026-08-13,8060,limit,True,3562.115,-0.17166767496276103,,,,0.8670410697015685,-0.42432655880003667,,
2026-08-13,8060,stop,True,3707.33,-0.3056107764887406,-4.081913398591441,,,0.018072305405780753,-4.324675710012327,,
2026-08-13,9031,market,True,3026.0,0.396563119629878,1.9828155981493678,,,2.0819563780568373,-0.5617977528089901,,
2026-08-13,9031,limit,True,3012.42,0.8491511807782404,2.442554491073623,,,2.54214219796709,-0.11352998585855145,,
2026-08-13,9031,stop,True,3054.96,-1.1116348495561312,,,,1.1142535417812294,-1.5044386833215517,,
2026-08-13,9009,market,True,1288.0,-0.6211180124223614,0.11645962732920179,,,0.9316770186335477,-1.979813664596275,,
2026-08-13,9009,limit,False,,,,,,,,2.0808794660384766,-0.8637612877895551
2026-08-13,9009,stop,True,1294.155,-0.3596941633730144,,,,0.4516460547616008,-2.4459975814334456,,
2026-08-13,9470,market,True,1028.0,1.5564202334630295,1.5564202334630295,,,2.529182879377423,-0.3891050583657574,,
2026-08-13,9470,limit,False,,,,,,,,2.529182879377423,-0.3891050583657574
2026-08-13,9470,stop,True,1033.636,1.0026740554702096,1.0026740554702096,,,1.970132619219922,-0.9322430720292263,,
2026-08-13,8129,market,True,3781.0,1.0579211848717351,3.147315524993388,,,3.887860354403605,-0.6083046813012416,,
2026-08-13,8129,limit,True,3781.0,1.0579211848717351,3.147315524993388,,,3.887860354403605,-0.6083046813012416,,
2026-08-13,8129,stop,True,3843.232,0.5403785147500839,,,,2.205643583317385,-0.8386691201571983,,
2026-08-13,8572,market,True,482.7999877929688,0.1657038796135657,-0.497098996927392,,,0.600667872283811,-1.2013231026542392,,
2026-08-13,8572,limit,True,480.04,-0.049998376600124406,,,,1.0957394785786168,-0.633280559953342,,
2026-08-13,8572,stop,False,,,,,,,,0.3097918643187425,-1.4869888475836368
2026-08-13,3915,market,True,2357.0,2.8425965210012727,-0.2545608824777279,,,4.030547305897336,-1.4000848536274924,,
2026-08-13,3915,limit,False,,,,,,,,4.831124412141952,-0.6412997007268051
2026-08-13,3915,stop,True,2377.376,1.9611538099147952,-1.109458495416804,,,3.138922913329645,-2.245164416566847,,
2026-08-13,9861,market,True,3754.0,0.6659563132658475,-0.9856153436334614,,,1.46510388918486,-1.7048481619605704,,
2026-08-13,9861,limit,False,,,,,,,,0.9273979862215231,-2.225755166931642
2026-08-13,9861,stop,True,3805.468,-0.6955254912142217,-2.3247600557933956,,,0.0928138142273216,-3.0342654306907857,,
2026-08-13,3946,market,True,4600.0,1.9565217391304346,2.60869565217392,,,3.04347826086957,-0.5434782608695676,,
2026-08-13,3946,limit,False,,,,,,,,2.5974025974025983,-0.9740259740259716
2026-08-13,3946,stop,True,4730.0,-0.3171247357293905,,,,0.21141649048626032,-1.5856236786469302,,
2026-08-13,2201,market,True,2547.5,0.2551521099116716,-0.9813542688910659,,,0.4514229636898959,-1.8842001962708577,,
2026-08-13,2201,limit,True,2547.5,0.2551521099116716,-0.9813542688910659,,,0.4514229636898959,-1.8842001962708577,,
2026-08-13,2201,stop,False,,,,,,,,0.21539064029763022,-2.114744468376739
2026-08-13,6814,market,True,7760.0,1.546391752577314,3.8659793814433074,,,4.6391752577319645,-0.3865979381443285,,
2026-08-13,6814,limit,False,,,,,,,,5.045278137128073,0.0
2026-08-13,6814,stop,True,7915.649,-0.45036105062263854,1.8236154736017252,,,2.581607648343165,-2.3453414874762712,,
2026-08-13,4732,market,True,2005.0,0.29925187032417977,-1.5461346633416473,,,1.07231920199502,-1.6209476309226978,,
2026-08-13,4732,limit,False,,,,,,,,0.9715994020926821,-1.7189835575485812
2026-08-13,4732,stop,True,2022.386,-1.3046965317204506,,,,0.20342308540506338,-2.466690335079458,,
2026-08-13,4478,market,True,3115.0,7.383627608346699,9.791332263242381,,,16.85393258426966,0.0,,
2026-08-13,4478,limit,False,,,,,,,,27.9887482419128,9.52883263009845
2026-08-13,4478,stop,False,,,,,,,,27.9887482419128,9.52883263009845
2026-08-13,4403,market,True,2752.0,-0.7994186046511587,-0.12718023255814392,,,0.9992732558139483,-0.8720930232558155,,
2026-08-13,4403,limit,True,2742.3824999999997,-0.4515234472215246,0.22307245615811322,,,1.3534764023618306,-0.5244527340733773,,
2026-08-13,4403,stop,False,,,,,,,,0.706521739130439,-1.1594202898550732
2026-08-13,7226,market,True,2325.0,0.8602150537634357,1.0752688172043001,,,1.7204301075268713,-0.1290322580645209,,
2026-08-13,7226,limit,False,,,,,,,,1.589347079037795,-0.2577319587628857
2026-08-13,7226,stop,True,2346.382,-0.058899190327921236,0.15419484124921112,,,0.7934769359805749,-1.039131735582699,,
2026-08-13,4272,market,True,2119.0,0.4247286455875354,0.023596035865969256,,,1.15620575743276,-0.3775365738555969,,
2026-08-13,4272,limit,False,,,,,,,,0.7520564042303279,-0.7755581668625111
2026-08-13,4272,stop,True,2134.911,-0.3237137285816649,-0.7218567893462535,,,0.40231185281258686,-1.1199998501108532,,
2026-08-13,7242,market,True,4535.0,2.2050716648291058,2.3153252480705655,,,2.9768467475193017,0.0,,
2026-08-13,7242,limit,False,,,,,,,,2.7502750275027577,-0.22002200220021528
2026-08-13,7242,stop,False,,,,,,,,2.7502750275027577,-0.22002200220021528
2026-08-13,7071,market,True,390.0,1.538461538461533,8.461538461538453,,,9.23076923076922,-1.2820512820512775,,
2026-08-13,7071,limit,False,,,,,,,,9.51156812339331,-1.0282776349614386
2026-08-13,7071,stop,True,396.426,-0.10746015649830687,6.703394832831355,,,7.46015649831242,-2.882252929928908,,
2026-08-13,3034,market,True,2485.0,6.1569416498993945,5.150905432595576,,,6.841046277665996,-1.1670020120724378,,
2026-08-13,3034,limit,False,,,,,,,,7.489878542510131,-0.5668016194331993
2026-08-13,3034,stop,True,2508.682,5.15481834684508,4.158279128243447,,,5.832465015494193,-2.099987164574857,,
2026-08-13,5240,market,True,214.0,-3.738317757009346,-5.1401869158878455,,,2.8037383177569986,-9.345794392523366,,
2026-08-13,5240,limit,False,,,,,,,,3.2863849765258246,-8.920187793427225
2026-08-13,5240,stop,False,,,,,,,,3.2863849765258246,-8.920187793427225
2026-08-13,6592,market,True,1698.0,2.5912838633686652,4.47585394581862,,,7.449941107184932,-1.0600706713780883,,
2026-08-13,6592,limit,False,,,,,,,,7.513258691809077,-1.00176782557454
2026-08-13,6592,stop,True,1700.56,2.4368443336312717,4.318577409794422,,,7.288187420614389,-1.2090135014348191,,
2026-08-13,5714,market,True,9556.0,-0.8371703641691042,-0.12557555462536785,,,4.280033486814561,-1.224361657597317,,
2026-08-13,5714,limit,False,,,,,,,,4.1166022359210075,-1.3791662313237918
2026-08-13,5714,stop,True,9704.343,-2.3529980339730416,-1.6522808396199573,,,2.685982966595457,-2.7342706250181092,,
2026-08-13,5393,market,True,3637.0,-0.6323893318669227,-3.189441847676655,,,2.9144899642562505,-3.629364861149298,,
2026-08-13,5393,limit,False,,,,,,,,4.670022371364646,-1.9854586129753882
2026-08-13,5393,stop,True,3637.0,-0.6323893318669227,-3.189441847676655,,,2.9144899642562505,-3.629364861149298,,
2026-08-13,1801,market,True,12945.0,0.8111239860950192,-1.931247585940521,,,2.047122441096949,-2.124372344534564,,
2026-08-13,1801,limit,True,12900.0,1.1627906976744207,-1.5891472868217016,,,2.4031007751937894,-1.782945736434105,,
2026-08-13,1801,stop,True,13065.697,-1.0768426667172815,,,,1.1044416535910706,-3.028518111203715,,
2026-08-13,9511,market,True,1103.0,1.0879419764279197,2.9918404351767958,,,4.623753399818686,-0.9972801450589319,,
2026-08-13,9511,limit,False,,,,,,,,4.7186932849364815,-0.907441016333943
2026-08-13,9511,stop,True,1106.534,0.7650917188265272,2.662909589764073,,,4.289610621996243,-1.3134707112479216,,
2026-08-13,9506,market,True,1236.5,1.4152850788516025,5.620703598867771,,,6.752931661949058,-0.3639304488475492,,
2026-08-13,9506,limit,False,,,,,,,,6.580540976988303,-0.5248284214775967
2026-08-13,9506,stop,True,1243.074,0.8789500866400513,5.062128240153041,,,6.188368512252684,-0.8908560552308264,,
2026-08-13,9072,market,True,5395.0,-0.16682113067655324,6.116774791473589,,,9.898053753475434,-1.9647822057460629,,
2026-08-13,9072,limit,False,,,,,,,,10.533184190902322,-1.3982102908277394
2026-08-13,9072,stop,True,5445.644,-0.26891218008375795,,,,8.876011726069489,-2.876500924408576,,
2026-08-13,1719,market,True,1881.5,0.4517672070156742,1.0895562051554508,,,1.8336433696518828,-0.5049162901939908,,
2026-08-13,1719,limit,False,,,,,,,,1.8336433696518828,-0.5049162901939908
2026-08-13,1719,stop,True,1887.531,0.13080579868622877,0.7665569466143829,,,1.5082666191972516,-0.8228209232060246,,
2026-08-13,1721,market,True,5330.0,-0.5065666041275785,-0.24390243902439046,,,2.55159474671669,-0.9568480300187643,,
2026-08-13,1721,limit,False,,,,,,,,3.0154542027893028,-0.5088578967206936
2026-08-13,1721,stop,True,5395.0,0.4077849860982363,,,,1.3160333642261435,-2.1501390176088986,,
2026-08-13,8934,market,True,2474.0,-0.5254648342764789,-0.08084074373484462,,,1.2530315278900472,-1.212611156022636,,
2026-08-13,8934,limit,True,2464.925,-0.15923405377445965,0.2870269886507737,,,1.6258101159264404,-0.8489102102498092,,
2026-08-13,8934,stop,True,2502.194,-1.64631519378593,-1.206700999203103,,,0.11214158454539991,-2.325718949050315,,
2026-08-13,1822,market,True,798.0,1.3784461152882121,1.1278195488721776,,,2.2556390977443552,-0.25062656641604564,,
2026-08-13,1822,limit,False,,,,,,,,2.2556390977443552,-0.25062656641604564
2026-08-13,1822,stop,True,801.363,0.9530013239942292,0.7034265370375214,,,1.8265130783427619,-0.6692347912244601,,
2026-08-13,1852,market,True,924.0,0.0,0.21645021645022577,,,0.7575757575757569,-0.8658008658008698,,
2026-08-13,1852,limit,False,,,,,,,,0.5399568034557323,-1.0799136069114423
2026-08-13,1852,stop,False,,,,,,,,0.5399568034557323,-1.0799136069114423
2026-08-13,8789,market,True,152.0,1.3157894736842035,7.8947368421052655,,,8.552631578947366,-1.3157894736842146,,
2026-08-13,8789,limit,False,,,,,,,,10.738255033557053,0.6711409395973256
2026-08-13,8789,stop,True,152.0,1.3157894736842035,7.8947368421052655,,,8.552631578947366,-1.3157894736842146,,
2026-08-13,8714,market,True,1098.0,0.09107468123861207,1.3661202185792254,,,3.005464480874309,-0.5464480874316946,,
2026-08-13,8714,limit,False,,,,,,,,2.91173794358508,-0.6369426751592355
2026-08-13,8714,stop,True,1108.028,-0.8147808539134438,0.44872512246982854,,,2.0732328063911787,-1.44653384210508,,
2026-08-13,8707,market,True,4405.0,0.567536889897835,-1.362088535754824,,,1.8161180476730987,-2.0431328036322416,,
2026-08-13,8707,limit,False,,,,,,,,1.5855039637599155,-2.2650056625141524
2026-08-13,8707,stop,True,4441.474,-0.25833765997504976,-2.1721167342193204,,,0.9799899763006659,-2.8475681721878865,,
2026-08-13,8624,market,True,1629.0,1.4732965009208066,0.18416206261511192,,,2.946593001841613,-0.7980356046654369,,
2026-08-13,8624,limit,False,,,,,,,,2.5688073394495303,-1.1620795107033621
2026-08-13,8624,stop,True,1641.004,0.7310158902720687,-0.5486884858293961,,,2.193535177245165,-1.5237013438114677,,
2026-08-13,8614,market,True,685.0,0.0,-0.43795620437956373,,,1.897810218978102,-1.0218978102189746,,
2026-08-13,8614,limit,False,,,,,,,,1.6011644832605532,-1.3100436681222738
2026-08-13,8614,stop,True,688.567,-0.5180323773866569,-0.9537198268287583,,,1.3699465701957791,-1.534636426084901,,
2026-08-13,3989,market,True,1469.0,0.8168822328114445,1.9060585432266741,,,3.8801906058543167,-1.293396868618113,,
2026-08-13,3989,limit,False,,,,,,,,4.092769440654842,-1.0914051841746208
2026-08-13,3989,stop,True,1500.0,-0.33333333333332993,,,,1.7333333333333423,-3.3333333333333326,,
2026-08-13,3964,market,True,1476.0,-0.06775067750677266,1.6937669376693831,,,2.8455284552845628,-0.8130081300813052,,
2026-08-13,3964,limit,False,,,,,,,,2.775897088693302,-0.8801624915368955
2026-08-13,3964,stop,True,1489.809,-0.9940200388103393,0.7511701164377493,,,1.892255987176883,-1.7323697198768362,,
2026-08-13,3962,market,True,934.0,2.7837259100642386,5.4603854389721596,,,5.781584582441113,-0.9635974304068484,,
2026-08-13,3962,limit,True,934.0,2.7837259100642386,5.4603854389721596,,,5.781584582441113,-0.9635974304068484,,
2026-08-13,3962,stop,False,,,,,,,,-0.503524672708966,-6.847935548841888
2026-08-13,6135,market,True,14980.0,2.469959946595468,7.943925233644866,,,10.146862483311093,-0.5340453938584733,,
2026-08-13,6135,limit,False,,,,,,,,12.397820163487738,1.4986376021798309
2026-08-13,6135,stop,True,15050.555,1.989594403661532,7.437898469524873,,,9.630508642372316,-1.000328559312269,,
2026-08-13,6047,market,True,398.0,1.005025125628145,1.2562814070351758,,,2.7638190954773822,-1.2562814070351758,,
2026-08-13,6047,limit,False,,,,,,,,3.0226700251889227,-1.0075566750629705
2026-08-13,6047,stop,True,401.35,0.16195340725051466,0.41111249532825855,,,1.9060670237946775,-2.080478385449114,,
2026-08-13,5991,market,True,3728.0,-0.4023605150214604,-1.341201716738194,,,1.8508583690987068,-2.6555793991416277,,
2026-08-13,5991,limit,False,,,,,,,,3.771522273845318,-0.8198961464881083
2026-08-13,5991,stop,True,3728.0,-0.4023605150214604,-1.341201716738194,,,1.8508583690987068,-2.6555793991416277,,
2026-08-13,5844,market,True,5027.0,0.9150586831111918,-0.0994629003381764,,,2.725283469265971,-0.5569922418937723,,
2026-08-13,5844,limit,False,,,,,,,,3.279999999999994,-0.019999999999997797
2026-08-13,5844,stop,True,5027.0,0.9150586831111918,-0.0994629003381764,,,2.725283469265971,-0.5569922418937723,,
2026-08-13,5838,market,True,5942.0,1.9353752945136415,6.15954224166948,,,9.155166610568832,-0.6731740154830024,,
2026-08-13,5838,limit,False,,,,,,,,9.63488843813387,-0.23664638269100813
2026-08-13,5838,stop,True,5942.0,1.9353752945136415,6.15954224166948,,,9.155166610568832,-0.6731740154830024,,
2026-08-13,5832,market,True,3535.0,-0.48090523338047975,0.28288543140029265,,,2.121640735502117,-1.0749646393210743,,
2026-08-13,5832,limit,False,,,,,,,,2.121640735502117,-1.0749646393210743
2026-08-13,5832,stop,True,3551.367,-0.9395536986180342,-0.17928307606620564,,,1.6509980522992906,-1.530875293936118,,
2026-08-13,8604,market,True,1572.5,-0.15898251192368873,-1.17647058823529,,,1.08108108108107,-2.1621621621621623,,
2026-08-13,8604,limit,False,,,,,,,,0.5058488776477965,-2.7189377173569396
2026-08-13,8604,stop,False,,,,,,,,0.5058488776477965,-2.7189377173569396
2026-08-13,8600,market,True,1106.0,1.0849909584086825,2.169981916817365,,,4.33996383363473,-0.1808318264014508,,
2026-08-13,8600,limit,False,,,,,,,,4.4343891402715,-0.09049773755656076
2026-08-13,8600,stop,True,1112.701,0.4762285645469877,1.554685400660194,,,3.7115990728866066,-0.7819710775850863,,
2026-08-13,8570,market,True,1645.0,-0.6382978723404209,-0.18237082066869803,,,0.1519756838905817,-2.036474164133739,,
2026-08-13,8570,limit,False,,,,,,,,0.1519756838905817,-2.036474164133739
2026-08-13,8570,stop,False,,,,,,,,0.1519756838905817,-2.036474164133739
2026-08-13,8558,market,True,1487.0,2.488231338264968,4.371217215870882,,,6.4559515803631395,0.0,,
2026-08-13,8558,limit,False,,,,,,,,6.4559515803631395,0.0
2026-08-13,8558,stop,True,1498.399,1.7085569330999473,3.577218084101763,,,5.646092929853808,-0.7607453021524879,,
2026-08-13,8550,market,True,1090.0,2.477064220183478,3.3027522935779707,,,4.954128440366978,0.0,,
2026-08-13,8550,limit,False,,,,,,,,5.9259259259259345,0.92592592592593
2026-08-13,8550,stop,True,1090.0,2.477064220183478,3.3027522935779707,,,4.954128440366978,0.0,,
2026-08-13,8541,market,True,3010.0,1.82724252491695,10.299003322259125,,,11.129568106312293,0.0,,
2026-08-13,8541,limit,False,,,,,,,,10.032894736842103,-0.9868421052631526
2026-08-13,8541,stop,True,3057.146,0.2569062779468112,8.598019198298012,,,9.415775366959899,-1.5421572931093364,,
2026-08-13,8524,market,True,1299.0,0.15396458814471714,1.9245573518090753,,,4.00307929176289,-0.5388760585065433,,
2026-08-13,8524,limit,False,,,,,,,,3.5249042145593767,-0.9961685823754785
2026-08-13,8524,stop,True,1309.724,-0.6660945359480253,1.0900006413565144,,,3.151503675583567,-1.3532622140237094,,
2026-08-13,8522,market,True,6900.0,-0.43478260869564966,2.60869565217392,,,2.753623188405796,-1.7391304347826098,,
2026-08-13,8522,limit,False,,,,,,,,2.604920405209832,-1.881331403762665
2026-08-13,8522,stop,True,6935.217,-0.9403743242641149,2.0876491680072995,,,2.2318407628773684,-2.238098678094713,,
2026-08-13,8511,market,True,2530.0,-0.11857707509881354,-2.964426877470361,,,1.6996047430829941,-3.2411067193675924,,
2026-08-13,8511,limit,False,,,,,,,,1.6996047430829941,-3.2411067193675924
2026-08-13,8511,stop,True,2565.127,-1.4863591549268307,-4.293237722732634,,,0.3069243745046579,-4.566128694602645,,
2026-08-13,8418,market,True,3200.0,0.06250000000000977,0.6874999999999964,,,2.4687499999999973,-0.5312500000000053,,
2026-08-13,8418,limit,False,,,,,,,,2.564904598060691,-0.43791054113231365
2026-08-13,8418,stop,True,3206.457,-0.1390007725037279,0.4847406342888716,,,2.2624036436478034,-0.7315551089567052,,
2026-08-13,6323,market,True,4322.0,0.3470615455807513,-3.1929662193428965,,,3.0772790374826497,-3.447478019435446,,
2026-08-13,6323,limit,False,,,,,,,,4.74958852574654,-1.8810251587115023
2026-08-13,6323,stop,False,,,,,,,,4.74958852574654,-1.8810251587115023
2026-08-13,5715,market,True,4000.0,5.3749999999999964,7.499999999999996,,,11.375000000000002,-0.6249999999999978,,
2026-08-13,5715,limit,False,,,,,,,,10.545905707196024,-1.3647642679900707
2026-08-13,5715,stop,True,4091.91,3.008130677360943,5.085400216524816,,,8.873362317353028,-2.8571009626311428,,
2026-08-13,5713,market,True,9683.0,-1.0120830321181495,2.168749354538879,,,8.385830837550357,-1.4045233915108923,,
2026-08-13,5713,limit,False,,,,,,,,6.841087244222743,-2.8097322610200592
2026-08-13,5713,stop,True,10272.503,-3.6943576458434824,,,,2.1659472866544682,-4.278441193932969,,
2026-08-13,5631,market,True,7981.0,-2.1049993735120953,3.4456834983084716,,,6.21476005513093,-2.205237438917429,,
2026-08-13,5631,limit,False,,,,,,,,6.308001003260588,-2.119388011035872
2026-08-13,5631,stop,True,8063.633,-0.14426499817141725,,,,5.126312172193348,-1.855652408783981,,
2026-08-13,5471,market,True,2399.0,0.7086285952480287,1.5006252605252124,,,7.815756565235521,-1.7715714881200495,,
2026-08-13,5471,limit,False,,,,,,,,8.335078534031414,-1.29842931937173
2026-08-13,5471,stop,True,2434.306,-0.752000775580397,0.02850915209509086,,,6.2520488385601425,-3.1962292333009956,,
2026-08-13,5344,market,True,63170.0,-3.4193446256134186,-6.601234763337027,,,1.7729935095773364,-6.601234763337027,,
2026-08-13,5344,limit,False,,,,,,,,3.41000482547853,-5.098922309795717
2026-08-13,5344,stop,True,63170.0,-3.4193446256134186,-6.601234763337027,,,1.7729935095773364,-6.601234763337027,,
2026-08-13,5331,market,True,3850.0,0.5194805194805197,-1.4285714285714235,,,2.5974025974025983,-1.8181818181818188,,
2026-08-13,5331,limit,False,,,,,,,,2.067183462532296,-2.3255813953488413
2026-08-13,5331,stop,False,,,,,,,,2.067183462532296,-2.3255813953488413
2026-08-13,6287,market,True,2891.0,-3.4590107229332423,-3.735731580767898,,,1.6949152542372836,-4.427533725354548,,
2026-08-13,6287,limit,False,,,,,,,,0.6849315068493178,-5.37671232876712
2026-08-13,6287,stop,False,,,,,,,,0.6849315068493178,-5.37671232876712
2026-08-13,6250,market,True,4300.0,-0.46511627906976605,-2.0930232558139528,,,1.1627906976744207,-2.0930232558139528,,
2026-08-13,6250,limit,False,,,,,,,,0.9280742459396807,-2.3201856148491906
2026-08-13,6250,stop,False,,,,,,,,0.9280742459396807,-2.3201856148491906
2026-08-13,6235,market,True,3300.0,-2.7272727272727226,-9.757575757575754,,,0.454545454545463,-10.272727272727277,,
2026-08-13,6235,limit,True,3021.4449999999997,-1.4378881627830298,,,,6.9024920195469575,-2.00053285762275,,
2026-08-13,6235,stop,False,,,,,,,,2.472952086553315,-8.469860896445136
2026-08-13,6504,market,True,15185.0,-1.8768521567336216,-5.103720777082643,,,0.29634507737898996,-6.453737240698054,,
2026-08-13,6504,limit,False,,,,,,,,1.736806947227798,-5.110220440881763
2026-08-13,6504,stop,True,15185.0,-1.8768521567336216,-5.103720777082643,,,0.29634507737898996,-6.453737240698054,,
2026-08-13,6464,market,True,320.0,2.187500000000009,7.8125,,,9.062499999999996,-2.187499999999998,,
2026-08-13,6464,limit,True,320.0,2.187500000000009,7.8125,,,9.062499999999996,-2.187499999999998,,
2026-08-13,6464,stop,False,,,,,,,,8.049535603715174,-3.095975232198145
2026-08-13,5262,market,True,1175.0,-2.468085106382978,-2.8085106382978675,,,0.17021276595745594,-5.617021276595747,,
2026-08-13,5262,limit,False,,,,,,,,1.2037833190025715,-4.643164230438524
2026-08-13,5262,stop,True,1175.0,-2.468085106382978,-2.8085106382978675,,,0.17021276595745594,-5.617021276595747,,
2026-08-13,5074,market,True,786.0,-17.430025445292618,-20.865139949109412,,,1.3994910941475869,-21.119592875318062,,
2026-08-13,5074,limit,True,696.915,-6.875300431186004,-10.749517516483353,,,14.361148777110566,-11.036496559838715,,
2026-08-13,5074,stop,False,,,,,,,,-0.25031289111389077,-22.403003754693362
2026-08-13,6407,market,True,6290.0,-2.225755166931642,-6.836248012718604,,,2.861685214626397,-6.9952305246422934,,
2026-08-13,6407,limit,True,5879.675,-0.3346273390961274,,,,6.808624626361137,-0.5047047668451099,,
2026-08-13,6407,stop,False,,,,,,,,2.535657686212356,-7.290015847860543
2026-08-13,6371,market,True,2716.0,1.6200294550809957,-0.07363770250368162,,,1.8409425625920406,-0.44182621502208974,,
2026-08-13,6371,limit,False,,,,,,,,1.3929618768328433,-0.8797653958944274
2026-08-13,6371,stop,True,2735.953,0.8789259172215402,-0.8023895147321602,,,1.0982279300850495,-1.1678928695047053,,
2026-08-13,8411,market,True,8775.0,-1.7663817663817638,-2.7806267806267826,,,0.5014245014244967,-3.9088319088319112,,
2026-08-13,8411,limit,False,,,,,,,,0.5014245014244967,-3.9088319088319112
2026-08-13,8411,stop,True,8803.292,-2.0820847473876802,-3.093070183290514,,,0.1784332497434038,-4.217649488395924,,
2026-08-13,8393,market,True,2510.0,-0.517928286852587,0.3984063745019917,,,3.8247011952191157,-0.7569721115537886,,
2026-08-13,8393,limit,False,,,,,,,,4.156674660271786,-0.43964828137490475
2026-08-13,8393,stop,True,2534.391,-1.4753445699578371,-0.5678287209826771,,,2.8254914099679063,-1.7120878349078716,,
2026-08-13,8392,market,True,2828.0,0.5304101838755404,2.4398868458274325,,,5.056577086280067,-0.28288543140028155,,
2026-08-13,8392,limit,False,,,,,,,,4.063047285464094,-1.2259194395796813
2026-08-13,8392,stop,True,2887.184,-1.5303492953687825,0.3399852589928365,,,2.9030363149698646,-2.326973272226507,,
2026-08-13,8388,market,True,9420.0,-1.0615711252653925,0.424628450106157,,,2.016985138004257,-1.4861995753715496,,
2026-08-13,8388,limit,False,,,,,,,,2.3429179978700754,-1.1714589989350377
2026-08-13,8388,stop,True,9513.374,-2.032654240230647,-0.5610417502770249,,,1.0156859175304067,-2.4531149516459627,,
2026-08-13,8386,market,True,3090.0,-0.16181229773463146,1.4563106796116498,,,3.721682847896446,-0.8090614886731351,,
2026-08-13,8386,limit,False,,,,,,,,3.721682847896446,-0.8090614886731351
2026-08-13,8386,stop,True,3126.823,-1.3375557234931335,0.2615114446836264,,,2.5002054801311235,-1.9771825907638485,,
2026-08-13,8381,market,True,2588.0,1.6615146831530092,2.0092735703245657,,,4.250386398763517,-0.11591962905718178,,
2026-08-13,8381,limit,False,,,,,,,,4.61419154711129,0.23264831329972147
2026-08-13,8381,stop,True,2599.213,1.2229470997567216,1.56920575574222,,,3.8006504276486774,-0.5468193641690822,,
2026-08-13,8377,market,True,8458.0,1.5842988886261455,-0.307401276897612,,,2.766611492078508,-0.8039725703475997,,
2026-08-13,8377,limit,False,,,,,,,,2.766611492078508,-0.8039725703475997
2026-08-13,8377,stop,True,8531.177,0.712949690294784,-1.162524233174389,,,1.8851208924630214,-1.6548361380850474,,
2026-08-13,8370,market,True,5050.0,0.3960396039603964,0.5940594059405946,,,2.17821782178218,-0.5940594059405946,,
2026-08-13,8370,limit,False,,,,,,,,2.7888446215139417,0.0
2026-08-13,8370,stop,True,5065.26,0.093578611956735,0.2910018439329809,,,1.870387699742948,-0.8935375479244945,,
2026-08-13,8361,market,True,8020.0,0.37406483790523026,2.7431421446383997,,,4.613466334164595,0.0,,
2026-08-13,8361,limit,False,,,,,,,,4.353233830845782,-0.24875621890547706
2026-08-13,8361,stop,True,8083.655,-0.41633394794804435,1.9340879837152825,,,3.7896842455547697,-0.7874532003159462,,
2026-08-13,8360,market,True,7450.0,0.402684563758382,1.2080536912751683,,,3.624161073825505,-1.0738255033557076,,
2026-08-13,8360,limit,False,,,,,,,,3.7634408602150504,-0.9408602150537626
2026-08-13,8360,stop,True,7551.371,-0.9451396309358984,-0.1505819274407294,,,2.2330911830447775,-2.401828754010371,,
2026-08-13,8359,market,True,2670.0,1.048689138576786,2.2471910112359605,,,4.101123595505607,-0.35580524344569486,,
2026-08-13,8359,limit,False,,,,,,,,3.693340794627864,-0.7461294534601759
2026-08-13,8359,stop,True,2688.853,0.34018222639913276,1.5302807554001596,,,3.3712144174486314,-1.0544644872739428,,
2026-08-13,8358,market,True,2843.0,1.8994020400984857,3.5174111853675694,,,6.0499472388322095,-0.03517411185367525,,
2026-08-13,8358,limit,False,,,,,,,,4.6875,-1.3194444444444398
2026-08-13,8358,stop,True,2901.737,-0.16324704823352798,1.4220103338103973,,,3.9032827578791673,-2.0586634832860495,,
2026-08-13,8354,market,True,7704.0,0.3374870197300206,0.7658359293873263,,,2.8037383177569986,-0.48026998961578915,,
2026-08-13,8354,limit,False,,,,,,,,2.8037383177569986,-0.48026998961578915
2026-08-13,8354,stop,True,7727.413,0.03347821580133026,0.4605292870977662,,,2.492257111144447,-0.7818011021282212,,
2026-08-13,8346,market,True,987.0,1.6210739614994862,2.228976697061813,,,3.951367781155013,-0.5065856129685908,,
2026-08-13,8346,limit,False,,,,,,,,3.7411526794742134,-0.707785642062686
2026-08-13,8346,stop,True,992.241,1.084313186010255,1.6890049897152037,,,3.4022984335458917,-1.0321081269570542,,
2026-08-13,8345,market,True,2470.0,-1.0526315789473717,-0.4858299595141724,,,2.9554655870445368,-1.8623481781376516,,
2026-08-13,8345,limit,False,,,,,,,,2.7890056588520507,-2.02101859337106
2026-08-13,8345,stop,True,2515.662,-2.848633878478102,-2.2921203245904964,,,1.0867119668699576,-3.6436532411746825,,
2026-08-13,2802,market,True,5703.0,-2.4022444327546855,-2.9458179905312964,,,0.8942661756970116,-4.559004032965108,,
2026-08-13,2802,limit,False,,,,,,,,2.0936834634492474,-3.4244144783534436
2026-08-13,2802,stop,True,5727.068,-2.812398944800376,-3.3536881350108017,,,0.47025807970151323,-4.96009476402236,,
2026-08-13,2734,market,True,1190.0,0.7563025210084007,3.3613445378151363,,,3.61344537815127,0.0,,
2026-08-13,2734,limit,False,,,,,,,,3.61344537815127,0.0
2026-08-13,2734,stop,True,1198.475,0.04380566970525468,2.630426166586708,,,2.880744279188141,-0.7071486680990335,,
2026-08-13,2685,market,True,3395.0,1.6200294550809957,2.503681885125175,,,3.2400589101620136,-0.14727540500736325,,
2026-08-13,2685,limit,True,3395.0,1.6200294550809957,2.503681885125175,,,3.2400589101620136,-0.14727540500736325,,
2026-08-13,2685,stop,True,3467.821,0.35120036472471305,,,,1.0721141604483009,-1.9557237815908013,,
2026-08-13,6508,market,True,12000.0,3.083333333333327,2.083333333333326,,,6.333333333333324,0.0,,
2026-08-13,6508,limit,False,,,,,,,,7.407407407407418,1.0101010101010166
2026-08-13,6508,stop,True,12027.905,2.844177768281342,1.8464977899310009,,,6.08663769791995,-0.23200216496556125,,
2026-08-13,8344,market,True,4540.0,0.7709251101321479,3.3039647577092435,,,5.286343612334798,0.0,,
2026-08-13,8344,limit,False,,,,,,,,4.252998909487449,-0.9814612868047967
2026-08-13,8344,stop,True,4620.175,-0.9777768158132583,1.5113063899094614,,,3.459284550909869,-1.7353238784245217,,
2026-08-13,8343,market,True,8390.0,1.9070321811680557,6.555423122765203,,,9.654350417163293,-0.11918951132300348,,
2026-08-13,8343,limit,False,,,,,,,,8.875739644970416,-0.8284023668639007
2026-08-13,8343,stop,True,8530.66,0.2267116495089594,4.798456391416384,,,7.846286219354659,-1.7661001610660865,,
2026-08-13,8341,market,True,3834.0,0.07824726134584292,2.0344287949921824,,,3.1038080333855023,-0.5477308294209671,,
2026-08-13,8341,limit,False,,,,,,,,3.1038080333855023,-0.5477308294209671
2026-08-13,8341,stop,True,3854.997,-0.466848612333548,1.4786781935238968,,,2.5422328473926115,-1.0894171902079308,,
2026-08-13,8337,market,True,2771.0,1.5878744135691125,1.1548177553229788,,,3.428365211115114,-0.6495849873691784,,
2026-08-13,8337,limit,False,,,,,,,,3.69030390738061,-0.397973950795949
2026-08-13,8337,stop,True,2787.58,0.9836488997625237,0.55316798082925,,,2.8131928052289146,-1.2405025147260273,,
2026-08-13,8336,market,True,2753.0,0.7991282237558961,2.288412640755544,,,3.9956411187795027,-0.07264802034144813,,
2026-08-13,8336,limit,False,,,,,,,,3.134005763688763,-0.9005763688760826
2026-08-13,8336,stop,True,2784.401,-0.33763096622935196,1.1348580897651006,,,2.822833349075804,-1.1995757794943995,,
2026-08-13,8334,market,True,2716.5,1.7853856064789175,3.092214246272773,,,4.63832136940916,-0.0552181115405892,,
2026-08-13,8334,limit,False,,,,,,,,3.7219485495347593,-0.9304871373836843
2026-08-13,8334,stop,True,2755.582,0.34177897808884694,1.6300730662342833,,,3.1542519874204533,-1.472719737608963,,
2026-08-13,8331,market,True,2881.5,-1.8393197987159438,-1.5269824744056915,,,0.38174561860142564,-2.0128405344438716,,
2026-08-13,8331,limit,False,,,,,,,,1.7769176636171613,-0.6509500351864927
2026-08-13,8331,stop,True,2881.5,-1.8393197987159438,-1.5269824744056915,,,0.38174561860142564,-2.0128405344438716,,
2026-08-13,8309,market,True,1760.0,-1.3068181818181812,-1.477272727272727,,,0.39772727272726627,-2.017045454545452,,
2026-08-13,8309,limit,False,,,,,,,,0.798630918425558,-1.625784369652028
2026-08-13,8309,stop,True,1760.0,-1.3068181818181812,-1.477272727272727,,,0.39772727272726627,-2.017045454545452,,
2026-08-13,8308,market,True,2458.5,-0.18303843807199183,1.6880211511083987,,,3.823469595281681,-0.7931665649786424,,
2026-08-13,8308,limit,False,,,,,,,,4.332720212548535,-0.3065603923973037
2026-08-13,8308,stop,True,2458.5,-0.18303843807199183,1.6880211511083987,,,3.823469595281681,-0.7931665649786424,,
2026-08-13,8306,market,True,3672.0,0.38126361655772545,-0.4901960784313708,,,1.9063180827886717,-0.9531590413943358,,
2026-08-13,8306,limit,False,,,,,,,,0.8897276894041628,-1.9412240496090583
2026-08-13,8306,stop,True,3719.18,-0.8921321366537782,-1.7525368495205917,,,0.6135761108631455,-2.2096268532310837,,
2026-08-13,8304,market,True,3381.0,1.5675835551612005,0.20703933747412417,,,3.135167110322379,-0.2661934338953009,,
2026-08-13,8304,limit,False,,,,,,,,2.7098674521354837,-0.6774668630338709
2026-08-13,8304,stop,True,3418.408,0.4561187546951784,-0.8895368838359841,,,2.006548077350634,-1.3575910189772555,,
2026-08-13,8233,market,True,2345.0,-1.9189765458422214,-3.390191897654582,,,0.0,-5.010660980810233,,
2026-08-13,8233,limit,True,2259.8025,-0.6550351192194825,,,,2.0000641648993733,-1.4294390770874799,,
2026-08-13,8233,stop,False,,,,,,,,0.8168529664660307,-4.234737747205508
2026-08-13,8185,market,True,1030.0,0.1941747572815622,0.8737864077669855,,,1.0679611650485477,-0.3883495145631022,,
2026-08-13,8185,limit,False,,,,,,,,1.0679611650485477,-0.3883495145631022
2026-08-13,8185,stop,True,1034.0,-0.19342359767892114,,,,0.6769825918762074,-0.4835589941972973,,
2026-08-13,3186,market,True,3595.0,0.4172461752433909,0.2781641168289273,,,1.8080667593880495,-1.8080667593880384,,
2026-08-13,3186,limit,False,,,,,,,,1.949860724233976,-1.671309192200554
2026-08-13,3186,stop,True,3619.335,-0.25792030856497394,-0.3960672333453541,,,1.1235489392388276,-2.4682711050510675,,
2026-08-13,3167,market,True,1233.0,-0.08110300081103361,1.4598540145985384,,,1.8653690186536842,-0.24330900243308973,,
2026-08-13,3167,limit,False,,,,,,,,1.3720742534301777,-0.7263922518159771
2026-08-13,3167,stop,True,1249.735,0.10122145894930767,,,,0.5013062769307242,-1.1790499585912162,,
2026-08-13,6752,market,True,4848.0,-2.61963696369637,-6.105610561056107,,,2.764026402640263,-6.600660066006602,,
2026-08-13,6752,limit,False,,,,,,,,6.475742680059837,-3.227185296003421
2026-08-13,6752,stop,True,4848.0,-2.61963696369637,-6.105610561056107,,,2.764026402640263,-6.600660066006602,,
2026-08-13,6627,market,True,12300.0,4.390243902439028,-8.048780487804875,,,6.422764227642275,-8.3739837398374,,
2026-08-13,6627,limit,False,,,,,,,,9.083333333333332,-6.0833333333333295
2026-08-13,6627,stop,True,12539.586,2.3957250263286323,-9.805634731481561,,,4.3894112612649305,-10.124624529071369,,
2026-08-13,2962,market,True,1425.0,-3.6491228070175463,16.42105263157896,,,16.42105263157896,-10.807017543859654,,
2026-08-13,2962,limit,False,,,,,,,,16.42105263157896,-10.807017543859654
2026-08-13,2962,stop,True,1454.871,-5.627371773854872,14.030728497578139,,,14.030728497578139,-12.63830263989042,,
2026-08-13,8008,market,True,2090.0,1.3397129186602852,2.05741626794258,,,2.583732057416266,-0.4784688995215336,,
2026-08-13,8008,limit,False,,,,,,,,2.8297362110311752,-0.23980815347721673
2026-08-13,8008,stop,True,2092.006,1.2425394573438275,1.9595546093080118,,,2.4853657207484225,-0.5738989276321327,,
2026-08-13,8005,market,True,1875.0,0.32000000000000917,-0.05333333333333856,,,0.9600000000000053,-1.5466666666666629,,
2026-08-13,8005,limit,False,,,,,,,,0.9600000000000053,-1.5466666666666629
2026-08-13,8005,stop,False,,,,,,,,0.9600000000000053,-1.5466666666666629
2026-08-13,3444,market,True,1004.0,2.290836653386452,4.3824701195219085,,,12.549800796812761,0.0,,
2026-08-13,3444,limit,False,,,,,,,,12.326043737574555,-0.1988071570576566
2026-08-13,3444,stop,True,1023.934,0.29943336191591285,2.350346799696079,,,10.358675461504351,-1.9468051651766571,,
2026-08-13,3443,market,True,1372.0,1.5306122448979664,3.9358600583090375,,,5.174927113702621,-0.1457725947521915,,
2026-08-13,3443,limit,False,,,,,,,,5.174927113702621,-0.1457725947521915
2026-08-13,3443,stop,True,1383.75,0.6684733514001895,3.0532971996386715,,,4.281842818428183,-0.9936766034327027,,
2026-08-13,3401,market,True,1784.0,-1.2331838565022402,-1.9338565022421483,,,2.0179372197309364,-2.606502242152464,,
2026-08-13,3401,limit,False,,,,,,,,1.7612524461839474,-2.851551579535927
2026-08-13,3401,stop,False,,,,,,,,1.7612524461839474,-2.851551579535927
2026-08-13,3350,market,True,220.0,0.454545454545463,3.6363636363636376,,,8.18181818181818,-4.545454545454541,,
2026-08-13,3350,limit,True,220.0,0.454545454545463,3.6363636363636376,,,8.18181818181818,-4.545454545454541,,
2026-08-13,3350,stop,True,229.54,-0.6709070314542043,,,,3.6856321338328835,-2.4135226975690482,,
2026-08-13,4042,market,True,2762.0,-0.43446777697321304,-2.0999275887038427,,,1.0137581462708267,-2.0999275887038427,,
2026-08-13,4042,limit,True,2707.635,-0.13425000046166646,,,,1.0845257946510367,-0.13425000046166646,,
2026-08-13,4042,stop,True,2789.818,-1.4272615632991204,-3.076114642603933,,,0.006523723052898056,-3.076114642603933,,
2026-08-13,4008,market,True,1550.0,0.5161290322580614,-1.806451612903226,,,2.451612903225797,-2.3870967741935534,,
2026-08-13,4008,limit,False,,,,,,,,2.451612903225797,-2.3870967741935534
2026-08-13,4008,stop,True,1569.751,-0.7485900630099906,-3.0419474171381355,,,1.1625410654301227,-3.615286755670166,,
2026-08-13,3994,market,True,5990.0,8.16360601001669,-5.542570951585979,,,9.916527545909858,-5.843071786310516,,
2026-08-13,3994,limit,False,,,,,,,,12.08716377255703,-3.9836567926455513
2026-08-13,3994,stop,True,5990.0,8.16360601001669,-5.542570951585979,,,9.916527545909858,-5.843071786310516,,
2026-08-13,6875,market,True,11400.0,-1.3157894736842146,1.4912280701754321,,,4.824561403508776,-2.280701754385961,,
2026-08-13,6875,limit,False,,,,,,,,4.458041958041958,-2.622377622377625
2026-08-13,6875,stop,True,11560.256,-2.6838159985384302,0.08428879083646201,,,3.3714132282191667,-3.6353520198860623,,
2026-08-13,6871,market,True,15180.0,-1.0540184453227908,-2.832674571805005,,,6.719367588932812,-5.138339920948621,,
2026-08-13,6871,limit,False,,,,,,,,12.03319502074689,-0.4149377593360981
2026-08-13,6871,stop,True,15222.837,-1.3324520258608752,-3.1061030214013297,,,6.419059732427024,-5.405280237842658,,
2026-08-13,6754,market,True,3659.0,-0.24596884394643137,-4.017491117791749,,,2.0770702377698846,-4.017491117791749,,
2026-08-13,6754,limit,True,3582.7225,-1.9739876588264926,,,,4.250329184021373,-1.9739876588264926,,
2026-08-13,6754,stop,False,,,,,,,,1.2195121951219523,-4.823848238482387
2026-08-13,7912,market,True,3303.0,0.36330608537693543,0.12110202845898588,,,1.8468059339993959,-1.21102028458977,,
2026-08-13,7912,limit,False,,,,,,,,1.877649909145962,-1.1811023622047223
2026-08-13,7912,stop,True,3339.416,-0.7311458051347919,-0.9707086508539242,,,0.7361766248948909,-2.288304302309152,,
2026-08-13,2222,market,True,2653.0,3.505465510742556,1.093102148511127,,,4.598567659253683,-0.8104033169996194,,
2026-08-13,2222,limit,False,,,,,,,,3.2558139534883734,-2.0837209302325577
2026-08-13,2222,stop,True,2700.514,1.6843460170915536,-0.6855731908814389,,,2.7582156582043327,-2.5555875659226346,,
2026-08-13,4109,market,True,5600.0,1.7857142857142794,-0.8928571428571397,,,3.571428571428581,-0.8928571428571397,,
2026-08-13,4109,limit,False,,,,,,,,4.693140794223827,0.18050541516245744
2026-08-13,4109,stop,True,5649.277,0.8978671075962508,-1.7573399215510266,,,2.6680051270277616,-1.7573399215510266,,
2026-08-13,1982,market,True,2974.0,0.20174848688634395,0.8742434431741719,,,5.413584398117011,-0.7061197041022149,,
2026-08-13,1982,limit,False,,,,,,,,5.060321715817695,-1.0388739946380676
2026-08-13,1982,stop,True,3017.91,-0.2621019182149187,,,,3.8798373708957667,-1.0573542617241638,,
2026-08-13,7752,market,True,1643.0,2.130249543517948,-2.8606208155812496,,,2.495435179549599,-3.560559951308584,,
2026-08-13,7752,limit,False,,,,,,,,1.9987886129618326,-4.02786190187765
2026-08-13,7752,stop,True,1658.92,1.15014587804112,-3.7928290695151134,,,1.5118269717647514,-4.486051165818727,,
2026-08-13,7751,market,True,4600.0,1.2173913043478368,-2.1739130434782594,,,1.5434782608695574,-2.717391304347827,,
2026-08-13,7751,limit,False,,,,,,,,2.0983606557376966,-2.1857923497267784
2026-08-13,7751,stop,True,4647.865,0.17502659823380728,-3.1813531589235056,,,0.49775542103740467,-3.719234530262816,,
2026-08-13,7744,market,True,2143.0,1.166588894073728,-3.7330844610359293,,,2.6131591227251505,-4.713019132057861,,
2026-08-13,7744,limit,False,,,,,,,,3.4336782690498557,-3.951081843838189
2026-08-13,7744,stop,True,2143.0,1.166588894073728,-3.7330844610359293,,,2.6131591227251505,-4.713019132057861,,
2026-08-13,7730,market,True,1590.0,1.8867924528301883,0.3144654088050425,,,1.9496855345912056,-0.06289308176100628,,
2026-08-13,7730,limit,False,,,,,,,,1.0598503740648413,-0.9351620947630868
2026-08-13,7730,stop,False,,,,,,,,1.0598503740648413,-0.9351620947630868
2026-08-13,6882,market,True,1248.0,-2.083333333333337,-0.8814102564102533,,,2.4038461538461453,-2.3237179487179516,,
2026-08-13,6882,limit,False,,,,,,,,3.0645161290322687,-1.6935483870967771
2026-08-13,6882,stop,True,1254.448,0.2831524303916977,,,,1.877479178092667,-2.586635715470076,,
2026-08-13,3040,market,True,2442.0,4.954954954954949,1.3513513513513598,,,6.183456183456193,-1.5561015561015523,,
2026-08-13,3040,limit,False,,,,,,,,6.096563011456624,-1.6366612111292977
2026-08-13,3040,stop,True,2495.803,2.6924000011218974,-0.8335193122213536,,,3.8944179488525466,-3.678295121850561,,
2026-08-13,4689,market,True,501.2000122070313,1.017552965228341,-0.6584234298030678,,,2.513961548096044,-2.813249353571723,,
2026-08-13,4689,limit,False,,,,,,,,2.8628604190127582,-2.4824812605574342
2026-08-13,4689,stop,True,502.717,0.7127246130464782,-0.9581943923749559,,,2.2046176661956407,-3.1065179606984406,,
2026-08-13,4668,market,True,777.0,0.6435006435006496,0.2574002574002643,,,0.7722007722007707,-0.38610038610038533,,
2026-08-13,4668,limit,False,,,,,,,,0.9020618556700999,-0.2577319587628857
2026-08-13,4668,stop,True,778.046,0.5081961734910267,0.12261485824744955,,,0.6367232785722043,-0.520020667158505,,
2026-08-13,4634,market,True,5090.0,0.5893909626718985,-0.5893909626719096,,,2.357563850687616,-2.8487229862475427,,
2026-08-13,4634,limit,False,,,,,,,,1.9569471624266255,-3.228962818003911
2026-08-13,4634,stop,True,5132.508,-0.24370151980278587,-1.4127206426176042,,,1.5098271644194305,-3.653340628012658,,
2026-08-13,4396,market,True,1384.0,2.9624277456647308,1.1560693641618602,,,4.552023121387294,-3.106936416184969,,
2026-08-13,4396,limit,False,,,,,,,,3.2833690221270473,-4.282655246252675
2026-08-13,4396,stop,True,1417.462,0.5317955613624914,-1.231920150240362,,,2.083865387572992,-5.394289229623084,,
2026-08-13,4228,market,True,643.0,1.5552099533437058,-0.3110419906687367,,,3.8880248833592645,-1.8662519440124425,,
2026-08-13,4228,limit,False,,,,,,,,3.8880248833592645,-1.8662519440124425
2026-08-13,4228,stop,True,645.599,1.1463772403612627,-0.7123616982058545,,,3.469800913570187,-2.261310813678463,,
2026-08-13,4194,market,True,9050.0,3.281767955801107,0.3425414364640833,,,3.9226519337016486,-1.2044198895027614,,
2026-08-13,4194,limit,False,,,,,,,,3.9226519337016486,-1.2044198895027614
2026-08-13,4194,stop,False,,,,,,,,3.9226519337016486,-1.2044198895027614
2026-08-13,7381,market,True,1256.0,0.9554140127388644,3.6624203821655987,,,4.617834394904463,-0.79617834394905,,
2026-08-13,7381,limit,False,,,,,,,,4.534606205250591,-0.8750994431185322
2026-08-13,7381,stop,True,1261.435,0.5204390238101819,3.215782026025926,,,4.1670795562197105,-1.223606448211756,,
2026-08-13,7380,market,True,2567.0,0.5843396961433545,2.454226723802111,,,4.713673548889763,-0.23373587845734178,,
2026-08-13,7380,limit,False,,,,,,,,4.226444358278392,-0.6979449398991866
2026-08-13,7380,stop,True,2605.776,-0.9124345300593695,0.929627105322961,,,3.1554515814099293,-1.71833649553913,,
2026-08-13,7337,market,True,2347.0,0.7456327226246229,2.0238602471239986,,,2.53515125692374,-0.5112910097997414,,
2026-08-13,7337,limit,False,,,,,,,,2.40425531914894,-0.6382978723404209
2026-08-13,7337,stop,True,2360.735,0.15948422842886334,1.4302748932006226,,,1.9385911591093485,-1.090126591930063,,
2026-08-13,7327,market,True,2494.0,0.2405773857257376,2.44587008821171,,,3.7690457097032892,-0.7618283881315135,,
2026-08-13,7327,limit,False,,,,,,,,3.7690457097032892,-0.7618283881315135
2026-08-13,7327,stop,True,2502.691,-0.10752426088557199,2.090110205374951,,,3.408690885131249,-1.1064490182767228,,
2026-08-13,7280,market,True,1240.0,1.2903225806451646,5.161290322580636,,,6.209677419354831,-1.0483870967741948,,
2026-08-13,7280,limit,False,,,,,,,,6.986190089358235,-0.32493907392363575
2026-08-13,7280,stop,True,1240.0,1.2903225806451646,5.161290322580636,,,6.209677419354831,-1.0483870967741948,,
2026-08-13,7189,market,True,4756.0,0.31539108494533785,2.460050462573582,,,3.931875525651818,-0.3364171572750263,,
2026-08-13,7189,limit,False,,,,,,,,3.3884124660112924,-0.8575611796695304
2026-08-13,7189,stop,True,4795.971,-0.5206662008589991,1.6061189694433153,,,3.065677419650803,-1.1670420859508868,,
2026-08-13,7186,market,True,1927.5,0.36316472114137355,0.4150453955901412,,,2.204928664072625,-1.1154345006485045,,
2026-08-13,7186,limit,False,,,,,,,,2.231447846393353,-1.089776855215363
2026-08-13,7186,stop,True,1932.751,0.09049277428907487,0.142232496581296,,,1.9272529156626916,-1.3840893110390273,,
2026-08-13,7184,market,True,3265.0,1.3782542113323082,1.5313935681470214,,,3.8284839203675425,-0.6125574272588086,,
2026-08-13,7184,limit,False,,,,,,,,3.8284839203675425,-0.6125574272588086
2026-08-13,7184,stop,True,3309.623,0.01139102550351545,0.1624656343033548,,,2.4285847663011673,-1.952578888894596,,
2026-08-13,7167,market,True,1640.0,1.1280487804878003,3.1402439024390327,,,4.32926829268292,-0.39634146341462895,,
2026-08-13,7167,limit,False,,,,,,,,4.5204642638973835,-0.21380574221135928
2026-08-13,7167,stop,True,1643.528,0.9109671389839313,2.9188428794641785,,,4.10531490792978,-0.6101508462283634,,
2026-08-13,7164,market,True,3124.0,0.22407170294493906,0.41613316261204236,,,1.0243277848911658,-0.5761843790012766,,
2026-08-13,7164,limit,False,,,,,,,,0.766283524904221,-0.8301404853129024
2026-08-13,7164,stop,True,3137.39,-0.2036724793538558,-0.012430714702349466,,,0.5931682066941057,-1.0005131654018062,,
2026-08-13,7011,market,True,4202.0,1.2375059495478347,3.9980961446929975,,,5.640171346977629,-0.5235602094240788,,
2026-08-13,7011,limit,False,,,,,,,,4.29981203007519,-1.7857142857142905
2026-08-13,7011,stop,True,4290.556,-0.8520107883453698,1.851601517379109,,,3.459784699232471,-2.5767289833765084,,
2026-08-13,6952,market,True,2457.0,-0.040700040700036855,-4.232804232804233,,,2.564102564102555,-4.884004884004889,,
2026-08-13,6952,limit,False,,,,,,,,1.2658227848101333,-6.088004822182036
2026-08-13,6952,stop,True,2499.713,-1.7487207531424631,-5.869193783446347,,,0.811573168599744,-6.509267263881902,,
2026-08-13,4565,market,True,1088.0,1.5625,2.1139705882353033,,,6.341911764705888,0.0,,
2026-08-13,4565,limit,False,,,,,,,,6.439742410303584,0.09199632014720294
2026-08-13,4565,stop,True,1099.426,0.5069918302823551,1.0527311524377359,,,5.236732622295648,-1.0392695824912201,,
2026-08-13,4552,market,True,525.0,0.19047619047618536,0.0,,,1.1428571428571344,-5.52380952380952,,
2026-08-13,4552,limit,False,,,,,,,,0.7590132827324458,-5.882352941176472
2026-08-13,4552,stop,True,529.772,-0.712004409444067,-0.900764857334857,,,0.2317978300098833,-6.37481784616779,,
2026-08-13,4543,market,True,2634.0,1.4616552771450353,-2.1260440394836766,,,2.0880789673500377,-3.1700835231586955,,
2026-08-13,4543,limit,False,,,,,,,,2.61400496088533,-2.671245945430256
2026-08-13,4543,stop,True,2644.075,1.0750451481141843,-2.498983576487046,,,1.6990819095525023,-3.5390448455508983,,
2026-08-13,4475,market,True,1469.0,4.084411164057178,-0.2042205582028611,,,5.3097345132743445,-2.9271613342409797,,
2026-08-13,4475,limit,False,,,,,,,,7.132963988919672,-1.2465373961218829
2026-08-13,4475,stop,True,1537.137,-0.5293607531404176,-4.627889381362882,,,0.6416474263517102,-7.230129780234284,,
2026-08-13,4425,market,True,1727.0,-3.1847133757961776,-5.848291835552977,,,0.17371163867978545,-6.716850028951937,,
2026-08-13,4425,limit,True,1633.7175,-0.4723888922044339,,,,5.587410308085694,-1.3905402861877914,,
2026-08-13,4425,stop,False,,,,,,,,0.5813953488372103,-6.337209302325586
2026-08-13,4418,market,True,804.0,5.970149253731338,20.64676616915422,,,25.373134328358216,-1.3681592039801016,,
2026-08-13,4418,limit,False,,,,,,,,25.842696629213478,-0.9987515605493158
2026-08-13,4418,stop,True,811.219,5.0271258439459565,19.57313623078354,,,24.257444660443106,-2.2458793494728346,,
2026-08-13,2269,market,True,4200.0,1.1428571428571344,1.0476190476190528,,,1.6904761904761978,-0.8333333333333304,,
2026-08-13,2269,limit,False,,,,,,,,1.8845419847328237,-0.6440839694656475
2026-08-13,2269,stop,False,,,,,,,,1.8845419847328237,-0.6440839694656475
2026-08-13,8897,market,True,452.0,1.5486725663716783,0.22123893805310324,,,2.212389380530966,0.0,,
2026-08-13,8897,limit,False,,,,,,,,2.212389380530966,0.0
2026-08-13,8897,stop,True,454.901,0.9010751789949811,-0.41789312399841405,,,1.5605593304916843,-0.6377211744973077,,
2026-08-13,3668,market,True,415.0,0.9638554216867545,0.24096385542169418,,,1.9277108433734869,-1.2048192771084376,,
2026-08-13,3668,limit,False,,,,,,,,1.9277108433734869,-1.2048192771084376
2026-08-13,3668,stop,True,418.122,0.20998655894690632,-0.5075073782293216,,,1.1666451418485435,-1.9424952525817885,,
2026-08-13,9984,market,True,5834.0,-1.6283853273911575,-0.06856359273226253,,,6.787795680493658,-3.1025025711347243,,
2026-08-13,9984,limit,False,,,,,,,,11.748878923766814,1.3991031390134578
2026-08-13,9984,stop,True,5834.0,-1.6283853273911575,-0.06856359273226253,,,6.787795680493658,-3.1025025711347243,,
2026-08-13,8892,market,True,1099.0,1.0919017288444133,0.7279344858962755,,,1.4558689717925288,-0.27297543221109777,,
2026-08-13,8892,limit,False,,,,,,,,0.8137432188065175,-0.9041591320072317
2026-08-13,8892,stop,True,1108.023,0.2686767332447104,-0.09232660332861853,,,0.6296800698180505,-1.0850857789053037,,
2026-08-13,5830,market,True,3976.0,-0.3018108651911433,1.5845070422535246,,,3.5462776659959783,-0.45271629778671496,,
2026-08-13,5830,limit,False,,,,,,,,3.4682080924855585,-0.5277707966825806
2026-08-13,5830,stop,True,4001.228,-0.9304143627906214,0.9440101888720243,,,2.893411722601158,-1.0803683269236308,,
2026-08-13,5805,market,True,14000.0,1.857142857142846,5.000000000000004,,,9.000000000000007,-0.5000000000000004,,
2026-08-13,5805,limit,False,,,,,,,,9.547738693467345,0.0
2026-08-13,5805,stop,True,14363.351,-0.7195465737765527,2.3438054253495544,,,6.242617060600963,-3.017060573121133,,
2026-08-13,9107,market,True,2940.0,3.0612244897959107,6.836734693877555,,,8.26530612244898,-0.5612244897959195,,
2026-08-13,9107,limit,False,,,,,,,,9.626313070432246,0.6888238333046415
2026-08-13,9107,stop,True,2956.048,2.501718510660189,6.256731961050699,,,7.677547861198475,-1.1010646647145017,,
2026-08-13,1963,market,True,2328.5,0.7086106935795478,0.45093407773244554,,,3.9725144943096424,-1.3957483358385203,,
2026-08-13,1963,limit,False,,,,,,,,5.674378000872982,0.2182453077258728
2026-08-13,1963,stop,True,2328.5,0.7086106935795478,0.45093407773244554,,,3.9725144943096424,-1.3957483358385203,,
2026-08-13,9722,market,True,2359.0,-1.102161933022472,-1.9923696481560005,,,2.0771513353115667,-2.628232301822808,,
2026-08-13,9722,limit,False,,,,,,,,1.603375527426154,-3.080168776371306
2026-08-13,9722,stop,True,2390.711,-2.413968062220817,-3.292367835342702,,,0.7231739846430774,-3.919796244715479,,
2026-08-13,1951,market,True,2615.0,0.6692160611854625,0.09560229445506607,,,2.6195028680688237,-0.24856596558316957,,
2026-08-13,1951,limit,False,,,,,,,,2.365058172801837,-0.49589929429715296
2026-08-13,1951,stop,True,2662.524,-0.09479726755514672,,,,0.7878238844044372,-1.7098061839066925,,
2026-08-13,5817,market,True,1015.0,-0.8866995073891659,2.5615763546797954,,,5.9113300492610765,-0.8866995073891659,,
2026-08-13,5817,limit,False,,,,,,,,5.9113300492610765,-0.8866995073891659
2026-08-13,5817,stop,True,1040.855,-0.08214400660995214,,,,3.2804761470137445,-3.1565395756373404,,
2026-08-13,9348,market,True,421.0,0.9501187648456089,4.275534441805218,,,5.938242280285033,-0.7125890736342066,,
2026-08-13,9348,limit,False,,,,,,,,5.938242280285033,-0.7125890736342066
2026-08-13,9348,stop,True,425.53,-0.124550560477521,3.1654642445891,,,4.810471647122427,-1.769557963010826,,
2026-08-13,4222,market,True,696.0,0.2873563218390718,1.8678160919540332,,,7.040229885057481,-2.011494252873558,,
2026-08-13,4222,limit,False,,,,,,,,7.658959537572252,-1.4450867052023142
2026-08-13,4222,stop,True,724.291,-3.629894614181328,-2.111168025006527,,,2.859209903201876,-5.838951471162845,,
2026-08-13,7701,market,True,4224.0,-0.07102272727272929,-3.125,,,1.1126893939394034,-3.148674242424243,,
2026-08-13,7701,limit,True,4097.155,-0.12581901343736712,,,,1.4362405132341882,-0.15022619354161382,,
2026-08-13,7701,stop,False,,,,,,,,0.11720581340834979,-4.102203469292077
2026-08-13,6966,market,True,966.0,0.41407867494824835,0.0,,,3.7267080745341685,-1.0351966873705987,,
2026-08-13,6966,limit,False,,,,,,,,6.256627783669133,1.378579003181346
2026-08-13,6966,stop,True,977.941,-0.8120121766037047,-1.2210348068032784,,,2.4601688649928732,-2.2435913823022124,,
2026-08-13,3676,market,True,1058.0,0.0,0.0945179584120881,,,0.1890359168241984,-0.0945179584120992,,
2026-08-13,3676,limit,False,,,,,,,,0.1890359168241984,-0.0945179584120992
2026-08-13,3676,stop,False,,,,,,,,0.1890359168241984,-0.0945179584120992
2026-08-13,2590,market,True,2902.0,2.136457615437637,1.7229496898690577,,,2.791178497587876,0.0,,
2026-08-13,2590,limit,False,,,,,,,,1.9132217287324949,-0.8541168431841495
2026-08-13,2590,stop,True,2979.393,-1.422873719579798,,,,0.12106492832599791,-2.2619708108329473,,
2026-08-13,7241,market,True,1070.0,2.242990654205612,3.5514018691588767,,,4.112149532710285,-0.18691588785046953,,
2026-08-13,7241,limit,False,,,,,,,,4.404873477038418,0.09372071227742307
2026-08-13,7241,stop,True,1071.029,2.1447598524409806,3.4519140004612314,,,4.012122921041361,-0.28281213673952976,,
2026-08-13,7224,market,True,2017.0,-0.09915716410510145,-0.049578582052556275,,,1.2394645513138292,-0.6445215666831983,,
2026-08-13,7224,limit,False,,,,,,,,1.2394645513138292,-0.6445215666831983
2026-08-13,7224,stop,False,,,,,,,,1.2394645513138292,-0.6445215666831983
2026-08-13,7202,market,True,2257.5,0.35437430786267043,-0.7087486157253631,,,1.5060908084163938,-1.2846068660022136,,
2026-08-13,7202,limit,True,2234.5,1.3873349742671737,0.3132691877377525,,,2.550906243007378,-0.26851644663236085,,
2026-08-13,7202,stop,False,,,,,,,,2.550906243007378,-0.26851644663236085
2026-08-13,7476,market,True,2350.0,1.2978723404255321,0.36170212765958,,,1.3617021276595809,-0.7021276595744697,,
2026-08-13,7476,limit,True,2350.0,1.2978723404255321,0.36170212765958,,,1.3617021276595809,-0.7021276595744697,,
2026-08-13,7476,stop,False,,,,,,,,0.6975269499048808,-1.35277953920947
2026-08-13,7609,market,True,4560.0,4.6052631578947345,0.21929824561404132,,,7.675438596491224,-0.43859649122807154,,
2026-08-13,7609,limit,False,,,,,,,,7.088331515812429,-0.9814612868047967
2026-08-13,7609,stop,True,4701.458,1.4578881700102464,-2.7961113339734056,,,4.435687822798817,-3.434211259570963,,
2026-08-13,7616,market,True,2080.0,-0.9855769230769251,-3.3653846153846145,,,0.8413461538461453,-4.75961538461539,,
2026-08-13,7616,limit,False,,,,,,,,0.40689325035903057,-5.169937769267596
2026-08-13,7616,stop,False,,,,,,,,0.40689325035903057,-5.169937769267596
2026-08-13,6232,market,True,1727.0,0.810654313839021,-0.463231036479439,,,3.9953676896351986,-3.821656050955413,,
2026-08-13,6232,limit,False,,,,,,,,4.723032069970845,-3.14868804664723
2026-08-13,6232,stop,True,1781.0,-0.8422234699607012,,,,0.8422234699607012,-6.737787759685565,,
2026-08-13,6166,market,True,653.0,-1.071975497702915,-2.7565084226646275,,,2.6033690658499253,-3.6753445635528292,,
2026-08-13,6166,limit,False,,,,,,,,2.6033690658499253,-3.6753445635528292
2026-08-13,6166,stop,False,,,,,,,,2.6033690658499253,-3.6753445635528292
2026-08-13,6203,market,True,1497.0,0.6680026720106813,0.06680026720107257,,,3.206412825651306,-0.2004008016032066,,
2026-08-13,6203,limit,False,,,,,,,,2.931379080612917,-0.4663557628247883
2026-08-13,6203,stop,False,,,,,,,,2.931379080612917,-0.4663557628247883
2026-08-13,8584,market,True,3780.0,0.2645502645502562,-1.5873015873015928,,,0.5291005291005346,-1.7195767195767209,,
2026-08-13,8584,limit,False,,,,,,,,0.5291005291005346,-1.7195767195767209
2026-08-13,8584,stop,False,,,,,,,,0.5291005291005346,-1.7195767195767209
2026-08-13,8439,market,True,2557.5,-0.3910068426197455,-0.6842619745845546,,,0.9775171065493637,-1.7204301075268824,,
2026-08-13,8439,limit,True,2535.88,-0.645929618120733,,,,1.0497342145527444,-0.882533873842617,,
2026-08-13,8439,stop,True,2580.624,-1.2835655252372957,-1.574192908381844,,,0.07269559610389997,-2.601076328825891,,
2026-08-13,3891,market,True,7390.0,-2.706359945872805,-5.006765899864685,,,4.8714479025710355,-5.277401894451961,,
2026-08-13,3891,limit,False,,,,,,,,8.391608391608397,-2.0979020979020935
2026-08-13,3891,stop,True,7573.867,-7.31286937042861,,,,2.3255359514499085,-7.576935269658158,,
2026-08-13,1814,market,True,3675.0,0.8163265306122547,-0.2721088435374108,,,3.2653061224489743,-0.6802721088435382,,
2026-08-13,1814,limit,False,,,,,,,,3.4059945504087086,-0.544959128065392
2026-08-13,1814,stop,False,,,,,,,,3.4059945504087086,-0.544959128065392
2026-08-13,1333,market,True,1280.0,1.0546874999999956,1.7187499999999911,,,1.9140624999999911,-0.7031250000000044,,
2026-08-13,1333,limit,True,1280.0,1.0546874999999956,1.7187499999999911,,,1.9140624999999911,-0.7031250000000044,,
2026-08-13,1333,stop,True,1290.34,0.2448966938946473,0.9036378008896895,,,1.0973851853000038,-1.4988297657981597,,
2026-08-13,6532,market,True,7483.0,2.726179339836965,-1.536816784712014,,,3.6883602833088336,-2.8063610851262855,,
2026-08-13,6532,limit,False,,,,,,,,5.4355211305884055,-1.1686370430765036
2026-08-13,6532,stop,True,7502.18,2.4635505946271508,-1.7885467957313828,,,3.4232716357112114,-3.0548453916061757,,
2026-08-13,7984,market,True,870.0,0.36781749506107353,-0.7586178834410928,,,1.0000014031070315,-2.8620717717313227,,
2026-08-13,7984,limit,True,850.0999755859375,1.5645276097035365,,,,1.7174493636505028,-0.5881661149976791,,
2026-08-13,7984,stop,False,,,,,,,,0.675986733161249,-3.173696656056657
2026-08-13,6613,market,True,1826.0,-1.0952902519167584,14.512595837897035,,,25.903614457831313,-3.5049288061336226,,
2026-08-13,6613,limit,False,,,,,,,,31.67239404352806,0.9163802978235935
2026-08-13,6613,stop,True,1889.731,10.227328651538237,,,,21.657526917852323,-3.1608202437278132,,
2026-08-13,4617,market,True,3665.0,-0.6821282401091366,-2.046384720327421,,,1.9099590723056004,-2.3192360163710735,,
2026-08-13,4617,limit,True,3601.115,-0.3086544028724325,,,,2.468263301782936,-0.5863461733379705,,
2026-08-13,4617,stop,False,,,,,,,,1.6326530612244872,-2.5850340136054473
2026-08-13,6838,market,True,1545.0,1.4886731391585695,-2.0064724919093835,,,4.9838187702265335,-2.588996763754048,,
2026-08-13,6838,limit,False,,,,,,,,7.062706270627062,-0.660066006600657
2026-08-13,6838,stop,True,1557.997,0.6420423145872434,-2.823946387573284,,,4.108031016747771,-3.401611171266705,,
2026-08-13,4828,market,True,1358.0,1.6936671575846773,1.3991163475699508,,,2.4300441826214936,-0.9572901325478611,,
2026-08-13,4828,limit,False,,,,,,,,2.204261572373256,-1.1756061719323974
2026-08-13,4828,stop,False,,,,,,,,2.204261572373256,-1.1756061719323974
2026-08-13,4819,market,True,2375.0,-3.200000000000003,-5.8105263157894775,,,1.8947368421052602,-8.336842105263154,,
2026-08-13,4819,limit,True,2283.6625,-3.663522959281418,,,,3.7806593575013814,-4.670677037434379,,
2026-08-13,4819,stop,True,2375.0,-3.200000000000003,-5.8105263157894775,,,1.8947368421052602,-8.336842105263154,,
2026-08-13,4118,market,True,6140.0,3.3387622149837037,2.5244299674267,,,7.003257328990231,-1.3029315960912058,,
2026-08-13,4118,limit,False,,,,,,,,7.5814638938922485,-0.7696086458162776
2026-08-13,4118,stop,True,6187.069,2.5525980072308885,1.7444609070951023,,,6.189214957841904,-2.0537834635430796,,
2026-08-13,4091,market,True,6131.0,0.14679497634970673,-2.218235198173213,,,1.1254281520143516,-2.3324090686674293,,
2026-08-13,4091,limit,False,,,,,,,,0.8294031549845426,-2.618311920637506
2026-08-13,4091,stop,False,,,,,,,,0.8294031549845426,-2.618311920637506
2026-08-13,3569,market,True,3550.0,-0.42253521126760507,-0.5633802816901401,,,0.28169014084507005,-2.3943661971830954,,
2026-08-13,3569,limit,False,,,,,,,,0.0,-2.6685393258427004
2026-08-13,3569,stop,False,,,,,,,,0.0,-2.6685393258427004
2026-08-13,2127,market,True,667.0,0.7796120250421756,-1.0494752623688153,,,0.9145390683564569,-2.428787437336022,,
2026-08-13,2127,limit,False,,,,,,,,1.6767334721959903,-1.6918447442645368
2026-08-13,2127,stop,True,667.0,0.7796120250421756,-1.0494752623688153,,,0.9145390683564569,-2.428787437336022,,
2026-08-13,7735,market,True,14600.0,-2.2260273972602773,-6.198630136986305,,,0.8904109589041198,-6.57534246575342,,
2026-08-13,7735,limit,False,,,,,,,,4.209409267775022,-3.5019455252918275
2026-08-13,7735,stop,True,14600.0,-2.2260273972602773,-6.198630136986305,,,0.8904109589041198,-6.57534246575342,,
2026-08-13,3099,market,True,3601.0,-1.4718133851707838,-2.971396834212714,,,0.08331019161345043,-3.9155790058317153,,
2026-08-13,3099,limit,True,3588.8250000000003,-1.137558950352835,-2.642229699135523,,,0.42284034468105247,-3.5896149854060977,,
2026-08-13,3099,stop,False,,,,,,,,-2.46278755074425,-6.359945872801087
2026-08-13,5445,market,True,1997.0,1.402103154732104,1.7025538307461119,,,2.553830746119168,-0.6009013520280382,,
2026-08-13,5445,limit,False,,,,,,,,2.3488255872063935,-0.7996001999000524
2026-08-13,5445,stop,True,2010.237,0.7343910195663383,1.0328632892539602,,,1.8785347200354963,-1.2554241116843445,,
2026-08-13,8043,market,True,1500.0,0.4666666666666597,1.9333333333333425,,,2.066666666666661,-1.866666666666672,,
2026-08-13,8043,limit,False,,,,,,,,2.820685023505698,-1.1417058428475513
2026-08-13,8043,stop,True,1506.429,0.03790420922591409,1.4983115699445548,,,1.6310758754644272,-2.285471137371897,,
2026-08-13,6524,market,True,4900.0,-2.1428571428571463,0.612244897959191,,,9.387755102040817,-3.367346938775506,,
2026-08-13,6524,limit,False,,,,,,,,10.743801652892571,-2.169421487603307
2026-08-13,6524,stop,True,4996.593,2.269686564425011,,,,7.273095887537773,-3.6343364368480624,,
2026-08-13,6516,market,True,5920.0,-0.33783783783783994,-1.5202702702702742,,,3.378378378378377,-1.858108108108103,,
2026-08-13,6516,limit,False,,,,,,,,3.204047217537953,-2.02360876897133
2026-08-13,6516,stop,True,6039.763,-0.3272148261446617,,,,1.328479279733319,-3.804172448488463,,
2026-08-13,2784,market,True,2226.0,1.0781671159029615,2.8301886792452935,,,3.0772686433063745,-0.20215633423180668,,
2026-08-13,2784,limit,True,2226.0,1.0781671159029615,2.8301886792452935,,,3.0772686433063745,-0.20215633423180668,,
2026-08-13,2784,stop,True,2240.936,0.4044738448576668,2.1448180581685516,,,2.390251216455974,-0.8673161571771892,,
2026-08-13,2809,market,True,4612.0,0.7155247181266366,0.43365134431916363,,,1.170858629661753,-0.5203816131829964,,
2026-08-13,2809,limit,False,,,,,,,,0.17174753112922936,-1.5027908973808457
2026-08-13,2809,stop,False,,,,,,,,0.17174753112922936,-1.5027908973808457
2026-08-13,6298,market,True,1254.0,5.103668261562988,8.452950558213711,,,11.164274322169065,-1.674641148325362,,
2026-08-13,6298,limit,False,,,,,,,,8.566978193146424,-3.971962616822433
2026-08-13,6298,stop,True,1315.656,0.1781620727606681,3.3704859020899036,,,5.954748049642156,-6.28249329611995,,
2026-08-13,5016,market,True,3893.0,-2.7742101207295145,-2.029283329052145,,,6.216285640893915,-2.7742101207295145,,
2026-08-13,5016,limit,False,,,,,,,,7.096607096607088,-1.9684019684019671
2026-08-13,5016,stop,True,4070.0,-6.289926289926296,,,,1.5970515970515908,-6.289926289926296,,
2026-08-13,8708,market,True,1711.0,1.1104617182933874,0.7597895967270674,,,1.6364699006429007,-0.3506721215663311,,
2026-08-13,8708,limit,False,,,,,,,,0.8115942028985579,-1.1594202898550732
2026-08-13,8708,stop,True,1729.012,0.0571424605497306,-0.2898765306429296,,,0.5776709473387154,-1.3887700027530148,,
2026-08-13,8771,market,True,1839.0,0.8700380641653016,1.3594344752583032,,,1.6856987493202746,-0.543773790103319,,
2026-08-13,8771,limit,True,1835.4174999999998,1.448308082493499,,,,1.884176216038047,-0.34964796837775314,,
2026-08-13,8771,stop,True,1854.023,0.05269621790020551,0.538127089038265,,,0.8617476697969861,-1.3496596320541787,,
2026-08-13,2206,market,True,5157.0,0.09695559433779977,-0.9501648245103689,,,0.46538685282140335,-1.6288539848749228,,
2026-08-13,2206,limit,False,,,,,,,,0.2515479876161075,-1.8382352941176516
2026-08-13,2206,stop,False,,,,,,,,0.2515479876161075,-1.8382352941176516
2026-08-13,9101,market,True,6239.0,2.580541753486143,8.735374258695305,,,8.943740984132065,-0.08014104824490831,,
2026-08-13,9101,limit,False,,,,,,,,9.434873611334726,0.37031073901143685
2026-08-13,9101,stop,True,6239.0,2.580541753486143,8.735374258695305,,,8.943740984132065,-0.08014104824490831,,
2026-08-13,3769,market,True,10065.0,0.8445106805762492,-8.842523596621954,,,2.28514654744163,-15.697963238946844,,
2026-08-13,3769,limit,True,8972.0,-1.8167632634863984,,,,2.2625947391885948,-5.427998216674101,,
2026-08-13,3769,stop,False,,,,,,,,1.0800196367206638,-16.691212567501225
2026-08-13,9934,market,True,3030.0,0.6930693069306937,0.6270627062706202,,,1.7821782178217838,-0.36303630363035966,,
2026-08-13,9934,limit,False,,,,,,,,1.1811023622047223,-0.9514435695538004
2026-08-13,9934,stop,True,3069.0,-1.0101010101010055,,,,0.4887585532746819,-1.0101010101010055,,
2026-08-13,9119,market,True,1569.0,1.4659018483110353,7.45697896749522,,,8.158062460165706,-0.5736137667303964,,
2026-08-13,9119,limit,False,,,,,,,,8.158062460165706,-0.5736137667303964
2026-08-13,9119,stop,True,1583.399,0.5431985241875381,6.479794416947349,,,7.174502446951148,-1.477770290369007,,
2026-08-13,9104,market,True,6325.0,2.3083003952569126,8.790513833992097,,,9.881422924901194,-0.4743083003952542,,
2026-08-13,9104,limit,False,,,,,,,,10.686415034241126,0.2548176461219853
2026-08-13,9104,stop,True,6339.747,2.070319209899063,8.537454254877996,,,9.625825762447615,-0.7058168094089656,,
2026-08-13,2384,market,True,4820.0,0.9336099585062207,3.4232365145228316,,,3.6307053941908807,-0.4149377593360981,,
2026-08-13,2384,limit,False,,,,,,,,3.0959752321981338,-0.9287925696594423
2026-08-13,2384,stop,True,4915.0,0.4069175991861629,,,,1.6276703967446515,-0.7121057985757906,,
2026-08-13,8841,market,True,964.0,0.8298755186721962,9.439834024896276,,,13.381742738589208,-1.3485477178423189,,
2026-08-13,8841,limit,False,,,,,,,,12.217659137576998,-2.361396303901442
2026-08-13,8841,stop,False,,,,,,,,12.217659137576998,-2.361396303901442
2026-08-13,2371,market,True,3714.0,0.02692514808830815,-0.1077005923532548,,,0.7000538502961673,-0.3769520732364029,,
2026-08-13,2371,limit,False,,,,,,,,0.7000538502961673,-0.3769520732364029
2026-08-13,2371,stop,False,,,,,,,,0.7000538502961673,-0.3769520732364029
2026-08-13,6986,market,True,650.0,2.4615384615384706,3.076923076923066,,,7.0769230769230695,-1.2307692307692353,,
2026-08-13,6986,limit,False,,,,,,,,6.584992343032159,-1.6845329249617125
2026-08-13,6986,stop,True,656.926,1.381281909986809,1.990178498034778,,,5.948006320346577,-2.2720976183010055,,
2026-08-13,7610,market,True,141.0,0.7092198581560183,-1.4184397163120588,,,0.7092198581560183,-2.127659574468088,,
2026-08-13,7610,limit,True,141.0,0.7092198581560183,-1.4184397163120588,,,0.7092198581560183,-2.127659574468088,,
2026-08-13,7610,stop,False,,,,,,,,0.0,-2.8169014084507005
2026-08-13,7409,market,True,1691.0,-0.47309284447072386,-16.380839739798937,,,4.908338261383793,-16.79479597871082,,
2026-08-13,7409,limit,True,1466.3375,-3.5692669661657073,,,,2.1592914318838474,-4.046646832669842,,
2026-08-13,7409,stop,True,1706.067,-1.352057099750481,-17.119315947146273,,,3.9818483095915846,-17.529616363249513,,
2026-08-13,4183,market,True,2238.5,-0.3127094036184941,-1.4965378601742185,,,0.4467277194549979,-2.7920482465937035,,
2026-08-13,4183,limit,False,,,,,,,,0.5365526492287165,-2.7051196065280614
2026-08-13,4183,stop,False,,,,,,,,0.5365526492287165,-2.7051196065280614
2026-08-13,7240,market,True,3114.0,-0.6101477199743077,-1.3166345536287705,,,0.32113037893384266,-1.5735388567758468,,
2026-08-13,7240,limit,False,,,,,,,,0.32113037893384266,-1.5735388567758468
2026-08-13,7240,stop,True,3120.462,-0.8159689174231266,-1.5209927247952337,,,0.11338064684012217,-1.777365018385102,,
2026-08-13,2768,market,True,5566.0,2.1200143729787957,1.598993891484013,,,3.054257994969456,-0.2515271289974863,,
2026-08-13,2768,limit,False,,,,,,,,2.318943988583655,-0.9632536567962924
2026-08-13,2768,stop,False,,,,,,,,2.318943988583655,-0.9632536567962924
2026-08-13,6486,market,True,3085.0,0.32414910858995505,-1.1345218800648316,,,0.8103727714748876,-1.1345218800648316,,
2026-08-13,6486,limit,False,,,,,,,,0.8103727714748876,-1.1345218800648316
2026-08-13,6486,stop,True,3106.418,-0.3675616095451417,-1.8161754148990905,,,0.11530965890615974,-1.8161754148990905,,
2026-08-13,5310,market,True,7720.0,-5.181347150259064,-6.994818652849744,,,0.38860103626943143,-8.160621761658026,,
2026-08-13,5310,limit,False,,,,,,,,3.609625668449201,-5.213903743315507
2026-08-13,5310,stop,True,7720.0,-5.181347150259064,-6.994818652849744,,,0.38860103626943143,-8.160621761658026,,
2026-08-13,5707,market,True,1104.0,-2.083333333333337,1.7210144927536142,,,9.05797101449275,-4.98188405797102,,
2026-08-13,5707,limit,False,,,,,,,,17.120622568093392,2.042801556420226
2026-08-13,5707,stop,True,1055.346,3.1889067661222015,,,,14.085806929670452,-0.6013193777206771,,
2026-08-13,3105,market,True,2413.0,2.7351844177372575,-3.937007874015752,,,3.7505180273518457,-3.937007874015752,,
2026-08-13,3105,limit,False,,,,,,,,3.4504132231405027,-4.2148760330578465
2026-08-13,3105,stop,True,2493.12,-0.5663586189192604,-7.024130406879725,,,0.41634578359646124,-7.024130406879725,,
2026-08-13,6914,market,True,3510.0,-0.14245014245014564,0.8547008547008517,,,2.8490028490028463,-1.7094017094017144,,
2026-08-13,6914,limit,True,3457.5899999999997,1.3711862887155535,2.3834520576470952,,,4.407983595510179,-0.21951706246257086,,
2026-08-13,6914,stop,False,,,,,,,,4.335260115606943,-0.28901734104046506
2026-08-13,4813,market,True,420.0,2.857142857142847,2.3809523809523725,,,6.428571428571428,-6.666666666666665,,
2026-08-13,4813,limit,False,,,,,,,,6.428571428571428,-6.666666666666665
2026-08-13,4813,stop,True,432.735,-0.1698499081423943,-0.6320265289380345,,,3.2964747478248846,-9.413382324055142,,
2026-08-13,7976,market,True,2920.0,-0.7876712328767077,-1.6438356164383605,,,1.1643835616438336,-2.876712328767128,,
2026-08-13,7976,limit,False,,,,,,,,1.2684264655467903,-2.7768255056564994
2026-08-13,7976,stop,False,,,,,,,,1.2684264655467903,-2.7768255056564994
2026-08-13,4894,market,True,5150.0,4.854368932038833,-0.1941747572815511,,,9.708737864077666,-2.135922330097084,,
2026-08-13,4894,limit,False,,,,,,,,7.007575757575757,-4.545454545454541
2026-08-13,4894,stop,True,5379.901,0.37359423528426916,-4.459208450118313,,,5.020519894325193,-6.317978713734695,,
2026-08-13,8032,market,True,1249.0,-0.16012810248198228,0.08006405124099114,,,2.3218574859887875,-2.001601281024823,,
2026-08-13,8032,limit,False,,,,,,,,1.187648456057011,-3.0878859857482177
2026-08-13,8032,stop,True,1277.083,-2.3556025724248197,-2.1206922337859035,,,0.07180426017727726,-4.156581835323159,,
2026-08-13,6741,market,True,1841.0,0.977729494839763,-3.0961434003259125,,,3.2047800108636615,-3.0961434003259125,,
2026-08-13,6741,limit,False,,,,,,,,2.591792656587466,-3.6717062634989195
2026-08-13,6741,stop,False,,,,,,,,2.591792656587466,-3.6717062634989195
2026-08-13,6098,market,True,15990.0,2.908067542213888,0.18761726078799779,,,4.846779237023147,0.0,,
2026-08-13,6098,limit,False,,,,,,,,-0.14889815366289083,-4.764740917212629
2026-08-13,6098,stop,False,,,,,,,,-0.14889815366289083,-4.764740917212629
2026-08-13,6339,market,True,1248.0,0.24038461538462563,1.5224358974359031,,,3.044871794871784,-0.3205128205128194,,
2026-08-13,6339,limit,False,,,,,,,,2.551834130781505,-0.797448165869219
2026-08-13,6339,stop,True,1259.385,-0.6658011648542739,0.6046602111348109,,,2.1133330951218277,-1.2216280168494964,,
2026-08-13,7741,market,True,26755.0,-0.4111381050270979,-1.7379928985236437,,,0.3363857222949074,-2.1865071949168424,,
2026-08-13,7741,limit,False,,,,,,,,1.0730421686746983,-1.4683734939759052
2026-08-13,7741,stop,True,26759.907,-0.42939984806374953,-1.7560113344190609,,,0.31798690481248393,-2.2044433861447943,,
2026-08-13,2267,market,True,2875.0,0.2260869565217316,-1.0260869565217434,,,1.0782608695652174,-2.0521739130434757,,
2026-08-13,2267,limit,False,,,,,,,,0.745363147859246,-2.374761657132951
2026-08-13,2267,stop,False,,,,,,,,0.745363147859246,-2.374761657132951
2026-08-13,4722,market,True,2445.0,-0.04089979550102596,0.0,,,0.04089979550101486,-0.04089979550102596,,
2026-08-13,4722,limit,False,,,,,,,,0.04089979550101486,-0.04089979550102596
2026-08-13,4722,stop,False,,,,,,,,0.04089979550101486,-0.04089979550102596
2026-08-13,8613,market,True,1210.0,0.7438016528925617,0.6611570247933907,,,1.3223140495867813,-0.6611570247933907,,
2026-08-13,8613,limit,False,,,,,,,,0.5742411812961423,-1.3945857260049266
2026-08-13,8613,stop,False,,,,,,,,0.5742411812961423,-1.3945857260049266
2026-08-13,5857,market,True,3650.0,-0.5479452054794498,-2.328767123287667,,,3.287671232876721,-2.73972602739726,,
2026-08-13,5857,limit,False,,,,,,,,1.3440860215053752,-4.5698924731182755
2026-08-13,5857,stop,False,,,,,,,,1.3440860215053752,-4.5698924731182755
2026-08-13,8622,market,True,852.0,1.1737089201877993,1.760563380281699,,,3.7558685446009488,-0.9389671361502372,,
2026-08-13,8622,limit,False,,,,,,,,2.7906976744185963,-1.8604651162790753
2026-08-13,8622,stop,True,877.0,-2.052451539338651,,,,0.7981755986316896,-2.2805017103762815,,
2026-08-13,6072,market,True,1110.0,2.1621621621621623,2.8828828828828756,,,7.477477477477468,-1.3513513513513487,,
2026-08-13,6072,limit,False,,,,,,,,6.517857142857153,-2.2321428571428603
2026-08-13,6072,stop,False,,,,,,,,6.517857142857153,-2.2321428571428603
2026-08-13,1663,market,True,1880.0,1.9680851063829774,2.659574468085113,,,3.7234042553191404,-0.5319148936170248,,
2026-08-13,1663,limit,False,,,,,,,,3.2838983050847537,-0.9533898305084776
2026-08-13,1663,stop,True,1942.658,0.12055647468571795,,,,0.3779357972427455,-2.1958574283275745,,
2026-08-13,8367,market,True,1920.0,1.0937500000000044,2.9166666666666563,,,4.270833333333335,0.0,,
2026-08-13,8367,limit,False,,,,,,,,4.0000000000000036,-0.2597402597402598
2026-08-13,8367,stop,True,1943.538,-0.13058659002294082,1.6702529098993724,,,3.0080193955559498,-1.2110902899763243,,
2026-08-13,5563,market,True,425.0,4.235294117647048,3.0588235294117583,,,5.647058823529405,-0.9411764705882342,,
2026-08-13,5563,limit,False,,,,,,,,5.89622641509433,-0.7075471698113178
2026-08-13,5563,stop,True,443.941,-0.21196510347094577,-1.3382408923708233,,,1.1395658432089117,-5.167578574630404,,
2026-08-13,6501,market,True,5670.0,1.7107583774250479,-2.751322751322749,,,2.821869488536155,-3.4920634920634908,,
2026-08-13,6501,limit,False,,,,,,,,2.2448263767099297,-4.033672395650645
2026-08-13,6501,stop,True,5779.78,-0.22111568260383407,-4.598444923509193,,,0.8688912034714225,-5.325116180892698,,
2026-08-13,3825,market,True,227.0,-3.083700440528636,-5.726872246696035,,,15.859030837004395,-8.81057268722467,,
2026-08-13,3825,limit,False,,,,,,,,18.46846846846846,-6.756756756756754
2026-08-13,3825,stop,True,227.0,-3.083700440528636,-5.726872246696035,,,15.859030837004395,-8.81057268722467,,
2026-08-13,3791,market,True,1122.0,-0.17825311942959443,-3.0303030303030276,,,1.0695187165775444,-3.3868092691622054,,
2026-08-13,3791,limit,False,,,,,,,,1.0695187165775444,-3.3868092691622054
2026-08-13,3791,stop,False,,,,,,,,1.0695187165775444,-3.3868092691622054
2026-08-13,3878,market,True,895.0,-0.7821229050279377,-1.3407821229050265,,,0.6703910614525244,-3.240223463687153,,
2026-08-13,3878,limit,False,,,,,,,,0.4459308807134965,-3.455964325529548
2026-08-13,3878,stop,False,,,,,,,,0.4459308807134965,-3.455964325529548
2026-08-13,6857,market,True,38350.0,-3.85919165580183,-6.4928292046936065,,,0.9908735332464058,-6.649282920469357,,
2026-08-13,6857,limit,False,,,,,,,,7.7629382303839645,-0.3895381190873626
2026-08-13,6857,stop,True,38350.0,-3.85919165580183,-6.4928292046936065,,,0.9908735332464058,-6.649282920469357,,
2026-08-13,7868,market,True,545.0,0.917431192660545,6.605504587155964,,,7.706422018348613,-0.18348623853210455,,
2026-08-13,7868,limit,False,,,,,,,,9.310986964618252,1.3035381750465591
2026-08-13,7868,stop,True,546.919,0.5633375326145273,6.231452920816438,,,7.328507512081317,-0.5337170586503626,,
2026-08-13,4095,market,True,1715.0,1.1078717201166155,0.8746355685131268,,,1.6326530612244872,-0.3498542274052441,,
2026-08-13,4095,limit,False,,,,,,,,0.926462072958878,-1.042269832078746
2026-08-13,4095,stop,False,,,,,,,,0.926462072958878,-1.042269832078746
2026-08-13,3558,market,True,1730.0,1.676300578034673,2.774566473988438,,,2.8901734104046284,0.0,,
2026-08-13,3558,limit,False,,,,,,,,3.3081834010446842,0.4062681369704002
2026-08-13,3558,stop,True,1735.323,1.364414578726847,2.45931160942372,,,2.57456392844444,-0.3067440470736593,,
2026-08-13,3544,market,True,1248.0,0.08012820512821595,-0.1602564102564097,,,0.3205128205128194,-0.1602564102564097,,
2026-08-13,3544,limit,False,,,,,,,,0.3205128205128194,-0.1602564102564097
2026-08-13,3544,stop,False,,,,,,,,0.3205128205128194,-0.1602564102564097
2026-08-13,4044,market,True,4615.0,1.300108342361872,0.9750812567713929,,,1.7334777898158071,-0.5417118093174467,,
2026-08-13,4044,limit,False,,,,,,,,1.4038876889848728,-0.8639308855291628
2026-08-13,4044,stop,False,,,,,,,,1.4038876889848728,-0.8639308855291628
2026-08-13,2931,market,True,354.0,0.5649717514124353,-1.412429378531077,,,1.6949152542372836,-1.6949152542372836,,
2026-08-13,2931,limit,False,,,,,,,,2.2727272727272707,-1.1363636363636354
2026-08-13,2931,stop,False,,,,,,,,2.2727272727272707,-1.1363636363636354
2026-08-13,7236,market,True,1536.0,3.190104166666674,2.9296875,,,4.8828125,-0.390625,,
2026-08-13,7236,limit,False,,,,,,,,4.9511400651465864,-0.32573289902280145
2026-08-13,7236,stop,True,1582.589,0.15234530253906975,-0.10040509570077294,,,1.7952228910980805,-3.322972673258817,,
2026-08-13,7138,market,True,122.0,3.2786885245901676,4.098360655737698,,,6.557377049180335,0.0,,
2026-08-13,7138,limit,True,122.0,3.2786885245901676,4.098360655737698,,,6.557377049180335,0.0,,
2026-08-13,7138,stop,True,126.929,-0.7319052383616076,0.05593678355615417,,,2.4194628493094505,-3.8832733260326657,,
2026-08-13,4202,market,True,1478.0,0.7104194857916024,0.27063599458727605,,,1.285520974289578,-0.8119079837618393,,
2026-08-13,4202,limit,False,,,,,,,,1.285520974289578,-0.8119079837618393
2026-08-13,4202,stop,False,,,,,,,,1.285520974289578,-0.8119079837618393
2026-08-13,7599,market,True,1290.0,0.6201550387596955,0.0,,,2.170542635658923,-0.15503875968991832,,
2026-08-13,7599,limit,False,,,,,,,,2.170542635658923,-0.15503875968991832
2026-08-13,7599,stop,True,1314.0,-0.91324200913242,,,,0.3044140030441511,-1.9786910197869156,,
2026-08-13,4381,market,True,428.0,0.2336448598130758,-8.41121495327103,,,7.476635514018692,-11.214953271028039,,
2026-08-13,4381,limit,False,,,,,,,,14.999999999999991,-5.000000000000004
2026-08-13,4381,stop,False,,,,,,,,14.999999999999991,-5.000000000000004
2026-08-13,4680,market,True,1291.0,3.7567776917118545,2.865995352439965,,,5.267234701781565,-1.2393493415956636,,
2026-08-13,4680,limit,False,,,,,,,,3.8593809705769866,-2.560183416125339
2026-08-13,4680,stop,False,,,,,,,,3.8593809705769866,-2.560183416125339
2026-08-13,9468,market,True,3369.0,4.511724547343432,4.778866132383497,,,5.847432472543779,-1.0388839418224993,,
2026-08-13,9468,limit,True,3369.0,4.511724547343432,4.778866132383497,,,5.847432472543779,-1.0388839418224993,,
2026-08-13,9468,stop,False,,,,,,,,-0.3632299525006988,-6.845487566359321
2026-08-13,5801,market,True,4108.0,-1.2414800389483949,6.329113924050622,,,12.755598831548198,-2.8967867575462547,,
2026-08-13,5801,limit,False,,,,,,,,12.673315495013382,-2.9676477742641705
2026-08-13,5801,stop,True,4371.917,-0.08959456458117465,,,,5.948946423273815,-3.1088650585086697,,
2026-08-13,4483,market,True,3440.0,0.8720930232558155,-0.43604651162790775,,,3.197674418604657,-3.1976744186046457,,
2026-08-13,4483,limit,False,,,,,,,,3.9531478770131745,-2.4890190336749662
2026-08-13,4483,stop,True,3519.28,-1.4002864222227296,-2.6789570593985235,,,0.87290582164532,-5.378372848991841,,
2026-08-13,9678,market,True,5400.0,1.6666666666666607,0.92592592592593,,,2.4074074074074137,-0.37037037037036535,,
2026-08-13,9678,limit,False,,,,,,,,2.2181146025878062,-0.554528650646946
2026-08-13,9678,stop,True,5513.51,-1.5146431220764978,,,,0.2990835239257805,-1.5146431220764978,,
2026-08-13,6963,market,True,5126.0,-2.145922746781115,-1.6777214202106872,,,4.8575887631681525,-3.2774092859929715,,
2026-08-13,6963,limit,False,,,,,,,,10.008186655751118,1.4735980352026168
2026-08-13,6963,stop,True,5126.0,-2.145922746781115,-1.6777214202106872,,,4.8575887631681525,-3.2774092859929715,,
2026-08-13,4188,market,True,1226.5,-1.46759070525887,-3.505911129229511,,,0.24459845087647647,-4.076640847941293,,
2026-08-13,4188,limit,False,,,,,,,,0.203748981255103,-4.115729421352898
2026-08-13,4188,stop,False,,,,,,,,0.203748981255103,-4.115729421352898
2026-08-13,4592,market,True,1018.0,2.4557956777996104,-1.3752455795677854,,,4.3222003929273,-2.5540275049115935,,
2026-08-13,4592,limit,False,,,,,,,,4.7337278106508895,-2.1696252465483234
2026-08-13,4592,stop,True,1035.923,0.6831588834305347,-3.081599694185766,,,2.5172720366282153,-4.239986948836927,,
2026-08-13,7456,market,True,7010.0,-0.7132667617689048,-2.710413694721825,,,1.854493580599148,-2.853067047075608,,
2026-08-13,7456,limit,False,,,,,,,,1.1331444759206777,-3.541076487252126
2026-08-13,7456,stop,False,,,,,,,,1.1331444759206777,-3.541076487252126
2026-08-13,6327,market,True,3705.0,-3.373819163292846,6.207827260458831,,,10.93117408906883,-4.993252361673417,,
2026-08-13,6327,limit,False,,,,,,,,12.91208791208791,-3.296703296703296
2026-08-13,6327,stop,True,3954.483,0.771706440513209,,,,3.932675902260807,-6.435303932271297,,
2026-08-13,6522,market,True,1922.0,12.643080124869922,5.359001040582734,,,19.719042663891774,0.0,,
2026-08-13,6522,limit,False,,,,,,,,21.041557075223572,1.104681746449243
2026-08-13,6522,stop,True,2101.236,3.0345948765393427,-3.6281502886872263,,,9.506975894188008,-8.530027088818192,,
2026-08-13,6521,market,True,3460.0,-1.7341040462427793,-2.8901734104046284,,,3.6127167630057855,-4.6242774566473965,,
2026-08-13,6521,limit,False,,,,,,,,4.215116279069764,-4.069767441860462
2026-08-13,6521,stop,True,3574.367,-4.878262360859987,-5.997341627202813,,,0.29747924597558484,-7.6759605267170405,,
2026-08-13,8252,market,True,2974.0,-0.20174848688634395,-1.0928043039677204,,,0.6556825823806234,-2.252858103564226,,
2026-08-13,8252,limit,True,2916.5,0.8571918395336775,,,,1.1314932281844658,-0.32573289902280145,,
2026-08-13,8252,stop,False,,,,,,,,0.5542492442055735,-2.3513604299630453
2026-08-13,6572,market,True,246.0,4.878048780487809,4.878048780487809,,,8.536585365853666,-0.40650406504064707,,
2026-08-13,6572,limit,False,,,,,,,,7.2289156626506035,-1.6064257028112428
2026-08-13,6572,stop,True,251.914,2.4159038401994293,2.4159038401994293,,,5.9885516485784995,-2.7445874385703006,,
2026-08-13,3002,market,True,4195.0,0.9535160905840279,1.0727056019070424,,,1.7878426698450633,-0.11918951132300348,,
2026-08-13,3002,limit,False,,,,,,,,1.5457788347205792,-0.3567181926278251
2026-08-13,3002,stop,True,4226.156,0.2092681860300427,0.3275790103346887,,,1.0374439561625204,-0.8555292327117159,,
2026-08-13,3276,market,True,2244.0,0.04456327985740138,0.0,,,0.04456327985740138,0.0,,
2026-08-13,3276,limit,False,,,,,,,,0.04456327985740138,0.0
2026-08-13,3276,stop,False,,,,,,,,0.04456327985740138,0.0
2026-08-13,3168,market,True,1522.0,-1.4454664914586024,-0.45992115637318864,,,8.47568988173455,-2.6281208935611033,,
2026-08-13,3168,limit,False,,,,,,,,7.767624020887731,-3.2637075718015662
2026-08-13,3168,stop,True,1650.0,-8.18181818181818,,,,0.060606060606049894,-8.90909090909091,,
2026-08-13,7911,market,True,5488.0,-3.771865889212833,-5.229591836734693,,,2.5692419825072976,-6.140670553935856,,
2026-08-13,7911,limit,False,,,,,,,,3.322320117474309,-5.451541850220265
2026-08-13,7911,stop,False,,,,,,,,3.322320117474309,-5.451541850220265
2026-08-13,4914,market,True,1265.0,1.1857707509881354,0.8695652173912993,,,1.8972332015810167,-0.4743083003952542,,
2026-08-13,4914,limit,False,,,,,,,,1.3364779874213806,-1.0220125786163492
2026-08-13,4914,stop,False,,,,,,,,1.3364779874213806,-1.0220125786163492
2026-08-13,6769,market,True,1097.0,0.45578851412944044,5.1959890610756565,,,7.110300820419324,-1.2762078395624377,,
2026-08-13,6769,limit,False,,,,,,,,7.699358386801092,-0.7332722273143855
2026-08-13,6769,stop,True,1116.0,2.1505376344086002,,,,5.286738351254483,-0.26881720430107503,,
2026-08-13,4973,market,True,4810.0,1.6632016632016633,0.9355509355509328,,,2.494802494802495,-0.4158004158004158,,
2026-08-13,4973,limit,False,,,,,,,,2.494802494802495,-0.4158004158004158
2026-08-13,4973,stop,True,4877.527,0.2557238535019879,-0.46185290209567187,,,1.0758115741850371,-1.794495448205613,,
2026-08-13,6645,market,True,6973.0,0.4445719202638809,-1.7639466513695634,,,3.9007600745733617,-2.022085185716338,,
2026-08-13,6645,limit,False,,,,,,,,3.470437017994854,-2.427877749214513
2026-08-13,6645,stop,True,7180.686,-2.460572708512798,-4.605214599273655,,,0.895652588067497,-4.855887028063888,,
2026-08-13,6616,market,True,2100.0,-1.1904761904761862,-2.6666666666666616,,,3.142857142857136,-3.6190476190476217,,
2026-08-13,6616,limit,False,,,,,,,,2.314596126594237,-4.393008974964574
2026-08-13,6616,stop,False,,,,,,,,2.314596126594237,-4.393008974964574
2026-08-13,6862,market,True,3800.0,0.0,1.1842105263157876,,,11.315789473684212,-8.421052631578952,,
2026-08-13,6862,limit,False,,,,,,,,22.608695652173914,0.8695652173912993
2026-08-13,6862,stop,False,,,,,,,,22.608695652173914,0.8695652173912993
2026-08-13,7826,market,True,8680.0,-1.9585253456221197,-0.4608294930875556,,,7.603686635944706,-2.995391705069128,,
2026-08-13,7826,limit,False,,,,,,,,8.731082654249134,-1.9790454016297976
2026-08-13,7826,stop,True,8995.571,1.8278884130868311,,,,3.828873119894216,-5.1755580607390055,,
2026-08-13,7906,market,True,2948.0,-4.00271370420624,-6.512890094979651,,,0.23744911804612912,-8.276797829036632,,
2026-08-13,7906,limit,False,,,,,,,,4.6388101983002805,-4.249291784702547
2026-08-13,7906,stop,False,,,,,,,,4.6388101983002805,-4.249291784702547
2026-08-13,4107,market,True,3760.0,-0.7978723404255317,1.0638297872340496,,,4.654255319148937,-2.659574468085102,,
2026-08-13,4107,limit,False,,,,,,,,4.654255319148937,-2.659574468085102
2026-08-13,4107,stop,True,3856.525,-1.4656977460278386,,,,2.034862991942221,-1.7249985414330316,,
2026-08-13,4165,market,True,604.0,13.079470198675502,19.70198675496688,,,20.695364238410583,-0.16556291390728006,,
2026-08-13,4165,limit,False,,,,,,,,22.72727272727273,1.5151515151515138
2026-08-13,4165,stop,True,614.374,11.170069045890617,17.68076123013018,,,18.657365057766118,-1.8513153225885204,,
2026-08-13,4062,market,True,22500.0,-7.622222222222219,-7.222222222222219,,,0.0,-9.199999999999998,,
2026-08-13,4062,limit,False,,,,,,,,4.359925788497221,-5.241187384044532
2026-08-13,4062,stop,False,,,,,,,,4.359925788497221,-5.241187384044532
2026-08-13,7762,market,True,2671.0,2.9951329090228462,-2.658180456757764,,,9.322351179333577,-2.658180456757764,,
2026-08-13,7762,limit,False,,,,,,,,9.322351179333577,-2.658180456757764
2026-08-13,7762,stop,True,2717.733,1.2240716803306295,-4.332029673260774,,,7.4424897515686705,-4.332029673260774,,
2026-08-13,2175,market,True,2293.0,2.6166593981683306,-0.39249890972524737,,,2.965547317924111,-1.7008286088094238,,
2026-08-13,2175,limit,False,,,,,,,,2.875816993464042,-1.7864923747276662
2026-08-13,2175,stop,True,2340.144,0.5493679021461917,-2.3991685981717303,,,0.8912272065308979,-3.6811409896143066,,
2026-08-13,2229,market,True,3023.0,0.7277538868673439,-0.39695666556400777,,,0.9593119417796947,-1.240489579887527,,
2026-08-13,2229,limit,False,,,,,,,,0.36172311739559593,-1.8250575468595875
2026-08-13,2229,stop,False,,,,,,,,0.36172311739559593,-1.8250575468595875
2026-08-13,3086,market,True,2967.5,-1.8028643639427133,-4.010109519797811,,,0.4212299915753892,-4.582982308340355,,
2026-08-13,3086,limit,True,2932.71,-0.6379764790927167,-2.8714056282414524,,,1.6125017475304482,-3.4510742623716673,,
2026-08-13,3086,stop,False,,,,,,,,0.18490502605479353,-4.807530677424776
2026-08-13,2801,market,True,1805.0,-0.720221606648197,-1.939058171745156,,,0.16620498614958734,-3.157894736842104,,
2026-08-13,2801,limit,False,,,,,,,,1.630129286115789,-1.7425519955030944
2026-08-13,2801,stop,False,,,,,,,,1.630129286115789,-1.7425519955030944
2026-08-13,6027,market,True,3500.0,7.14285714285714,6.8571428571428505,,,14.28571428571428,-4.571428571428571,,
2026-08-13,6027,limit,False,,,,,,,,26.984126984126977,6.0317460317460325
2026-08-13,6027,stop,False,,,,,,,,26.984126984126977,6.0317460317460325
2026-08-13,6217,market,True,803.0,3.1133250311332406,10.087173100871727,,,19.053549190535502,0.0,,
2026-08-13,6217,limit,False,,,,,,,,20.100502512562812,0.8793969849246297
2026-08-13,6217,stop,True,821.866,0.7463503782855208,7.56011320580241,,,16.320665412609834,-2.2955080268559525,,
2026-08-13,2975,market,True,1600.0,-0.9375000000000022,-0.5624999999999991,,,1.5625,-1.375000000000004,,
2026-08-13,2975,limit,False,,,,,,,,1.689612015018782,-1.251564455569465
2026-08-13,2975,stop,True,1605.149,-1.2552728749791964,-0.8814758006889023,,,1.2367076202894678,-1.6913694616512154,,
2026-08-13,5381,market,True,995.0,-3.115577889447241,-1.1055276381909507,,,4.82412060301507,-5.2261306532663365,,
2026-08-13,5381,limit,False,,,,,,,,7.194244604316546,-3.083247687564239
2026-08-13,5381,stop,True,995.0,-3.115577889447241,-1.1055276381909507,,,4.82412060301507,-5.2261306532663365,,
2026-08-13,6506,market,True,5568.0,-2.460488505747127,-7.130028735632187,,,1.2751436781609282,-7.130028735632187,,
2026-08-13,6506,limit,False,,,,,,,,2.9014598540145986,-5.63868613138686
2026-08-13,6506,stop,True,5622.388,-3.4040340154397053,-8.028403589364519,,,0.2954616437001567,-8.028403589364519,,
2026-08-13,6525,market,True,9144.0,0.47025371828521845,-5.293088363954501,,,4.538495188101477,-5.971128608923881,,
2026-08-13,6525,limit,False,,,,,,,,6.03438713255684,-4.6256239600665605
2026-08-13,6525,stop,True,9506.5,-3.3608583600694297,-8.904433808446854,,,0.5522537211381628,-9.556619155314783,,
2026-08-13,8117,market,True,2171.0,-0.2303086135421517,-1.2897282358360185,,,0.7830492860432914,-2.072777521879321,,
2026-08-13,8117,limit,False,,,,,,,,0.7830492860432914,-2.072777521879321
2026-08-13,8117,stop,False,,,,,,,,0.7830492860432914,-2.072777521879321
2026-08-13,4023,market,True,4475.0,0.5586592178770999,2.122905027932953,,,2.5698324022346286,-0.893854748603351,,
2026-08-13,4023,limit,False,,,,,,,,2.1134593993325845,-1.3348164627363768
2026-08-13,4023,stop,False,,,,,,,,2.1134593993325845,-1.3348164627363768
2026-08-13,7199,market,True,2135.0,-0.04683840749414303,-3.3255269320843106,,,1.6393442622950838,-3.3723653395784536,,
2026-08-13,7199,limit,False,,,,,,,,1.1183597390493905,-3.8676607642124883
2026-08-13,7199,stop,False,,,,,,,,1.1183597390493905,-3.8676607642124883
2026-08-13,7458,market,True,1797.5,1.5299026425591,1.9749652294853925,,,2.308762169680101,-0.3337969401947194,,
2026-08-13,7458,limit,False,,,,,,,,1.378169790518191,-1.240352811466372
2026-08-13,7458,stop,False,,,,,,,,1.378169790518191,-1.240352811466372
2026-08-13,4204,market,True,2671.5,0.8235073928504644,-0.5801983904173635,,,0.8235073928504644,-1.5160022459292488,,
2026-08-13,4204,limit,True,2647.25,0.33053168382284337,,,,0.33053168382284337,-0.6138445556709837,,
2026-08-13,4204,stop,False,,,,,,,,0.6539611360239173,-1.681614349775784
2026-08-13,4373,market,True,1146.0,2.2687609075043635,-1.832460732984298,,,3.141361256544495,-4.62478184991274,,
2026-08-13,4373,limit,False,,,,,,,,4.78723404255319,-3.1028368794326244
2026-08-13,4373,stop,True,1153.319,1.6197600143585733,-2.4554351398008656,,,2.4868228131158965,-5.230036095824309,,
2026-08-13,4385,market,True,4740.0,2.3417721518987245,-5.63291139240506,,,4.071729957805914,-5.63291139240506,,
2026-08-13,4385,limit,False,,,,,,,,4.071729957805914,-5.63291139240506
2026-08-13,4385,stop,True,4929.585,-1.5941504203700774,-9.26213869930227,,,0.06927560839300462,-9.26213869930227,,
2026-08-13,4413,market,True,2784.0,2.1192528735632266,5.675287356321834,,,6.968390804597702,-0.7183908045977017,,
2026-08-13,4413,limit,False,,,,,,,,8.133623819898329,0.3631082062454549
2026-08-13,4413,stop,True,2892.502,-1.7113903464889502,1.7112520579069646,,,2.9558492958691174,-4.442589840905898,,
2026-08-13,7545,market,True,2009.0,0.49776007964161817,0.3982080637132901,,,0.7466401194624162,-1.2444001991040343,,
2026-08-13,7545,limit,False,,,,,,,,0.7466401194624162,-1.2444001991040343
2026-08-13,7545,stop,False,,,,,,,,0.7466401194624162,-1.2444001991040343
2026-08-13,3660,market,True,515.0,0.3883495145631022,1.9417475728155331,,,10.485436893203893,-0.7766990291262155,,
2026-08-13,3660,limit,False,,,,,,,,30.205949656750562,16.933638443935916
2026-08-13,3660,stop,False,,,,,,,,30.205949656750562,16.933638443935916
2026-08-13,3608,market,True,1240.0,2.1774193548387055,1.2096774193548487,,,3.3870967741935543,-0.40322580645161255,,
2026-08-13,3608,limit,False,,,,,,,,4.142973192526411,0.32493907392363575
2026-08-13,3608,stop,True,1240.358,2.147928259421872,1.180465639758843,,,3.3572565340006744,-0.4319720596795418,,
2026-08-13,9997,market,True,1016.0,1.67322834645669,2.263779527559051,,,3.543307086614167,-0.19685039370078705,,
2026-08-13,9997,limit,False,,,,,,,,3.238469087340534,-0.4906771344455385
2026-08-13,9997,stop,True,1030.349,0.25729146143687043,0.8396184205545998,,,2.1013268319763467,-1.5867439091026392,,
2026-08-13,9983,market,True,77960.0,-1.0774756285274467,-3.783991790661878,,,0.012827090815803466,-3.976398152898919,,
2026-08-13,9983,limit,True,77350.0,-0.29734970911441394,-3.025210084033614,,,0.8015513897866811,-3.219133807369101,,
2026-08-13,9983,stop,False,,,,,,,,0.8015513897866811,-3.219133807369101
2026-08-13,9900,market,True,2208.0,1.85688405797102,2.8079710144927494,,,3.532608695652173,-0.9963768115942018,,
2026-08-13,9900,limit,False,,,,,,,,4.670329670329676,0.09157509157509125
2026-08-13,9900,stop,True,2256.07,-0.3133768012517413,0.6174453806841118,,,1.3266432335875988,-3.1058433470592783,,
2026-08-13,8876,market,True,2159.0,0.09263547938860306,-1.713756368689212,,,0.9263547938860528,-2.7790643816581806,,
2026-08-13,8876,limit,False,,,,,,,,0.4610419548178868,-3.2272936837252186
2026-08-13,8876,stop,False,,,,,,,,0.4610419548178868,-3.2272936837252186
2026-08-13,9201,market,True,3045.0,0.2955665024630516,-1.6091954022988464,,,0.45977011494253706,-1.8062397372742178,,
2026-08-13,9201,limit,False,,,,,,,,0.9904258831297419,-1.2875536480686733
2026-08-13,9201,stop,False,,,,,,,,0.9904258831297419,-1.2875536480686733
2026-08-13,9418,market,True,1700.0,1.5882352941176459,1.7058823529411793,,,2.2352941176470686,0.0,,
2026-08-13,9418,limit,False,,,,,,,,1.7564402810304358,-0.4683840749414525
2026-08-13,9418,stop,False,,,,,,,,1.7564402810304358,-0.4683840749414525
2026-08-13,2327,market,True,3845.0,-0.2080624187256186,-1.9765929778933655,,,0.728218465539654,-3.719115734720413,,
2026-08-13,2327,limit,True,3727.0,1.126911725248192,,,,2.20016098738931,-0.67078078883821,,
2026-08-13,2327,stop,False,,,,,,,,1.3343799058084693,-3.1397174254317095
2026-08-13,9716,market,True,1189.0,2.691337258200166,1.6820857863750982,,,3.111858704793935,-0.3364171572750263,,
2026-08-13,9716,limit,False,,,,,,,,3.6348267117497945,0.16906170752324368
2026-08-13,9716,stop,True,1197.407,1.9703409116532677,0.96817539900802,,,2.387909875255456,-1.0361556262824534,,
2026-08-13,7453,market,True,4445.0,1.2148481439820058,-3.1946006749156375,,,1.619797525309341,-4.1169853768278974,,
2026-08-13,7453,limit,False,,,,,,,,0.8258928571428514,-4.866071428571428
2026-08-13,7453,stop,False,,,,,,,,0.8258928571428514,-4.866071428571428
2026-08-13,3661,market,True,822.0,1.7031630170316392,-0.36496350364964014,,,3.1630170316301776,-4.5012165450121655,,
2026-08-13,3661,limit,False,,,,,,,,4.176904176904173,-3.5626535626535616
2026-08-13,3661,stop,True,847.508,-1.3578632886061315,-3.363744059053131,,,0.05805254935646875,-7.375505599947141,,
2026-08-13,2501,market,True,2011.5,1.9139945314441853,-3.902560278399203,,,2.4111359681829425,-4.921700223713643,,
2026-08-13,2501,limit,True,1966.34,-0.729273675966513,,,,4.763164050977964,-2.7380819186915706,,
2026-08-13,2501,stop,False,,,,,,,,2.6919242273180544,-4.6610169491525415
2026-08-13,2492,market,True,576.0,6.597222222222232,3.993055555555558,,,7.638888888888884,-2.083333333333337,,
2026-08-13,2492,limit,False,,,,,,,,6.529209621993126,-3.0927835051546393
2026-08-13,2492,stop,True,618.347,-0.7030033298455418,-3.128825724067552,,,0.2673256278432623,-8.789077977252246,,
2026-08-13,4544,market,True,3562.0,1.9651880965749546,0.47725996631107215,,,2.4985962942167372,-0.9825940482874773,,
2026-08-13,4544,limit,False,,,,,,,,1.5859766277128484,-1.8642181413466852
2026-08-13,4544,stop,False,,,,,,,,1.5859766277128484,-1.8642181413466852
2026-08-13,2585,market,True,1717.0,4.07687827606289,-3.4362259755387314,,,10.42516016307513,-5.008736167734417,,
2026-08-13,2585,limit,False,,,,,,,,27.50504371217215,9.683927370544732
2026-08-13,2585,stop,False,,,,,,,,27.50504371217215,9.683927370544732
2026-08-13,4676,market,True,4120.0,0.24271844660195274,0.9708737864077666,,,1.1407766990291224,-1.9417475728155331,,
2026-08-13,4676,limit,False,,,,,,,,0.920319689997573,-2.1554855897311653
2026-08-13,4676,stop,False,,,,,,,,0.920319689997573,-2.1554855897311653
2026-08-13,7564,market,True,6240.0,-1.4423076923076872,0.8012820512820484,,,1.7628205128205066,-2.2435897435897467,,
2026-08-13,7564,limit,False,,,,,,,,1.9261637239165408,-2.0866773675762396
2026-08-13,7564,stop,False,,,,,,,,1.9261637239165408,-2.0866773675762396
2026-08-13,4324,market,True,3697.0,2.1909656478225514,-5.220449012713013,,,2.7048958615093266,-8.033540708682718,,
2026-08-13,4324,limit,True,3401.0,3.2049397236107113,,,,4.704498676859736,-0.029403116730375434,,
2026-08-13,4324,stop,False,,,,,,,,2.152273338714017,-8.528383104654292
2026-08-13,4816,market,True,2795.0,1.1806797853309403,1.2522361359570633,,,2.5760286225402496,-0.3935599284436542,,
2026-08-13,4816,limit,False,,,,,,,,1.5946137491140933,-1.3465627214741316
2026-08-13,4816,stop,False,,,,,,,,1.5946137491140933,-1.3465627214741316
2026-08-13,3391,market,True,2390.5,0.5856515373352744,-1.2340514536707814,,,1.317715959004384,-2.426270654674756,,
2026-08-13,3391,limit,True,2361.5,-0.02117298327334316,,,,0.6351894982002948,-1.2280330298539033,,
2026-08-13,3391,stop,False,,,,,,,,1.317715959004384,-2.426270654674756
2026-08-13,7988,market,True,5016.0,1.9138755980861344,0.857256778309412,,,2.611642743221698,0.0,,
2026-08-13,7988,limit,True,5016.0,1.9138755980861344,0.857256778309412,,,2.611642743221698,0.0,,
2026-08-13,7988,stop,False,,,,,,,,2.1635569670504173,-0.4366812227074246
2026-08-13,4812,market,True,2687.0,0.2605135839225836,2.307406029028658,,,3.088946780796431,-1.3397841458876125,,
2026-08-13,4812,limit,True,2682.4825,0.4293597441921815,2.4796993083831875,,,3.262556232892466,-1.173633005993513,,
2026-08-13,4812,stop,True,2746.0,0.10924981791697874,,,,0.8739985433357633,-0.8011653313911182,,
2026-08-13,7867,market,True,3591.0,0.19493177387914784,-0.08354218880535225,,,1.4202172096908994,-2.6733500417710943,,
2026-08-13,7867,limit,False,,,,,,,,0.9143807148794592,-3.158769742310885
2026-08-13,7867,stop,False,,,,,,,,0.9143807148794592,-3.158769742310885
2026-08-13,3498,market,True,8110.0,0.2466091245376001,-7.151664611590625,,,1.602959309494456,-7.768187422934647,,
2026-08-13,3498,limit,False,,,,,,,,1.602959309494456,-7.768187422934647
2026-08-13,3498,stop,False,,,,,,,,1.602959309494456,-7.768187422934647
2026-08-13,2181,market,True,280.0,2.821426391601567,1.6071428571428514,,,2.821426391601567,-0.035716465541291154,,
2026-08-13,2181,limit,False,,,,,,,,1.803392466932241,-1.0254618470705967
2026-08-13,2181,stop,False,,,,,,,,1.803392466932241,-1.0254618470705967
2026-08-13,4776,market,True,2776.0,6.08789625360231,7.312680115273773,,,7.961095100864557,-2.7017291066282367,,
2026-08-13,4776,limit,False,,,,,,,,7.805755395683445,-2.8417266187050316
2026-08-13,4776,stop,True,2829.217,4.092404364882585,5.294150289638444,,,5.930368720391543,-4.531889918659482,,
2026-08-13,6902,market,True,1910.0,2.3560209424083878,1.2303664921466062,,,2.408376963350789,-0.6020942408376917,,
2026-08-13,6902,limit,True,1901.5,2.813568235603481,1.6828819353142288,,,2.866158296082033,-0.15777018143571242,,
2026-08-13,6902,stop,False,,,,,,,,2.866158296082033,-0.15777018143571242
2026-08-13,4704,market,True,5851.0,0.0,-5.725517005640057,,,0.0,-9.383011451034006,,
2026-08-13,4704,limit,True,5851.0,0.0,-5.725517005640057,,,0.0,-9.383011451034006,,
2026-08-13,4704,stop,False,,,,,,,,-14.596409283316303,-22.60983797985695
2026-08-13,4088,market,True,2504.0,1.198083067092659,2.6757188498402584,,,3.194888178913735,0.0,,
2026-08-13,4088,limit,True,2504.0,1.198083067092659,2.6757188498402584,,,3.194888178913735,0.0,,
2026-08-13,4088,stop,False,,,,,,,,2.6211278792692694,-0.5559968228752932
2026-08-13,4180,market,True,1132.0,0.0,12.45583038869258,,,19.522968197879862,0.0,,
2026-08-13,4180,limit,False,,,,,,,,37.78004073319756,15.274949083503063
2026-08-13,4180,stop,False,,,,,,,,37.78004073319756,15.274949083503063
2026-08-13,2670,market,True,2791.5,1.9881783987103718,-0.465699444742973,,,1.9881783987103718,-1.307540748701419,,
2026-08-13,2670,limit,False,,,,,,,,0.8680248007086,-2.391496899911427
2026-08-13,2670,stop,False,,,,,,,,0.8680248007086,-2.391496899911427
2026-08-13,5027,market,True,595.0,4.705882352941182,29.579831932773114,,,31.092436974789916,-1.3445378151260456,,
2026-08-13,5027,limit,False,,,,,,,,32.65306122448979,-0.170068027210879
2026-08-13,5027,stop,True,600.692,3.713716846570292,28.35196739760144,,,29.850239390569545,-2.2793711253021542,,
2026-08-13,5032,market,True,2823.0,0.24796315975912364,-1.0272759475735027,,,0.8855827134254257,-1.9482819695359588,,
2026-08-13,5032,limit,False,,,,,,,,3.300689154878489,0.39898440333696605
2026-08-13,5032,stop,False,,,,,,,,3.300689154878489,0.39898440333696605
2026-08-13,5101,market,True,7732.0,1.5261251939989728,-1.0993274702534972,,,3.401448525607864,-2.4961200206932266,,
2026-08-13,5101,limit,True,7551.8925,1.2593863061477695,,,,2.808666834174356,-0.17071879664600775,,
2026-08-13,5101,stop,False,,,,,,,,4.8387096774193505,-1.140833988985046
2026-08-13,5253,market,True,1521.0,0.5259697567389976,1.2491781722550943,,,3.287310979618674,-3.4188034188034178,,
2026-08-13,5253,limit,True,1509.2,1.3119533527696792,2.0408163265306145,,,4.094884707129598,-2.6636628677444985,,
2026-08-13,5253,stop,False,,,,,,,,2.9488859764089215,-3.735255570117957
2026-08-13,2749,market,True,644.0,0.9316770186335477,1.3975155279503104,,,3.105590062111796,-0.9316770186335366,,
2026-08-13,2749,limit,False,,,,,,,,1.0654490106544845,-2.8919330289193357
2026-08-13,2749,stop,False,,,,,,,,1.0654490106544845,-2.8919330289193357
2026-08-13,6196,market,True,1317.0,1.8982536066818545,0.9111617312072884,,,2.4297646165527764,-0.15186028853454436,,
2026-08-13,6196,limit,True,1317.0,1.8982536066818545,0.9111617312072884,,,2.4297646165527764,-0.15186028853454436,,
2026-08-13,6196,stop,True,1336.008,0.4485003083813943,-0.5245477571990564,,,0.9724492667708473,-1.5724456739780068,,
2026-08-13,8425,market,True,1354.0,0.36927621861151394,-0.22156573116691725,,,0.7385524372230501,-0.5908419497784312,,
2026-08-13,8425,limit,False,,,,,,,,0.5899705014749346,-0.7374631268436627
2026-08-13,8425,stop,False,,,,,,,,0.5899705014749346,-0.7374631268436627
2026-08-13,6178,market,True,2376.5,-0.02103934357248205,1.115085209341471,,,2.0408163265306145,-0.7153376814643342,,
2026-08-13,6178,limit,True,2364.7075,0.4775432056607354,1.619333469361428,,,2.549681091636069,-0.2202175110452287,,
2026-08-13,6178,stop,True,2393.467,-0.7297781836975492,0.3982925187604458,,,1.3174612392817586,-1.4191547240885338,,
2026-08-13,8706,market,True,1850.0,0.432432432432428,-0.6486486486486531,,,1.1351351351351457,-0.9189189189189206,,
2026-08-13,8706,limit,False,,,,,,,,1.025917926565878,-1.025917926565878
2026-08-13,8706,stop,True,1861.63,-0.19499041162852615,-1.2693177484247697,,,0.5033223572890266,-1.5378995826238362,,
2026-08-13,3923,market,True,1127.0,4.259094942324748,-3.238686779059452,,,4.968944099378891,-5.545696539485356,,
2026-08-13,3923,limit,False,,,,,,,,8.135283363802559,-2.696526508226693
2026-08-13,3923,stop,True,1127.0,4.259094942324748,-3.238686779059452,,,4.968944099378891,-5.545696539485356,,
2026-08-13,3865,market,True,898.0,-0.33407572383074013,-0.5567928730512262,,,0.8908685968819663,-3.674832962138086,,
2026-08-13,3865,limit,True,898.0,-0.33407572383074013,-0.5567928730512262,,,0.8908685968819663,-3.674832962138086,,
2026-08-13,3865,stop,False,,,,,,,,0.33222591362125353,-4.208194905869322
2026-08-13,9023,market,True,1454.5,0.550017188037133,-0.9625300790649716,,,0.7906497078033592,-1.6156754898590586,,
2026-08-13,9023,limit,True,1447.2475,-0.12074645145353502,,,,1.29573552554072,-1.1226483376202023,,
2026-08-13,9023,stop,False,,,,,,,,0.6868131868131844,-1.717032967032972
2026-08-13,9069,market,True,2287.5,0.7650273224043769,2.4043715846994607,,,2.9071038251366144,-0.7650273224043769,,
2026-08-13,9069,limit,False,,,,,,,,2.5038101458741524,-1.1539298933159192
2026-08-13,9069,stop,False,,,,,,,,2.5038101458741524,-1.1539298933159192
2026-08-13,9024,market,True,3276.0,2.19780219780219,0.3968253968253954,,,3.2356532356532464,-1.2210012210012167,,
2026-08-13,9024,limit,True,3242.0,1.4497223935842074,,,,2.7452190006169053,-0.18507094386180922,,
2026-08-13,9024,stop,False,,,,,,,,4.318322023442311,-0.18507094386180922
2026-08-13,1909,market,True,3710.0,-0.26954177897574594,-0.26954177897574594,,,0.0,-0.26954177897574594,,
2026-08-13,1909,limit,False,,,,,,,,0.13495276653170407,-0.13495276653171517
2026-08-13,1909,stop,False,,,,,,,,0.13495276653170407,-0.13495276653171517
2026-08-13,1887,market,True,525.0,1.7142857142857126,3.809523809523818,,,4.9523809523809526,-0.5714285714285672,,
2026-08-13,1887,limit,False,,,,,,,,5.15267175572518,-0.3816793893129722
2026-08-13,1887,stop,True,529.9,0.7737308926212494,2.8495942630685,,,3.981883374221562,-1.4908473296848412,,
2026-08-17,6464,market,True,335.0,2.9850746268656803,,,,4.179104477611939,0.0,,
2026-08-17,6464,limit,True,335.0,2.9850746268656803,,,,4.179104477611939,0.0,,
2026-08-17,6464,stop,True,345.176,-0.05098848123855637,,,,1.107840637819546,-2.948061278883818,,
2026-08-17,4755,market,True,787.7999877929688,-1.9167270652339363,,,,1.7136329283045981,-1.9167270652339363,,
2026-08-17,4755,limit,True,777.4,-0.6045777968830324,,,,3.0743488285269738,-0.6045777968830324,,
2026-08-17,4755,stop,True,793.428,-2.612459831638003,,,,0.9921489779751491,-2.612459831638003,,
2026-08-17,6787,market,True,19000.0,-0.9473684210526301,,,,6.368421052631579,-1.684210526315788,,
2026-08-17,6787,limit,True,19000.0,-0.9473684210526301,,,,6.368421052631579,-1.684210526315788,,
2026-08-17,6787,stop,True,19816.39,-5.028110569079436,,,,1.9862850902712337,-5.73459646282698,,
2026-08-17,6656,market,True,896.0,-4.57589285714286,,,,0.6696428571428603,-4.57589285714286,,
2026-08-17,6656,limit,True,891.7524999999999,-4.121378970061751,,,,1.1491417181336727,-4.121378970061751,,
2026-08-17,6656,stop,False,,,,,,,,-0.6607929515418554,-5.837004405286339
2026-08-17,4935,market,True,225.0,-2.2222222222222254,,,,3.111111111111109,-3.111111111111109,,
2026-08-17,4935,limit,True,225.0,-2.2222222222222254,,,,3.111111111111109,-3.111111111111109,,
2026-08-17,4935,stop,False,,,,,,,,1.7543859649122862,-4.385964912280704
2026-08-17,7211,market,True,350.0,-0.28571428571428914,,,,0.48571777343751066,-1.6571393694196468,,
2026-08-17,7211,limit,True,347.5,0.4316546762589857,,,,1.208636606339919,-0.9496367749550316,,
2026-08-17,7211,stop,True,351.312,-0.6581044769321864,,,,0.11044661356038876,-2.0244078747576943,,
2026-08-17,4889,market,True,1325.0,-1.8867924528301883,,,,0.5283018867924483,-6.113207547169807,,
2026-08-17,4889,limit,True,1320.0,-1.5151515151515138,,,,0.9090909090909038,-5.757575757575761,,
2026-08-17,4889,stop,False,,,,,,,,0.9090909090909038,-5.757575757575761
2026-08-17,4971,market,True,7910.0,-5.056890012642223,,,,1.3906447534766109,-5.1833122629582835,,
2026-08-17,4971,limit,True,7879.6075,-4.6906841489249285,,,,1.7817194574729855,-4.81759402356019,,
2026-08-17,4971,stop,False,,,,,,,,0.6273525721455453,-5.8971141781681276
2026-08-17,6278,market,True,16990.0,-5.179517363154796,,,,2.413184226015308,-5.768098881695116,,
2026-08-17,6278,limit,False,,,,,,,,1.3986013986013957,-6.701631701631705
2026-08-17,6278,stop,False,,,,,,,,1.3986013986013957,-6.701631701631705
2026-08-17,6807,market,True,2359.0,0.8902077151335286,,,,2.3314963967782987,-0.720644340822385,,
2026-08-17,6807,limit,False,,,,,,,,2.9424307036247432,-0.12793176972281106
2026-08-17,6807,stop,True,2361.369,0.7889914706257217,,,,2.2288342059203714,-0.8202445276447756,,
2026-08-17,3449,market,True,4200.0,-4.880952380952386,,,,4.285714285714293,-6.071428571428572,,
2026-08-17,3449,limit,True,4200.0,-4.880952380952386,,,,4.285714285714293,-6.071428571428572,,
2026-08-17,3449,stop,True,4322.394,-7.574367352906752,,,,1.3327336656491662,-8.731133718952977,,
2026-08-17,4275,market,True,2127.0,-1.222378937470614,,,,3.1029619181946355,-1.222378937470614,,
2026-08-17,4275,limit,True,2127.0,-1.222378937470614,,,,3.1029619181946355,-1.222378937470614,,
2026-08-17,4275,stop,True,2164.719,-2.9435229237605443,,,,1.3064513223194352,-2.9435229237605443,,
2026-08-17,3692,market,True,4755.0,-0.2103049421661396,,,,5.152471083070442,-1.051524710830709,,
2026-08-17,3692,limit,True,4740.0,0.10548523206750371,,,,5.485232067510548,-0.7383966244725704,,
2026-08-17,3692,stop,True,4826.805,-1.6948063988497575,,,,3.5881913605376514,-2.523511929734068,,
2026-08-17,6310,market,True,1799.0,0.27793218454696955,,,,0.9449694274596965,-1.1673151750972721,,
2026-08-17,6310,limit,True,1799.0,0.27793218454696955,,,,0.9449694274596965,-1.1673151750972721,,
2026-08-17,6310,stop,True,1806.299,-0.12727682404740648,,,,0.5370650152604961,-1.566684142547825,,
2026-08-17,7318,market,True,1543.0,0.5184705119896327,,,,5.9624108878807425,-1.4906027219701912,,
2026-08-17,7318,limit,True,1543.0,0.5184705119896327,,,,5.9624108878807425,-1.4906027219701912,,
2026-08-17,7318,stop,True,1578.694,-1.754234829548984,,,,3.5666189901272904,-3.7178832630009317,,
2026-08-17,7746,market,True,760.0,-1.9736842105263164,,,,2.6315789473684292,-1.9736842105263164,,
2026-08-17,7746,limit,False,,,,,,,,1.5625,-2.994791666666663
2026-08-17,7746,stop,False,,,,,,,,1.5625,-2.994791666666663
2026-08-17,6707,market,True,8424.0,-3.3831908831908786,,,,0.249287749287741,-4.261633428300094,,
2026-08-17,6707,limit,True,8372.1375,-2.784683123037579,,,,0.8702974598780777,-3.668567316291693,,
2026-08-17,6707,stop,False,,,,,,,,0.26118959990502066,-4.250267125727181
2026-08-17,6498,market,True,2102.0,-3.8534728829686005,,,,0.1427212178877202,-3.8534728829686005,,
2026-08-17,6498,limit,True,2094.0,-3.486150907354346,,,,0.5253104106972328,-3.486150907354346,,
2026-08-17,6498,stop,False,,,,,,,,0.5253104106972328,-3.486150907354346
2026-08-17,6367,market,True,21405.0,-1.3548236393365998,,,,0.2803083391730965,-1.4716187806587233,,
2026-08-17,6367,limit,True,21405.0,-1.3548236393365998,,,,0.2803083391730965,-1.4716187806587233,,
2026-08-17,6367,stop,False,,,,,,,,0.06993006993007977,-1.6783216783216814
2026-08-17,4320,market,True,1657.0,0.0,,,,0.060350030175015945,-0.18105009052504784,,
2026-08-17,4320,limit,True,1657.0,0.0,,,,0.060350030175015945,-0.18105009052504784,,
2026-08-17,4320,stop,False,,,,,,,,0.060350030175015945,-0.18105009052504784
2026-08-17,9256,market,True,1239.0,-3.309120258272802,,,,0.7263922518159882,-4.761904761904767,,
2026-08-17,9256,limit,True,1229.1775,-2.5364522210990725,,,,1.531308537619669,-4.000846094237809,,
2026-08-17,9256,stop,False,,,,,,,,-0.08006405124099114,-5.5244195356285
2026-08-17,7224,market,True,2024.0,-0.39525691699604515,,,,0.8893280632411127,-0.691699604743079,,
2026-08-17,7224,limit,False,,,,,,,,0.9391992090953982,-0.6426099851705391
2026-08-17,7224,stop,True,2037.909,-1.0750725375863301,,,,0.2007449792900351,-1.3694919645577897,,
2026-08-17,4626,market,True,4850.0,-1.2371134020618513,,,,0.6185567010309256,-1.52577319587629,,
2026-08-17,4626,limit,False,,,,,,,,0.5149330587023604,-1.627188465499485
2026-08-17,4626,stop,False,,,,,,,,0.5149330587023604,-1.627188465499485
2026-08-17,6524,market,True,5160.0,-4.457364341085269,,,,3.875968992248069,-4.8449612403100755,,
2026-08-17,6524,limit,False,,,,,,,,4.89236790606653,-3.9138943248532287
2026-08-17,6524,stop,True,5181.202,-4.8483344212404855,,,,3.450898073458619,-5.234345234947413,,
2026-08-17,6194,market,True,901.0,-0.2219755826859071,,,,0.7769145394006749,-0.9988901220865709,,
2026-08-17,6194,limit,False,,,,,,,,-0.11001100110010764,-1.8701870187018743
2026-08-17,6194,stop,False,,,,,,,,-0.11001100110010764,-1.8701870187018743
2026-08-17,3445,market,True,6420.0,-7.320872274143298,,,,0.4672897196261738,-7.632398753894076,,
2026-08-17,3445,limit,True,6251.9625,-4.829883416607183,,,,3.167605371913229,-5.149782968147997,,
2026-08-17,3445,stop,False,,,,,,,,1.5748031496062964,-6.614173228346454
2026-08-17,4368,market,True,3550.0,-4.647887323943667,,,,1.1267605633802802,-4.647887323943667,,
2026-08-17,4368,limit,True,3516.6775,-3.7443723514595795,,,,2.084993577034,-3.7443723514595795,,
2026-08-17,4368,stop,False,,,,,,,,1.9886363636363535,-3.8352272727272707
2026-08-17,4182,market,True,4123.0,-3.1530439000727606,,,,0.8003880669415375,-3.638127577007033,,
2026-08-17,4182,limit,True,4058.0125000000003,-1.6020773716197367,,,,2.4146672786246937,-2.094929475944207,,
2026-08-17,4182,stop,False,,,,,,,,-1.6564126833885418,-5.986748698532896
2026-08-17,6844,market,True,3320.0,-2.409638554216864,,,,1.0542168674698704,-2.409638554216864,,
2026-08-17,6844,limit,True,3285.255,-1.3775186401055683,,,,2.122970667421553,-1.3775186401055683,,
2026-08-17,6844,stop,False,,,,,,,,0.599700149925031,-2.8485757121439303
2026-08-17,1407,market,True,2800.0,-2.1428571428571463,,,,1.464285714285718,-2.1428571428571463,,
2026-08-17,1407,limit,False,,,,,,,,1.6821760916249096,-1.9327129563350032
2026-08-17,1407,stop,False,,,,,,,,1.6821760916249096,-1.9327129563350032
2026-08-17,9324,market,True,2577.0,0.7760962359332657,,,,1.1641443538998875,-1.2417539774932096,,
2026-08-17,9324,limit,False,,,,,,,,1.4002333722286986,-1.0112796577207317
2026-08-17,9324,stop,True,2605.804,-0.33786117451658493,,,,0.04589754256267842,-2.3334065033287277,,
2026-08-17,3093,market,True,2115.0,1.6548463356973908,,,,2.03309692671394,-0.5673758865248235,,
2026-08-17,3093,limit,False,,,,,,,,1.5051740357478804,-1.0818438381937967
2026-08-17,3093,stop,True,2141.119,0.4147831110741462,,,,0.7884195133479155,-1.7803307522842093,,
2026-08-17,6516,market,True,6000.0,-2.833333333333332,,,,2.0000000000000018,-3.166666666666662,,
2026-08-17,6516,limit,False,,,,,,,,1.661129568106312,-3.488372093023251
2026-08-17,6516,stop,True,6098.163,-4.397439032049477,,,,0.35809144491547595,-4.72540665115051,,
2026-08-17,3104,market,True,3800.0,-3.552631578947374,,,,0.9210526315789558,-3.9473684210526327,,
2026-08-17,3104,limit,False,,,,,,,,1.3210039630118908,-3.566710700132103
2026-08-17,3104,stop,True,3805.167,-3.683596541229328,,,,0.7840128961488446,-4.077797373939173,,
2026-08-17,6584,market,True,853.0,-1.5240328253223967,,,,2.9308323563892236,-2.1101992966002348,,
2026-08-17,6584,limit,False,,,,,,,,2.6900584795321647,-2.3391812865497075
2026-08-17,6584,stop,True,864.398,-2.8225423936658833,,,,1.5735806885254222,-3.4009796413226323,,
2026-08-17,2802,market,True,5621.0,-1.5299768724426288,,,,0.7471980074719831,-3.1666963173812457,,
2026-08-17,2802,limit,False,,,,,,,,-1.0138087746897395,-4.859290333857713
2026-08-17,2802,stop,False,,,,,,,,-1.0138087746897395,-4.859290333857713
2026-08-17,8789,market,True,160.0,2.499999999999991,,,,3.125,-1.2499999999999956,,
2026-08-17,8789,limit,False,,,,,,,,1.85185185185186,-2.4691358024691357
2026-08-17,8789,stop,True,163.398,0.36842556212437483,,,,0.9804281570153783,-3.303590007221624,,
2026-08-17,6908,market,True,2820.0,-0.21276595744680327,,,,0.7446808510638281,-0.6382978723404209,,
2026-08-17,6908,limit,False,,,,,,,,0.0,-1.372756071805703
2026-08-17,6908,stop,False,,,,,,,,0.0,-1.372756071805703
2026-08-17,1938,market,True,2463.0,0.6496142915144221,,,,2.3142509135200884,-0.649614291514411,,
2026-08-17,1938,limit,False,,,,,,,,0.3984063745019917,-2.5099601593625454
2026-08-17,1938,stop,True,2517.631,-1.534418665801296,,,,0.09409639458681784,-2.8054548104944677,,
2026-08-17,9072,market,True,5431.0,5.413367703921934,,,,9.169582029092238,-1.1047689191677423,,
2026-08-17,9072,limit,False,,,,,,,,9.169582029092238,-1.1047689191677423
2026-08-17,9072,stop,True,5465.767,4.742847618641632,,,,8.47516917570763,-1.7338280245023263,,
2026-08-17,6023,market,True,3055.0,0.16366612111293755,,,,1.9639934533551617,-0.8183306055646433,,
2026-08-17,6023,limit,False,,,,,,,,1.1363636363636465,-1.6233766233766267
2026-08-17,6023,stop,False,,,,,,,,1.1363636363636465,-1.6233766233766267
2026-08-17,5985,market,True,2386.0,2.011735121542335,,,,4.02347024308467,-2.1374685666387228,,
2026-08-17,5985,limit,False,,,,,,,,5.25869380831212,-0.9754028837998252
2026-08-17,5985,stop,True,2386.0,2.011735121542335,,,,4.02347024308467,-2.1374685666387228,,
2026-08-17,5121,market,True,2800.0,-0.9642857142857175,,,,0.4642857142857171,-1.5000000000000013,,
2026-08-17,5121,limit,False,,,,,,,,0.4284184219921494,-1.5351660121385224
2026-08-17,5121,stop,False,,,,,,,,0.4284184219921494,-1.5351660121385224
2026-08-17,4165,market,True,697.0,3.73027259684362,,,,4.591104734576756,-0.717360114777621,,
2026-08-17,4165,limit,False,,,,,,,,4.29184549356223,-1.0014306151645225
2026-08-17,4165,stop,True,704.898,2.568031119395986,,,,3.4192180996399424,-1.8297682785310854,,
2026-08-17,9308,market,True,2120.0,0.0,,,,2.264150943396226,-0.6603773584905714,,
2026-08-17,9308,limit,False,,,,,,,,0.9781089892873851,-1.909641360037262
2026-08-17,9308,stop,True,2154.406,-1.5970063209998497,,,,0.6309859887133618,-2.2468374113328693,,
2026-08-17,1723,market,True,2242.0,-5.575379125780556,,,,0.3568242640499486,-5.664585191793037,,
2026-08-17,1723,limit,True,2115.1699999999996,0.08651786854012578,,,,6.374428532931176,-0.008037179044695364,,
2026-08-17,1723,stop,True,2242.0,-5.575379125780556,,,,0.3568242640499486,-5.664585191793037,,
2026-08-17,6838,market,True,1570.0,-3.566878980891719,,,,0.6369426751592355,-4.140127388535031,,
2026-08-17,6838,limit,False,,,,,,,,-0.3783102143757877,-5.10718789407314
2026-08-17,6838,stop,False,,,,,,,,-0.3783102143757877,-5.10718789407314
2026-08-17,6619,market,True,163.0,-0.6134969325153339,,,,3.0674846625766916,-1.2269938650306789,,
2026-08-17,6619,limit,False,,,,,,,,3.703703703703698,-0.6172839506172867
2026-08-17,6619,stop,True,163.875,-1.1441647597253968,,,,2.517162471395884,-1.7543859649122862,,
2026-08-17,1893,market,True,1469.0,-2.076242341729062,,,,0.6807351940095296,-2.280462899931923,,
2026-08-17,1893,limit,True,1460.8349999999998,-1.5289201039131561,,,,1.2434669213155614,-1.734282105781959,,
2026-08-17,1893,stop,False,,,,,,,,0.990099009900991,-1.980198019801982
2026-08-17,8995,market,True,2380.0,0.0,,,,0.0,0.0,,
2026-08-17,8995,limit,False,,,,,,,,20.2020202020202,20.2020202020202
2026-08-17,8995,stop,False,,,,,,,,20.2020202020202,20.2020202020202
2026-08-17,1951,market,True,2660.0,-1.5977443609022535,,,,0.1315789473684159,-1.6165413533834605,,
2026-08-17,1951,limit,False,,,,,,,,0.1315789473684159,-1.6165413533834605
2026-08-17,1951,stop,False,,,,,,,,0.1315789473684159,-1.6165413533834605
2026-08-17,1945,market,True,2078.0,-0.04812319538017862,,,,2.887391722810384,-0.6737247353224229,,
2026-08-17,1945,limit,False,,,,,,,,2.4436990896022914,-1.1020603737422086
2026-08-17,1945,stop,True,2097.927,-0.9975084929075284,,,,1.9101236601654747,-1.617167804218167,,
2026-08-17,1944,market,True,7040.0,-2.6136363636363624,,,,0.05681818181817455,-2.670454545454548,,
2026-08-17,1944,limit,True,6976.6,-1.7286357251383278,,,,0.9660866324570749,-1.7859702433850377,,
2026-08-17,1944,stop,False,,,,,,,,-0.5506141465480674,-3.2613299449385846
2026-08-17,1926,market,True,3780.0,-0.1322751322751281,,,,0.3968253968253954,-0.3968253968253954,,
2026-08-17,1926,limit,False,,,,,,,,0.0,-0.7905138339920903
2026-08-17,1926,stop,False,,,,,,,,0.0,-0.7905138339920903
2026-08-17,7059,market,True,933.0,-1.1789924973204746,,,,0.4287245444801746,-2.357984994640938,,
2026-08-17,7059,limit,False,,,,,,,,0.4287245444801746,-2.357984994640938
2026-08-17,7059,stop,False,,,,,,,,0.4287245444801746,-2.357984994640938
2026-08-17,1968,market,True,2439.0,-2.2140221402214055,,,,1.0660106601066088,-2.3780237802378035,,
2026-08-17,1968,limit,True,2409.545,-1.018657049359939,,,,2.3014718546447543,-1.1846634945601786,,
2026-08-17,1968,stop,True,2440.858,-2.2884575833579945,,,,0.9890784306174183,-2.4523343840567646,,
2026-08-17,2334,market,True,550.0,-0.545454545454549,,,,4.0000000000000036,-2.3636363636363678,,
2026-08-17,2334,limit,False,,,,,,,,3.6231884057970953,-2.717391304347827
2026-08-17,2334,stop,True,567.294,-3.5773337987004994,,,,0.8295522251248855,-5.340088208230654,,
2026-08-17,7685,market,True,3190.0,0.0,,,,2.9780564263322873,-1.5673981191222541,,
2026-08-17,7685,limit,False,,,,,,,,-3.3823529411764697,-7.647058823529407
2026-08-17,7685,stop,False,,,,,,,,-3.3823529411764697,-7.647058823529407
2026-08-17,8697,market,True,2216.5,-1.1279043537108069,,,,0.1579066095195092,-1.488833746898266,,
2026-08-17,8697,limit,True,2210.0299999999997,-0.8384501567851865,,,,0.4511250978493697,-1.2004361931738372,,
2026-08-17,8697,stop,False,,,,,,,,-0.06752194463200967,-1.710555930677471
2026-08-17,7917,market,True,1311.0,-0.8390541571319576,,,,0.5339435545385296,-1.2204424103737566,,
2026-08-17,7917,limit,True,1311.0,-0.8390541571319576,,,,0.5339435545385296,-1.2204424103737566,,
2026-08-17,7917,stop,False,,,,,,,,0.5339435545385296,-1.2204424103737566
2026-08-17,7760,market,True,2200.0,-5.181818181818176,,,,0.8636363636363553,-5.409090909090908,,
2026-08-17,7760,limit,True,2098.1825,-0.5806215617564225,,,,5.758197868869841,-0.8189230441107864,,
2026-08-17,7760,stop,True,2212.985,-5.738177167942848,,,,0.2718048247050797,-5.964116340598791,,
2026-08-17,7747,market,True,4243.0,-3.3702568937072797,,,,0.9191609710110793,-3.7709168041480057,,
2026-08-17,7747,limit,False,,,,,,,,4.362661467219109,-0.48744820862783866
2026-08-17,7747,stop,True,4243.0,-3.3702568937072797,,,,0.9191609710110793,-3.7709168041480057,,
2026-08-17,6742,market,True,1100.0,-3.6363636363636376,,,,0.0,-4.6363636363636385,,
2026-08-17,6742,limit,False,,,,,,,,2.0408163265306145,-2.6901669758812585
2026-08-17,6742,stop,False,,,,,,,,2.0408163265306145,-2.6901669758812585
2026-08-17,2484,market,True,145.0,2.0689655172413834,,,,3.4482758620689724,-1.379310344827589,,
2026-08-17,2484,limit,False,,,,,,,,1.3513513513513598,-3.378378378378377
2026-08-17,2484,stop,False,,,,,,,,1.3513513513513598,-3.378378378378377
2026-08-17,6013,market,True,3280.0,-1.3719512195121908,,,,0.0,-1.8292682926829285,,
2026-08-17,6013,limit,True,3250.0,-0.4615384615384577,,,,0.9230769230769154,-0.9230769230769265,,
2026-08-17,6013,stop,True,3280.0,-1.3719512195121908,,,,0.0,-1.8292682926829285,,
2026-08-17,6238,market,True,1380.0,1.521739130434785,,,,2.1739130434782705,-1.521739130434785,,
2026-08-17,6238,limit,True,1363.2175,2.77156799997067,,,,3.4317707922616902,-0.3093783640541581,,
2026-08-17,6238,stop,True,1395.883,0.3665780011648412,,,,1.0113311789025303,-2.642270161610971,,
2026-08-17,6226,market,True,2370.0,-0.16877637130802148,,,,3.3333333333333437,-2.405063291139242,,
2026-08-17,6226,limit,False,,,,,,,,10.31531531531531,4.18918918918918
2026-08-17,6226,stop,False,,,,,,,,10.31531531531531,4.18918918918918
2026-08-17,6178,market,True,2375.0,1.1789473684210572,,,,1.6842105263157992,-0.1263157894736855,,
2026-08-17,6178,limit,False,,,,,,,,0.8561286281060676,-0.9396533723115441
2026-08-17,6178,stop,False,,,,,,,,0.8561286281060676,-0.9396533723115441
2026-08-17,6143,market,True,1825.0,-2.0273972602739776,,,,1.8630136986301338,-2.8493150684931523,,
2026-08-17,6143,limit,False,,,,,,,,1.8630136986301338,-2.8493150684931523
2026-08-17,6143,stop,True,1856.217,-3.675055233305158,,,,0.14992859132310077,-4.4831504075223965,,
2026-08-17,6136,market,True,4066.0,-5.853418593212001,,,,0.3197245450073716,-6.0747663551401825,,
2026-08-17,6136,limit,False,,,,,,,,3.135271807838169,-3.4386852085967146
2026-08-17,6136,stop,True,4066.0,-5.853418593212001,,,,0.3197245450073716,-6.0747663551401825,,
2026-08-17,5074,market,True,664.0,-6.325301204819278,,,,0.7530120481927804,-6.62650602409639,,
2026-08-17,5074,limit,True,664.0,-6.325301204819278,,,,0.7530120481927804,-6.62650602409639,,
2026-08-17,5074,stop,False,,,,,,,,-2.478134110787167,-9.620991253644318
2026-08-17,5240,market,True,206.0,-1.4563106796116498,,,,6.796116504854366,-2.9126213592232997,,
2026-08-17,5240,limit,False,,,,,,,,4.2654028436019065,-5.213270142180093
2026-08-17,5240,stop,True,217.301,-6.58119382791611,,,,1.242055950041654,-7.961767318143953,,
2026-08-17,4259,market,True,740.0,5.5405405405405395,,,,7.837837837837847,-0.2702702702702675,,
2026-08-17,4259,limit,True,740.0,5.5405405405405395,,,,7.837837837837847,-0.2702702702702675,,
2026-08-17,4259,stop,True,752.238,3.8235239379026176,,,,6.083446994169384,-1.8927520279486076,,
2026-08-17,3482,market,True,2621.0,-0.7630675314765356,,,,0.41968714231208626,-0.8393742846241947,,
2026-08-17,3482,limit,True,2621.0,-0.7630675314765356,,,,0.41968714231208626,-0.8393742846241947,,
2026-08-17,3482,stop,False,,,,,,,,-0.4161937192584175,-1.66477487703367
2026-08-17,5019,market,True,1329.5,3.0838661150808466,,,,3.9112448288830315,0.0,,
2026-08-17,5019,limit,False,,,,,,,,3.872180451127827,-0.03759398496240296
2026-08-17,5019,stop,True,1335.854,2.59354689958633,,,,3.416990180064583,-0.47565078219625745,,
2026-08-17,4975,market,True,5720.0,-4.545454545454541,,,,0.0,-4.545454545454541,,
2026-08-17,4975,limit,True,5690.995000000001,-4.05895629850318,,,,0.5096648301395224,-4.05895629850318,,
2026-08-17,4975,stop,False,,,,,,,,-0.34843205574912606,-4.878048780487809
2026-08-17,4403,market,True,2760.5,-0.43470385799674327,,,,0.688281108494837,-0.8331823944937478,,
2026-08-17,4403,limit,True,2740.175,0.30381271269170895,,,,1.435127318510676,-0.09762150227632382,,
2026-08-17,4403,stop,False,,,,,,,,0.688281108494837,-0.8331823944937478
2026-08-17,4425,market,True,1675.0,-2.9253731343283573,,,,2.9850746268656803,-3.820895522388057,,
2026-08-17,4425,limit,True,1636.27,-0.6276470264687362,,,,5.422699187786861,-1.5443661498407923,,
2026-08-17,4425,stop,False,,,,,,,,1.6499705362404304,-5.067766647024163
2026-08-17,3776,market,True,254.0,-2.3622047244094446,,,,0.3937007874015741,-2.3622047244094446,,
2026-08-17,3776,limit,False,,,,,,,,0.3937007874015741,-2.3622047244094446
2026-08-17,3776,stop,False,,,,,,,,0.3937007874015741,-2.3622047244094446
2026-08-17,3798,market,True,525.0,-1.3333333333333308,,,,0.3809523809523707,-1.7142857142857126,,
2026-08-17,3798,limit,True,525.0,-1.3333333333333308,,,,0.3809523809523707,-1.7142857142857126,,
2026-08-17,3798,stop,False,,,,,,,,-0.18939393939394478,-2.2727272727272707
2026-08-17,3911,market,True,175.0,-0.5714285714285672,,,,1.1428571428571344,-1.1428571428571455,,
2026-08-17,3911,limit,True,173.41750000000002,0.3358945896463572,,,,2.0658238067092327,-0.24074848270793092,,
2026-08-17,3911,stop,False,,,,,,,,0.0,-2.259887005649719
2026-08-17,3964,market,True,1466.0,2.3874488403820004,,,,3.547066848567537,0.0,,
2026-08-17,3964,limit,False,,,,,,,,2.2222222222222143,-1.2794612794612803
2026-08-17,3964,stop,True,1514.648,-0.9010674427325616,,,,0.2213055442584766,-3.2118353571258695,,
2026-08-17,4047,market,True,2727.0,-6.087275394206082,,,,1.5401540154015292,-6.233956729006229,,
2026-08-17,4047,limit,True,2627.38,-2.5264712375065668,,,,5.390160540157862,-2.6787141563078043,,
2026-08-17,4047,stop,True,2764.592,-7.364269302667448,,,,0.15944486564383187,-7.5089561135965095,,
2026-08-17,9401,market,True,5870.0,-0.6473594548552009,,,,0.13628620102215105,-0.9540034071550241,,
2026-08-17,9401,limit,True,5870.0,-0.6473594548552009,,,,0.13628620102215105,-0.9540034071550241,,
2026-08-17,9401,stop,False,,,,,,,,-0.6926845750971466,-1.7739483020780544
2026-08-17,1786,market,True,351.0,1.139601139601143,,,,2.8490028490028463,-0.2849002849002802,,
2026-08-17,1786,limit,True,351.0,1.139601139601143,,,,2.8490028490028463,-0.2849002849002802,,
2026-08-17,1786,stop,True,358.043,-0.8498979172892662,,,,0.8258784559396437,-2.2463782283133615,,
2026-08-17,1377,market,True,4380.0,1.82648401826484,,,,2.0547945205479534,-0.45662100456621557,,
2026-08-17,1377,limit,False,,,,,,,,2.0547945205479534,-0.45662100456621557
2026-08-17,1377,stop,True,4437.909,0.4977794722694995,,,,0.7231108163777256,-1.7555339688127836,,
2026-08-17,9960,market,True,3880.0,-2.3195876288659822,,,,0.3865979381443285,-2.3195876288659822,,
2026-08-17,9960,limit,True,3833.9875,-1.1473042100424213,,,,1.591358865932646,-1.1473042100424213,,
2026-08-17,9960,stop,True,3883.579,-2.409607220556098,,,,0.29408439998259706,-2.409607220556098,,
2026-08-17,3299,market,True,1735.0,-0.8645533141210415,,,,0.34582132564842105,-1.3256484149855918,,
2026-08-17,3299,limit,True,1735.0,-0.8645533141210415,,,,0.34582132564842105,-1.3256484149855918,,
2026-08-17,3299,stop,False,,,,,,,,-0.05740528128588274,-1.7221584385763489
2026-08-17,4022,market,True,2535.0,-3.668639053254441,,,,1.4990138067061176,-3.747534516765283,,
2026-08-17,4022,limit,False,,,,,,,,1.4990138067061176,-3.747534516765283
2026-08-17,4022,stop,True,2559.462,-4.5893238500903655,,,,0.5289392848965901,-4.667465271998572,,
2026-08-17,3856,market,True,375.0,1.333333333333342,,,,2.9333333333333433,-1.3333333333333308,,
2026-08-17,3856,limit,False,,,,,,,,4.043126684636111,-0.26954177897574594
2026-08-17,3856,stop,True,378.08,0.5078290308929478,,,,2.094794752433349,-2.137113838341087,,
2026-08-17,3915,market,True,2425.0,-3.05154639175258,,,,0.577319587628855,-3.5051546391752564,,
2026-08-17,3915,limit,False,,,,,,,,-0.12285012285012664,-4.176904176904173
2026-08-17,3915,stop,False,,,,,,,,-0.12285012285012664,-4.176904176904173
2026-08-17,7794,market,True,975.0,-1.025641025641022,,,,0.3076923076922977,-3.076923076923077,,
2026-08-17,7794,limit,False,,,,,,,,0.8247422680412342,-2.577319587628868
2026-08-17,7794,stop,False,,,,,,,,0.8247422680412342,-2.577319587628868
2026-08-17,7613,market,True,1661.0,0.0,,,,1.5653220951234115,-0.7224563515954241,,
2026-08-17,7613,limit,False,,,,,,,,0.6563245823389074,-1.610978520286399
2026-08-17,7613,stop,True,1686.623,-1.5191895284245582,,,,0.022352357343646823,-2.2306703987791,,
2026-08-17,7912,market,True,3316.0,-0.2714113389626016,,,,0.15078407720143794,-1.5983112183353465,,
2026-08-17,7912,limit,False,,,,,,,,0.06025911419103025,-1.6872551973486027
2026-08-17,7912,stop,False,,,,,,,,0.06025911419103025,-1.6872551973486027
2026-08-17,7970,market,True,2358.0,-1.3570822731128085,,,,0.8481764206955011,-1.3570822731128085,,
2026-08-17,7970,limit,False,,,,,,,,1.191489361702125,-1.02127659574468
2026-08-17,7970,stop,True,2358.818,-1.3912900444205567,,,,0.8132039012759718,-1.3912900444205567,,
2026-08-17,7220,market,True,3725.0,-2.8187919463087296,,,,2.684563758389258,-4.4295302013422795,,
2026-08-17,7220,limit,False,,,,,,,,3.7991858887381325,-3.3921302578018953
2026-08-17,7220,stop,True,3797.46,-4.673123614205288,,,,0.725221595487513,-6.253127090212929,,
2026-08-17,6387,market,True,10550.0,-5.497630331753555,,,,3.791469194312791,-5.687203791469198,,
2026-08-17,6387,limit,False,,,,,,,,2.8169014084507005,-6.572769953051639
2026-08-17,6387,stop,True,10786.435,-7.569090250856747,,,,1.5163953613960501,-7.754508324576193,,
2026-08-17,6407,market,True,6160.0,-4.870129870129869,,,,1.9480519480519431,-5.032467532467533,,
2026-08-17,6407,limit,True,5862.427500000001,-0.041407761545886324,,,,7.122859941551507,-0.2119855640005941,,
2026-08-17,6407,stop,False,,,,,,,,0.9646302250803762,-5.9485530546623755
2026-08-17,5802,market,True,2561.0,-5.525185474424054,,,,0.8980866848887104,-6.188988676298324,,
2026-08-17,5802,limit,False,,,,,,,,4.488475535786485,-2.850788515972502
2026-08-17,5802,stop,True,2561.0,-5.525185474424054,,,,0.8980866848887104,-6.188988676298324,,
2026-08-17,6882,market,True,1241.0,-0.3223207091055613,,,,2.98146655922642,-0.725221595487513,,
2026-08-17,6882,limit,False,,,,,,,,1.5898251192368873,-2.0667726550079535
2026-08-17,6882,stop,True,1264.161,-2.148539624304191,,,,1.0947181569436193,-2.544058865919774,,
2026-08-17,6862,market,True,3925.0,-2.0382165605095537,,,,7.770700636942673,-5.4777070063694255,,
2026-08-17,6862,limit,False,,,,,,,,7.770700636942673,-5.4777070063694255
2026-08-17,6862,stop,True,4044.503,-4.93269506784888,,,,4.58639788374493,-8.270558830096064,,
2026-08-17,6859,market,True,4240.0,-2.1226415094339646,,,,0.5896226415094352,-2.358490566037741,,
2026-08-17,6859,limit,False,,,,,,,,-0.4667444574095736,-3.3838973162193753
2026-08-17,6859,stop,False,,,,,,,,-0.4667444574095736,-3.3838973162193753
2026-08-17,6800,market,True,4435.0,-4.7350620067643785,,,,2.7057497181510737,-5.6369785794814,,
2026-08-17,6800,limit,False,,,,,,,,2.474690663667034,-5.849268841394828
2026-08-17,6800,stop,True,4493.241,-5.96987786766835,,,,1.3744867012474904,-6.860103876021784,,
2026-08-17,6817,market,True,1275.0,-0.9411764705882342,,,,1.0196078431372602,-1.17647058823529,,
2026-08-17,6817,limit,False,,,,,,,,1.4972419227738287,-0.7092198581560294
2026-08-17,6817,stop,True,1287.663,-1.915330330994991,,,,0.02617144392593751,-2.148310543985499,,
2026-08-17,5243,market,True,2557.0,0.5084082909659671,,,,3.2850997262416914,-1.0559249120062564,,
2026-08-17,5243,limit,False,,,,,,,,2.6428293820442983,-1.671200932763306
2026-08-17,5243,stop,True,2614.686,-1.7090388673821733,,,,1.0063923545695186,-3.238859274115524,,
2026-08-17,5201,market,True,5981.0,-0.7858217689349578,,,,1.337568968399938,-0.7858217689349578,,
2026-08-17,5201,limit,False,,,,,,,,1.0840560373582386,-1.0340226817878606
2026-08-17,5201,stop,True,6045.112,-1.8380470039264796,,,,0.2628239145941347,-1.8380470039264796,,
2026-08-17,1979,market,True,4200.0,-3.0952380952380953,,,,0.0,-3.3333333333333326,,
2026-08-17,1979,limit,True,4138.7699999999995,-1.6616047762982644,,,,1.479425046571814,-1.9032224549805798,,
2026-08-17,1979,stop,True,4200.0,-3.0952380952380953,,,,0.0,-3.3333333333333326,,
2026-08-17,5852,market,True,678.0,0.1474926253687281,,,,0.2949852507374562,-1.179941002949858,,
2026-08-17,5852,limit,True,677.055,0.28727355975513014,,,,0.4349720480610886,-1.042012834998629,,
2026-08-17,5852,stop,False,,,,,,,,0.2949852507374562,-1.179941002949858
2026-08-17,6264,market,True,2249.0,-2.178746109381946,,,,1.2894619831036014,-2.5344597598932816,,
2026-08-17,6264,limit,False,,,,,,,,2.0609318996415826,-1.7921146953404965
2026-08-17,6264,stop,True,2255.03,-2.440322301698883,,,,1.0186117257863447,-2.7950847660563327,,
2026-08-17,6616,market,True,2149.0,-4.885993485342022,,,,0.7910656119125115,-4.885993485342022,,
2026-08-17,6616,limit,False,,,,,,,,0.3242241778601107,-5.326540064844831
2026-08-17,6616,stop,False,,,,,,,,0.3242241778601107,-5.326540064844831
2026-08-17,6617,market,True,7930.0,-1.7654476670870167,,,,2.648171500630525,-1.7654476670870167,,
2026-08-17,6617,limit,False,,,,,,,,4.092071611253201,-0.38363171355498826
2026-08-17,6617,stop,True,8086.474,-3.6662950996936394,,,,0.6619201397296326,-3.6662950996936394,,
2026-08-17,6196,market,True,1340.0,-0.8208955223880543,,,,0.14925373134329067,-0.8955223880596996,,
2026-08-17,6196,limit,False,,,,,,,,-0.14880952380952328,-1.1904761904761862
2026-08-17,6196,stop,False,,,,,,,,-0.14880952380952328,-1.1904761904761862
2026-08-17,9743,market,True,1478.0,0.0,,,,0.8119079837618504,-0.4059539918809252,,
2026-08-17,9743,limit,False,,,,,,,,0.7437457741717335,-0.47329276538201626
2026-08-17,9743,stop,True,1483.783,-0.38974701826344216,,,,0.41899657834063575,-0.7941188165654922,,
2026-08-17,9511,market,True,1125.0,0.9777777777777885,,,,2.5777777777777677,-0.1777777777777767,,
2026-08-17,9511,limit,False,,,,,,,,1.050788091068311,-1.6637478108581405
2026-08-17,9511,stop,True,1144.681,-0.7583772247464649,,,,0.8141132769741155,-1.8940648093224266,,
2026-08-17,6433,market,True,1006.0,3.280318091451284,,,,3.976143141153088,-0.5964214711729587,,
2026-08-17,6433,limit,False,,,,,,,,1.553398058252431,-2.9126213592232997
2026-08-17,6433,stop,False,,,,,,,,1.553398058252431,-2.9126213592232997
2026-08-17,2533,market,True,472.0,-0.8474576271186418,,,,0.21186440677967155,-1.0593220338983023,,
2026-08-17,2533,limit,False,,,,,,,,-0.42105263157894424,-1.684210526315788
2026-08-17,2533,stop,False,,,,,,,,-0.42105263157894424,-1.684210526315788
2026-08-17,9551,market,True,3215.0,-1.5552099533437058,,,,0.9331259720062102,-1.5552099533437058,,
2026-08-17,9551,limit,False,,,,,,,,0.15432098765431057,-2.314814814814814
2026-08-17,9551,stop,False,,,,,,,,0.15432098765431057,-2.314814814814814
2026-08-17,7717,market,True,6010.0,-1.830282861896837,,,,3.993344425956735,-2.66222961730449,,
2026-08-17,7717,limit,False,,,,,,,,2.796052631578938,-3.7828947368421018
2026-08-17,7717,stop,True,6175.886,-4.467148519257003,,,,1.2000545346853908,-5.276748955534483,,
2026-08-17,7564,market,True,6210.0,1.2882447665056418,,,,2.254428341384873,-0.8051529790660261,,
2026-08-17,7564,limit,False,,,,,,,,2.4193548387096753,-0.6451612903225823
2026-08-17,7564,stop,True,6349.874,-0.9429163476314617,,,,0.001984291341838862,-2.990201065406961,,
2026-08-17,4246,market,True,1124.0,1.6903914590747249,,,,2.313167259786475,-0.4448398576512469,,
2026-08-17,4246,limit,False,,,,,,,,1.7699115044247815,-0.9734513274336276
2026-08-17,4246,stop,True,1138.388,0.40513427759252263,,,,1.0200388619697298,-1.703110011700748,,
2026-08-17,8359,market,True,2749.5,-0.7092198581560294,,,,1.091107474086206,-1.0547372249499865,,
2026-08-17,8359,limit,False,,,,,,,,2.1311776593790244,-0.036744442403091604
2026-08-17,8359,stop,True,2749.5,-0.7092198581560294,,,,1.091107474086206,-1.0547372249499865,,
2026-08-17,7245,market,True,1400.0,-1.8571428571428572,,,,1.928571428571435,-2.571428571428569,,
2026-08-17,7245,limit,False,,,,,,,,2.514367816091956,-2.011494252873558
2026-08-17,7245,stop,True,1407.097,-2.3521477197378737,,,,1.4144724919461948,-3.0628307785461772,,
2026-08-17,4392,market,True,1200.0,10.416666666666675,,,,14.749999999999996,-1.2499999999999956,,
2026-08-17,4392,limit,False,,,,,,,,11.951219512195133,-3.658536585365857
2026-08-17,4392,stop,True,1289.407,2.760416222340978,,,,6.793277840123402,-8.097288133227131,,
2026-08-17,7966,market,True,6200.0,-2.4193548387096753,,,,0.3225806451612856,-2.741935483870972,,
2026-08-17,7966,limit,True,6107.9825,-0.9492905390609763,,,,1.8339525367009557,-1.2767309009153238,,
2026-08-17,7966,stop,False,,,,,,,,0.3225806451612856,-2.741935483870972
2026-08-17,4063,market,True,6343.0,-1.5923064795837938,,,,0.9774554627147936,-1.9233801040517085,,
2026-08-17,4063,limit,False,,,,,,,,0.3132341425215346,-2.568519968676586
2026-08-17,4063,stop,False,,,,,,,,0.3132341425215346,-2.568519968676586
2026-08-17,3284,market,True,1289.0,1.0861132660977546,,,,1.2412723041117069,0.0,,
2026-08-17,3284,limit,False,,,,,,,,0.694444444444442,-0.5401234567901203
2026-08-17,3284,stop,True,1299.964,0.23354492893650214,,,,0.3873953432556698,-0.8434079712976605,,
2026-08-17,3436,market,True,4131.0,-8.303074316146208,,,,1.137739046235775,-8.448317598644394,,
2026-08-17,3436,limit,False,,,,,,,,2.881063777394721,-6.870229007633588
2026-08-17,3436,stop,False,,,,,,,,2.881063777394721,-6.870229007633588
2026-08-17,3443,market,True,1415.0,0.7773851590106018,,,,1.6961130742049413,-0.9893992932862195,,
2026-08-17,3443,limit,False,,,,,,,,1.6961130742049413,-0.9893992932862195
2026-08-17,3443,stop,False,,,,,,,,1.6961130742049413,-0.9893992932862195
2026-08-17,9412,market,True,2363.0,-1.354210749047824,,,,3.4701650444350474,-2.3698688108336863,,
2026-08-17,9412,limit,False,,,,,,,,3.3826638477801207,-2.4524312896405887
2026-08-17,9412,stop,True,2408.936,-3.2352872803594668,,,,1.4970924922870443,-4.231577758811367,,
2026-08-17,6327,market,True,4110.0,-4.257907542579076,,,,0.0,-9.97566909975669,,
2026-08-17,6327,limit,False,,,,,,,,3.1367628607277265,-7.151819322459218
2026-08-17,6327,stop,True,4110.0,-4.257907542579076,,,,0.0,-9.97566909975669,,
2026-08-17,6506,market,True,5452.0,-5.154071900220103,,,,0.44020542920029104,-5.154071900220103,,
2026-08-17,6506,limit,False,,,,,,,,0.07309941520468044,-5.500730994152048
2026-08-17,6506,stop,False,,,,,,,,0.07309941520468044,-5.500730994152048
2026-08-17,6383,market,True,6333.0,-2.6685615032370102,,,,0.2368545712932324,-3.3159639981051647,,
2026-08-17,6383,limit,False,,,,,,,,0.01575547502756791,-3.5292264061761447
2026-08-17,6383,stop,False,,,,,,,,0.01575547502756791,-3.5292264061761447
2026-08-17,6613,market,True,2080.0,0.5288461538461631,,,,10.52884615384615,-3.125,,
2026-08-17,6613,limit,False,,,,,,,,10.369659145463284,-3.2645223235717724
2026-08-17,6613,stop,True,2149.899,-2.7396170703833045,,,,6.935256028306447,-6.274666856443023,,
2026-08-17,6145,market,True,2520.0,-3.8492063492063466,,,,0.15873015873015817,-4.285714285714281,,
2026-08-17,6145,limit,True,2474.255,-2.0715326431592573,,,,2.010504171962868,-2.516110910152758,,
2026-08-17,6145,stop,False,,,,,,,,0.15873015873015817,-4.285714285714281
2026-08-17,6232,market,True,1762.0,-2.4404086265607305,,,,1.3620885357548351,-2.894438138479005,,
2026-08-17,6232,limit,False,,,,,,,,1.1325028312570762,-3.1143827859569595
2026-08-17,6232,stop,False,,,,,,,,1.1325028312570762,-3.1143827859569595
2026-08-17,6762,market,True,3238.0,-3.057442865966642,,,,1.914762198888198,-3.6751080914144585,,
2026-08-17,6762,limit,False,,,,,,,,1.726263871763245,-3.8532675709001207
2026-08-17,6762,stop,False,,,,,,,,1.726263871763245,-3.8532675709001207
2026-08-17,6674,market,True,5685.0,-2.919964819700971,,,,1.4775725593667577,-2.919964819700971,,
2026-08-17,6674,limit,False,,,,,,,,1.5490230593205423,-2.851610631931001
2026-08-17,6674,stop,True,5764.047,-4.251301212498781,,,,0.08592920911298929,-4.251301212498781,,
2026-08-17,3196,market,True,1629.0,0.18416206261511192,,,,0.798035604665448,-1.1663597298956385,,
2026-08-17,3196,limit,False,,,,,,,,1.0461538461538522,-0.9230769230769265
2026-08-17,3196,stop,True,1639.84,-0.4780954239437918,,,,0.13172016782125873,-1.8196897258269007,,
2026-08-17,3186,market,True,3650.0,-1.2328767123287676,,,,0.273972602739736,-1.5068493150684925,,
2026-08-17,3186,limit,False,,,,,,,,0.9655172413793212,-0.8275862068965467
2026-08-17,3186,stop,False,,,,,,,,0.9655172413793212,-0.8275862068965467
2026-08-17,6986,market,True,679.0,-1.3254786450662692,,,,2.503681885125175,-1.3254786450662692,,
2026-08-17,6986,limit,False,,,,,,,,1.4577259475218707,-2.3323615160349864
2026-08-17,6986,stop,True,691.026,-3.0427219815173268,,,,0.7197992550207921,-3.0427219815173268,,
2026-08-17,6981,market,True,8290.0,-9.577804583835947,,,,0.8926417370325623,-10.012062726176119,,
2026-08-17,6981,limit,False,,,,,,,,0.8926417370325623,-10.012062726176119
2026-08-17,6981,stop,False,,,,,,,,0.8926417370325623,-10.012062726176119
2026-08-17,6976,market,True,11230.0,-11.03294746215494,,,,2.404274265360651,-12.876224398931434,,
2026-08-17,6976,limit,True,9981.23,0.09788372775700882,,,,15.216260921750123,-1.9760089688344973,,
2026-08-17,6976,stop,False,,,,,,,,1.814962372731288,-13.377600708278003
2026-08-17,6966,market,True,984.0,-1.8292682926829285,,,,1.8292682926829285,-2.3373983739837345,,
2026-08-17,6966,limit,False,,,,,,,,2.5588536335721557,-1.6376663254861867
2026-08-17,6966,stop,True,988.663,-2.2922876652610613,,,,1.348993539760257,-2.7980211659584753,,
2026-08-17,7164,market,True,3121.0,0.5126561999359236,,,,1.12143543735983,-0.4806151874399256,,
2026-08-17,7164,limit,False,,,,,,,,0.5415737496017758,-1.0512902198152263
2026-08-17,7164,stop,True,3149.984,-0.41219256986702035,,,,0.1909850970671645,-1.3963245527596313,,
2026-08-17,6962,market,True,811.0,0.0,,,,3.5758323057953234,-0.4932182490752113,,
2026-08-17,6962,limit,False,,,,,,,,3.0674846625766916,-0.9815950920245453
2026-08-17,6962,stop,False,,,,,,,,3.0674846625766916,-0.9815950920245453
2026-08-17,6965,market,True,2621.0,-2.9759633727584944,,,,0.9729111026325787,-3.987027851964897,,
2026-08-17,6965,limit,False,,,,,,,,1.340225923798588,-3.637756078881871
2026-08-17,6965,stop,True,2627.557,-3.2180843270003145,,,,0.7209358350741768,-4.226625721154664,,
2026-08-17,6920,market,True,39290.0,-5.777551539832015,,,,0.7381012980402168,-6.5665563756681085,,
2026-08-17,6920,limit,True,38068.7225,-2.7548140077461314,,,,3.9698666011185324,-3.5691308002258393,,
2026-08-17,6920,stop,False,,,,,,,,0.8150789607743292,-6.495160468670402
2026-08-17,2982,market,True,428.0,-1.869158878504673,,,,0.4672897196261738,-2.8037383177570097,,
2026-08-17,2982,limit,False,,,,,,,,0.4672897196261738,-2.8037383177570097
2026-08-17,2982,stop,False,,,,,,,,0.4672897196261738,-2.8037383177570097
2026-08-17,2975,market,True,1621.0,-1.8507094386181366,,,,0.12338062924119875,-1.9740900678593465,,
2026-08-17,2975,limit,False,,,,,,,,0.30902348578492056,-1.792336217552537
2026-08-17,2975,stop,False,,,,,,,,0.30902348578492056,-1.792336217552537
2026-08-17,5838,market,True,6290.0,0.2861685214626375,,,,3.1160572337042947,-0.4769475357710662,,
2026-08-17,5838,limit,False,,,,,,,,4.276527331189706,0.6430868167202508
2026-08-17,5838,stop,True,6396.113,-1.377602303148806,,,,1.4053378981891074,-2.12805808777925,,
2026-08-17,3905,market,True,1823.0,-7.131102578167859,,,,9.544706527701585,-12.122874382885351,,
2026-08-17,3905,limit,True,1807.0,-6.308799114554509,,,,10.514665190924187,-11.344770337576094,,
2026-08-17,3905,stop,True,1976.234,-14.332007242057365,,,,1.0507864959311553,-18.936725104415775,,
2026-08-17,3968,market,True,645.0,-3.100775193798455,,,,0.6201550387596955,-3.4108527131782918,,
2026-08-17,3968,limit,False,,,,,,,,-0.9160305343511421,-4.885496183206106
2026-08-17,3968,stop,False,,,,,,,,-0.9160305343511421,-4.885496183206106
2026-08-17,6071,market,True,942.0,2.2292993630573354,,,,3.6093418259023347,-0.9554140127388533,,
2026-08-17,6071,limit,False,,,,,,,,3.8297872340425476,-0.7446808510638281
2026-08-17,6071,stop,True,957.53,0.5712614748363043,,,,1.9289212870615025,-2.561799630298789,,
2026-08-17,6890,market,True,9900.0,-5.353535353535355,,,,4.040404040404044,-5.454545454545457,,
2026-08-17,6890,limit,False,,,,,,,,5.641025641025643,-4.0000000000000036
2026-08-17,6890,stop,True,10119.844,-7.4096399114452645,,,,1.780225070663155,-7.50845566394106,,
2026-08-17,5344,market,True,62980.0,-6.31946649730073,,,,0.9050492219752293,-6.31946649730073,,
2026-08-17,5344,limit,False,,,,,,,,2.5330751855437317,-4.808002581477899
2026-08-17,5344,stop,False,,,,,,,,2.5330751855437317,-4.808002581477899
2026-08-17,2780,market,True,5330.0,3.1894934333958735,,,,4.878048780487809,-1.3133208255159512,,
2026-08-17,2780,limit,False,,,,,,,,5.07518796992481,-1.1278195488721776
2026-08-17,2780,stop,True,5432.24,1.247367568443214,,,,2.9041426741086562,-3.170699379997932,,
2026-08-17,6356,market,True,1398.0,-1.6452074391988591,,,,1.93133047210301,-1.6452074391988591,,
2026-08-17,6356,limit,False,,,,,,,,1.2073863636363535,-2.34375
2026-08-17,6356,stop,False,,,,,,,,1.2073863636363535,-2.34375
2026-08-17,6418,market,True,1304.0,-1.7638036809815905,,,,0.30674846625766694,-2.223926380368102,,
2026-08-17,6418,limit,False,,,,,,,,0.30674846625766694,-2.223926380368102
2026-08-17,6418,stop,False,,,,,,,,0.30674846625766694,-2.223926380368102
2026-08-17,9519,market,True,957.0,0.7314524555903867,,,,1.8808777429467183,-0.5224660397074143,,
2026-08-17,9519,limit,False,,,,,,,,2.848101265822778,0.42194092827003704
2026-08-17,9519,stop,True,965.942,-0.20104726784837545,,,,0.9377374624977453,-1.4433578827714344,,
2026-08-17,1860,market,True,1511.5,-1.091630830301027,,,,0.3307972213033361,-1.091630830301027,,
2026-08-17,1860,limit,False,,,,,,,,0.9990009990010096,-0.43290043290042934
2026-08-17,1860,stop,True,1515.377,-1.3446818844419561,,,,0.07410697140051159,-1.3446818844419561,,
2026-08-17,4082,market,True,2060.0,-3.9805825242718473,,,,2.184466019417486,-3.9805825242718473,,
2026-08-17,4082,limit,False,,,,,,,,0.9592326139088669,-5.131894484412469
2026-08-17,4082,stop,False,,,,,,,,0.9592326139088669,-5.131894484412469
2026-08-17,3891,market,True,7440.0,-5.645161290322576,,,,4.166666666666674,-5.913978494623651,,
2026-08-17,3891,limit,False,,,,,,,,3.471295060080104,-6.542056074766355
2026-08-17,3891,stop,True,7630.482,-8.000569295622473,,,,1.566323071072051,-8.262675935805886,,
2026-08-17,4061,market,True,3598.0,-2.8349082823791005,,,,1.1395219566425752,-3.140633685380767,,
2026-08-17,4061,limit,False,,,,,,,,0.9151414309484185,-3.355518580144201
2026-08-17,4061,stop,False,,,,,,,,0.9151414309484185,-3.355518580144201
2026-08-17,8343,market,True,8770.0,1.9384264538198304,,,,4.903078677309014,-0.34207525655644,,
2026-08-17,8343,limit,False,,,,,,,,4.903078677309014,-0.34207525655644
2026-08-17,8343,stop,True,8920.661,0.21678886799980646,,,,3.131371094585922,-2.0251974601433687,,
2026-08-17,4023,market,True,4505.0,1.442841287458374,,,,1.8867924528301883,-0.33296337402886067,,
2026-08-17,4023,limit,False,,,,,,,,1.661129568106312,-0.5537098560354337
2026-08-17,4023,stop,True,4559.603,0.22802423807510852,,,,0.6666589174539883,-1.5265144794404217,,
2026-08-17,4107,market,True,3850.0,-1.2987012987012991,,,,2.207792207792214,-1.558441558441559,,
2026-08-17,4107,limit,False,,,,,,,,2.207792207792214,-1.558441558441559
2026-08-17,4107,stop,True,3866.733,-1.7258238414703087,,,,1.765495574687992,-1.9844400945190688,,
2026-08-17,8331,market,True,2873.5,-1.2528275622063711,,,,0.6612145467200348,-1.3398294762484775,,
2026-08-17,8331,limit,False,,,,,,,,1.7232284156848854,-0.29892737823105087
2026-08-17,8331,stop,False,,,,,,,,1.7232284156848854,-0.29892737823105087
2026-08-17,3679,market,True,441.0,3.628117913832196,,,,3.628117913832196,-1.13378684807256,,
2026-08-17,3679,limit,False,,,,,,,,2.4663677130044803,-2.2421524663677084
2026-08-17,3679,stop,True,453.07,0.8674156311386794,,,,0.8674156311386794,-3.767629726090893,,
2026-08-17,9504,market,True,930.9000244140624,1.9121266866624742,,,,2.030289277390729,-0.010746226068325537,,
2026-08-17,9504,limit,False,,,,,,,,1.7134276925432346,-0.3212692447024157
2026-08-17,9504,stop,True,940.481,0.8739158161654714,,,,0.9908746474377228,-1.029368185750823,,
2026-08-17,8934,market,True,2468.0,0.16207455429497752,,,,0.9724473257698651,-0.5267423014586714,,
2026-08-17,8934,limit,True,2458.1499999999996,0.5634318491548607,,,,1.3770518479344407,-0.12814514980776792,,
2026-08-17,8934,stop,False,,,,,,,,1.0133765707336817,-0.4864207539521659
2026-08-17,3687,market,True,2313.0,-3.7613488975356657,,,,0.99437959360138,-3.8045827929096387,,
2026-08-17,3687,limit,False,,,,,,,,0.602928509905265,-4.177433247200691
2026-08-17,3687,stop,False,,,,,,,,0.602928509905265,-4.177433247200691
2026-08-17,5631,market,True,8100.0,1.925925925925931,,,,4.654320987654326,-0.5679012345679024,,
2026-08-17,5631,limit,False,,,,,,,,5.27819175360158,0.024838549428718437
2026-08-17,5631,stop,True,8107.329,1.8337852084206796,,,,4.5597138095666345,-0.6577875401380662,,
2026-08-17,6834,market,True,27100.0,-4.354243542435421,,,,4.243542435424352,-5.645756457564577,,
2026-08-17,6834,limit,False,,,,,,,,2.3550724637681153,-7.35507246376812
2026-08-17,6834,stop,True,27819.356,-6.827462145421337,,,,1.5480013268459603,-8.085578976019425,,
2026-08-17,6779,market,True,3210.0,-4.517133956386288,,,,5.919003115264787,-5.763239875389403,,
2026-08-17,6779,limit,False,,,,,,,,6.75039246467819,-5.023547880690737
2026-08-17,6779,stop,True,3389.059,-9.561916744441456,,,,0.3228329751709724,-10.742185367678758,,
2026-08-17,6768,market,True,816.0,-0.1225490196078427,,,,1.4705882352941124,-1.5931372549019662,,
2026-08-17,6768,limit,False,,,,,,,,0.9756097560975618,-2.073170731707319
2026-08-17,6768,stop,False,,,,,,,,0.9756097560975618,-2.073170731707319
2026-08-17,5706,market,True,32700.0,-8.073394495412845,,,,1.2844036697247763,-8.807339449541285,,
2026-08-17,5706,limit,False,,,,,,,,4.843304843304841,-5.603038936372274
2026-08-17,5706,stop,True,32700.0,-8.073394495412845,,,,1.2844036697247763,-8.807339449541285,,
2026-08-17,6363,market,True,3245.0,-1.3867488443759624,,,,1.5408320493066174,-2.003081664098616,,
2026-08-17,6363,limit,False,,,,,,,,0.0,-3.490136570561453
2026-08-17,6363,stop,False,,,,,,,,0.0,-3.490136570561453
2026-08-17,6339,market,True,1265.0,0.15810276679841806,,,,1.6600790513833896,-0.3162055335968361,,
2026-08-17,6339,limit,False,,,,,,,,1.2598425196850505,-0.7086614173228312
2026-08-17,6339,stop,True,1273.249,-0.4907916676156865,,,,1.001453761204596,-0.9620270661905073,,
2026-08-17,6474,market,True,5980.0,-3.17725752508361,,,,2.006688963210701,-3.5117056856187268,,
2026-08-17,6474,limit,False,,,,,,,,3.3898305084745672,-2.203389830508473
2026-08-17,6474,stop,True,5980.0,-3.17725752508361,,,,2.006688963210701,-3.5117056856187268,,
2026-08-17,6858,market,True,859.0,-1.5133876600698537,,,,0.93131548311991,-1.5133876600698537,,
2026-08-17,6858,limit,False,,,,,,,,0.93131548311991,-1.5133876600698537
2026-08-17,6858,stop,False,,,,,,,,0.93131548311991,-1.5133876600698537
2026-08-17,6622,market,True,14500.0,-2.965517241379312,,,,2.0000000000000018,-3.4482758620689613,,
2026-08-17,6622,limit,False,,,,,,,,1.719394773039884,-3.7138927097661645
2026-08-17,6622,stop,True,14681.681,-4.166287225556808,,,,0.7377833641801557,-4.643071866225679,,
2026-08-17,5331,market,True,3890.0,-2.4421593830334154,,,,1.5424164524421524,-2.8277634961439535,,
2026-08-17,5331,limit,False,,,,,,,,1.2820512820512775,-3.076923076923077
2026-08-17,5331,stop,True,3942.9,-3.751046184280604,,,,0.18007050647999012,-4.131476831773573,,
2026-08-17,8386,market,True,3140.0,-0.15923566878981443,,,,2.070063694267521,-0.6369426751592355,,
2026-08-17,8386,limit,False,,,,,,,,2.5600000000000067,-0.16000000000000458
2026-08-17,8386,stop,False,,,,,,,,2.5600000000000067,-0.16000000000000458
2026-08-17,8154,market,True,5100.0,-1.17647058823529,,,,1.764705882352935,-1.764705882352946,,
2026-08-17,8154,limit,False,,,,,,,,0.3868471953578423,-3.0947775628626717
2026-08-17,8154,stop,False,,,,,,,,0.3868471953578423,-3.0947775628626717
2026-08-17,7287,market,True,2659.0,-1.0530274539300444,,,,0.8649868371568337,-1.0530274539300444,,
2026-08-17,7287,limit,False,,,,,,,,1.3605442176870763,-0.5668934240362855
2026-08-17,7287,stop,True,2666.303,-1.3240430663731706,,,,0.5887177863881154,-1.3240430663731706,,
2026-08-17,7366,market,True,1843.0,-0.10851871947911151,,,,1.5735214324470892,-0.5968529571351078,,
2026-08-17,7366,limit,False,,,,,,,,1.5184381778741818,-0.6507592190889366
2026-08-17,7366,stop,True,1855.321,-0.7718879913502841,,,,0.8989819012451328,-1.256979250490886,,
2026-08-17,4203,market,True,7880.0,-1.9416243654822307,,,,0.5837563451776662,-3.439086294416238,,
2026-08-17,4203,limit,False,,,,,,,,0.5837563451776662,-3.439086294416238
2026-08-17,4203,stop,False,,,,,,,,0.5837563451776662,-3.439086294416238
2026-08-17,3810,market,True,240.0,0.0,,,,2.083333333333326,-7.916666666666671,,
2026-08-17,3810,limit,False,,,,,,,,7.456140350877183,-3.0701754385964897
2026-08-17,3810,stop,True,240.0,0.0,,,,2.083333333333326,-7.916666666666671,,
2026-08-17,1417,market,True,3556.0,-1.1811023622047223,,,,0.6749156355455588,-1.434195725534304,,
2026-08-17,1417,limit,False,,,,,,,,0.7882882882882969,-1.3231981981981944
2026-08-17,1417,stop,True,3572.792,-1.6455477956735187,,,,0.20174698107251476,-1.8974516288661647,,
2026-08-17,8338,market,True,772.0,0.38860103626943143,,,,3.4974093264248607,-1.2953367875647714,,
2026-08-17,8338,limit,False,,,,,,,,3.901170351105332,-0.910273081924573
2026-08-17,8338,stop,True,786.512,-1.4636776044103517,,,,1.5877697988079031,-3.1165449478202434,,
2026-08-17,6590,market,True,4595.0,-4.352557127312295,,,,4.02611534276387,-5.114254624591952,,
2026-08-17,6590,limit,True,4384.34,0.24313807779505758,,,,9.024391356509764,-0.5551576748153653,,
2026-08-17,6590,stop,False,,,,,,,,4.366812227074246,-4.8034934497816595
2026-08-17,5805,market,True,14800.0,-0.6756756756756799,,,,3.1081081081081097,-1.756756756756761,,
2026-08-17,5805,limit,False,,,,,,,,3.9509536784741117,-0.9536784741144388
2026-08-17,5805,stop,True,14922.19,-1.488990557016101,,,,2.263809802716632,-2.5612192312254423,,
2026-08-17,4825,market,True,2031.0,0.5416051206302397,,,,1.3786312161496728,-0.7877892663712416,,
2026-08-17,4825,limit,False,,,,,,,,0.14591439688715901,-1.9941634241245176
2026-08-17,4825,stop,False,,,,,,,,0.14591439688715901,-1.9941634241245176
2026-08-17,5332,market,True,6695.0,-5.003734129947723,,,,0.0,-5.063480209111281,,
2026-08-17,5332,limit,True,6505.962500000001,-2.243518925908361,,,,2.9056038979628163,-2.3050009894769685,,
2026-08-17,5332,stop,False,,,,,,,,0.5255255255255165,-4.5645645645645665
2026-08-17,5105,market,True,3786.0,-0.07923930269413404,,,,0.3697834125726329,-0.6339144215530945,,
2026-08-17,5105,limit,True,3786.0,-0.07923930269413404,,,,0.3697834125726329,-0.6339144215530945,,
2026-08-17,5105,stop,False,,,,,,,,-0.1051524710830698,-1.104100946372244
2026-08-17,4970,market,True,13290.0,-4.740406320541757,,,,0.3762227238525151,-6.320541760722342,,
2026-08-17,4970,limit,True,12499.685,1.2825523203184863,,,,6.722689411773186,-0.3974900167484141,,
2026-08-17,4970,stop,True,13290.0,-4.740406320541757,,,,0.3762227238525151,-6.320541760722342,,
2026-08-17,6941,market,True,9040.0,-2.986725663716816,,,,4.535398230088505,-3.207964601769908,,
2026-08-17,6941,limit,False,,,,,,,,4.535398230088505,-3.207964601769908
2026-08-17,6941,stop,True,9196.409,-4.6366902559466405,,,,2.757500237320887,-4.85416644692509,,
2026-08-17,7803,market,True,410.0,0.0,,,,2.4390243902439046,-1.9512195121951237,,
2026-08-17,7803,limit,False,,,,,,,,0.4784688995215225,-3.8277511961722466
2026-08-17,7803,stop,False,,,,,,,,0.4784688995215225,-3.8277511961722466
2026-08-17,4413,market,True,2844.0,3.4458509142053506,,,,4.711673699015462,-0.6680731364275716,,
2026-08-17,4413,limit,False,,,,,,,,4.089479203075852,-1.258301293254105
2026-08-17,4413,stop,True,2939.327,0.09093918437790283,,,,1.3157093443499024,-3.8895638355310624,,
2026-08-17,4575,market,True,801.0,1.1235955056179803,,,,7.740324594257175,-0.3745318352059934,,
2026-08-17,4575,limit,False,,,,,,,,6.543209876543199,-1.4814814814814836
2026-08-17,4575,stop,True,831.859,-2.627728978108068,,,,3.7435430764107824,-4.07028114139536,,
2026-08-17,4418,market,True,949.0,2.212855637513167,,,,6.217070600632235,0.0,,
2026-08-17,4418,limit,False,,,,,,,,4.564315352697101,-1.556016597510368
2026-08-17,4418,stop,True,1007.26,-3.6991442130135166,,,,0.07346663224987449,-5.784008101185389,,
2026-08-17,7381,market,True,1271.0,2.4390243902439046,,,,3.383162863886713,0.0,,
2026-08-17,7381,limit,False,,,,,,,,3.464566929133861,0.07874015748030594
2026-08-17,7381,stop,True,1307.345,-0.4088438782417825,,,,0.5090469615900872,-2.780061881140783,,
2026-08-17,7327,market,True,2547.0,0.3140950137416665,,,,1.609736945425988,-0.5889281507656108,,
2026-08-17,7327,limit,False,,,,,,,,2.739182215164737,0.5160778086542361
2026-08-17,7327,stop,True,2547.0,0.3140950137416665,,,,1.609736945425988,-0.5889281507656108,,
2026-08-17,1961,market,True,2538.0,-2.3246650906225352,,,,0.8274231678486954,-3.2702915681639078,,
2026-08-17,1961,limit,False,,,,,,,,1.2663237039968411,-2.8492283339928814
2026-08-17,1961,stop,False,,,,,,,,1.2663237039968411,-2.8492283339928814
2026-08-17,1946,market,True,2151.0,-1.0227801022780092,,,,0.8833100883310019,-1.0227801022780092,,
2026-08-17,1946,limit,False,,,,,,,,0.13844023996307797,-1.7535763728657172
2026-08-17,1946,stop,False,,,,,,,,0.13844023996307797,-1.7535763728657172
2026-08-17,9997,market,True,1032.0,0.6782945736434121,,,,1.9379844961240345,-0.19379844961240345,,
2026-08-17,9997,limit,False,,,,,,,,2.434274586173313,0.2921129503407949
2026-08-17,9997,stop,True,1035.215,0.36562453210202683,,,,1.6214023173930059,-0.5037600884840288,,
2026-08-17,9984,market,True,5801.0,0.4999138079641474,,,,7.395276676435092,-0.3447681434235461,,
2026-08-17,9984,limit,False,,,,,,,,5.844376486578318,-1.783893985728846
2026-08-17,9984,stop,True,6009.531,-2.987437788406444,,,,3.6686556737955067,-3.8028092375261835,,
2026-08-17,9956,market,True,3210.0,0.6230529595015577,,,,0.6230529595015577,-1.2461059190031154,,
2026-08-17,9956,limit,True,3183.3775,1.4645608320093872,,,,1.4645608320093872,-0.4202297716811798,,
2026-08-17,9956,stop,False,,,,,,,,0.6230529595015577,-1.2461059190031154
2026-08-17,9003,market,True,2534.5,1.0455711185638261,,,,1.4598540145985384,-0.27618859735648593,,
2026-08-17,9003,limit,False,,,,,,,,1.5399802566633758,-0.19743336623889718
2026-08-17,9003,stop,True,2549.078,0.46769851687551434,,,,0.8796121578076521,-0.8465021470508205,,
2026-08-17,9101,market,True,6501.0,4.353176434394701,,,,4.55314566989693,-0.09229349330872605,,
2026-08-17,9101,limit,False,,,,,,,,4.73035439137135,0.07704160246533309
2026-08-17,9101,stop,True,6526.38,3.947364388834229,,,,4.1465559774331195,-0.48081785001793387,,
2026-08-17,9075,market,True,6350.0,0.0,,,,1.2598425196850505,-0.7874015748031482,,
2026-08-17,9075,limit,False,,,,,,,,0.9419152276295195,-1.098901098901095
2026-08-17,9075,stop,False,,,,,,,,0.9419152276295195,-1.098901098901095
2026-08-17,9506,market,True,1265.5,3.2003160806005626,,,,4.306598182536536,-0.35559067562228597,,
2026-08-17,9506,limit,False,,,,,,,,5.011933174224348,0.31821797931583795
2026-08-17,9506,stop,True,1267.48,3.03910120869757,,,,4.143655126708112,-0.511250670622021,,
2026-08-17,3662,market,True,984.0,-1.0162601626016232,,,,0.304878048780477,-1.9308943089430874,,
2026-08-17,3662,limit,False,,,,,,,,0.6116207951070374,-1.6309887869520923
2026-08-17,3662,stop,True,984.0,-1.0162601626016232,,,,0.304878048780477,-1.9308943089430874,,
2026-08-17,9069,market,True,2306.5,1.5608064166485969,,,,2.05939735530023,-0.39020160416215477,,
2026-08-17,9069,limit,False,,,,,,,,1.904761904761898,-0.5411255411255422
2026-08-17,9069,stop,True,2327.877,0.6281689281693259,,,,1.1221812836331058,-1.3049228975585914,,
2026-08-17,7777,market,True,384.0,-1.5625,,,,1.302083333333326,-2.864583333333337,,
2026-08-17,7777,limit,False,,,,,,,,0.7772020725388629,-3.3678756476683946
2026-08-17,7777,stop,False,,,,,,,,0.7772020725388629,-3.3678756476683946
2026-08-17,3399,market,True,3800.0,-1.4473684210526305,,,,0.0,-3.026315789473688,,
2026-08-17,3399,limit,False,,,,,,,,0.0,-3.026315789473688
2026-08-17,3399,stop,False,,,,,,,,0.0,-3.026315789473688
2026-08-17,3444,market,True,1090.0,-3.8532110091743066,,,,3.669724770642202,-4.128440366972475,,
2026-08-17,3444,limit,False,,,,,,,,3.955841766329349,-3.863845446182157
2026-08-17,3444,stop,True,1099.801,-4.710033906133926,,,,2.7458603874701115,-4.982810526631631,,
2026-08-17,7735,market,True,14515.0,-5.649328281088528,,,,0.5167068549775999,-6.028246641405444,,
2026-08-17,7735,limit,False,,,,,,,,-0.17105713308245285,-6.671228190215528
2026-08-17,7735,stop,False,,,,,,,,-0.17105713308245285,-6.671228190215528
2026-08-17,7595,market,True,1328.0,-0.8283132530120474,,,,0.1506024096385561,-1.5060240963855387,,
2026-08-17,7595,limit,False,,,,,,,,-0.44910179640718084,-2.095808383233533
2026-08-17,7595,stop,False,,,,,,,,-0.44910179640718084,-2.095808383233533
2026-08-17,7826,market,True,9120.0,-5.263157894736848,,,,2.412280701754388,-5.263157894736848,,
2026-08-17,7826,limit,False,,,,,,,,1.9650655021834051,-5.676855895196509
2026-08-17,7826,stop,True,9285.314,-6.949834975963121,,,,0.5889515421880098,-6.949834975963121,,
2026-08-17,4222,market,True,713.0,-0.5610098176718092,,,,4.488078541374474,-1.2622720897615736,,
2026-08-17,4222,limit,False,,,,,,,,4.488078541374474,-1.2622720897615736
2026-08-17,4222,stop,True,741.445,-4.375914599194819,,,,0.4794691447106647,-5.050273452515031,,
2026-08-17,4272,market,True,2141.0,-1.0042036431574086,,,,0.04670714619336991,-1.4012143858010306,,
2026-08-17,4272,limit,False,,,,,,,,0.04670714619336991,-1.4012143858010306
2026-08-17,4272,stop,False,,,,,,,,0.04670714619336991,-1.4012143858010306
2026-08-17,8142,market,True,1410.0,0.0,,,,1.0638297872340496,-0.8510638297872353,,
2026-08-17,8142,limit,False,,,,,,,,0.21097046413502962,-1.6877637130801704
2026-08-17,8142,stop,False,,,,,,,,0.21097046413502962,-1.6877637130801704
2026-08-17,4109,market,True,5700.0,-2.631578947368418,,,,1.2280701754386003,-2.631578947368418,,
2026-08-17,4109,limit,False,,,,,,,,0.698080279232105,-3.141361256544506
2026-08-17,4109,stop,False,,,,,,,,0.698080279232105,-3.141361256544506
2026-08-17,4062,market,True,21900.0,-4.680365296803657,,,,1.963470319634708,-5.228310502283106,,
2026-08-17,4062,limit,False,,,,,,,,3.4754402224281833,-3.8229842446709905
2026-08-17,4062,stop,False,,,,,,,,3.4754402224281833,-3.8229842446709905
2026-08-17,8361,market,True,8200.0,0.4878048780487809,,,,2.3170731707317094,-0.12195121951219523,,
2026-08-17,8361,limit,False,,,,,,,,2.944785276073625,0.4907975460122671
2026-08-17,8361,stop,True,8342.3,-1.2262805221581519,,,,0.5717847595986703,-1.8256356160770926,,
2026-08-17,8344,market,True,4680.0,0.21367521367521292,,,,2.136752136752129,-0.3205128205128194,,
2026-08-17,8344,limit,False,,,,,,,,2.685284640171859,0.21482277121374072
2026-08-17,8344,stop,True,4754.546,-1.3575638977938231,,,,0.5353613152549119,-1.8833764569740286,,
2026-08-17,4021,market,True,8076.0,-0.21050024764734943,,,,1.4487369985141108,-0.7800891530460596,,
2026-08-17,4021,limit,False,,,,,,,,0.4290267222358368,-1.7773964206913462
2026-08-17,4021,stop,True,8183.177,-1.517466871363038,,,,0.12003895308632107,-2.079595736472517,,
2026-08-17,8388,market,True,9480.0,-0.21097046413501852,,,,1.371308016877637,-0.31645569620253333,,
2026-08-17,8388,limit,False,,,,,,,,2.3429179978700754,0.6389776357827559
2026-08-17,8388,stop,False,,,,,,,,2.3429179978700754,0.6389776357827559
2026-08-17,8392,market,True,2891.0,0.20754064337600298,,,,2.7672085783466027,-0.5880318228986492,,
2026-08-17,8392,limit,False,,,,,,,,3.8811188811188835,0.4895104895104918
2026-08-17,8392,stop,False,,,,,,,,3.8811188811188835,0.4895104895104918
2026-08-17,7867,market,True,3555.0,0.9282700421940904,,,,0.9563994374121032,-1.6877637130801704,,
2026-08-17,7867,limit,True,3510.81,2.1986379211635043,,,,2.2271213765484354,-0.45032342963589045,,
2026-08-17,7867,stop,False,,,,,,,,-0.3055555555555589,-2.9166666666666674
2026-08-17,7868,market,True,584.0,-0.5136986301369828,,,,0.5136986301369939,-1.7123287671232834,,
2026-08-17,7868,limit,False,,,,,,,,1.7331022530329365,-0.5199306759098743
2026-08-17,7868,stop,True,584.0,-0.5136986301369828,,,,0.5136986301369939,-1.7123287671232834,,
2026-08-17,8562,market,True,378.0,0.2645502645502562,,,,2.3809523809523725,-0.5291005291005346,,
2026-08-17,8562,limit,False,,,,,,,,2.110817941952514,-0.79155672823219
2026-08-17,8562,stop,True,383.093,-1.0684089764104288,,,,1.0198567971745787,-1.8515086415048065,,
2026-08-17,8524,market,True,1320.0,0.3030303030302939,,,,2.348484848484844,-0.2272727272727315,,
2026-08-17,8524,limit,False,,,,,,,,3.0511060259343914,0.4576659038901587
2026-08-17,8524,stop,True,1325.394,-0.10517627211229508,,,,1.9319538190153196,-0.633321110552787,,
2026-08-17,8399,market,True,3350.0,0.5970149253731405,,,,1.7910447761193993,-0.29850746268657025,,
2026-08-17,8399,limit,False,,,,,,,,3.0211480362537735,0.9063444108761365
2026-08-17,8399,stop,True,3366.188,0.11324382357729146,,,,1.3015315840945174,-0.7779719968106336,,
2026-08-17,2158,market,True,644.0,0.7763975155279601,,,,3.2608695652173836,-0.6211180124223614,,
2026-08-17,2158,limit,False,,,,,,,,3.2608695652173836,-0.6211180124223614
2026-08-17,2158,stop,True,661.069,-1.82567931637998,,,,0.5946429192716707,-3.1871105739340266,,
2026-08-17,2168,market,True,1630.0,0.797546012269934,,,,1.6564417177914015,-0.36809815950920033,,
2026-08-17,2168,limit,False,,,,,,,,1.0365853658536484,-0.9756097560975618
2026-08-17,2168,stop,True,1656.413,-0.80976181664838,,,,0.03543802179770683,-1.956818740253785,,
2026-08-17,7226,market,True,2349.0,0.04257130693912092,,,,0.638569604086836,-0.3405704555129896,,
2026-08-17,7226,limit,False,,,,,,,,0.4248088360237823,-0.5522514868309236
2026-08-17,7226,stop,False,,,,,,,,0.4248088360237823,-0.5522514868309236
2026-08-17,7256,market,True,471.0,-0.6369426751592355,,,,7.006369426751591,-3.821656050955413,,
2026-08-17,7256,limit,False,,,,,,,,8.855291576673864,-2.1598272138228958
2026-08-17,7256,stop,False,,,,,,,,8.855291576673864,-2.1598272138228958
2026-08-17,7280,market,True,1285.0,1.478599221789878,,,,2.490272373540847,-0.3112840466926059,,
2026-08-17,7280,limit,False,,,,,,,,2.490272373540847,-0.3112840466926059
2026-08-17,7280,stop,True,1292.961,0.8537767187100087,,,,1.859220811764617,-0.9250859074635631,,
2026-08-17,5844,market,True,5135.0,-2.2005842259006814,,,,0.5647517039922167,-2.6484907497565713,,
2026-08-17,5844,limit,False,,,,,,,,1.4339029660184632,-1.807110587310945
2026-08-17,5844,stop,True,5149.029,-2.467047670541389,,,,0.29075384892955913,-2.9137338321458373,,
2026-08-17,3110,market,True,3400.0,-5.588235294117649,,,,1.6176470588235237,-6.323529411764706,,
2026-08-17,3110,limit,False,,,,,,,,0.43604651162789665,-7.412790697674421
2026-08-17,3110,stop,False,,,,,,,,0.43604651162789665,-7.412790697674421
2026-08-17,5440,market,True,1989.0,0.5530417295123158,,,,1.3574660633484115,-0.6535947712418277,,
2026-08-17,5440,limit,False,,,,,,,,0.9009009009008917,-1.1011011011010985
2026-08-17,5440,stop,True,2013.213,-0.6563140611549834,,,,0.13843542635578743,-1.8484382924211173,,
2026-08-17,5463,market,True,1805.0,-1.7451523545706338,,,,0.5540166204986097,-2.216066481994461,,
2026-08-17,5463,limit,True,1773.6975,-0.011134931407408288,,,,2.328610149137611,-0.4903598274226595,,
2026-08-17,5463,stop,True,1810.223,-2.028645089582881,,,,0.26389013950214313,-2.4982004979496986,,
2026-08-17,5471,market,True,2508.5,-2.9300378712377895,,,,3.109427944987053,-3.029699023320709,,
2026-08-17,5471,limit,False,,,,,,,,2.2938501087601315,-3.7967174213960897
2026-08-17,5471,stop,True,2570.87,-5.284981348726303,,,,0.6079653969278898,-5.382224694364157,,
2026-08-17,5563,market,True,442.0,-0.9049773755656076,,,,1.3574660633484115,-1.3574660633484115,,
2026-08-17,5563,limit,False,,,,,,,,0.9009009009008917,-1.8018018018018056
2026-08-17,5563,stop,False,,,,,,,,0.9009009009008917,-1.8018018018018056
2026-08-17,5445,market,True,2020.0,0.544554455445545,,,,1.3861386138613874,-0.2970297029702973,,
2026-08-17,5445,limit,False,,,,,,,,1.285855588526208,-0.3956478733926794
2026-08-17,5445,stop,True,2033.311,-0.11365698606853325,,,,0.7224177708181401,-0.9497317429552066,,
2026-08-17,6875,market,True,11790.0,-1.8659881255301047,,,,0.7633587786259444,-2.459711620016969,,
2026-08-17,6875,limit,False,,,,,,,,0.7633587786259444,-2.459711620016969
2026-08-17,6875,stop,False,,,,,,,,0.7633587786259444,-2.459711620016969
2026-08-17,6905,market,True,1393.0,-1.2921751615218913,,,,0.0,-2.153625269203163,,
2026-08-17,6905,limit,False,,,,,,,,-0.14336917562723928,-2.2939068100358395
2026-08-17,6905,stop,False,,,,,,,,-0.14336917562723928,-2.2939068100358395
2026-08-17,6855,market,True,7530.0,-3.452855245683928,,,,1.8592297476759612,-3.7184594953519223,,
2026-08-17,6855,limit,False,,,,,,,,1.0540184453228019,-4.479578392621875
2026-08-17,6855,stop,False,,,,,,,,1.0540184453228019,-4.479578392621875
2026-08-17,2986,market,True,2855.0,-1.8563922942206657,,,,0.035026269702287394,-2.732049036777584,,
2026-08-17,2986,limit,False,,,,,,,,0.8474576271186418,-1.9420903954802227
2026-08-17,2986,stop,False,,,,,,,,0.8474576271186418,-1.9420903954802227
2026-08-17,1982,market,True,3055.0,-1.8003273322422242,,,,0.49099836333879043,-1.8003273322422242,,
2026-08-17,1982,limit,False,,,,,,,,1.9933554817275656,-0.33222591362126463
2026-08-17,1982,stop,False,,,,,,,,1.9933554817275656,-0.33222591362126463
2026-08-17,6994,market,True,1299.0,-5.388760585065433,,,,2.6943802925327276,-6.389530408006161,,
2026-08-17,6994,limit,False,,,,,,,,4.791830322073842,-4.477611940298509
2026-08-17,6994,stop,True,1299.0,-5.388760585065433,,,,2.6943802925327276,-6.389530408006161,,
2026-08-17,6999,market,True,2575.0,-5.048543689320384,,,,2.7184466019417375,-5.048543689320384,,
2026-08-17,6999,limit,False,,,,,,,,2.7583527583527667,-5.011655011655014
2026-08-17,6999,stop,True,2629.432,-7.014138414684224,,,,0.5920670319673693,-7.014138414684224,,
2026-08-17,4996,market,True,764.0,1.308900523560208,,,,2.2251308900523625,0.0,,
2026-08-17,4996,limit,False,,,,,,,,2.2251308900523625,0.0
2026-08-17,4996,stop,True,770.137,0.5015990661401792,,,,1.4105282566608368,-0.7968712060321681,,
2026-08-17,1975,market,True,4000.0,-1.749999999999996,,,,1.2499999999999956,-1.8750000000000044,,
2026-08-17,1975,limit,False,,,,,,,,2.7918781725888353,-0.3807106598984755
2026-08-17,1975,stop,False,,,,,,,,2.7918781725888353,-0.3807106598984755
2026-08-17,7071,market,True,409.0,3.4229828850855792,,,,4.1564792176039145,-2.689486552567233,,
2026-08-17,7071,limit,False,,,,,,,,2.4038461538461453,-4.326923076923073
2026-08-17,7071,stop,True,420.513,0.5914204792717426,,,,1.30483480891197,-5.353698934396789,,
2026-08-17,7014,market,True,4440.0,4.054054054054057,,,,5.180180180180183,-1.1261261261261257,,
2026-08-17,7014,limit,False,,,,,,,,3.5476718403547602,-2.6607538802660757
2026-08-17,7014,stop,True,4618.283,0.03717831930176718,,,,1.1198317643158706,-4.943027527763033,,
2026-08-17,7011,market,True,4340.0,0.691244239631339,,,,2.2811059907834164,-1.0599078341013812,,
2026-08-17,7011,limit,False,,,,,,,,2.045977011494249,-1.2873563218390838
2026-08-17,7011,stop,True,4378.318,-0.18998163221585207,,,,1.3859660262228513,-1.925808038612098,,
2026-08-17,6925,market,True,4347.0,-4.163791120312855,,,,1.5182884748102143,-4.347826086956519,,
2026-08-17,6925,limit,False,,,,,,,,1.262046810463513,-4.589261128958233
2026-08-17,6925,stop,False,,,,,,,,1.262046810463513,-4.589261128958233
2026-08-17,1980,market,True,2905.0,-2.409638554216864,,,,1.480206540447515,-3.098106712564541,,
2026-08-17,1980,limit,False,,,,,,,,1.4452856159669736,-3.131452167928428
2026-08-17,1980,stop,False,,,,,,,,1.4452856159669736,-3.131452167928428
2026-08-17,4973,market,True,4875.0,-0.41025641025641546,,,,1.1282051282051286,-1.3333333333333308,,
2026-08-17,4973,limit,False,,,,,,,,1.0245901639344357,-1.434426229508201
2026-08-17,4973,stop,False,,,,,,,,1.0245901639344357,-1.434426229508201
2026-08-17,6963,market,True,5290.0,-4.725897920604916,,,,1.6068052930056753,-4.725897920604916,,
2026-08-17,6963,limit,False,,,,,,,,2.59591525100209,-3.798434815804541
2026-08-17,6963,stop,True,5290.0,-4.725897920604916,,,,1.6068052930056753,-4.725897920604916,,
2026-08-17,5214,market,True,5180.0,-2.0270270270270285,,,,0.8880308880308885,-2.43243243243243,,
2026-08-17,5214,limit,False,,,,,,,,0.616095494801705,-2.695417789757415
2026-08-17,5214,stop,False,,,,,,,,0.616095494801705,-2.695417789757415
2026-08-17,5333,market,True,6138.0,-4.692082111436946,,,,0.3910068426197455,-5.05050505050505,,
2026-08-17,5333,limit,False,,,,,,,,0.6698251919621034,-4.7867995425584065
2026-08-17,5333,stop,True,6155.219,-4.958702525450354,,,,0.11016667319230233,-5.316122789457212,,
2026-08-17,5027,market,True,724.0,6.491712707182318,,,,7.734806629834257,-1.5193370165745845,,
2026-08-17,5027,limit,False,,,,,,,,7.883817427385886,-1.3831258644536604
2026-08-17,5027,stop,True,726.434,6.134900073509786,,,,7.373828868142196,-1.8493077141213066,,
2026-08-17,5801,market,True,4288.0,1.8656716417910557,,,,8.022388059701502,-1.2126865671641784,,
2026-08-17,5801,limit,False,,,,,,,,7.77105630525825,-1.4425314099581255
2026-08-17,5801,stop,True,4334.917,0.7631749350679451,,,,6.853256936637986,-2.281866065717064,,
2026-08-17,5817,market,True,1040.0,0.09615384615384581,,,,3.3653846153846256,-1.9230769230769273,,
2026-08-17,5817,limit,False,,,,,,,,3.3653846153846256,-1.9230769230769273
2026-08-17,5817,stop,True,1053.527,-1.1890535316133377,,,,2.0382012041456843,-3.182357927229207,,
2026-08-17,5830,market,True,4011.0,0.698080279232105,,,,2.642732485664423,0.0,,
2026-08-17,5830,limit,False,,,,,,,,2.7965043695380665,0.1498127340823885
2026-08-17,5830,stop,True,4087.602,-1.1890100846413065,,,,0.7191991783936036,-1.8740082816282033,,
2026-08-17,5831,market,True,3565.0,0.028050490883591017,,,,1.4866760168303017,-0.3085553997194901,,
2026-08-17,5831,limit,False,,,,,,,,1.9729425028184977,0.16910935738443378
2026-08-17,5831,stop,True,3592.494,-0.7374820946117189,,,,0.7099803089441359,-1.071511880047682,,
2026-08-17,5832,market,True,3562.0,-0.47725996631106105,,,,1.3475575519371175,-0.47725996631106105,,
2026-08-17,5832,limit,False,,,,,,,,2.2662889518413554,0.4249291784702569
2026-08-17,5832,stop,True,3589.832,-1.2488606709171846,,,,0.5618090205892656,-1.2488606709171846,,
2026-08-17,6166,market,True,650.0,-2.3076923076923106,,,,1.3846153846153841,-3.230769230769226,,
2026-08-17,6166,limit,False,,,,,,,,-0.15151515151514694,-4.696969696969699
2026-08-17,6166,stop,False,,,,,,,,-0.15151515151514694,-4.696969696969699
2026-08-17,6203,market,True,1538.0,-2.6007802340702213,,,,0.39011703511053764,-2.860858257477239,,
2026-08-17,6203,limit,False,,,,,,,,0.2597402597402487,-2.9870129870129825
2026-08-17,6203,stop,False,,,,,,,,0.2597402597402487,-2.9870129870129825
2026-08-17,6217,market,True,913.0,-3.176341730558596,,,,1.533406352683464,-3.943044906900328,,
2026-08-17,6217,limit,False,,,,,,,,-0.10775862068965747,-5.495689655172409
2026-08-17,6217,stop,False,,,,,,,,-0.10775862068965747,-5.495689655172409
2026-08-17,6135,market,True,16290.0,-0.7366482504604033,,,,1.0435850214855824,-0.9208103130755041,,
2026-08-17,6135,limit,False,,,,,,,,0.1825928180158254,-1.7650639074863084
2026-08-17,6135,stop,False,,,,,,,,0.1825928180158254,-1.7650639074863084
2026-08-17,3245,market,True,1153.0,-0.17346053772766545,,,,0.7805724197744945,-0.43365134431916363,,
2026-08-17,3245,limit,False,,,,,,,,0.3454231433505983,-0.8635578583765069
2026-08-17,3245,stop,False,,,,,,,,0.3454231433505983,-0.8635578583765069
2026-08-17,5991,market,True,3739.0,-1.6314522599625514,,,,1.55121690291522,-2.9419630917357553,,
2026-08-17,5991,limit,False,,,,,,,,1.1723954169997386,-3.304023447908344
2026-08-17,5991,stop,False,,,,,,,,1.1723954169997386,-3.304023447908344
2026-08-17,5803,market,True,6100.0,-3.245901639344262,,,,5.459016393442617,-3.7377049180327915,,
2026-08-17,5803,limit,False,,,,,,,,5.8407370845672935,-3.3892727871010164
2026-08-17,5803,stop,True,6120.826,-3.575105712856408,,,,5.100193993425073,-4.065235639764964,,
2026-08-17,6769,market,True,1148.0,0.5226480836237002,,,,2.3519163763066286,-2.2648083623693416,,
2026-08-17,6769,limit,False,,,,,,,,3.0701754385964897,-1.5789473684210575
2026-08-17,6769,stop,True,1152.429,0.13632076249381342,,,,1.9585588352948324,-2.640422967488676,,
2026-08-17,6777,market,True,20540.0,-3.748782862706912,,,,3.505355404089583,-3.748782862706912,,
2026-08-17,6777,limit,False,,,,,,,,3.606237816764124,-3.654970760233922
2026-08-17,6777,stop,True,20705.835,-4.519668006627109,,,,2.676371177496595,-4.519668006627109,,
2026-08-17,6754,market,True,3716.0,-5.489773950484389,,,,0.5113024757804174,-5.489773950484389,,
2026-08-17,6754,limit,True,3573.1600000000003,-1.7116501919869354,,,,4.529324183635763,-1.7116501919869354,,
2026-08-17,6754,stop,True,3729.044,-5.8203657559417366,,,,0.1597192202612785,-5.8203657559417366,,
2026-08-17,6745,market,True,2087.0,-4.120747484427412,,,,0.47915668423574864,-4.3603258265452745,,
2026-08-17,6745,limit,False,,,,,,,,0.47915668423574864,-4.3603258265452745
2026-08-17,6745,stop,False,,,,,,,,0.47915668423574864,-4.3603258265452745
2026-08-17,6723,market,True,3943.0,-3.4491503931016965,,,,2.7897539944204963,-3.728125792543746,,
2026-08-17,6723,limit,False,,,,,,,,4.647560030983744,-1.9881229021430413
2026-08-17,6723,stop,True,3961.754,-3.906199122913734,,,,2.3031717769452564,-4.183853919248892,,
2026-08-17,6535,market,True,509.0,0.5893909626718985,,,,1.1787819253438192,-0.7858546168958758,,
2026-08-17,6535,limit,False,,,,,,,,0.9803921568627416,-0.9803921568627416
2026-08-17,6535,stop,True,513.195,-0.23285495766717235,,,,0.3517181578152506,-1.5968588937928185,,
2026-08-17,6104,market,True,4280.0,-1.869158878504673,,,,0.3504672897196359,-3.0373831775700966,,
2026-08-17,6104,limit,False,,,,,,,,0.3504672897196359,-3.0373831775700966
2026-08-17,6104,stop,False,,,,,,,,0.3504672897196359,-3.0373831775700966
2026-08-17,6146,market,True,65820.0,-5.271953813430564,,,,0.0,-6.15314494074749,,
2026-08-17,6146,limit,False,,,,,,,,-0.1365498406918575,-6.281292671825211
2026-08-17,6146,stop,False,,,,,,,,-0.1365498406918575,-6.281292671825211
2026-08-17,6507,market,True,13530.0,-3.9911308203991136,,,,2.4390243902439046,-4.6563192904656265,,
2026-08-17,6507,limit,True,12942.49,0.36708546809771647,,,,7.089130453258985,-0.32829849588448257,,
2026-08-17,6507,stop,True,13771.564,-5.675201451338429,,,,0.6421638094264326,-6.328721995555487,,
2026-08-17,6306,market,True,1026.0,0.0,,,,0.7797270955165692,-0.8771929824561431,,
2026-08-17,6306,limit,False,,,,,,,,0.7797270955165692,-0.8771929824561431
2026-08-17,6306,stop,False,,,,,,,,0.7797270955165692,-0.8771929824561431
2026-08-17,6331,market,True,3345.0,-0.4484304932735439,,,,1.7937219730941756,-0.4484304932735439,,
2026-08-17,6331,limit,False,,,,,,,,2.0989505247376306,-0.14992503748125774
2026-08-17,6331,stop,True,3398.054,-2.00273450627918,,,,0.2044111129487547,-2.00273450627918,,
2026-08-17,9716,market,True,1210.0,-0.08264462809917106,,,,1.074380165289246,-0.24793388429752428,,
2026-08-17,9716,limit,False,,,,,,,,0.9075907590759158,-0.4125412541254092
2026-08-17,9716,stop,False,,,,,,,,0.9075907590759158,-0.4125412541254092
2026-08-17,9880,market,True,3810.0,-1.4435695538057791,,,,1.4435695538057791,-2.3622047244094446,,
2026-08-17,9880,limit,False,,,,,,,,0.0,-3.751617076325997
2026-08-17,9880,stop,False,,,,,,,,0.0,-3.751617076325997
2026-08-17,9509,market,True,1050.5,1.6182770109471667,,,,2.3798191337458308,0.0,,
2026-08-17,9509,limit,False,,,,,,,,1.7502365184484336,-0.6149479659413482
2026-08-17,9509,stop,True,1062.59,0.46207850629123026,,,,1.214955909617066,-1.1377859757761621,,
2026-08-17,6469,market,True,3025.0,3.305785123966931,,,,7.438016528925617,-0.33057851239669533,,
2026-08-17,6469,limit,False,,,,,,,,5.177993527508096,-2.4271844660194164
2026-08-17,6469,stop,True,3115.404,0.3080178365309827,,,,4.320338549992231,-3.2228243913148935,,
2026-08-17,9468,market,True,3484.0,1.320321469575192,,,,1.5499425947187229,-0.22962112514350874,,
2026-08-17,9468,limit,True,3484.0,1.320321469575192,,,,1.5499425947187229,-0.22962112514350874,,
2026-08-17,9468,stop,False,,,,,,,,0.425773488504122,-1.3340902639795593
2026-08-17,9119,market,True,1640.0,2.8048780487804903,,,,3.475609756097553,-0.060975609756097615,,
2026-08-17,9119,limit,False,,,,,,,,3.1610942249240104,-0.36474164133738496
2026-08-17,9119,stop,True,1654.519,1.9027282249403088,,,,2.5675740200021835,-0.9379765357786729,,
2026-08-17,9348,market,True,434.0,1.1520737327188835,,,,2.764976958525356,-1.1520737327188946,,
2026-08-17,9348,limit,False,,,,,,,,2.764976958525356,-1.1520737327188946
2026-08-17,9348,stop,True,436.443,0.5858726110855361,,,,2.1897475729935056,-1.7053773344972822,,
2026-08-17,9227,market,True,965.0,-0.5181347150259086,,,,5.181347150259064,-1.9689119170984481,,
2026-08-17,9227,limit,False,,,,,,,,5.509355509355518,-1.6632016632016633
2026-08-17,9227,stop,True,975.806,-1.619789179406561,,,,4.016577065523275,-3.0545005872068876,,
2026-08-17,1721,market,True,5386.0,-1.281099145933906,,,,0.42703304864464275,-1.9866320089119927,,
2026-08-17,1721,limit,False,,,,,,,,-0.14768321949418795,-2.547535536274692
2026-08-17,1721,stop,False,,,,,,,,-0.14768321949418795,-2.547535536274692
2026-08-17,1663,market,True,1938.0,-0.41279669762641635,,,,0.6191950464396356,-0.7223942208462342,,
2026-08-17,1663,limit,False,,,,,,,,0.25706940874035134,-1.0796915167095134
2026-08-17,1663,stop,False,,,,,,,,0.25706940874035134,-1.0796915167095134
2026-08-17,2730,market,True,2468.0,1.620745542949753,,,,2.4716369529983684,-0.32414910858995505,,
2026-08-17,2730,limit,False,,,,,,,,2.2644561261625507,-0.5256773150020266
2026-08-17,2730,stop,False,,,,,,,,2.2644561261625507,-0.5256773150020266
2026-08-17,6268,market,True,4992.0,-5.228365384615385,,,,0.36057692307691624,-5.5088141025641075,,
2026-08-17,6268,limit,False,,,,,,,,1.4580801944106936,-4.475496152288372
2026-08-17,6268,stop,False,,,,,,,,1.4580801944106936,-4.475496152288372
2026-08-17,6273,market,True,77420.0,-2.867476104365796,,,,0.6974941875484308,-4.688710927408934,,
2026-08-17,6273,limit,False,,,,,,,,0.45097281278185797,-4.922046128076274
2026-08-17,6273,stop,False,,,,,,,,0.45097281278185797,-4.922046128076274
2026-08-17,6923,market,True,3658.0,0.2186987424822373,,,,0.6014215418261415,-0.710770913067249,,
2026-08-17,6923,limit,False,,,,,,,,0.2178649237472685,-1.089324618736387
2026-08-17,6923,stop,False,,,,,,,,0.2178649237472685,-1.089324618736387
2026-08-17,6072,market,True,1141.0,0.08764241893075564,,,,4.5574057843996485,-0.7887817703768674,,
2026-08-17,6072,limit,False,,,,,,,,5.2028218694885275,-0.17636684303351524
2026-08-17,6072,stop,True,1165.078,-1.9808115851470909,,,,2.3965777398594845,-2.839123217501316,,
2026-08-17,6752,market,True,4750.0,-4.168421052631577,,,,1.452631578947372,-4.673684210526319,,
2026-08-17,6752,limit,False,,,,,,,,0.64745196324143,-5.430242272347541
2026-08-17,6752,stop,False,,,,,,,,0.64745196324143,-5.430242272347541
2026-08-17,6946,market,True,5910.0,-1.3536379018612488,,,,2.7072758037224975,-1.5228426395939132,,
2026-08-17,6946,limit,False,,,,,,,,1.5050167224080369,-2.6755852842809347
2026-08-17,6946,stop,False,,,,,,,,1.5050167224080369,-2.6755852842809347
2026-08-17,6996,market,True,3115.0,-8.154093097913318,,,,1.1235955056179803,-8.18619582664526,,
2026-08-17,6996,limit,False,,,,,,,,5.000000000000004,-4.666666666666663
2026-08-17,6996,stop,True,3117.831,-8.23748945981999,,,,1.0317749743331106,-8.26956303917692,,
2026-08-17,5253,market,True,1540.0,0.0,,,,2.012987012987022,-2.2727272727272707,,
2026-08-17,5253,limit,False,,,,,,,,2.1456436931079237,-2.145643693107935
2026-08-17,5253,stop,False,,,,,,,,2.1456436931079237,-2.145643693107935
2026-08-17,6666,market,True,854.0,-4.449648711943799,,,,1.7564402810304358,-4.683840749414525,,
2026-08-17,6666,limit,False,,,,,,,,2.5974025974025983,-3.8961038961038974
2026-08-17,6666,stop,True,855.012,-4.562742979045897,,,,1.6360004304033282,-4.796657824685491,,
2026-08-17,4588,market,True,3530.0,0.8498583569405138,,,,4.249291784702547,-2.5495750708215303,,
2026-08-17,4588,limit,False,,,,,,,,5.4441260744985565,-1.4326647564469885
2026-08-17,4588,stop,False,,,,,,,,5.4441260744985565,-1.4326647564469885
2026-08-17,7419,market,True,1295.0,0.0,,,,0.617760617760621,-1.0038610038610063,,
2026-08-17,7419,limit,True,1295.0,0.0,,,,0.617760617760621,-1.0038610038610063,,
2026-08-17,7419,stop,False,,,,,,,,0.38520801232666546,-1.2326656394452962
2026-08-17,8604,market,True,1555.0,-0.06430868167202064,,,,0.5144694533762095,-0.41800643086816747,,
2026-08-17,8604,limit,False,,,,,,,,0.25657472738935816,-0.6735086593970485
2026-08-17,8604,stop,False,,,,,,,,0.25657472738935816,-0.6735086593970485
2026-08-17,8002,market,True,4895.0,0.8784473953013183,,,,1.511746680285997,-0.7558733401429985,,
2026-08-17,8002,limit,True,4895.0,0.8784473953013183,,,,1.511746680285997,-0.7558733401429985,,
2026-08-17,8002,stop,False,,,,,,,,1.0575554199715231,-1.199918649583076
2026-08-17,8267,market,True,1350.0,0.11111111111110628,,,,0.7037037037036953,-1.3703703703703662,,
2026-08-17,8267,limit,True,1350.0,0.11111111111110628,,,,0.7037037037036953,-1.3703703703703662,,
2026-08-17,8267,stop,False,,,,,,,,-0.22018348623853434,-2.2752293577981697
2026-08-17,1950,market,True,3920.0,-1.5306122448979553,,,,1.5306122448979664,-1.5306122448979553,,
2026-08-17,1950,limit,True,3914.7125,-1.3976122129019664,,,,1.6677469929145428,-1.3976122129019664,,
2026-08-17,1950,stop,False,,,,,,,,0.8871989860582907,-2.154626108998736
2026-08-17,9107,market,True,3119.0,0.705354280218029,,,,2.0519397242706017,-0.06412311638345214,,
2026-08-17,9107,limit,False,,,,,,,,3.61328125,1.46484375
2026-08-17,9107,stop,True,3128.254,0.40744773282477276,,,,1.750049708239798,-0.3597533959838306,,
2026-08-17,6440,market,True,644.0,-1.3975155279503104,,,,0.7763975155279601,-2.1739130434782594,,
2026-08-17,6440,limit,False,,,,,,,,0.15432098765431057,-2.777777777777779
2026-08-17,6440,stop,False,,,,,,,,0.15432098765431057,-2.777777777777779
2026-08-17,9009,market,True,1273.5,1.2563800549666215,,,,2.0808794660384766,-0.8637612877895551,,
2026-08-17,9009,limit,False,,,,,,,,1.5625,-1.3671875
2026-08-17,9009,stop,True,1290.991,-0.11549267190863466,,,,0.6978360035042819,-2.2069092658275724,,
2026-08-17,3989,market,True,1492.0,0.33512064343164116,,,,0.40214477211795163,-1.407506702412864,,
2026-08-17,3989,limit,False,,,,,,,,0.20066889632106566,-1.6053511705685586
2026-08-17,3989,stop,False,,,,,,,,0.20066889632106566,-1.6053511705685586
2026-08-17,6653,market,True,2305.0,-2.689804772234272,,,,1.561822125813439,-2.7331887201735405,,
2026-08-17,6653,limit,False,,,,,,,,0.5584192439862523,-3.6941580756013725
2026-08-17,6653,stop,True,2339.822,-4.13800707917098,,,,0.05034571005828603,-4.180745372938633,,
2026-08-17,6101,market,True,6240.0,-7.211538461538458,,,,0.8012820512820484,-7.371794871794868,,
2026-08-17,6101,limit,True,5950.4275,-2.6960667952008466,,,,5.706690821793892,-2.864121947540743,,
2026-08-17,6101,stop,False,,,,,,,,0.8012820512820484,-7.371794871794868
2026-08-17,6594,market,True,2817.0,-0.2484913028043989,,,,1.0649627263045858,-1.2779552715655007,,
2026-08-17,6594,limit,False,,,,,,,,1.1367673179396132,-1.2078152753108307
2026-08-17,6594,stop,False,,,,,,,,1.1367673179396132,-1.2078152753108307
2026-08-17,6140,market,True,1307.0,-4.743687834736033,,,,0.0,-4.743687834736033,,
2026-08-17,6140,limit,False,,,,,,,,0.0,-4.743687834736033
2026-08-17,6140,stop,False,,,,,,,,0.0,-4.743687834736033
2026-08-17,6016,market,True,10030.0,1.5952143569292199,,,,4.586241276171488,-0.1994017946161497,,
2026-08-17,6016,limit,False,,,,,,,,5.42713567839197,0.6030150753768782
2026-08-17,6016,stop,True,10148.548,0.4084525195131361,,,,3.364540424896245,-1.3652002237167449,,
2026-08-17,6668,market,True,3900.0,-2.9487179487179493,,,,4.10256410256411,-3.3333333333333326,,
2026-08-17,6668,limit,False,,,,,,,,3.30788804071247,-4.071246819338425
2026-08-17,6668,stop,True,3964.625,-4.530693319040258,,,,2.4056499668947184,-4.9090393164548995,,
2026-08-17,8725,market,True,4915.0,1.4242115971515812,,,,1.4852492370295067,-0.3255340793489325,,
2026-08-17,8725,limit,False,,,,,,,,1.2791878172588866,-0.527918781725889
2026-08-17,8725,stop,False,,,,,,,,1.2791878172588866,-0.527918781725889
2026-08-17,8914,market,True,924.0,-2.056277056277056,,,,0.9740259740259827,-2.164502164502169,,
2026-08-17,8914,limit,True,911.9000000000001,-0.7566619146836429,,,,2.3138502028731134,-0.8663230617392381,,
2026-08-17,8914,stop,False,,,,,,,,1.413043478260878,-1.7391304347826098
2026-08-17,9502,market,True,2845.5,0.1581444385872377,,,,1.159725882973106,0.0,,
2026-08-17,9502,limit,False,,,,,,,,1.0177224074398916,-0.1403755044744659
2026-08-17,9502,stop,True,2869.002,-0.6623209046211831,,,,0.3310558863325985,-0.8191698716138895,,
2026-08-17,7172,market,True,2094.0,-0.3342884431709603,,,,0.3342884431709603,-0.7163323782234943,,
2026-08-17,7172,limit,False,,,,,,,,0.3822264691830002,-0.6688963210702337
2026-08-17,7172,stop,True,2097.39,-0.4953775883359768,,,,0.1721186808366637,-0.8768040278631983,,
2026-08-17,5367,market,True,1336.0,-5.613772455089816,,,,2.9940119760478945,-5.763473053892221,,
2026-08-17,5367,limit,False,,,,,,,,3.458646616541361,-5.338345864661653
2026-08-17,5367,stop,True,1342.126,-6.044588958115704,,,,2.523906101215534,-6.1936062634953775,,
2026-08-17,7476,market,True,2346.0,0.5328218243819238,,,,0.8951406649616356,-0.5328218243819238,,
2026-08-17,7476,limit,True,2346.0,0.5328218243819238,,,,0.8951406649616356,-0.5328218243819238,,
2026-08-17,7476,stop,False,,,,,,,,0.8736415938632058,-0.5540166204986097
2026-08-17,4385,market,True,4540.0,-1.4757709251101314,,,,1.4757709251101314,-1.4757709251101314,,
2026-08-17,4385,limit,False,,,,,,,,-0.065075921908897,-2.9718004338394777
2026-08-17,4385,stop,False,,,,,,,,-0.065075921908897,-2.9718004338394777
2026-08-17,4186,market,True,9700.0,-5.020618556701029,,,,0.3917525773195818,-5.1340206185567006,,
2026-08-17,4186,limit,False,,,,,,,,1.6811109950924052,-3.915631199749403
2026-08-17,4186,stop,False,,,,,,,,1.6811109950924052,-3.915631199749403
2026-08-17,7182,market,True,3271.0,1.864873127483957,,,,2.720880464689701,-0.09171507184346783,,
2026-08-17,7182,limit,False,,,,,,,,2.532804394263044,-0.27464144034177185
2026-08-17,7182,stop,True,3342.699,-0.32007069736162963,,,,0.5175757673664183,-2.2346911881686027,,
2026-08-17,7173,market,True,1808.0,-0.11061946902655162,,,,2.5995575221238854,-0.4424778761061954,,
2026-08-17,7173,limit,False,,,,,,,,3.170189098998888,0.11123470522802492
2026-08-17,7173,stop,True,1820.225,-0.7814967929788863,,,,1.910478100234858,-1.1111263717397568,,
2026-08-17,8016,market,True,763.0,0.3931847968545288,,,,0.7863695937090354,-0.3931847968545177,,
2026-08-17,8016,limit,False,,,,,,,,1.0512483574244502,-0.13140604467805073
2026-08-17,8016,stop,False,,,,,,,,1.0512483574244502,-0.13140604467805073
2026-08-17,8393,market,True,2531.0,-0.43461082576057297,,,,2.2915843540102676,-0.43461082576057297,,
2026-08-17,8393,limit,False,,,,,,,,3.1474103585657387,0.3984063745019917
2026-08-17,8393,stop,False,,,,,,,,3.1474103585657387,0.3984063745019917
2026-08-17,8367,market,True,1965.0,0.5597964376590436,,,,1.8829516539440094,0.0,,
2026-08-17,8367,limit,False,,,,,,,,2.0387359836901098,0.1529051987767538
2026-08-17,8367,stop,True,1984.265,-0.41652702638005357,,,,0.8937818285360111,-0.9708884649983762,,
2026-08-17,8354,market,True,7889.0,-1.5971606033717833,,,,0.392952211940667,-2.078843959944221,,
2026-08-17,8354,limit,False,,,,,,,,2.180363824022713,-0.3354405883111866
2026-08-17,8354,stop,True,7889.0,-1.5971606033717833,,,,0.392952211940667,-2.078843959944221,,
2026-08-17,8031,market,True,4793.0,1.6691007719590978,,,,2.2950135614437706,-0.37554767369080144,,
2026-08-17,8031,limit,True,4793.0,1.6691007719590978,,,,2.2950135614437706,-0.37554767369080144,,
2026-08-17,8031,stop,False,,,,,,,,2.231025854879065,-0.4378648874061697
2026-08-17,8336,market,True,2821.0,-0.17724211272598378,,,,1.4888337468982549,-0.8153137185395232,,
2026-08-17,8336,limit,False,,,,,,,,2.616487455197136,0.28673835125447855
2026-08-17,8336,stop,True,2841.059,-0.8820302570273997,,,,0.772282448199757,-1.5155968249867424,,
2026-08-17,4187,market,True,4990.0,-2.505010020040077,,,,1.002004008016022,-3.006012024048099,,
2026-08-17,4187,limit,False,,,,,,,,0.8000000000000007,-3.200000000000003
2026-08-17,4187,stop,False,,,,,,,,0.8000000000000007,-3.200000000000003
2026-08-17,7729,market,True,19570.0,-5.058763413387835,,,,0.0,-5.058763413387835,,
2026-08-17,7729,limit,False,,,,,,,,1.5568240788790932,-3.5806953814218945
2026-08-17,7729,stop,False,,,,,,,,1.5568240788790932,-3.5806953814218945
2026-08-17,7721,market,True,7630.0,1.4416775884665833,,,,4.587155963302747,-1.0484927916120546,,
2026-08-17,7721,limit,False,,,,,,,,2.570694087403602,-2.9562982005141403
2026-08-17,7721,stop,True,7849.621,-1.3965132838897554,,,,1.6609591724237482,-3.817012311804613,,
2026-08-17,4816,market,True,2823.0,0.24796315975912364,,,,1.2752391073326264,-1.381509032943673,,
2026-08-17,4816,limit,False,,,,,,,,1.6352648418058946,-1.0309278350515427
2026-08-17,4816,stop,False,,,,,,,,1.6352648418058946,-1.0309278350515427
2026-08-17,7380,market,True,2635.0,-0.189753320683117,,,,2.011385199240978,-0.8728652751423205,,
2026-08-17,7380,limit,False,,,,,,,,3.7437282902354374,0.8104978772674576
2026-08-17,7380,stop,True,2682.629,-1.961844146171532,,,,0.20021404376080465,-2.6328277223574337,,
2026-08-17,7189,market,True,4890.0,-0.3476482617586929,,,,1.0838445807771047,-0.5930470347648265,,
2026-08-17,7189,limit,False,,,,,,,,2.0437654830718355,0.35094962840627186
2026-08-17,7189,stop,True,4897.524,-0.5007428243332779,,,,0.9285508350750149,-0.7457645945175617,,
2026-08-17,8541,market,True,3190.0,4.0752351097178785,,,,4.858934169279006,0.0,,
2026-08-17,8541,limit,False,,,,,,,,4.858934169279006,0.0
2026-08-17,8541,stop,True,3232.907,2.693953151142292,,,,3.4672509911358285,-1.3271956168241172,,
2026-08-17,8600,market,True,1130.0,0.0,,,,2.123893805309729,-0.3539823008849585,,
2026-08-17,8600,limit,False,,,,,,,,2.7604630454140633,0.2671415850400649
2026-08-17,8600,stop,True,1147.592,-1.5329489923248119,,,,0.5583866042983887,-1.8815049250953342,,
2026-08-17,9303,market,True,4040.0,1.980198019801982,,,,2.3514851485148425,-0.12376237623762387,,
2026-08-17,9303,limit,False,,,,,,,,2.0987654320987703,-0.37037037037036535
2026-08-17,9303,stop,True,4134.231,-0.3442236294972312,,,,0.018600799036150306,-2.4002287245197373,,
2026-08-17,1934,market,True,2500.0,-0.6800000000000028,,,,1.4799999999999924,-0.7600000000000051,,
2026-08-17,1934,limit,False,,,,,,,,1.5612489991993606,-0.6805444355484358
2026-08-17,1934,stop,False,,,,,,,,1.5612489991993606,-0.6805444355484358
2026-08-17,1942,market,True,5737.0,-2.2137005403521037,,,,0.1568764162454217,-2.5100226599267916,,
2026-08-17,1942,limit,False,,,,,,,,0.1045296167247356,-2.5609756097561
2026-08-17,1942,stop,False,,,,,,,,0.1045296167247356,-2.5609756097561
2026-08-17,4004,market,True,17200.0,-1.3081395348837233,,,,4.418604651162794,-2.1511627906976694,,
2026-08-17,4004,limit,False,,,,,,,,4.418604651162794,-2.1511627906976694
2026-08-17,4004,stop,True,17479.907,-2.888499349567475,,,,2.7465420725636625,-3.7180232137390634,,
2026-08-17,1952,market,True,3195.0,-3.2863849765258246,,,,0.3129890453834161,-3.4428794992175327,,
2026-08-17,1952,limit,True,3144.455,-1.7317786389056233,,,,1.9254529004231191,-1.8907887058329687,,
2026-08-17,1952,stop,False,,,,,,,,1.2638230647709303,-2.5276461295418606
2026-08-17,9023,market,True,1439.5,0.06946856547411784,,,,0.6599513720041639,-0.590482806530046,,
2026-08-17,9023,limit,True,1439.5,0.06946856547411784,,,,0.6599513720041639,-0.590482806530046,,
2026-08-17,9023,stop,False,,,,,,,,0.2421307506053294,-1.003113109650644
2026-08-17,8360,market,True,7670.0,-1.6949152542372836,,,,0.6518904823989535,-1.8252933507170832,,
2026-08-17,8360,limit,False,,,,,,,,1.7127799736495364,-0.7905138339920903
2026-08-17,8360,stop,False,,,,,,,,1.7127799736495364,-0.7905138339920903
2026-08-17,8341,market,True,3912.0,0.0,,,,1.0480572597137083,-0.4856850715746375,,
2026-08-17,8341,limit,False,,,,,,,,1.8551919608348344,0.30919866013914277
2026-08-17,8341,stop,True,3940.692,-0.7280954715567778,,,,0.3123309307096367,-1.2102442921192558,,
2026-08-17,8035,market,True,60110.0,-6.205290301114619,,,,0.31608717351521154,-6.205290301114619,,
2026-08-17,8035,limit,False,,,,,,,,0.3494757863205189,-6.174072224995841
2026-08-17,8035,stop,False,,,,,,,,0.3494757863205189,-6.174072224995841
2026-08-17,8194,market,True,2588.0,0.9659969088098963,,,,1.584234930448214,-0.7341576506955216,,
2026-08-17,8194,limit,False,,,,,,,,1.7021276595744705,-0.6189555125725388
2026-08-17,8194,stop,False,,,,,,,,1.7021276595744705,-0.6189555125725388
2026-08-17,7911,market,True,5379.0,-3.309165272355452,,,,0.8551775422941166,-4.2387060791968745,,
2026-08-17,7911,limit,False,,,,,,,,-0.1472482974415601,-5.190502484815019
2026-08-17,7911,stop,False,,,,,,,,-0.1472482974415601,-5.190502484815019
2026-08-17,8544,market,True,2841.0,-0.14079549454417695,,,,2.428722280887019,-0.24639211545230966,,
2026-08-17,8544,limit,False,,,,,,,,3.928571428571437,1.2142857142857233
2026-08-17,8544,stop,True,2908.193,-2.4480149701206266,,,,0.06213480329537724,-2.551171810124031,,
2026-08-17,4549,market,True,2315.0,0.0,,,,1.3822894168466604,-1.6846652267818563,,
2026-08-17,4549,limit,False,,,,,,,,0.2134927412468013,-2.818104184457726
2026-08-17,4549,stop,False,,,,,,,,0.2134927412468013,-2.818104184457726
2026-08-17,6504,market,True,14775.0,-2.4703891708967807,,,,2.0304568527918843,-3.8578680203045668,,
2026-08-17,6504,limit,False,,,,,,,,0.7014028056112176,-5.110220440881763
2026-08-17,6504,stop,False,,,,,,,,0.7014028056112176,-5.110220440881763
2026-08-17,5711,market,True,5264.0,-0.3419452887537977,,,,4.78723404255319,-1.101823708206684,,
2026-08-17,5711,limit,False,,,,,,,,4.78723404255319,-1.101823708206684
2026-08-17,5711,stop,True,5428.192,-3.356403015958165,,,,1.6176288532166794,-4.0932966262063,,
2026-08-17,4617,market,True,3660.0,-1.912568306010931,,,,0.8196721311475308,-2.1857923497267784,,
2026-08-17,4617,limit,True,3599.085,-0.25242526920036257,,,,2.5260587065879303,-0.5302736667791907,,
2026-08-17,4617,stop,False,,,,,,,,0.8196721311475308,-2.1857923497267784
2026-08-17,7202,market,True,2251.5,-0.44414834554741267,,,,0.3109038418831922,-1.0215411947590458,,
2026-08-17,7202,limit,True,2251.5,-0.44414834554741267,,,,0.3109038418831922,-1.0215411947590458,,
2026-08-17,7202,stop,False,,,,,,,,-0.08847600088476293,-1.4156160141561624
2026-08-17,3252,market,True,2965.0,-0.9780775716694778,,,,0.03372681281619272,-1.1129848229342376,,
2026-08-17,3252,limit,False,,,,,,,,-0.10104412260020235,-1.2462108454024956
2026-08-17,3252,stop,False,,,,,,,,-0.10104412260020235,-1.2462108454024956
2026-08-17,3167,market,True,1245.0,0.48192771084336616,,,,0.8835341365461824,-0.8032128514056214,,
2026-08-17,3167,limit,False,,,,,,,,1.7828200972447306,0.08103727714747766
2026-08-17,3167,stop,True,1251.579,-0.04626156239437851,,,,0.3532337950700626,-1.3246467062806189,,
2026-08-17,6592,market,True,1791.0,-0.9491903964265802,,,,1.7308766052484659,-1.535455053042989,,
2026-08-17,6592,limit,False,,,,,,,,2.015677491601342,-1.259798432250836
2026-08-17,6592,stop,False,,,,,,,,2.015677491601342,-1.259798432250836
2026-08-17,6378,market,True,1296.0,-0.23148148148147696,,,,1.9290123456790154,-0.5401234567901203,,
2026-08-17,6378,limit,False,,,,,,,,1.1485451761102494,-1.3016845329249627
2026-08-17,6378,stop,False,,,,,,,,1.1485451761102494,-1.3016845329249627
2026-08-17,4631,market,True,5488.0,0.12755102040815647,,,,1.4577259475218707,-0.7106413994169114,,
2026-08-17,4631,limit,False,,,,,,,,0.01796299622776054,-2.119633554876954
2026-08-17,4631,stop,False,,,,,,,,0.01796299622776054,-2.119633554876954
2026-08-17,4633,market,True,2675.0,0.22429906542056344,,,,0.4485981308411269,-0.9345794392523366,,
2026-08-17,4633,limit,False,,,,,,,,0.4485981308411269,-0.9345794392523366
2026-08-17,4633,stop,False,,,,,,,,0.4485981308411269,-0.9345794392523366
2026-08-17,3101,market,True,1667.0,-2.699460107978402,,,,1.8596280743851334,-2.699460107978402,,
2026-08-17,3101,limit,False,,,,,,,,2.289156626506017,-2.289156626506028
2026-08-17,3101,stop,True,1667.397,-2.7226269448727525,,,,1.8353757383514635,-2.7226269448727525,,
2026-08-17,8729,market,True,155.6999969482422,-0.44958057929498363,,,,0.7064907675504273,-0.7707109645230692,,
2026-08-17,8729,limit,False,,,,,,,,0.7712101875050337,-0.7069408740359884
2026-08-17,8729,stop,False,,,,,,,,0.7712101875050337,-0.7069408740359884
2026-08-17,6480,market,True,1919.0,-4.220948410630532,,,,2.6576341844710694,-4.637832204273062,,
2026-08-17,6480,limit,False,,,,,,,,3.7934668071654354,-3.5827186512118026
2026-08-17,6480,stop,False,,,,,,,,3.7934668071654354,-3.5827186512118026
2026-08-17,2432,market,True,2476.0,-0.26252019386107106,,,,0.7269789983844976,-0.9289176090468532,,
2026-08-17,2432,limit,False,,,,,,,,-0.6374501992031822,-2.270916334661355
2026-08-17,2432,stop,False,,,,,,,,-0.6374501992031822,-2.270916334661355
2026-08-17,1419,market,True,2975.0,-0.1680672268907557,,,,0.739495798319334,-0.47058823529412264,,
2026-08-17,1419,limit,False,,,,,,,,0.773369199731011,-0.43712172158708595
2026-08-17,1419,stop,False,,,,,,,,0.773369199731011,-0.43712172158708595
2026-08-17,3765,market,True,2401.0,1.4577259475218707,,,,1.9158683881715932,-0.04164931278634043,,
2026-08-17,3765,limit,False,,,,,,,,1.073936389921526,-0.8674101610904539
2026-08-17,3765,stop,False,,,,,,,,1.073936389921526,-0.8674101610904539
2026-08-17,1814,market,True,3710.0,-1.21293800539084,,,,0.26954177897573484,-1.482479784366575,,
2026-08-17,1814,limit,False,,,,,,,,0.0,-1.7473118279569877
2026-08-17,1814,stop,False,,,,,,,,0.0,-1.7473118279569877
2026-08-17,1719,market,True,1897.5,0.2371541501976271,,,,0.8168642951251748,-0.5533596837944632,,
2026-08-17,1719,limit,False,,,,,,,,0.5254860746190193,-0.8407777193904398
2026-08-17,1719,stop,False,,,,,,,,0.5254860746190193,-0.8407777193904398
2026-08-17,3668,market,True,412.0,0.9708737864077666,,,,1.6990291262136026,-0.4854368932038833,,
2026-08-17,3668,limit,False,,,,,,,,0.9638554216867545,-1.2048192771084376
2026-08-17,3668,stop,False,,,,,,,,0.9638554216867545,-1.2048192771084376
2026-08-17,6481,market,True,7670.0,-5.280312907431551,,,,0.22164276401563932,-5.801825293350715,,
2026-08-17,6481,limit,False,,,,,,,,2.2207446808510722,-3.9228723404255317
2026-08-17,6481,stop,False,,,,,,,,2.2207446808510722,-3.9228723404255317
2026-08-17,2585,market,True,1692.0,-2.009456264775411,,,,0.9456264775413725,-3.6052009456264744,,
2026-08-17,2585,limit,False,,,,,,,,1.9093078758949833,-2.6849642004773244
2026-08-17,2585,stop,False,,,,,,,,1.9093078758949833,-2.6849642004773244
2026-08-17,6298,market,True,1377.0,-1.2345679012345734,,,,0.2904865649963728,-3.5584604212055226,,
2026-08-17,6298,limit,False,,,,,,,,0.21770682148041232,-3.6284470246734424
2026-08-17,6298,stop,False,,,,,,,,0.21770682148041232,-3.6284470246734424
2026-08-17,8876,market,True,2102.0,0.9514747859181716,,,,0.9514747859181716,-0.1427212178877313,,
2026-08-17,8876,limit,False,,,,,,,,0.1652112343639267,-0.920462591456217
2026-08-17,8876,stop,False,,,,,,,,0.1652112343639267,-0.920462591456217
2026-08-17,3660,market,True,553.0,-5.063291139240511,,,,0.5424954792043302,-5.244122965641951,,
2026-08-17,3660,limit,False,,,,,,,,-0.7142857142857117,-6.428571428571428
2026-08-17,3660,stop,False,,,,,,,,-0.7142857142857117,-6.428571428571428
2026-08-17,3659,market,True,3051.0,-1.6060308095706355,,,,0.6227466404457482,-3.4087184529662418,,
2026-08-17,3659,limit,False,,,,,,,,0.8210180623973828,-3.218390804597704
2026-08-17,3659,stop,False,,,,,,,,0.8210180623973828,-3.218390804597704
2026-08-17,3612,market,True,1625.0,1.4769230769230868,,,,1.723076923076916,0.0,,
2026-08-17,3612,limit,False,,,,,,,,1.5980331899200895,-0.12292562999385304
2026-08-17,3612,stop,True,1649.546,-0.03310001661063211,,,,0.2093909475698208,-1.4880458016933162,,
2026-08-17,1909,market,True,3705.0,-0.13495276653171517,,,,0.0,-0.13495276653171517,,
2026-08-17,1909,limit,False,,,,,,,,0.13513513513514486,0.0
2026-08-17,1909,stop,False,,,,,,,,0.13513513513514486,0.0
2026-08-17,1887,market,True,549.0,-0.7285974499089298,,,,0.18214936247722413,-1.4571948998178486,,
2026-08-17,1887,limit,False,,,,,,,,0.18214936247722413,-1.4571948998178486
2026-08-17,1887,stop,False,,,,,,,,0.18214936247722413,-1.4571948998178486
2026-08-17,1882,market,True,1620.0,-0.24691358024691024,,,,0.24691358024691024,-0.5555555555555536,,
2026-08-17,1882,limit,False,,,,,,,,0.24691358024691024,-0.5555555555555536
2026-08-17,1882,stop,False,,,,,,,,0.24691358024691024,-0.5555555555555536
2026-08-17,1879,market,True,2349.0,-0.6385696040868472,,,,0.3831417624521105,-0.9365687526607047,,
2026-08-17,1879,limit,False,,,,,,,,1.9014693171996555,0.561797752808979
2026-08-17,1879,stop,True,2349.0,-0.6385696040868472,,,,0.3831417624521105,-0.9365687526607047,,
2026-08-17,7004,market,True,1255.0,0.7171314741035939,,,,1.195219123505975,-1.195219123505975,,
2026-08-17,7004,limit,False,,,,,,,,2.008032128514059,-0.40160642570281624
2026-08-17,7004,stop,False,,,,,,,,2.008032128514059,-0.40160642570281624
2026-08-17,7013,market,True,2986.5,0.033484011384565804,,,,3.733467269378865,-0.5524861878453025,,
2026-08-17,7013,limit,False,,,,,,,,2.889405513118559,-1.3616738625041536
2026-08-17,7013,stop,True,3077.996,-2.9400947889471007,,,,0.6499033786918407,-3.5086465349532636,,
2026-08-17,7033,market,True,1610.0,2.049689440993796,,,,3.354037267080745,-1.801242236024847,,
2026-08-17,7033,limit,False,,,,,,,,2.4630541871921263,-2.647783251231528
2026-08-17,7033,stop,False,,,,,,,,2.4630541871921263,-2.647783251231528
2026-08-17,7085,market,True,965.0,-1.761658031088087,,,,0.0,-1.9689119170984481,,
2026-08-17,7085,limit,False,,,,,,,,1.1530398322851187,-0.8385744234800874
2026-08-17,7085,stop,True,965.0,-1.761658031088087,,,,0.0,-1.9689119170984481,,
2026-08-17,2157,market,True,1017.0,0.68829891838742,,,,1.3765978367748177,-0.0983284169124854,,
2026-08-17,2157,limit,True,1017.0,0.68829891838742,,,,1.3765978367748177,-0.0983284169124854,,
2026-08-17,2157,stop,False,,,,,,,,0.4873294346978474,-0.974658869395717
2026-08-17,2175,market,True,2291.0,-0.30554343081623525,,,,0.8729812309035356,-1.6150152771715387,,
2026-08-17,2175,limit,False,,,,,,,,1.0936132983377034,-1.3998250218722696
2026-08-17,2175,stop,False,,,,,,,,1.0936132983377034,-1.3998250218722696
2026-08-17,2337,market,True,406.0,0.24630541871921707,,,,0.49261083743843415,-0.7389162561576401,,
2026-08-17,2337,limit,False,,,,,,,,0.24570024570025328,-0.9828009828009798
2026-08-17,2337,stop,False,,,,,,,,0.24570024570025328,-0.9828009828009798
2026-08-17,5288,market,True,1579.0,-0.06333122229259525,,,,1.7732742241925337,-0.7599746675110874,,
2026-08-17,5288,limit,False,,,,,,,,2.6837060702875393,0.12779552715656006
2026-08-17,5288,stop,True,1584.897,-0.4351702350373521,,,,1.3946016681210205,-1.1292216465801808,,
2026-08-17,6971,market,True,3833.0,-0.8870336551004443,,,,0.8087659796504054,-1.9827811114009886,,
2026-08-17,6971,limit,False,,,,,,,,-0.20661157024793875,-2.9700413223140543
2026-08-17,6971,stop,False,,,,,,,,-0.20661157024793875,-2.9700413223140543
2026-08-17,5381,market,True,959.0,2.6068821689259725,,,,5.213764337851923,0.0,,
2026-08-17,5381,limit,False,,,,,,,,4.994797086368363,-0.20811654526534662
2026-08-17,5381,stop,False,,,,,,,,4.994797086368363,-0.20811654526534662
2026-08-17,6969,market,True,1081.0,-1.1100832562442209,,,,2.6827012025901986,-2.405180388529138,,
2026-08-17,6969,limit,False,,,,,,,,2.1159153633854677,-2.9438822447102164
2026-08-17,6969,stop,False,,,,,,,,2.1159153633854677,-2.9438822447102164
2026-08-17,3046,market,True,6400.0,-2.187499999999998,,,,0.31250000000000444,-2.34375,,
2026-08-17,3046,limit,True,6400.0,-2.187499999999998,,,,0.31250000000000444,-2.34375,,
2026-08-17,3046,stop,False,,,,,,,,-0.31055900621117516,-2.9503105590062084
2026-08-17,4641,market,True,827.0,2.055622732769047,,,,2.1765417170495738,-0.8464328899637219,,
2026-08-17,4641,limit,False,,,,,,,,1.5625,-1.4423076923076872
2026-08-17,4641,stop,True,843.81,0.022516917315518192,,,,0.1410270084497789,-2.8217252699067275,,
2026-08-17,4676,market,True,4050.0,2.716049382716057,,,,2.76543209876543,-0.24691358024691024,,
2026-08-17,4676,limit,False,,,,,,,,1.437972215452099,-1.535461857177678
2026-08-17,4676,stop,False,,,,,,,,1.437972215452099,-1.535461857177678
2026-08-17,4592,market,True,1003.0,0.09970089730808596,,,,2.991026919242268,-1.0967098703888345,,
2026-08-17,4592,limit,False,,,,,,,,1.9743336623889496,-2.073050345508387
2026-08-17,4592,stop,False,,,,,,,,1.9743336623889496,-2.073050345508387
2026-08-17,6997,market,True,3195.0,-6.103286384976525,,,,2.5039123630672844,-7.167449139280125,,
2026-08-17,6997,limit,False,,,,,,,,3.9682539682539764,-5.8412698412698365
2026-08-17,6997,stop,True,3257.185,-7.8959285395210905,,,,0.546944677689476,-8.939774682739854,,
2026-08-17,5741,market,True,2522.0,-1.94290245836638,,,,2.8945281522601007,-2.339413164155435,,
2026-08-17,5741,limit,False,,,,,,,,5.745721271393633,0.3667481662591676
2026-08-17,5741,stop,True,2522.0,-1.94290245836638,,,,2.8945281522601007,-2.339413164155435,,
2026-08-17,5713,market,True,10000.0,-1.0700000000000043,,,,4.95000000000001,-1.6700000000000048,,
2026-08-17,5713,limit,False,,,,,,,,5.509198753392974,-1.1460741932240892
2026-08-17,5713,stop,True,10038.987,-1.4542005084775877,,,,4.54242046533182,-2.0518703729768717,,
2026-08-17,5659,market,True,1435.0,-1.4634146341463428,,,,0.836236933797907,-1.8118466898954688,,
2026-08-17,5659,limit,False,,,,,,,,0.6258692628650975,-2.016689847009734
2026-08-17,5659,stop,False,,,,,,,,0.6258692628650975,-2.016689847009734
2026-08-17,3103,market,True,1602.0,-5.555555555555558,,,,2.372034956304625,-5.742821473158555,,
2026-08-17,3103,limit,False,,,,,,,,-1.501501501501501,-9.30930930930931
2026-08-17,3103,stop,False,,,,,,,,-1.501501501501501,-9.30930930930931
2026-08-17,5384,market,True,4080.0,-5.024509803921573,,,,1.225490196078427,-5.269607843137258,,
2026-08-17,5384,limit,False,,,,,,,,0.8547008547008517,-5.616605616605619
2026-08-17,5384,stop,False,,,,,,,,0.8547008547008517,-5.616605616605619
2026-08-17,5482,market,True,3270.0,-0.6116207951070374,,,,1.0703363914372988,-0.917431192660545,,
2026-08-17,5482,limit,False,,,,,,,,0.3034901365705611,-1.6691957511380862
2026-08-17,5482,stop,False,,,,,,,,0.3034901365705611,-1.6691957511380862
2026-08-17,6521,market,True,3400.0,-1.17647058823529,,,,2.6470588235294024,-2.941176470588236,,
2026-08-17,6521,limit,False,,,,,,,,3.2544378698224907,-2.3668639053254448
2026-08-17,6521,stop,False,,,,,,,,3.2544378698224907,-2.3668639053254448
2026-08-17,6522,market,True,2053.0,-1.3638577691183595,,,,2.4354603019970833,-5.698977106673164,,
2026-08-17,6522,limit,False,,,,,,,,1.057184046131665,-6.967803940413264
2026-08-17,6522,stop,False,,,,,,,,1.057184046131665,-6.967803940413264
2026-08-17,5957,market,True,786.0,-0.3816793893129722,,,,0.5089058524172962,-0.6361323155216314,,
2026-08-17,5957,limit,False,,,,,,,,0.7653061224489832,-0.3826530612244916
2026-08-17,5957,stop,True,789.666,-0.8441543639969407,,,,0.04229636327257591,-1.097426000359647,,
2026-08-17,5970,market,True,2345.0,1.5778251599147142,,,,2.0042643923240844,-0.5970149253731294,,
2026-08-17,5970,limit,False,,,,,,,,2.3096663815226792,-0.29940119760478723
2026-08-17,5970,stop,True,2360.641,0.9047966209177805,,,,1.328410376673106,-1.2556335334343527,,
2026-08-17,5911,market,True,2960.0,1.2499999999999956,,,,1.2837837837837762,-0.03378378378378066,,
2026-08-17,5911,limit,False,,,,,,,,1.3180128421764081,0.0
2026-08-17,5911,stop,True,2979.891,0.5741485175128958,,,,0.6077067919598278,-0.7010659114712658,,
2026-08-17,6652,market,True,3805.0,-1.182654402102501,,,,0.3942181340341744,-2.1024967148488782,,
2026-08-17,6652,limit,False,,,,,,,,0.2624671916010568,-2.2309711286089273
2026-08-17,6652,stop,False,,,,,,,,0.2624671916010568,-2.2309711286089273
2026-08-17,5246,market,True,852.0,1.8779342723004744,,,,4.81220657276995,-1.1737089201877882,,
2026-08-17,5246,limit,False,,,,,,,,5.306603773584895,-0.7075471698113178
2026-08-17,5246,stop,True,886.802,-2.120202705902785,,,,0.6989158797567008,-5.052086034988646,,
2026-08-17,5232,market,True,5873.0,-0.22135194959986837,,,,2.128384130767924,-0.851353652307163,,
2026-08-17,5232,limit,False,,,,,,,,2.6176218990590305,-0.37639007698887506
2026-08-17,5232,stop,False,,,,,,,,2.6176218990590305,-0.37639007698887506
2026-08-17,6857,market,True,37560.0,-4.526091586794467,,,,0.07987220447285281,-4.685835995740151,,
2026-08-17,6857,limit,False,,,,,,,,-0.5029115934356843,-5.240868184224457
2026-08-17,6857,stop,False,,,,,,,,-0.5029115934356843,-5.240868184224457
2026-08-17,6814,market,True,8000.0,0.7500000000000062,,,,1.4999999999999902,-1.0000000000000009,,
2026-08-17,6814,limit,False,,,,,,,,2.5252525252525304,0.0
2026-08-17,6814,stop,False,,,,,,,,2.5252525252525304,0.0
2026-08-17,6574,market,True,108.0,2.777777777777768,,,,9.259259259259256,-0.92592592592593,,
2026-08-17,6574,limit,False,,,,,,,,6.3063063063063085,-3.6036036036036
2026-08-17,6574,stop,True,114.513,-3.0677739645280533,,,,3.0450691187900114,-6.560827154995508,,
2026-08-17,6113,market,True,2843.0,-4.273654590221598,,,,0.5276116778051287,-5.504748505100244,,
2026-08-17,6113,limit,True,2735.7650000000003,-0.5214263652031592,,,,4.4680372765935505,-1.8007760169459153,,
2026-08-17,6113,stop,False,,,,,,,,0.9002647837599298,-5.15445719329215
2026-08-17,6176,market,True,1008.0,-0.9920634920634885,,,,0.5952380952380931,-1.4880952380952328,,
2026-08-17,6176,limit,False,,,,,,,,0.6951340615690249,-1.3902681231380387
2026-08-17,6176,stop,False,,,,,,,,0.6951340615690249,-1.3902681231380387
2026-08-17,2962,market,True,1659.0,0.0,,,,0.0,-0.5424954792043413,,
2026-08-17,2962,limit,False,,,,,,,,22.07505518763797,21.41280353200883
2026-08-17,2962,stop,False,,,,,,,,22.07505518763797,21.41280353200883
2026-08-17,2931,market,True,350.0,-0.28571428571428914,,,,1.1428571428571344,-0.5714285714285672,,
2026-08-17,2931,limit,False,,,,,,,,0.28328611898016387,-1.4164305949008527
2026-08-17,2931,stop,False,,,,,,,,0.28328611898016387,-1.4164305949008527
2026-08-17,2811,market,True,2648.0,0.22658610271903967,,,,1.60498489425982,-1.397280966767367,,
2026-08-17,2811,limit,False,,,,,,,,2.378234398782353,-0.6468797564687989
2026-08-17,2811,stop,True,2674.955,-0.7833776642971579,,,,0.5811312713671857,-2.3908813419291186,,
2026-08-17,2749,market,True,653.0,0.0,,,,1.071975497702904,-1.3782542113323082,,
2026-08-17,2749,limit,False,,,,,,,,2.6438569206842955,0.15552099533437946
2026-08-17,2749,stop,False,,,,,,,,2.6438569206842955,0.15552099533437946
2026-08-17,6055,market,True,2284.0,-3.677758318739055,,,,1.5761821366024442,-3.7653239929947513,,
2026-08-17,6055,limit,False,,,,,,,,1.3100436681222627,-4.017467248908302
2026-08-17,6055,stop,False,,,,,,,,1.3100436681222627,-4.017467248908302
2026-08-17,6508,market,True,12500.0,-2.0000000000000018,,,,2.079999999999993,-3.3599999999999963,,
2026-08-17,6508,limit,False,,,,,,,,0.789889415481837,-4.581358609794628
2026-08-17,6508,stop,True,12756.745,-3.972369127077491,,,,0.025515913346230157,-5.304997473885386,,
2026-08-17,6368,market,True,14770.0,-5.3486797562626975,,,,0.0,-5.3486797562626975,,
2026-08-17,6368,limit,True,14050.4625,-0.5014959471974612,,,,5.121094768232726,-0.5014959471974612,,
2026-08-17,6368,stop,False,,,,,,,,0.0,-5.3486797562626975
2026-08-17,2734,market,True,1216.0,1.1513157894736947,,,,1.398026315789469,-0.7401315789473673,,
2026-08-17,2734,limit,False,,,,,,,,2.154101077050541,0.0
2026-08-17,2734,stop,True,1222.384,0.6230448042513714,,,,0.8684668647495286,-1.2585243262346335,,
2026-08-17,7186,market,True,1930.5,0.2590002590002527,,,,2.0461020461020496,-0.12950012950012635,,
2026-08-17,7186,limit,False,,,,,,,,3.0873888016745177,0.8895866038723277
2026-08-17,7186,stop,True,1960.496,-1.2749834735699572,,,,0.4847752813573747,-1.6575397246411105,,
2026-08-17,7373,market,True,951.0,-0.9463722397476393,,,,0.3154574132492094,-0.9463722397476393,,
2026-08-17,7373,limit,False,,,,,,,,0.10493179433368471,-1.1542497376705096
2026-08-17,7373,stop,False,,,,,,,,0.10493179433368471,-1.1542497376705096
2026-08-17,7337,market,True,2376.5,0.7574163686093094,,,,1.2623606143488342,-0.2103934357248094,,
2026-08-17,7337,limit,False,,,,,,,,1.9919474464928921,0.5085823267641398
2026-08-17,7337,stop,True,2397.49,-0.12471376314394655,,,,0.3758097009789463,-1.0840504027128328,,
2026-08-17,7278,market,True,6190.0,0.8077544426494443,,,,0.8077544426494443,-0.3231017770597755,,
2026-08-17,7278,limit,False,,,,,,,,0.8077544426494443,-0.3231017770597755
2026-08-17,7278,stop,True,6229.431,0.16966236563180637,,,,0.16966236563180637,-0.9540357698801016,,
2026-08-17,7241,market,True,1100.0,0.727272727272732,,,,1.2727272727272698,-0.27272727272726893,,
2026-08-17,7241,limit,False,,,,,,,,1.5496809480401108,0.0
2026-08-17,7241,stop,True,1110.029,-0.18278801725000182,,,,0.3577384014291418,-1.17375311816178,,
2026-08-17,7611,market,True,2879.0,1.1114970475859742,,,,1.7367141368530792,-0.5210142410559171,,
2026-08-17,7611,limit,False,,,,,,,,1.4196675900276956,-0.8310249307479256
2026-08-17,7611,stop,False,,,,,,,,1.4196675900276956,-0.8310249307479256
2026-08-17,2353,market,True,262.0,1.1450381679389388,,,,1.526717557251911,-0.3816793893129722,,
2026-08-17,2353,limit,False,,,,,,,,0.7575757575757569,-1.1363636363636354
2026-08-17,2353,stop,True,264.559,0.16669249581378054,,,,0.5446800146658992,-1.3452575795947275,,
2026-08-17,2354,market,True,1326.0,-4.675716440422317,,,,0.37707390648566985,-6.485671191553544,,
2026-08-17,2354,limit,True,1244.74,1.547311085045866,,,,6.929961277053831,-0.3808024165689261,,
2026-08-17,2354,stop,False,,,,,,,,0.6807866868381307,-6.202723146747358
2026-08-17,8572,market,True,481.0,-0.12474139366229764,,,,0.1455326833744941,-0.8316008316008316,,
2026-08-17,8572,limit,True,479.40749999999997,0.20702510838574995,,,,0.478196984200574,-0.5021823813770032,,
2026-08-17,8572,stop,False,,,,,,,,0.3960008768302048,-0.5835764902042517
2026-08-17,8706,market,True,1840.0,-0.10869565217391797,,,,0.8152173913043459,-0.38043478260869623,,
2026-08-17,8706,limit,False,,,,,,,,0.8152173913043459,-0.38043478260869623
2026-08-17,8706,stop,False,,,,,,,,0.8152173913043459,-0.38043478260869623
2026-08-17,8628,market,True,1095.0,1.0045662100456543,,,,1.3698630136986356,-0.6392694063926951,,
2026-08-17,8628,limit,False,,,,,,,,1.2773722627737127,-0.7299270072992692
2026-08-17,8628,stop,False,,,,,,,,1.2773722627737127,-0.7299270072992692
2026-08-17,8425,market,True,1348.0,0.2225519287833766,,,,0.9643916913946615,-0.14836795252225476,,
2026-08-17,8425,limit,False,,,,,,,,0.6656804733727872,-0.4437869822485174
2026-08-17,8425,stop,False,,,,,,,,0.6656804733727872,-0.4437869822485174
2026-08-17,8522,market,True,6840.0,3.5087719298245723,,,,3.654970760233911,-0.5847953216374324,,
2026-08-17,8522,limit,False,,,,,,,,4.264705882352948,0.0
2026-08-17,8522,stop,True,7034.289,0.6498311343193341,,,,0.7919919127576502,-3.3306706619531834,,
2026-08-17,8570,market,True,1621.5,1.2642614862781398,,,,1.603453592352766,-0.6167129201356758,,
2026-08-17,8570,limit,False,,,,,,,,2.0439764633013224,-0.18581604211830305
2026-08-17,8570,stop,False,,,,,,,,2.0439764633013224,-0.18581604211830305
2026-08-17,8558,market,True,1528.0,1.5706806282722585,,,,3.599476439790572,0.0,,
2026-08-17,8558,limit,False,,,,,,,,3.599476439790572,0.0
2026-08-17,8558,stop,True,1581.308,-1.8534023732251992,,,,0.10700002782506601,-3.3711332643608927,,
2026-08-17,8584,market,True,3740.0,-0.5347593582887722,,,,0.9358288770053402,-0.6684491978609652,,
2026-08-17,8584,limit,False,,,,,,,,0.6666666666666599,-0.9333333333333305
2026-08-17,8584,stop,False,,,,,,,,0.6666666666666599,-0.9333333333333305
2026-08-17,8616,market,True,833.0,0.12004801920768582,,,,0.9603841536614643,-0.12004801920768582,,
2026-08-17,8616,limit,False,,,,,,,,0.9603841536614643,-0.12004801920768582
2026-08-17,8616,stop,False,,,,,,,,0.9603841536614643,-0.12004801920768582
2026-08-17,8614,market,True,683.0,-0.14641288433382416,,,,0.8784773060029227,-0.43923865300146137,,
2026-08-17,8614,limit,False,,,,,,,,1.1747430249632984,-0.1468428781204123
2026-08-17,8614,stop,False,,,,,,,,1.1747430249632984,-0.1468428781204123
2026-08-17,4848,market,True,1828.0,0.2188183807439792,,,,0.875273522975939,-0.4376367614879695,,
2026-08-17,4848,limit,False,,,,,,,,0.0,-1.3015184381778733
2026-08-17,4848,stop,False,,,,,,,,0.0,-1.3015184381778733
2026-08-17,4828,market,True,1360.0,1.2499999999999956,,,,2.0588235294117574,-1.1029411764705843,,
2026-08-17,4828,limit,False,,,,,,,,2.9673590504450953,-0.2225519287833877
2026-08-17,4828,stop,False,,,,,,,,2.9673590504450953,-0.2225519287833877
2026-08-17,4776,market,True,2934.0,1.5337423312883347,,,,2.147239263803691,0.0,,
2026-08-17,4776,limit,False,,,,,,,,2.672147995888996,0.5138746145940454
2026-08-17,4776,stop,True,2989.274,-0.34369549261793475,,,,0.258457404707646,-1.84907773593187,,
2026-08-17,4095,market,True,1733.0,-0.17311021350259193,,,,0.2308136180034559,-1.1540680900173128,,
2026-08-17,4095,limit,False,,,,,,,,0.2308136180034559,-1.1540680900173128
2026-08-17,4095,stop,False,,,,,,,,0.2308136180034559,-1.1540680900173128
2026-08-17,4180,market,True,1292.0,-1.4705882352941124,,,,1.5479876160990669,-2.5541795665634637,,
2026-08-17,4180,limit,False,,,,,,,,0.7680491551459223,-3.302611367127495
2026-08-17,4180,stop,False,,,,,,,,0.7680491551459223,-3.302611367127495
2026-08-17,3333,market,True,1371.0,0.729394602479938,,,,1.3858497447118978,-0.4376367614879695,,
2026-08-17,3333,limit,False,,,,,,,,1.3858497447118978,-0.4376367614879695
2026-08-17,3333,stop,True,1377.414,0.26034293248071716,,,,0.9137412571674108,-0.9012540891845111,,
2026-08-17,4194,market,True,8979.0,1.1359839625793455,,,,2.4947098786056277,-0.4232097115491662,,
2026-08-17,4194,limit,False,,,,,,,,1.5335392762577227,-1.3570167696381308
2026-08-17,4194,stop,False,,,,,,,,1.5335392762577227,-1.3570167696381308
2026-08-17,3387,market,True,771.0,-0.5188067444876765,,,,0.5188067444876765,-0.6485084306095956,,
2026-08-17,3387,limit,False,,,,,,,,0.2587322121604174,-0.9055627425614499
2026-08-17,3387,stop,False,,,,,,,,0.2587322121604174,-0.9055627425614499
2026-08-17,7649,market,True,2714.0,-0.18422991893883855,,,,0.6079587324981484,-0.8106116433308719,,
2026-08-17,7649,limit,True,2714.0,-0.18422991893883855,,,,0.6079587324981484,-0.8106116433308719,,
2026-08-17,7649,stop,False,,,,,,,,-0.18278194114421664,-1.5902028879546726
2026-08-17,7715,market,True,4370.0,-5.148741418764303,,,,2.1739130434782705,-5.263157894736848,,
2026-08-17,7715,limit,False,,,,,,,,1.3620885357548351,-6.015891032917143
2026-08-17,7715,stop,False,,,,,,,,1.3620885357548351,-6.015891032917143
2026-08-17,7701,market,True,4126.0,-0.8240426563257408,,,,0.7270964614638942,-0.8482792050412025,,
2026-08-17,7701,limit,True,4095.815,-0.09314385537433356,,,,1.4694267197126853,-0.11755902061005852,,
2026-08-17,7701,stop,False,,,,,,,,0.0,-1.564003849855633
2026-08-17,7762,market,True,2803.0,-7.242240456653581,,,,2.4259721726721306,-7.242240456653581,,
2026-08-17,7762,limit,False,,,,,,,,2.499107461620853,-7.176008568368442
2026-08-17,7762,stop,False,,,,,,,,2.499107461620853,-7.176008568368442
2026-08-17,3544,market,True,1248.0,-0.1602564102564097,,,,0.0,-0.1602564102564097,,
2026-08-17,3544,limit,False,,,,,,,,0.0,-0.1602564102564097
2026-08-17,3544,stop,False,,,,,,,,0.0,-0.1602564102564097
2026-08-17,7751,market,True,4503.0,-0.06662225183211579,,,,0.5773928492116331,-0.6218076837663733,,
2026-08-17,7751,limit,True,4483.2975,0.37254944602718165,,,,1.01939476467936,-0.1850758286729759,,
2026-08-17,7751,stop,False,,,,,,,,-0.7016005262003966,-1.8855514141635554
2026-08-17,7730,market,True,1610.0,-0.9316770186335366,,,,0.06211180124222615,-1.30434782608696,,
2026-08-17,7730,limit,False,,,,,,,,-0.18587360594795044,-1.5489467162329573
2026-08-17,7730,stop,False,,,,,,,,-0.18587360594795044,-1.5489467162329573
2026-08-17,4202,market,True,1470.0,0.8163265306122547,,,,0.8503401360544283,-0.2721088435374108,,
2026-08-17,4202,limit,False,,,,,,,,0.5425567989148838,-0.5764665988470696
2026-08-17,4202,stop,False,,,,,,,,0.5425567989148838,-0.5764665988470696
2026-08-17,3608,market,True,1260.0,-0.3968253968253954,,,,0.15873015873015817,-0.7936507936507908,,
2026-08-17,3608,limit,False,,,,,,,,0.39777247414478634,-0.5568814638027053
2026-08-17,3608,stop,False,,,,,,,,0.39777247414478634,-0.5568814638027053
2026-08-17,3565,market,True,457.0,-2.4070021881838044,,,,0.0,-4.59518599562363,,
2026-08-17,3565,limit,False,,,,,,,,1.106194690265494,-3.539823008849563
2026-08-17,3565,stop,False,,,,,,,,1.106194690265494,-3.539823008849563
2026-08-17,3563,market,True,5801.0,0.08619203585589208,,,,0.4654369936217817,-2.3444233752801247,,
2026-08-17,3563,limit,False,,,,,,,,-0.2054794520547909,-2.996575342465757
2026-08-17,3563,stop,False,,,,,,,,-0.2054794520547909,-2.996575342465757
2026-08-17,4554,market,True,1820.0,0.879120879120876,,,,1.8131868131868067,-0.27472527472527375,,
2026-08-17,4554,limit,True,1820.0,0.879120879120876,,,,1.8131868131868067,-0.27472527472527375,,
2026-08-17,4554,stop,False,,,,,,,,0.92592592592593,-1.1437908496731986
2026-08-17,7599,market,True,1305.0,-1.1494252873563204,,,,0.0,-1.3026819923371624,,
2026-08-17,7599,limit,False,,,,,,,,0.23041474654377225,-1.0752688172043001
2026-08-17,7599,stop,False,,,,,,,,0.23041474654377225,-1.0752688172043001
2026-08-17,4483,market,True,3365.0,1.7830609212481363,,,,2.2288261515601704,-1.0401188707280795,,
2026-08-17,4483,limit,False,,,,,,,,2.0771513353115667,-1.1869436201780381
2026-08-17,4483,stop,False,,,,,,,,2.0771513353115667,-1.1869436201780381
2026-08-17,4506,market,True,1360.0,1.1029411764705843,,,,2.904411764705883,-0.11029411764705843,,
2026-08-17,4506,limit,False,,,,,,,,3.2460346735522005,0.22132054592400863
2026-08-17,4506,stop,False,,,,,,,,3.2460346735522005,0.22132054592400863
2026-08-17,4373,market,True,1133.0,-0.7060900264783787,,,,1.1473962930273585,-3.5304501323918824,,
2026-08-17,4373,limit,False,,,,,,,,0.0,-4.62478184991274
2026-08-17,4373,stop,False,,,,,,,,0.0,-4.62478184991274
2026-08-17,4377,market,True,2501.0,-2.4390243902439046,,,,0.4798080767692836,-3.2387045181927254,,
2026-08-17,4377,limit,False,,,,,,,,-0.5933544303797444,-4.272151898734178
2026-08-17,4377,stop,False,,,,,,,,-0.5933544303797444,-4.272151898734178
2026-08-17,4480,market,True,2841.0,0.10559662090812161,,,,1.7951425554382228,-3.5550862372404124,,
2026-08-17,4480,limit,False,,,,,,,,2.918149466192177,-2.491103202846978
2026-08-17,4480,stop,False,,,,,,,,2.918149466192177,-2.491103202846978
2026-08-17,4478,market,True,3280.0,4.268292682926833,,,,5.945121951219523,-0.3048780487804881,,
2026-08-17,4478,limit,False,,,,,,,,3.731343283582089,-2.3880597014925398
2026-08-17,4478,stop,False,,,,,,,,3.731343283582089,-2.3880597014925398
2026-08-17,8306,market,True,3641.0,0.357044767920911,,,,1.8676187860477977,-0.10985992859104954,,
2026-08-17,8306,limit,False,,,,,,,,1.6442861057823999,-0.32885722115648663
2026-08-17,8306,stop,False,,,,,,,,1.6442861057823999,-0.32885722115648663
2026-08-17,8308,market,True,2513.0,-0.5173099880620757,,,,1.5718265021886113,-1.0346199761241515,,
2026-08-17,8308,limit,False,,,,,,,,2.8611726778158264,0.22164013701391205
2026-08-17,8308,stop,True,2540.733,-1.6031987619320898,,,,0.4631340640673276,-2.114862128370043,,
2026-08-17,8309,market,True,1734.0,0.0,,,,1.6147635524798254,-0.17301038062284002,,
2026-08-17,8309,limit,False,,,,,,,,1.9380966155626345,0.1446340757882636
2026-08-17,8309,stop,False,,,,,,,,1.9380966155626345,0.1446340757882636
2026-08-17,8316,market,True,6916.0,-0.23134759976864983,,,,1.2724117987275907,-0.26026604973973244,,
2026-08-17,8316,limit,False,,,,,,,,1.2431338537149506,-0.28910089621277946
2026-08-17,8316,stop,False,,,,,,,,1.2431338537149506,-0.28910089621277946
2026-08-17,8334,market,True,2770.0,1.1010830324909682,,,,2.6173285198555885,0.0,,
2026-08-17,8334,limit,False,,,,,,,,2.933188484519289,0.30780372985697024
2026-08-17,8334,stop,True,2795.242,0.18810535903510672,,,,1.6906586263371715,-0.9030345136485596,,
2026-08-17,7956,market,True,2131.0,-0.750821210699204,,,,0.0469263256686947,-1.618958235570156,,
2026-08-17,7956,limit,False,,,,,,,,0.3294117647058892,-1.3411764705882345
2026-08-17,7956,stop,False,,,,,,,,0.3294117647058892,-1.3411764705882345
2026-08-17,7779,market,True,241.0,0.0,,,,2.9045643153526868,0.0,,
2026-08-17,7779,limit,False,,,,,,,,2.4793388429751984,-0.4132231404958664
2026-08-17,7779,stop,False,,,,,,,,2.4793388429751984,-0.4132231404958664
2026-08-17,7906,market,True,2754.0,0.0726216412490821,,,,1.089324618736387,-1.815541031227308,,
2026-08-17,7906,limit,False,,,,,,,,1.4577259475218707,-1.4577259475218707
2026-08-17,7906,stop,False,,,,,,,,1.4577259475218707,-1.4577259475218707
2026-08-17,8358,market,True,2920.0,0.7876712328767077,,,,3.253424657534243,-0.102739726027401,,
2026-08-17,8358,limit,False,,,,,,,,3.858077850499475,0.48225973131243993
2026-08-17,8358,stop,True,2954.494,-0.3890344674925772,,,,2.047931050122287,-1.2690497932979383,,
2026-08-17,8377,market,True,8584.0,-1.7707362534948756,,,,0.6873252562907828,-2.2600186393289867,,
2026-08-17,8377,limit,False,,,,,,,,0.7694998251136731,-2.1802495044887515
2026-08-17,8377,stop,False,,,,,,,,0.7694998251136731,-2.1802495044887515
2026-08-17,8381,market,True,2650.0,-0.37735849056603765,,,,1.8113207547169718,-0.7547169811320753,,
2026-08-17,8381,limit,False,,,,,,,,2.2356953391436063,-0.34103827207275783
2026-08-17,8381,stop,True,2684.017,-1.639967258031516,,,,0.5209728552389992,-2.0125431396298854,,
2026-08-17,8253,market,True,4666.0,-0.49292756108015867,,,,0.2786112301757404,-2.16459494213459,,
2026-08-17,8253,limit,True,4589.065,1.1752938779468147,,,,1.9597674035996437,-0.524398760967637,,
2026-08-17,8253,stop,False,,,,,,,,-0.5526036131774714,-2.9755579171094615
2026-08-17,8252,market,True,2916.5,0.8571918395336775,,,,1.1314932281844658,-0.32573289902280145,,
2026-08-17,8252,limit,True,2914.13,0.9392168503120857,,,,1.2137413224529991,-0.24466993579559393,,
2026-08-17,8252,stop,False,,,,,,,,0.16980811682798524,-1.2735608762098782
2026-08-17,8057,market,True,2152.0,-0.09293680297397522,,,,0.32527881040891327,-1.3940520446096616,,
2026-08-17,8057,limit,False,,,,,,,,-0.369173973234882,-2.076603599446236
2026-08-17,8057,stop,False,,,,,,,,-0.369173973234882,-2.076603599446236
2026-08-17,8411,market,True,8585.0,-0.6290040768782812,,,,0.6639487478159678,-1.0250436808386776,,
2026-08-17,8411,limit,False,,,,,,,,1.3130128956623688,-0.38686987104337156
2026-08-17,8411,stop,False,,,,,,,,1.3130128956623688,-0.38686987104337156
2026-08-17,8410,market,True,334.6000061035156,2.241482326117983,,,,2.630002281065802,-0.7471607753726572,,
2026-08-17,8410,limit,False,,,,,,,,2.324193652110962,-1.0429064053886772
2026-08-17,8410,stop,True,342.70399999999995,-0.17624360861977495,,,,0.2030889328646257,-3.0942136352316685,,
2026-08-17,4381,market,True,427.0,-8.196721311475407,,,,0.0,-11.007025761124122,,
2026-08-17,4381,limit,False,,,,,,,,5.432098765432092,-6.172839506172845
2026-08-17,4381,stop,False,,,,,,,,5.432098765432092,-6.172839506172845
2026-08-17,3916,market,True,961.0,-0.10405827263267886,,,,0.3121748178980255,-0.9365244536940653,,
2026-08-17,3916,limit,False,,,,,,,,0.3121748178980255,-0.9365244536940653
2026-08-17,3916,stop,False,,,,,,,,0.3121748178980255,-0.9365244536940653
2026-08-17,3863,market,True,1358.0,1.0309278350515427,,,,1.6936671575846773,-1.76730486008837,,
2026-08-17,3863,limit,True,1338.0,2.5411061285500747,,,,3.2137518684603794,-0.2989536621823663,,
2026-08-17,3863,stop,False,,,,,,,,3.2137518684603794,-0.2989536621823663
2026-08-17,3946,market,True,4690.0,0.6396588486140775,,,,1.0660980810234477,-0.4264392324093813,,
2026-08-17,3946,limit,False,,,,,,,,0.5302226935312904,-0.9544008483563071
2026-08-17,3946,stop,False,,,,,,,,0.5302226935312904,-0.9544008483563071
2026-08-17,1605,market,True,3826.0,1.934134866701509,,,,1.934134866701509,-0.1829587036068947,,
2026-08-17,1605,limit,False,,,,,,,,3.31125827814569,1.165562913907281
2026-08-17,1605,stop,True,3879.161,0.5372037922633188,,,,0.5372037922633188,-1.550876594191375,,
2026-08-17,1514,market,True,639.0,4.381846635367759,,,,4.851330203442883,0.0,,
2026-08-17,1514,limit,False,,,,,,,,3.875968992248069,-0.9302325581395321
2026-08-17,1514,stop,True,660.297,1.0151492434465004,,,,1.4694902445414604,-3.225366766773141,,
2026-08-17,4042,market,True,2723.0,-0.6977598237238314,,,,0.5141388174807249,-0.6977598237238314,,
2026-08-17,4042,limit,True,2704.2125,-0.00785811026315919,,,,1.2124601894266673,-0.00785811026315919,,
2026-08-17,4042,stop,False,,,,,,,,0.14635931211124387,-1.0611050128064403
2026-08-17,8337,market,True,2798.0,0.17869907076484282,,,,2.037169406719075,-0.3573981415296634,,
2026-08-17,8337,limit,False,,,,,,,,2.957086188243774,0.5409304002884863
2026-08-17,8337,stop,False,,,,,,,,2.957086188243774,0.5409304002884863
2026-08-17,9006,market,True,1518.5,1.053671386236421,,,,1.2841620019756306,-0.1646361540994401,,
2026-08-17,9006,limit,False,,,,,,,,1.451187335092352,0.0
2026-08-17,9006,stop,True,1528.448,0.39595720626413033,,,,0.6249476593250147,-0.8144209027719729,,
2026-08-17,1662,market,True,1830.0,2.3497267759562845,,,,2.4043715846994607,-0.21857923497268228,,
2026-08-17,1662,limit,False,,,,,,,,2.9670329670329565,0.3296703296703285
2026-08-17,1662,stop,True,1850.493,1.2162704749491215,,,,1.2703101281658524,-1.3235932262375405,,
2026-08-17,9042,market,True,4620.0,0.7142857142857117,,,,1.3203463203463217,-0.6709956709956666,,
2026-08-17,9042,limit,False,,,,,,,,0.9924487594390463,-0.9924487594390463
2026-08-17,9042,stop,False,,,,,,,,0.9924487594390463,-0.9924487594390463
2026-08-17,9031,market,True,3038.0,1.5799868334430478,,,,1.678736010533255,-0.9545753785385136,,
2026-08-17,9031,limit,False,,,,,,,,2.2509102946044246,-0.3972194637537285
2026-08-17,9031,stop,True,3071.547,0.4705446473715069,,,,0.5682152999775036,-2.0363354361824793,,
2026-08-17,3994,market,True,5916.0,-4.361054766734284,,,,2.8735632183908066,-4.665314401622722,,
2026-08-17,3994,limit,False,,,,,,,,1.433333333333331,-6.000000000000005
2026-08-17,3994,stop,False,,,,,,,,1.433333333333331,-6.000000000000005
2026-08-17,6479,market,True,3702.0,-2.377093462992974,,,,1.8098325229605638,-2.674230145867096,,
2026-08-17,6479,limit,True,3697.435,-2.256564347987189,,,,1.9355309829652168,-2.554067887603162,,
2026-08-17,6479,stop,False,,,,,,,,1.0184937014205309,-3.430715625837577
2026-08-17,3853,market,True,1153.0,-0.5203816131829964,,,,4.163052905464015,-0.6071118820468291,,
2026-08-17,3853,limit,False,,,,,,,,4.163052905464015,-0.6071118820468291
2026-08-17,3853,stop,False,,,,,,,,4.163052905464015,-0.6071118820468291
2026-08-17,3854,market,True,2402.0,0.5828476269775118,,,,1.9150707743547102,-0.3746877601998322,,
2026-08-17,3854,limit,False,,,,,,,,1.5767634854771728,-0.7053941908713668
2026-08-17,3854,stop,False,,,,,,,,1.5767634854771728,-0.7053941908713668
2026-08-17,9759,market,True,2789.5,1.039612833841197,,,,1.6131923283742688,-0.6452769313497031,,
2026-08-17,9759,limit,False,,,,,,,,2.254689754689765,-0.018037518037516964
2026-08-17,9759,stop,False,,,,,,,,2.254689754689765,-0.018037518037516964
2026-08-17,9793,market,True,3850.0,-1.0389610389610393,,,,0.3896103896103842,-1.0389610389610393,,
2026-08-17,9793,limit,False,,,,,,,,0.3896103896103842,-1.0389610389610393
2026-08-17,9793,stop,False,,,,,,,,0.3896103896103842,-1.0389610389610393
2026-08-17,9104,market,True,6657.0,3.3648790746582558,,,,4.401382003905674,-0.18026137899954664,,
2026-08-17,9104,limit,False,,,,,,,,4.842359330215729,0.24136370493286208
2026-08-17,9104,stop,True,6689.499,2.862710645445943,,,,3.894178024393158,-0.6652067666053862,,
2026-08-17,9166,market,True,750.0,-2.1333333333333315,,,,1.0666666666666602,-2.400000000000002,,
2026-08-17,9166,limit,False,,,,,,,,0.3973509933774766,-3.0463576158940353
2026-08-17,9166,stop,False,,,,,,,,0.3973509933774766,-3.0463576158940353
2026-08-17,9470,market,True,1040.0,0.38461538461538325,,,,0.5769230769230749,-0.48076923076922906,,
2026-08-17,9470,limit,False,,,,,,,,-0.3809523809523818,-1.4285714285714235
2026-08-17,9470,stop,False,,,,,,,,-0.3809523809523818,-1.4285714285714235
2026-08-17,9434,market,True,231.5,1.0799136069114423,,,,2.0302362627396153,-0.2591819021665609,,
2026-08-17,9434,limit,False,,,,,,,,0.553425691035403,-1.702854875911286
2026-08-17,9434,stop,False,,,,,,,,0.553425691035403,-1.702854875911286
2026-08-17,9418,market,True,1725.0,0.2318840579710102,,,,0.7536231884057942,-0.8695652173912993,,
2026-08-17,9418,limit,False,,,,,,,,0.6952491309385911,-0.9269988412514474
2026-08-17,9418,stop,False,,,,,,,,0.6952491309385911,-0.9269988412514474
2026-08-17,1870,market,True,2100.0,1.1904761904761862,,,,1.4761904761904754,-0.19047619047618536,,
2026-08-17,1870,limit,False,,,,,,,,0.8041627246925254,-0.8514664143803197
2026-08-17,1870,stop,False,,,,,,,,0.8041627246925254,-0.8514664143803197
2026-08-17,9304,market,True,1970.0,2.6903553299492344,,,,3.1979695431472166,-0.20304568527919065,,
2026-08-17,9304,limit,False,,,,,,,,3.1979695431472166,-0.20304568527919065
2026-08-17,9304,stop,False,,,,,,,,3.1979695431472166,-0.20304568527919065
2026-08-17,9201,market,True,3000.0,-0.13333333333332975,,,,0.86666666666666,-0.33333333333332993,,
2026-08-17,9201,limit,False,,,,,,,,-0.09904258831296975,-1.2875536480686733
2026-08-17,9201,stop,False,,,,,,,,-0.09904258831296975,-1.2875536480686733
2026-08-17,9507,market,True,1807.0,1.8539014941892695,,,,2.6009961261759917,-0.3320420586607642,,
2026-08-17,9507,limit,False,,,,,,,,2.5726141078838083,-0.3596127247579517
2026-08-17,9507,stop,True,1827.505,0.7110787658583639,,,,1.4497908350455946,-1.4503380291709278,,
2026-08-17,9744,market,True,3301.0,0.18176310209028212,,,,0.5755831566192082,-0.48470160557406716,,
2026-08-17,9744,limit,False,,,,,,,,0.45385779122542047,-0.6051437216338829
2026-08-17,9744,stop,False,,,,,,,,0.45385779122542047,-0.6051437216338829
2026-08-17,3825,market,True,210.0,1.904761904761898,,,,7.14285714285714,0.0,,
2026-08-17,3825,limit,False,,,,,,,,7.655502392344493,0.4784688995215225
2026-08-17,3825,stop,False,,,,,,,,7.655502392344493,0.4784688995215225
2026-08-17,9024,market,True,3252.0,1.1377613776137663,,,,2.4292742927429334,-0.49200492004920493,,
2026-08-17,9024,limit,True,3252.0,1.1377613776137663,,,,2.4292742927429334,-0.49200492004920493,,
2026-08-17,9024,stop,False,,,,,,,,1.6168395363026278,-1.281269066503965
2026-08-17,8233,market,True,2237.0,1.274027715690651,,,,1.3187304425569923,-0.4246759052302207,,
2026-08-17,8233,limit,True,2237.0,1.274027715690651,,,,1.3187304425569923,-0.4246759052302207,,
2026-08-17,8233,stop,False,,,,,,,,0.9576837416481077,-0.7795100222717122
2026-08-17,3923,market,True,1090.0,0.04587155963302614,,,,2.706422018348631,-1.6513761467889854,,
2026-08-17,3923,limit,False,,,,,,,,1.7727272727272814,-2.5454545454545507
2026-08-17,3923,stop,False,,,,,,,,1.7727272727272814,-2.5454545454545507
2026-08-17,3276,market,True,2244.0,0.0,,,,0.04456327985740138,0.0,,
2026-08-17,3276,limit,False,,,,,,,,0.04456327985740138,0.0
2026-08-17,3276,stop,False,,,,,,,,0.04456327985740138,0.0
2026-08-17,7616,market,True,1990.0,1.005025125628145,,,,1.005025125628145,-0.45226130653266416,,
2026-08-17,7616,limit,True,1981.0125,1.4632668900372847,,,,1.4632668900372847,-0.0006309904657331167,,
2026-08-17,7616,stop,False,,,,,,,,0.24937655860348684,-1.1970074812967635
2026-08-17,7545,market,True,1991.0,1.3058764439979997,,,,1.6574585635359185,-0.35158211953791874,,
2026-08-17,7545,limit,False,,,,,,,,1.4028056112224352,-0.6012024048096198
2026-08-17,7545,stop,False,,,,,,,,1.4028056112224352,-0.6012024048096198
2026-08-17,4443,market,True,1883.0,5.788635156664901,,,,7.32873074880509,-0.371747211895912,,
2026-08-17,4443,limit,False,,,,,,,,0.3974167908594062,-6.8057625434674645
2026-08-17,4443,stop,False,,,,,,,,0.3974167908594062,-6.8057625434674645
2026-08-17,4493,market,True,1881.0,2.12652844231791,,,,4.093567251461994,-0.31897926634768536,,
2026-08-17,4493,limit,False,,,,,,,,2.9442691903259766,-1.4195583596214534
2026-08-17,4493,stop,False,,,,,,,,2.9442691903259766,-1.4195583596214534
2026-08-17,4552,market,True,502.0,4.581673306772904,,,,5.776892430278879,0.0,,
2026-08-17,4552,limit,False,,,,,,,,6.626506024096379,0.8032128514056325
2026-08-17,4552,stop,False,,,,,,,,6.626506024096379,0.8032128514056325
2026-08-17,4587,market,True,988.7999877929688,3.7115708596383357,,,,5.987056324623086,-0.28317029000156646,,
2026-08-17,4587,limit,False,,,,,,,,4.538653366583545,-1.6458852867830442
2026-08-17,4587,stop,False,,,,,,,,4.538653366583545,-1.6458852867830442
2026-08-17,7199,market,True,2103.0,-1.854493580599148,,,,0.0,-1.902044698050409,,
2026-08-17,7199,limit,False,,,,,,,,-0.2844950213371278,-2.1811284969179723
2026-08-17,7199,stop,False,,,,,,,,-0.2844950213371278,-2.1811284969179723
2026-08-17,7242,market,True,4600.0,0.8695652173912993,,,,1.521739130434785,-0.43478260869564966,,
2026-08-17,7242,limit,False,,,,,,,,1.4115092290988063,-0.5428881650380024
2026-08-17,7242,stop,False,,,,,,,,1.4115092290988063,-0.5428881650380024
2026-08-17,7453,market,True,4280.0,0.5373831775700832,,,,1.1448598130841203,-0.42056074766355644,,
2026-08-17,7453,limit,False,,,,,,,,-0.36823935558112364,-1.9102416570771052
2026-08-17,7453,stop,False,,,,,,,,-0.36823935558112364,-1.9102416570771052
2026-08-17,8624,market,True,1639.0,-0.4270896888346587,,,,0.9762050030506453,-0.4270896888346587,,
2026-08-17,8624,limit,False,,,,,,,,0.9762050030506453,-0.4270896888346587
2026-08-17,8624,stop,False,,,,,,,,0.9762050030506453,-0.4270896888346587
2026-08-17,8707,market,True,4360.0,-0.34403669724770714,,,,1.2614678899082632,-1.0321100917431214,,
2026-08-17,8707,limit,False,,,,,,,,1.7281105990783363,-0.5760368663594417
2026-08-17,8707,stop,False,,,,,,,,1.7281105990783363,-0.5760368663594417
2026-08-17,4784,market,True,545.0,7.1559633027522995,,,,7.88990825688074,-0.18348623853210455,,
2026-08-17,4784,limit,False,,,,,,,,8.687615526802217,0.5545286506469571
2026-08-17,4784,stop,False,,,,,,,,8.687615526802217,0.5545286506469571
2026-08-17,2222,market,True,2675.5,0.24294524387964422,,,,1.289478602130445,-1.6445524201083916,,
2026-08-17,2222,limit,False,,,,,,,,0.22189349112426981,-2.6812130177514826
2026-08-17,2222,stop,False,,,,,,,,0.22189349112426981,-2.6812130177514826
2026-08-17,2267,market,True,2825.0,0.7256637168141511,,,,1.3628318584070875,-0.3185840707964571,,
2026-08-17,2267,limit,False,,,,,,,,0.809716599190291,-0.8625242034853042
2026-08-17,2267,stop,False,,,,,,,,0.809716599190291,-0.8625242034853042
2026-08-17,2327,market,True,3727.0,1.126911725248192,,,,2.20016098738931,-0.67078078883821,,
2026-08-17,2327,limit,True,3727.0,1.126911725248192,,,,2.20016098738931,-0.67078078883821,,
2026-08-17,2327,stop,False,,,,,,,,0.7938608097380229,-2.0375760783275965
2026-08-17,4732,market,True,1996.0,-1.1022044088176308,,,,0.025050100200396663,-1.177354709418843,,
2026-08-17,4732,limit,True,1974.0475000000001,-0.002406223761086679,,,,1.1373839788556106,-0.07839223726886502,,
2026-08-17,4732,stop,False,,,,,,,,0.025050100200396663,-1.177354709418843
2026-08-17,5393,market,True,3576.0,-1.5380313199105156,,,,1.230425055928408,-1.9854586129753882,,
2026-08-17,5393,limit,False,,,,,,,,1.0044642857142794,-2.20424107142857
2026-08-17,5393,stop,False,,,,,,,,1.0044642857142794,-2.20424107142857
2026-08-17,5101,market,True,7597.0,0.6581545346847406,,,,2.1982361458470434,-0.7634592602343004,,
2026-08-17,5101,limit,True,7549.794999999999,1.287518402817578,,,,2.837229355234161,-0.14298401479774236,,
2026-08-17,5101,stop,False,,,,,,,,1.3577023498694496,-1.5796344647519556
2026-08-17,3201,market,True,1973.0,-0.7095793208312218,,,,0.40547389761784736,-0.7095793208312218,,
2026-08-17,3201,limit,False,,,,,,,,0.40547389761784736,-0.7095793208312218
2026-08-17,3201,stop,False,,,,,,,,0.40547389761784736,-0.7095793208312218
2026-08-17,5889,market,True,2512.0,-0.398089171974525,,,,1.4331210191082855,-1.3535031847133783,,
2026-08-17,5889,limit,False,,,,,,,,0.4731861198738141,-2.287066246056779
2026-08-17,5889,stop,False,,,,,,,,0.4731861198738141,-2.287066246056779
2026-08-17,6036,market,True,3105.0,-2.5764895330112725,,,,3.059581320450877,-2.898550724637683,,
2026-08-17,6036,limit,False,,,,,,,,0.7874015748031482,-5.039370078740157
2026-08-17,6036,stop,False,,,,,,,,0.7874015748031482,-5.039370078740157
2026-08-17,2980,market,True,2507.0,0.43877143996808865,,,,2.87195851615476,-0.35899481451934223,,
2026-08-17,2980,limit,True,2507.0,0.43877143996808865,,,,2.87195851615476,-0.35899481451934223,,
2026-08-17,2980,stop,False,,,,,,,,1.7357001972386543,-1.4595660749506911
2026-08-17,2371,market,True,3701.0,0.24317751958931044,,,,0.5133747635774011,0.0,,
2026-08-17,2371,limit,False,,,,,,,,0.540540540540535,0.027027027027037853
2026-08-17,2371,stop,False,,,,,,,,0.540540540540535,0.027027027027037853
2026-08-17,2379,market,True,1825.0,-0.657534246575342,,,,0.273972602739736,-0.7671232876712342,,
2026-08-17,2379,limit,True,1813.425,-0.02343631525979495,,,,0.9140162951321473,-0.13372485765884567,,
2026-08-17,2379,stop,False,,,,,,,,0.38398244651673963,-0.6582556226001124
2026-08-17,2501,market,True,1944.0,-0.5658436213991758,,,,0.38580246913579863,-1.620370370370372,,
2026-08-17,2501,limit,True,1944.0,-0.5658436213991758,,,,0.38580246913579863,-1.620370370370372,,
2026-08-17,2501,stop,False,,,,,,,,-0.02561475409835756,-2.0235655737704916
2026-08-17,2670,market,True,2761.5,0.6156074597139183,,,,0.9415172913271874,-0.23537932283179686,,
2026-08-17,2670,limit,False,,,,,,,,0.08976660682227244,-1.0771992818671472
2026-08-17,2670,stop,False,,,,,,,,0.08976660682227244,-1.0771992818671472
2026-08-17,6309,market,True,1991.0,0.5022601707684649,,,,1.6574585635359185,-0.5524861878453025,,
2026-08-17,6309,limit,False,,,,,,,,1.70854271356784,-0.5025125628140725
2026-08-17,6309,stop,True,2009.65,-0.4304232080213022,,,,0.7140546861393648,-1.4753812852984383,,
2026-08-17,8708,market,True,1720.0,0.23255813953488857,,,,0.9883720930232487,-0.23255813953488857,,
2026-08-17,8708,limit,False,,,,,,,,1.282798833819232,0.05830903790087216
2026-08-17,8708,stop,False,,,,,,,,1.282798833819232,0.05830903790087216
2026-08-17,3791,market,True,1090.0,-0.18348623853210455,,,,1.192660550458724,-0.5504587155963248,,
2026-08-17,3791,limit,False,,,,,,,,0.45537340619308253,-1.2750455373406244
2026-08-17,3791,stop,False,,,,,,,,0.45537340619308253,-1.2750455373406244
2026-08-17,1822,market,True,804.0,0.3731343283582156,,,,0.746268656716409,-0.497512437810943,,
2026-08-17,1822,limit,False,,,,,,,,0.24752475247524774,-0.990099009900991
2026-08-17,1822,stop,False,,,,,,,,0.24752475247524774,-0.990099009900991
