シグナル日,コード,ランク,買い・売り,RSI14,出来高倍率,BB位置,ローソク足パターン,シグナル種別,1日後終値,2日後終値,3日後終値,5日後終値,10日後終値,20日後終値,1日後騰落率,2日後騰落率,3日後騰落率,5日後騰落率,10日後騰落率,20日後騰落率,期間中最高値,期間中最安値,最大上昇率,最大下落率,利確到達,損切り到達,5日損益率
2026-08-14,9984,S,買い,51.63,0.62,+0.88σ,なし,,5886.0,5830.0,,,,,1.6931582584657878,0.7256392536281853,,,,,6230.0,5653.0,7.6364892881824575,-2.332411886662056,False,False,
2026-08-14,4385,S,買い,58.88,0.82,+1.03σ,強気包み足 / 前日安値割れ反転,,4610.0,4473.0,,,,,-3.6975141006893697,-6.559431794443283,,,,,4893.0,4473.0,2.214330478378934,-6.559431794443283,False,False,
2026-08-14,5842,S,売り,55.86,2.84,+1.47σ,陽線→陰線 / 前日高値超え反転,,3080.0,2979.0,,,,,-2.4958402662229595,0.8652246256239615,,,,,3135.0,2969.0,4.3261231281197965,-1.1980033277870228,False,False,
2026-08-14,6287,S,売り,69.2,2.06,+2.02σ,なし,,2793.0,2783.0,,,,,-0.5037783375314797,-0.14393666786614023,,,,,2867.0,2763.0,3.166606693055063,-0.5757466714645609,False,False,
2026-08-13,4180,S,売り,61.51,1.56,+1.07σ,弱気包み足 / 長い上ヒゲ / 前日高値超え反転,,1132.0,1302.0,1273.0,,,,-15.274949083503063,-32.58655804480652,-29.633401221995936,,,,1353.0,1132.0,37.78004073319756,15.274949083503063,False,True,
2026-08-14,2749,S,売り,63.37,1.5,+1.58σ,はらみ足,,643.0,653.0,,,,,1.0769230769230753,-0.4615384615384688,,,,,660.0,638.0,1.538461538461533,-1.8461538461538418,False,False,
2026-08-14,6425,S,売り,64.0,0.93,+1.54σ,陽線→陰線 / はらみ足,,750.0,728.0,,,,,0.26595744680850686,3.1914893617021267,,,,,763.0,726.0,1.46276595744681,-3.4574468085106336,False,False,
2026-08-14,6750,S,売り,59.74,2.33,+1.39σ,陽線→陰線 / はらみ足,,1909.0,1905.0,,,,,1.394628099173556,1.6012396694214837,,,,,1940.0,1886.0,0.20661157024792765,-2.5826446280991733,False,False,
2026-08-14,7936,除外,買い,63.87,6.96,+2.90σ,陰線→陽線 / 前日安値割れ反転 / 2～5日下落後の陽線,,5148.0,4897.0,,,,,-1.3604138723893433,-6.169764322667182,,,,,5440.0,4888.0,4.234527687296419,-6.342211151561605,False,False,
2026-08-14,2695,S,売り,58.97,0.68,+1.03σ,陽線→陰線 / 弱気包み足,,1688.0,1693.0,,,,,-0.17804154302669684,-0.47477744807120636,,,,,1704.0,1663.0,1.1275964391691318,-1.3056379821958508,False,False,
2026-08-14,6638,S,買い,46.96,1.03,-0.90σ,強気包み足 / 2～5日下落後の陽線,,1965.0,1922.0,,,,,-1.2562814070351758,-3.41708542713568,,,,,2021.0,1913.0,1.557788944723626,-3.869346733668344,False,False,
2026-08-14,6969,S,買い,45.13,0.87,-0.12σ,強気包み足 / はらみ足 / 長い下ヒゲ（ハンマー） / 2～5日下落後の陽線,,1087.0,1069.0,,,,,1.8744142455482615,0.18744142455482393,,,,,1115.0,1055.0,4.498594189315841,-1.1246485473289547,False,False,
2026-08-14,7138,S,買い,47.42,0.19,-0.40σ,陰線→陽線 / 強気包み足 / 前日安値割れ反転 / 2～5日下落後の陽線,,126.0,127.0,,,,,-0.7874015748031482,0.0,,,,,130.0,124.0,2.3622047244094446,-2.3622047244094446,False,False,
2026-08-14,4206,S,売り,71.02,0.49,+1.36σ,弱気包み足,,4066.0,4060.0,,,,,1.5496368038740882,1.6949152542372836,,,,,4152.0,4030.0,0.5326876513317202,-2.421307506053272,False,False,
2026-08-14,9416,S,売り,56.92,0.88,+1.11σ,陽線→陰線 / 前日高値超え反転,,1043.0,1053.0,,,,,-0.28846153846153744,-1.2499999999999956,,,,,1057.0,1039.0,1.6346153846153788,-0.09615384615384581,False,False,
2026-08-14,8919,S,売り,63.67,0.59,+1.85σ,なし,,3630.0,3555.0,,,,,-1.96629213483146,0.1404494382022503,,,,,3665.0,3535.0,2.949438202247201,-0.7022471910112404,False,False,
2026-08-14,9010,S,売り,59.28,0.54,+0.39σ,弱気包み足 / はらみ足,,2719.0,2700.0,,,,,0.6213450292397615,1.3157894736842146,,,,,2764.0,2666.0,1.023391812865504,-2.5584795321637377,False,False,
2026-08-13,3659,S,売り,61.5,1.02,+1.07σ,はらみ足,,3022.0,3045.0,3002.0,,,,-19.84929605393615,-20.76145151695419,-19.056117390442196,,,,3349.0,2947.0,32.817767202062264,16.87487606583382,False,True,
2026-08-14,4116,S,売り,78.55,0.83,+1.59σ,陽線→陰線 / 前日高値超え反転,,1344.0,1341.0,,,,,-0.0,0.22321428571429047,,,,,1357.0,1323.0,0.9672619047619069,-1.5625,False,False,
2026-08-14,3397,S,売り,52.74,2.68,-0.13σ,陽線→陰線 / 弱気包み足 / 前日高値超え反転,,4152.0,4152.0,,,,,1.3307984790874472,1.3307984790874472,,,,,4220.0,4107.0,0.2851711026615966,-2.4001901140684456,False,False,
2026-08-14,5463,S,買い,46.8,0.89,-0.91σ,陰線→陽線 / 強気包み足 / 前日安値割れ反転 / 2～5日下落後の陽線,,1777.5,1773.5,,,,,0.7082152974504208,0.48158640226629856,,,,,1815.0,1765.0,2.8328611898017053,0.0,False,False,
2026-08-14,8830,S,売り,32.3,1.05,-1.56σ,弱気包み足,,3360.0,3314.0,,,,,0.5328596802841923,1.8946121965660145,,,,,3385.0,3314.0,0.2072232089994186,-1.8946121965660145,False,False,
2026-08-14,9552,S,売り,61.34,1.3,+1.19σ,陽線→陰線 / はらみ足,,987.0,975.0,,,,,0.7042253521126751,1.9114688128772594,,,,,1004.0,897.0,1.0060362173038184,-9.758551307847085,False,False,
2026-08-14,9708,S,売り,45.34,0.37,-0.46σ,陽線→陰線 / 弱気包み足 / 前日高値超え反転,,982.0,989.0,,,,,0.5065856129685908,-0.20263424518742745,,,,,993.0,981.0,0.6079027355623046,-0.6079027355623046,False,False,
2026-08-14,8179,S,売り,50.72,1.1,-0.13σ,陽線→陰線,,1291.0,1297.0,,,,,0.9969325153374231,0.5368098159509227,,,,,1309.0,1282.0,0.3834355828220781,-1.6871165644171793,False,False,
2026-08-14,2918,S,売り,63.93,1.1,+1.04σ,前日高値超え反転,,2801.0,2795.0,,,,,1.0946327683615809,1.3064971751412413,,,,,2830.0,2781.0,-0.07062146892655718,-1.8008474576271194,False,False,
2026-08-14,6376,除外,買い,61.64,1.65,+2.08σ,陰線→陽線 / 前日安値割れ反転 / 2～5日下落後の陽線,,3720.0,3660.0,,,,,-13.185530921820298,-14.585764294049008,,,,,4330.0,3620.0,1.0501750291715295,-15.519253208868145,False,True,
2026-08-14,6840,S,買い,51.43,1.81,+0.79σ,陰線→陽線 / 前日安値割れ反転 / 2～5日下落後の陽線,,787.0,835.0,,,,,6.929347826086962,13.45108695652173,,,,,864.0,724.0,17.391304347826097,-1.6304347826086918,False,False,
2026-08-14,7746,S,買い,47.4,0.81,+0.15σ,強気包み足 / 2～5日下落後の陽線,,768.0,745.0,,,,,3.087248322147662,0.0,,,,,787.0,744.0,5.637583892617459,-0.13422818791946067,False,False,
2026-08-14,4819,S,売り,54.25,1.3,-0.18σ,陽線→陰線 / 前日高値超え反転,,2200.0,2237.0,,,,,4.63805808409189,3.0342436064152545,,,,,2370.0,2177.0,2.7308192457737412,-5.635023840485475,False,False,
2026-08-14,9936,S,売り,45.07,0.81,-0.97σ,陽線→陰線 / 長い上ヒゲ,,2820.0,2832.0,,,,,1.8447615732683609,1.4270797076226915,,,,,2859.0,2801.0,-0.4872955099199494,-2.506091193873994,False,False,
2026-08-14,3905,S,買い,34.53,1.51,-0.99σ,なし,,1807.0,1693.0,,,,,-4.442094130089902,-10.47065044949762,,,,,1997.0,1602.0,5.605499735589636,-15.282919090428349,False,False,
2026-08-14,8001,S,売り,65.34,0.5,+1.15σ,長い上ヒゲ,,1991.5,2000.5,,,,,3.8155035015696726,3.3808258874667985,,,,,2071.5,1959.5,0.04829751267809712,-5.36102390726878,False,False,
2026-08-14,8802,S,売り,35.57,0.75,-1.33σ,長い上ヒゲ,,3675.0,3601.0,,,,,-0.05445140212361199,1.9602504764497652,,,,,3751.0,3601.0,2.123604682820579,-1.9602504764497652,False,False,
2026-08-14,8934,S,売り,47.78,0.69,-0.77σ,陽線→陰線 / 長い上ヒゲ / 前日高値超え反転,,2467.0,2472.0,,,,,-0.32533550223667884,-0.5286701911346059,,,,,2492.0,2444.0,1.342008946726314,-0.6100040666937812,False,False,
2026-08-14,9069,S,売り,71.55,0.55,+1.80σ,はらみ足,,2310.0,2342.5,,,,,-0.7413868294810388,-2.158744003488877,,,,,2354.0,2289.5,2.6602703881378087,-0.15263846489315114,False,False,
2026-08-14,5975,S,売り,74.63,0.56,+1.86σ,はらみ足,,3190.0,3220.0,,,,,1.391035548686248,0.46367851622874934,,,,,3295.0,3165.0,1.8547140649149974,-2.163833075734156,False,False,
2026-08-14,9436,S,買い,55.54,1.21,+0.42σ,陰線→陽線 / 前日安値割れ反転 / 2～5日下落後の陽線,,4005.0,4010.0,,,,,0.7547169811320753,0.8805031446540879,,,,,4045.0,3980.0,1.7610062893081757,0.12578616352201255,False,False,
2026-08-14,2379,S,売り,56.32,0.64,+0.76σ,陽線→陰線 / 前日高値超え反転,,1823.0,1813.0,,,,,2.094522019334044,2.631578947368418,,,,,1861.0,1811.0,-0.05370569280344073,-2.7389903329752996,False,False,
2026-08-14,6145,S,買い,39.83,0.57,-1.16σ,なし,,2520.0,2423.0,,,,,3.831891223732997,-0.16481252575195615,,,,,2524.0,2412.0,3.9967037494849533,-0.6180469715698411,False,False,
2026-08-14,4972,S,買い,51.36,0.23,+0.15σ,強気包み足 / 前日安値割れ反転 / 2～5日下落後の陽線,,3355.0,3475.0,,,,,-0.2971768202080227,3.268945022288272,,,,,3500.0,3330.0,4.011887072808329,-1.0401188707280795,False,False,
2026-08-14,3997,S,売り,52.47,0.56,+0.30σ,陽線→陰線 / はらみ足 / 長い上ヒゲ,,386.0,386.0,,,,,0.2583979328165342,0.2583979328165342,,,,,417.0,378.0,7.751937984496116,-2.3255813953488413,False,False,
2026-08-14,9960,S,買い,43.37,0.6,-1.05σ,陰線→陽線 / 2～5日下落後の陽線,,3860.0,3790.0,,,,,1.5789473684210575,-0.2631578947368429,,,,,3895.0,3790.0,2.499999999999991,-0.2631578947368429,False,False,
2026-08-14,8609,S,売り,60.48,0.39,+0.91σ,陽線→陰線 / 前日高値超え反転,,1092.0,1092.0,,,,,2.0627802690582953,2.0627802690582953,,,,,1115.0,1085.0,0.0,-2.6905829596412523,False,False,
2026-08-14,8508,除外,買い,60.79,2.06,+1.67σ,2～5日下落後の陽線,,915.0,903.0,,,,,2.4636058230683044,1.1198208286674172,,,,,954.0,881.0,6.830907054871216,-1.3437849944008984,False,False,
2026-08-14,3046,S,買い,46.59,0.48,+0.32σ,陰線→陽線 / 強気包み足 / 前日安値割れ反転 / 2～5日下落後の陽線,,6440.0,6260.0,,,,,-2.865761689291102,-5.580693815987936,,,,,6660.0,6250.0,0.4524886877828038,-5.731523378582204,False,False,
2026-08-14,6364,S,売り,65.8,0.42,+0.76σ,陽線→陰線 / はらみ足 / 長い上ヒゲ,,2558.0,2571.0,,,,,-0.1566170712607784,-0.6656225528582693,,,,,2597.0,2512.0,1.6836335160532512,-1.6444792482380621,False,False,
2026-08-14,5911,S,買い,55.78,0.58,+0.20σ,陰線→陽線 / 強気包み足 / 前日安値割れ反転 / 2～5日下落後の陽線,,2959.0,2997.0,,,,,0.6120367222033352,1.9041142468548156,,,,,2998.0,2957.0,1.9381162869772206,0.5440326419585251,False,False,
2026-08-14,5989,S,買い,47.58,1.04,-0.52σ,2～5日下落後の陽線,,1552.0,1538.0,,,,,3.122923588039872,2.19269102990034,,,,,1569.0,1491.0,4.252491694352156,-0.9302325581395321,False,False,
2026-08-14,7616,S,売り,58.56,0.62,+0.65σ,陽線→陰線 / はらみ足,,2005.0,2010.0,,,,,2.858527131782951,2.6162790697674465,,,,,2037.5,1981.0,-1.2839147286821673,-4.02131782945736,False,False,
2026-08-14,7575,S,売り,66.84,0.81,+0.92σ,はらみ足,,1515.0,1507.0,,,,,0.9803921568627416,1.5032679738562038,,,,,1538.0,1496.0,0.5228758169934622,-2.2222222222222254,False,False,
2026-08-14,7256,除外,買い,61.18,23.26,+2.67σ,陰線→陽線 / 前日安値割れ反転 / 2～5日下落後の陽線,,463.0,468.0,,,,,-1.698513800424628,-0.6369426751592355,,,,,504.0,452.0,7.006369426751591,-4.033970276008492,False,False,
2026-08-14,4681,S,売り,57.76,0.67,+1.14σ,なし,,1814.0,1814.0,,,,,1.332608104432964,1.332608104432964,,,,,1849.5,1789.5,0.5983138428066415,-2.665216208865928,False,False,
2026-08-14,4452,S,売り,59.37,0.58,+0.91σ,なし,,3493.0,3505.0,,,,,1.355549279864443,1.016661959898335,,,,,3554.0,3462.0,0.3671279299632957,-2.231008189776895,False,False,
2026-08-14,4765,S,売り,59.65,0.36,+1.02σ,なし,,616.0,615.0,,,,,-0.1626016260162677,-0.0,,,,,624.0,613.0,1.4634146341463428,-0.3252032520325243,False,False,
2026-08-14,9746,S,売り,66.34,0.52,+1.11σ,前日高値超え反転,,3955.0,3980.0,,,,,0.5031446540880502,-0.12578616352201255,,,,,4015.0,3925.0,1.0062893081761004,-1.2578616352201255,False,False,
2026-08-14,5216,S,売り,47.79,0.15,-0.80σ,はらみ足,,154.0,154.0,,,,,-0.6535947712418277,-0.6535947712418277,,,,,155.0,151.0,1.3071895424836555,-1.3071895424836555,False,False,
2026-08-14,1951,S,売り,48.17,0.41,+0.28σ,はらみ足,,2660.0,2617.5,,,,,-1.1406844106463865,0.47528517110265733,,,,,2683.5,2617.0,2.0342205323193863,-0.4942965779467734,False,False,
2026-08-14,9003,S,売り,48.25,0.6,-0.47σ,陽線→陰線,,2532.5,2561.0,,,,,-0.575853852263708,-1.707704527402698,,,,,2571.5,2498.0,2.1247021445591763,-0.7942811755361379,False,False,
2026-08-14,9303,S,売り,55.74,0.49,+0.51σ,なし,,4050.0,4120.0,,,,,0.7352941176470562,-0.9803921568627416,,,,,4135.0,4005.0,1.3480392156862697,-1.8382352941176516,False,False,
2026-08-14,7780,S,売り,65.35,0.6,+1.34σ,なし,,1957.0,1973.0,,,,,0.6598984771573613,-0.1522842639593902,,,,,2009.0,1955.0,1.9796954314720727,-0.761421319796951,False,False,
2026-08-14,8133,S,売り,59.88,0.39,+1.19σ,はらみ足,,2139.0,2184.0,,,,,0.04672897196261738,-2.0560747663551426,,,,,2200.0,2137.0,2.8037383177569986,-0.14018691588785215,False,False,
2026-08-14,8267,S,売り,49.68,0.81,+0.10σ,陽線→陰線 / 前日高値超え反転,,1362.5,1351.5,,,,,1.1606819006166114,1.9586507072905324,,,,,1388.5,1331.5,0.7254261878853807,-3.409503083061294,False,False,
2026-08-14,7818,S,買い,42.73,0.94,-0.40σ,陰線→陽線 / 前日安値割れ反転 / 2～5日下落後の陽線,,1198.0,1195.0,,,,,-0.33277870216306127,-0.5823627287853572,,,,,1214.0,1181.0,0.9983361064891838,-1.7470881863560717,False,False,
2026-08-14,3289,S,売り,49.39,0.49,-0.37σ,陽線→陰線,,1317.5,1315.0,,,,,0.07584376185059138,0.26545316647705874,,,,,1327.0,1313.5,0.6446719757299935,-0.3792188092529347,False,False,
2026-08-14,3167,S,売り,64.47,0.47,+1.55σ,前日高値超え反転,,1234.0,1251.0,,,,,-0.0,-1.3776337115072979,,,,,1256.0,1233.0,1.7828200972447306,-0.08103727714748876,False,False,
2026-08-14,7760,S,買い,44.01,0.77,-0.76σ,2～5日下落後の陽線,,2193.0,2086.0,,,,,3.687943262411353,-1.3711583924349902,,,,,2219.0,2081.0,4.917257683215137,-1.6075650118203333,False,False,
2026-08-14,4927,S,売り,63.62,0.37,+1.31σ,なし,,1377.5,1380.0,,,,,2.5123849964614253,2.3354564755838636,,,,,1408.0,1366.0,-0.35385704175513455,-3.3262561924982337,False,False,
2026-08-14,5233,S,売り,53.5,0.45,+0.58σ,弱気包み足,,4201.0,4227.0,,,,,-0.0,-0.6189002618424144,,,,,4353.0,4155.0,3.6181861461556775,-1.094977386336582,False,False,
2026-08-14,6305,S,売り,53.43,0.95,+0.51σ,弱気包み足 / はらみ足,,5390.0,5490.0,,,,,2.6724449259660554,0.8667388949079036,,,,,5591.0,5390.0,0.9570241964608206,-2.6724449259660554,False,False,
2026-08-14,5240,S,売り,54.08,0.14,+0.19σ,弱気包み足,,211.0,203.0,,,,,-1.4423076923076872,2.4038461538461564,,,,,220.0,194.0,5.769230769230771,-6.730769230769229,False,False,
2026-08-14,6807,S,売り,44.26,0.42,-1.03σ,陽線→陰線 / 長い上ヒゲ / 前日高値超え反転,,2345.0,2380.0,,,,,-0.7302405498281761,-2.2336769759450092,,,,,2414.0,2307.0,3.6941580756013837,-0.9020618556700999,False,False,
2026-08-14,9962,A,買い,51.41,0.59,+0.51σ,陰線→陽線 / 2～5日下落後の陽線,,3948.0,3894.0,,,,,4.031620553359683,2.60869565217392,,,,,3984.0,3854.0,4.980237154150191,1.5546772068511183,False,False,
2026-08-14,9880,A,買い,55.35,0.68,+1.28σ,強気包み足 / 2～5日下落後の陽線,,3865.0,3755.0,,,,,4.037685060565277,1.076716016150736,,,,,3890.0,3720.0,4.71063257065949,0.13458950201883368,False,False,
2026-08-14,7947,A,買い,62.07,0.41,+1.39σ,陰線→陽線 / 強気包み足 / 2～5日下落後の陽線,,2692.0,2747.0,,,,,-0.7374631268436627,1.2905604719763986,,,,,2758.0,2680.0,1.6961651917404064,-1.179941002949858,False,False,
2026-08-14,1377,A,売り,52.75,0.53,-0.14σ,陽線→陰線 / 弱気包み足 / 前日高値超え反転,,4380.0,4460.0,,,,,-0.11428571428571122,-1.942857142857135,,,,,4470.0,4360.0,2.1714285714285797,-0.34285714285714475,False,False,
2026-08-14,5121,A,買い,64.25,0.61,+1.37σ,強気包み足 / 2～5日下落後の陽線,,2801.0,2773.0,,,,,1.559100797679469,0.5438723712835491,,,,,2830.0,2743.0,2.610587382160978,-0.543872371283538,False,False,
2026-08-14,5423,A,売り,47.25,0.59,-0.59σ,前日高値超え反転,,1717.0,1742.0,,,,,0.17441860465116088,-1.2790697674418539,,,,,1764.0,1706.0,2.55813953488373,-0.8139534883720878,False,False,
2026-08-14,4887,A,売り,44.23,0.95,-0.76σ,陽線→陰線 / はらみ足,,1600.0,1605.0,,,,,1.659496004917027,1.3521819299323945,,,,,1632.0,1600.0,0.3073140749846326,-1.659496004917027,False,False,
2026-08-14,8914,A,売り,51.54,0.77,-0.22σ,陽線→陰線 / はらみ足,,920.0,905.0,,,,,0.7551240560949246,2.373247033441206,,,,,950.0,904.0,2.481121898597616,-2.481121898597627,False,False,
2026-08-14,6433,A,買い,51.42,0.59,+0.66σ,強気包み足 / 2～5日下落後の陽線,,1030.0,1039.0,,,,,2.385685884691857,3.280318091451284,,,,,1062.0,994.0,5.566600397614319,-1.1928429423459286,False,False,
2026-08-14,6526,A,買い,45.0,0.84,-0.19σ,2～5日下落後の陽線,,2131.0,2019.0,,,,,0.6137865911236995,-4.674220963172804,,,,,2147.0,2019.0,1.369216241737492,-4.674220963172804,False,False,
2026-08-14,6629,A,買い,52.76,0.67,+0.64σ,強気包み足 / 2～5日下落後の陽線,,1009.0,983.0,,,,,0.29821073558649047,-2.2862823061630233,,,,,1020.0,980.0,1.3916500994035852,-2.5844930417495027,False,False,
2026-08-14,6368,A,買い,49.61,0.59,+0.27σ,2～5日下落後の陽線,,14770.0,13980.0,,,,,-0.5387205387205385,-5.8585858585858634,,,,,15170.0,13980.0,2.154882154882154,-5.8585858585858634,False,False,
2026-08-14,3288,A,売り,43.19,0.65,-1.23σ,陽線→陰線 / 前日高値超え反転,,8191.0,7974.0,,,,,0.41337386018237554,3.051671732522798,,,,,8268.0,7933.0,0.5227963525835877,-3.5501519756838906,False,False,
2026-08-14,3105,A,買い,59.82,0.63,+1.52σ,強気包み足 / 2～5日下落後の陽線,,2454.5,2318.0,,,,,-0.7881972514147129,-6.305578011317703,,,,,2500.0,2318.0,1.0509296685529579,-6.305578011317703,False,False,
2026-08-14,3544,A,買い,68.07,0.09,+0.08σ,陰線→陽線 / 強気包み足 / 2～5日下落後の陽線,,1248.0,1246.0,,,,,-0.16000000000000458,-0.31999999999999806,,,,,1250.0,1246.0,0.0,-0.31999999999999806,False,False,
2026-08-14,4661,A,売り,59.06,0.43,+0.60σ,陽線→陰線 / 前日高値超え反転,,2881.0,2881.0,,,,,3.3383660459654463,3.3383660459654463,,,,,2967.5,2819.5,-0.43616842811609047,-5.401778225130016,False,False,
2026-08-14,2175,A,買い,56.1,0.43,+0.19σ,陰線→陽線 / 強気包み足 / 2～5日下落後の陽線,,2286.0,2284.0,,,,,-2.7234042553191506,-2.8085106382978675,,,,,2323.0,2254.0,-1.1489361702127665,-4.08510638297872,False,False,
2026-08-14,1968,A,売り,40.19,0.9,-1.16σ,陽線→陰線 / 前日高値超え反転,,2433.0,2385.0,,,,,-2.0981955518254214,-0.08392782207302663,,,,,2465.0,2381.0,3.441040704993714,-0.08392782207301552,False,False,
2026-08-14,8848,A,売り,37.25,0.6,-1.88σ,陽線→陰線 / 前日高値超え反転,,622.0,625.0,,,,,-0.3225806451612856,-0.8064516129032251,,,,,632.0,618.0,1.9354838709677358,-0.3225806451612856,False,False,
2026-08-14,9532,A,売り,47.39,0.51,-0.55σ,なし,,5415.0,5444.0,,,,,-0.07392348918868752,-0.6098687858066887,,,,,5491.0,5362.0,1.4784697837737948,-0.9055627425614499,False,False,
2026-08-14,6369,A,買い,55.97,0.63,+1.38σ,強気包み足 / 2～5日下落後の陽線,,2508.0,2496.0,,,,,0.6016847172081841,0.1203369434416457,,,,,2526.0,2474.0,1.3237063778579916,-0.7621339751303635,False,False,
2026-08-14,6118,A,買い,54.87,0.47,+0.80σ,2～5日下落後の陽線,,1252.0,1287.0,,,,,2.454991816693952,5.319148936170204,,,,,1300.0,1227.0,6.382978723404253,0.40916530278232166,False,False,
2026-08-14,6005,A,買い,50.69,0.57,+0.11σ,陰線→陽線 / 強気包み足 / 2～5日下落後の陽線,,3187.0,3113.0,,,,,-0.09404388714733258,-2.4137931034482807,,,,,3208.0,3097.0,0.5642633228840177,-2.915360501567399,False,False,
2026-08-14,6227,A,買い,47.42,0.71,-0.37σ,陰線→陽線 / はらみ足 / 2～5日下落後の陽線,,6550.0,6290.0,,,,,1.2364760432766575,-2.782071097372485,,,,,6740.0,6280.0,4.173106646058722,-2.9366306027820754,False,False,
2026-08-14,8227,A,売り,50.42,0.47,-0.01σ,なし,,3347.0,3386.0,,,,,1.1225997045790304,-0.02954209748893266,,,,,3399.0,3320.0,0.41358936484490183,-1.9202363367799125,False,False,
2026-08-14,1814,A,買い,58.5,0.5,+1.01σ,陰線→陽線 / 前日安値割れ反転 / 2～5日下落後の陽線,,3720.0,3665.0,,,,,0.13458950201883368,-1.3458950201884257,,,,,3795.0,3655.0,2.153432032301472,-1.6150740242261152,False,False,
2026-08-14,8160,A,売り,48.32,0.99,-0.63σ,陽線→陰線 / 前日高値超え反転,,2386.0,2393.0,,,,,0.4173622704507496,0.12520868113522488,,,,,2404.0,2377.0,0.33388981636059967,-0.7929883138564242,False,False,
2026-08-14,1801,A,買い,43.73,0.46,-0.70σ,長い下ヒゲ（ハンマー） / 前日安値割れ反転 / 2～5日下落後の陽線,,12925.0,12695.0,,,,,-0.500384911470364,-2.270977675134722,,,,,13210.0,12670.0,1.6936104695919996,-2.4634334103156297,False,False,
2026-08-14,3656,A,売り,42.9,0.69,-0.99σ,前日高値超え反転,,204.0,196.0,,,,,0.4878048780487809,4.390243902439028,,,,,209.0,195.0,1.9512195121951237,-4.878048780487809,False,False,
2026-08-14,3696,A,売り,49.64,1.92,-0.88σ,はらみ足,,2147.0,2180.0,,,,,-4.02131782945736,-5.6201550387597,,,,,2225.0,2049.0,7.800387596899228,-0.7267441860465129,False,True,
2026-08-14,7745,A,売り,48.23,0.37,-0.33σ,弱気包み足,,2950.0,2874.0,,,,,-1.724137931034475,0.8965517241379284,,,,,2957.0,2867.0,1.9655172413792998,-1.1379310344827531,False,False,
2026-08-14,8153,A,売り,51.93,0.74,-0.12σ,なし,,3780.0,3790.0,,,,,0.26385224274406704,-0.0,,,,,3830.0,3755.0,1.055408970976246,-0.923482849604218,False,False,
2026-08-14,4554,A,買い,43.6,0.41,-0.42σ,陰線→陽線 / 前日安値割れ反転 / 2～5日下落後の陽線,,1836.0,1836.0,,,,,-0.7030827474310386,-0.7030827474310386,,,,,1853.0,1815.0,0.21633315305571443,-1.838831800973495,False,False,
2026-08-14,4568,A,売り,51.15,0.62,-0.14σ,なし,,2660.0,2700.0,,,,,2.564102564102566,1.098901098901095,,,,,2722.0,2660.0,-0.293040293040292,-2.564102564102566,False,False,
2026-08-14,6997,A,買い,44.53,0.56,+0.12σ,長い下ヒゲ（ハンマー） / 2～5日下落後の陽線,,3150.0,3000.0,,,,,-0.31645569620253333,-5.063291139240511,,,,,3275.0,2966.0,3.639240506329111,-6.139240506329113,False,False,
2026-08-14,7236,A,買い,59.49,0.58,+2.09σ,陰線→陽線 / 前日安値割れ反転 / 2～5日下落後の陽線,,1566.0,1581.0,,,,,-0.8860759493670933,0.06329113924050667,,,,,1611.0,1554.0,1.9620253164557067,-1.6455696202531622,False,False,
2026-08-14,6588,A,売り,55.76,0.33,+0.79σ,陽線→陰線 / 長い上ヒゲ / 前日高値超え反転,,3115.0,3050.0,,,,,3.8580246913580196,5.864197530864201,,,,,3215.0,3025.0,-0.7716049382716084,-6.635802469135799,False,False,
2026-08-14,6845,A,売り,39.22,0.67,-1.40σ,陽線→陰線 / 長い上ヒゲ / 前日高値超え反転,,1550.5,1518.5,,,,,0.736235595390522,2.7848911651728536,,,,,1565.5,1518.0,0.22407170294493906,-2.8169014084507005,False,False,
2026-08-14,6458,A,買い,49.01,0.68,-0.12σ,2～5日下落後の陽線,,1236.0,1225.0,,,,,0.4061738424045558,-0.4874086108854536,,,,,1243.0,1219.0,0.9748172217709072,-0.9748172217709183,False,False,
2026-08-14,6315,A,買い,41.49,1.0,-0.92σ,前日安値割れ反転,,2554.0,2430.0,,,,,1.9968051118210761,-2.95527156549521,,,,,2622.0,2430.0,4.712460063897761,-2.95527156549521,False,False,
2026-08-14,5288,A,買い,55.62,1.45,+1.23σ,2～5日下落後の陽線,,1565.0,1578.0,,,,,1.8217306441119074,2.6675341574495803,,,,,1607.0,1548.0,4.554326610279769,0.7156798959011113,False,False,
2026-08-14,5929,A,売り,46.15,0.48,-0.55σ,なし,,3552.0,3577.0,,,,,2.41758241758242,1.7307692307692357,,,,,3641.0,3535.0,0.027472527472527375,-2.8846153846153855,False,False,
2026-08-14,6062,A,売り,57.62,0.65,+1.07σ,陽線→陰線 / 前日高値超え反転,,1430.0,1411.0,,,,,-0.6333567909922566,0.703729767769179,,,,,1442.0,1392.0,1.4778325123152802,-2.0408163265306145,False,False,
2026-08-14,5563,A,買い,54.96,0.84,+1.69σ,陰線→陽線 / 前日安値割れ反転 / 2～5日下落後の陽線,,444.0,438.0,,,,,0.22573363431150906,-1.1286681715575675,,,,,449.0,436.0,1.3544018058690765,-1.5801354401805856,False,False,
2026-08-14,9001,A,売り,46.36,0.52,-0.93σ,弱気包み足 / 前日高値超え反転,,2925.5,2962.5,,,,,0.6958587915818049,-0.5600814663951015,,,,,2976.5,2904.0,1.035302104548541,-1.4256619144602856,False,False,
2026-08-14,9409,A,売り,40.62,0.72,-1.04σ,なし,,3060.0,3050.0,,,,,-0.6578947368421018,-0.328947368421062,,,,,3105.0,3020.0,2.1381578947368363,-0.6578947368421018,False,False,
2026-08-14,9045,A,売り,44.92,0.65,-0.74σ,なし,,3107.0,3142.0,,,,,1.271051795360656,0.1588814744200806,,,,,3157.0,3090.0,0.3177629488401612,-1.8112488083889433,False,False,
2026-08-14,8795,A,売り,47.92,0.38,-1.07σ,長い上ヒゲ / 前日高値超え反転,,4938.0,4929.0,,,,,-0.8372472942618003,-0.6534613028384761,,,,,4972.0,4881.0,1.5315499285276646,-0.32673065141923807,False,False,
2026-08-14,2702,A,売り,47.75,1.05,-0.34σ,陽線→陰線,,7720.0,7780.0,,,,,0.898587933247752,0.12836970474967568,,,,,7990.0,7640.0,2.5673940949935803,-1.9255455712451908,False,False,
2026-08-14,6055,A,買い,47.24,0.73,-0.06σ,はらみ足,,2290.0,2200.0,,,,,2.0044543429844186,-2.0044543429844075,,,,,2320.0,2198.0,3.340757238307357,-2.093541202672611,False,False,
2026-08-14,5938,A,売り,43.93,0.73,-0.92σ,なし,,1746.0,1715.0,,,,,1.0204081632653073,2.777777777777779,,,,,1764.5,1715.0,0.028344671201807614,-2.777777777777779,False,False,
2026-08-14,9424,A,買い,51.24,1.11,+0.15σ,陰線→陽線 / 2～5日下落後の陽線,,114.0,117.0,,,,,0.8849557522123908,3.539823008849563,,,,,119.0,112.0,5.3097345132743445,-0.8849557522123908,False,False,
2026-08-14,9551,A,買い,49.56,0.34,+0.42σ,長い下ヒゲ（ハンマー） / 2～5日下落後の陽線,,3240.0,3165.0,,,,,0.9345794392523255,-1.4018691588784993,,,,,3265.0,3165.0,1.7133956386292892,-1.4018691588784993,False,False,
2026-08-14,9256,A,買い,29.92,0.34,-0.79σ,なし,,1249.0,1198.0,,,,,7.210300429184557,2.832618025751077,,,,,1250.0,1180.0,7.296137339055786,1.2875536480686733,False,False,
2026-08-14,9301,A,売り,40.87,0.9,-1.05σ,なし,,1498.5,1512.0,,,,,0.03335557038025572,-0.867244829886582,,,,,1536.5,1489.0,2.5016677785190122,-0.6671114076050699,False,False,
2026-08-14,4967,A,売り,49.28,0.42,-0.07σ,はらみ足,,5510.0,5501.0,,,,,0.8279337652987717,0.9899208063354981,,,,,5553.0,5456.0,-0.05399568034557545,-1.7998560115190743,False,False,
2026-08-14,9830,A,売り,52.76,0.43,+0.04σ,なし,,2382.0,2367.0,,,,,0.29300962745918424,0.9208874005860235,,,,,2407.0,2367.0,0.7534533277522071,-0.9208874005860235,False,False,
2026-08-14,8593,A,売り,48.15,0.61,-0.99σ,陽線→陰線 / はらみ足,,1385.5,1382.0,,,,,1.282508015675099,1.5318845742785858,,,,,1403.0,1372.5,-0.03562522265764256,-2.2087638047737834,False,False,
2026-08-14,7994,A,売り,58.96,0.42,+1.32σ,なし,,2334.0,2342.0,,,,,0.8496176720475757,0.5097706032285432,,,,,2368.0,2317.0,0.5947323704333041,-1.571792693288021,False,False,
2026-08-14,7409,除外,買い,55.62,3.04,+1.76σ,なし,,1510.0,1414.0,,,,,-10.279263220439693,-15.983363042186571,,,,,1729.0,1407.0,2.7332144979203887,-16.399286987522277,False,True,
2026-08-14,6914,A,買い,43.01,0.85,-0.32σ,はらみ足,,3580.0,3540.0,,,,,2.285714285714291,1.1428571428571344,,,,,3610.0,3500.0,3.142857142857136,0.0,False,False,
2026-08-14,6590,A,買い,44.25,0.82,-0.68σ,なし,,4580.0,4395.0,,,,,3.269447576099216,-0.9019165727170209,,,,,4780.0,4360.0,7.779030439684331,-1.6910935738444155,False,False,
2026-08-14,9048,B,売り,47.68,0.3,-0.68σ,はらみ足,,1860.0,1864.5,,,,,0.21459227467811592,-0.026824034334760327,,,,,1874.0,1836.0,0.5364806866952732,-1.5021459227467782,False,False,
2026-08-14,4992,B,買い,57.14,0.53,+1.24σ,陰線→陽線 / 強気包み足 / 前日安値割れ反転,,2027.0,2002.0,,,,,0.34653465346534684,-0.8910891089108919,,,,,2053.0,1997.0,1.6336633663366351,-1.1386138613861396,False,False,
2026-08-14,5702,除外,買い,75.0,0.64,+1.52σ,強気包み足 / 前日安値割れ反転,,1859.0,1860.0,,,,,0.432198811453266,0.4862236628849326,,,,,1893.0,1841.0,2.269043760129663,-0.540248514316588,False,False,
2026-08-14,5659,B,買い,52.42,0.37,+0.43σ,陰線→陽線 / 強気包み足 / 前日安値割れ反転,,1438.0,1414.0,,,,,1.5536723163841915,-0.14124293785310327,,,,,1458.0,1409.0,2.9661016949152463,-0.4943502824858781,False,False,
2026-08-14,5541,除外,買い,72.53,0.84,+1.73σ,強気包み足 / 前日安値割れ反転,,2659.0,2662.0,,,,,-1.3724035608308593,-1.261127596439171,,,,,2754.0,2643.0,2.1513353115726996,-1.9658753709198784,False,False,
2026-08-14,4776,除外,買い,69.0,2.42,+2.31σ,陰線→陽線 / 強気包み足 / 前日安値割れ反転,,2919.0,2979.0,,,,,-1.0843781768891891,0.9488309047780419,,,,,2997.0,2903.0,1.5587936292782212,-1.6265672653337893,False,False,
2026-08-14,6908,B,買い,46.17,0.67,+0.26σ,2～5日下落後の陽線,,2841.0,2814.0,,,,,1.464285714285718,0.49999999999998934,,,,,2845.0,2787.0,1.6071428571428514,-0.4642857142857171,False,False,
2026-08-14,1663,除外,買い,61.61,1.17,+2.75σ,陰線→陽線 / 強気包み足 / 前日安値割れ反転,,1945.0,1930.0,,,,,1.354872329338197,0.5732152162584603,,,,,1950.0,1900.0,1.615424700364776,-0.990099009900991,False,False,
2026-08-14,9997,B,買い,52.96,0.71,-0.29σ,陰線→陽線 / 強気包み足 / 前日安値割れ反転,,1027.0,1039.0,,,,,-0.2912621359223322,0.8737864077669855,,,,,1052.0,1024.0,2.1359223300970953,-0.5825242718446644,False,False,
2026-08-14,1605,B,買い,62.96,0.66,+1.76σ,陰線→陽線 / 強気包み足 / 前日安値割れ反転,,3775.0,3900.0,,,,,-0.3168735146554025,2.983892263005017,,,,,3900.0,3745.0,2.983892263005017,-1.1090573012939031,False,False,
2026-08-14,8200,B,売り,51.37,0.73,-0.42σ,陽線→陰線 / はらみ足,,2305.0,2291.0,,,,,-0.5671902268760798,0.043630017452012115,,,,,2319.0,2284.0,1.1780104712041828,-0.3490401396160525,False,False,
2026-08-14,2264,B,売り,44.36,0.48,-0.75σ,なし,,1192.0,1184.0,,,,,-0.21017234131988083,0.4623791509037356,,,,,1201.5,1171.0,1.0088272383354413,-1.5552753257671248,False,False,
2026-08-14,1952,B,買い,41.43,0.36,-0.92σ,強気包み足,,3165.0,3090.0,,,,,0.9569377990430672,-1.4354066985645897,,,,,3250.0,3085.0,3.6682615629983983,-1.594896331738438,False,False,
2026-08-14,8995,除外,買い,74.03,4.23,+2.72σ,陰線→陽線 / 強気包み足 / 前日安値割れ反転,,1980.0,2380.0,,,,,25.31645569620253,50.63291139240506,,,,,2380.0,1582.0,50.63291139240506,0.12658227848101333,False,False,
2026-08-14,2670,B,買い,59.73,0.38,+1.32σ,強気包み足 / 前日安値割れ反転,,2785.0,2778.5,,,,,-1.867512332628607,-2.096546863988724,,,,,2847.0,2755.0,0.3171247357293794,-2.9245947850598975,False,False,
2026-08-14,2579,B,売り,46.47,0.43,-0.56σ,はらみ足,,3869.0,3769.0,,,,,3.0325814536340867,5.538847117794488,,,,,3980.0,3769.0,-0.25062656641604564,-5.538847117794488,False,False,
2026-08-14,8750,B,売り,48.68,0.46,-0.89σ,前日高値超え反転,,1847.0,1841.5,,,,,0.6722237160527,0.9680021511158876,,,,,1883.0,1836.0,1.2637805861790863,-1.2637805861790752,False,False,
2026-08-14,4475,除外,買い,68.04,1.05,+1.73σ,2～5日下落後の陽線,,1455.0,1466.0,,,,,-4.715127701375243,-3.99476096922069,,,,,1521.0,1426.0,-0.39292730844793233,-6.614276358873605,False,False,
2026-08-14,4483,B,買い,60.94,1.16,+1.45σ,陰線→陽線 / 2～5日下落後の陽線,,3370.0,3425.0,,,,,-3.4383954154727836,-1.862464183381085,,,,,3495.0,3330.0,0.14326647564470996,-4.584527220630374,False,False,
2026-08-14,4381,除外,買い,55.21,2.09,+0.49σ,陰線→陽線 / はらみ足,,405.0,392.0,,,,,-6.46651270207852,-9.468822170900692,,,,,460.0,380.0,6.235565819861422,-12.240184757505778,False,False,
2026-08-14,7282,B,売り,53.46,0.43,+0.43σ,長い上ヒゲ,,5270.0,5297.0,,,,,-1.3266679484714494,-1.8457988848298301,,,,,5337.0,5211.0,2.6148817535089464,0.1922707171697846,False,False,
2026-08-14,3179,B,売り,47.42,0.52,-0.66σ,陽線→陰線 / はらみ足,,1233.0,1250.0,,,,,-1.2315270935960632,-2.6272577996715896,,,,,1254.0,1218.0,2.9556650246305383,0.0,False,False,
2026-08-14,7599,B,買い,46.83,0.38,+0.21σ,陰線→陽線 / はらみ足 / 2～5日下落後の陽線,,1302.0,1290.0,,,,,0.38550501156515704,-0.5397070161912154,,,,,1318.0,1288.0,1.619121048573624,-0.6939090208172738,False,False,
2026-08-14,7762,除外,買い,70.91,1.43,+2.17σ,強気包み足,,2801.0,2600.0,,,,,1.485507246376816,-5.797101449275366,,,,,2920.0,2600.0,5.797101449275366,-5.797101449275366,False,False,
2026-08-14,7730,B,買い,55.64,0.47,+1.78σ,強気包み足 / 前日安値割れ反転,,1614.0,1595.0,,,,,-0.06191950464395912,-1.2383900928792602,,,,,1620.0,1589.0,0.3095975232198178,-1.609907120743037,False,False,
2026-08-14,3907,除外,買い,62.49,0.51,+1.26σ,陰線→陽線 / 強気包み足 / 前日安値割れ反転,,1475.0,1528.0,,,,,-7.115869017632237,-3.7783375314861423,,,,,1570.0,1434.0,-1.133501259445846,-9.697732997481111,False,False,
2026-08-14,4052,除外,買い,65.33,2.7,+1.51σ,陰線→陽線 / 前日安値割れ反転,,580.0,545.0,,,,,-5.844155844155841,-11.525974025974028,,,,,657.0,538.0,6.655844155844148,-12.662337662337663,False,False,
2026-08-14,4022,除外,買い,61.65,1.03,+1.64σ,陰線→陽線 / 2～5日下落後の陽線,,2535.0,2442.0,,,,,6.91691269506538,2.994517081400261,,,,,2573.0,2353.0,8.519611978068319,-0.7591733445803439,False,False,
2026-08-14,3993,除外,買い,66.57,4.98,+2.90σ,強気包み足 / 前日安値割れ反転,,3020.0,2924.0,,,,,-4.430379746835444,-7.468354430379742,,,,,3070.0,2920.0,-2.848101265822789,-7.594936708860756,False,False,
2026-08-14,7047,B,買い,41.36,3.79,-1.62σ,陰線→陽線 / 前日安値割れ反転,,2219.0,2240.0,,,,,-1.5964523281596477,-0.6651884700665134,,,,,2277.0,2185.0,0.9756097560975618,-3.104212860310418,False,False,
2026-08-14,7012,B,買い,52.69,0.58,+1.15σ,2～5日下落後の陽線,,2855.5,2860.0,,,,,0.475017593244198,0.6333567909922566,,,,,2955.5,2814.5,3.9936664320900706,-0.967628430682621,False,False,
2026-08-14,4658,B,買い,48.49,0.49,-0.21σ,強気包み足 / 前日安値割れ反転,,1555.0,1563.0,,,,,-0.384368994234463,0.12812299807816174,,,,,1567.0,1551.0,0.384368994234463,-0.6406149903907754,False,False,
2026-08-14,4641,B,買い,59.78,0.43,+1.04σ,陰線→陽線 / 強気包み足 / 前日安値割れ反転,,832.0,844.0,,,,,-0.5973715651135025,0.8363201911588902,,,,,845.0,820.0,0.9557945041815952,-2.0310633213859064,False,False,
2026-08-14,6474,B,買い,50.88,0.39,+0.42σ,陰線→陽線 / 2～5日下落後の陽線,,5900.0,5790.0,,,,,2.076124567474058,0.17301038062282892,,,,,6100.0,5740.0,5.536332179930792,-0.692041522491349,False,False,
2026-08-14,6507,B,買い,47.19,0.87,-0.13σ,陰線→陽線 / 2～5日下落後の陽線,,13680.0,12990.0,,,,,2.3186237845923774,-2.842183994016456,,,,,13860.0,12900.0,3.664921465968596,-3.5153328347045654,False,False,
2026-08-14,6814,B,買い,62.05,0.38,+1.47σ,2～5日下落後の陽線,,7920.0,8060.0,,,,,0.25316455696202667,2.0253164556962133,,,,,8120.0,7870.0,2.784810126582271,-0.37974683544304,False,False,
2026-08-14,6584,B,買い,47.57,0.61,+0.27σ,陰線→陽線 / 2～5日下落後の陽線,,855.0,840.0,,,,,4.014598540145986,2.1897810218978186,,,,,878.0,813.0,6.812652068126512,-1.0948905109489093,False,False,
2026-08-14,8185,B,買い,67.28,0.62,+1.84σ,強気包み足 / 長い下ヒゲ（ハンマー）,,1032.0,1039.0,,,,,0.0,0.6782945736434121,,,,,1041.0,1029.0,0.8720930232558155,-0.29069767441860517,False,False,
2026-08-14,3856,B,買い,33.63,0.47,-1.04σ,陰線→陽線 / はらみ足,,371.0,380.0,,,,,6.000000000000005,8.571428571428562,,,,,386.0,353.0,10.285714285714276,0.8571428571428674,False,False,
2026-08-14,6861,除外,買い,66.3,0.66,+1.32σ,陰線→陽線 / 強気包み足 / 前日安値割れ反転,,86750.0,84130.0,,,,,-0.7437070938215107,-3.7414187643020624,,,,,87630.0,84030.0,0.2631578947368318,-3.8558352402745966,False,False,
2026-08-14,6794,B,買い,60.64,1.88,+1.97σ,強気包み足,,3125.0,3090.0,,,,,1.9575856443719397,0.815660685154973,,,,,3185.0,3030.0,3.9151712887438794,-1.1419249592169667,False,False,
2026-08-14,6298,除外,買い,60.72,2.57,+2.22σ,強気包み足 / 前日安値割れ反転,,1378.0,1360.0,,,,,4.314912944738825,2.9523088569265665,,,,,1394.0,1323.0,5.526116578349738,0.15140045420136694,False,False,
2026-08-14,6135,B,買い,59.74,0.83,+1.95σ,陰線→陽線 / 2～5日下落後の陽線,,16430.0,16170.0,,,,,7.245430809399478,5.5483028720626715,,,,,16500.0,15430.0,7.702349869451708,0.7180156657963455,False,False,
2026-08-14,1882,B,売り,60.07,0.85,+0.56σ,なし,,1620.0,1616.0,,,,,-0.0,0.24691358024691024,,,,,1635.0,1611.0,0.92592592592593,-0.5555555555555536,False,False,
2026-08-14,8630,B,売り,57.07,0.53,+0.14σ,陽線→陰線 / 前日高値超え反転,,6714.0,6740.0,,,,,4.467842914058052,4.0978941377347695,,,,,6984.0,6624.0,-0.626067159931698,-5.748434832100169,False,False,
2026-08-14,3854,除外,買い,64.06,1.77,+2.40σ,強気包み足,,2410.0,2416.0,,,,,-1.2295081967213073,-0.983606557377048,,,,,2448.0,2392.0,0.3278688524590123,-1.967213114754096,False,False,
2026-08-14,3660,除外,買い,80.5,2.67,+3.66σ,陰線→陽線 / 長い下ヒゲ（ハンマー）,,560.0,525.0,,,,,8.52713178294573,1.744186046511631,,,,,569.0,524.0,10.27131782945736,1.5503875968992276,False,False,
2026-08-14,2593,B,買い,53.08,0.44,+0.07σ,強気包み足,,2935.5,2937.0,,,,,-2.6690981432360705,-2.6193633952254602,,,,,3008.0,2910.0,-0.2652519893899252,-3.5145888594164454,False,False,
2026-08-14,2811,B,買い,50.47,0.45,-0.22σ,陰線→陽線 / 強気包み足,,2628.0,2654.0,,,,,-1.462317210348707,-0.48743907011623566,,,,,2690.5,2589.0,0.8811398575178098,-2.924634420697414,False,False,
2026-08-14,8051,除外,買い,75.63,0.73,+2.24σ,陰線→陽線 / 強気包み足,,1933.0,1919.0,,,,,-1.528273051451856,-2.241467142129394,,,,,1978.0,1911.0,0.7641365257259336,-2.6490066225165587,False,False,
2026-08-14,8273,B,買い,57.51,0.68,+0.59σ,強気包み足,,1000.0,1017.0,,,,,-1.5748031496062964,0.09842519685039353,,,,,1020.0,999.0,0.3937007874015741,-1.67322834645669,False,False,
2026-08-14,8282,B,売り,54.96,0.38,+0.72σ,なし,,1912.0,1916.5,,,,,0.6495193556767975,0.41569238763314864,,,,,1948.5,1896.5,1.247077162899446,-1.4549233567160313,False,False,
2026-08-14,8725,B,売り,56.43,0.58,-0.01σ,前日高値超え反転,,4925.0,4985.0,,,,,-1.8193094893528938,-3.059747777548072,,,,,5146.0,4899.0,6.388257184205082,1.281786231134996,False,True,
2026-08-14,8005,除外,買い,73.02,0.7,+1.46σ,強気包み足,,1850.0,1874.0,,,,,-1.6480595427963873,-0.3721424774056348,,,,,1885.0,1846.0,0.21265284423179764,-1.8607123870281739,False,False,
2026-08-14,8078,除外,買い,63.9,0.77,+2.25σ,陰線→陽線 / 強気包み足,,1810.0,1859.0,,,,,-1.7372421281216077,0.9229098805646041,,,,,1873.0,1807.0,1.6829533116178075,-1.9001085776330084,False,False,
2026-08-14,8020,B,買い,64.77,1.02,+1.81σ,陰線→陽線 / 強気包み足,,2177.5,2171.0,,,,,-1.6708060510273182,-1.9643260329645473,,,,,2240.5,2151.5,1.1740799277489167,-2.844885978776246,False,False,
2026-08-14,9044,B,売り,52.14,0.54,-0.10σ,なし,,2931.5,2972.0,,,,,0.5934214988131625,-0.77992539844014,,,,,2978.5,2900.5,1.0003390979993254,-1.6446252967107444,False,False,
2026-08-14,9037,除外,買い,63.58,1.02,+2.25σ,陰線→陽線 / 強気包み足,,1873.0,1857.0,,,,,-0.5310674455655917,-1.3807753584705207,,,,,1890.0,1840.0,0.3717472118959009,-2.2835900159320244,False,False,
2026-08-14,2760,除外,買い,61.87,0.41,+1.28σ,陰線→陽線 / 2～5日下落後の陽線,,4345.0,4205.0,,,,,-1.6968325791855254,-4.864253393665163,,,,,4445.0,4180.0,0.5656108597285048,-5.429864253393668,False,False,
2026-08-14,8584,B,買い,58.25,0.43,+0.70σ,強気包み足 / はらみ足,,3750.0,3720.0,,,,,-0.9247027741083214,-1.7173051519154603,,,,,3790.0,3715.0,0.13210039630118242,-1.8494055482166427,False,False,
2026-08-14,7966,B,買い,45.97,0.45,-0.66σ,なし,,6200.0,6050.0,,,,,0.6493506493506551,-1.7857142857142905,,,,,6240.0,6030.0,1.298701298701288,-2.110389610389607,False,False,
2026-08-14,3444,B,買い,54.53,0.63,+1.75σ,強気包み足,,1087.0,1048.0,,,,,5.024154589371976,1.2560386473430052,,,,,1130.0,1045.0,9.178743961352653,0.9661835748792313,False,False,
2026-08-14,3002,B,買い,71.78,0.75,+1.78σ,陰線→陽線 / 強気包み足,,4240.0,4240.0,,,,,0.11806375442739991,0.11806375442739991,,,,,4270.0,4210.0,0.8264462809917328,-0.5903187721369552,False,False,
2026-08-14,3864,B,買い,56.08,0.58,+0.28σ,強気包み足,,1151.0,1151.0,,,,,-0.17346053772766545,-0.17346053772766545,,,,,1168.0,1130.0,1.300954032957513,-1.994796183868175,False,False,
2026-08-14,7944,B,買い,53.14,0.36,+0.61σ,陰線→陽線 / はらみ足 / 2～5日下落後の陽線,,4080.0,4035.0,,,,,-5.336426914153137,-6.380510440835263,,,,,4240.0,4010.0,-1.6241299303944357,-6.960556844547561,False,True,
2026-08-14,3036,除外,買い,85.23,0.9,+1.80σ,陰線→陽線 / 強気包み足,,3650.0,3615.0,,,,,-3.183023872679047,-4.111405835543769,,,,,3765.0,3590.0,-0.13262599469495706,-4.774535809018565,False,False,
2026-08-14,7867,B,売り,55.56,0.32,+0.17σ,なし,,3600.0,3588.0,,,,,-0.13908205841446364,0.19471488178025576,,,,,3642.0,3495.0,1.307371349095976,-2.781641168289295,False,False,
2026-08-14,7609,除外,買い,74.95,0.71,+1.83σ,強気包み足,,4700.0,4570.0,,,,,-1.673640167364021,-4.3933054393305415,,,,,4910.0,4560.0,2.7196652719665204,-4.602510460251041,False,False,
2026-08-14,3315,B,買い,62.65,1.0,+2.04σ,強気包み足,,102.0,106.0,,,,,-1.9230769230769273,1.9230769230769162,,,,,108.0,102.0,3.8461538461538547,-1.9230769230769273,False,False,
2026-08-14,4204,B,売り,54.8,0.47,+0.04σ,はらみ足,,2652.5,2656.0,,,,,0.8411214953271018,0.7102803738317731,,,,,2686.5,2631.0,0.4299065420560799,-1.6448598130841097,False,False,
2026-08-14,4528,B,買い,55.38,0.42,+0.75σ,陰線→陽線 / 強気包み足,,2408.5,2440.5,,,,,-1.0273268954181236,0.28765153071708127,,,,,2443.5,2396.0,0.41093075816724944,-1.5409903431271799,False,False,
2026-08-14,4732,B,売り,55.95,0.53,+0.37σ,はらみ足,,1996.0,1974.0,,,,,0.49850448654037427,1.5952143569292088,,,,,2026.5,1972.5,1.02193419740777,-1.6699900299102732,False,False,
2026-08-14,4202,B,買い,62.28,0.42,+1.24σ,陰線→陽線 / 強気包み足 / はらみ足,,1474.5,1482.0,,,,,-1.106639839034207,-0.6036217303822977,,,,,1497.0,1466.0,0.4024144869215318,-1.6767270288397085,False,False,
2026-08-14,4826,除外,買い,68.51,1.12,+2.27σ,強気包み足,,536.0,535.0,,,,,-0.5565862708719838,-0.7421150278293154,,,,,540.0,529.0,0.18552875695732052,-1.855287569573283,False,False,
2026-08-14,4902,B,買い,62.73,0.8,+1.43σ,陰線→陽線 / 強気包み足,,670.7000122070312,635.7999877929688,,,,,-2.6136180910365625,-7.681140149126076,,,,,698.9000244140625,630.2000122070312,1.481054800938364,-8.494262783936223,False,False,
2026-08-14,9513,B,買い,59.44,0.5,+1.41σ,陰線→陽線 / 強気包み足 / はらみ足,,3933.0,3944.0,,,,,0.35723398826230657,0.6379178361826998,,,,,3977.0,3895.0,1.4799693799438574,-0.6124011227353954,False,False,
2026-08-14,9348,B,買い,48.9,0.54,+1.68σ,陰線→陽線 / 強気包み足,,434.0,439.0,,,,,2.117647058823535,3.294117647058825,,,,,446.0,425.0,4.941176470588227,0.0,False,False,
2026-08-14,4919,除外,買い,78.13,0.79,+2.44σ,強気包み足,,3170.0,3160.0,,,,,-2.7607361963190136,-3.0674846625766916,,,,,3255.0,3130.0,-0.15337423312883347,-3.9877300613496924,False,False,
2026-08-14,4911,B,売り,64.97,0.4,+1.39σ,陽線→陰線,,3504.0,3436.0,,,,,1.7386427369601831,3.645541222658444,,,,,3569.0,3398.0,0.08412787436904434,-4.711160964666295,False,False,
2026-08-14,5851,除外,買い,75.03,0.99,+2.00σ,陰線→陽線 / 強気包み足,,2842.0,2834.0,,,,,-0.7334963325183352,-1.0129235068110365,,,,,2871.0,2818.0,0.27942717429270125,-1.571777855396439,False,False,
2026-08-14,5703,B,買い,63.77,0.61,+1.56σ,陰線→陽線 / 強気包み足,,3000.0,3085.0,,,,,0.46885465505692725,3.315472203616876,,,,,3140.0,2977.0,5.157401205626266,-0.3014065639651675,False,False,
2026-08-14,2130,B,買い,39.69,0.38,-0.61σ,陰線→陽線,,951.0,966.0,,,,,1.2779552715654896,2.8753993610223683,,,,,969.0,934.0,3.194888178913735,-0.5324813631522929,False,False,
2026-08-14,2181,B,買い,68.68,0.95,+1.95σ,強気包み足,,283.79998779296875,284.5,,,,,-0.9078254912818551,-0.6634078212290451,,,,,287.3999938964844,282.1000061035156,0.3491598800573925,-1.501394516928889,False,False,
2026-08-14,2220,除外,買い,65.57,0.85,+2.20σ,強気包み足,,1345.0,1331.0,,,,,0.3731343283582156,-0.6716417910447747,,,,,1346.0,1318.0,0.4477611940298498,-1.6417910447761197,False,False,
2026-08-14,2170,B,売り,50.52,0.67,-0.47σ,前日高値超え反転,,630.0,623.0,,,,,-3.2786885245901676,-2.1311475409836023,,,,,656.0,606.0,7.540983606557372,-0.6557377049180357,False,False,
2026-08-14,2168,B,買い,64.95,0.55,+1.94σ,強気包み足,,1640.0,1643.0,,,,,0.12210012210012167,0.30525030525030417,,,,,1657.0,1624.0,1.1599511599511558,-0.8547008547008517,False,False,
2026-08-14,2353,B,買い,53.94,0.4,+0.33σ,強気包み足,,264.0,265.0,,,,,2.3255813953488413,2.7131782945736482,,,,,266.0,258.0,3.100775193798455,0.0,False,False,
2026-08-14,2737,除外,買い,71.42,0.77,+1.23σ,陰線→陽線 / 2～5日下落後の陽線,,32550.0,30700.0,,,,,3.1695721077654504,-2.694136291600635,,,,,34300.0,30500.0,8.71632329635499,-3.3280507131537296,False,False,
2026-08-14,1860,B,売り,42.59,0.32,-0.67σ,はらみ足,,1501.5,1495.0,,,,,-1.0090817356205761,-0.5718129835183383,,,,,1516.5,1491.0,2.0181634712411745,0.3027245206861817,False,False,
2026-08-14,6988,B,買い,66.11,0.67,+1.44σ,強気包み足,,3476.0,3464.0,,,,,-2.7692307692307683,-3.1048951048951,,,,,3562.0,3451.0,-0.363636363636366,-3.468531468531466,False,False,
2026-08-14,7085,B,売り,54.84,0.85,+0.23σ,はらみ足,,954.0,948.0,,,,,-0.10493179433368471,0.5246589716684125,,,,,965.0,946.0,1.2591815320041944,-0.7345225603357819,False,False,
2026-08-14,7198,B,買い,66.71,0.76,+2.16σ,強気包み足 / はらみ足,,842.0,849.0,,,,,-0.35502958579881616,0.4733727810650956,,,,,850.0,837.0,0.591715976331364,-0.9467455621301801,False,False,
2026-08-14,6724,B,買い,62.41,0.81,+1.31σ,陰線→陽線 / 強気包み足,,3136.0,3063.0,,,,,-1.1349306431273631,-3.436317780580078,,,,,3169.0,3052.0,-0.09457755359394415,-3.783102143757877,False,False,
2026-08-14,6183,B,買い,59.61,1.11,+1.48σ,強気包み足,,1398.0,1381.0,,,,,-0.21413276231263545,-1.4275517487508882,,,,,1406.0,1379.0,0.35688793718773315,-1.570306923625986,False,False,
2026-08-14,6418,B,売り,79.47,1.44,+2.10σ,なし,,1304.0,1281.0,,,,,-2.435192458758828,-0.628436763550666,,,,,1326.0,1273.0,4.163393558523176,0.0,False,True,
2026-08-14,6080,除外,買い,74.07,0.56,+1.52σ,陰線→陽線 / 2～5日下落後の陽線,,4055.0,4060.0,,,,,-1.218026796589522,-1.0962241169305775,,,,,4120.0,4035.0,0.3654080389768666,-1.705237515225333,False,False,
2026-08-14,6702,C,売り,64.95,0.67,+1.46σ,なし,,3664.0,3601.0,,,,,5.077720207253888,6.709844559585488,,,,,3781.0,3592.0,-2.046632124352332,-6.94300518134715,False,False,
2026-08-14,2752,C,売り,52.98,0.7,+0.49σ,なし,,1107.0,1120.0,,,,,1.072386058981234,-0.08936550491509543,,,,,1127.0,1107.0,0.71492403932083,-1.072386058981234,False,False,
2026-08-14,5019,C,買い,53.66,0.74,+0.37σ,陰線→陽線 / 前日安値割れ反転,,1330.0,1370.5,,,,,2.0721412125863425,5.180353031465845,,,,,1381.5,1310.5,6.024558710667693,0.5755947812739803,False,False,
2026-08-14,4956,C,買い,53.3,0.34,+0.67σ,陰線→陽線 / 長い下ヒゲ（ハンマー） / 前日安値割れ反転,,1448.0,1459.0,,,,,-1.1604095563139905,-0.4095563139931757,,,,,1475.0,1440.0,0.6825938566553003,-1.7064846416382284,False,False,
2026-08-14,9211,除外,買い,70.03,1.45,+2.04σ,陰線→陽線,,1506.0,1470.0,,,,,-4.380952380952385,-6.666666666666665,,,,,1545.0,1444.0,-1.904761904761909,-8.317460317460313,False,True,
2026-08-14,5393,C,買い,54.99,0.6,+1.39σ,なし,,3584.0,3521.0,,,,,-0.6376490158026105,-2.384252841696699,,,,,3620.0,3505.0,0.3604103132797354,-2.8278347657332947,False,False,
2026-08-14,2146,除外,買い,74.94,1.1,+2.01σ,陰線→陽線 / 前日安値割れ反転,,225.0,226.0,,,,,0.8968609865470878,1.3452914798206317,,,,,232.0,221.0,4.035874439461873,-0.8968609865470878,False,False,
2026-08-14,2354,除外,買い,59.87,0.35,+0.70σ,陰線→陽線 / 前日安値割れ反転,,1322.0,1264.0,,,,,-5.232974910394262,-9.390681003584234,,,,,1426.0,1240.0,2.2222222222222143,-11.111111111111116,False,False,
2026-08-14,1942,C,買い,41.14,0.42,-0.62σ,なし,,5740.0,5610.0,,,,,3.966672704220242,1.6120268067379095,,,,,5756.0,5588.0,4.256475276218086,1.213548270240894,False,False,
2026-08-14,3107,C,売り,65.74,0.65,+1.58σ,なし,,3784.0,3599.0,,,,,-0.10582010582009804,4.788359788359786,,,,,3849.0,3592.0,1.825396825396819,-4.973544973544975,False,False,
2026-08-14,3968,除外,買い,68.61,5.61,+3.42σ,陰線→陽線,,655.0,625.0,,,,,1.2364760432766575,-3.4003091190108137,,,,,669.0,623.0,3.4003091190108137,-3.7094281298299836,False,False,
2026-08-14,7630,C,売り,57.25,0.53,+0.65σ,なし,,936.0,930.0,,,,,-0.10695187165774556,0.5347593582887722,,,,,942.0,925.0,0.7486631016042855,-1.0695187165775444,False,False,
2026-08-14,7649,C,買い,45.82,0.42,-0.20σ,長い下ヒゲ（ハンマー）,,2735.5,2709.0,,,,,-3.7812170242701337,-4.7133309883925385,,,,,2858.5,2692.0,0.5451987337319775,-5.311290889905029,False,True,
2026-08-14,8591,C,買い,50.46,0.58,-0.31σ,なし,,6353.0,6295.0,,,,,-0.7033447952485172,-1.6098780869021612,,,,,6401.0,6262.0,0.04688965301655745,-2.125664270084404,False,False,
2026-08-14,1887,除外,買い,58.94,0.42,+2.42σ,陰線→陽線 / 前日安値割れ反転,,549.0,545.0,,,,,3.0018761726078758,2.251407129455907,,,,,551.0,534.0,3.3771106941838713,0.18761726078799779,False,False,
2026-08-14,5032,C,買い,68.86,0.79,+1.66σ,陰線→陽線 / 長い下ヒゲ（ハンマー）,,2802.0,2794.0,,,,,-1.3032758013384993,-1.585065163790067,,,,,2838.0,2774.0,-0.03522367030645013,-2.2895385699189807,False,False,
2026-08-14,5957,C,買い,49.96,0.43,+0.09σ,陰線→陽線 / はらみ足 / 長い下ヒゲ（ハンマー）,,784.0,783.0,,,,,0.6418485237484006,0.5134788189987249,,,,,790.0,778.0,1.412066752246477,-0.12836970474967568,False,False,
2026-08-14,9831,C,売り,51.21,0.49,-0.51σ,なし,,685.2000122070312,707.7000122070312,,,,,0.9540311929703282,-2.2983538894234323,,,,,710.5,677.9000244140625,2.703093379589494,-2.0092476996151243,False,False,
2026-08-14,4502,C,買い,58.15,0.63,+0.56σ,陰線→陽線 / 長い下ヒゲ（ハンマー）,,5513.0,5702.0,,,,,-2.0955425324098775,1.2608772864500128,,,,,5727.0,5504.0,1.7048481619605704,-2.2553720475936734,False,False,
2026-08-14,4290,C,売り,65.48,0.35,+1.20σ,なし,,720.0,725.0,,,,,-0.278551532033422,-0.9749303621169991,,,,,728.0,718.0,1.392757660167132,0.0,False,False,
2026-08-14,6966,C,買い,53.82,0.56,+1.20σ,なし,,977.0,966.0,,,,,1.1387163561076497,0.0,,,,,1002.0,961.0,3.7267080745341685,-0.5175983436852993,False,False,
2026-08-14,6258,除外,買い,68.7,1.52,+2.05σ,陰線→陽線,,3785.0,3680.0,,,,,-1.0457516339869244,-3.790849673202612,,,,,3900.0,3620.0,1.9607843137254832,-5.35947712418301,False,False,
2026-08-14,6255,C,買い,58.06,0.29,+1.30σ,前日安値割れ反転,,727.0,703.0,,,,,0.2758620689655267,-3.0344827586206935,,,,,743.0,701.0,2.4827586206896513,-3.310344827586209,False,False,
2026-08-14,6769,C,買い,56.67,0.31,+1.45σ,陰線→陽線 / 長い下ヒゲ（ハンマー）,,1140.0,1154.0,,,,,3.2608695652173836,4.528985507246386,,,,,1175.0,1113.0,6.431159420289845,0.8152173913043459,False,False,
2026-08-14,6522,除外,買い,63.97,3.15,+2.68σ,陰線→陽線,,2081.0,2025.0,,,,,-4.233778186838477,-6.810860561435805,,,,,2234.0,1936.0,2.8071790151863674,-10.906580763920848,False,False,
2026-08-14,4114,除外,買い,86.07,1.14,+2.04σ,陰線→陽線 / 強気包み足,,2667.5,2696.5,,,,,-0.4106776180698102,0.6720179204778853,,,,,2704.0,2631.5,0.952025387343669,-1.7547134590255697,False,False,
2026-08-14,7004,C,買い,51.63,0.54,+1.24σ,長い下ヒゲ（ハンマー）,,1245.0,1264.0,,,,,0.24154589371980784,1.7713365539452575,,,,,1270.0,1237.0,2.254428341384873,-0.40257648953301306,False,False,
2026-08-14,7276,C,売り,61.66,0.85,+1.14σ,なし,,2729.0,2714.0,,,,,-0.07334066740007916,0.47671433810048125,,,,,2739.0,2705.5,0.44004400440043057,-0.7884121745507899,False,False,
2026-08-14,7296,C,売り,71.33,0.77,+1.29σ,なし,,4185.0,4180.0,,,,,-1.3317191283293006,-1.2106537530266248,,,,,4200.0,4130.0,1.6949152542372836,0.0,False,False,
2026-08-14,4784,C,買い,60.83,1.26,+1.53σ,強気包み足,,541.0,584.0,,,,,-5.25394045534151,2.2767075306479923,,,,,592.0,531.0,3.677758318739044,-7.0052539404553364,False,False,
2026-08-14,1662,C,買い,62.16,0.51,+1.88σ,陰線→陽線 / 前日安値割れ反転,,1820.0,1873.0,,,,,-0.1645639056500281,2.742731760833794,,,,,1874.0,1805.0,2.7975863960504554,-0.9873834339001686,False,False,
2026-08-14,3891,C,買い,49.11,0.42,+0.60σ,はらみ足,,7490.0,7020.0,,,,,4.027777777777786,-2.500000000000002,,,,,7750.0,7000.0,7.638888888888884,-2.777777777777779,False,False,
2026-08-14,6995,C,売り,48.19,0.33,-0.68σ,なし,,3070.0,3100.0,,,,,-0.32679738562091387,-1.3071895424836555,,,,,3115.0,3050.0,1.7973856209150263,-0.32679738562091387,False,False,
2026-08-14,4095,C,買い,63.25,1.04,+1.76σ,陰線→陽線 / 前日安値割れ反転,,1733.0,1730.0,,,,,-0.1728110599078292,-0.3456221198156695,,,,,1743.0,1713.0,0.40322580645162365,-1.3248847926267238,False,False,
2026-08-14,6134,C,買い,56.96,0.46,+1.22σ,陰線→陽線,,8561.0,7931.0,,,,,3.3188510741009036,-4.284335022930241,,,,,8561.0,7931.0,3.3188510741009036,-4.284335022930241,False,False,
2026-08-14,6047,除外,買い,54.48,0.4,+2.27σ,なし,,403.0,403.0,,,,,0.24875621890547706,0.24875621890547706,,,,,409.0,396.0,1.7412935323383172,-1.4925373134328401,False,False,
2026-08-14,4849,除外,買い,78.21,1.44,+2.36σ,なし,,1471.0,1498.0,,,,,-1.6711229946524075,0.13368983957218195,,,,,1510.0,1457.0,0.9358288770053402,-2.606951871657759,False,False,
2026-08-14,6072,除外,買い,60.36,1.09,+1.90σ,陰線→陽線 / はらみ足,,1134.0,1142.0,,,,,0.08826125330980705,0.7943512797881747,,,,,1193.0,1096.0,5.295675198587824,-3.2656663724624835,False,False,
2026-08-14,5991,C,買い,51.45,0.69,+0.85σ,なし,,3753.0,3678.0,,,,,1.9836956521739113,-0.05434782608695343,,,,,3797.0,3629.0,3.1793478260869534,-1.3858695652173902,False,False,
2026-08-14,4914,C,買い,69.41,0.6,+1.84σ,陰線→陽線 / はらみ足,,1272.0,1276.0,,,,,-0.6249999999999978,-0.31250000000000444,,,,,1289.0,1259.0,0.7031250000000044,-1.6406249999999956,False,False,
2026-08-14,2931,C,買い,58.25,0.61,+1.58σ,陰線→陽線,,353.0,349.0,,,,,-1.3966480446927387,-2.5139664804469275,,,,,360.0,348.0,0.5586592178770999,-2.7932960893854775,False,False,
2026-08-14,2503,C,買い,63.13,0.68,+1.85σ,陰線→陽線,,3000.0,3000.0,,,,,-4.0307101727447225,-4.0307101727447225,,,,,3089.0,2974.0,-1.1836212412028146,-4.862444017914269,False,False,
2026-08-14,2327,C,買い,56.06,0.4,+0.17σ,なし,,3779.0,3769.0,,,,,-1.4859228362878008,-1.7466110531803913,,,,,3837.0,3702.0,0.026068821689251287,-3.4932221063607938,False,False,
2026-08-14,2127,C,買い,55.63,0.55,+0.48σ,なし,,655.4000244140625,660.0,,,,,-2.4266749420779443,-1.7418490397498987,,,,,667.7999877929688,650.7999877929688,-0.5806181639171237,-3.111509931075074,False,False,
2026-08-14,2982,C,買い,61.31,0.86,+2.00σ,なし,,428.0,420.0,,,,,0.7058823529411784,-1.17647058823529,,,,,430.0,416.0,1.17647058823529,-2.117647058823524,False,False,
2026-08-14,9147,C,買い,63.87,0.64,+1.65σ,陰線→陽線 / はらみ足,,5614.0,5636.0,,,,,-1.4396067415730296,-1.0533707865168496,,,,,5654.0,5585.0,-0.7373595505618002,-1.94873595505618,False,False,
2026-08-14,9143,C,買い,61.68,0.8,+1.48σ,なし,,1631.5,1617.5,,,,,-1.0012135922330079,-1.8507281553398092,,,,,1649.0,1605.0,0.060679611650482634,-2.6092233009708754,False,False,
2026-08-14,6264,C,買い,51.45,0.43,+1.24σ,はらみ足,,2232.0,2200.0,,,,,3.5730858468677518,2.088167053364276,,,,,2278.0,2133.0,5.707656612529011,-1.0208816705336465,False,False,
2026-08-14,9716,C,買い,65.46,0.86,+2.10σ,陰線→陽線,,1212.0,1209.0,,,,,-0.8994276369582943,-1.1447260834014705,,,,,1226.0,1207.0,0.24529844644316512,-1.3082583810302584,False,False,
2026-08-14,8425,C,買い,58.6,0.54,+0.99σ,陰線→陽線 / はらみ足,,1352.0,1351.0,,,,,-0.368459837877666,-0.44215180545320587,,,,,1364.0,1346.0,0.5158437730287346,-0.8106116433308719,False,False,
2026-08-14,3776,C,買い,49.22,0.34,+0.38σ,なし,,254.0,248.0,,,,,0.7936507936507908,-1.5873015873015928,,,,,255.0,248.0,1.1904761904761862,-1.5873015873015928,False,False,
2026-08-14,4208,除外,買い,74.19,0.7,+2.17σ,陰線→陽線 / はらみ足,,3653.0,3669.0,,,,,-0.40894220283532734,0.027262813522366258,,,,,3681.0,3608.0,0.35441657579062813,-1.6357688113413316,False,False,
2026-08-14,4373,C,買い,64.02,0.64,+1.49σ,なし,,1146.0,1125.0,,,,,-1.8835616438356184,-3.681506849315064,,,,,1176.0,1093.0,0.6849315068493178,-6.421232876712324,False,False,
2026-08-14,4401,除外,買い,71.65,0.57,+1.74σ,陰線→陽線,,4739.0,4692.0,,,,,-0.6498951781970685,-1.6352201257861632,,,,,4844.0,4661.0,1.5513626834381622,-2.2851153039832317,False,False,
2026-08-14,4478,除外,買い,83.73,1.66,+3.35σ,なし,,3350.0,3420.0,,,,,0.1494768310911887,2.2421524663677195,,,,,3640.0,3270.0,8.819133034379668,-2.2421524663677084,False,False,
2026-08-14,7172,C,買い,50.22,0.32,-0.20σ,陰線→陽線 / はらみ足,,2093.0,2087.0,,,,,1.2578616352201255,0.9675858732462572,,,,,2101.0,2065.0,1.644895984518624,-0.09675858732463016,False,False,
2026-08-14,6532,除外,買い,68.06,0.77,+1.70σ,なし,,7400.0,7368.0,,,,,-3.4446764091857984,-3.8622129436325703,,,,,7667.0,7273.0,0.03914405010438937,-5.101774530271397,False,False,
2026-08-14,6472,C,買い,49.93,0.58,+0.66σ,なし,,386.2000122070313,391.3999938964844,,,,,-0.898123631759995,0.43623143353461735,,,,,410.5,386.2000122070313,5.337439055683868,-0.898123631759995,False,False,
2026-08-14,6448,除外,買い,85.34,0.63,+1.94σ,陰線→陽線,,4618.0,4587.0,,,,,-2.40912933220625,-3.064243448858839,,,,,4767.0,4542.0,0.7396449704142105,-4.015215553677088,False,False,
2026-08-14,6668,除外,買い,56.79,0.23,+1.06σ,なし,,3930.0,3785.0,,,,,5.080213903743314,1.2032085561497263,,,,,4060.0,3735.0,8.55614973262031,-0.13368983957219305,False,False,
2026-08-14,6871,C,買い,51.73,1.48,+0.51σ,なし,,15320.0,14750.0,,,,,2.338009352037407,-1.4696058784235189,,,,,16200.0,14640.0,8.21643286573146,-2.2044088176352727,False,False,
2026-08-14,6753,除外,買い,64.18,0.81,+2.31σ,陰線→陽線,,637.5,616.0999755859375,,,,,-5.471530249110312,-8.64472485380523,,,,,669.7000122070312,616.0999755859375,-0.6969139669289359,-8.64472485380523,False,False,
2026-08-14,6994,C,買い,55.59,0.51,+1.46σ,なし,,1273.0,1229.0,,,,,7.335581787521073,3.6256323777402955,,,,,1334.0,1199.0,12.478920741989885,1.0961214165261302,False,False,
2026-08-14,4165,除外,買い,71.75,10.38,+3.63σ,なし,,699.0,723.0,,,,,1.5988372093023173,5.087209302325579,,,,,729.0,672.0,5.959302325581395,-2.3255813953488413,False,False,
2026-08-14,8595,C,買い,53.99,0.59,+0.69σ,陰線→陽線,,2297.0,2282.0,,,,,0.1744439598778902,-0.47972088966419246,,,,,2299.5,2279.0,0.2834714348015632,-0.6105538595726157,False,False,
2026-08-14,8142,C,買い,59.35,0.73,+1.31σ,陰線→陽線,,1422.0,1410.0,,,,,1.498929336188426,0.6423982869379063,,,,,1427.0,1397.0,1.855817273376159,-0.2855103497501732,False,False,
2026-08-14,8053,C,買い,70.83,0.45,+1.44σ,なし,,1750.0,1757.5,,,,,-2.0979020979020935,-1.6783216783216814,,,,,1795.0,1742.0,0.41958041958041203,-2.5454545454545507,False,False,
2026-08-14,3915,除外,買い,61.5,0.49,+2.14σ,なし,,2442.0,2351.0,,,,,0.49382716049382047,-3.251028806584366,,,,,2452.0,2340.0,0.9053497942386857,-3.703703703703709,False,False,
2026-08-14,7868,除外,買い,58.96,0.78,+2.51σ,陰線→陽線,,577.0,581.0,,,,,4.528985507246386,5.253623188405787,,,,,587.0,547.0,6.340579710144922,-0.9057971014492794,False,False,
2026-08-14,7733,除外,買い,75.21,0.8,+1.97σ,なし,,2076.0,2116.0,,,,,-1.2134189864382638,0.6899833452296056,,,,,2149.5,2055.0,2.28408279800143,-2.212705210563881,False,False,
2026-08-14,7806,C,買い,57.39,0.62,+1.32σ,はらみ足,,8230.0,7880.0,,,,,1.2300123001230068,-3.075030750307506,,,,,8400.0,7880.0,3.3210332103321027,-3.075030750307506,False,False,
2026-08-14,3608,C,買い,62.99,1.12,+1.54σ,陰線→陽線,,1257.0,1255.0,,,,,-0.8675078864353258,-1.0252365930599416,,,,,1282.0,1250.0,1.1041009463722329,-1.4195583596214534,False,False,
2026-08-14,1721,C,買い,52.62,0.77,+1.46σ,なし,,5417.0,5317.0,,,,,1.7659214728536599,-0.11271839188428112,,,,,5466.0,5279.0,2.68645500657525,-0.8266015404846838,False,False,
2026-08-14,9603,C,買い,65.23,0.5,+1.55σ,陰線→陽線,,1126.0,1122.0,,,,,-1.3146362839614345,-1.6652059596844904,,,,,1140.0,1104.0,-0.08764241893076674,-3.242769500438214,False,False,
2026-08-14,8141,C,買い,46.42,0.17,-0.50σ,陰線→陽線,,1566.0,1567.0,,,,,-0.19120458891013214,-0.1274697259400881,,,,,1571.0,1566.0,0.1274697259400881,-0.19120458891013214,False,False,
2026-08-14,2216,C,買い,43.97,0.29,-0.79σ,陰線→陽線 / はらみ足,,1094.0,1085.0,,,,,-0.9057971014492794,-1.7210144927536253,,,,,1106.0,1076.0,0.18115942028984477,-2.536231884057971,False,False,
2026-08-14,7309,C,買い,62.82,0.37,+0.81σ,陰線→陽線 / はらみ足,,19530.0,19370.0,,,,,-3.1970260223048275,-3.990086741016108,,,,,20335.0,19155.0,0.7930607187112804,-5.055762081784387,False,True,
2026-08-14,4413,C,買い,51.74,0.47,-0.15σ,陰線→陽線,,2861.0,2942.0,,,,,0.06995452955578241,2.9031129765652253,,,,,2978.0,2825.0,4.16229450856942,-1.189227002448412,False,False,
2026-08-14,6770,C,買い,56.59,0.54,+1.01σ,なし,,2205.0,2190.0,,,,,-0.4739336492891044,-1.1509817197021044,,,,,2226.0,2172.5,0.4739336492890933,-1.9408711351839303,False,False,
2026-08-14,3635,C,買い,59.62,0.43,+1.41σ,陰線→陽線,,1660.0,1665.0,,,,,-0.18039687312086938,0.12026458208058699,,,,,1682.0,1632.0,1.1425135297654876,-1.864101022248943,False,False,
2026-08-14,3591,S,買い,45.84,1.56,-0.91σ,強気包み足 / 2～5日下落後の陽線,BB逆張り,4220.0,4222.0,,,,,-2.6752767527675303,-2.62915129151291,,,,,4307.0,4169.0,-0.6688191881918826,-3.851476014760147,False,False,
2026-08-14,9065,S,買い,39.2,1.23,-1.13σ,強気包み足 / 前日安値割れ反転 / 2～5日下落後の陽線,BB逆張り / BB＋RSI＋ストキャス,8500.0,8615.0,,,,,-0.3166412571830701,1.0320159493373948,,,,,8649.0,8459.0,1.4307493843086716,-0.7974668699425314,False,False,
2026-08-14,4259,S,買い,36.04,2.16,-2.09σ,陰線→陽線 / 前日安値割れ反転 / 2～5日下落後の陽線,BB逆張り / BB＋RSI＋ストキャス,740.0,781.0,,,,,4.964539007092195,10.780141843971624,,,,,798.0,692.0,13.191489361702136,-1.8439716312056764,False,False,
2026-08-14,6464,S,買い,36.14,2.25,-1.78σ,陰線→陽線 / 前日安値割れ反転 / 2～5日下落後の陽線,BB逆張り / BB＋RSI＋ストキャス,340.0,345.0,,,,,3.9755351681957096,5.504587155963292,,,,,349.0,327.0,6.727828746177367,0.0,False,False,
2026-08-14,6141,S,買い,39.68,1.93,-1.80σ,陰線→陽線 / 長い下ヒゲ（ハンマー） / 前日安値割れ反転 / 2～5日下落後の陽線,BB逆張り / BB＋RSI＋ストキャス,3294.0,3125.0,,,,,-0.27247956403270157,-5.389040266424461,,,,,3354.0,3122.0,1.5440508628519423,-5.479866787768694,False,False,
2026-08-14,4889,S,買い,35.04,1.3,-1.84σ,長い下ヒゲ（ハンマー） / 2～5日下落後の陽線,BB逆張り / BB＋RSI＋ストキャス,1320.0,1300.0,,,,,9.908409658617812,8.24313072439633,,,,,1344.0,1229.0,11.906744379683598,2.3313905079100694,False,False,
2026-08-14,6226,S,買い,37.32,0.68,-1.24σ,陰線→陽線 / 強気包み足 / 2～5日下落後の陽線,BB逆張り / BB＋RSI＋ストキャス,2220.0,2366.0,,,,,8.770210681038716,15.923566878980889,,,,,2449.0,2075.0,19.99020088192063,1.66585007349338,True,False,
2026-08-14,3911,S,買い,36.33,0.51,-1.05σ,陰線→陽線 / 強気包み足 / 2～5日下落後の陽線,BB逆張り,177.0,174.0,,,,,2.9069767441860517,1.1627906976744207,,,,,177.0,172.0,2.9069767441860517,0.0,False,False,
2026-08-14,1861,S,買い,30.63,2.11,-1.69σ,陰線→陽線 / 2～5日下落後の陽線,BB逆張り / BB＋RSI＋ストキャス,1313.0,1298.0,,,,,0.7674597083653145,-0.38372985418265726,,,,,1327.0,1296.0,1.8419033000767415,-0.5372217958557135,False,False,
2026-08-14,4275,S,買い,41.56,1.14,-1.35σ,強気包み足 / 2～5日下落後の陽線,BB逆張り,2127.0,2101.0,,,,,0.6625650733554256,-0.5679129200189315,,,,,2193.0,2101.0,3.786086133459543,-0.5679129200189315,False,False,
2026-08-14,4088,S,買い,45.29,0.83,-0.78σ,陰線→陽線 / 強気包み足 / 2～5日下落後の陽線,BB逆張り / 底固め,2549.0,2571.0,,,,,0.5919494869771169,1.4601420678768795,,,,,2584.0,2528.0,1.9731649565903675,-0.23677979479084232,False,False,
2026-08-14,4375,S,買い,51.56,1.95,+0.52σ,陰線→陽線 / 2～5日下落後の陽線,BB逆張り,667.0,657.0,,,,,1.8320610687022842,0.3053435114503733,,,,,673.0,652.0,2.7480916030534264,-0.45801526717557106,False,False,
2026-08-14,4751,S,買い,34.94,2.32,-1.69σ,2～5日下落後の陽線,BB逆張り / BB＋RSI＋ストキャス,1263.0,1256.5,,,,,-0.23696682464454666,-0.750394944707744,,,,,1273.5,1243.5,0.5924170616113722,-1.7772511848341277,False,False,
2026-08-14,9005,S,買い,36.66,1.01,-1.36σ,陰線→陽線 / 前日安値割れ反転 / 2～5日下落後の陽線,BB逆張り / BB＋RSI＋ストキャス,1634.0,1642.0,,,,,-0.3050640634533197,0.18303843807199183,,,,,1649.5,1626.0,0.6406345332519825,-0.7931665649786424,False,False,
2026-08-14,3984,S,買い,40.58,1.65,-1.11σ,陰線→陽線 / 2～5日下落後の陽線,BB逆張り / BB＋RSI＋ストキャス,1572.0,1575.0,,,,,-1.3801756587201952,-1.1919698870765383,,,,,1602.0,1556.0,0.5018820577164407,-2.3839397741530766,False,False,
2026-08-14,4901,S,買い,40.22,1.01,-1.24σ,長い下ヒゲ（ハンマー） / 2～5日下落後の陽線,BB逆張り,3242.0,3182.0,,,,,-2.6133974166416385,-4.415740462601381,,,,,3383.0,3182.0,1.6221087413637703,-4.415740462601381,False,False,
2026-08-14,4755,S,買い,41.69,1.59,-1.48σ,強気包み足 / 2～5日下落後の陽線,BB逆張り,777.4000244140625,772.7000122070312,,,,,1.7805740264549064,1.1652280972808793,,,,,801.2999877929688,753.5999755859375,4.909660617042255,-1.3354313189398392,False,False,
2026-08-14,9467,S,買い,45.35,0.78,-0.95σ,陰線→陽線 / 強気包み足 / 前日安値割れ反転 / 2～5日下落後の陽線,BB逆張り,1201.0,1180.0,,,,,19.740777666998998,17.647058823529417,,,,,1225.0,1140.0,22.133599202392816,13.659022931206376,True,False,
2026-08-14,1893,S,買い,38.42,0.89,-1.19σ,陰線→陽線 / 長い下ヒゲ（ハンマー） / 2～5日下落後の陽線,BB逆張り / BB＋RSI＋ストキャス,1464.5,1438.5,,,,,1.8074383037886665,0.0,,,,,1492.0,1435.5,3.7191518943343826,-0.2085505735140769,False,False,
2026-08-14,7318,S,買い,32.07,0.77,-1.98σ,陰線→陽線 / はらみ足 / 2～5日下落後の陽線,BB逆張り / BB＋RSI＋ストキャス,1545.0,1551.0,,,,,4.674796747967469,5.081300813008127,,,,,1635.0,1476.0,10.77235772357723,0.0,False,False,
2026-08-14,7917,S,買い,44.98,0.85,-1.05σ,強気包み足 / 2～5日下落後の陽線,BB逆張り,1311.0,1300.0,,,,,0.3828483920367498,-0.45941807044410643,,,,,1318.0,1295.0,0.9188361408882129,-0.8422664624808562,False,False,
2026-08-14,8715,S,買い,39.65,1.13,-1.83σ,陰線→陽線 / はらみ足 / 2～5日下落後の陽線,BB逆張り / BB＋RSI＋ストキャス,1092.0,1143.0,,,,,-4.126426690079022,0.3511852502194879,,,,,1150.0,1086.0,0.9657594381035972,-4.653204565408253,False,False,
2026-08-14,1926,S,買い,39.43,0.5,-0.90σ,前日安値割れ反転,BB逆張り / BB＋RSI＋ストキャス,3795.0,3775.0,,,,,1.200000000000001,0.6666666666666599,,,,,3820.0,3765.0,1.866666666666661,0.40000000000000036,False,False,
2026-08-14,1979,S,買い,35.71,1.04,-1.19σ,陰線→陽線 / 強気包み足 / 2～5日下落後の陽線,BB逆張り,4140.0,4070.0,,,,,1.4705882352941124,-0.2450980392156854,,,,,4200.0,4060.0,2.941176470588225,-0.4901960784313708,False,False,
2026-08-14,6849,S,買い,45.68,1.5,-1.13σ,陰線→陽線 / 強気包み足 / 前日安値割れ反転 / 2～5日下落後の陽線,BB逆張り,1458.0,1472.5,,,,,-1.7189079878665359,-0.7414897202561499,,,,,1493.0,1445.0,0.6403774856757583,-2.59521402089653,False,False,
2026-08-14,9735,S,買い,44.61,1.38,-1.24σ,強気包み足 / はらみ足 / 長い下ヒゲ（ハンマー） / 2～5日下落後の陽線,BB逆張り,6408.0,6364.0,,,,,-1.5819382583320496,-2.257717708493323,,,,,6503.0,6292.0,-0.12286899093840731,-3.363538626939022,False,False,
2026-08-14,1812,S,買い,30.06,1.02,-1.42σ,陰線→陽線 / 2～5日下落後の陽線,BB逆張り / BB＋RSI＋ストキャス,4981.0,4891.0,,,,,0.891229491594081,-0.9317399230301837,,,,,5034.0,4891.0,1.9647559246505963,-0.9317399230301837,False,False,
2026-08-14,1802,S,買い,37.54,1.0,-1.25σ,陰線→陽線 / 2～5日下落後の陽線,BB逆張り / BB＋RSI＋ストキャス,3034.0,3012.0,,,,,-0.5571943625040987,-1.2782694198623434,,,,,3094.0,3012.0,1.4093739757456536,-1.2782694198623434,False,False,
2026-08-14,7860,S,買い,46.75,1.05,-0.89σ,強気包み足 / 2～5日下落後の陽線,BB逆張り,1252.0,1253.0,,,,,0.8051529790660261,0.8856682769726287,,,,,1262.0,1236.0,1.6103059581320522,-0.48309178743961567,False,False,
2026-08-14,5852,S,買い,40.84,0.68,-1.02σ,陰線→陽線 / 前日安値割れ反転 / 2～5日下落後の陽線,BB逆張り,678.0,679.0,,,,,0.5934718100890191,0.7418397626112849,,,,,680.0,670.0,0.8902077151335286,-0.5934718100890191,False,False,
2026-08-14,5408,S,買い,49.53,1.29,-0.37σ,陰線→陽線 / 強気包み足 / 2～5日下落後の陽線,BB逆張り,637.0,645.0,,,,,-0.15673981191222097,1.097178683385569,,,,,653.0,631.0,2.351097178683381,-1.0971786833855801,False,False,
2026-08-14,5105,S,買い,42.76,0.55,-1.25σ,陰線→陽線 / 強気包み足 / 2～5日下落後の陽線,BB逆張り,3804.0,3783.0,,,,,0.10526315789474161,-0.44736842105262964,,,,,3837.0,3726.0,0.9736842105263266,-1.947368421052631,False,False,
2026-08-14,5574,除外,買い,67.4,1.35,+1.98σ,強気包み足 / 2～5日下落後の陽線,底固め,2927.0,2903.0,,,,,-3.399339933993395,-4.191419141914188,,,,,3060.0,2867.0,0.990099009900991,-5.379537953795377,False,False,
2026-08-14,9024,S,買い,47.55,0.86,-0.83σ,陰線→陽線 / はらみ足 / 2～5日下落後の陽線,BB逆張り / 底固め,3278.0,3289.0,,,,,-2.0908004778972478,-1.7622461170848314,,,,,3348.0,3236.0,0.0,-3.3452807646356053,False,False,
2026-08-14,2201,S,買い,42.94,0.85,-1.04σ,陰線→陽線 / 強気包み足 / 長い下ヒゲ（ハンマー） / 2～5日下落後の陽線,BB逆張り,2530.5,2522.5,,,,,-0.9201252936570037,-1.2333594361785383,,,,,2559.0,2499.5,0.19577133907595634,-2.133907595927953,False,False,
2026-08-14,3673,A,買い,48.6,1.6,-0.65σ,強気包み足 / 2～5日下落後の陽線,BB逆張り,436.0,435.0,,,,,1.1600928074245953,0.9280742459396807,,,,,440.0,422.0,2.088167053364276,-2.088167053364265,False,False,
2026-08-14,2413,A,買い,46.17,1.19,-0.74σ,強気包み足 / 前日安値割れ反転 / 2～5日下落後の陽線,BB逆張り,1732.0,1695.5,,,,,2.032400589101613,-0.1178203240058906,,,,,1773.0,1653.0,4.447717231222392,-2.621502209131077,False,False,
2026-08-14,2685,A,買い,50.75,1.24,+0.24σ,強気包み足 / 前日安値割れ反転 / 2～5日下落後の陽線,底固め,3425.0,3480.0,,,,,-0.7246376811594235,0.8695652173912993,,,,,3505.0,3400.0,1.5942028985507228,-1.449275362318836,False,False,
2026-08-14,2980,A,買い,50.71,1.01,+0.07σ,陰線→陽線 / 前日安値割れ反転 / 2～5日下落後の陽線,BB逆張り,2535.0,2518.0,,,,,-2.3873700423565625,-3.041971505583363,,,,,2585.0,2498.0,-0.46207162110126765,-3.812090874085483,False,False,
2026-08-14,6544,A,買い,35.69,1.65,-1.19σ,2～5日下落後の陽線,BB逆張り,1527.5,1510.0,,,,,-0.5210029306414898,-1.6606968414197287,,,,,1571.5,1503.5,2.3445131878866876,-2.084011722565937,False,False,
2026-08-14,1968,A,買い,40.59,1.1,-1.09σ,前日安値割れ反転,BB逆張り / 底固め,2433.0,2385.0,,,,,1.9698239731768652,-0.04191114836546994,,,,,2465.0,2381.0,3.310980720871748,-0.2095557418273275,False,False,
2026-08-14,9678,A,買い,65.77,0.52,+1.70σ,陰線→陽線 / 強気包み足 / 前日安値割れ反転 / 2～5日下落後の陽線,アンチ,5430.0,5450.0,,,,,-1.0928961748633892,-0.7285974499089298,,,,,5530.0,5430.0,0.7285974499089187,-1.0928961748633892,False,False,
2026-08-14,7476,A,買い,48.62,0.58,-0.81σ,陰線→陽線 / 前日安値割れ反転 / 2～5日下落後の陽線,BB逆張り / 底固め,2346.5,2358.5,,,,,-1.4282713715605966,-0.9241755933627416,,,,,2373.5,2333.5,-0.29405587061541727,-1.9743751312749414,False,False,
2026-08-14,1938,A,買い,44.16,0.65,-0.35σ,強気包み足 / 2～5日下落後の陽線,底固め / アンチ,2510.0,2479.0,,,,,2.8267103646046676,1.556739041376476,,,,,2520.0,2410.0,3.2363785333879624,-1.2699713232281806,False,False,
2026-08-14,2730,A,買い,56.65,0.59,+0.48σ,陰線→陽線 / 強気包み足 / 2～5日下落後の陽線,底固め,2473.0,2508.0,,,,,-1.5917230401910065,-0.19896538002387443,,,,,2529.0,2460.0,0.6366892160764026,-2.1090330282530823,False,False,
2026-08-14,7202,A,買い,46.25,0.73,-0.81σ,陰線→陽線 / はらみ足 / 長い下ヒゲ（ハンマー） / 2～5日下落後の陽線,BB逆張り / 底固め,2260.5,2241.5,,,,,-0.22070183182520964,-1.059368792760984,,,,,2291.5,2228.5,1.147649525491068,-1.633193555506507,False,False,
2026-08-14,4553,A,買い,41.32,0.83,-1.22σ,陰線→陽線 / はらみ足 / 2～5日下落後の陽線,BB逆張り,3715.0,3830.0,,,,,-2.1080368906455815,0.9222661396574461,,,,,3855.0,3695.0,1.5810276679841806,-2.6350461133069825,False,False,
2026-08-14,3563,A,買い,61.13,0.87,+1.16σ,陰線→陽線 / 強気包み足 / 2～5日下落後の陽線,底固め,5840.0,5806.0,,,,,-0.35830063129158596,-0.938406415287496,,,,,5964.0,5665.0,1.7573792868111227,-3.344139225388154,False,False,
2026-08-14,1950,A,買い,42.06,0.88,-0.77σ,強気包み足 / 長い下ヒゲ（ハンマー） / 2～5日下落後の陽線,底固め,3945.0,3860.0,,,,,1.0243277848911658,-1.1523687580025643,,,,,4010.0,3860.0,2.688860435339313,-1.1523687580025643,False,False,
2026-08-14,7412,A,買い,42.91,0.96,-0.17σ,陰線→陽線 / 2～5日下落後の陽線,BB逆張り,366.0,360.0,,,,,-2.1390374331550777,-3.7433155080213942,,,,,375.0,360.0,0.2673796791443861,-3.7433155080213942,False,False,
2026-08-14,8214,A,買い,50.77,0.95,-0.57σ,陰線→陽線 / 強気包み足 / はらみ足 / 2～5日下落後の陽線,BB逆張り,1700.0,1710.0,,,,,-0.23474178403756207,0.35211267605634866,,,,,1712.0,1690.0,0.46948356807512415,-0.8215962441314506,False,False,
2026-08-14,2585,除外,買い,72.87,4.5,+3.95σ,陰線→陽線 / 2～5日下落後の陽線,底固め,1676.0,1658.0,,,,,-6.211527700055964,-7.218802462227192,,,,,1896.0,1631.0,6.099608282036928,-8.729714605484052,False,False,
2026-08-14,6310,A,買い,45.0,1.15,-1.11σ,陰線→陽線 / 2～5日下落後の陽線,BB逆張り,1799.0,1804.0,,,,,0.7843137254901933,1.0644257703081195,,,,,1816.0,1760.0,1.7366946778711423,-1.4005602240896309,False,False,
2026-08-14,4392,除外,買い,55.1,3.32,+1.10σ,陰線→陽線 / 2～5日下落後の陽線,底固め,1230.0,1325.0,,,,,17.14285714285715,26.190476190476186,,,,,1377.0,994.0,31.14285714285714,-5.333333333333334,False,False,
2026-08-14,6222,A,買い,58.86,0.3,+1.23σ,陰線→陽線 / 強気包み足 / 前日安値割れ反転 / 2～5日下落後の陽線,アンチ,953.0,946.0,,,,,0.42149631190726566,-0.31612223393044925,,,,,957.0,940.0,0.8429926238145313,-0.9483667017913588,False,False,
2026-08-14,9021,A,買い,50.44,0.86,-0.56σ,強気包み足 / 2～5日下落後の陽線,BB逆張り,2888.0,2884.0,,,,,-1.0958904109588996,-1.2328767123287676,,,,,2930.0,2851.0,0.3424657534246478,-2.363013698630134,False,False,
2026-08-14,6237,A,買い,47.63,0.67,-0.85σ,陰線→陽線 / 2～5日下落後の陽線,BB逆張り,4705.0,4535.0,,,,,1.5102481121898492,-2.157497303128375,,,,,4810.0,4225.0,3.7756202804746453,-8.84573894282632,False,False,
2026-08-14,7177,A,買い,61.46,0.93,+1.46σ,長い下ヒゲ（ハンマー） / 2～5日下落後の陽線,底固め,1086.0,1090.0,,,,,-1.4519056261342977,-1.0889292196007205,,,,,1106.0,1083.0,0.3629764065335772,-1.7241379310344862,False,False,
2026-08-14,7211,A,買い,44.98,0.54,-1.15σ,はらみ足,底固め,348.0,349.0,,,,,1.516919486581103,1.80863477246207,,,,,351.70001220703125,343.6000061035156,2.5962696053183354,0.23337400919358764,False,False,
2026-08-14,3880,A,買い,50.9,0.69,-0.63σ,陰線→陽線 / 2～5日下落後の陽線,BB逆張り,953.0,971.0,,,,,-2.0554984583761593,-0.20554984583761593,,,,,976.0,947.0,0.30832476875641834,-2.672147995889007,False,False,
2026-08-14,3778,除外,買い,70.81,1.3,+2.21σ,強気包み足,底固め,3800.0,4300.0,,,,,-1.8087855297157618,11.111111111111116,,,,,4350.0,3710.0,12.4031007751938,-4.134366925064603,False,False,
2026-08-14,7389,除外,買い,65.09,2.11,+1.52σ,強気包み足,底固め,1862.0,1859.0,,,,,-0.3211991434689532,-0.48179871520342976,,,,,1926.0,1777.0,3.104925053533192,-4.871520342612423,False,False,
2026-08-14,6572,A,買い,66.9,0.56,+1.13σ,陰線→陽線 / 強気包み足 / 前日安値割れ反転,底固め,263.0,258.0,,,,,1.9379844961240345,0.0,,,,,267.0,253.0,3.488372093023262,-1.9379844961240345,False,False,
2026-08-14,7794,A,買い,49.95,1.78,+1.25σ,強気包み足,底固め,970.0,965.0,,,,,2.5369978858351017,2.0084566596194398,,,,,981.0,915.0,3.6997885835095223,-3.2769556025370017,False,False,
2026-08-14,3176,除外,買い,87.07,1.96,+2.06σ,強気包み足,底固め,1132.0,1148.0,,,,,-3.2478632478632474,-1.8803418803418848,,,,,1165.0,1121.0,-0.42735042735042583,-4.188034188034184,False,False,
2026-08-14,8167,除外,買い,65.53,2.06,+2.23σ,強気包み足,底固め,1439.0,1467.0,,,,,-0.6215469613259694,1.3121546961325947,,,,,1475.0,1435.0,1.8646408839779083,-0.8977900552486151,False,False,
2026-08-14,7453,A,買い,65.39,0.75,+1.55σ,強気包み足 / 前日安値割れ反転,底固め / アンチ,4345.0,4303.0,,,,,-3.4229828850855792,-4.356523671927093,,,,,4463.0,4262.0,-0.8001778172927354,-5.267837297177147,False,True,
2026-08-14,2590,A,買い,57.08,0.54,+0.28σ,強気包み足 / 前日安値割れ反転,底固め,2937.0,2952.0,,,,,-0.9109311740890691,-0.4048582995951455,,,,,2983.0,2912.0,0.6410256410256387,-1.7543859649122862,False,False,
2026-08-14,3156,除外,買い,79.83,1.47,+2.16σ,陰線→陽線 / 強気包み足,底固め,5070.0,4870.0,,,,,-7.985480943738654,-11.615245009074416,,,,,5430.0,4830.0,-1.4519056261342977,-12.34119782214156,False,False,
2026-08-14,3276,除外,買い,95.01,1.57,+1.23σ,陰線→陽線 / 強気包み足 / はらみ足,底固め / アンチ,2244.0,2244.0,,,,,-0.044543429844101645,-0.044543429844101645,,,,,2245.0,2244.0,0.0,-0.044543429844101645,False,False,
2026-08-14,3040,除外,買い,84.34,2.34,+3.02σ,強気包み足,底固め,2524.0,2475.0,,,,,-1.5216543113538816,-3.433476394849788,,,,,2560.0,2448.0,-0.1170503316426097,-4.486929379633242,False,False,
2026-08-14,7984,A,買い,53.79,0.63,-0.15σ,陰線→陽線 / 前日安値割れ反転 / 2～5日下落後の陽線,底固め,864.7000122070312,863.4000244140625,,,,,-0.9734296602117221,-1.1223059534972046,,,,,872.0,845.0999755859375,-0.13742556115438065,-3.218051352961815,False,True,
2026-08-14,7611,A,買い,62.13,1.95,+1.12σ,強気包み足,底固め,2888.0,2911.0,,,,,-0.8922443376801592,-0.10295126973233204,,,,,2929.0,2864.0,0.5147563486616269,-1.7158544955387822,False,False,
2026-08-14,8897,除外,買い,75.74,1.93,+2.50σ,強気包み足,底固め,459.0,453.0,,,,,0.0,-1.3071895424836555,,,,,462.0,453.0,0.6535947712418277,-1.3071895424836555,False,False,
2026-08-14,9433,A,買い,51.05,1.05,-0.43σ,陰線→陽線 / 長い下ヒゲ（ハンマー） / 2～5日下落後の陽線,BB逆張り,2833.5,2854.0,,,,,-1.5291051259774147,-0.816681146828846,,,,,2882.0,2810.0,0.1563857515204159,-2.3457862728062606,False,False,
2026-08-14,9744,A,買い,62.81,0.65,+1.06σ,強気包み足 / 前日安値割れ反転,底固め,3305.0,3307.0,,,,,-1.5196662693682916,-1.4600715137067954,,,,,3350.0,3285.0,-0.17878426698451078,-2.115613825983309,False,False,
2026-08-14,5334,A,買い,48.6,0.65,+0.43σ,前日安値割れ反転,アンチ,9600.0,9526.0,,,,,-1.336073997944498,-2.096608427543678,,,,,9916.0,9526.0,1.911613566289816,-2.096608427543678,False,False,
2026-08-14,5445,除外,買い,67.35,1.08,+2.49σ,強気包み足 / 前日安値割れ反転,底固め / アンチ,2022.0,2031.0,,,,,-0.1481481481481528,0.2962962962963056,,,,,2048.0,1998.0,1.1358024691358048,-1.3333333333333308,False,False,
2026-08-14,4970,A,買い,41.93,1.13,-0.84σ,なし,アンチ,12990.0,12660.0,,,,,3.83693045563549,1.1990407673860837,,,,,13340.0,12330.0,6.634692246203033,-1.4388489208633115,False,False,
2026-08-14,5901,A,買い,71.2,1.32,+2.01σ,強気包み足,底固め,4426.0,4414.0,,,,,0.15840687938446507,-0.11314777098890838,,,,,4503.0,4370.0,1.900882552613714,-1.1088481556913332,False,False,
2026-08-14,5253,A,買い,48.45,0.83,-0.42σ,強気包み足 / 長い下ヒゲ（ハンマー） / 前日安値割れ反転 / 2～5日下落後の陽線,底固め,1538.0,1540.0,,,,,0.5886200130804431,0.7194244604316502,,,,,1571.0,1505.0,2.746893394375416,-1.5696533682145186,False,False,
2026-08-14,3810,除外,買い,65.43,1.79,+2.80σ,強気包み足,底固め,228.0,240.0,,,,,7.547169811320753,13.207547169811317,,,,,245.0,205.0,15.566037735849058,-3.301886792452835,False,False,
2026-08-14,4419,除外,買い,43.35,3.54,-1.81σ,陰線→陽線,BB逆張り,1275.0,1314.0,,,,,-8.536585365853655,-5.7388809182209455,,,,,1347.0,1257.0,-3.371592539454804,-9.82783357245337,False,False,
2026-08-14,1815,B,買い,46.44,0.61,-0.57σ,強気包み足,BB逆張り,4455.0,4365.0,,,,,2.5316455696202445,0.4602991944764101,,,,,4460.0,4340.0,2.6467203682393636,-0.11507479861909697,False,False,
2026-08-14,3798,B,買い,42.53,2.26,-1.85σ,陰線→陽線,BB逆張り,528.0,518.0,,,,,0.5714285714285783,-1.3333333333333308,,,,,534.0,516.0,1.7142857142857126,-1.7142857142857126,False,False,
2026-08-14,5930,B,買い,44.14,1.71,-0.75σ,強気包み足,BB逆張り,1825.0,1816.0,,,,,-1.1911207363291876,-1.678397401191123,,,,,1855.0,1814.0,0.43313481321061165,-1.7866811044937703,False,False,
2026-08-14,1786,B,買い,46.85,0.96,-1.05σ,強気包み足,BB逆張り,357.0,355.0,,,,,1.1331444759206777,0.56657223796035,,,,,361.0,348.0,2.2662889518413554,-1.4164305949008527,False,False,
2026-08-14,5232,B,買い,57.74,0.86,+1.48σ,2～5日下落後の陽線,底固め,5845.0,5860.0,,,,,-1.1332882273342393,-0.8795669824086638,,,,,6004.0,5823.0,1.556156968876854,-1.505412719891741,False,False,
2026-08-14,3661,B,買い,66.9,1.48,+1.71σ,陰線→陽線 / 前日安値割れ反転,底固め,792.0,819.0,,,,,-5.263157894736848,-2.0334928229665095,,,,,833.0,785.0,-0.3588516746411474,-6.100478468899517,False,True,
2026-08-14,2918,B,買い,64.33,1.31,+1.09σ,強気包み足 / 長い下ヒゲ（ハンマー）,底固め,2801.0,2795.0,,,,,-1.1992945326278703,-1.4109347442680775,,,,,2830.0,2781.0,-0.17636684303351524,-1.904761904761909,False,False,
2026-08-14,9302,B,買い,43.14,0.77,-0.64σ,陰線→陽線 / 強気包み足,BB逆張り,3342.0,3320.0,,,,,-1.2703101920236382,-1.9202363367799125,,,,,3395.0,3307.0,0.2954209748892156,-2.3042836041358927,False,False,
2026-08-14,2533,B,買い,40.07,0.7,-1.03σ,陰線→陽線 / 強気包み足 / 前日安値割れ反転,BB逆張り,475.0,468.0,,,,,3.7117903930131035,2.183406113537112,,,,,479.0,456.0,4.585152838427953,-0.4366812227074246,False,False,
2026-08-14,8043,除外,買い,78.5,1.52,+2.62σ,長い下ヒゲ（ハンマー）,底固め,1499.0,1529.0,,,,,-0.5308560053085554,1.4598540145985384,,,,,1531.0,1479.0,1.5925680159256883,-1.8579960185799549,False,False,
2026-08-14,8281,除外,買い,74.85,7.58,+3.31σ,強気包み足 / 前日安値割れ反転,底固め,1200.0,1200.0,,,,,-1.4778325123152691,-1.4778325123152691,,,,,1244.0,1176.0,2.1346469622331776,-3.4482758620689613,False,False,
2026-08-14,4548,B,買い,42.63,0.82,-0.90σ,強気包み足,BB逆張り,707.0,708.0,,,,,-0.42253521126760507,-0.28169014084507005,,,,,714.0,704.0,0.5633802816901401,-0.8450704225352101,False,False,
2026-08-14,1951,B,買い,48.44,0.64,+0.34σ,強気包み足 / はらみ足 / 2～5日下落後の陽線,底固め,2660.0,2617.5,,,,,1.0446343779677125,-0.5698005698005715,,,,,2683.5,2617.0,1.9373219373219452,-0.5887939221272509,False,False,
2026-08-14,9418,B,買い,54.39,0.94,+0.48σ,陰線→陽線 / 強気包み足 / はらみ足,底固め,1726.0,1729.0,,,,,-0.057903879559928484,0.11580775911985697,,,,,1738.0,1710.0,0.6369426751592355,-0.9843659525188175,False,False,
2026-08-14,9227,B,買い,58.24,0.59,+1.43σ,強気包み足,底固め,962.0,960.0,,,,,3.7756202804746453,3.5598705501618033,,,,,1015.0,918.0,9.492988133764824,-0.9708737864077666,False,False,
2026-08-14,9449,B,買い,71.71,0.79,+1.90σ,強気包み足,底固め,3930.0,3955.0,,,,,-9.509555606723463,-8.933916647478702,,,,,4078.0,3831.0,-6.101772967994479,-11.789085885332717,False,True,
2026-08-14,9474,B,買い,49.8,0.83,-0.39σ,強気包み足,底固め,893.0,886.0,,,,,-0.11185682326622093,-0.8948545861297563,,,,,903.0,884.0,1.0067114093959662,-1.118568232662187,False,False,
2026-08-14,9508,B,買い,65.71,1.04,+2.15σ,強気包み足,底固め,1855.0,1912.0,,,,,-0.9345794392523366,2.109479305740991,,,,,1912.0,1851.5,2.109479305740991,-1.121495327102806,False,False,
2026-08-14,1879,B,買い,68.74,0.85,+1.65σ,強気包み足,底固め,2314.0,2334.0,,,,,0.915830789358929,1.7880505887483578,,,,,2358.0,2290.0,2.834714348015699,-0.1308329699084121,False,False,
2026-08-14,9506,除外,買い,80.29,0.81,+2.03σ,強気包み足,底固め,1257.0,1306.0,,,,,0.23923444976077235,4.146730462519943,,,,,1320.0,1249.0,5.263157894736836,-0.3987240829346095,False,False,
2026-08-14,9470,B,買い,61.57,0.85,+1.90σ,陰線→陽線 / 強気包み足,底固め,1050.0,1044.0,,,,,0.5747126436781658,0.0,,,,,1054.0,1035.0,0.9578544061302763,-0.8620689655172376,False,False,
2026-08-14,9504,B,買い,55.23,0.87,+0.21σ,強気包み足,底固め,933.7999877929688,948.7000122070312,,,,,0.21463702435811083,1.8136952357835634,,,,,949.7999877929688,927.0999755859376,1.931743699610311,-0.5044027059521672,False,False,
2026-08-14,2734,除外,買い,69.19,0.96,+2.64σ,強気包み足,底固め,1207.0,1230.0,,,,,0.6672226855713115,2.5854879065888348,,,,,1233.0,1200.0,2.8356964136780682,0.08340283569641116,False,False,
2026-08-14,2602,B,買い,64.66,1.11,+1.46σ,強気包み足,底固め,1996.0,1995.0,,,,,-0.9920634920634885,-1.041666666666663,,,,,2024.0,1975.0,0.3968253968253954,-2.0337301587301626,False,False,
2026-08-14,7246,除外,買い,82.22,0.84,+1.74σ,強気包み足,底固め,981.0,989.0,,,,,-0.3048780487804881,0.5081300813008172,,,,,996.0,977.0,1.2195121951219523,-0.7113821138211351,False,False,
2026-08-14,7226,B,買い,58.54,0.96,+0.47σ,陰線→陽線 / 強気包み足,底固め,2354.0,2350.0,,,,,0.3837953091684332,0.2132196162046851,,,,,2364.0,2341.0,0.8102345415778256,-0.17057569296374808,False,False,
2026-08-14,3612,B,買い,56.74,1.28,+0.95σ,陰線→陽線 / 強気包み足,底固め,1627.0,1649.0,,,,,-0.18404907975460016,1.1656441717791344,,,,,1653.0,1625.0,1.411042944785268,-0.30674846625766694,False,False,
2026-08-14,7278,B,買い,61.62,0.72,+1.58σ,強気包み足,底固め,6190.0,6240.0,,,,,0.32414910858995505,1.1345218800648205,,,,,6240.0,6170.0,1.1345218800648205,0.0,False,False,
2026-08-14,7595,B,買い,57.72,1.04,+0.61σ,陰線→陽線 / 強気包み足,底固め,1336.0,1317.0,,,,,0.07490636704119424,-1.348314606741574,,,,,1351.0,1308.0,1.1985018726591745,-2.0224719101123556,False,False,
2026-08-14,7610,B,買い,44.46,0.26,-0.98σ,強気包み足 / はらみ足,底固め,141.0,139.0,,,,,-0.7042253521126751,-2.1126760563380254,,,,,142.0,138.0,0.0,-2.8169014084507005,False,False,
2026-08-14,3284,除外,買い,70.06,1.19,+2.32σ,強気包み足,底固め,1296.0,1303.0,,,,,0.0,0.5401234567901314,,,,,1305.0,1288.0,0.694444444444442,-0.6172839506172867,False,False,
2026-08-14,3443,除外,買い,65.07,1.04,+2.69σ,強気包み足,底固め,1415.0,1426.0,,,,,1.5793251974156597,2.3689877961234673,,,,,1443.0,1391.0,3.5893754486719276,-0.1435750179468731,False,False,
2026-08-14,3395,B,買い,45.22,1.01,-0.60σ,なし,BB逆張り,2433.0,2445.0,,,,,-0.7343941248470043,-0.2447980416156681,,,,,2465.0,2420.0,0.5711954304365552,-1.26478988168095,False,False,
2026-08-14,3387,B,買い,55.64,0.85,+0.25σ,強気包み足,底固め,773.0,767.0,,,,,-0.5148005148005175,-1.2870012870012881,,,,,779.0,766.0,0.2574002574002643,-1.4157014157014203,False,False,
2026-08-14,3333,B,買い,60.03,0.76,+1.27σ,強気包み足,底固め,1371.0,1381.0,,,,,0.07299270072993469,0.8029197080291928,,,,,1390.0,1364.0,1.4598540145985384,-0.43795620437956373,False,False,
2026-08-14,7803,B,買い,62.92,3.26,+0.54σ,強気包み足 / 前日安値割れ反転,底固め,418.0,410.0,,,,,6.091370558375631,4.060913705583746,,,,,420.0,396.0,6.598984771573613,0.50761421319796,False,False,
2026-08-14,8060,B,買い,65.22,0.71,+1.66σ,強気包み足,底固め,3603.0,3556.0,,,,,-2.5162337662337664,-3.7878787878787845,,,,,3682.0,3547.0,-0.37878787878787845,-4.03138528138528,False,True,
2026-08-14,8057,B,買い,61.3,0.53,+1.29σ,陰線→陽線 / 強気包み足,底固め,2167.0,2150.0,,,,,-0.8237986270022923,-1.6018306636155555,,,,,2185.0,2122.0,0.0,-2.8832951945080065,False,False,
2026-08-14,9201,B,買い,60.36,0.73,+1.12σ,陰線→陽線 / 2～5日下落後の陽線,底固め,3029.0,2996.0,,,,,-0.8185985592665368,-1.8991486574983618,,,,,3056.0,2990.0,0.06548788474132206,-2.095612311722328,False,False,
2026-08-14,2157,B,買い,54.25,0.81,-0.30σ,強気包み足,底固め,1026.0,1024.0,,,,,-1.060752169720347,-1.253616200578589,,,,,1033.0,1016.0,-0.3857280617164949,-2.0250723240115676,False,False,
2026-08-14,9432,B,買い,67.07,1.02,+1.93σ,強気包み足,底固め,161.5,160.39999389648438,,,,,-0.7375537799631182,-1.4136484963218288,,,,,163.3000030517578,158.8000030517578,0.3687787656778241,-2.3970479091838803,False,False,
2026-08-14,9119,B,買い,64.58,0.84,+1.77σ,陰線→陽線 / 強気包み足,底固め,1645.0,1686.0,,,,,3.3291457286432236,5.904522613065333,,,,,1697.0,1602.0,6.595477386934667,0.628140703517599,False,False,
2026-08-14,2492,除外,買い,68.42,0.9,+1.85σ,陰線→陽線 / 強気包み足,底固め,568.0,599.0,,,,,-7.491856677524433,-2.442996742671011,,,,,617.0,564.0,0.48859934853420217,-8.143322475570036,False,False,
2026-08-14,8708,B,買い,65.99,0.89,+1.47σ,強気包み足,底固め,1715.0,1724.0,,,,,-0.8670520231213841,-0.3468208092485603,,,,,1737.0,1706.0,0.4046242774566444,-1.387283236994219,False,False,
2026-08-14,6986,除外,買い,74.3,0.99,+1.86σ,強気包み足,底固め,686.0,670.0,,,,,3.003003003003002,0.6006006006006093,,,,,696.0,662.0,4.504504504504503,-0.6006006006005982,False,False,
2026-08-14,6196,B,買い,54.2,1.0,+0.34σ,強気包み足,底固め,1344.0,1329.0,,,,,0.14903129657228842,-0.9687034277198192,,,,,1344.0,1326.0,0.14903129657228842,-1.1922503725782407,False,False,
2026-08-14,6232,B,買い,49.8,0.77,+0.34σ,陰線→陽線 / 長い下ヒゲ（ハンマー） / 前日安値割れ反転 / 2～5日下落後の陽線,底固め,1766.0,1719.0,,,,,1.4359563469270586,-1.263641585295805,,,,,1796.0,1661.0,3.159103963239507,-4.5950603101665655,False,False,
2026-08-14,6254,B,買い,45.28,0.77,-0.47σ,はらみ足,アンチ,3960.0,3770.0,,,,,1.538461538461533,-3.3333333333333326,,,,,3990.0,3750.0,2.3076923076922995,-3.8461538461538436,False,False,
2026-08-14,6306,B,買い,69.09,1.18,+1.95σ,強気包み足,底固め,1026.0,1026.0,,,,,1.183431952662728,1.183431952662728,,,,,1034.0,1001.0,1.9723865877712132,-1.2820512820512775,False,False,
2026-08-14,3946,B,買い,69.21,0.76,+1.64σ,強気包み足,底固め,4715.0,4720.0,,,,,0.5330490405117239,0.6396588486140775,,,,,4740.0,4655.0,1.0660980810234477,-0.7462686567164201,False,False,
2026-08-14,6859,B,買い,56.78,0.49,+1.01σ,強気包み足,底固め,4285.0,4150.0,,,,,1.0613207547169878,-2.1226415094339646,,,,,4285.0,4140.0,1.0613207547169878,-2.358490566037741,False,False,
2026-08-14,6958,除外,買い,70.31,1.03,+2.16σ,強気包み足,底固め,778.0,762.0,,,,,-0.6385696040868472,-2.6819923371647514,,,,,807.0,759.0,3.065134099616862,-3.065134099616862,False,False,
2026-08-14,4246,除外,買い,78.04,0.77,+2.17σ,強気包み足,底固め,1130.0,1143.0,,,,,0.2661934338952898,1.419698314108242,,,,,1150.0,1119.0,2.0408163265306145,-0.709849157054121,False,False,
2026-08-14,4194,B,買い,64.94,0.86,+1.65σ,強気包み足,底固め,9064.0,9081.0,,,,,-3.0277094254841153,-2.845832887557509,,,,,9276.0,8941.0,-0.7596020113405322,-4.3436396704825135,False,False,
2026-08-14,4204,B,買い,57.36,0.82,+0.49σ,陰線→陽線 / 強気包み足,底固め,2652.5,2656.0,,,,,-1.5221830332281416,-1.392240579172077,,,,,2686.5,2631.0,-0.25988490811211795,-2.3204009652868063,False,False,
2026-08-14,4071,B,買い,41.68,2.12,-0.90σ,なし,BB逆張り,2206.0,2193.0,,,,,-0.8093525179856065,-1.3938848920863278,,,,,2224.0,2160.0,0.0,-2.877697841726623,False,False,
2026-08-14,4848,除外,買い,74.33,0.89,+2.06σ,強気包み足,底固め,1844.0,1832.0,,,,,-0.6465517241379337,-1.2931034482758674,,,,,1878.0,1820.0,1.18534482758621,-1.93965517241379,False,False,
2026-08-14,4828,除外,買い,78.1,0.62,+2.34σ,陰線→陽線 / 強気包み足,底固め,1348.0,1377.0,,,,,-2.389572773352644,-0.2896451846488013,,,,,1388.0,1345.0,0.5068790731354023,-2.606806661839245,False,False,
2026-08-14,4620,B,買い,56.3,1.07,+1.50σ,強気包み足,底固め,962.0,969.0,,,,,-2.0366598778004064,-1.3238289205702691,,,,,990.0,958.0,0.8146639511201537,-2.4439918533604943,False,False,
2026-08-14,4540,B,買い,45.14,0.84,-0.94σ,陰線→陽線 / はらみ足 / 2～5日下落後の陽線,BB逆張り,3720.0,3740.0,,,,,-0.8528784648187626,-0.31982942430703876,,,,,3771.0,3706.0,0.5063965884861465,-1.226012793176967,False,False,
2026-08-14,4973,B,買い,53.13,0.45,+0.88σ,強気包み足,底固め / アンチ,4880.0,4855.0,,,,,-0.2044989775051076,-0.7157464212678932,,,,,4930.0,4790.0,0.8179959100204526,-2.0449897750511203,False,False,
2026-08-14,5076,B,買い,62.08,1.07,+1.24σ,強気包み足,底固め,2820.5,2785.5,,,,,-0.6166314305849241,-1.8498942917547612,,,,,2868.0,2772.0,1.0570824524312794,-2.3255813953488413,False,False,
2026-08-14,5101,B,買い,56.51,0.75,+1.54σ,陰線→陽線 / 2～5日下落後の陽線,底固め,7660.0,7647.0,,,,,-2.420382165605095,-2.585987261146494,,,,,7866.0,7539.0,0.20382165605095093,-3.9617834394904405,False,False,
2026-08-14,5410,B,買い,69.64,0.65,+1.55σ,陰線→陽線 / 強気包み足,底固め,2942.0,3005.0,,,,,-0.7757166947723437,1.3490725126475533,,,,,3020.0,2923.0,1.8549747048903775,-1.4165261382799277,False,False,
2026-08-14,9861,B,買い,60.63,0.83,+0.35σ,強気包み足,底固め,3733.0,3717.0,,,,,-1.217253241598304,-1.640645673458585,,,,,3777.0,3690.0,-0.0529240539825393,-2.35512040222281,False,False,
2026-08-14,1822,除外,買い,63.29,1.25,+2.26σ,強気包み足,底固め,808.0,807.0,,,,,-0.12360939431397266,-0.24721878862793423,,,,,816.0,800.0,0.8652657601977642,-1.1124845488257096,False,False,
2026-08-14,1419,B,買い,51.27,0.84,+0.18σ,なし,底固め,2974.0,2970.0,,,,,-0.3685092127303169,-0.5025125628140725,,,,,2999.0,2961.0,0.4690117252931225,-0.8040201005025116,False,False,
2026-08-14,1982,B,買い,53.91,0.62,+1.42σ,強気包み足 / はらみ足 / 長い下ヒゲ（ハンマー）,底固め,3010.0,3000.0,,,,,1.0067114093959662,0.6711409395973256,,,,,3135.0,2986.0,5.201342281879184,0.2013422818792021,False,False,
2026-08-14,1514,除外,買い,69.31,1.41,+2.24σ,強気包み足,底固め,645.0,667.0,,,,,-0.1547987616099089,3.2507739938080427,,,,,670.0,637.0,3.7151702786377694,-1.393188854489169,False,False,
2026-08-14,5471,B,買い,53.43,1.16,+1.13σ,長い下ヒゲ（ハンマー）,底固め,2528.5,2435.0,,,,,4.656456953642385,0.7864238410596025,,,,,2586.5,2432.5,7.0571192052980125,0.6829470198675525,False,False,
2026-08-14,4812,B,買い,64.06,0.38,+0.19σ,陰線→陽線 / 強気包み足,底固め,2656.0,2749.0,,,,,-1.410541945063104,2.041573867854485,,,,,2770.0,2651.0,2.821083890126208,-1.5961395694135128,False,False,
2026-08-14,8558,除外,買い,63.93,1.39,+2.40σ,強気包み足,底固め,1528.0,1552.0,,,,,0.2624671916010568,1.8372703412073532,,,,,1583.0,1516.0,3.8713910761154935,-0.5249343832021025,False,False,
2026-08-14,4477,B,買い,47.72,0.88,-0.90σ,陰線→陽線,BB逆張り,297.0,302.0,,,,,2.4137931034482696,4.137931034482767,,,,,305.0,289.0,5.1724137931034475,-0.34482758620689724,False,False,
2026-08-14,2371,除外,買い,72.64,0.9,+0.96σ,強気包み足,底固め,3700.0,3710.0,,,,,-0.40376850605652326,-0.1345895020188448,,,,,3720.0,3700.0,0.13458950201883368,-0.40376850605652326,False,False,
2026-08-14,5715,除外,買い,65.66,3.29,+2.19σ,強気包み足,底固め,4255.0,4300.0,,,,,0.9489916963226541,2.016607354685651,,,,,4455.0,4185.0,5.693950177935947,-0.7117437722419906,False,False,
2026-08-14,5802,B,買い,50.85,1.06,+0.87σ,長い下ヒゲ（ハンマー）,底固め,2473.0,2419.5,,,,,3.646269907795463,1.4040234702430876,,,,,2584.0,2352.0,8.298407376362116,-1.4249790444258226,False,False,
2026-08-14,9042,B,買い,50.36,0.6,-0.33σ,陰線→陽線 / 前日安値割れ反転,底固め,4635.0,4653.0,,,,,-0.2582311168495832,0.12911555842478606,,,,,4681.0,4589.0,0.7316548310738025,-1.248117064772969,False,False,
2026-08-14,4732,B,買い,56.84,0.93,+0.52σ,強気包み足 / はらみ足,底固め,1996.0,1974.0,,,,,-0.7458975634012877,-1.8398806563898584,,,,,2026.5,1972.5,0.7707608155146595,-1.914470412729985,False,False,
2026-08-14,9009,B,買い,57.91,0.94,+0.24σ,なし,底固め,1280.0,1289.5,,,,,0.0,0.7421874999999911,,,,,1300.0,1262.5,1.5625,-1.3671875,False,False,
2026-08-14,9023,B,買い,51.93,0.63,+0.05σ,陰線→陽線 / 前日安値割れ反転,底固め,1445.5,1440.5,,,,,-1.1623931623931605,-1.5042735042735011,,,,,1466.0,1431.0,0.23931623931623403,-2.1538461538461506,False,False,
2026-08-14,4396,除外,買い,86.82,2.18,+2.84σ,強気包み足,底固め,1373.0,1400.0,,,,,-3.6491228070175463,-1.7543859649122862,,,,,1421.0,1341.0,-0.2807017543859702,-5.894736842105264,False,False,
2026-08-14,3844,B,買い,69.12,1.56,+1.65σ,陰線→陽線,底固め,1317.0,1326.0,,,,,-10.529891304347828,-9.918478260869568,,,,,1345.0,1306.0,-8.627717391304346,-11.27717391304348,False,True,
2026-08-14,6627,除外,買い,58.26,1.89,+1.50σ,陰線→陽線 / 前日安値割れ反転,アンチ,12350.0,11310.0,,,,,-3.816199376947038,-11.91588785046729,,,,,13090.0,11270.0,1.947040498442365,-12.227414330218068,False,False,
2026-08-14,8103,除外,買い,70.92,1.3,+2.33σ,強気包み足,底固め,966.0,959.0,,,,,-0.5149330587023715,-1.2358393408856805,,,,,978.0,948.0,0.720906282183309,-2.3686920700308978,False,False,
2026-08-14,7974,除外,買い,72.11,1.65,+2.26σ,陰線→陽線,底固め,8761.0,8760.0,,,,,-1.561797752808991,-1.573033707865168,,,,,9067.0,8540.0,1.8764044943820224,-4.044943820224722,False,False,
2026-08-14,7972,B,買い,43.24,0.79,-1.10σ,強気包み足,BB逆張り,2620.0,2564.0,,,,,-1.9461077844311392,-4.041916167664672,,,,,2661.0,2564.0,-0.41167664670658244,-4.041916167664672,False,False,
2026-08-14,4091,B,買い,59.19,0.78,+1.32σ,強気包み足 / 長い下ヒゲ（ハンマー）,底固め,6083.0,5995.0,,,,,-0.9283387622149863,-2.3615635179153105,,,,,6173.0,5988.0,0.5374592833876202,-2.4755700325732932,False,False,
2026-08-14,6501,除外,買い,79.38,0.83,+1.56σ,強気包み足,底固め / アンチ,5571.0,5514.0,,,,,-3.3986474770244524,-4.387029651465236,,,,,5688.0,5472.0,-1.3698630136986356,-5.115311253684762,False,True,
2026-08-14,6418,除外,買い,79.77,1.58,+2.14σ,強気包み足,底固め,1304.0,1281.0,,,,,2.114330462020364,0.3132341425215346,,,,,1326.0,1273.0,3.837118245888793,-0.3132341425215346,False,False,
2026-08-14,8334,除外,買い,68.23,1.61,+2.33σ,強気包み足,底固め,2761.5,2800.5,,,,,-0.12658227848101333,1.2839059674502717,,,,,2842.5,2746.0,2.8028933092224317,-0.687160940325493,False,False,
2026-08-14,8399,除外,買い,73.11,1.86,+2.45σ,強気包み足,底固め,3310.0,3370.0,,,,,0.4552352048558417,2.2761760242792084,,,,,3410.0,3255.0,3.490136570561453,-1.2139605462822445,False,False,
2026-08-14,4324,B,買い,63.03,0.88,+1.28σ,陰線→陽線 / 前日安値割れ反転,底固め,3510.0,3504.0,,,,,-7.093700370566436,-7.252514557967182,,,,,3561.0,3400.0,-5.743779777660141,-10.005293806246696,False,True,
2026-08-14,7242,B,買い,67.23,0.63,+1.57σ,陰線→陽線 / 強気包み足,底固め,4605.0,4640.0,,,,,-0.6472491909385147,0.10787486515642097,,,,,4670.0,4580.0,0.7551240560949246,-1.1866235167206085,False,False,
2026-08-14,9766,除外,買い,64.71,1.22,+1.30σ,陰線→陽線 / 長い下ヒゲ（ハンマー）,底固め,21595.0,21540.0,,,,,-1.7962710322873998,-2.046384720327421,,,,,22150.0,21160.0,0.7276034561164213,-3.774442928603916,False,False,
2026-08-14,1720,B,買い,45.07,0.85,-0.66σ,陰線→陽線 / 前日安値割れ反転,BB逆張り,1145.0,1142.0,,,,,0.26269702276706663,0.0,,,,,1160.0,1139.0,1.5761821366024442,-0.26269702276707774,False,False,
2026-08-14,2124,除外,買い,75.53,2.24,+2.72σ,強気包み足,底固め,1039.0,1027.0,,,,,-0.5741626794258381,-1.7224880382775143,,,,,1065.0,1011.0,1.9138755980861344,-3.2535885167464085,False,False,
2026-08-14,2158,B,買い,55.8,1.35,+0.98σ,強気包み足,底固め,644.0,649.0,,,,,-0.7704160246533087,0.0,,,,,665.0,610.0,2.4653312788905923,-6.009244992295837,False,True,
2026-08-14,9409,C,買い,42.24,0.92,-0.85σ,陰線→陽線 / 前日安値割れ反転,BB逆張り,3060.0,3050.0,,,,,0.16366612111293755,-0.16366612111292644,,,,,3105.0,3020.0,1.6366612111292866,-1.1456628477905073,False,False,
2026-08-14,4825,C,買い,57.33,1.58,+1.85σ,陰線→陽線 / 強気包み足,底固め,2056.0,2042.0,,,,,1.3307047806801364,0.6407097092163694,,,,,2063.0,2015.0,1.675702316412031,-0.6899950714637781,False,False,
2026-08-14,9301,C,買い,41.4,1.34,-1.01σ,陰線→陽線 / 長い下ヒゲ（ハンマー） / 前日安値割れ反転,BB逆張り,1498.5,1512.0,,,,,-0.19980019980020414,0.6993006993007089,,,,,1536.5,1489.0,2.331002331002341,-0.8325008325008376,False,False,
2026-08-14,2749,C,買い,63.37,1.72,+1.58σ,強気包み足 / はらみ足,底固め,643.0,653.0,,,,,-1.0769230769230753,0.4615384615384688,,,,,660.0,638.0,1.538461538461533,-1.8461538461538418,False,False,
2026-08-14,9888,除外,買い,78.52,0.78,+1.89σ,強気包み足,アンチ,1254.0,1235.0,,,,,-2.336448598130836,-3.816199376947038,,,,,1297.0,1226.0,1.0124610591900396,-4.517133956386288,False,False,
2026-08-14,8194,C,買い,56.91,0.65,+1.08σ,長い下ヒゲ（ハンマー） / 前日安値割れ反転,底固め,2585.0,2613.0,,,,,-0.6533435818601108,0.42275172943888606,,,,,2630.0,2547.0,1.0760953112989968,-2.1137586471944636,False,False,
2026-08-14,6331,C,買い,47.64,0.52,+0.49σ,2～5日下落後の陽線,底固め,3335.0,3330.0,,,,,1.5220700152207112,1.3698630136986356,,,,,3405.0,3290.0,3.65296803652968,0.15220700152207556,False,False,
2026-08-14,6330,除外,買い,71.01,2.48,+2.58σ,長い下ヒゲ（ハンマー）,底固め,2438.0,2488.0,,,,,-5.868725868725866,-3.9382239382239392,,,,,2701.0,2353.0,4.285714285714293,-9.150579150579151,False,False,
2026-08-14,7071,C,買い,60.67,1.33,+1.66σ,陰線→陽線,底固め,416.0,423.0,,,,,5.050505050505061,6.818181818181812,,,,,426.0,398.0,7.575757575757569,0.5050505050504972,False,False,
2026-08-14,4044,除外,買い,71.67,0.59,+2.05σ,陰線→陽線 / 強気包み足 / はらみ足,アンチ,4645.0,4660.0,,,,,-0.6417112299465288,-0.3208556149732589,,,,,4695.0,4600.0,0.42780748663102663,-1.6042780748663055,False,False,
2026-08-14,7182,C,買い,54.37,1.03,+0.34σ,2～5日下落後の陽線,底固め,3277.0,3332.0,,,,,0.0610687022900791,1.7404580152671656,,,,,3360.0,3266.0,2.595419847328251,-0.27480916030534486,False,False,
2026-08-14,7545,C,買い,54.41,0.63,+0.68σ,陰線→陽線 / 前日安値割れ反転,底固め,1996.0,2017.0,,,,,-1.1391778107974204,-0.0990589400693409,,,,,2024.0,1984.0,0.24764735017335227,-1.733531451213477,False,False,
2026-08-14,3350,C,買い,46.89,0.79,-0.58σ,2～5日下落後の陽線,底固め,217.0,228.0,,,,,-1.8099547511312264,3.167420814479649,,,,,238.0,210.0,7.692307692307687,-4.977375565610864,False,False,
2026-08-14,4480,除外,買い,78.3,5.36,+3.98σ,なし,底固め,2810.0,2844.0,,,,,4.968248038849454,6.238326484871126,,,,,3040.0,2740.0,13.559955173701898,2.353380649981318,False,False,
2026-08-14,4543,除外,買い,74.46,1.24,+2.16σ,なし,底固め,2620.0,2578.0,,,,,-1.9644527595883976,-3.5360149672591157,,,,,2689.0,2550.5,0.6173994387277837,-4.5650140318054255,False,False,
2026-08-14,9006,C,買い,45.53,0.7,-0.85σ,はらみ足,底固め,1516.0,1534.5,,,,,-0.1646361540994401,1.053671386236421,,,,,1538.0,1511.0,1.2841620019756306,-0.4939084622983203,False,False,
2026-08-14,8524,C,買い,65.48,0.8,+1.94σ,強気包み足,底固め,1311.0,1324.0,,,,,0.768639508070712,1.7678708685626487,,,,,1351.0,1299.0,3.8431975403535823,-0.1537279016141424,False,False,
2026-08-14,8541,除外,買い,71.06,0.62,+1.69σ,強気包み足,底固め,3190.0,3320.0,,,,,4.078303425774887,8.31973898858076,,,,,3345.0,3080.0,9.135399673735733,0.4893964110929794,False,False,
2026-08-14,2502,C,買い,63.88,1.91,+1.52σ,なし,底固め,1661.0,1649.0,,,,,-4.731861198738175,-5.4201319185546275,,,,,1720.5,1647.0,-1.3191855463148827,-5.534843705190706,False,True,
2026-08-14,2501,C,買い,56.46,1.02,+0.63σ,陰線→陽線,底固め,1952.0,1933.0,,,,,-4.780487804878053,-5.707317073170737,,,,,2060.0,1912.5,0.4878048780487809,-6.707317073170726,False,False,
2026-08-14,2471,除外,買い,76.02,0.92,+2.48σ,強気包み足,底固め,297.0,293.0,,,,,-0.3355704697986628,-1.6778523489932917,,,,,300.0,289.0,0.6711409395973256,-3.0201342281879207,False,False,
2026-08-14,2432,C,買い,54.73,1.54,+1.73σ,なし,底固め,2510.0,2469.5,,,,,-1.0252365930599416,-2.6222397476340698,,,,,2557.0,2453.0,0.8280757097791858,-3.2728706624605697,False,False,
2026-08-14,9107,除外,買い,70.28,1.68,+2.57σ,なし,底固め,3072.0,3141.0,,,,,1.3861386138613874,3.6633663366336666,,,,,3183.0,3020.0,5.049504950495054,-0.330033003300334,False,False,
2026-08-14,9104,除外,買い,71.82,1.37,+2.23σ,なし,底固め,6629.0,6881.0,,,,,2.4416628032761567,6.335960438881161,,,,,6950.0,6511.0,7.402256220058723,0.6181424818420655,False,False,
2026-08-14,9076,C,買い,61.44,0.91,+1.40σ,陰線→陽線 / はらみ足 / 長い下ヒゲ（ハンマー）,アンチ,2799.0,2827.0,,,,,0.8285302593660004,1.8371757925071952,,,,,2827.0,2772.5,1.8371757925071952,-0.12608069164264935,False,False,
2026-08-14,9031,C,買い,51.19,0.97,-0.48σ,陰線→陽線 / はらみ足,底固め,3021.0,3086.0,,,,,-0.5595786701777516,1.5799868334430478,,,,,3089.0,3009.0,1.678736010533255,-0.9545753785385136,False,False,
2026-08-14,9304,C,買い,63.08,0.62,+1.00σ,強気包み足,底固め,1970.0,2023.0,,,,,-0.3540718259989917,2.326757713707628,,,,,2037.0,1964.0,3.034901365705611,-0.6575619625695528,False,False,
2026-08-14,5243,除外,買い,67.78,0.84,+2.05σ,強気包み足,底固め,2573.0,2570.0,,,,,0.5078125000000044,0.390625,,,,,2641.0,2516.0,3.164062500000009,-1.7187500000000022,False,False,
2026-08-14,5201,C,買い,42.26,0.81,-0.39σ,はらみ足,底固め,5996.0,5934.0,,,,,0.5871498070793457,-0.45294413688978796,,,,,6061.0,5934.0,1.6775708773695719,-0.45294413688978796,False,False,
2026-08-14,5246,除外,買い,76.92,0.91,+2.22σ,強気包み足,底固め,848.0,868.0,,,,,-1.3953488372092981,0.9302325581395321,,,,,893.0,841.0,3.8372093023255838,-2.209302325581397,False,False,
2026-08-14,9543,C,買い,50.42,0.77,-0.06σ,陰線→陽線 / 前日安値割れ反転,アンチ,1244.0,1249.0,,,,,-0.5595523581135131,-0.1598721023181482,,,,,1258.0,1233.0,0.5595523581135131,-1.4388489208633115,False,False,
2026-08-14,9324,C,買い,59.29,0.74,+0.47σ,強気包み足,底固め,2571.0,2597.0,,,,,0.4296875000000089,1.4453124999999956,,,,,2607.0,2533.0,1.8359374999999956,-1.0546874999999956,False,False,
2026-08-14,8789,除外,買い,84.19,3.23,+3.19σ,なし,底固め,162.0,164.0,,,,,5.1948051948051965,6.493506493506485,,,,,165.0,153.0,7.14285714285714,-0.649350649350644,False,False,
2026-08-14,8739,C,買い,71.84,0.71,+1.56σ,強気包み足,底固め,2515.0,2515.0,,,,,-0.3565768621236143,-0.3565768621236143,,,,,2537.0,2494.0,0.5150554675118935,-1.188589540412044,False,False,
2026-08-14,8707,C,買い,63.49,0.68,+1.65σ,強気包み足,底固め,4340.0,4345.0,,,,,-2.031602708803615,-1.9187358916478603,,,,,4420.0,4315.0,-0.22573363431150906,-2.5959367945823875,False,False,
2026-08-14,8706,C,買い,70.16,0.73,+2.06σ,強気包み足,底固め,1840.0,1838.0,,,,,-0.9687836383207804,-1.076426264800856,,,,,1863.0,1833.0,0.2691065662002057,-1.3455328310010728,False,False,
2026-08-14,8628,C,買い,62.95,0.52,+0.78σ,強気包み足,底固め,1096.0,1106.0,,,,,-0.8144796380090469,0.09049773755656076,,,,,1110.0,1088.0,0.4524886877828038,-1.538461538461533,False,False,
2026-08-14,8624,除外,買い,65.3,0.7,+2.34σ,強気包み足,底固め,1639.0,1632.0,,,,,-0.8469449485783431,-1.2704174228675091,,,,,1668.0,1632.0,0.9074410163339319,-1.2704174228675091,False,False,
2026-08-14,4552,C,買い,62.32,0.67,+1.00σ,強気包み足,底固め,498.0,525.0,,,,,-5.323193916349811,-0.1901140684410607,,,,,531.0,496.0,0.9505703422053147,-5.703422053231943,False,False,
2026-08-14,4575,除外,買い,63.14,1.19,+2.26σ,強気包み足,底固め,810.0,810.0,,,,,2.402022756005051,2.402022756005051,,,,,863.0,798.0,9.102402022756007,0.8849557522123908,False,False,
2026-08-14,5985,除外,買い,74.39,1.93,+2.40σ,なし,底固め,2358.0,2434.0,,,,,10.289990645463053,13.844714686623005,,,,,2482.0,2102.0,16.089803554724046,-1.6838166510757757,False,False,
2026-08-14,6469,C,買い,59.31,0.73,+1.64σ,なし,底固め,3090.0,3125.0,,,,,4.887983706720989,6.076035302104543,,,,,3250.0,2970.0,10.319076714188725,0.8146639511201537,False,False,
2026-08-14,4432,除外,買い,74.85,0.53,+1.42σ,なし,底固め,3170.0,3235.0,,,,,-2.7607361963190136,-0.7668711656441674,,,,,3245.0,3170.0,-0.4601226993865004,-2.7607361963190136,False,False,
2026-08-14,4443,除外,買い,71.54,0.93,+2.11σ,なし,底固め,2013.0,1992.0,,,,,-4.415954415954415,-5.413105413105413,,,,,2105.0,1876.0,-0.047483380816715215,-10.921177587844255,False,False,
2026-08-14,8304,除外,買い,81.76,0.86,+1.96σ,強気包み足,底固め,3428.0,3388.0,,,,,-0.17472335468841083,-1.3395457192778126,,,,,3487.0,3385.0,1.5433896330809604,-1.4269073966220125,False,False,
2026-08-14,8306,C,買い,58.87,0.89,+0.79σ,強気包み足,底固め,3649.0,3654.0,,,,,-1.0037981551817676,-0.868149755832881,,,,,3742.0,3637.0,1.519262072707539,-1.3293543136191022,False,False,
2026-08-14,6203,C,買い,52.82,0.46,+1.31σ,強気包み足,底固め,1540.0,1498.0,,,,,2.1897810218978186,-0.5972130059721303,,,,,1545.0,1494.0,2.5215660252156713,-0.862641008626408,False,False,
2026-08-14,6309,除外,買い,65.55,0.85,+2.45σ,なし,底固め,1990.0,2001.0,,,,,0.4036326942482349,0.9586276488395606,,,,,2024.0,1975.0,2.1190716448032276,-0.3531786074672083,False,False,
2026-08-14,6371,C,買い,66.02,0.76,+2.14σ,強気包み足,底固め,2715.0,2714.0,,,,,-1.6304347826086918,-1.6666666666666718,,,,,2760.0,2704.0,0.0,-2.0289855072463725,False,False,
2026-08-14,3399,C,買い,61.92,1.02,+1.38σ,強気包み足,底固め,3800.0,3745.0,,,,,0.5291005291005346,-0.92592592592593,,,,,3840.0,3685.0,1.5873015873015817,-2.5132275132275117,False,False,
2026-08-14,7979,C,買い,67.05,0.82,+1.84σ,強気包み足 / はらみ足,底固め,2333.0,2379.0,,,,,-1.2695725772323363,0.6771053745239008,,,,,2391.0,2323.0,1.1849344054168487,-1.6927634363097743,False,False,
2026-08-14,4180,除外,買い,77.46,0.57,+3.19σ,なし,底固め,1302.0,1273.0,,,,,15.017667844522965,12.45583038869258,,,,,1353.0,1220.0,19.522968197879862,7.773851590106018,False,False,
2026-08-14,6758,C,買い,67.91,1.25,+1.93σ,陰線→陽線,底固め,3780.0,3718.0,,,,,-3.3742331288343586,-4.959100204498979,,,,,3889.0,3703.0,-0.5879345603271968,-5.342535787321068,False,False,
2026-08-14,6701,除外,買い,71.06,1.22,+2.06σ,陰線→陽線,底固め,4786.0,4650.0,,,,,-7.391640866873061,-10.023219814241491,,,,,4900.0,4650.0,-5.1857585139318925,-10.023219814241491,False,True,
2026-08-14,6535,C,買い,51.82,0.55,-0.09σ,強気包み足,底固め,510.0,512.0,,,,,0.591715976331364,0.9861932938856066,,,,,515.0,501.0,1.5779092702169706,-1.1834319526627168,False,False,
2026-08-14,6617,C,買い,51.4,0.86,+0.16σ,なし,アンチ,7820.0,7790.0,,,,,1.1642949547218562,0.7761966364812523,,,,,8140.0,7600.0,5.3040103492884905,-1.681759379042691,False,False,
2026-08-14,8151,除外,買い,65.62,2.48,+2.46σ,なし,底固め,2108.0,2077.0,,,,,-0.42512990080302293,-1.8894662257912143,,,,,2169.0,2075.0,2.456306093528582,-1.98393953708077,False,False,
2026-08-14,3201,C,買い,70.64,0.4,+1.58σ,強気包み足 / はらみ足,底固め,1973.0,1959.0,,,,,-1.1523046092184352,-1.853707414829664,,,,,2003.0,1959.0,0.3507014028056199,-1.853707414829664,False,False,
2026-08-14,3103,除外,買い,69.84,6.24,+2.90σ,なし,底固め,1665.0,1513.0,,,,,4.4542032622333805,-5.081555834378926,,,,,1847.0,1510.0,15.8720200752823,-5.269761606022582,False,False,
2026-08-14,3034,除外,買い,83.11,1.97,+2.76σ,なし,底固め,2569.0,2613.0,,,,,-2.615617892342681,-0.9476876421531499,,,,,2635.0,2527.0,-0.11372251705837888,-4.207733131159975,False,False,
2026-08-14,8359,C,買い,61.5,1.02,+1.58σ,強気包み足,底固め,2721.5,2730.0,,,,,0.8710155670867303,1.1860637509266025,,,,,2779.5,2696.0,3.02075611564121,-0.0741289844329085,False,False,
2026-08-14,8367,C,買い,61.45,0.58,+1.30σ,強気包み足,底固め,1962.0,1976.0,,,,,1.0819165378670892,1.8031942297784598,,,,,2002.0,1950.0,3.1427099433281924,0.46367851622874934,False,False,
2026-08-14,8368,除外,買い,64.63,0.98,+2.14σ,強気包み足,底固め,2305.0,2341.0,,,,,-0.12998266897746857,1.4298093587521654,,,,,2382.0,2282.0,3.2062391681109137,-1.1265164644714054,False,False,
2026-08-14,8377,除外,買い,68.42,0.95,+2.23σ,強気包み足,底固め,8577.0,8432.0,,,,,-0.17458100558659373,-1.862197392923648,,,,,8692.0,8390.0,1.1638733705772841,-2.3510242085661104,False,False,
2026-08-14,8392,C,買い,61.58,1.18,+1.46σ,強気包み足,底固め,2860.0,2897.0,,,,,0.5979599015124792,1.8994020400984857,,,,,2971.0,2839.0,4.5022863172704986,-0.140696447414701,False,False,
2026-08-14,8346,除外,買い,70.68,1.13,+2.10σ,強気包み足,底固め,1002.0,1009.0,,,,,-0.09970089730807485,0.5982053838484491,,,,,1026.0,997.0,2.2931206380857327,-0.5982053838484491,False,False,
2026-08-14,8344,除外,買い,69.59,1.18,+2.15σ,強気包み足,底固め,4655.0,4690.0,,,,,1.7486338797814138,2.5136612021857907,,,,,4780.0,4550.0,4.480874316939887,-0.5464480874316946,False,False,
2026-08-14,8358,C,買い,70.95,0.83,+2.16σ,強気包み足,底固め,2903.0,2943.0,,,,,0.20711080428028605,1.58784949948223,,,,,3015.0,2885.0,4.073179150845707,-0.4142216085605832,False,False,
2026-08-14,8343,除外,買い,74.02,1.2,+2.16σ,強気包み足,底固め,8770.0,8940.0,,,,,2.5730994152046716,4.561403508771922,,,,,9200.0,8540.0,7.602339181286544,-0.11695906432748204,False,False,
2026-08-14,8354,C,買い,58.93,1.18,+1.33σ,強気包み足,底固め,7751.0,7763.0,,,,,0.27166882276843385,0.4269081500646754,,,,,7920.0,7681.0,2.4579560155239433,-0.633893919793016,False,False,
2026-08-14,7727,除外,買い,77.56,4.95,+3.26σ,なし,底固め,865.0,832.0,,,,,-6.486486486486487,-10.05405405405405,,,,,910.0,828.0,-1.6216216216216162,-10.486486486486491,False,False,
2026-08-14,7715,除外,買い,63.02,2.88,+2.26σ,なし,底固め,4405.0,4145.0,,,,,-0.33936651583710287,-6.221719457013575,,,,,4470.0,4140.0,1.1312217194570096,-6.334841628959276,False,False,
2026-08-14,7752,C,買い,66.88,0.84,+1.75σ,強気包み足,底固め,1635.5,1596.0,,,,,-2.532777115613827,-4.886769964243143,,,,,1678.5,1584.5,0.029797377830753646,-5.572109654350421,False,False,
2026-08-14,7751,C,買い,60.13,0.67,+1.35σ,なし,底固め,4561.0,4500.0,,,,,-2.040378006872856,-3.350515463917525,,,,,4645.0,4475.0,-0.2362542955326452,-3.887457044673537,False,True,
2026-08-14,4228,除外,買い,73.55,0.77,+1.82σ,強気包み足,底固め,652.0,641.0,,,,,-0.15313935681470214,-1.8376722817764146,,,,,668.0,631.0,2.297090352220521,-3.369065849923425,False,False,
2026-08-14,7322,除外,買い,62.89,1.15,+2.01σ,なし,底固め,2078.0,2081.0,,,,,0.0481463649494529,0.1925854597977894,,,,,2133.0,2052.0,2.696196437168985,-1.203659123736156,False,False,
2026-08-14,7327,C,買い,67.56,1.22,+2.16σ,強気包み足,底固め,2519.0,2555.0,,,,,0.7600000000000051,2.200000000000002,,,,,2588.0,2505.0,3.51999999999999,0.20000000000000018,False,False,
2026-08-14,7013,除外,買い,61.69,0.82,+2.33σ,なし,底固め,3011.0,2987.5,,,,,-0.561426684280053,-1.3375165125495414,,,,,3098.0,2961.0,2.3117569352708145,-2.212681638044911,False,False,
2026-08-14,3989,C,買い,66.74,1.36,+1.64σ,なし,底固め / アンチ,1495.0,1497.0,,,,,0.9453072248480687,1.080351114112088,,,,,1526.0,1450.0,3.0384875084402463,-2.0931802835921665,False,False,
2026-08-14,3923,除外,買い,71.95,1.98,+2.53σ,なし,底固め,1100.0,1090.5,,,,,-6.382978723404253,-7.19148936170213,,,,,1119.5,1064.5,-4.723404255319153,-9.404255319148936,False,False,
2026-08-14,7014,C,買い,61.47,1.19,+1.21σ,なし,底固め,4510.0,4620.0,,,,,1.2345679012345734,3.703703703703698,,,,,4670.0,4390.0,4.826038159371482,-1.4590347923681302,False,False,
2026-08-14,7381,除外,買い,69.58,0.66,+1.95σ,強気包み足,底固め,1270.0,1302.0,,,,,0.1577287066246047,2.681388012618302,,,,,1314.0,1268.0,3.6277602523659302,0.0,False,False,
2026-08-14,7337,C,買い,64.04,0.78,+1.90σ,強気包み足,底固め,2359.5,2394.5,,,,,-0.21146119687037723,1.2687671812222412,,,,,2406.5,2352.0,1.7762740537111465,-0.5286529921759375,False,False,
2026-08-14,7537,除外,買い,63.45,0.9,+2.07σ,強気包み足,底固め,1867.0,1855.0,,,,,-1.2169312169312163,-1.851851851851849,,,,,1924.0,1842.0,1.7989417989418,-2.5396825396825418,False,False,
2026-08-14,3765,C,買い,58.83,0.62,+0.96σ,なし,底固め,2421.0,2436.0,,,,,-1.1029411764705843,-0.4901960784313708,,,,,2454.0,2400.0,0.2450980392156854,-1.9607843137254943,False,False,
2026-08-14,3762,除外,買い,75.19,0.67,+1.41σ,陰線→陽線,底固め,2310.0,2301.0,,,,,-2.90037831021438,-3.2786885245901676,,,,,2356.0,2273.0,-0.9667927700714563,-4.455653635981505,False,False,
2026-08-14,3668,C,買い,66.26,1.04,+1.97σ,強気包み足,底固め,415.0,416.0,,,,,-0.9546539379474916,-0.7159904534606243,,,,,420.0,410.0,0.23866348448686736,-2.1479713603818618,False,False,
2026-08-14,3659,除外,買い,79.26,0.28,+3.36σ,なし,底固め / アンチ,3045.0,3002.0,,,,,0.7610853739245638,-0.6618133686300487,,,,,3349.0,2947.0,10.820648577101256,-2.481800132362677,False,False,
2026-08-14,3632,除外,買い,72.31,1.01,+2.29σ,強気包み足,底固め,429.0,426.0,,,,,0.0,-0.6993006993006978,,,,,430.0,421.0,0.2331002331002363,-1.8648018648018683,False,False,
2026-08-14,6905,C,買い,57.88,0.99,+1.95σ,なし,底固め,1395.0,1375.0,,,,,-0.14316392269148048,-1.5748031496062964,,,,,1406.0,1363.0,0.6442376521116788,-2.4337866857551904,False,False,
2026-08-14,4043,C,買い,47.93,0.86,+0.06σ,前日安値割れ反転,アンチ,4270.0,4195.0,,,,,0.6126295947219695,-1.1545711592836905,,,,,4397.0,4195.0,3.6050895381715353,-1.1545711592836905,False,False,
2026-08-14,1961,C,買い,49.08,0.64,+0.52σ,はらみ足,底固め,2527.0,2479.0,,,,,3.5231462515362466,1.556739041376476,,,,,2585.0,2455.0,5.899221630479312,0.5735354362965905,False,False,
2026-08-14,3863,C,買い,54.19,0.78,-0.22σ,なし,底固め,1338.0,1372.0,,,,,-5.7746478873239475,-3.3802816901408406,,,,,1416.0,1334.0,-0.28169014084507005,-6.056338028169018,False,True,
2026-08-14,7241,除外,買い,73.47,1.15,+2.50σ,なし,底固め,1097.0,1108.0,,,,,0.2742230347349217,1.279707495429605,,,,,1114.0,1094.0,1.8281535648994485,0.0,False,False,
2026-08-14,7184,除外,買い,65.45,1.02,+2.12σ,強気包み足,底固め,3255.0,3315.0,,,,,-1.6616314199395799,0.15105740181269312,,,,,3370.0,3245.0,1.812688821752273,-1.963746223564955,False,False,
2026-08-14,7164,C,買い,55.71,0.81,+0.55σ,強気包み足,底固め,3139.0,3137.0,,,,,0.2555094219099274,0.19163206643244557,,,,,3156.0,3106.0,0.7984669434685454,-0.7984669434685454,False,False,
2026-08-14,2222,除外,買い,68.38,1.07,+2.34σ,強気包み足,底固め,2704.0,2682.0,,,,,-1.5294974508375803,-2.3306627822286985,,,,,2735.0,2631.5,-0.4005826656955591,-4.1697013838310255,False,False,
2026-08-14,9793,C,買い,52.61,0.95,+1.26σ,強気包み足,底固め,3850.0,3810.0,,,,,-0.12970168612191912,-1.1673151750972721,,,,,3900.0,3810.0,1.1673151750972721,-1.1673151750972721,False,False,
2026-08-14,9759,C,買い,60.14,0.68,+0.82σ,なし,底固め,2772.0,2818.5,,,,,-2.187720536344384,-0.5469301340860988,,,,,2834.5,2771.0,0.017642907551174147,-2.2230063514467213,False,False,
2026-08-14,9743,C,買い,64.82,0.46,+1.89σ,強気包み足,底固め,1479.0,1478.0,,,,,1.1627906976744207,1.0943912448700521,,,,,1490.0,1450.0,1.9151846785225635,-0.8207934336525335,False,False,
2026-08-14,1719,除外,買い,66.88,0.77,+2.22σ,強気包み足,底固め,1903.0,1902.0,,,,,0.6878306878306928,0.6349206349206327,,,,,1916.0,1887.0,1.3756613756613856,-0.15873015873015817,False,False,
2026-08-14,9956,C,買い,44.27,0.28,-0.47σ,陰線→陽線,底固め,3210.0,3230.0,,,,,0.15600624024960652,0.7800312012480548,,,,,3255.0,3170.0,1.5600624024961096,-1.0920436817472678,False,False,
2026-08-14,6838,除外,買い,55.01,1.89,+1.73σ,陰線→陽線,底固め,1586.0,1514.0,,,,,1.1479591836734748,-3.4438775510204134,,,,,1592.0,1505.0,1.5306122448979664,-4.01785714285714,False,False,
2026-08-14,5027,除外,買い,66.68,3.7,+2.68σ,陰線→陽線,底固め,723.0,771.0,,,,,16.0513643659711,23.756019261637242,,,,,780.0,680.0,25.20064205457464,9.14927768860354,True,False,
2026-08-14,4023,C,買い,66.63,0.93,+1.51σ,陰線→陽線 / 前日安値割れ反転,底固め,4515.0,4570.0,,,,,0.33333333333334103,1.5555555555555545,,,,,4590.0,4465.0,2.0000000000000018,-0.7777777777777772,False,False,
2026-08-14,3836,C,買い,47.3,0.74,-0.70σ,なし,BB逆張り,1162.0,1181.0,,,,,-1.274426508071369,0.3398470688190214,,,,,1188.0,1150.0,0.9345794392523255,-2.2939677145284665,False,False,
2026-08-14,7224,C,買い,50.54,0.64,+0.91σ,はらみ足,底固め,2023.0,2016.0,,,,,0.3970223325062028,0.04962779156327812,,,,,2042.0,2010.0,1.3399503722084427,-0.2481389578163795,False,False,
2026-08-14,6999,C,買い,51.48,0.35,+0.62σ,なし,底固め,2574.0,2445.0,,,,,1.7391304347825987,-3.359683794466406,,,,,2645.0,2445.0,4.545454545454541,-3.359683794466406,False,False,
2026-08-14,7719,C,買い,49.87,0.12,+0.06σ,なし,底固め,455.0,452.0,,,,,3.6446469248291535,2.9612756264236983,,,,,467.0,439.0,6.378132118451019,0.0,False,False,
2026-08-14,3391,C,買い,54.88,0.99,-0.27σ,陰線→陽線 / はらみ足,底固め,2371.0,2361.0,,,,,-1.3932210438760695,-1.8091079226450368,,,,,2401.5,2332.5,-0.12476606363068798,-2.9943855271366226,False,False,
2026-08-14,3186,C,買い,54.63,0.61,+1.71σ,長い下ヒゲ（ハンマー） / 前日安値割れ反転,底固め,3625.0,3605.0,,,,,0.41551246537396835,-0.13850415512465242,,,,,3660.0,3580.0,1.3850415512465464,-0.8310249307479256,False,False,
2026-08-14,6800,C,買い,45.09,0.66,-0.04σ,なし,底固め,4445.0,4225.0,,,,,5.70749108204518,0.47562425683709275,,,,,4555.0,4150.0,8.323424494649224,-1.3079667063020217,False,False,
2026-08-14,4118,除外,買い,77.77,4.03,+2.74σ,陰線→陽線,底固め,6277.0,6295.0,,,,,-1.0717100078802222,-0.7880220646178104,,,,,6387.0,6200.0,0.6619385342789608,-2.2852639873916503,False,False,
2026-08-14,7988,C,買い,54.06,0.89,-0.08σ,陰線→陽線 / はらみ足,底固め,5053.0,5059.0,,,,,-1.154147104851333,-1.0367762128325464,,,,,5147.0,5022.0,0.6846635367762088,-1.7605633802816878,False,False,
2026-08-14,2395,除外,買い,72.67,0.68,+1.53σ,長い下ヒゲ（ハンマー）,底固め,1467.0,1463.0,,,,,-1.2121212121212088,-1.4814814814814836,,,,,1493.0,1436.0,0.5387205387205496,-3.2996632996633024,False,False,
2026-08-14,9069,除外,買い,73.23,0.85,+2.02σ,陰線→陽線 / はらみ足,底固め,2310.0,2342.5,,,,,0.2169197396963085,1.626898047722336,,,,,2354.0,2289.5,2.1258134490238723,-0.6724511930585653,False,False,
2026-08-14,6194,C,買い,70.4,1.17,+1.67σ,陰線→陽線 / 長い下ヒゲ（ハンマー）,底固め,909.0,899.0,,,,,2.020202020202011,0.8978675645342271,,,,,913.0,866.0,2.4691358024691468,-2.805836139169471,False,False,
2026-08-14,4617,C,買い,51.83,0.59,-0.06σ,なし,底固め,3660.0,3590.0,,,,,0.5494505494505475,-1.3736263736263687,,,,,3735.0,3580.0,2.6098901098901006,-1.6483516483516536,False,False,
2026-08-14,8697,C,買い,52.74,0.84,+0.12σ,なし,底固め,2221.5,2191.5,,,,,-1.0026737967914423,-2.339572192513373,,,,,2233.0,2183.5,-0.4901960784313708,-2.6960784313725505,False,False,
2026-08-14,8601,C,買い,52.71,0.85,-0.74σ,はらみ足,底固め,1778.5,1771.0,,,,,-1.2493059411438079,-1.6657412548584105,,,,,1793.0,1771.0,-0.4441976679622428,-1.6657412548584105,False,False,
2026-08-14,4716,C,買い,69.0,0.62,+1.84σ,なし,底固め,9160.0,9083.0,,,,,-3.942953020134232,-4.750419463087252,,,,,9491.0,9010.0,-0.47189597315435705,-5.515939597315434,False,False,
2026-08-14,4816,C,買い,53.36,0.74,-0.05σ,陰線→陽線 / はらみ足,底固め,2813.0,2830.0,,,,,-0.5304101838755293,0.07072135785006761,,,,,2867.0,2784.0,1.379066478076374,-1.555869872701554,False,False,
2026-08-14,6217,除外,買い,52.54,2.04,+1.62σ,陰線→陽線,底固め,928.0,884.0,,,,,12.077294685990347,6.763285024154597,,,,,956.0,830.0,15.458937198067634,0.24154589371980784,False,False,
2026-08-14,6666,C,買い,49.4,0.37,+0.57σ,なし,底固め,847.0,816.0,,,,,4.438964241676935,0.6165228113440113,,,,,869.0,814.0,7.151664611590625,0.36991368680641123,False,False,
2026-08-14,3465,除外,買い,66.35,6.9,+2.51σ,前日安値割れ反転,底固め,3900.0,3805.0,,,,,0.0,-2.4358974358974383,,,,,3950.0,3790.0,1.2820512820512775,-2.8205128205128216,False,False,
2026-08-14,3558,除外,買い,63.54,2.3,+2.23σ,陰線→陽線,底固め,1755.0,1778.0,,,,,-0.22740193291642674,1.0801591813530464,,,,,1778.0,1744.0,1.0801591813530464,-0.8527572484366086,False,False,
2026-08-14,7564,C,買い,50.04,0.94,+0.86σ,なし,底固め,6200.0,6290.0,,,,,0.8130081300812941,2.276422764227637,,,,,6350.0,6120.0,3.2520325203251987,-0.4878048780487809,False,False,
2026-08-14,9983,C,買い,42.7,0.98,-1.14σ,なし,底固め,76820.0,75010.0,,,,,-0.389004149377592,-2.735995850622408,,,,,77300.0,74860.0,0.2334024896265552,-2.930497925311204,False,False,
2026-08-14,6674,C,買い,47.25,0.64,+0.17σ,なし,アンチ,5681.0,5519.0,,,,,0.4953122235980878,-2.3704227843622805,,,,,5769.0,5519.0,2.052007783477805,-2.3704227843622805,False,False,
2026-08-14,6525,除外,買い,54.4,1.24,+1.00σ,なし,アンチ,9306.0,8660.0,,,,,1.295308588222488,-5.73636660498531,,,,,9554.0,8598.0,3.9947752258626235,-6.411233264395344,False,False,
2026-08-14,8585,C,買い,47.47,0.61,-0.59σ,陰線→陽線 / はらみ足,アンチ,852.0,863.0,,,,,-2.517162471395884,-1.258581235697942,,,,,869.0,851.0,-0.5720823798627039,-2.631578947368418,False,False,
2026-08-14,5240,C,買い,53.48,0.17,+0.10σ,なし,底固め,211.0,203.0,,,,,2.4271844660194164,-1.4563106796116498,,,,,220.0,194.0,6.796116504854366,-5.825242718446599,False,False,
2026-08-14,4042,C,買い,50.21,0.7,+0.15σ,なし,底固め,2733.0,2704.0,,,,,-0.6181818181818177,-1.6727272727272702,,,,,2759.5,2704.0,0.3454545454545377,-1.6727272727272702,False,False,
2026-08-14,6971,C,買い,59.26,0.85,+1.62σ,なし,底固め,3872.0,3799.0,,,,,-0.92118730808598,-2.789150460593659,,,,,3952.0,3757.0,1.1258955987717423,-3.8638689866939635,False,False,
2026-08-14,6981,除外,買い,51.21,1.06,+0.95σ,なし,底固め,8290.0,7496.0,,,,,0.6678809957498588,-8.973891924711596,,,,,8364.0,7460.0,1.5664845173041897,-9.41105039465695,False,False,
2026-08-14,4062,除外,買い,56.22,1.02,+1.39σ,なし,底固め,21580.0,20875.0,,,,,3.8248737070002425,0.43300457060380104,,,,,22330.0,20460.0,7.433245128698585,-1.5636276160692852,False,False,
2026-08-14,9511,除外,買い,77.67,1.03,+1.43σ,なし,底固め,1142.0,1136.0,,,,,2.4215246636771326,1.883408071748871,,,,,1154.0,1105.0,3.4977578475336335,-0.8968609865470878,False,False,
2026-08-14,7167,C,買い,65.47,1.05,+2.13σ,なし,底固め,1671.0,1691.5,,,,,0.7536930961712374,1.98974977389208,,,,,1711.0,1664.0,3.165511003919197,0.33162496231533556,False,False,
2026-08-14,3825,C,買い,61.8,14.25,+1.75σ,なし,底固め,209.0,214.0,,,,,-5.000000000000004,-2.7272727272727226,,,,,225.0,207.0,2.2727272727272707,-5.909090909090908,False,False,
2026-08-14,7220,C,買い,52.09,0.46,+1.75σ,なし,底固め,3685.0,3620.0,,,,,1.6551724137930934,-0.13793103448276334,,,,,3825.0,3560.0,5.517241379310356,-1.7931034482758568,False,False,
2026-08-14,3853,C,買い,53.94,12.41,+1.93σ,なし,底固め,1153.0,1147.0,,,,,-1.7887563884156688,-2.2998296422487186,,,,,1201.0,1145.0,2.2998296422487297,-2.470187393526402,False,False,
2026-08-14,7186,C,買い,60.08,1.09,+1.05σ,なし,底固め,1911.0,1935.5,,,,,-1.214784181959161,0.051692943913161926,,,,,1970.0,1906.0,1.8350995089170263,-1.4732489015249373,False,False,
2026-08-14,1377,C,買い,51.75,0.73,-0.30σ,なし,底固め,4380.0,4460.0,,,,,0.3436426116838476,2.1764032073310347,,,,,4470.0,4360.0,2.405498281786933,-0.11454753722794919,False,False,
2026-08-14,5889,C,買い,64.71,0.68,+1.81σ,なし,底固め,2536.0,2502.0,,,,,-2.7607361963190136,-4.064417177914114,,,,,2581.0,2478.0,-1.0352760736196287,-4.984662576687116,False,False,
2026-08-14,5838,除外,買い,63.95,1.69,+2.45σ,なし,底固め,6220.0,6308.0,,,,,2.6911012052170946,4.14396565956745,,,,,6486.0,6117.0,7.082714214957897,0.9905894006934091,False,False,
2026-08-14,6027,除外,買い,88.61,8.46,+3.63σ,なし,底固め,3360.0,3740.0,,,,,-10.399999999999999,-0.2666666666666706,,,,,4000.0,3340.0,6.666666666666665,-10.933333333333328,False,False,
2026-08-14,6327,C,買い,45.4,0.75,+0.23σ,はらみ足,底固め,3985.0,3935.0,,,,,11.312849162011162,9.916201117318435,,,,,4110.0,3700.0,14.804469273743015,3.3519553072625774,False,False,
2026-08-14,8418,C,買い,62.4,1.26,+1.81σ,なし,底固め,3183.0,3222.0,,,,,-0.5933791380387299,0.6246096189881367,,,,,3262.0,3183.0,1.873828856964388,-0.5933791380387299,False,False,
2026-08-14,2975,C,買い,57.41,0.74,+1.40σ,なし,底固め,1618.0,1591.0,,,,,2.0820189274447953,0.3785488958990557,,,,,1625.0,1578.0,2.5236593059936974,-0.44164037854889093,False,False,
2026-08-14,8411,C,買い,56.86,0.97,+0.96σ,なし,底固め,8530.0,8531.0,,,,,-1.044083526682138,-1.0324825986078867,,,,,8686.0,8432.0,0.7656612529002293,-2.180974477958242,False,False,
2026-08-14,7777,C,買い,58.23,1.63,+1.84σ,なし,底固め,386.0,378.0,,,,,4.043126684636111,1.8867924528301883,,,,,389.0,373.0,4.851752021563338,0.5390835579514919,False,False,
2026-08-14,6834,除外,買い,56.77,1.16,+1.64σ,なし,底固め,27600.0,25920.0,,,,,12.195121951219523,5.36585365853659,,,,,28250.0,25060.0,14.837398373983746,1.869918699187001,False,False,
2026-08-14,7779,除外,買い,66.57,2.41,+2.94σ,なし,底固め,242.0,241.0,,,,,-5.46875,-5.859375,,,,,259.0,239.0,1.171875,-6.640625,False,False,
2026-08-14,6965,C,買い,56.41,0.86,+1.62σ,なし,底固め,2611.5,2543.0,,,,,1.9320843091334972,-0.7416081186572998,,,,,2646.5,2516.5,3.2982045277127225,-1.7759562841530019,False,False,
2026-08-14,6890,C,買い,54.54,0.76,+1.02σ,なし,底固め,9750.0,9370.0,,,,,7.025246981339195,2.8540065861690556,,,,,10300.0,9310.0,13.06256860592756,2.1953896816685026,False,False,
2026-08-14,6951,C,買い,61.94,1.89,+1.55σ,なし,底固め,7425.0,7354.0,,,,,-16.07324516785351,-16.87577709958178,,,,,7727.0,7204.0,-12.659658641347349,-18.5712670961908,False,True,
2026-08-14,6963,C,買い,55.79,1.14,+1.38σ,なし,底固め,5239.0,5040.0,,,,,4.445773524720886,0.4784688995215225,,,,,5375.0,4968.0,7.15709728867624,-0.9569377990430672,False,False,
2026-08-14,6962,C,買い,52.21,1.01,+1.44σ,なし,底固め,815.0,811.0,,,,,0.24600246002459691,-0.24600246002459691,,,,,840.0,805.0,3.3210332103321027,-0.9840098400983988,False,False,
2026-08-14,3565,除外,買い,62.37,1.13,+2.51σ,なし,底固め,452.0,446.0,,,,,-1.95227765726681,-3.253796095444683,,,,,461.0,436.0,0.0,-5.422993492407812,False,False,
2026-08-14,3994,除外,買い,72.24,2.29,+3.01σ,なし,底固め,6000.0,5658.0,,,,,-7.39311622163914,-12.671708597005715,,,,,6420.0,5640.0,-0.9106343571538833,-12.949529248340797,False,False,
2026-08-14,3687,C,買い,53.79,0.87,+1.34σ,なし,底固め,2322.0,2226.0,,,,,1.619256017505477,-2.5820568927789944,,,,,2336.0,2225.0,2.2319474835886144,-2.6258205689277947,False,False,
2026-08-14,7685,C,買い,46.55,1.77,+0.09σ,なし,底固め,3400.0,3190.0,,,,,7.424960505529232,0.789889415481837,,,,,3450.0,3135.0,9.004739336492884,-0.9478672985781977,False,False,
2026-08-14,7717,C,買い,45.07,0.49,-0.14σ,はらみ足,底固め,6080.0,5900.0,,,,,4.647160068846823,1.5490533562822817,,,,,6250.0,5710.0,7.5731497418244365,-1.721170395869187,False,False,
2026-08-14,7729,C,買い,56.37,0.81,+1.32σ,なし,底固め,19270.0,18580.0,,,,,0.6529119874640887,-2.9511621833376855,,,,,19570.0,18580.0,2.2199007573779017,-2.9511621833376855,False,False,
2026-08-14,7725,除外,買い,61.97,0.82,+1.99σ,なし,底固め,1941.0,1855.0,,,,,-2.26586102719033,-6.596173212487411,,,,,1986.0,1855.0,0.0,-6.596173212487411,False,False,
2026-08-14,6996,C,買い,45.21,0.57,+0.14σ,なし,底固め,3000.0,2861.0,,,,,0.7387508394895992,-3.9288112827400967,,,,,3150.0,2860.0,5.7756883814640725,-3.9623908663532603,False,False,
2026-08-14,7280,除外,買い,63.66,0.86,+2.66σ,なし,底固め,1285.0,1304.0,,,,,2.3089171974522316,3.821656050955413,,,,,1317.0,1252.0,4.856687898089174,-0.31847133757961776,False,False,
2026-08-14,4188,C,買い,54.56,0.96,+0.59σ,なし,底固め,1194.0,1183.5,,,,,-1.1998345055854398,-2.0686801820438583,,,,,1219.5,1176.5,0.9102192800992892,-2.6479106330161373,False,False,
2026-08-14,7744,除外,買い,70.11,1.54,+2.61σ,なし,底固め,2072.0,2063.0,,,,,-4.4280442804427995,-4.843173431734316,,,,,2151.0,2042.0,-0.784132841328411,-5.811808118081185,False,False,
2026-08-14,7747,C,買い,63.5,1.24,+1.53σ,なし,底固め,4103.0,4100.0,,,,,5.9112028910686565,5.833763551884363,,,,,4282.0,3889.0,10.531750129065575,0.3871966959215323,False,False,
2026-08-14,6882,C,買い,55.39,0.45,+1.40σ,はらみ足,底固め,1258.0,1237.0,,,,,2.9459901800327426,1.227495908346965,,,,,1278.0,1222.0,4.582651391162029,0.0,False,False,
2026-08-14,6862,除外,買い,82.69,12.92,+2.81σ,なし,底固め,3925.0,3845.0,,,,,3.289473684210531,1.1842105263157876,,,,,4230.0,3630.0,11.315789473684212,-4.473684210526319,False,False,
2026-08-14,9692,除外,買い,73.38,1.87,+2.83σ,なし,底固め,2350.0,2353.0,,,,,-2.4896265560165998,-2.3651452282157703,,,,,2382.0,2327.0,-1.1618257261410747,-3.4439834024896254,False,False,
2026-08-14,2160,除外,買い,66.37,1.27,+1.76σ,なし,底固め,2673.0,2854.0,,,,,-8.926746166950593,-2.7597955706984645,,,,,2987.0,2662.0,1.771720613287897,-9.301533219761504,False,True,
2026-08-14,1945,C,買い,47.51,0.94,+0.38σ,なし,底固め,2087.0,2077.0,,,,,3.0108588351431376,2.5172754195458946,,,,,2138.0,2035.0,5.528134254689032,0.44422507403751865,False,False,
2026-08-14,7059,除外,買い,78.23,1.94,+2.88σ,なし,底固め,933.0,922.0,,,,,1.0834236186348933,-0.10834236186348933,,,,,939.0,901.0,1.7334777898158071,-2.3835319609967542,False,False,
2026-08-14,1946,C,買い,49.66,0.55,+0.62σ,はらみ足,底固め,2167.0,2129.0,,,,,3.092293054234063,1.284490960989526,,,,,2170.0,2106.0,3.2350142721217834,0.19029495718363432,False,False,
2026-08-14,6521,C,買い,46.93,1.01,+0.85σ,なし,底固め,3380.0,3360.0,,,,,-0.588235294117645,-1.17647058823529,,,,,3490.0,3300.0,2.6470588235294024,-2.941176470588236,False,False,
2026-08-14,6592,除外,買い,68.44,3.08,+2.38σ,なし,底固め,1786.0,1774.0,,,,,2.5258323765786406,1.8369690011481143,,,,,1824.5,1752.5,4.7359357060849705,0.6027554535017243,False,False,
2026-08-14,6613,C,買い,47.56,0.82,+0.81σ,はらみ足,底固め,2083.0,2091.0,,,,,15.337763012181615,15.780730897009976,,,,,2299.0,1830.0,27.297895902547076,1.3289036544850585,False,False,
2026-08-14,8338,除外,買い,66.16,1.95,+2.56σ,なし,底固め,769.0,775.0,,,,,1.8543046357615944,2.6490066225165476,,,,,799.0,746.0,5.827814569536427,-1.192052980132452,False,False,
2026-08-14,8316,C,買い,56.3,0.79,+0.51σ,なし,底固め,6918.0,6900.0,,,,,-0.731812311665947,-0.990099009900991,,,,,7025.0,6898.0,0.8035586167312481,-1.018797531927107,False,False,
2026-08-14,8337,C,買い,65.42,1.72,+2.04σ,なし,底固め,2773.0,2803.0,,,,,-1.492007104795734,-0.4262877442273494,,,,,2855.0,2762.0,1.4209591474245054,-1.8827708703374801,False,False,
2026-08-14,8331,C,買い,64.39,0.93,+1.79σ,なし,底固め,2843.5,2837.5,,,,,0.5303164221318823,0.3181898532791161,,,,,2892.5,2823.5,2.2626834010959884,-0.17677214071062375,False,False,
2026-08-14,8253,C,買い,56.38,1.23,+1.04σ,なし,底固め,4705.0,4643.0,,,,,-0.6335797254487852,-1.942977824709613,,,,,4732.0,4565.0,-0.06335797254487519,-3.5902851108764566,False,False,
2026-08-14,8308,C,買い,62.81,0.91,+1.94σ,なし,底固め,2481.5,2500.0,,,,,1.120619396903022,1.8744906275468542,,,,,2552.5,2471.5,4.013854930725347,0.7131214343928383,False,False,
2026-08-14,6516,C,買い,50.73,0.44,+0.93σ,はらみ足,底固め,6020.0,5830.0,,,,,2.033898305084736,-1.1864406779661052,,,,,6120.0,5810.0,3.7288135593220417,-1.5254237288135575,False,False,
2026-08-14,8233,C,買い,49.78,0.98,-0.28σ,はらみ足,底固め,2245.0,2265.5,,,,,-2.3913043478260843,-1.5000000000000013,,,,,2305.0,2227.5,0.21739130434783593,-3.1521739130434767,False,False,
2026-08-14,8381,除外,買い,66.62,1.45,+2.22σ,なし,底固め,2639.0,2640.0,,,,,0.3040668947168479,0.3420752565564511,,,,,2698.0,2622.0,2.546560243253526,-0.34207525655644,False,False,
2026-08-14,4425,C,買い,43.94,1.86,-0.38σ,なし,底固め,1697.0,1626.0,,,,,1.4952153110047828,-2.7511961722488043,,,,,1725.0,1611.0,3.169856459330145,-3.6483253588516784,False,False,
2026-08-14,4403,C,買い,47.56,1.0,-0.74σ,はらみ足,底固め,2760.5,2748.5,,,,,1.1172161172161132,0.6776556776556752,,,,,2779.5,2728.0,1.8131868131868067,-0.073260073260073,False,False,
2026-08-14,6616,C,買い,53.66,1.36,+1.45σ,なし,底固め,2159.0,2044.0,,,,,4.048192771084347,-1.4939759036144529,,,,,2166.0,2044.0,4.385542168674705,-1.4939759036144529,False,False,
2026-08-14,8031,C,買い,49.02,1.01,-0.45σ,なし,底固め,4796.0,4873.0,,,,,-0.6010362694300553,0.9948186528497382,,,,,4903.0,4766.0,1.616580310880833,-1.222797927461139,False,False,
2026-08-14,8002,C,買い,44.2,0.75,-1.12σ,なし,底固め,4917.0,4938.0,,,,,-0.26369168356997763,0.16227180527383922,,,,,4993.0,4858.0,1.2778904665314395,-1.4604462474645086,False,False,
2026-08-14,8008,C,買い,61.23,0.88,+1.34σ,なし,底固め,2094.0,2133.0,,,,,-1.1331444759206777,0.7082152974504208,,,,,2144.0,2092.0,1.227573182247399,-1.227573182247399,False,False,
2026-08-14,3086,C,買い,44.95,1.14,-0.86σ,なし,底固め,2854.0,2848.5,,,,,-2.05902539464653,-2.247769389155796,,,,,2909.5,2831.5,-0.1544269045984925,-2.8311599176389812,False,False,
2026-08-14,6619,C,買い,45.28,0.81,+0.73σ,なし,底固め,162.0,162.0,,,,,1.8867924528301883,1.8867924528301883,,,,,168.0,156.0,5.660377358490565,-1.8867924528301883,False,False,
2026-08-14,2986,除外,買い,55.67,0.95,+2.23σ,なし,底固め,2832.0,2802.0,,,,,0.2123142250530785,-0.849256900212314,,,,,2858.0,2777.0,1.1323425336164261,-1.7338995046001449,False,False,
2026-08-14,6777,C,買い,47.35,1.12,+0.40σ,なし,底固め,20520.0,19770.0,,,,,6.763787721123826,2.861602497398552,,,,,21260.0,19130.0,10.613943808532778,-0.4682622268470382,False,False,
2026-08-14,4107,C,買い,51.36,1.4,+1.13σ,なし,底固め,3850.0,3800.0,,,,,3.217158176943702,1.8766756032171594,,,,,3935.0,3660.0,5.495978552278813,-1.8766756032171594,False,False,
2026-08-14,6779,C,買い,53.14,0.86,+1.37σ,なし,底固め,3185.0,3065.0,,,,,2.741935483870961,-1.1290322580645107,,,,,3400.0,3020.0,9.677419354838701,-2.580645161290318,False,False,
2026-08-14,3436,除外,買い,52.72,1.0,+0.81σ,なし,底固め,4061.0,3788.0,,,,,3.5969387755101945,-3.367346938775506,,,,,4178.0,3782.0,6.58163265306122,-3.5204081632653095,False,False,
2026-08-14,6727,C,買い,62.77,0.67,+1.84σ,なし,底固め,822.0,810.0,,,,,-0.7246376811594235,-2.1739130434782594,,,,,835.0,809.0,0.8454106280193274,-2.2946859903381633,False,False,
2026-08-14,6752,除外,買い,63.31,1.21,+1.62σ,なし,底固め,4788.0,4552.0,,,,,1.4191908493963235,-3.5797500529548776,,,,,4838.0,4528.0,2.4782884981995323,-4.088116924380425,False,False,
2026-08-14,1407,C,買い,50.14,0.73,-0.81σ,なし,底固め,2794.0,2740.0,,,,,6.88599846977811,4.820198928844688,,,,,2841.0,2648.0,8.684009181331298,1.3006885998469775,False,False,
2026-08-14,5631,C,買い,52.65,0.81,+1.03σ,はらみ足,底固め,8052.0,8256.0,,,,,3.059004223729689,5.670037117624482,,,,,8477.0,7914.0,8.498656086010502,1.292717266094967,False,False,
2026-08-14,5344,C,買い,52.57,0.88,+1.39σ,なし,底固め,61980.0,59000.0,,,,,1.5899032945418723,-3.294541878380597,,,,,63550.0,59000.0,4.16325192591378,-3.294541878380597,False,False,
2026-08-14,5844,除外,買い,69.27,1.46,+2.68σ,なし,底固め,5091.0,5022.0,,,,,0.3548196333530429,-1.0053222945002993,,,,,5164.0,4999.0,1.793810368618165,-1.4587029371180726,False,False,
2026-08-14,4676,C,買い,53.72,0.81,+0.52σ,陰線→陽線,底固め,4103.0,4160.0,,,,,-0.653753026634385,0.7263922518159882,,,,,4167.0,4040.0,0.8958837772397032,-2.1791767554479424,False,False,
2026-08-14,4689,除外,買い,75.16,1.23,+2.03σ,なし,底固め,491.8999938964844,497.8999938964844,,,,,-2.844164744917166,-1.659096603499044,,,,,503.1000061035156,487.1000061035156,-0.6320351365760146,-3.7922168470243656,False,False,
2026-08-14,8876,C,買い,63.68,0.66,+1.56σ,陰線→陽線 / はらみ足,底固め,2118.5,2122.0,,,,,-1.96668209162425,-1.8047200370199024,,,,,2149.5,2099.0,-0.532161036557155,-2.869042110134201,False,False,
2026-08-14,6071,C,買い,55.73,2.31,+0.84σ,なし,底固め,940.0,963.0,,,,,11.771700356718195,14.506539833531518,,,,,976.0,882.0,16.052318668252074,4.875148632580251,True,False,
2026-08-14,6503,C,買い,60.19,1.17,+1.91σ,なし,底固め,6126.0,6031.0,,,,,-0.4388103364212581,-1.9827726312367955,,,,,6224.0,6012.0,1.1539086624410944,-2.2915650901998985,False,False,
2026-08-14,6506,C,買い,47.74,0.47,+1.00σ,なし,底固め,5472.0,5171.0,,,,,0.7549254280979634,-4.787331983060206,,,,,5484.0,5171.0,0.9758792119314963,-4.787331983060206,False,False,
2026-08-14,8366,C,買い,60.49,0.74,+1.57σ,なし,底固め,2765.0,2763.0,,,,,-0.3603603603603567,-0.432432432432428,,,,,2828.0,2740.0,1.9099099099099126,-1.2612612612612595,False,False,
2026-08-14,6508,除外,買い,72.91,1.27,+1.91σ,なし,底固め,12660.0,12250.0,,,,,2.3443815683104274,-0.9700889248181133,,,,,12760.0,12080.0,3.1527890056588515,-2.3443815683104274,False,False,
2026-08-14,4418,C,買い,60.27,1.43,+0.87σ,なし,底固め,964.0,970.0,,,,,13.145539906103277,13.849765258215951,,,,,1008.0,930.0,18.309859154929576,9.154929577464799,False,False,
2026-08-14,6356,C,買い,50.18,0.39,+0.58σ,なし,底固め,1408.0,1375.0,,,,,0.8595988538681931,-1.5042979942693435,,,,,1425.0,1375.0,2.077363896848139,-1.5042979942693435,False,False,
2026-08-14,8370,C,買い,64.1,0.64,+1.95σ,なし,底固め,5060.0,5080.0,,,,,-0.19723865877712132,0.19723865877712132,,,,,5160.0,5060.0,1.775147928994092,-0.19723865877712132,False,False,
2026-08-14,6387,C,買い,48.48,0.93,+0.58σ,なし,底固め,10650.0,9970.0,,,,,7.575757575757569,0.7070707070707005,,,,,10950.0,9830.0,10.606060606060597,-0.7070707070707116,False,False,
2026-08-14,8252,C,買い,53.09,0.97,+0.16σ,はらみ足,底固め,2944.5,2941.5,,,,,-0.7917789757412419,-0.8928571428571397,,,,,2993.5,2907.0,0.85916442048517,-2.0552560646900253,False,False,
2026-08-14,8309,C,買い,63.8,0.99,+1.48σ,なし,底固め,1728.5,1734.0,,,,,-0.48934945308002353,-0.17271157167529916,,,,,1762.0,1724.5,1.4392630972941856,-0.7196315486470928,False,False,
2026-08-14,6178,C,買い,51.76,0.73,-0.50σ,なし,底固め,2394.5,2403.0,,,,,0.7786195286195285,1.1363636363636465,,,,,2415.0,2365.0,1.6414141414141437,-0.462962962962965,False,False,
2026-08-14,6166,C,買い,49.61,0.5,+0.32σ,なし,底固め,660.0,635.0,,,,,2.1671826625387025,-1.7027863777089758,,,,,670.0,629.0,3.7151702786377694,-2.631578947368418,False,False,
2026-08-14,4506,C,買い,54.65,0.58,+2.09σ,なし,底固め,1355.5,1375.0,,,,,-1.2026239067055355,0.21865889212828726,,,,,1399.5,1355.5,2.0043731778425666,-1.2026239067055355,False,False,
2026-08-14,8614,C,買い,61.08,0.9,+1.54σ,なし,底固め,681.0,682.0,,,,,-0.5839416058394109,-0.43795620437956373,,,,,694.0,678.0,1.3138686131386912,-1.0218978102189746,False,False,
2026-08-14,8616,C,買い,66.99,0.69,+1.76σ,はらみ足,底固め,833.0,834.0,,,,,-0.4778972520907976,-0.35842293906810374,,,,,841.0,832.0,0.4778972520907976,-0.5973715651135025,False,False,
2026-08-14,8604,C,買い,55.03,0.67,+0.17σ,なし,底固め,1559.0,1554.0,,,,,-0.7006369426751591,-1.0191082802547768,,,,,1563.5,1538.5,-0.41401273885350864,-2.0063694267515975,False,False,
2026-08-14,4592,C,買い,55.74,0.83,+1.26σ,なし,底固め,1013.0,1004.0,,,,,-2.8763183125599223,-3.7392138063279012,,,,,1046.0,992.0,0.2876318312559967,-4.889741131351865,False,False,
2026-08-14,4519,C,買い,44.39,1.56,-0.48σ,なし,底固め,6864.0,6847.0,,,,,-0.9952401557767221,-1.2404442521275039,,,,,7000.0,6831.0,0.9663926150295765,-1.4712245781047129,False,False,
2026-08-14,4565,除外,買い,74.11,1.59,+2.73σ,なし,底固め,1104.0,1111.0,,,,,-0.09049773755656076,0.5429864253393646,,,,,1157.0,1092.0,4.705882352941182,-1.17647058823529,False,False,
2026-08-14,8562,除外,買い,67.73,2.34,+2.81σ,なし,底固め,379.0,379.0,,,,,1.3368983957219305,1.3368983957219305,,,,,387.0,372.0,3.475935828876997,-0.5347593582887722,False,False,
2026-08-14,8572,C,買い,53.86,0.77,-0.09σ,陰線→陽線 / はらみ足,底固め,479.7999877929688,480.3999938964844,,,,,-0.7857758906185341,-0.6617051496103477,,,,,485.2999877929688,477.0,0.35152766603987473,-1.3647642679900818,False,False,
2026-08-14,8550,除外,買い,66.01,1.2,+2.29σ,なし,底固め,1120.0,1126.0,,,,,0.26857654431513556,0.8057296329453845,,,,,1142.0,1110.0,2.2381378692927445,-0.6266786034019645,False,False,
2026-08-14,8570,C,買い,66.14,0.74,+1.61σ,はらみ足,底固め,1614.5,1642.0,,,,,-1.2236157846436169,0.45885591924135216,,,,,1647.5,1611.5,0.7953502600183571,-1.40715815234016,False,False,
2026-08-14,8522,C,買い,61.3,1.01,+1.34σ,なし,底固め,6800.0,7080.0,,,,,-1.0189228529839833,3.056768558951961,,,,,7090.0,6780.0,3.2023289665211063,-1.3100436681222738,False,False,
2026-08-14,9166,除外,買い,75.67,2.08,+2.57σ,なし,底固め,755.0,734.0,,,,,2.0270270270270174,-0.8108108108108136,,,,,773.0,720.0,4.459459459459469,-2.7027027027026973,False,False,
2026-08-14,5817,C,買い,55.67,0.27,+0.71σ,なし,底固め,1040.0,1041.0,,,,,3.379721669980129,3.479125248508952,,,,,1075.0,1008.0,6.858846918489059,0.1988071570576455,False,False,
2026-08-14,5381,除外,買い,57.86,1.14,+1.58σ,なし,底固め,961.0,984.0,,,,,-0.3112033195020736,2.0746887966804906,,,,,1009.0,943.0,4.668049792531126,-2.178423236514526,False,False,
2026-08-14,5331,除外,買い,58.75,0.65,+1.68σ,陰線→陽線,底固め,3900.0,3795.0,,,,,0.7751937984496138,-1.9379844961240345,,,,,3950.0,3780.0,2.067183462532296,-2.3255813953488413,False,False,
2026-08-14,5831,C,買い,64.61,1.48,+1.86σ,なし,底固め,3548.0,3566.0,,,,,0.9962994591517171,1.508682038144027,,,,,3618.0,3499.0,2.9888983774551736,-0.3985197836606891,False,False,
2026-08-14,2337,C,買い,42.77,0.44,-0.49σ,なし,底固め,407.0,407.0,,,,,0.0,0.0,,,,,410.0,403.0,0.7371007371007376,-0.9828009828009798,False,False,
2026-08-14,5707,除外,買い,72.27,3.57,+2.18σ,なし,底固め,1089.0,1123.0,,,,,0.7400555041628065,3.885291396854762,,,,,1204.0,1049.0,11.378353376503236,-2.9602220166512483,False,False,
2026-08-14,5801,除外,買い,56.49,0.94,+1.29σ,なし,底固め,4298.0,4368.0,,,,,5.94035001232438,7.665762878974602,,,,,4632.0,4024.0,14.17303426176979,-0.8134089228494013,False,False,
2026-08-14,5832,C,買い,63.36,0.94,+1.81σ,なし,底固め,3530.0,3545.0,,,,,0.34110289937463456,0.7674815235929611,,,,,3610.0,3510.0,2.6151222285389464,-0.22740193291642674,False,False,
2026-08-14,5805,除外,買い,65.6,1.04,+2.01σ,なし,底固め,14680.0,14700.0,,,,,2.94530154277699,3.0855539971949453,,,,,15260.0,14110.0,7.012622720897621,-1.051893408134641,False,False,
2026-08-14,9072,C,買い,52.79,0.52,+1.15σ,はらみ足,底固め,5431.0,5725.0,,,,,0.8354994430003648,6.294095803936139,,,,,5929.0,5289.0,10.081693278871139,-1.800965466023019,False,False,
2026-08-14,9101,C,買い,70.4,1.12,+2.06σ,なし,底固め,6490.0,6784.0,,,,,1.4062500000000089,6.000000000000005,,,,,6797.0,6401.0,6.203124999999998,0.015625000000007994,False,False,
2026-08-14,2334,C,買い,54.41,0.74,+1.21σ,はらみ足,底固め,552.0,547.0,,,,,1.6574585635359185,0.7366482504604033,,,,,572.0,509.0,5.340699815837935,-6.261510128913439,False,False,
2026-08-14,7199,C,買い,55.91,0.76,+0.99σ,はらみ足,底固め,2109.0,2064.0,,,,,-1.1715089034676662,-3.280224929709463,,,,,2128.0,2063.0,-0.2811621368322359,-3.3270852858481748,False,False,
2026-08-14,3791,C,買い,47.65,0.22,+1.08σ,はらみ足,底固め,1098.0,1088.0,,,,,-1.9642857142857184,-2.857142857142858,,,,,1116.0,1084.0,-0.3571428571428559,-3.214285714285714,False,False,
2026-08-14,7276,C,買い,60.37,1.29,+1.07σ,なし,底固め,2729.0,2714.0,,,,,0.38624241309546115,-0.1655324627551913,,,,,2739.0,2705.5,0.7540923303292146,-0.4782048924038995,False,False,
2026-08-14,3397,C,買い,52.46,3.21,-0.16σ,なし,底固め,4152.0,4152.0,,,,,-1.2134189864382638,-1.2134189864382638,,,,,4220.0,4107.0,0.4044729954794102,-2.28408279800143,False,False,
2026-08-14,3916,C,買い,62.84,2.33,+1.37σ,なし,底固め,961.0,960.0,,,,,-1.4358974358974375,-1.538461538461533,,,,,975.0,952.0,0.0,-2.358974358974364,False,False,
2026-08-14,3769,C,買い,60.32,1.13,+1.05σ,陰線→陽線,底固め,8809.0,9175.0,,,,,-13.211822660098527,-9.605911330049267,,,,,9175.0,8485.0,-9.605911330049267,-16.40394088669951,False,True,
2026-08-14,4996,C,買い,64.42,0.8,+1.62σ,なし,底固め,764.0,774.0,,,,,0.5263157894736858,1.8421052631578894,,,,,781.0,758.0,2.763157894736845,-0.2631578947368429,False,False,
2026-08-14,1909,C,買い,53.93,0.6,+0.66σ,なし,底固め,3700.0,3700.0,,,,,0.0,0.0,,,,,3705.0,3700.0,0.13513513513514486,0.0,False,False,
2026-08-14,7867,C,買い,55.73,0.48,+0.20σ,陰線→陽線,底固め,3600.0,3588.0,,,,,0.05558643690939391,-0.27793218454696955,,,,,3642.0,3495.0,1.222901612006666,-2.8627015008337975,False,False,
2026-08-14,3245,除外,買い,72.58,2.86,+3.10σ,なし,底固め,1158.0,1151.0,,,,,0.6081668114682914,0.0,,,,,1178.0,1148.0,2.3457862728062606,-0.26064291920069316,False,False,
2026-08-14,6524,C,買い,50.92,0.66,+0.82σ,なし,底固め,5110.0,4930.0,,,,,6.569343065693434,2.8154327424400494,,,,,5360.0,4815.0,11.783107403545356,0.4171011470281538,False,False,
2026-08-14,8267,C,買い,48.94,1.08,-0.04σ,なし,底固め,1362.5,1351.5,,,,,-0.8369723435225573,-1.637554585152834,,,,,1388.5,1331.5,1.055312954876264,-3.093158660844253,False,False,
2026-08-14,4722,除外,買い,80.6,1.57,+0.76σ,なし,底固め,2445.0,2445.0,,,,,0.040916530278223284,0.040916530278223284,,,,,2446.0,2444.0,0.08183306055646877,0.0,False,False,
2026-08-14,4674,除外,買い,84.67,2.12,+2.18σ,なし,底固め,1955.0,1998.0,,,,,0.0,2.1994884910485846,,,,,2021.0,1923.0,3.3759590792838967,-1.6368286445012759,False,False,
2026-08-14,4626,C,買い,47.28,0.46,+0.36σ,なし,底固め,4855.0,4790.0,,,,,0.8935993349958427,-0.4571903574397296,,,,,4911.0,4776.0,2.057356608478811,-0.7481296758104716,False,False,
2026-08-14,2267,C,買い,57.04,1.03,+1.10σ,なし,底固め,2840.5,2845.5,,,,,-1.422870032968937,-1.2493492972410203,,,,,2879.5,2816.0,-0.06940829429117334,-2.2731216380357466,False,False,
2026-08-14,4819,C,買い,53.57,1.52,-0.31σ,なし,底固め,2200.0,2237.0,,,,,-4.30622009569378,-2.6968247063940853,,,,,2370.0,2177.0,3.0882992605480553,-5.306655067420618,False,False,
2026-08-14,2120,除外,買い,86.7,4.41,+3.54σ,なし,底固め,236.0,243.0,,,,,-2.8806584362139898,0.0,,,,,248.0,231.0,2.0576131687242816,-4.938271604938271,False,False,
2026-08-14,9552,C,買い,62.07,1.73,+1.24σ,はらみ足,底固め,987.0,975.0,,,,,-1.0030090270812475,-2.20661985957874,,,,,1004.0,897.0,0.7021063189568633,-10.030090270812442,False,True,
2026-08-13,4751,S,買い,33.48,2.49,-2.07σ,陰線→陽線 / 強気包み足 / 長い下ヒゲ（ハンマー） / 前日安値割れ反転 / 2～5日下落後の陽線,BB逆張り / BB＋RSI＋ストキャス,1266.0,1263.0,1256.5,,,,0.8764940239043728,0.6374501992031822,0.11952191235060639,,,,1285.5,1243.5,2.430278884462145,-0.9163346613545786,False,False,
2026-08-13,1860,S,買い,43.06,1.3,-0.65σ,強気包み足 / 2～5日下落後の陽線,BB逆張り,1487.0,1501.5,1495.0,,,,-0.10077258985555781,0.8733624454148492,0.4366812227074135,,,,1516.5,1472.0,1.8810883439704496,-1.108498488411147,False,False,
2026-08-13,1968,S,買い,40.29,0.91,-1.23σ,強気包み足 / 2～5日下落後の陽線,BB逆張り / 底固め,2386.0,2433.0,2385.0,,,,0.0838926174496546,2.055369127516782,0.0419463087248273,,,,2465.0,2366.0,3.3976510067114107,-0.7550335570469802,False,False,
2026-08-13,4755,S,買い,41.16,2.1,-1.72σ,陰線→陽線 / 前日安値割れ反転 / 2～5日下落後の陽線,BB逆張り,763.7999877929688,777.4000244140625,772.7000122070312,,,,0.31520722261213496,2.1013953787841544,1.4841098249318785,,,,801.2999877929688,753.5999755859375,5.240345126473445,-1.024431890473143,False,False,
2026-08-13,3299,S,買い,36.03,1.19,-1.54σ,強気包み足 / 2～5日下落後の陽線,BB逆張り / BB＋RSI＋ストキャス,1739.0,1742.0,1720.0,,,,0.05753739930955959,0.23014959723819395,-1.0356731875719172,,,,1756.0,1712.0,1.0356731875719172,-1.4959723820483273,False,False,
2026-08-13,6969,除外,買い,44.44,6.2,-0.33σ,陰線→陽線 / はらみ足 / 2～5日下落後の陽線,BB逆張り / 底固め / アンチ,1074.0,1087.0,1069.0,,,,1.8009478672985857,3.033175355450246,1.3270142180094702,,,,1115.0,1026.0,5.687203791469186,-2.7488151658767723,False,False,
2026-08-13,4975,S,買い,39.77,0.5,-1.01σ,強気包み足 / はらみ足 / 2～5日下落後の陽線,BB逆張り / BB＋RSI＋ストキャス,5600.0,5740.0,5460.0,,,,-1.2345679012345734,1.2345679012345734,-3.703703703703709,,,,5780.0,5460.0,1.9400352733686121,-3.703703703703709,False,False,
2026-08-13,4889,S,買い,32.11,1.85,-2.44σ,陰線→陽線 / はらみ足 / 2～5日下落後の陽線,BB逆張り / BB＋RSI＋ストキャス,1201.0,1320.0,1300.0,,,,3.090128755364807,13.30472103004292,11.587982832618016,,,,1344.0,1138.0,15.364806866952785,-2.3175965665236054,False,False,
2026-08-13,4971,S,買い,42.13,2.36,-0.95σ,陰線→陽線 / 長い下ヒゲ（ハンマー） / 2～5日下落後の陽線,BB逆張り / 底固め / アンチ,7540.0,7970.0,7510.0,,,,-4.071246819338425,1.3994910941475869,-4.452926208651398,,,,8020.0,7450.0,2.035623409669207,-5.216284987277353,False,False,
2026-08-13,8848,S,買い,38.33,0.87,-2.00σ,陰線→陽線 / 前日安値割れ反転 / 2～5日下落後の陽線,BB逆張り / BB＋RSI＋ストキャス,620.0,622.0,625.0,,,,-0.6410256410256387,-0.3205128205128194,0.1602564102564097,,,,632.0,618.0,1.2820512820512775,-0.9615384615384581,False,False,
2026-08-13,1952,S,買い,39.86,0.75,-1.19σ,長い下ヒゲ（ハンマー） / 2～5日下落後の陽線,BB逆張り / BB＋RSI＋ストキャス,3140.0,3165.0,3090.0,,,,1.1272141706924366,1.9323671497584627,-0.48309178743961567,,,,3250.0,3085.0,4.669887278582929,-0.6441223832528209,False,False,
2026-08-13,6544,S,買い,32.47,1.24,-1.53σ,強気包み足 / 2～5日下落後の陽線,BB逆張り / BB＋RSI＋ストキャス,1535.5,1527.5,1510.0,,,,1.2195121951219523,0.6921555702043447,-0.46143704680290387,,,,1571.5,1503.5,3.592617007251153,-0.8899143045484559,False,False,
2026-08-13,1944,S,買い,41.79,0.55,-1.11σ,長い下ヒゲ（ハンマー） / 2～5日下落後の陽線,BB逆張り,6912.0,7083.0,6856.0,,,,-0.11560693641619046,2.355491329479764,-0.9248554913294793,,,,7155.0,6852.0,3.395953757225434,-0.9826589595375745,False,False,
2026-08-13,1969,S,買い,44.97,1.36,-0.40σ,2～5日下落後の陽線,BB逆張り,4338.0,4373.0,4258.0,,,,1.5925058548009297,2.4121779859484827,-0.2810304449648693,,,,4467.0,4238.0,4.613583138173305,-0.7494145199063218,False,False,
2026-08-13,8508,S,買い,47.11,1.73,-0.73σ,強気包み足 / 長い下ヒゲ（ハンマー） / 2～5日下落後の陽線,アンチ,895.0,915.0,903.0,,,,10.630407911001228,13.102595797280593,11.619283065512986,,,,954.0,820.0,17.923362175525348,1.359703337453655,True,False,
2026-08-13,4901,S,買い,37.46,1.37,-1.59σ,2～5日下落後の陽線,BB逆張り / BB＋RSI＋ストキャス,3329.0,3242.0,3182.0,,,,1.5868172108636003,-1.068050045773572,-2.8989929813854176,,,,3383.0,3182.0,3.2346658529142536,-2.8989929813854176,False,False,
2026-08-13,4275,S,買い,38.56,1.47,-1.90σ,陰線→陽線 / はらみ足 / 2～5日下落後の陽線,BB逆張り / BB＋RSI＋ストキャス,2113.0,2127.0,2101.0,,,,2.374031007751931,3.052325581395343,1.7926356589147208,,,,2193.0,2064.0,6.25,0.0,False,False,
2026-08-13,4047,S,買い,42.2,1.65,-0.64σ,強気包み足 / 2～5日下落後の陽線,底固め / アンチ,2630.0,2715.0,2561.0,,,,-1.0906355772846932,2.1060549078600888,-3.685596088755172,,,,2769.0,2557.0,4.136893569010902,-3.836028582173745,False,False,
2026-08-13,3479,S,買い,50.54,0.24,-0.43σ,陰線→陽線 / 強気包み足 / 前日安値割れ反転 / 2～5日下落後の陽線,BB逆張り,1833.0,1877.0,1849.0,,,,0.16393442622950616,2.568306010928967,1.038251366120213,,,,1909.0,1799.0,4.316939890710381,-1.6939890710382488,False,False,
2026-08-13,7715,S,買い,56.09,3.67,+1.27σ,強気包み足 / 前日安値割れ反転 / 2～5日下落後の陽線,底固め / アンチ,4420.0,4405.0,4145.0,,,,7.411907654921013,7.047387606318356,0.7290400972053357,,,,4555.0,4120.0,10.69258809234508,0.12150668286756705,False,False,
2026-08-13,6787,S,買い,38.78,0.99,-1.11σ,2～5日下落後の陽線,BB逆張り / BB＋RSI＋ストキャス / アンチ,18250.0,19360.0,18820.0,,,,-2.8738690792974975,3.0335284725917955,0.159659393294298,,,,20210.0,18010.0,7.5572112825971205,-4.151144225651937,False,False,
2026-08-13,6656,S,買い,40.84,0.44,-0.88σ,強気包み足 / 2～5日下落後の陽線,BB逆張り,873.0,908.0,855.0,,,,-2.6755852842809347,1.2263099219620877,-4.682274247491636,,,,912.0,855.0,1.6722408026755842,-4.682274247491636,False,False,
2026-08-13,6145,S,買い,38.74,0.89,-1.42σ,2～5日下落後の陽線,BB逆張り / BB＋RSI＋ストキャス,2440.0,2520.0,2423.0,,,,1.413133832086455,4.738154613466339,0.7065669160432275,,,,2524.0,2410.0,4.9044056525353374,0.16625103906899863,False,False,
2026-08-13,6768,S,買い,44.48,0.69,-0.53σ,陰線→陽線 / 2～5日下落後の陽線,BB逆張り / アンチ,810.0,820.0,815.0,,,,-0.7352941176470562,0.4901960784313708,-0.1225490196078427,,,,831.0,803.0,1.8382352941176405,-1.5931372549019662,False,False,
2026-08-13,7915,S,買い,45.33,1.21,-0.53σ,2～5日下落後の陽線,BB逆張り,1327.0,1334.0,1319.0,,,,1.920122887864828,2.457757296466978,1.3056835637480724,,,,1349.0,1291.0,3.6098310291858615,-0.8448540706605168,False,False,
2026-08-13,1959,S,買い,42.08,0.88,-0.80σ,2～5日下落後の陽線,BB逆張り,8396.0,8467.0,8277.0,,,,1.4990328820116083,2.3573500967118077,0.06044487427465661,,,,8546.0,8252.0,3.31237911025144,-0.24177949709864865,False,False,
2026-08-13,7760,S,買い,42.37,1.26,-1.07σ,2～5日下落後の陽線,BB逆張り,2115.0,2193.0,2086.0,,,,2.2232962783953703,5.993233446109225,0.8216529724504484,,,,2219.0,2081.0,7.2498791686805175,0.5799903334944512,False,False,
2026-08-13,1815,S,買い,43.53,1.02,-1.02σ,2～5日下落後の陽線,BB逆張り,4345.0,4455.0,4365.0,,,,1.0465116279069875,3.604651162790695,1.5116279069767424,,,,4460.0,4265.0,3.7209302325581506,-0.8139534883720878,False,False,
2026-08-13,4078,S,買い,48.24,0.79,+0.16σ,陰線→陽線 / 強気包み足 / 2～5日下落後の陽線,底固め,4000.0,4030.0,3990.0,,,,-1.356350184956845,-0.6165228113440224,-1.602959309494456,,,,4180.0,3950.0,3.082614056720101,-2.5893958076448786,False,False,
2026-08-13,4980,S,買い,39.19,0.61,-0.80σ,2～5日下落後の陽線,BB逆張り / BB＋RSI＋ストキャス / アンチ,3191.0,3199.0,3053.0,,,,0.09410288582183401,0.34504391468004325,-4.23462986198243,,,,3298.0,3044.0,3.450439146800499,-4.516938519447933,False,False,
2026-08-13,4368,S,買い,42.4,1.15,-1.01σ,陰線→陽線 / 2～5日下落後の陽線,BB逆張り / アンチ,3435.0,3520.0,3385.0,,,,-1.8571428571428572,0.5714285714285783,-3.2857142857142807,,,,3600.0,3385.0,2.857142857142847,-3.2857142857142807,False,False,
2026-08-13,6703,S,買い,45.65,1.0,-0.36σ,2～5日下落後の陽線,BB逆張り,2986.0,2978.0,2840.0,,,,0.8783783783783861,0.6081081081081186,-4.054054054054057,,,,3050.0,2838.0,3.0405405405405483,-4.121621621621618,False,False,
2026-08-13,4935,S,買い,41.93,0.24,-1.11σ,陰線→陽線 / はらみ足 / 2～5日下落後の陽線,BB逆張り,224.0,228.0,220.0,,,,0.0,1.7857142857142794,-1.7857142857142905,,,,232.0,216.0,3.571428571428581,-3.57142857142857,False,False,
2026-08-13,6118,S,買い,49.34,0.65,-0.45σ,陰線→陽線 / はらみ足 / 長い下ヒゲ（ハンマー） / 2～5日下落後の陽線,底固め,1225.0,1252.0,1287.0,,,,2.5104602510460206,4.769874476987446,7.698744769874466,,,,1300.0,1196.0,8.786610878661083,0.08368200836819106,True,False,
2026-08-13,6976,除外,買い,46.06,1.33,+0.14σ,2～5日下落後の陽線,底固め,11015.0,11295.0,9991.0,,,,0.7315957933241801,3.292181069958855,-8.63283036122542,,,,11500.0,9784.0,5.16689529035208,-10.525834476451756,False,False,
2026-08-13,6845,S,買い,40.43,1.0,-1.35σ,陰線→陽線 / 2～5日下落後の陽線,BB逆張り,1565.0,1550.5,1518.5,,,,-0.4769475357710662,-1.3990461049284586,-3.434022257551672,,,,1590.5,1518.0,1.14467408585055,-3.465818759936412,False,False,
2026-08-13,6458,S,買い,42.96,1.17,-1.11σ,強気包み足 / はらみ足 / 2～5日下落後の陽線,BB逆張り,1232.0,1236.0,1225.0,,,,1.4827018121911006,1.812191103789118,0.906095551894559,,,,1243.0,1214.0,2.3887973640856597,0.0,False,False,
2026-08-13,6266,除外,買い,46.25,1.52,-0.57σ,陰線→陽線 / 2～5日下落後の陽線,BB逆張り / アンチ,4020.0,4050.0,3940.0,,,,2.813299232736566,3.5805626598465423,0.7672634271099765,,,,4200.0,3850.0,7.416879795396425,-1.534526854219953,False,False,
2026-08-13,6209,S,買い,46.66,1.05,-0.80σ,陰線→陽線 / 2～5日下落後の陽線,BB逆張り,4005.0,4035.0,4030.0,,,,2.0382165605095537,2.8025477707006363,2.675159235668789,,,,4055.0,3915.0,3.3121019108280247,-0.2547770700636942,False,False,
2026-08-13,6807,S,買い,44.99,1.13,-1.02σ,陰線→陽線 / 前日安値割れ反転 / 2～5日下落後の陽線,BB逆張り,2327.0,2345.0,2380.0,,,,-0.3426124197002167,0.4282655246252709,1.9271948608136968,,,,2414.0,2307.0,3.383297644539618,-1.1991434689507474,False,False,
2026-08-13,7917,S,買い,40.96,0.86,-1.65σ,陰線→陽線 / 2～5日下落後の陽線,BB逆張り,1306.0,1311.0,1300.0,,,,2.0312499999999956,2.4218749999999956,1.5625,,,,1318.0,1276.0,2.968750000000009,-0.31250000000000444,False,False,
2026-08-13,1976,S,買い,46.23,1.29,-0.83σ,陰線→陽線 / 2～5日下落後の陽線,BB逆張り,1875.0,1829.0,1855.0,,,,2.013057671381935,-0.4896626768226331,0.9249183895538637,,,,1909.0,1827.0,3.8628944504896623,-0.598476605005438,False,False,
2026-08-13,1950,S,買い,42.83,0.7,-0.68σ,2～5日下落後の陽線,BB逆張り / 底固め,3905.0,3945.0,3860.0,,,,-0.3826530612244916,0.6377551020408267,-1.5306122448979553,,,,4010.0,3860.0,2.2959183673469497,-1.5306122448979553,False,False,
2026-08-13,5989,S,買い,40.94,0.67,-1.43σ,陰線→陽線 / 2～5日下落後の陽線,BB逆張り,1510.0,1552.0,1538.0,,,,3.6376115305422063,6.520247083047348,5.5593685655456415,,,,1569.0,1466.0,7.687028140013719,0.61770761839397,False,False,
2026-08-13,9517,S,買い,51.47,0.53,-0.76σ,陰線→陽線 / 長い下ヒゲ（ハンマー） / 2～5日下落後の陽線,BB逆張り / アンチ,866.0,851.0,852.0,,,,2.7283511269276417,0.9489916963226541,1.067615658362997,,,,872.0,830.0,3.4400948991696323,-1.542111506524313,False,False,
2026-08-13,4548,S,買い,39.97,0.92,-1.19σ,陰線→陽線 / 2～5日下落後の陽線,BB逆張り / BB＋RSI＋ストキャス,710.0,707.0,708.0,,,,0.56657223796035,0.14164305949009304,0.28328611898016387,,,,714.0,704.0,1.1331444759206777,-0.283286118980175,False,False,
2026-08-13,3905,A,買い,34.01,1.2,-1.06σ,なし,アンチ,1877.0,1807.0,1693.0,,,,0.0,-3.7293553542887548,-9.802876931273307,,,,1997.0,1602.0,6.393180607352167,-14.6510388918487,False,False,
2026-08-13,9006,A,買い,46.6,0.77,-0.82σ,長い下ヒゲ（ハンマー） / 前日安値割れ反転 / 2～5日下落後の陽線,BB逆張り,1518.5,1516.0,1534.5,,,,-0.3281916639317317,-0.4922874958976031,0.7220216606498298,,,,1538.0,1511.0,0.9517558254020342,-0.8204791598293348,False,False,
2026-08-13,3837,A,買い,51.97,1.81,-0.05σ,2～5日下落後の陽線,BB逆張り,1518.0,1522.0,1529.0,,,,3.125,3.3967391304347894,3.872282608695654,,,,1544.0,1484.0,4.891304347826098,0.8152173913043459,False,False,
2026-08-13,6806,A,買い,52.25,0.9,+0.55σ,2～5日下落後の陽線,底固め,27310.0,27065.0,25995.0,,,,-1.461302543748877,-2.345300378856219,-6.206025617896449,,,,28075.0,25995.0,1.298935594443451,-6.206025617896449,False,True,
2026-08-13,7012,A,買い,51.41,0.85,+0.94σ,2～5日下落後の陽線,底固め,2849.5,2855.5,2860.0,,,,1.1178140525195168,1.3307310149041962,1.490418736692689,,,,2955.5,2803.0,4.879347054648697,-0.5322924059616763,False,False,
2026-08-13,6638,A,買い,42.71,0.78,-1.48σ,2～5日下落後の陽線,BB逆張り,2002.0,1965.0,1922.0,,,,3.569580962234875,1.6554578375582052,-0.5690636316606268,,,,2026.0,1913.0,4.811174340403523,-1.03466114847387,False,False,
2026-08-13,1942,A,買い,40.53,0.57,-0.75σ,強気包み足 / 2～5日下落後の陽線,BB逆張り,5520.0,5740.0,5610.0,,,,0.29069767441860517,4.287790697674421,1.925872093023262,,,,5756.0,5484.0,4.578488372093026,-0.3633720930232509,False,False,
2026-08-13,7220,A,買い,51.69,0.63,+1.81σ,強気包み足 / 2～5日下落後の陽線,底固め,3625.0,3685.0,3620.0,,,,0.41551246537396835,2.0775623268697974,0.27700831024930483,,,,3825.0,3560.0,5.9556786703601095,-1.3850415512465353,False,False,
2026-08-13,7245,A,買い,47.37,0.65,-0.00σ,陰線→陽線 / 2～5日下落後の陽線,底固め,1364.0,1392.0,1374.0,,,,1.111934766493694,3.187546330615265,1.8532246108228234,,,,1427.0,1330.0,5.78206078576724,-1.4084507042253502,False,False,
2026-08-13,6997,A,買い,42.82,0.72,-0.27σ,2～5日下落後の陽線,底固め / アンチ,3165.0,3150.0,3000.0,,,,2.759740259740262,2.2727272727272707,-2.5974025974025983,,,,3275.0,2966.0,6.331168831168821,-3.7012987012987053,False,False,
2026-08-13,1407,A,買い,59.99,0.46,+1.22σ,強気包み足 / 2～5日下落後の陽線,底固め,2614.0,2794.0,2740.0,,,,-6.742775597574024,-0.3210845522654271,-2.247591865858012,,,,2841.0,2588.0,1.3556903317873736,-7.670353193007495,False,False,
2026-08-13,4620,A,買い,53.53,1.25,+1.04σ,強気包み足 / 2～5日下落後の陽線,底固め / アンチ,982.0,962.0,969.0,,,,2.185223725286156,0.10405827263266776,0.8324661810613865,,,,990.0,957.0,3.017689906347565,-0.41623309053069324,False,False,
2026-08-13,4626,A,買い,51.45,0.58,+1.01σ,強気包み足 / 2～5日下落後の陽線,底固め / アンチ,4812.0,4855.0,4790.0,,,,-0.9264978381717137,-0.041177681696524804,-1.379452336833431,,,,4911.0,4776.0,1.1117974058060476,-1.6676961087090825,False,False,
2026-08-13,6622,A,買い,46.21,0.56,-0.14σ,2～5日下落後の陽線,底固め,13910.0,14540.0,14070.0,,,,-0.5007153075822557,4.00572246065809,0.6437768240343367,,,,14790.0,13840.0,5.793991416309008,-1.0014306151645225,False,False,
2026-08-13,6856,A,買い,44.21,1.33,-0.89σ,前日安値割れ反転,BB逆張り,25045.0,25540.0,24765.0,,,,0.5419510236852609,2.5291047771979214,-0.5820955439582498,,,,25880.0,24570.0,3.894018466479321,-1.3649136892814107,False,False,
2026-08-13,6996,A,買い,46.63,0.65,+0.36σ,2～5日下落後の陽線,底固め / アンチ,2978.0,3000.0,2861.0,,,,-1.878088962108726,-1.1532125205930832,-5.733113673805601,,,,3150.0,2860.0,3.789126853377267,-5.766062602965405,False,False,
2026-08-13,6961,A,買い,46.2,0.61,-0.54σ,2～5日下落後の陽線,BB逆張り,11420.0,11870.0,11390.0,,,,1.9642857142857073,5.982142857142847,1.6964285714285765,,,,12460.0,11070.0,11.250000000000004,-1.1607142857142816,False,False,
2026-08-13,6368,A,買い,46.82,0.68,-0.26σ,長い下ヒゲ（ハンマー） / 2～5日下落後の陽線,アンチ,14785.0,14770.0,13980.0,,,,2.1416234887737584,2.0379965457685723,-3.4196891191709877,,,,15170.0,13980.0,4.801381692573403,-3.4196891191709877,False,False,
2026-08-13,2874,A,買い,47.45,0.63,-0.97σ,陰線→陽線 / 長い下ヒゲ（ハンマー） / 2～5日下落後の陽線,BB逆張り / 底固め,2110.0,2104.0,2232.0,,,,1.6377649325626242,1.348747591522148,7.514450867052025,,,,2233.0,2003.0,7.562620423892108,-3.5163776493256305,False,False,
2026-08-13,6526,A,買い,37.42,1.19,-0.84σ,陰線→陽線 / 2～5日下落後の陽線,BB逆張り / アンチ,2118.5,2131.0,2019.0,,,,6.377102686417269,7.0047702736630635,1.3808686919407398,,,,2147.0,2019.0,7.808184785337691,1.3808686919407398,False,False,
2026-08-13,7611,A,買い,59.62,1.58,+0.77σ,陰線→陽線 / 強気包み足 / 前日安値割れ反転,底固め,2914.0,2888.0,2911.0,,,,1.005199306759108,0.10398613518196598,0.9012131715771199,,,,2929.0,2864.0,1.5251299826689824,-0.7279029462738285,False,False,
2026-08-13,9274,A,買い,52.5,0.85,-0.42σ,陰線→陽線 / 2～5日下落後の陽線,BB逆張り,1095.0,1084.0,1122.0,,,,0.9216589861751112,-0.09216589861751334,3.410138248847927,,,,1123.0,1075.0,3.5023041474654404,-0.9216589861751112,False,False,
2026-08-13,2120,除外,買い,78.14,3.69,+2.97σ,強気包み足 / 前日安値割れ反転,底固め / アンチ,243.0,236.0,243.0,,,,9.459459459459453,6.3063063063063085,9.459459459459453,,,,248.0,222.0,11.711711711711704,0.0,False,False,
2026-08-13,7860,A,買い,42.36,1.01,-1.41σ,陰線→陽線 / はらみ足 / 2～5日下落後の陽線,BB逆張り,1242.0,1252.0,1253.0,,,,1.3877551020408108,2.2040816326530654,2.285714285714291,,,,1262.0,1218.0,3.020408163265298,-0.5714285714285672,False,False,
2026-08-13,8818,A,買い,50.57,0.8,+0.01σ,2～5日下落後の陽線,BB逆張り,1105.0,1103.0,1096.0,,,,1.097895699908502,0.9149130832570851,0.2744739249771255,,,,1120.0,1085.0,2.470265324794152,-0.7319304666056681,False,False,
2026-08-13,7979,除外,買い,72.96,1.79,+2.70σ,陰線→陽線 / 強気包み足 / 前日安値割れ反転,底固め / アンチ,2363.0,2333.0,2379.0,,,,-1.9502074688796722,-3.1950207468879666,-1.2863070539419041,,,,2396.0,2323.0,-0.5809128630705374,-3.6099585062240647,False,False,
2026-08-13,8601,A,買い,55.56,0.81,-0.29σ,陰線→陽線 / 長い下ヒゲ（ハンマー） / 前日安値割れ反転 / 2～5日下落後の陽線,底固め,1801.0,1778.5,1771.0,,,,-0.9350935093509372,-2.172717271727176,-2.585258525852585,,,,1825.0,1771.0,0.38503850385038785,-2.585258525852585,False,False,
2026-08-13,2157,A,買い,49.39,1.05,-0.97σ,強気包み足 / 前日安値割れ反転,BB逆張り / 底固め,1037.0,1026.0,1024.0,,,,1.4677103718199636,0.391389432485334,0.1956947162426559,,,,1039.0,1016.0,1.6634050880626194,-0.5870841487279899,False,False,
2026-08-13,1938,A,買い,43.63,0.71,-0.51σ,陰線→陽線 / 長い下ヒゲ（ハンマー） / 2～5日下落後の陽線,BB逆張り / アンチ,2441.0,2510.0,2479.0,,,,0.20525451559934016,3.03776683087027,1.765188834154352,,,,2520.0,2410.0,3.4482758620689724,-1.0673234811165888,False,False,
2026-08-13,6330,除外,買い,68.79,2.09,+2.85σ,陰線→陽線 / 強気包み足 / 前日安値割れ反転,底固め / アンチ,2590.0,2438.0,2488.0,,,,3.600000000000003,-2.4800000000000044,-0.48000000000000265,,,,2701.0,2353.0,8.040000000000003,-5.879999999999996,False,False,
2026-08-13,6378,A,買い,61.0,1.26,+1.84σ,陰線→陽線 / 長い下ヒゲ（ハンマー） / 前日安値割れ反転 / 2～5日下落後の陽線,底固め / アンチ,1288.0,1306.0,1293.0,,,,-0.8468052347959998,0.5388760585065544,-0.46189376443418473,,,,1321.0,1280.0,1.6936104695919996,-1.4626635873749017,False,False,
2026-08-13,6674,A,買い,46.37,0.54,-0.08σ,長い下ヒゲ（ハンマー） / 2～5日下落後の陽線,底固め / アンチ,5653.0,5681.0,5519.0,,,,0.7305773342836774,1.2295081967213184,-1.6571632216678567,,,,5769.0,5519.0,2.7975766215253106,-1.6571632216678567,False,False,
2026-08-13,6707,A,買い,45.55,0.97,-0.28σ,陰線→陽線 / はらみ足 / 長い下ヒゲ（ハンマー） / 2～5日下落後の陽線,底固め / アンチ,8280.0,8423.0,8139.0,,,,-4.904100149305157,-3.2617434248305988,-6.5234868496611975,,,,8487.0,8010.0,-2.5267026530377823,-8.005053405306073,False,False,
2026-08-13,6981,除外,買い,51.89,1.3,+0.90σ,2～5日下落後の陽線,底固め,8235.0,8290.0,7496.0,,,,-0.9144507279509106,-0.2526771748285417,-9.806280832631453,,,,8540.0,7460.0,2.7553844302731223,-10.239441703766094,False,False,
2026-08-13,7059,除外,買い,80.24,10.26,+4.24σ,2～5日下落後の陽線,底固め,923.0,933.0,922.0,,,,-0.5387931034482762,0.5387931034482651,-0.6465517241379337,,,,939.0,901.0,1.18534482758621,-2.909482758620685,False,False,
2026-08-13,6951,除外,買い,65.22,1.48,+2.22σ,2～5日下落後の陽線,底固め,8847.0,7425.0,7354.0,,,,-1.7218395912019568,-17.51832926016441,-18.307042879360147,,,,9255.0,7204.0,2.8104865585425465,-19.97333925794268,False,True,
2026-08-13,6777,A,買い,50.62,1.28,+0.83σ,長い下ヒゲ（ハンマー） / 2～5日下落後の陽線,底固め,19220.0,20520.0,19770.0,,,,-4.61538461538461,1.8362282878412017,-1.8858560794044688,,,,21260.0,19020.0,5.508684863523583,-5.607940446650128,False,False,
2026-08-13,4674,除外,買い,82.38,2.11,+2.15σ,陰線→陽線 / 強気包み足 / 前日安値割れ反転,底固め / アンチ,1955.0,1955.0,1998.0,,,,3.003161222339301,3.003161222339301,5.268703898840887,,,,2021.0,1909.0,6.480505795574287,0.5795574288725014,False,False,
2026-08-13,3245,A,買い,64.92,2.39,+1.92σ,強気包み足 / 前日安値割れ反転,底固め,1151.0,1158.0,1151.0,,,,3.2286995515695027,3.8565022421524597,3.2286995515695027,,,,1178.0,1113.0,5.650224215246635,-0.17937219730941312,False,False,
2026-08-13,5208,除外,買い,64.7,1.52,+2.20σ,2～5日下落後の陽線,底固め / アンチ,2859.0,2843.0,2755.0,,,,-1.4137931034482798,-1.965517241379311,-5.000000000000004,,,,2978.0,2753.0,2.6896551724137963,-5.0689655172413755,False,False,
2026-08-13,5105,A,買い,42.47,1.02,-1.39σ,前日安値割れ反転,BB逆張り,3800.0,3804.0,3783.0,,,,0.1581444385872377,0.26357406431207764,-0.2899314707432765,,,,3838.0,3726.0,1.159725882973106,-1.7923036373220902,False,False,
2026-08-13,5232,A,買い,51.79,0.57,+0.40σ,陰線→陽線 / 長い下ヒゲ（ハンマー） / 前日安値割れ反転 / 2～5日下落後の陽線,底固め / アンチ,5912.0,5845.0,5860.0,,,,3.555789104922047,2.382203538272898,2.6449465755824075,,,,6004.0,5670.0,5.167279733753727,-0.6831318970047295,False,False,
2026-08-13,3482,A,買い,43.17,1.01,-1.31σ,2～5日下落後の陽線,BB逆張り,2608.0,2643.0,2601.0,,,,-0.03832886163280813,1.3031812955155209,-0.30663089306247615,,,,2658.0,2599.0,1.8781142200076761,-0.3832886163280924,False,False,
2026-08-13,1833,A,買い,47.69,1.27,-0.59σ,陰線→陽線 / 2～5日下落後の陽線,BB逆張り,5730.0,5730.0,5720.0,,,,0.7029876977152849,0.7029876977152849,0.5272407732864748,,,,5820.0,5650.0,2.284710017574687,-0.7029876977152849,False,False,
2026-08-13,1419,A,買い,45.32,0.49,-0.79σ,陰線→陽線 / 強気包み足 / 長い下ヒゲ（ハンマー）,底固め,2985.0,2974.0,2970.0,,,,1.7729287419024908,1.3978861234231088,1.2615069894306163,,,,2999.0,2930.0,2.2502557108762256,-0.1022843504943749,False,False,
2026-08-13,3632,除外,買い,70.93,1.28,+2.55σ,強気包み足 / 前日安値割れ反転,底固め,429.0,429.0,426.0,,,,0.7042253521126751,0.7042253521126751,0.0,,,,430.0,421.0,0.9389671361502261,-1.1737089201877882,False,False,
2026-08-13,9021,A,買い,45.65,1.0,-1.12σ,陰線→陽線 / 長い下ヒゲ（ハンマー） / 前日安値割れ反転 / 2～5日下落後の陽線,BB逆張り,2920.0,2888.0,2884.0,,,,1.759888482313987,0.6447116222338289,0.5053145147238203,,,,2930.0,2851.0,2.108381251089031,-0.64471162223384,False,False,
2026-08-13,1514,除外,買い,67.96,1.36,+2.44σ,陰線→陽線 / 強気包み足,底固め,646.0,645.0,667.0,,,,0.9374999999999911,0.78125,4.218750000000004,,,,670.0,632.0,4.6875,-1.2499999999999956,False,False,
2026-08-13,9166,除外,買い,71.84,1.45,+2.48σ,強気包み足,底固め,740.0,755.0,734.0,,,,4.667609618104662,6.789250353606779,3.8189533239038287,,,,773.0,691.0,9.335219236209324,-2.2630834512022635,False,False,
2026-08-13,1447,A,買い,54.13,0.15,+0.05σ,長い下ヒゲ（ハンマー）,底固め,379.0,404.0,387.0,,,,2.7100271002709952,9.485094850948506,4.878048780487809,,,,417.0,362.0,13.008130081300816,-1.8970189701897011,False,False,
2026-08-13,9552,除外,買い,65.95,1.24,+1.68σ,強気包み足 / 前日安値割れ反転,底固め,997.0,987.0,975.0,,,,-1.4822134387351804,-2.4703557312252933,-3.65612648221344,,,,1004.0,897.0,-0.7905138339920903,-11.363636363636365,False,True,
2026-08-13,6742,除外,買い,65.29,1.43,+2.35σ,陰線→陽線 / 強気包み足,底固め,1056.0,1078.0,1060.0,,,,-1.2160898035547207,0.8419083255378768,-0.8419083255378879,,,,1100.0,1029.0,2.8999064546304965,-3.7418147801683843,False,False,
2026-08-13,6480,A,買い,49.85,0.95,+0.49σ,陰線→陽線 / 2～5日下落後の陽線,アンチ,1869.0,1898.0,1838.0,,,,-1.1111111111111072,0.4232804232804144,-2.751322751322749,,,,1970.0,1830.0,4.232804232804233,-3.1746031746031744,False,False,
2026-08-13,6479,A,買い,44.82,0.66,-0.15σ,なし,底固め / アンチ,3770.0,3731.0,3614.0,,,,-0.8155748487240211,-1.8416206261510082,-4.919757958431992,,,,3871.0,3603.0,1.8416206261510082,-5.2091554853985755,False,False,
2026-08-13,6418,除外,買い,78.66,3.02,+2.35σ,陰線→陽線 / 強気包み足,底固め,1277.0,1304.0,1281.0,,,,1.1084718923198844,3.246239113222482,1.4251781472684133,,,,1326.0,1256.0,4.988123515439424,-0.5542359461599422,False,False,
2026-08-13,5246,除外,買い,74.55,0.82,+2.08σ,陰線→陽線 / 強気包み足 / 前日安値割れ反転,底固め,860.0,848.0,868.0,,,,2.3809523809523725,0.952380952380949,3.3333333333333437,,,,893.0,819.0,6.309523809523809,-2.500000000000002,False,False,
2026-08-13,4996,A,買い,65.38,0.71,+1.94σ,陰線→陽線 / 強気包み足 / はらみ足 / 長い下ヒゲ（ハンマー）,底固め,760.0,764.0,774.0,,,,-0.13140604467805073,0.3942181340341744,1.708278580814726,,,,781.0,755.0,2.6281208935611033,-0.7884362680683266,False,False,
2026-08-13,9227,A,買い,56.34,0.58,+1.31σ,強気包み足 / 前日安値割れ反転,底固め,927.0,962.0,960.0,,,,1.422319474835887,5.251641137855589,5.032822757111588,,,,1015.0,891.0,11.050328227571127,-2.516411378555794,False,False,
2026-08-13,5706,A,買い,42.86,1.41,-0.59σ,なし,底固め / アンチ,29375.0,31590.0,30060.0,,,,-0.4237288135593209,7.084745762711875,1.898305084745755,,,,33120.0,28985.0,12.271186440677972,-1.745762711864407,False,False,
2026-08-13,4588,除外,買い,74.41,4.25,+3.20σ,陰線→陽線 / 強気包み足,底固め / アンチ,3250.0,3490.0,3560.0,,,,-3.5608308605341255,3.5608308605341144,5.637982195845703,,,,3770.0,3190.0,11.869436201780426,-5.341246290801182,False,False,
2026-08-13,4480,A,買い,58.77,1.43,+1.73σ,強気包み足,底固め,2677.0,2810.0,2844.0,,,,22.967386311437753,29.076711070280204,30.638493339457963,,,,3040.0,2551.0,39.64170877354156,17.17960496095545,True,False,
2026-08-13,6920,A,買い,47.42,0.76,-0.26σ,陰線→陽線 / 2～5日下落後の陽線,アンチ,38820.0,39260.0,37020.0,,,,-4.124475179056553,-3.0377871079278806,-8.570017288219312,,,,41680.0,36710.0,2.9389972832798206,-9.335638429241788,False,False,
2026-08-13,3284,A,買い,66.51,1.73,+1.99σ,強気包み足,底固め,1296.0,1296.0,1303.0,,,,1.3291634089132032,1.3291634089132032,1.8764659890539548,,,,1305.0,1271.0,2.032838154808436,-0.6254886630179812,False,False,
2026-08-13,6995,A,買い,47.71,0.81,-0.74σ,陰線→陽線 / 前日安値割れ反転 / 2～5日下落後の陽線,BB逆張り,3085.0,3070.0,3100.0,,,,0.9819967266775809,0.49099836333879043,1.4729950900163713,,,,3115.0,3030.0,1.9639934533551617,-0.8183306055646433,False,False,
2026-08-13,7003,A,買い,44.65,0.56,-0.95σ,なし,底固め,4345.0,4379.0,4396.0,,,,1.4949778089231591,2.289184769913577,2.686288250408775,,,,4575.0,4230.0,6.867554309740709,-1.191310441485638,False,False,
2026-08-13,7600,A,買い,50.47,0.54,-0.36σ,強気包み足 / 2～5日下落後の陽線,アンチ,894.0,875.0,848.0,,,,-0.33444816053511683,-2.4526198439241864,-5.462653288740249,,,,906.0,842.0,1.0033444816053505,-6.131549609810483,False,False,
2026-08-13,1979,A,買い,34.7,0.86,-1.36σ,なし,アンチ,4080.0,4140.0,4070.0,,,,0.36900369003689537,1.845018450184499,0.12300123001229846,,,,4200.0,4025.0,3.3210332103321027,-0.9840098400983988,False,False,
2026-08-13,7972,B,買い,42.45,0.93,-1.29σ,強気包み足,BB逆張り,2672.0,2620.0,2564.0,,,,0.37565740045077956,-1.577761081893314,-3.681442524417733,,,,2698.0,2564.0,1.3523666416228375,-3.681442524417733,False,False,
2026-08-13,7803,B,買い,60.37,1.49,-0.01σ,陰線→陽線 / 長い下ヒゲ（ハンマー） / 前日安値割れ反転,底固め / アンチ,394.0,418.0,410.0,,,,1.8087855297157729,8.010335917312661,5.943152454780365,,,,431.0,372.0,11.36950904392764,-3.875968992248058,False,False,
2026-08-13,7004,B,買い,50.07,0.93,+0.95σ,陰線→陽線 / はらみ足 / 2～5日下落後の陽線,底固め / アンチ,1246.0,1245.0,1264.0,,,,1.0543390105433925,0.9732360097323589,2.514193025141931,,,,1270.0,1226.0,3.0008110300081103,-0.5677210056772131,False,False,
2026-08-13,7717,B,買い,45.07,0.64,-0.25σ,2～5日下落後の陽線,底固め / アンチ,5810.0,6080.0,5900.0,,,,0.0,4.647160068846823,1.5490533562822817,,,,6250.0,5710.0,7.5731497418244365,-1.721170395869187,False,False,
2026-08-13,6994,B,買い,53.63,0.72,+1.17σ,2～5日下落後の陽線,底固め / アンチ,1189.0,1273.0,1229.0,,,,2.765773552290396,10.025929127052713,6.222990492653424,,,,1334.0,1155.0,15.298184961106308,-0.17286084701815252,False,False,
2026-08-13,6999,B,買い,52.14,0.38,+0.74σ,2～5日下落後の陽線,底固め / アンチ,2530.0,2574.0,2445.0,,,,-0.7453903491565272,0.9807767752059604,-4.080031384856808,,,,2645.0,2445.0,3.7661828167909084,-4.080031384856808,False,False,
2026-08-13,6971,B,買い,59.14,0.72,+1.82σ,陰線→陽線 / 2～5日下落後の陽線,底固め / アンチ,3908.0,3872.0,3799.0,,,,0.07682458386684132,-0.8450704225352101,-2.714468629961586,,,,3981.0,3757.0,1.9462227912932173,-3.790012804097309,False,False,
2026-08-13,6962,B,買い,50.82,1.06,+1.20σ,2～5日下落後の陽線,底固め / アンチ,813.0,815.0,811.0,,,,1.245330012453305,1.4943960149439661,0.9962640099626441,,,,843.0,805.0,4.981320049813198,0.24906600249066102,False,False,
2026-08-13,6905,B,買い,55.5,0.78,+1.64σ,陰線→陽線 / 2～5日下落後の陽線,底固め / アンチ,1397.0,1395.0,1375.0,,,,1.6000000000000014,1.454545454545464,0.0,,,,1406.0,1363.0,2.2545454545454646,-0.8727272727272695,False,False,
2026-08-13,6800,B,買い,47.04,0.57,+0.17σ,2～5日下落後の陽線,底固め / アンチ,4205.0,4445.0,4225.0,,,,-2.662037037037035,2.893518518518512,-2.19907407407407,,,,4555.0,4140.0,5.439814814814814,-4.1666666666666625,False,False,
2026-08-13,4587,除外,買い,63.54,2.54,+2.80σ,陰線→陽線 / 強気包み足 / 前日安値割れ反転,底固め,1031.5,1002.5,1025.5,,,,-1.3862332695984692,-4.158699808795408,-1.9598470363288767,,,,1073.0,983.7999877929688,2.581261950286806,-5.9464638821253635,False,False,
2026-08-13,2531,B,買い,44.52,0.7,-0.97σ,陰線→陽線 / 強気包み足 / 前日安値割れ反転,BB逆張り,2069.5,2091.5,2106.5,,,,0.9512195121951228,2.024390243902441,2.756097560975612,,,,2133.5,2024.5,4.073170731707321,-1.2439024390243913,False,False,
2026-08-13,1945,B,買い,51.58,0.46,+1.22σ,2～5日下落後の陽線,底固め / アンチ,2026.0,2087.0,2077.0,,,,-1.8886198547215516,1.0653753026634405,0.5811138014527817,,,,2138.0,2012.0,3.5351089588377738,-2.5665859564164673,False,False,
2026-08-13,1926,B,買い,38.76,0.79,-1.07σ,陰線→陽線 / はらみ足,BB逆張り / BB＋RSI＋ストキャス,3750.0,3795.0,3775.0,,,,0.1335113484646211,1.3351134846461887,0.8010680907877266,,,,3820.0,3735.0,2.002670226969294,-0.2670226969292422,False,False,
2026-08-13,1946,B,買い,51.44,0.91,+0.91σ,2～5日下落後の陽線,底固め,2102.0,2167.0,2129.0,,,,-0.8022652194431323,2.2652194431335593,0.47192071731949614,,,,2170.0,2099.0,2.406795658329397,-0.9438414346389812,False,False,
2026-08-13,1377,B,買い,55.45,0.65,+0.29σ,陰線→陽線 / 強気包み足 / 長い下ヒゲ（ハンマー） / 前日安値割れ反転,底固め,4365.0,4380.0,4460.0,,,,-0.7954545454545436,-0.4545454545454519,1.3636363636363669,,,,4470.0,4360.0,1.5909090909090873,-0.9090909090909038,False,False,
2026-08-13,9880,B,買い,53.39,1.0,+1.08σ,2～5日下落後の陽線,底固め / アンチ,3730.0,3865.0,3755.0,,,,2.0519835841313228,5.745554035567713,2.735978112175097,,,,3890.0,3645.0,6.429548563611487,-0.2735978112175075,False,False,
2026-08-13,3993,B,買い,56.91,1.9,+1.16σ,強気包み足 / 長い下ヒゲ（ハンマー）,底固め,3170.0,3020.0,2924.0,,,,7.421213148085393,2.3381904439173207,-0.9149440867502578,,,,3185.0,2681.0,7.929515418502198,-9.149440867502545,False,True,
2026-08-13,9008,B,買い,45.72,0.6,-1.00σ,長い下ヒゲ（ハンマー） / 前日安値割れ反転,BB逆張り,759.5,758.0999755859375,763.4000244140625,,,,-0.1183587585481316,-0.3024755936431478,0.3945324058472588,,,,768.5999755859375,751.5999755859375,1.078376589418406,-1.1572888498241007,False,False,
2026-08-13,3687,B,買い,53.57,1.1,+1.21σ,2～5日下落後の陽線,底固め,2285.0,2322.0,2226.0,,,,0.17536168347216385,1.7974572555896629,-2.411223147742214,,,,2360.0,2225.0,3.463393248575186,-2.4550635686102606,False,False,
2026-08-13,8616,除外,買い,68.86,1.03,+2.26σ,陰線→陽線 / 2～5日下落後の陽線,底固め / アンチ,837.0,833.0,834.0,,,,-0.3571428571428559,-0.8333333333333304,-0.7142857142857117,,,,843.0,832.0,0.3571428571428559,-0.952380952380949,False,False,
2026-08-13,8697,B,買い,57.44,0.6,+1.13σ,陰線→陽線 / 2～5日下落後の陽線,底固め,2244.0,2221.5,2191.5,,,,-1.9659239842726106,-2.9488859764089104,-4.259501965923985,,,,2300.0,2183.5,0.4805591961555278,-4.608999563128002,False,True,
2026-08-13,4028,B,買い,57.63,0.61,+1.30σ,長い下ヒゲ（ハンマー） / 2～5日下落後の陽線,アンチ,3110.0,3115.0,3055.0,,,,0.16103059581320522,0.32206119162641045,-1.6103059581320411,,,,3175.0,3045.0,2.254428341384873,-1.9323671497584516,False,False,
2026-08-13,3395,B,買い,39.46,1.05,-1.09σ,強気包み足,BB逆張り,2451.0,2433.0,2445.0,,,,1.6590626296142608,0.9124844462878423,1.410203235172136,,,,2465.0,2417.0,2.2397345499792554,0.2488593944421469,False,False,
2026-08-13,7995,B,買い,53.04,0.66,+0.91σ,陰線→陽線 / 2～5日下落後の陽線,底固め / アンチ,6900.0,6970.0,6700.0,,,,-1.2875536480686733,-0.28612303290415086,-4.14878397711016,,,,7090.0,6700.0,1.4306151645207432,-4.14878397711016,False,False,
2026-08-13,3436,B,買い,51.38,0.76,+0.35σ,2～5日下落後の陽線,底固め,3920.0,4061.0,3788.0,,,,1.9240769630785248,5.590223608944367,-1.5080603224128963,,,,4245.0,3782.0,10.374414976599056,-1.6640665626625029,False,False,
2026-08-13,8167,B,買い,61.34,2.56,+1.68σ,陰線→陽線 / 強気包み足 / 前日安値割れ反転,アンチ,1448.0,1439.0,1467.0,,,,2.0436927413671535,1.4094432699083947,3.3826638477801207,,,,1475.0,1409.0,3.946441155743474,-0.7047216349541974,False,False,
2026-08-13,8253,除外,買い,63.17,1.88,+2.41σ,長い下ヒゲ（ハンマー） / 前日安値割れ反転,底固め,4735.0,4705.0,4643.0,,,,-2.2502064409578915,-2.869529314616015,-4.1494632535095,,,,4886.0,4565.0,0.8670520231213841,-5.759702725020643,False,True,
2026-08-13,8366,B,買い,56.89,0.72,+0.87σ,2～5日下落後の陽線,底固め,2775.0,2765.0,2763.0,,,,3.121516164994431,2.749907097733195,2.6755852842809347,,,,2839.0,2693.0,5.499814195466368,0.07432181345223832,False,False,
2026-08-13,8368,除外,買い,63.29,1.16,+2.23σ,2～5日下落後の陽線,底固め,2308.0,2305.0,2341.0,,,,1.316944688323085,1.1852502194907855,2.765583845478492,,,,2382.0,2268.0,4.565408252853387,-0.4389815627743654,False,False,
2026-08-13,3778,除外,買い,67.27,1.09,+2.02σ,2～5日下落後の陽線,底固め,3870.0,3800.0,4300.0,,,,5.020352781546822,3.1207598371777445,16.689280868385346,,,,4350.0,3635.0,18.0461329715061,-1.3568521031207648,False,False,
2026-08-13,3864,B,買い,55.78,0.36,+0.28σ,陰線→陽線 / 長い下ヒゲ（ハンマー） / 2～5日下落後の陽線,アンチ,1152.0,1151.0,1151.0,,,,0.08688097306690512,0.0,0.0,,,,1180.0,1130.0,2.5195482189400487,-1.8245004344048632,False,False,
2026-08-13,6440,除外,買い,65.43,0.56,+1.40σ,陰線→陽線 / 長い下ヒゲ（ハンマー） / 2～5日下落後の陽線,アンチ,643.0,648.0,635.0,,,,-1.6819571865443472,-0.917431192660545,-2.905198776758411,,,,659.0,630.0,0.7645259938837912,-3.669724770642202,False,False,
2026-08-13,6433,B,買い,47.77,0.51,+0.07σ,強気包み足 / 2～5日下落後の陽線,底固め,1014.0,1030.0,1039.0,,,,4.860392967942095,6.514994829369192,7.445708376421933,,,,1062.0,963.0,9.824198552223361,-0.4136504653567741,False,False,
2026-08-13,1961,B,買い,47.87,0.88,+0.20σ,2～5日下落後の陽線,底固め,2441.0,2527.0,2479.0,,,,0.784475639966975,4.335260115606943,2.353426919900903,,,,2585.0,2412.0,6.72997522708505,-0.41288191577208977,False,False,
2026-08-13,5202,B,買い,56.69,0.8,+0.64σ,陰線→陽線 / はらみ足 / 2～5日下落後の陽線,BB逆張り,483.0,484.0,484.0,,,,0.0,0.20703933747412417,0.20703933747412417,,,,484.0,482.0,0.20703933747412417,-0.20703933747412417,False,False,
2026-08-13,6383,B,買い,49.65,1.04,+0.54σ,2～5日下落後の陽線,底固め,6303.0,6347.0,6164.0,,,,-0.3005378044922513,0.3954444795950751,-2.499209111040812,,,,6406.0,6123.0,1.3286934514394222,-3.147738057576721,False,False,
2026-08-13,6387,B,買い,47.88,0.93,+0.29σ,2～5日下落後の陽線,底固め,9900.0,10650.0,9970.0,,,,0.8146639511201537,8.452138492871697,1.527494908350313,,,,10950.0,9760.0,11.507128309572302,-0.6109979633401208,False,False,
2026-08-13,6331,B,買い,45.65,0.59,+0.03σ,陰線→陽線 / 2～5日下落後の陽線,底固め / アンチ,3285.0,3335.0,3330.0,,,,1.0769230769230864,2.6153846153846194,2.4615384615384706,,,,3405.0,3275.0,4.76923076923077,0.7692307692307665,False,False,
2026-08-13,6356,B,買い,51.91,0.75,+0.58σ,2～5日下落後の陽線,底固め,1396.0,1408.0,1375.0,,,,-1.2729844413012725,-0.4243281471004279,-2.758132956152759,,,,1429.0,1375.0,1.0608203677510586,-2.758132956152759,False,False,
2026-08-13,5802,B,買い,48.91,1.04,+0.41σ,2～5日下落後の陽線,底固め,2386.0,2473.0,2419.5,,,,2.2060398372242496,5.932747911758396,3.641036624544869,,,,2584.0,2346.0,10.68751338616407,0.49261083743843415,False,False,
2026-08-13,9449,B,買い,66.77,0.93,+1.05σ,陰線→陽線 / 強気包み足 / 前日安値割れ反転,底固め,4343.0,3930.0,3955.0,,,,2.719962157048239,-7.048249763481551,-6.456953642384111,,,,4390.0,3831.0,3.8315988647114496,-9.389782403027436,False,True,
2026-08-13,1786,B,買い,45.61,1.49,-1.31σ,強気包み足 / 前日安値割れ反転,BB逆張り,353.0,357.0,355.0,,,,0.5698005698005604,1.7094017094017033,1.139601139601143,,,,361.0,346.0,2.8490028490028463,-1.4245014245014231,False,False,
2026-08-13,6337,除外,買い,70.19,0.89,+1.53σ,2～5日下落後の陽線,底固め / アンチ,3440.0,3390.0,3390.0,,,,-2.5495750708215303,-3.966005665722383,-3.966005665722383,,,,3570.0,3320.0,1.1331444759206777,-5.9490084985835745,False,False,
2026-08-13,5930,B,買い,41.71,1.34,-1.04σ,長い下ヒゲ（ハンマー）,BB逆張り,1847.0,1825.0,1816.0,,,,0.6539509536784838,-0.544959128065392,-1.0354223433242549,,,,1855.0,1814.0,1.089918256130784,-1.1444141689373244,False,False,
2026-08-13,6146,除外,買い,51.17,0.78,+0.58σ,2～5日下落後の陽線,底固め / アンチ,65470.0,65910.0,62350.0,,,,-0.5468631323104933,0.12152514051344543,-5.286343612334798,,,,68120.0,61770.0,3.478657147197328,-6.167400881057272,False,False,
2026-08-13,6264,B,買い,50.51,0.5,+1.01σ,2～5日下落後の陽線,底固め / アンチ,2147.0,2232.0,2200.0,,,,0.6563525550867366,4.641350210970474,3.141115799343641,,,,2278.0,2123.0,6.797937177684021,-0.46882325363337696,False,False,
2026-08-13,5367,B,買い,54.27,0.67,+1.19σ,2～5日下落後の陽線,底固め / アンチ,1285.0,1330.0,1261.0,,,,-1.1538461538461497,2.3076923076922995,-3.0000000000000027,,,,1376.0,1259.0,5.8461538461538565,-3.1538461538461515,False,False,
2026-08-13,2288,B,買い,42.45,1.07,-0.93σ,陰線→陽線,BB逆張り,2227.0,2223.0,2230.0,,,,1.9688644688644619,1.7857142857142794,2.1062271062270987,,,,2238.0,2175.0,2.4725274725274637,-0.4120879120879106,False,False,
2026-08-13,2471,除外,買い,75.04,1.15,+2.93σ,強気包み足 / 前日安値割れ反転,底固め,298.0,297.0,293.0,,,,0.6756756756756799,0.33783783783782884,-1.0135135135135087,,,,301.0,289.0,1.6891891891891886,-2.3648648648648685,False,False,
2026-08-13,5121,B,買い,62.76,1.27,+1.33σ,陰線→陽線 / 長い下ヒゲ（ハンマー） / 2～5日下落後の陽線,アンチ,2764.0,2801.0,2773.0,,,,1.023391812865504,2.3757309941520477,1.3523391812865437,,,,2830.0,2716.0,3.435672514619892,-0.7309941520467822,False,False,
2026-08-13,6369,B,買い,53.45,1.03,+0.83σ,陰線→陽線 / 2～5日下落後の陽線,BB逆張り,2502.0,2508.0,2496.0,,,,1.3365735115431265,1.5795868772782606,1.0935601458080146,,,,2526.0,2458.0,2.3086269744835963,-0.44552450384771625,False,False,
2026-08-13,6779,除外,買い,54.77,1.27,+1.56σ,陰線→陽線 / 2～5日下落後の陽線,底固め / アンチ,3100.0,3185.0,3065.0,,,,-2.0537124802527673,0.6319115323854652,-3.159557661927326,,,,3400.0,3020.0,7.424960505529232,-4.581358609794628,False,False,
2026-08-13,6794,B,買い,55.39,1.78,+1.20σ,陰線→陽線 / 2～5日下落後の陽線,アンチ,3075.0,3125.0,3090.0,,,,3.535353535353525,5.218855218855212,4.040404040404044,,,,3185.0,2920.0,7.239057239057245,-1.683501683501687,False,False,
2026-08-13,6762,B,買い,53.37,0.75,+1.65σ,2～5日下落後の陽線,底固め / アンチ,3210.0,3244.0,3139.0,,,,-0.7727975270479082,0.2782071097372496,-2.9675425038639847,,,,3300.0,3119.0,2.0092735703245657,-3.5857805255023134,False,False,
2026-08-13,6859,B,買い,56.0,0.47,+0.97σ,2～5日下落後の陽線,底固め,4240.0,4285.0,4150.0,,,,0.4739336492890933,1.540284360189581,-1.6587677725118488,,,,4285.0,4140.0,1.540284360189581,-1.8957345971563955,False,False,
2026-08-13,7719,B,買い,51.2,0.26,+0.07σ,陰線→陽線 / 2～5日下落後の陽線,底固め / アンチ,439.0,455.0,452.0,,,,-1.1261261261261257,2.4774774774774855,1.8018018018018056,,,,467.0,438.0,5.180180180180183,-1.3513513513513487,False,False,
2026-08-13,7779,B,買い,58.5,1.3,+2.15σ,はらみ足 / 長い下ヒゲ（ハンマー）,底固め / アンチ,256.0,242.0,241.0,,,,5.785123966942152,0.0,-0.4132231404958664,,,,259.0,239.0,7.024793388429762,-1.2396694214875992,False,False,
2026-08-13,7966,B,買い,45.26,0.36,-0.83σ,なし,アンチ,6140.0,6200.0,6050.0,,,,0.16313213703098572,1.1419249592169667,-1.3050570962479635,,,,6250.0,6030.0,1.9575856443719397,-1.631321370309946,False,False,
2026-08-13,4182,B,買い,43.16,1.4,-0.77σ,なし,アンチ,4019.0,4226.0,3993.0,,,,-1.6156670746634072,3.4516523867809124,-2.252141982864142,,,,4226.0,3973.0,3.4516523867809124,-2.741738066095467,False,False,
2026-08-13,8628,B,買い,64.02,0.61,+0.93σ,陰線→陽線 / 強気包み足 / はらみ足,底固め / アンチ,1105.0,1096.0,1106.0,,,,-0.27075812274368616,-1.0830324909747335,-0.18050541516245744,,,,1120.0,1088.0,1.0830324909747224,-1.8050541516245522,False,False,
2026-08-13,9793,B,買い,54.44,0.76,+1.60σ,強気包み足,底固め,3855.0,3850.0,3810.0,,,,-0.3875968992248069,-0.5167958656330796,-1.5503875968992276,,,,3900.0,3810.0,0.7751937984496138,-1.5503875968992276,False,False,
2026-08-13,3399,B,買い,60.56,0.7,+1.06σ,強気包み足,底固め / アンチ,3780.0,3800.0,3745.0,,,,0.8000000000000007,1.333333333333342,-0.13333333333332975,,,,3860.0,3685.0,2.9333333333333433,-1.7333333333333312,False,False,
2026-08-13,8103,除外,買い,68.45,0.77,+2.33σ,強気包み足 / はらみ足,底固め / アンチ,971.0,966.0,959.0,,,,1.1458333333333348,0.6250000000000089,-0.10416666666667185,,,,982.0,948.0,2.2916666666666696,-1.2499999999999956,False,False,
2026-08-13,2607,除外,買い,71.32,1.65,+2.40σ,陰線→陽線 / 強気包み足,アンチ,4546.0,4484.0,4484.0,,,,0.33105274773781446,-1.037298609578463,-1.037298609578463,,,,4655.0,4425.0,2.736702714632533,-2.3394394173471666,False,False,
2026-08-13,9551,B,買い,48.81,0.66,+0.27σ,陰線→陽線 / 長い下ヒゲ（ハンマー） / 2～5日下落後の陽線,底固め,3220.0,3240.0,3165.0,,,,0.6250000000000089,1.2499999999999956,-1.0937500000000044,,,,3265.0,3165.0,2.0312499999999956,-1.0937500000000044,False,False,
2026-08-13,5889,除外,買い,66.69,0.92,+2.35σ,強気包み足,底固め,2608.0,2536.0,2502.0,,,,-0.6097560975609762,-3.353658536585369,-4.64939024390244,,,,2627.0,2478.0,0.11432926829268997,-5.564024390243905,False,False,
2026-08-13,9304,B,買い,61.57,0.73,+0.71σ,強気包み足,底固め / アンチ,1977.0,1970.0,2023.0,,,,1.1253196930946396,0.7672634271099765,3.4782608695652195,,,,2037.0,1941.0,4.1943734015345235,-0.716112531969304,False,False,
2026-08-13,9743,除外,買い,64.82,0.46,+2.22σ,強気包み足,底固め,1462.0,1479.0,1478.0,,,,0.0,1.1627906976744207,1.0943912448700521,,,,1490.0,1446.0,1.9151846785225635,-1.094391244870041,False,False,
2026-08-13,6055,B,買い,46.31,0.75,-0.31σ,なし,アンチ,2242.0,2290.0,2200.0,,,,0.6735518634934934,2.82891782667265,-1.212393354288277,,,,2320.0,2198.0,4.176021553659637,-1.3022002694207502,False,False,
2026-08-13,6071,B,買い,63.13,0.96,+1.44σ,強気包み足,底固め,841.0,940.0,963.0,,,,-1.8669778296382722,9.684947491248552,12.368728121353566,,,,976.0,827.0,13.885647607934647,-3.5005834305717576,True,False,
2026-08-13,6425,除外,買い,74.76,1.24,+2.45σ,強気包み足,底固め / アンチ,752.0,750.0,728.0,,,,-4.081632653061229,-4.336734693877553,-7.14285714285714,,,,786.0,726.0,0.25510204081633514,-7.397959183673475,False,False,
2026-08-13,5288,B,買い,50.29,2.37,-0.16σ,陰線→陽線 / 2～5日下落後の陽線,底固め,1542.0,1565.0,1578.0,,,,2.119205298013238,3.6423841059602724,4.503311258278142,,,,1607.0,1506.0,6.423841059602653,-0.26490066225165476,False,False,
2026-08-13,5243,除外,買い,66.94,0.84,+2.28σ,強気包み足,底固め,2560.0,2573.0,2570.0,,,,1.1058451816745585,1.619273301737767,1.500789889415488,,,,2641.0,2488.0,4.304897314375977,-1.7377567140600347,False,False,
2026-08-13,6507,B,買い,45.16,0.86,-0.55σ,なし,アンチ,13490.0,13680.0,12990.0,,,,2.977099236641223,4.427480916030535,-0.8396946564885543,,,,13860.0,12900.0,5.801526717557248,-1.526717557251911,False,False,
2026-08-13,6376,B,買い,50.87,0.89,-0.06σ,なし,アンチ,4385.0,3720.0,3660.0,,,,13.161290322580644,-4.0000000000000036,-5.548387096774199,,,,4530.0,3620.0,16.903225806451605,-6.580645161290322,True,False,
2026-08-13,5201,B,買い,42.47,0.66,-0.45σ,なし,底固め,5961.0,5996.0,5934.0,,,,-0.11729222520107108,0.4691689008042843,-0.5697050938337833,,,,6061.0,5934.0,1.5583109919571125,-0.5697050938337833,False,False,
2026-08-13,6834,除外,買い,57.36,2.57,+1.87σ,2～5日下落後の陽線,底固め,24600.0,27600.0,25920.0,,,,-0.7263922518159771,11.380145278450371,4.600484261501214,,,,28250.0,23810.0,14.003228410008074,-3.9144471347861143,False,False,
2026-08-13,6666,B,買い,50.53,1.48,+0.80σ,2～5日下落後の陽線,底固め,811.0,847.0,816.0,,,,-1.4580801944106936,2.916160388821387,-0.8505467800729027,,,,869.0,806.0,5.5893074119076624,-2.0656136087484844,False,False,
2026-08-13,3201,B,買い,71.83,0.58,+1.81σ,強気包み足 / はらみ足,底固め,1996.0,1973.0,1959.0,,,,-0.20000000000000018,-1.3499999999999956,-2.0499999999999963,,,,2003.0,1959.0,0.15000000000000568,-2.0499999999999963,False,False,
2026-08-13,2334,B,買い,57.1,1.04,+1.47σ,強気包み足,底固め,543.0,552.0,547.0,,,,-1.8083182640144635,-0.1808318264014508,-1.0849909584086825,,,,572.0,509.0,3.435804701627476,-7.956600361663657,False,False,
2026-08-13,7777,B,買い,55.83,0.97,+1.42σ,強気包み足,底固め / アンチ,371.0,386.0,378.0,,,,1.9230769230769162,6.043956043956045,3.8461538461538547,,,,389.0,363.0,6.868131868131866,-0.27472527472527375,False,False,
2026-08-13,7198,除外,買い,66.38,2.02,+2.47σ,強気包み足 / 長い下ヒゲ（ハンマー）,底固め,845.0,842.0,849.0,,,,0.11848341232227888,-0.23696682464454666,0.5924170616113722,,,,852.0,837.0,0.9478672985782088,-0.8293838862559189,False,False,
2026-08-13,7014,B,買い,60.41,0.72,+1.15σ,強気包み足,底固め,4455.0,4510.0,4620.0,,,,0.7918552036199067,2.036199095022617,4.52488687782806,,,,4670.0,4390.0,5.65610859728507,-0.6787330316742057,False,False,
2026-08-13,7746,B,買い,42.36,0.63,-0.85σ,陰線→陽線 / 2～5日下落後の陽線,BB逆張り / 底固め,743.0,768.0,745.0,,,,2.4827586206896513,5.931034482758624,2.758620689655178,,,,787.0,725.0,8.55172413793104,0.0,False,False,
2026-08-13,7794,B,買い,45.63,1.23,+0.29σ,陰線→陽線 / 強気包み足,底固め / アンチ,946.0,970.0,965.0,,,,3.1624863685932425,5.77971646673936,5.234460196292257,,,,981.0,907.0,6.979280261723009,-1.0905125408942173,False,False,
2026-08-13,2158,B,買い,56.16,0.8,+0.96σ,強気包み足,底固め,649.0,644.0,649.0,,,,-0.15384615384614886,-0.9230769230769265,-0.15384615384614886,,,,665.0,610.0,2.3076923076922995,-6.153846153846154,False,True,
2026-08-13,1975,B,買い,43.45,0.73,-0.62σ,なし,アンチ,3835.0,3940.0,3930.0,,,,0.6561679790026309,3.4120734908136496,3.149606299212593,,,,4130.0,3810.0,8.398950131233596,0.0,False,False,
2026-08-13,4392,B,買い,42.09,2.34,-0.55σ,なし,アンチ,1050.0,1230.0,1325.0,,,,16.666666666666675,36.66666666666667,47.22222222222223,,,,1377.0,896.0,53.0,-0.4444444444444473,True,False,
2026-08-13,9508,B,買い,63.97,0.89,+1.98σ,陰線→陽線,底固め,1872.5,1855.0,1912.0,,,,0.7532956685499137,-0.18832391713747842,2.878665590530005,,,,1912.0,1838.0,2.878665590530005,-1.103040086090934,False,False,
2026-08-13,8739,B,買い,70.44,1.1,+1.56σ,陰線→陽線 / 2～5日下落後の陽線,アンチ,2524.0,2515.0,2515.0,,,,0.7987220447284393,0.43929712460064607,0.43929712460064607,,,,2541.0,2469.0,1.4776357827475994,-1.3977635782747577,False,False,
2026-08-13,8338,除外,買い,62.42,1.64,+2.31σ,陰線→陽線,底固め / アンチ,755.0,769.0,775.0,,,,4.281767955801108,6.215469613259672,7.044198895027631,,,,799.0,730.0,10.359116022099446,0.8287292817679592,False,False,
2026-08-13,3445,B,買い,53.16,0.84,+0.94σ,陰線→陽線 / 2～5日下落後の陽線,アンチ,6230.0,6350.0,5950.0,,,,-12.253521126760559,-10.563380281690138,-16.19718309859155,,,,6450.0,5930.0,-9.154929577464788,-16.47887323943662,False,True,
2026-08-13,8012,B,買い,61.79,0.91,+1.39σ,陰線→陽線 / はらみ足 / 2～5日下落後の陽線,アンチ,1244.0,1229.5,1218.0,,,,-1.112877583465821,-2.265500794912556,-3.1796502384737635,,,,1257.0,1217.0,-0.07949125596183881,-3.2591414944356134,False,False,
2026-08-13,8399,B,買い,69.34,1.43,+2.16σ,陰線→陽線,底固め,3295.0,3310.0,3370.0,,,,3.1298904538341166,3.5993740219092407,5.477308294209693,,,,3410.0,3150.0,6.729264475743357,-1.4084507042253502,False,False,
2026-08-13,3853,B,買い,53.5,1.59,+2.02σ,陰線→陽線,底固め,1174.0,1153.0,1147.0,,,,0.34188034188034067,-1.4529914529914478,-1.96581196581197,,,,1309.0,1145.0,11.880341880341883,-2.1367521367521403,False,False,
2026-08-13,6324,B,買い,49.31,0.79,+0.29σ,陰線→陽線 / 2～5日下落後の陽線,アンチ,6510.0,6510.0,5960.0,,,,-3.5555555555555562,-3.5555555555555562,-11.703703703703706,,,,6890.0,5830.0,2.0740740740740726,-13.629629629629624,False,True,
2026-08-13,5831,B,買い,63.14,1.05,+1.75σ,長い下ヒゲ（ハンマー）,底固め,3513.0,3548.0,3566.0,,,,0.9482758620689591,1.9540229885057547,2.471264367816084,,,,3618.0,3489.0,3.9655172413793016,0.2586206896551646,False,False,
2026-08-13,4997,除外,買い,75.59,1.07,+2.18σ,陰線→陽線 / 前日安値割れ反転,底固め / アンチ,1178.0,1180.0,1190.0,,,,-0.5067567567567544,-0.33783783783783994,0.5067567567567544,,,,1198.0,1171.0,1.1824324324324342,-1.0979729729729715,False,False,
2026-08-13,6361,B,買い,53.78,0.8,+0.90σ,2～5日下落後の陽線,アンチ,5860.0,5482.0,5335.0,,,,-0.7788689468337329,-7.179139857771755,-9.668134100914328,,,,6014.0,5184.0,1.8286488316965777,-12.224856078564173,False,True,
2026-08-13,6481,B,買い,55.34,0.87,+1.17σ,2～5日下落後の陽線,アンチ,7427.0,7520.0,7265.0,,,,-0.21496708316538493,1.034529087733449,-2.39150880021497,,,,7760.0,7225.0,4.259035335214301,-2.9289265081284377,False,False,
2026-08-13,2986,B,買い,54.11,1.45,+1.70σ,はらみ足,底固め,2826.0,2832.0,2802.0,,,,0.7845934379457908,0.9985734664764712,-0.07132667617688604,,,,2873.0,2777.0,2.4607703281027016,-0.962910128388017,False,False,
2026-08-13,6472,B,買い,50.04,0.68,+0.71σ,長い下ヒゲ（ハンマー）,底固め / アンチ,390.3999938964844,386.2000122070313,391.3999938964844,,,,0.12823644434070136,-0.9489581413102521,0.3847124638328703,,,,410.5,386.2000122070313,5.283406001538871,-0.9489581413102521,False,False,
2026-08-13,6309,B,買い,59.64,0.53,+1.23σ,陰線→陽線 / はらみ足 / 長い下ヒゲ（ハンマー）,底固め / アンチ,1982.0,1990.0,2001.0,,,,2.112313240597641,2.5244719216898526,3.091190108191655,,,,2024.0,1934.0,4.276146316331797,-0.3606388459556964,False,False,
2026-08-13,5985,除外,買い,72.07,2.15,+2.57σ,長い下ヒゲ（ハンマー）,アンチ,2138.0,2358.0,2434.0,,,,5.3721044849679656,16.214884179398716,19.960571710202068,,,,2482.0,1983.0,22.326269098077866,-2.2671266633809806,False,False,
2026-08-13,4575,B,買い,59.71,0.87,+1.23σ,陰線→陽線 / 長い下ヒゲ（ハンマー） / 前日安値割れ反転,底固め / アンチ,791.0,810.0,810.0,,,,3.1290743155149903,5.606258148631027,5.606258148631027,,,,863.0,760.0,12.516297262059982,-0.9126466753585416,False,False,
2026-08-13,6923,B,買い,59.94,0.74,+2.04σ,陰線→陽線 / 強気包み足 / 前日安値割れ反転,アンチ,3658.0,3672.0,3666.0,,,,0.27412280701755165,0.6578947368421018,0.49342105263157077,,,,3690.0,3604.0,1.1513157894736947,-1.206140350877194,False,False,
2026-08-13,3810,B,買い,56.93,1.56,+1.72σ,陰線→陽線,底固め / アンチ,212.0,228.0,240.0,,,,11.578947368421044,19.999999999999996,26.315789473684205,,,,245.0,186.0,28.947368421052634,-2.1052631578947323,True,False,
2026-08-13,8267,B,買い,52.78,0.82,+0.69σ,陰線→陽線 / 長い下ヒゲ（ハンマー） / 前日安値割れ反転,底固め / アンチ,1374.0,1362.5,1351.5,,,,-1.5759312320916874,-2.399713467048714,-3.1876790830945523,,,,1404.0,1331.5,0.5730659025787954,-4.620343839541552,False,False,
2026-08-13,8316,B,買い,56.3,0.9,+0.46σ,長い下ヒゲ（ハンマー）,底固め,6969.0,6918.0,6900.0,,,,0.0,-0.731812311665947,-0.990099009900991,,,,7035.0,6898.0,0.9470512268618059,-1.018797531927107,False,False,
2026-08-13,3465,除外,買い,62.96,2.81,+2.29σ,陰線→陽線,底固め / アンチ,3900.0,3900.0,3805.0,,,,1.9607843137254832,1.9607843137254832,-0.5228758169934622,,,,4020.0,3695.0,5.098039215686279,-3.3986928104575154,False,False,
2026-08-13,2220,B,買い,61.54,1.16,+1.82σ,強気包み足 / 前日安値割れ反転,底固め,1345.0,1345.0,1331.0,,,,2.281368821292773,2.281368821292773,1.2167300380228063,,,,1346.0,1310.0,2.357414448669193,-0.38022813688213253,False,False,
2026-08-13,9042,B,買い,50.22,0.6,-0.37σ,なし,底固め,4647.0,4635.0,4653.0,,,,0.06459948320414188,-0.19379844961240345,0.19379844961240345,,,,4689.0,4589.0,0.9689922480620172,-1.1843238587424643,False,False,
2026-08-13,7685,B,買い,53.73,1.25,+0.74σ,強気包み足 / はらみ足 / 長い下ヒゲ（ハンマー）,底固め,3165.0,3400.0,3190.0,,,,-4.236006051437213,2.874432677760974,-3.479576399394857,,,,3450.0,3135.0,4.387291981845687,-5.143721633888044,False,False,
2026-08-13,7181,B,買い,49.3,1.07,-0.76σ,なし,BB逆張り,1697.0,1681.5,1702.0,,,,1.2227855651655295,0.2982403817476831,1.5210259469132126,,,,1714.0,1663.0,2.2368028631076564,-0.8052490307187576,False,False,
2026-08-13,2489,除外,買い,81.55,7.83,+3.71σ,強気包み足,アンチ,376.0,365.0,369.0,,,,-2.590673575129532,-5.440414507772018,-4.404145077720212,,,,386.0,360.0,0.0,-6.735751295336789,False,False,
2026-08-13,7537,B,買い,60.76,1.35,+1.87σ,陰線→陽線,底固め / アンチ,1890.0,1867.0,1855.0,,,,2.4945770065075923,1.2472885032537961,0.5965292841648484,,,,1924.0,1840.0,4.338394793926237,-0.2169197396963085,False,False,
2026-08-13,2168,B,買い,63.43,0.77,+1.91σ,強気包み足 / 長い下ヒゲ（ハンマー）,底固め,1640.0,1640.0,1643.0,,,,0.6752608962553808,0.6752608962553808,0.8594229588704705,,,,1657.0,1624.0,1.718845917740941,-0.30693677102516803,False,False,
2026-08-13,7721,B,買い,61.32,0.83,+1.41σ,陰線→陽線 / はらみ足 / 2～5日下落後の陽線,アンチ,7420.0,7780.0,7740.0,,,,-0.4026845637583931,4.429530201342291,3.892617449664426,,,,7980.0,7290.0,7.114093959731549,-2.147651006711404,False,False,
2026-08-13,4099,B,買い,54.16,1.95,+1.08σ,なし,底固め / アンチ,2780.0,2800.0,2720.0,,,,-8.099173553719009,-7.438016528925617,-10.08264462809917,,,,3055.0,2720.0,0.9917355371900749,-10.08264462809917,False,False,
2026-08-13,6958,除外,買い,67.84,0.99,+2.14σ,長い下ヒゲ（ハンマー）,底固め,783.0,778.0,762.0,,,,2.7559055118110187,2.09973753280841,0.0,,,,807.0,754.0,5.905511811023612,-1.049868766404205,False,False,
2026-08-13,4506,B,買い,53.4,0.63,+2.08σ,長い下ヒゲ（ハンマー）,底固め,1372.0,1355.5,1375.0,,,,0.6972477064220106,-0.5137614678899061,0.917431192660545,,,,1399.5,1350.0,2.7155963302752273,-0.917431192660545,False,False,
2026-08-13,2395,除外,買い,75.28,0.71,+1.87σ,陰線→陽線 / 長い下ヒゲ（ハンマー）,底固め / アンチ,1485.0,1467.0,1463.0,,,,-0.8016032064128265,-2.004008016032066,-2.271209084836334,,,,1499.0,1436.0,0.13360053440214514,-4.074816299265194,False,False,
2026-08-13,6890,除外,買い,55.71,0.52,+1.26σ,なし,底固め / アンチ,9110.0,9750.0,9370.0,,,,-1.300108342361861,5.633802816901401,1.5167930660888507,,,,10300.0,9040.0,11.592632719393281,-2.0585048754062862,False,False,
2026-08-13,4169,除外,買い,77.15,5.17,+2.93σ,陰線→陽線 / 前日安値割れ反転,アンチ,337.0,327.0,321.0,,,,7.667731629392982,4.472843450479225,2.5559105431310014,,,,342.0,304.0,9.26517571884984,-2.8753993610223683,False,False,
2026-08-13,6858,B,買い,52.19,0.26,+0.45σ,陰線→陽線 / 2～5日下落後の陽線,アンチ,852.0,859.0,846.0,,,,-0.6993006993006978,0.11655011655011815,-1.3986013986013957,,,,867.0,846.0,1.0489510489510412,-1.3986013986013957,False,False,
2026-08-13,3103,除外,買い,63.74,5.03,+2.54σ,陰線→陽線,底固め / アンチ,1594.0,1665.0,1513.0,,,,18.074074074074066,23.33333333333334,12.074074074074082,,,,1847.0,1412.0,36.81481481481481,4.592592592592593,False,False,
2026-08-13,6855,B,買い,53.24,0.89,+1.05σ,2～5日下落後の陽線,アンチ,6980.0,7590.0,7270.0,,,,0.5763688760807018,9.365994236311238,4.755043227665712,,,,7700.0,6930.0,10.951008645533133,-0.14409221902017544,False,False,
2026-08-13,5384,B,買い,51.32,0.8,+0.44σ,2～5日下落後の陽線,アンチ,4045.0,4095.0,3875.0,,,,-1.3414634146341475,-0.12195121951219523,-5.487804878048785,,,,4170.0,3865.0,1.7073170731707332,-5.731707317073176,False,False,
2026-08-13,3176,除外,買い,85.05,1.84,+2.01σ,陰線→陽線,底固め / アンチ,1170.0,1132.0,1148.0,,,,4.0000000000000036,0.6222222222222129,2.0444444444444487,,,,1173.0,1105.0,4.266666666666663,-1.7777777777777781,False,False,
2026-08-13,6594,B,買い,59.26,0.42,+1.47σ,陰線→陽線 / 2～5日下落後の陽線,アンチ,2772.0,2815.0,2810.0,,,,-0.2159827213822907,1.331893448524113,1.1519078473722022,,,,2847.0,2720.0,2.4838012958963374,-2.087832973362136,False,False,
2026-08-13,4593,除外,買い,61.41,2.89,+1.80σ,陰線→陽線,底固め / アンチ,272.0,267.0,270.0,,,,-2.508960573476704,-4.3010752688172005,-3.2258064516129004,,,,296.0,260.0,6.093189964157708,-6.810035842293905,False,False,
2026-08-13,3101,B,買い,50.71,0.63,+0.32σ,2～5日下落後の陽線,アンチ,1628.0,1660.0,1622.0,,,,-0.6711409395973145,1.281269066503965,-1.0372178157413092,,,,1698.0,1615.0,3.599755948749239,-1.4643075045759568,False,False,
2026-08-13,6619,B,買い,46.85,0.91,+0.74σ,陰線→陽線 / 長い下ヒゲ（ハンマー）,底固め / アンチ,159.0,162.0,162.0,,,,-1.2422360248447228,0.6211180124223503,0.6211180124223503,,,,168.0,156.0,4.347826086956519,-3.105590062111796,False,False,
2026-08-13,8194,C,買い,56.61,0.63,+1.15σ,陰線→陽線 / はらみ足 / 長い下ヒゲ（ハンマー）,底固め,2602.0,2585.0,2613.0,,,,0.1154290111581302,-0.538668718737978,0.538668718737978,,,,2630.0,2547.0,1.192766448634086,-2.000769526741053,False,False,
2026-08-13,8060,C,買い,63.83,0.72,+1.61σ,陰線→陽線 / 前日安値割れ反転,底固め / アンチ,3696.0,3603.0,3556.0,,,,0.3802281368821214,-2.1455730581205867,-3.4220532319391594,,,,3708.0,3547.0,0.7061379684953906,-3.6664856056491058,False,True,
2026-08-13,9031,C,買い,49.57,0.93,-0.68σ,前日安値割れ反転,底固め,3038.0,3021.0,3086.0,,,,0.49619583195501527,-0.06615944426067166,2.0840224942110464,,,,3089.0,3009.0,2.183261660602054,-0.46311610982467943,False,False,
2026-08-13,9009,C,買い,56.37,0.71,-0.01σ,陰線→陽線 / 長い下ヒゲ（ハンマー）,底固め,1280.0,1280.0,1289.5,,,,0.5104043973301886,0.5104043973301886,1.2563800549666215,,,,1300.0,1262.5,2.0808794660384766,-0.8637612877895551,False,False,
2026-08-13,9470,C,買い,56.45,0.73,+0.82σ,前日安値割れ反転,底固め,1044.0,1050.0,1044.0,,,,1.5564202334630295,2.1400778210116655,1.5564202334630295,,,,1054.0,1024.0,2.529182879377423,-0.3891050583657574,False,False,
2026-08-13,8129,C,買い,43.0,0.68,-0.92σ,陰線→陽線 / 前日安値割れ反転,BB逆張り,3821.0,3864.0,3900.0,,,,0.10479434110557406,1.2313335079905618,2.174482577940795,,,,3928.0,3758.0,2.908042965679858,-1.5457165313073062,False,False,
2026-08-13,8572,C,買い,54.46,1.0,-0.03σ,前日安値割れ反転,底固め,483.6000061035156,479.7999877929688,480.3999938964844,,,,-0.1239144767625655,-0.9087179279287816,-0.7848009300940983,,,,485.7000122070313,477.0,0.3097918643187425,-1.4869888475836368,False,False,
2026-08-13,3915,C,買い,57.02,0.59,+1.55σ,2～5日下落後の陽線,底固め,2424.0,2442.0,2351.0,,,,3.6340316374519066,4.403591278324059,0.5130397605814352,,,,2452.0,2324.0,4.831124412141952,-0.6412997007268051,False,False,
2026-08-13,9861,C,買い,60.34,0.86,+0.36σ,陰線→陽線 / はらみ足 / 長い下ヒゲ（ハンマー）,底固め,3779.0,3733.0,3717.0,,,,0.1324854266030684,-1.0863804981452008,-1.5103338632750374,,,,3809.0,3690.0,0.9273979862215231,-2.225755166931642,False,False,
2026-08-13,3946,C,買い,66.19,0.68,+1.12σ,陰線→陽線 / 前日安値割れ反転,底固め,4690.0,4715.0,4720.0,,,,1.5151515151515138,2.056277056277067,2.164502164502169,,,,4740.0,4575.0,2.5974025974025983,-0.9740259740259716,False,False,
2026-08-13,2201,C,買い,42.87,0.91,-1.15σ,前日安値割れ反転,BB逆張り,2554.0,2530.5,2522.5,,,,0.01958096729979264,-0.9007244957900951,-1.214019972586644,,,,2559.0,2499.5,0.21539064029763022,-2.114744468376739,False,False,
2026-08-13,6814,C,買い,59.55,0.41,+1.02σ,陰線→陽線 / はらみ足 / 2～5日下落後の陽線,底固め,7880.0,7920.0,8060.0,,,,1.9404915912031084,2.4579560155239433,4.269081500646821,,,,8120.0,7730.0,5.045278137128073,0.0,False,False,
2026-08-13,4732,C,買い,56.17,0.73,+0.43σ,陰線→陽線 / 長い下ヒゲ（ハンマー）,底固め,2011.0,1996.0,1974.0,,,,0.19930244145491827,-0.5480817140009919,-1.6442451420029869,,,,2026.5,1972.5,0.9715994020926821,-1.7189835575485812,False,False,
2026-08-13,4478,除外,買い,72.55,1.84,+1.88σ,強気包み足,底固め,3345.0,3350.0,3420.0,,,,17.616033755274252,17.791842475386787,20.253164556962023,,,,3640.0,3115.0,27.9887482419128,9.52883263009845,True,False,
2026-08-13,4403,C,買い,50.79,0.97,+0.03σ,前日安値割れ反転,底固め,2730.0,2760.5,2748.5,,,,-1.0869565217391353,0.018115942028984477,-0.4166666666666652,,,,2779.5,2728.0,0.706521739130439,-1.1594202898550732,False,False,
2026-08-13,7226,C,買い,55.5,1.14,-0.15σ,前日安値割れ反転,底固め,2345.0,2354.0,2350.0,,,,0.7302405498281761,1.1168384879725046,0.9450171821305808,,,,2365.0,2322.0,1.589347079037795,-0.2577319587628857,False,False,
2026-08-13,4272,除外,買い,70.67,0.67,+2.42σ,強気包み足 / はらみ足,アンチ,2128.0,2141.0,2119.5,,,,0.02350176263219428,0.6345475910693343,-0.37602820211516397,,,,2143.5,2111.0,0.7520564042303279,-0.7755581668625111,False,False,
2026-08-13,7242,C,買い,62.97,0.62,+1.00σ,前日安値割れ反転,底固め,4635.0,4605.0,4640.0,,,,1.980198019801982,1.320132013201314,2.0902090209020896,,,,4670.0,4535.0,2.7502750275027577,-0.22002200220021528,False,False,
2026-08-13,7071,C,買い,57.49,1.24,+1.01σ,前日安値割れ反転,底固め / アンチ,396.0,416.0,423.0,,,,1.799485861182526,6.940874035989708,8.740359897172233,,,,426.0,385.0,9.51156812339331,-1.0282776349614386,False,False,
2026-08-13,3034,除外,買い,78.46,0.95,+2.48σ,長い下ヒゲ（ハンマー）,底固め,2638.0,2569.0,2613.0,,,,6.8016194331983915,4.0080971659919085,5.789473684210522,,,,2655.0,2456.0,7.489878542510131,-0.5668016194331993,False,False,
2026-08-13,5240,C,買い,55.63,0.14,+0.37σ,なし,底固め,206.0,211.0,203.0,,,,-3.2863849765258246,-0.9389671361502372,-4.694835680751175,,,,220.0,194.0,3.2863849765258246,-8.920187793427225,False,False,
2026-08-13,6592,C,買い,62.0,1.12,+1.53σ,陰線→陽線 / 強気包み足,アンチ,1742.0,1786.0,1774.0,,,,2.6517383618149593,5.244549204478499,4.537418974661156,,,,1824.5,1680.0,7.513258691809077,-1.00176782557454,True,False,
2026-08-13,5714,除外,買い,65.99,0.69,+2.03σ,強気包み足,アンチ,9476.0,9630.0,9544.0,,,,-0.9925817573921192,0.6164455124856305,-0.2821021836798665,,,,9965.0,9439.0,4.1166022359210075,-1.3791662313237918,False,False,
2026-08-13,5393,C,買い,53.51,0.49,+1.24σ,陰線→陽線 / 2～5日下落後の陽線,底固め,3614.0,3584.0,3521.0,,,,1.0626398210290766,0.22371364653244186,-1.5380313199105156,,,,3743.0,3505.0,4.670022371364646,-1.9854586129753882,False,False,
2026-08-13,1801,C,買い,42.21,0.89,-0.98σ,2～5日下落後の陽線,BB逆張り,13050.0,12925.0,12695.0,,,,1.1627906976744207,0.19379844961240345,-1.5891472868217016,,,,13210.0,12670.0,2.4031007751937894,-1.782945736434105,False,False,
2026-08-13,9511,除外,買い,76.2,0.68,+1.43σ,強気包み足,アンチ,1115.0,1142.0,1136.0,,,,1.1796733212341204,3.62976406533575,3.085299455535395,,,,1154.0,1092.0,4.7186932849364815,-0.907441016333943,False,False,
2026-08-13,9506,除外,買い,78.08,0.77,+1.88σ,陰線→陽線,底固め,1254.0,1257.0,1306.0,,,,1.2515139281388699,1.4937424303593128,5.450141299959621,,,,1320.0,1232.0,6.580540976988303,-0.5248284214775967,False,False,
2026-08-13,9072,C,買い,51.52,0.54,+0.95σ,なし,底固め / アンチ,5386.0,5431.0,5725.0,,,,0.41014168530946193,1.249067859806119,6.730052199850856,,,,5929.0,5289.0,10.533184190902322,-1.3982102908277394,True,False,
2026-08-13,1719,除外,買い,65.27,0.91,+2.33σ,なし,底固め,1890.0,1903.0,1902.0,,,,0.4517672070156742,1.1427052883337785,1.0895562051554508,,,,1916.0,1872.0,1.8336433696518828,-0.5049162901939908,False,False,
2026-08-13,1721,C,買い,51.23,0.85,+1.06σ,強気包み足,底固め,5303.0,5417.0,5317.0,,,,-0.05653976630229929,2.0919713531850626,0.20731247644176776,,,,5466.0,5279.0,3.0154542027893028,-0.5088578967206936,False,False,
2026-08-13,8934,C,買い,52.02,0.81,-0.18σ,陰線→陽線,BB逆張り,2461.0,2467.0,2472.0,,,,-1.2043356081894774,-0.9634684865515886,-0.7627458851866775,,,,2505.0,2444.0,0.5620232838217554,-1.8867924528301883,False,False,
2026-08-13,1822,C,買い,59.07,0.86,+1.43σ,なし,底固め,809.0,808.0,807.0,,,,1.3784461152882121,1.2531328320801949,1.1278195488721776,,,,816.0,796.0,2.2556390977443552,-0.25062656641604564,False,False,
2026-08-13,1852,除外,買い,73.57,1.09,+2.12σ,強気包み足,底固め,924.0,920.0,926.0,,,,-0.2159827213822907,-0.6479481641468721,0.0,,,,931.0,916.0,0.5399568034557323,-1.0799136069114423,False,False,
2026-08-13,8789,除外,買い,81.16,7.75,+3.75σ,なし,底固め / アンチ,154.0,162.0,164.0,,,,3.3557046979865834,8.7248322147651,10.067114093959727,,,,165.0,150.0,10.738255033557053,0.6711409395973256,False,False,
2026-08-13,8714,C,買い,62.64,1.45,+1.79σ,なし,底固め,1099.0,1103.0,1113.0,,,,0.0,0.36396724294813776,1.273885350318471,,,,1131.0,1092.0,2.91173794358508,-0.6369426751592355,False,False,
2026-08-13,8707,C,買い,62.78,0.72,+1.50σ,陰線→陽線,底固め,4430.0,4340.0,4345.0,,,,0.3397508493771184,-1.6987542468856143,-1.5855039637599044,,,,4485.0,4315.0,1.5855039637599155,-2.2650056625141524,False,False,
2026-08-13,8624,C,買い,63.78,0.83,+2.06σ,陰線→陽線,底固め / アンチ,1653.0,1639.0,1632.0,,,,1.1009174311926495,0.24464831804280607,-0.18348623853210455,,,,1677.0,1616.0,2.5688073394495303,-1.1620795107033621,False,False,
2026-08-13,8614,C,買い,62.22,0.97,+1.81σ,陰線→陽線,底固め / アンチ,685.0,681.0,682.0,,,,-0.29112081513827937,-0.8733624454148492,-0.727802037845704,,,,698.0,678.0,1.6011644832605532,-1.3100436681222738,False,False,
2026-08-13,3989,C,買い,65.14,0.73,+1.40σ,強気包み足,底固め,1481.0,1495.0,1497.0,,,,1.023192360163705,1.9781718963165051,2.114597544338337,,,,1526.0,1450.0,4.092769440654842,-1.0914051841746208,False,False,
2026-08-13,3964,C,買い,62.14,0.92,+1.35σ,陰線→陽線 / 前日安値割れ反転,アンチ,1475.0,1485.0,1501.0,,,,-0.13540961408260443,0.5416384563303955,1.6249153689912088,,,,1518.0,1464.0,2.775897088693302,-0.8801624915368955,False,False,
2026-08-13,3962,C,買い,62.18,1.07,+1.82σ,なし,底固め,960.0,971.0,985.0,,,,-3.3232628398791486,-2.2155085599194324,-0.8056394763343411,,,,988.0,925.0,-0.503524672708966,-6.847935548841888,False,True,
2026-08-13,6135,C,買い,51.27,0.71,+0.33σ,なし,アンチ,15350.0,16430.0,16170.0,,,,4.564032697547682,11.920980926430524,10.14986376021798,,,,16500.0,14900.0,12.397820163487738,1.4986376021798309,True,False,
2026-08-13,6047,C,買い,52.39,0.53,+0.99σ,強気包み足,底固め,402.0,403.0,403.0,,,,1.2594458438287104,1.5113350125944613,1.5113350125944613,,,,409.0,393.0,3.0226700251889227,-1.0075566750629705,False,False,
2026-08-13,5991,C,買い,50.58,0.61,+0.52σ,なし,アンチ,3713.0,3753.0,3678.0,,,,1.4758130636786104,2.5690079256627474,0.5192675594424712,,,,3797.0,3629.0,3.771522273845318,-0.8198961464881083,False,False,
2026-08-13,5844,除外,買い,67.13,1.59,+2.85σ,なし,底固め,5073.0,5091.0,5022.0,,,,1.4599999999999946,1.8199999999999994,0.43999999999999595,,,,5164.0,4999.0,3.279999999999994,-0.019999999999997797,False,False,
2026-08-13,5838,除外,買い,60.99,1.17,+2.20σ,なし,底固め,6057.0,6220.0,6308.0,,,,2.383367139959436,5.138607167004738,6.626098715348205,,,,6486.0,5902.0,9.63488843813387,-0.23664638269100813,False,False,
2026-08-13,5832,除外,買い,64.8,1.03,+2.30σ,なし,底固め,3518.0,3530.0,3545.0,,,,-0.48090523338047975,-0.14144271570014633,0.28288543140029265,,,,3610.0,3497.0,2.121640735502117,-1.0749646393210743,False,False,
2026-08-13,8604,C,買い,56.95,0.69,+0.37σ,なし,底固め,1570.0,1559.0,1554.0,,,,-0.727157761618713,-1.4226999683844443,-1.7388555169143172,,,,1589.5,1538.5,0.5058488776477965,-2.7189377173569396,False,False,
2026-08-13,8600,除外,買い,69.12,1.15,+2.17σ,陰線→陽線,底固め,1118.0,1123.0,1130.0,,,,1.17647058823529,1.6289592760180938,2.262443438914019,,,,1154.0,1104.0,4.4343891402715,-0.09049773755656076,False,False,
2026-08-13,8570,C,買い,69.61,0.87,+2.15σ,なし,底固め / アンチ,1634.5,1614.5,1642.0,,,,-0.6382978723404209,-1.8541033434650411,-0.18237082066869803,,,,1647.5,1611.5,0.1519756838905817,-2.036474164133739,False,False,
2026-08-13,8558,除外,買い,61.01,1.16,+2.21σ,なし,底固め,1524.0,1528.0,1552.0,,,,2.488231338264968,2.7572293207800858,4.371217215870882,,,,1583.0,1487.0,6.4559515803631395,0.0,False,False,
2026-08-13,8550,C,買い,62.29,0.98,+1.88σ,なし,底固め,1117.0,1120.0,1126.0,,,,3.425925925925921,3.703703703703698,4.2592592592592515,,,,1144.0,1090.0,5.9259259259259345,0.92592592592593,False,False,
2026-08-13,8541,除外,買い,70.38,0.57,+1.75σ,なし,底固め,3065.0,3190.0,3320.0,,,,0.8223684210526327,4.9342105263157965,9.210526315789469,,,,3345.0,3010.0,10.032894736842103,-0.9868421052631526,False,False,
2026-08-13,8524,除外,買い,66.18,0.87,+2.31σ,なし,底固め,1301.0,1311.0,1324.0,,,,-0.30651340996168397,0.45977011494253706,1.4559386973180155,,,,1351.0,1292.0,3.5249042145593767,-0.9961685823754785,False,False,
2026-08-13,8522,C,買い,62.78,1.03,+1.59σ,なし,底固め,6870.0,6800.0,7080.0,,,,-0.5788712011577379,-1.591895803183796,2.460202604920414,,,,7090.0,6780.0,2.604920405209832,-1.881331403762665,False,False,
2026-08-13,8511,C,買い,62.35,0.76,+1.56σ,陰線→陽線 / 前日安値割れ反転,アンチ,2527.0,2476.0,2455.0,,,,-0.11857707509881354,-2.134387351778655,-2.964426877470361,,,,2573.0,2448.0,1.6996047430829941,-3.2411067193675924,False,False,
2026-08-13,8418,C,買い,62.15,1.36,+1.97σ,なし,底固め,3202.0,3183.0,3222.0,,,,0.1563966218329771,-0.43791054113231365,0.781983109164841,,,,3279.0,3183.0,2.564904598060691,-0.43791054113231365,False,False,
2026-08-13,6323,C,買い,50.31,0.93,+0.09σ,なし,アンチ,4337.0,4363.0,4184.0,,,,1.9750764166470702,2.5864095932283115,-1.6223841993886712,,,,4455.0,4173.0,4.74958852574654,-1.8810251587115023,False,False,
2026-08-13,5715,C,買い,60.89,1.44,+1.71σ,陰線→陽線,アンチ,4215.0,4255.0,4300.0,,,,4.590570719602982,5.583126550868478,6.699751861042191,,,,4455.0,3975.0,10.545905707196024,-1.3647642679900707,False,False,
2026-08-13,5713,除外,買い,66.96,1.07,+1.85σ,陰線→陽線 / 前日安値割れ反転,アンチ,9585.0,9947.0,9893.0,,,,-2.422885065662217,1.2623434795887123,0.7126132546065422,,,,10495.0,9547.0,6.841087244222743,-2.8097322610200592,False,False,
2026-08-13,5631,C,買い,57.35,0.77,+1.86σ,なし,底固め,7813.0,8052.0,8256.0,,,,-2.0190619513418606,0.9781790820165615,3.5364936042136863,,,,8477.0,7805.0,6.308001003260588,-2.119388011035872,False,False,
2026-08-13,5471,C,買い,51.57,1.18,+0.73σ,なし,底固め,2416.0,2528.5,2435.0,,,,1.1937172774869165,5.90575916230367,1.9895287958115127,,,,2586.5,2356.5,8.335078534031414,-1.29842931937173,False,False,
2026-08-13,5344,C,買い,54.76,0.84,+1.67σ,なし,底固め,61010.0,61980.0,59000.0,,,,-1.8658516969599526,-0.3056136400192977,-5.098922309795717,,,,64290.0,59000.0,3.41000482547853,-5.098922309795717,False,False,
2026-08-13,5331,除外,買い,58.75,1.07,+1.91σ,なし,底固め / アンチ,3870.0,3900.0,3795.0,,,,0.0,0.7751937984496138,-1.9379844961240345,,,,3950.0,3780.0,2.067183462532296,-2.3255813953488413,False,False,
2026-08-13,6287,除外,買い,86.34,4.44,+3.70σ,なし,底固め / アンチ,2791.0,2793.0,2783.0,,,,-4.417808219178088,-4.349315068493153,-4.6917808219178125,,,,2940.0,2763.0,0.6849315068493178,-5.37671232876712,False,False,
2026-08-13,6250,C,買い,66.07,0.7,+1.58σ,陰線→陽線 / はらみ足 / 長い下ヒゲ（ハンマー）,アンチ,4280.0,4240.0,4210.0,,,,-0.696055684454755,-1.6241299303944357,-2.3201856148491906,,,,4350.0,4210.0,0.9280742459396807,-2.3201856148491906,False,False,
2026-08-13,6235,C,買い,48.29,0.55,+0.37σ,なし,アンチ,3210.0,3205.0,2978.0,,,,-0.7727975270479082,-0.9273570324574987,-7.944358578052546,,,,3315.0,2961.0,2.472952086553315,-8.469860896445136,False,False,
2026-08-13,6504,除外,買い,61.68,0.63,+1.52σ,なし,アンチ,14900.0,14970.0,14410.0,,,,-0.4676018704074858,0.0,-3.740814963259853,,,,15230.0,14205.0,1.736806947227798,-5.110220440881763,False,False,
2026-08-13,6464,C,買い,34.63,3.62,-2.20σ,なし,アンチ,327.0,340.0,345.0,,,,1.238390092879249,5.263157894736836,6.811145510835903,,,,349.0,313.0,8.049535603715174,-3.095975232198145,False,False,
2026-08-13,5262,除外,買い,75.63,1.74,+2.81σ,なし,底固め / アンチ,1146.0,1125.0,1142.0,,,,-1.4617368873602765,-3.267411865864145,-1.8056749785038684,,,,1177.0,1109.0,1.2037833190025715,-4.643164230438524,False,False,
2026-08-13,5074,C,買い,52.54,0.48,+0.86σ,陰線→陽線,底固め,649.0,686.0,622.0,,,,-18.77346683354193,-14.142678347934922,-22.152690863579473,,,,797.0,620.0,-0.25031289111389077,-22.403003754693362,False,True,
2026-08-13,6407,C,買い,48.7,1.77,+0.11σ,なし,アンチ,6150.0,6220.0,5860.0,,,,-2.535657686212356,-1.4263074484944571,-7.131537242472263,,,,6470.0,5850.0,2.535657686212356,-7.290015847860543,False,False,
2026-08-13,6371,C,買い,62.86,0.88,+1.90σ,陰線→陽線,底固め / アンチ,2760.0,2715.0,2714.0,,,,1.1730205278592365,-0.4765395894428148,-0.513196480938416,,,,2766.0,2704.0,1.3929618768328433,-0.8797653958944274,False,False,
2026-08-13,8411,C,買い,60.61,0.96,+1.54σ,なし,底固め,8620.0,8530.0,8531.0,,,,-1.7663817663817638,-2.792022792022797,-2.7806267806267826,,,,8819.0,8432.0,0.5014245014244967,-3.9088319088319112,False,False,
2026-08-13,8393,C,買い,59.84,1.29,+1.37σ,なし,底固め,2497.0,2510.0,2520.0,,,,-0.1998401278976769,0.3197442046362964,0.7194244604316502,,,,2606.0,2491.0,4.156674660271786,-0.43964828137490475,False,False,
2026-08-13,8392,C,買い,62.34,1.5,+1.75σ,なし,底固め,2843.0,2860.0,2897.0,,,,-0.4203152364273155,0.17513134851139256,1.4711033274956264,,,,2971.0,2820.0,4.063047285464094,-1.2259194395796813,False,False,
2026-08-13,8388,除外,買い,72.73,1.93,+2.13σ,なし,底固め,9320.0,9390.0,9460.0,,,,-0.7454739084132078,0.0,0.7454739084131967,,,,9610.0,9280.0,2.3429179978700754,-1.1714589989350377,False,False,
2026-08-13,8386,除外,買い,66.39,1.49,+2.32σ,なし,底固め,3085.0,3125.0,3135.0,,,,-0.16181229773463146,1.132686084142387,1.4563106796116498,,,,3205.0,3065.0,3.721682847896446,-0.8090614886731351,False,False,
2026-08-13,8381,C,買い,63.66,1.19,+1.86σ,陰線→陽線,底固め,2631.0,2639.0,2640.0,,,,2.016285381930971,2.3264831329972813,2.3652578518805756,,,,2698.0,2585.0,4.61419154711129,0.23264831329972147,False,False,
2026-08-13,8377,除外,買い,66.74,0.79,+2.31σ,なし,底固め,8592.0,8577.0,8432.0,,,,1.5842988886261455,1.4069519981082967,-0.307401276897612,,,,8692.0,8390.0,2.766611492078508,-0.8039725703475997,False,False,
2026-08-13,8370,C,買い,62.52,0.87,+1.89σ,なし,底固め,5070.0,5060.0,5080.0,,,,0.9960159362549792,0.7968127490039834,1.195219123505975,,,,5160.0,5020.0,2.7888446215139417,0.0,False,False,
2026-08-13,8361,C,買い,58.11,1.03,+1.17σ,なし,底固め,8050.0,8150.0,8240.0,,,,0.12437810945273853,1.3681592039801016,2.487562189054726,,,,8390.0,8020.0,4.353233830845782,-0.24875621890547706,False,False,
2026-08-13,8360,除外,買い,63.75,1.62,+1.96σ,なし,底固め,7480.0,7590.0,7540.0,,,,0.5376344086021501,2.016129032258074,1.3440860215053752,,,,7720.0,7370.0,3.7634408602150504,-0.9408602150537626,False,False,
2026-08-13,8359,C,買い,60.43,1.12,+1.46σ,なし,底固め,2698.0,2721.5,2730.0,,,,0.6528632717776484,1.5295653795933672,1.8466703973139431,,,,2779.5,2660.5,3.693340794627864,-0.7461294534601759,False,False,
2026-08-13,8358,除外,買い,70.04,1.27,+2.31σ,なし,底固め,2897.0,2903.0,2943.0,,,,0.5902777777777812,0.7986111111111027,2.187500000000009,,,,3015.0,2842.0,4.6875,-1.3194444444444398,False,False,
2026-08-13,8354,C,買い,58.34,0.97,+1.27σ,なし,底固め,7730.0,7751.0,7763.0,,,,0.3374870197300206,0.6100726895119424,0.7658359293873263,,,,7920.0,7667.0,2.8037383177569986,-0.48026998961578915,False,False,
2026-08-13,8346,除外,買い,69.21,1.29,+2.19σ,陰線→陽線,底固め,1003.0,1002.0,1009.0,,,,1.415571284125372,1.3144590495449915,2.0222446916076775,,,,1026.0,982.0,3.7411526794742134,-0.707785642062686,False,False,
2026-08-13,8345,除外,買い,66.01,1.19,+2.27σ,なし,底固め,2444.0,2460.0,2458.0,,,,-1.212611156022636,-0.5658852061439013,-0.6467259498787348,,,,2543.0,2424.0,2.7890056588520507,-2.02101859337106,False,False,
2026-08-13,2802,C,買い,61.13,0.96,+2.03σ,陰線→陽線,底固め,5566.0,5721.0,5535.0,,,,-1.2420156139105742,1.508161816891418,-1.7920511000709682,,,,5754.0,5443.0,2.0936834634492474,-3.4244144783534436,False,False,
2026-08-13,2734,除外,買い,67.36,1.22,+2.83σ,陰線→陽線,底固め / アンチ,1199.0,1207.0,1230.0,,,,0.7563025210084007,1.4285714285714235,3.3613445378151363,,,,1233.0,1190.0,3.61344537815127,0.0,False,False,
2026-08-13,2685,C,買い,49.64,1.38,-0.01σ,長い下ヒゲ（ハンマー）,底固め,3450.0,3425.0,3480.0,,,,0.29069767441860517,-0.43604651162790775,1.1627906976744207,,,,3505.0,3390.0,1.8895348837209225,-1.4534883720930258,False,False,
2026-08-13,6508,除外,買い,70.09,1.19,+1.84σ,なし,底固め,12370.0,12660.0,12250.0,,,,4.124579124579131,6.565656565656575,3.114478114478114,,,,12760.0,12000.0,7.407407407407418,1.0101010101010166,False,False,
2026-08-13,8344,除外,買い,70.01,1.1,+2.66σ,なし,底固め,4575.0,4655.0,4690.0,,,,-0.21810250817884125,1.526717557251911,2.2900763358778553,,,,4780.0,4540.0,4.252998909487449,-0.9814612868047967,False,False,
2026-08-13,8343,除外,買い,72.84,1.13,+2.36σ,陰線→陽線,底固め,8550.0,8770.0,8940.0,,,,1.183431952662728,3.7869822485207205,5.798816568047327,,,,9200.0,8380.0,8.875739644970416,-0.8284023668639007,False,False,
2026-08-13,8341,除外,買い,65.73,1.25,+2.27σ,なし,底固め,3837.0,3881.0,3912.0,,,,0.07824726134584292,1.2258737610850279,2.0344287949921824,,,,3953.0,3813.0,3.1038080333855023,-0.5477308294209671,False,False,
2026-08-13,8337,C,買い,62.5,0.97,+1.57σ,なし,底固め,2815.0,2773.0,2803.0,,,,1.845151953690305,0.325615050651229,1.410998552822007,,,,2866.0,2753.0,3.69030390738061,-0.397973950795949,False,False,
2026-08-13,8336,C,買い,61.13,1.02,+1.60σ,なし,底固め,2775.0,2790.0,2816.0,,,,-0.036023054755041084,0.5043227665705974,1.4409221902017322,,,,2863.0,2751.0,3.134005763688763,-0.9005763688760826,False,False,
2026-08-13,8334,除外,買い,66.91,1.24,+2.46σ,なし,底固め,2765.0,2761.5,2800.5,,,,0.8939974457215838,0.766283524904221,2.1893814997263172,,,,2842.5,2715.0,3.7219485495347593,-0.9304871373836843,False,False,
2026-08-13,8331,C,買い,65.95,1.08,+2.09σ,なし,底固め,2828.5,2843.5,2837.5,,,,-0.475017593244198,0.0527797325826862,-0.1583391977480697,,,,2892.5,2823.5,1.7769176636171613,-0.6509500351864927,False,False,
2026-08-13,8309,C,買い,67.41,1.02,+2.12σ,なし,底固め,1737.0,1728.5,1734.0,,,,-0.912721049629206,-1.397604107244721,-1.083856246434678,,,,1767.0,1724.5,0.798630918425558,-1.625784369652028,False,False,
2026-08-13,8308,C,買い,62.39,1.07,+2.05σ,なし,底固め,2454.0,2481.5,2500.0,,,,0.3065603923972926,1.4306151645207432,2.1867974657674205,,,,2552.5,2439.0,4.332720212548535,-0.3065603923973037,False,False,
2026-08-13,8306,C,買い,60.53,0.87,+1.03σ,なし,底固め,3686.0,3649.0,3654.0,,,,-0.620113238069564,-1.6176867080075485,-1.4828794823402491,,,,3742.0,3637.0,0.8897276894041628,-1.9412240496090583,False,False,
2026-08-13,8304,除外,買い,80.34,0.89,+2.01σ,陰線→陽線,底固め / アンチ,3434.0,3428.0,3388.0,,,,1.1487481590574333,0.9720176730485974,-0.20618556701030855,,,,3487.0,3372.0,2.7098674521354837,-0.6774668630338709,False,False,
2026-08-13,8233,C,買い,52.15,1.05,-0.03σ,陰線→陽線,底固め / アンチ,2300.0,2245.0,2265.5,,,,-1.1177987962166847,-3.48237317282889,-2.6010318142734357,,,,2345.0,2227.5,0.8168529664660307,-4.234737747205508,False,False,
2026-08-13,8185,C,買い,66.53,1.09,+1.98σ,強気包み足,底固め,1032.0,1032.0,1039.0,,,,0.1941747572815622,0.1941747572815622,0.8737864077669855,,,,1041.0,1026.0,1.0679611650485477,-0.3883495145631022,False,False,
2026-08-13,3186,C,買い,53.53,0.3,+1.72σ,はらみ足,底固め,3610.0,3625.0,3605.0,,,,0.557103064066844,0.9749303621169991,0.41782729805013297,,,,3660.0,3530.0,1.949860724233976,-1.671309192200554,False,False,
2026-08-13,3167,C,買い,65.89,0.99,+1.89σ,陰線→陽線 / 前日安値割れ反転,アンチ,1232.0,1234.0,1251.0,,,,-0.5649717514124242,-0.40355125100888234,0.9685230024213176,,,,1256.0,1230.0,1.3720742534301777,-0.7263922518159771,False,False,
2026-08-13,6752,除外,買い,62.45,0.69,+1.66σ,なし,底固め,4721.0,4788.0,4552.0,,,,0.8976276982261222,2.3295575977773098,-2.714255182731351,,,,4982.0,4528.0,6.475742680059837,-3.227185296003421,False,False,
2026-08-13,6627,C,買い,53.63,1.36,+0.78σ,なし,アンチ,12840.0,12350.0,11310.0,,,,7.000000000000006,2.9166666666666563,-5.75,,,,13090.0,11270.0,9.083333333333332,-6.0833333333333295,False,False,
2026-08-13,2962,除外,買い,58.3,0.97,+1.44σ,なし,底固め,1373.0,1359.0,1659.0,,,,-3.6491228070175463,-4.6315789473684195,16.42105263157896,,,,1659.0,1271.0,16.42105263157896,-10.807017543859654,False,False,
2026-08-13,8008,C,買い,57.2,0.87,+0.39σ,なし,底固め,2118.0,2094.0,2133.0,,,,1.5827338129496438,0.4316546762589857,2.302158273381294,,,,2144.0,2080.0,2.8297362110311752,-0.23980815347721673,False,False,
2026-08-13,8005,除外,買い,72.36,0.65,+1.56σ,陰線→陽線 / 長い下ヒゲ（ハンマー） / 前日安値割れ反転,アンチ,1881.0,1850.0,1874.0,,,,0.32000000000000917,-1.3333333333333308,-0.05333333333333856,,,,1893.0,1846.0,0.9600000000000053,-1.5466666666666629,False,False,
2026-08-13,3444,C,買い,51.29,0.75,+1.07σ,強気包み足,底固め,1027.0,1087.0,1048.0,,,,2.0874751491053667,8.051689860834998,4.174950298210733,,,,1130.0,1004.0,12.326043737574555,-0.1988071570576566,False,False,
2026-08-13,3443,除外,買い,62.04,1.2,+2.64σ,陰線→陽線,底固め / アンチ,1393.0,1415.0,1426.0,,,,1.5306122448979664,3.1341107871720064,3.9358600583090375,,,,1443.0,1370.0,5.174927113702621,-0.1457725947521915,False,False,
2026-08-13,3401,C,買い,65.62,0.88,+1.82σ,はらみ足,底固め / アンチ,1762.0,1749.5,1749.5,,,,-1.4816885658372914,-2.180598266703937,-2.180598266703937,,,,1820.0,1737.5,1.7612524461839474,-2.851551579535927,False,False,
2026-08-13,3350,C,買い,47.64,0.67,-0.48σ,なし,底固め / アンチ,221.0,217.0,228.0,,,,-0.8968609865470878,-2.6905829596412523,2.2421524663677195,,,,238.0,210.0,6.726457399103136,-5.829596412556048,False,False,
2026-08-13,4042,C,買い,50.9,0.61,+0.22σ,陰線→陽線,底固め / アンチ,2750.0,2733.0,2704.0,,,,-0.1996007984031989,-0.8165487207403399,-1.8689892941389896,,,,2790.0,2704.0,1.2520413718018597,-1.8689892941389896,False,False,
2026-08-13,4008,除外,買い,73.09,1.54,+1.91σ,陰線→陽線,アンチ,1558.0,1544.0,1522.0,,,,0.5161290322580614,-0.3870967741935516,-1.806451612903226,,,,1588.0,1513.0,2.451612903225797,-2.3870967741935534,False,False,
2026-08-13,3994,除外,買い,64.63,0.55,+1.81σ,強気包み足,底固め,6479.0,6000.0,5658.0,,,,10.299625468164786,2.1450459652706755,-3.6772216547497405,,,,6584.0,5640.0,12.08716377255703,-3.9836567926455513,False,False,
2026-08-13,6875,除外,買い,68.23,0.86,+1.99σ,陰線→陽線 / 長い下ヒゲ（ハンマー）,アンチ,11250.0,11790.0,11570.0,,,,-1.660839160839156,3.0594405594405627,1.1363636363636465,,,,11950.0,11140.0,4.458041958041958,-2.622377622377625,False,False,
2026-08-13,6871,C,買い,49.31,2.54,+0.03σ,なし,アンチ,15020.0,15320.0,14750.0,,,,3.8727524204702712,5.947441217150762,2.0055325034578075,,,,16200.0,14400.0,12.03319502074689,-0.4149377593360981,False,False,
2026-08-13,6754,C,買い,46.37,0.73,-0.15σ,なし,アンチ,3650.0,3695.0,3512.0,,,,-1.0840108401083959,0.13550135501354532,-4.823848238482387,,,,3735.0,3512.0,1.2195121951219523,-4.823848238482387,False,False,
2026-08-13,7912,C,買い,69.57,1.15,+1.76σ,陰線→陽線,底固め,3315.0,3319.0,3307.0,,,,0.3937007874015741,0.5148394912174448,0.15142337976983278,,,,3364.0,3263.0,1.877649909145962,-1.1811023622047223,False,False,
2026-08-13,2222,C,買い,64.63,0.87,+1.96σ,陰線→陽線,底固め / アンチ,2746.0,2704.0,2682.0,,,,2.1767441860465198,0.6139534883720987,-0.20465116279069218,,,,2775.0,2631.5,3.2558139534883734,-2.0837209302325577,False,False,
2026-08-13,4109,C,買い,48.8,0.96,+0.56σ,なし,底固め,5700.0,5730.0,5550.0,,,,2.8880866425992746,3.429602888086647,0.18050541516245744,,,,5800.0,5550.0,4.693140794223827,0.18050541516245744,False,False,
2026-08-13,1982,C,買い,54.16,0.68,+1.55σ,なし,底固め,2980.0,3010.0,3000.0,,,,-0.13404825737265424,0.8713136729222581,0.536193029490617,,,,3135.0,2953.0,5.060321715817695,-1.0388739946380676,False,False,
2026-08-13,7752,C,買い,64.07,0.57,+1.47σ,陰線→陽線 / 前日安値割れ反転,アンチ,1678.0,1635.5,1596.0,,,,1.6353725015142428,-0.938824954572981,-3.331314354936399,,,,1684.0,1584.5,1.9987886129618326,-4.02786190187765,False,False,
2026-08-13,7751,C,買い,56.1,0.6,+0.59σ,陰線→陽線 / 前日安値割れ反転,アンチ,4656.0,4561.0,4500.0,,,,1.7704918032786843,-0.30601092896175297,-1.6393442622950838,,,,4671.0,4475.0,2.0983606557376966,-2.1857923497267784,False,False,
2026-08-13,7744,除外,買い,66.21,1.08,+2.54σ,陰線→陽線,底固め / アンチ,2168.0,2072.0,2063.0,,,,1.9755409219190945,-2.539981185324558,-2.9633113828786417,,,,2199.0,2042.0,3.4336782690498557,-3.951081843838189,False,False,
2026-08-13,7730,C,買い,53.67,0.76,+0.94σ,強気包み足,底固め,1620.0,1614.0,1595.0,,,,0.9975062344139696,0.6234413965087171,-0.5610972568578565,,,,1621.0,1589.0,1.0598503740648413,-0.9351620947630868,False,False,
2026-08-13,6882,C,買い,58.51,0.77,+1.94σ,なし,底固め,1222.0,1258.0,1237.0,,,,-1.4516129032258074,1.4516129032257963,-0.24193548387096975,,,,1278.0,1219.0,3.0645161290322687,-1.6935483870967771,False,False,
2026-08-13,3040,除外,買い,81.43,5.43,+3.43σ,なし,底固め / アンチ,2563.0,2524.0,2475.0,,,,4.869067103109659,3.2733224222585955,1.2684124386252105,,,,2593.0,2404.0,6.096563011456624,-1.6366612111292977,False,False,
2026-08-13,4689,除外,買い,73.27,1.11,+2.06σ,強気包み足,底固め,506.2999877929688,491.8999938964844,497.8999938964844,,,,1.3613589175112795,-1.5215227434465683,-0.320321542245372,,,,513.7999877929688,487.1000061035156,2.8628604190127582,-2.4824812605574342,False,False,
2026-08-13,4668,C,買い,60.97,0.8,-0.16σ,なし,底固め,782.0,781.0,779.0,,,,0.773195876288657,0.6443298969072142,0.3865979381443285,,,,783.0,774.0,0.9020618556700999,-0.2577319587628857,False,False,
2026-08-13,4634,除外,買い,81.99,1.18,+2.73σ,なし,底固め,5120.0,5070.0,5060.0,,,,0.1956947162426559,-0.7827788649706457,-0.9784735812133127,,,,5210.0,4945.0,1.9569471624266255,-3.228962818003911,False,False,
2026-08-13,4396,除外,買い,85.99,3.39,+3.62σ,なし,底固め / アンチ,1425.0,1373.0,1400.0,,,,1.7130620985010614,-1.9985724482512457,-0.07137758743754885,,,,1447.0,1341.0,3.2833690221270473,-4.282655246252675,False,False,
2026-08-13,4228,除外,買い,72.12,1.32,+1.91σ,陰線→陽線,アンチ,653.0,652.0,641.0,,,,1.5552099533437058,1.3996889580093264,-0.3110419906687367,,,,668.0,631.0,3.8880248833592645,-1.8662519440124425,False,False,
2026-08-13,4194,C,買い,59.93,1.65,+0.88σ,長い下ヒゲ（ハンマー）,底固め,9347.0,9064.0,9081.0,,,,3.281767955801107,0.1546961325966878,0.3425414364640833,,,,9405.0,8941.0,3.9226519337016486,-1.2044198895027614,False,False,
2026-08-13,7381,除外,買い,68.55,0.77,+2.08σ,陰線→陽線,底固め / アンチ,1268.0,1270.0,1302.0,,,,0.8750994431185433,1.0342084327764622,3.5799522673030992,,,,1314.0,1246.0,4.534606205250591,-0.8750994431185322,False,False,
2026-08-13,7380,C,買い,60.42,1.31,+1.53σ,なし,底固め,2582.0,2591.0,2630.0,,,,0.11632415664986073,0.46529662659946514,1.977510663047699,,,,2688.0,2561.0,4.226444358278392,-0.6979449398991866,False,False,
2026-08-13,7337,C,買い,62.95,0.84,+1.95σ,なし,底固め,2364.5,2359.5,2394.5,,,,0.6170212765957528,0.4042553191489384,1.8936170212765946,,,,2406.5,2335.0,2.40425531914894,-0.6382978723404209,False,False,
2026-08-13,7327,除外,買い,67.2,0.96,+2.49σ,なし,底固め,2500.0,2519.0,2555.0,,,,0.2405773857257376,1.0024057738572623,2.44587008821171,,,,2588.0,2475.0,3.7690457097032892,-0.7618283881315135,False,False,
2026-08-13,7280,除外,買い,59.92,0.79,+2.36σ,陰線→陽線,底固め / アンチ,1256.0,1285.0,1304.0,,,,2.0308692120227567,4.386677497969127,5.930138099106408,,,,1317.0,1227.0,6.986190089358235,-0.32493907392363575,False,False,
2026-08-13,7189,除外,買い,65.79,1.06,+2.46σ,なし,底固め,4771.0,4844.0,4873.0,,,,-0.2091612633340345,1.317715959004384,1.924283622673073,,,,4943.0,4740.0,3.3884124660112924,-0.8575611796695304,False,False,
2026-08-13,7186,C,買い,59.33,0.89,+0.91σ,なし,底固め,1934.5,1911.0,1935.5,,,,0.38920601971976776,-0.8303061754021845,0.4411001556824168,,,,1970.0,1906.0,2.231447846393353,-1.089776855215363,False,False,
2026-08-13,7184,除外,買い,64.15,0.98,+2.19σ,陰線→陽線,底固め,3310.0,3255.0,3315.0,,,,1.3782542113323082,-0.3062787136294043,1.5313935681470214,,,,3390.0,3245.0,3.8284839203675425,-0.6125574272588086,False,False,
2026-08-13,7167,C,買い,63.7,0.81,+2.14σ,なし,底固め,1658.5,1671.0,1691.5,,,,1.3133781307269388,2.0769700671960933,3.329260843005488,,,,1711.0,1633.5,4.5204642638973835,-0.21380574221135928,False,False,
2026-08-13,7164,C,買い,55.85,0.94,+0.61σ,なし,底固め,3131.0,3139.0,3137.0,,,,-0.03192848020434624,0.2234993614304015,0.159642401021709,,,,3156.0,3106.0,0.766283524904221,-0.8301404853129024,False,False,
2026-08-13,7011,除外,買い,66.49,1.21,+2.44σ,なし,底固め,4254.0,4350.0,4370.0,,,,-0.046992481203012026,2.208646616541343,2.678571428571419,,,,4439.0,4180.0,4.29981203007519,-1.7857142857142905,False,False,
2026-08-13,6952,除外,買い,76.29,1.23,+1.86σ,なし,底固め,2456.0,2399.0,2353.0,,,,-1.3060076351215644,-3.5965441028732115,-5.445047217199117,,,,2520.0,2337.0,1.2658227848101333,-6.088004822182036,False,False,
2026-08-13,4565,除外,買い,72.8,3.03,+3.28σ,なし,底固め,1105.0,1104.0,1111.0,,,,1.6559337626494974,1.5639374425022945,2.2079116835326484,,,,1157.0,1088.0,6.439742410303584,0.09199632014720294,False,False,
2026-08-13,4552,C,買い,62.86,0.95,+1.07σ,なし,底固め / アンチ,526.0,498.0,525.0,,,,-0.189753320683117,-5.502846299810249,-0.3795066413662229,,,,531.0,496.0,0.7590132827324458,-5.882352941176472,False,False,
2026-08-13,4543,除外,買い,72.34,1.27,+2.20σ,陰線→陽線 / 長い下ヒゲ（ハンマー）,アンチ,2672.5,2620.0,2578.0,,,,1.9843541308910417,-0.01908032818164207,-1.621827895439798,,,,2689.0,2550.5,2.61400496088533,-2.671245945430256,False,False,
2026-08-13,4475,C,買い,62.17,0.85,+0.98σ,陰線→陽線 / 2～5日下落後の陽線,底固め,1529.0,1455.0,1466.0,,,,5.886426592797789,0.7617728531855938,1.5235457063711877,,,,1547.0,1426.0,7.132963988919672,-1.2465373961218829,False,False,
2026-08-13,4425,C,買い,47.39,0.96,-0.04σ,強気包み足 / はらみ足,底固め,1672.0,1697.0,1626.0,,,,-2.7906976744186074,-1.3372093023255816,-5.46511627906977,,,,1730.0,1611.0,0.5813953488372103,-6.337209302325586,False,False,
2026-08-13,4418,C,買い,53.0,0.26,-0.31σ,なし,底固め,852.0,964.0,970.0,,,,6.367041198501866,20.349563046192266,21.09862671660425,,,,1008.0,793.0,25.842696629213478,-0.9987515605493158,True,False,
2026-08-13,2269,C,買い,67.15,0.76,+1.81σ,前日安値割れ反転,アンチ,4248.0,4195.0,4244.0,,,,1.3358778625954137,0.07156488549617812,1.2404580152671763,,,,4271.0,4165.0,1.8845419847328237,-0.6440839694656475,False,False,
2026-08-13,8897,除外,買い,73.46,3.46,+2.67σ,陰線→陽線,アンチ,459.0,459.0,453.0,,,,1.5486725663716783,1.5486725663716783,0.22123893805310324,,,,462.0,452.0,2.212389380530966,0.0,False,False,
2026-08-13,3668,C,買い,64.4,1.0,+1.95σ,強気包み足,底固め,419.0,415.0,416.0,,,,0.9638554216867545,0.0,0.24096385542169418,,,,423.0,410.0,1.9277108433734869,-1.2048192771084376,False,False,
2026-08-13,9984,C,買い,48.32,0.54,+0.18σ,なし,アンチ,5739.0,5886.0,5830.0,,,,2.9417040358744373,5.5784753363228745,4.573991031390134,,,,6230.0,5653.0,11.748878923766814,1.3991031390134578,False,False,
2026-08-13,8892,C,買い,56.42,0.78,+0.60σ,陰線→陽線,底固め,1111.0,1108.0,1107.0,,,,0.4520795660036159,0.1808318264014508,0.09041591320071429,,,,1115.0,1096.0,0.8137432188065175,-0.9041591320072317,False,False,
2026-08-13,5830,除外,買い,70.56,0.87,+2.19σ,なし,底固め,3964.0,4005.0,4039.0,,,,-0.37697914048755443,0.6534305101784321,1.50791656195024,,,,4117.0,3958.0,3.4682080924855585,-0.5277707966825806,False,False,
2026-08-13,5805,除外,買い,63.71,0.92,+2.07σ,なし,底固め / アンチ,14260.0,14680.0,14700.0,,,,2.3689877961234673,5.3840631730079025,5.5276381909547645,,,,15260.0,13930.0,9.547738693467345,0.0,False,False,
2026-08-13,9107,C,買い,63.22,0.93,+1.36σ,陰線→陽線 / はらみ足 / 長い下ヒゲ（ハンマー）,アンチ,3030.0,3072.0,3141.0,,,,4.356810745651796,5.803340795591527,8.179783020492515,,,,3183.0,2923.5,9.626313070432246,0.6888238333046415,False,False,
2026-08-13,1963,C,買い,45.08,0.71,+0.20σ,なし,アンチ,2345.0,2355.5,2339.0,,,,2.3570493234395418,2.8153644696639057,2.0951549541684766,,,,2421.0,2296.0,5.674378000872982,0.2182453077258728,False,False,
2026-08-13,9722,除外,買い,77.29,0.94,+2.25σ,陰線→陽線 / はらみ足 / 長い下ヒゲ（ハンマー）,アンチ,2333.0,2322.0,2312.0,,,,-1.561181434599157,-2.0253164556962022,-2.4472573839662393,,,,2408.0,2297.0,1.603375527426154,-3.080168776371306,False,False,
2026-08-13,1951,C,買い,47.21,0.88,+0.00σ,強気包み足,底固め,2632.5,2660.0,2617.5,,,,0.41960709517452344,1.4686248331108098,-0.15258439824528125,,,,2683.5,2608.5,2.365058172801837,-0.49589929429715296,False,False,
2026-08-13,5817,C,買い,57.1,0.22,+0.88σ,はらみ足,底固め,1006.0,1040.0,1041.0,,,,-0.8866995073891659,2.4630541871921263,2.5615763546797954,,,,1075.0,1006.0,5.9113300492610765,-0.8866995073891659,False,False,
2026-08-13,9348,C,買い,47.06,0.56,+0.60σ,はらみ足,底固め,425.0,434.0,439.0,,,,0.9501187648456089,3.087885985748229,4.275534441805218,,,,446.0,418.0,5.938242280285033,-0.7125890736342066,False,False,
2026-08-13,4222,除外,買い,65.42,16.0,+2.75σ,陰線→陽線,底固め,698.0,713.0,709.0,,,,0.8670520231213841,3.0346820809248554,2.4566473988439252,,,,745.0,682.0,7.658959537572252,-1.4450867052023142,False,False,
2026-08-13,7701,C,買い,61.0,0.91,+1.72σ,長い下ヒゲ（ハンマー）,底固め,4221.0,4156.0,4092.0,,,,-1.0548523206751037,-2.5785278949835955,-4.078762306610406,,,,4271.0,4091.0,0.11720581340834979,-4.102203469292077,False,False,
2026-08-13,6966,C,買い,50.63,0.54,+0.49σ,なし,底固め,970.0,977.0,966.0,,,,2.8632025450689325,3.6055143160127257,2.4390243902439046,,,,1002.0,956.0,6.256627783669133,1.378579003181346,False,False,
2026-08-13,3676,除外,買い,90.61,2.1,+2.27σ,陰線→陽線 / はらみ足,アンチ,1058.0,1058.0,1059.0,,,,0.0,0.0,0.0945179584120881,,,,1060.0,1057.0,0.1890359168241984,-0.0945179584120992,False,False,
2026-08-13,2590,C,買い,54.09,0.35,-0.23σ,陰線→陽線 / はらみ足,底固め,2964.0,2937.0,2952.0,,,,1.2640929279125412,0.3416467372736598,0.8541168431841495,,,,2983.0,2902.0,1.9132217287324949,-0.8541168431841495,False,False,
2026-08-13,7241,C,買い,68.1,1.08,+1.86σ,陰線→陽線,底固め,1094.0,1097.0,1108.0,,,,2.5304592314901564,2.8116213683224034,3.842549203373946,,,,1114.0,1068.0,4.404873477038418,0.09372071227742307,False,False,
2026-08-13,7224,C,買い,50.93,0.65,+1.00σ,前日安値割れ反転,底固め,2015.0,2023.0,2016.0,,,,-0.09915716410510145,0.29747149231531544,-0.049578582052556275,,,,2042.0,2004.0,1.2394645513138292,-0.6445215666831983,False,False,
2026-08-13,7202,C,買い,42.9,0.84,-1.32σ,なし,底固め,2265.5,2260.5,2241.5,,,,1.3873349742671737,1.1635712687402044,0.3132691877377525,,,,2291.5,2228.5,2.550906243007378,-0.26851644663236085,False,False,
2026-08-13,7476,C,買い,46.73,0.71,-1.07σ,なし,底固め,2380.5,2346.5,2358.5,,,,0.6341154090044432,-0.8032128514056214,-0.2959205242020757,,,,2382.0,2333.5,0.6975269499048808,-1.35277953920947,False,False,
2026-08-13,7609,除外,買い,72.08,0.87,+1.74σ,長い下ヒゲ（ハンマー）,底固め,4770.0,4700.0,4570.0,,,,4.0348964013086075,2.5081788440566966,-0.32715376226826187,,,,4910.0,4540.0,7.088331515812429,-0.9814612868047967,False,False,
2026-08-13,7616,C,買い,62.16,1.3,+1.13σ,陰線→陽線,底固め,2059.5,2005.0,2010.0,,,,-1.4121589277166113,-4.021062709430345,-3.7817137386309208,,,,2097.5,1981.0,0.40689325035903057,-5.169937769267596,False,True,
2026-08-13,6232,C,買い,48.15,0.54,+0.06σ,なし,底固め,1741.0,1766.0,1719.0,,,,1.5160349854227428,2.9737609329446135,0.23323615160348865,,,,1796.0,1661.0,4.723032069970845,-3.14868804664723,False,False,
2026-08-13,6166,C,買い,50.86,0.92,+0.38σ,なし,底固め,646.0,660.0,635.0,,,,-1.071975497702915,1.071975497702904,-2.7565084226646275,,,,670.0,629.0,2.6033690658499253,-3.6753445635528292,False,False,
2026-08-13,6203,C,買い,52.18,0.33,+0.83σ,陰線→陽線 / 前日安値割れ反転,底固め,1507.0,1540.0,1498.0,,,,0.3997335109926725,2.5982678214523602,-0.19986675549633626,,,,1545.0,1494.0,2.931379080612917,-0.4663557628247883,False,False,
2026-08-13,8584,C,買い,57.81,0.6,+0.66σ,前日安値割れ反転,底固め,3790.0,3750.0,3720.0,,,,0.2645502645502562,-0.7936507936507908,-1.5873015873015928,,,,3800.0,3715.0,0.5291005291005346,-1.7195767195767209,False,False,
2026-08-13,8439,C,買い,50.85,0.56,-0.48σ,なし,BB逆張り,2547.5,2519.5,2540.0,,,,-0.643525741029638,-1.7355694227769058,-0.9360374414976613,,,,2582.5,2513.5,0.7215288611544413,-1.9695787831513267,False,False,
2026-08-13,3891,C,買い,48.51,0.87,+0.41σ,なし,底固め,7190.0,7490.0,7020.0,,,,0.5594405594405494,4.7552447552447585,-1.8181818181818188,,,,7750.0,7000.0,8.391608391608397,-2.0979020979020935,False,False,
2026-08-13,1814,C,買い,56.33,0.63,+0.65σ,なし,底固め,3705.0,3720.0,3665.0,,,,0.95367847411445,1.3623978201634968,-0.13623978201634523,,,,3795.0,3650.0,3.4059945504087086,-0.544959128065392,False,False,
2026-08-13,1333,C,買い,44.14,0.98,-0.87σ,陰線→陽線,BB逆張り,1293.5,1282.5,1302.0,,,,0.8576998050682239,0.0,1.5204678362572999,,,,1304.5,1271.0,1.7153996101364477,-0.8966861598440512,False,False,
2026-08-13,6532,C,買い,63.1,0.61,+1.13σ,強気包み足,底固め,7687.0,7400.0,7368.0,,,,4.457127327082477,0.5571409158853013,0.12229922543824934,,,,7759.0,7273.0,5.4355211305884055,-1.1686370430765036,False,False,
2026-08-13,7984,C,買い,53.61,0.63,-0.10σ,なし,底固め,873.2000122070312,864.7000122070312,863.4000244140625,,,,0.04583091281293861,-0.9280462640889886,-1.0769907866564399,,,,878.7000122070312,845.0999755859375,0.675986733161249,-3.173696656056657,False,True,
2026-08-13,6613,C,買い,45.56,1.22,+0.25σ,なし,底固め,1806.0,2083.0,2091.0,,,,3.436426116838498,19.301260022909506,19.759450171821303,,,,2299.0,1762.0,31.67239404352806,0.9163802978235935,False,False,
2026-08-13,4617,C,買い,54.13,0.63,+0.36σ,なし,底固め,3640.0,3660.0,3590.0,,,,-0.952380952380949,-0.40816326530612734,-2.3129251700680253,,,,3735.0,3580.0,1.6326530612244872,-2.5850340136054473,False,False,
2026-08-13,6838,C,買い,51.5,0.54,+1.29σ,なし,底固め,1568.0,1586.0,1514.0,,,,3.498349834983494,4.686468646864683,-0.06600660066006236,,,,1622.0,1505.0,7.062706270627062,-0.660066006600657,False,False,
2026-08-13,4828,除外,買い,76.7,1.97,+2.53σ,はらみ足,底固め,1381.0,1348.0,1377.0,,,,1.4695077149154967,-0.9551800146950784,1.1756061719323974,,,,1391.0,1345.0,2.204261572373256,-1.1756061719323974,False,False,
2026-08-13,4819,C,買い,55.86,0.97,+0.12σ,強気包み足,底固め,2299.0,2200.0,2237.0,,,,-1.1182795698924775,-5.376344086021501,-3.784946236559139,,,,2420.0,2177.0,4.086021505376336,-6.365591397849457,False,True,
2026-08-13,4118,C,買い,70.59,2.0,+2.06σ,前日安値割れ反転,底固め,6345.0,6277.0,6295.0,,,,3.8971671851973255,2.7836908465695087,3.0784345832651105,,,,6570.0,6060.0,7.5814638938922485,-0.7696086458162776,False,False,
2026-08-13,4091,C,買い,59.75,0.83,+1.37σ,長い下ヒゲ（ハンマー） / 前日安値割れ反転,底固め,6140.0,6083.0,5995.0,,,,-0.14636526264433236,-1.073345259391767,-2.5044722719141377,,,,6200.0,5988.0,0.8294031549845426,-2.618311920637506,False,False,
2026-08-13,3569,除外,買い,70.07,3.19,+2.22σ,陰線→陽線,底固め,3535.0,3505.0,3530.0,,,,-0.7022471910112404,-1.54494382022472,-0.8426966292134797,,,,3560.0,3465.0,0.0,-2.6685393258427004,False,False,
2026-08-13,2127,C,買い,51.72,0.92,-0.03σ,強気包み足,底固め,672.2000122070312,655.4000244140625,660.0,,,,1.5407873424518437,-0.9969751640388935,-0.30211480362537513,,,,673.0999755859375,650.7999877929688,1.6767334721959903,-1.6918447442645368,False,False,
2026-08-13,7735,C,買い,47.07,0.74,-0.25σ,長い下ヒゲ（ハンマー）,底固め,14275.0,14615.0,13695.0,,,,0.9904492394764874,3.395825963919341,-3.11284046692607,,,,14730.0,13640.0,4.209409267775022,-3.5019455252918275,False,False,
2026-08-13,3099,C,買い,49.62,6.45,-0.03σ,前日安値割れ反転,底固め,3548.0,3530.0,3494.0,,,,-3.9783491204330224,-4.465493910690121,-5.439783491204331,,,,3604.0,3460.0,-2.46278755074425,-6.359945872801087,False,True,
2026-08-13,5445,C,買い,64.0,0.87,+2.15σ,強気包み足,底固め,2025.0,2022.0,2031.0,,,,1.1994002998500841,1.0494752623688264,1.4992503748125996,,,,2048.0,1985.0,2.3488255872063935,-0.7996001999000524,False,False,
2026-08-13,8043,除外,買い,77.22,2.72,+3.05σ,なし,底固め / アンチ,1507.0,1499.0,1529.0,,,,1.2088650100738674,0.671591672263272,2.6863666890530657,,,,1531.0,1472.0,2.820685023505698,-1.1417058428475513,False,False,
2026-08-13,6524,C,買い,51.92,0.66,+0.98σ,なし,底固め,4795.0,5110.0,4930.0,,,,-0.9297520661157077,5.578512396694224,1.8595041322314154,,,,5360.0,4735.0,10.743801652892571,-2.169421487603307,False,False,
2026-08-13,6516,C,買い,51.59,0.45,+1.05σ,なし,底固め,5900.0,6020.0,5830.0,,,,-0.5059021922428353,1.5177065767284947,-1.6863406408094472,,,,6120.0,5810.0,3.204047217537953,-2.02360876897133,False,False,
2026-08-13,2784,C,買い,46.32,1.05,-0.80σ,陰線→陽線,BB逆張り,2250.0,2250.0,2289.0,,,,0.8516360376512822,0.8516360376512822,2.5997310623038894,,,,2294.5,2221.5,2.84625728372927,-0.4258180188256411,False,False,
2026-08-13,2809,C,買い,56.59,0.65,+0.72σ,陰線→陽線 / 長い下ヒゲ（ハンマー）,底固め,4645.0,4652.0,4632.0,,,,-0.27908973808501436,-0.12881064834693312,-0.5581794761700287,,,,4666.0,4588.0,0.17174753112922936,-1.5027908973808457,False,False,
2026-08-13,6298,C,買い,57.12,1.81,+1.79σ,陰線→陽線,底固め,1318.0,1378.0,1360.0,,,,2.6479750778816147,7.3208722741433085,5.919003115264787,,,,1394.0,1233.0,8.566978193146424,-3.971962616822433,False,False,
2026-08-13,5016,C,買い,49.06,0.86,+0.21σ,なし,底固め,3785.0,4000.0,3814.0,,,,-1.9684019684019671,3.60010360010361,-1.2173012173012143,,,,4135.0,3785.0,7.096607096607088,-1.9684019684019671,False,False,
2026-08-13,8708,C,買い,65.37,0.77,+1.53σ,陰線→陽線,底固め,1730.0,1715.0,1724.0,,,,0.28985507246377384,-0.5797101449275366,-0.05797101449275255,,,,1739.0,1705.0,0.8115942028985579,-1.1594202898550732,False,False,
2026-08-13,8771,C,買い,53.94,1.0,-0.21σ,陰線→陽線 / 前日安値割れ反転,アンチ,1855.0,1862.0,1864.0,,,,0.5965292841648484,0.9761388286334105,1.0845986984815648,,,,1870.0,1829.0,1.4099783080260275,-0.813449023861168,False,False,
2026-08-13,2206,C,買い,51.53,0.61,+0.73σ,陰線→陽線 / はらみ足,アンチ,5162.0,5151.0,5108.0,,,,-0.11609907120743168,-0.3289473684210509,-1.1609907120743057,,,,5181.0,5073.0,0.2515479876161075,-1.8382352941176516,False,False,
2026-08-13,9101,C,買い,65.47,0.75,+1.36σ,陰線→陽線 / はらみ足,アンチ,6400.0,6490.0,6784.0,,,,3.042988246659162,4.492030268877789,9.225567541458712,,,,6797.0,6234.0,9.434873611334726,0.37031073901143685,False,False,
2026-08-13,3769,C,買い,61.39,1.03,+1.30σ,前日安値割れ反転,底固め,10150.0,8809.0,9175.0,,,,-0.3436426116838476,-13.510063819342166,-9.916543937162492,,,,10295.0,8485.0,1.0800196367206638,-16.691212567501225,False,True,
2026-08-13,9934,除外,買い,79.58,0.86,+1.75σ,なし,アンチ,3051.0,3038.0,3049.0,,,,0.09842519685039353,-0.32808398950131545,0.032808398950123774,,,,3084.0,3019.0,1.1811023622047223,-0.9514435695538004,False,False,
2026-08-13,9119,C,買い,61.05,0.61,+1.37σ,なし,底固め,1592.0,1645.0,1686.0,,,,1.4659018483110353,4.843849585723392,7.45697896749522,,,,1697.0,1560.0,8.158062460165706,-0.5736137667303964,False,False,
2026-08-13,9104,C,買い,67.35,0.99,+1.75σ,陰線→陽線,アンチ,6471.0,6629.0,6881.0,,,,3.057811753463935,5.574136008918629,9.58751393534003,,,,6950.0,6295.0,10.686415034241126,0.2548176461219853,False,False,
2026-08-13,2384,C,買い,63.42,0.6,+1.71σ,なし,アンチ,4865.0,4935.0,4985.0,,,,0.41279669762641635,1.8575851393188847,2.8895768833849367,,,,4995.0,4800.0,3.0959752321981338,-0.9287925696594423,False,False,
2026-08-13,8841,C,買い,57.56,1.11,+1.55σ,はらみ足,アンチ,972.0,976.0,1055.0,,,,-0.2053388090349051,0.2053388090349051,8.316221765913756,,,,1093.0,951.0,12.217659137576998,-2.361396303901442,True,False,
2026-08-13,2371,除外,買い,72.49,0.56,+1.02σ,陰線→陽線 / 長い下ヒゲ（ハンマー）,底固め,3715.0,3700.0,3710.0,,,,0.02692514808830815,-0.3769520732364029,-0.1077005923532548,,,,3740.0,3700.0,0.7000538502961673,-0.3769520732364029,False,False,
2026-08-13,6986,C,買い,71.08,0.89,+1.69σ,陰線→陽線,アンチ,666.0,686.0,670.0,,,,1.9908116385911168,5.053598774885137,2.6033690658499253,,,,696.0,642.0,6.584992343032159,-1.6845329249617125,False,False,
2026-08-13,7610,C,買い,44.46,0.27,-1.08σ,なし,アンチ,142.0,141.0,139.0,,,,0.0,-0.7042253521126751,-2.1126760563380254,,,,142.0,138.0,0.0,-2.8169014084507005,False,False,
2026-08-13,7409,C,買い,45.13,10.21,+0.04σ,なし,底固め,1683.0,1510.0,1414.0,,,,9.928151534944485,-1.3716525146962755,-7.642064010450689,,,,1774.0,1407.0,15.87197909862834,-8.099281515349443,False,False,
2026-08-13,4183,C,買い,61.15,0.73,+1.64σ,陰線→陽線 / はらみ足,アンチ,2231.5,2197.0,2205.0,,,,-0.22356360384528928,-1.7661524703778242,-1.4084507042253502,,,,2248.5,2176.0,0.5365526492287165,-2.7051196065280614,False,False,
2026-08-13,7240,C,買い,63.33,0.61,+2.17σ,陰線→陽線 / はらみ足,アンチ,3095.0,3076.0,3073.0,,,,-0.6101477199743077,-1.2202954399486154,-1.3166345536287705,,,,3124.0,3065.0,0.32113037893384266,-1.5735388567758468,False,False,
2026-08-13,2768,C,買い,60.7,0.71,+1.33σ,はらみ足,アンチ,5684.0,5600.0,5655.0,,,,1.3913663931502063,-0.1070281840884757,0.874063503389233,,,,5736.0,5552.0,2.318943988583655,-0.9632536567962924,False,False,
2026-08-13,6486,C,買い,62.57,0.89,+2.01σ,陰線→陽線 / はらみ足,アンチ,3095.0,3080.0,3050.0,,,,0.32414910858995505,-0.16207455429497752,-1.1345218800648316,,,,3110.0,3050.0,0.8103727714748876,-1.1345218800648316,False,False,
2026-08-13,5310,C,買い,58.66,0.73,+1.54σ,なし,アンチ,7320.0,7280.0,7180.0,,,,-2.1390374331550777,-2.67379679144385,-4.01069518716578,,,,7750.0,7090.0,3.609625668449201,-5.213903743315507,False,False,
2026-08-13,5707,除外,買い,68.2,1.25,+1.97σ,はらみ足,アンチ,1081.0,1089.0,1123.0,,,,5.155642023346307,5.933852140077822,9.241245136186759,,,,1204.0,1049.0,17.120622568093392,2.042801556420226,False,False,
2026-08-13,3105,C,買い,57.17,0.62,+1.22σ,陰線→陽線 / はらみ足,アンチ,2479.0,2454.5,2318.0,,,,2.438016528925613,1.4256198347107452,-4.2148760330578465,,,,2503.5,2318.0,3.4504132231405027,-4.2148760330578465,False,False,
2026-08-13,6914,C,買い,40.96,1.43,-0.68σ,なし,底固め,3505.0,3580.0,3540.0,,,,1.3005780346820872,3.4682080924855585,2.3121387283236983,,,,3610.0,3450.0,4.335260115606943,-0.28901734104046506,False,False,
2026-08-13,4813,除外,買い,62.02,0.74,+1.85σ,陰線→陽線,アンチ,432.0,405.0,430.0,,,,2.857142857142847,-3.57142857142857,2.3809523809523725,,,,447.0,392.0,6.428571428571428,-6.666666666666665,False,False,
2026-08-13,7976,C,買い,67.48,0.53,+1.56σ,はらみ足,アンチ,2897.0,2859.0,2872.0,,,,-0.685635927322592,-1.9883441892355136,-1.5426808364758293,,,,2954.0,2836.0,1.2684264655467903,-2.7768255056564994,False,False,
2026-08-13,4894,除外,買い,61.32,0.74,+1.68σ,陰線→陽線 / はらみ足,アンチ,5400.0,5350.0,5140.0,,,,2.2727272727272707,1.325757575757569,-2.651515151515149,,,,5650.0,5040.0,7.007575757575757,-4.545454545454541,False,False,
2026-08-13,8032,除外,買い,73.9,1.01,+2.18σ,陰線→陽線 / はらみ足,アンチ,1247.0,1237.0,1250.0,,,,-1.2668250197941378,-2.058590657165482,-1.0292953285827355,,,,1278.0,1224.0,1.187648456057011,-3.0878859857482177,False,False,
2026-08-13,6741,除外,買い,70.16,0.7,+1.45σ,陰線→陽線 / はらみ足,アンチ,1859.0,1830.0,1784.0,,,,0.37796976241901703,-1.1879049676025932,-3.6717062634989195,,,,1900.0,1784.0,2.591792656587466,-3.6717062634989195,False,False,
2026-08-13,6098,除外,買い,84.1,1.12,+2.51σ,なし,アンチ,16455.0,16380.0,16020.0,,,,-1.9952352590827838,-2.4419297200714674,-4.586063132817153,,,,16765.0,15990.0,-0.14889815366289083,-4.764740917212629,False,False,
2026-08-13,6339,C,買い,62.01,1.27,+2.11σ,陰線→陽線 / はらみ足,アンチ,1251.0,1270.0,1267.0,,,,-0.23923444976076125,1.2759170653907415,1.0366826156299913,,,,1286.0,1244.0,2.551834130781505,-0.797448165869219,False,False,
2026-08-13,7741,C,買い,60.35,0.79,+1.79σ,なし,アンチ,26645.0,26400.0,26290.0,,,,0.3200301204819178,-0.6024096385542133,-1.016566265060237,,,,26845.0,26170.0,1.0730421686746983,-1.4683734939759052,False,False,
2026-08-13,2267,C,買い,57.44,0.62,+1.26σ,陰線→陽線 / 長い下ヒゲ（ハンマー） / 前日安値割れ反転,底固め,2881.5,2840.5,2845.5,,,,-0.10400416016640435,-1.5253943491073008,-1.3520540821632898,,,,2906.0,2816.0,0.745363147859246,-2.374761657132951,False,False,
2026-08-13,4722,除外,買い,80.81,0.47,+0.82σ,はらみ足,底固め,2444.0,2445.0,2445.0,,,,-0.04089979550102596,0.0,0.0,,,,2446.0,2444.0,0.04089979550101486,-0.04089979550102596,False,False,
2026-08-13,8613,C,買い,67.17,0.52,+1.36σ,陰線→陽線 / はらみ足,アンチ,1219.0,1209.0,1218.0,,,,0.0,-0.8203445447087732,-0.08203445447088065,,,,1226.0,1202.0,0.5742411812961423,-1.3945857260049266,False,False,
2026-08-13,5857,除外,買い,74.7,1.3,+2.17σ,なし,アンチ,3630.0,3630.0,3565.0,,,,-2.4193548387096753,-2.4193548387096753,-4.1666666666666625,,,,3770.0,3550.0,1.3440860215053752,-4.5698924731182755,False,False,
2026-08-13,8622,除外,買い,72.42,0.51,+1.36σ,陰線→陽線 / はらみ足,アンチ,862.0,859.0,867.0,,,,0.23255813953488857,-0.11627906976744429,0.8139534883720989,,,,884.0,844.0,2.7906976744185963,-1.8604651162790753,False,False,
2026-08-13,6072,除外,買い,59.53,1.84,+2.01σ,なし,底固め,1134.0,1134.0,1142.0,,,,1.2499999999999956,1.2499999999999956,1.9642857142857073,,,,1193.0,1095.0,6.517857142857153,-2.2321428571428603,False,False,
2026-08-13,1663,除外,買い,57.32,2.5,+2.29σ,なし,底固め,1917.0,1945.0,1930.0,,,,1.5360169491525522,3.0190677966101642,2.2245762711864403,,,,1950.0,1870.0,3.2838983050847537,-0.9533898305084776,False,False,
2026-08-13,8367,C,買い,60.28,0.74,+1.17σ,なし,底固め,1941.0,1962.0,1976.0,,,,0.831168831168827,1.922077922077925,2.649350649350657,,,,2002.0,1920.0,4.0000000000000036,-0.2597402597402598,False,False,
2026-08-13,5563,C,買い,47.55,0.64,+0.15σ,なし,底固め,443.0,444.0,438.0,,,,4.481132075471694,4.716981132075482,3.301886792452824,,,,449.0,421.0,5.89622641509433,-0.7075471698113178,False,False,
2026-08-13,6501,除外,買い,77.94,0.73,+1.57σ,なし,底固め,5767.0,5571.0,5514.0,,,,1.139950894423003,-2.2974394949140664,-3.2970887407927085,,,,5830.0,5472.0,2.2448263767099297,-4.033672395650645,False,False,
2026-08-13,3825,除外,買い,63.53,1.21,+2.11σ,なし,底固め,220.0,209.0,214.0,,,,-0.9009009009009028,-5.855855855855852,-3.6036036036036,,,,263.0,207.0,18.46846846846846,-6.756756756756754,False,False,
2026-08-13,3791,C,買い,47.94,0.23,+0.69σ,なし,底固め,1120.0,1098.0,1088.0,,,,-0.17825311942959443,-2.1390374331550777,-3.0303030303030276,,,,1134.0,1084.0,1.0695187165775444,-3.3868092691622054,False,False,
2026-08-13,3878,除外,買い,63.6,1.21,+1.52σ,なし,底固め,888.0,887.0,883.0,,,,-1.0033444816053505,-1.114827201783719,-1.5607580824972156,,,,901.0,866.0,0.4459308807134965,-3.455964325529548,False,False,
2026-08-13,6857,除外,買い,63.25,0.8,+1.85σ,なし,底固め,36870.0,37780.0,35860.0,,,,2.5876460767946474,5.119643850862543,-0.22259321090706274,,,,38730.0,35800.0,7.7629382303839645,-0.3895381190873626,False,False,
2026-08-13,7868,C,買い,53.42,0.36,+1.38σ,はらみ足,底固め,550.0,577.0,581.0,,,,2.4208566108007368,7.448789571694592,8.193668528864052,,,,587.0,544.0,9.310986964618252,1.3035381750465591,False,False,
2026-08-13,4095,C,買い,61.4,1.0,+1.71σ,なし,底固め,1734.0,1733.0,1730.0,,,,0.4053271569195216,0.3474232773595931,0.17371163867978545,,,,1743.0,1709.0,0.926462072958878,-1.042269832078746,False,False,
2026-08-13,3558,C,買い,59.36,0.76,+1.65σ,なし,底固め,1759.0,1755.0,1778.0,,,,2.0893789901334836,1.8572257690075533,3.192106790481719,,,,1780.0,1730.0,3.3081834010446842,0.4062681369704002,False,False,
2026-08-13,3544,C,買い,67.29,0.31,-0.01σ,はらみ足,底固め,1249.0,1248.0,1246.0,,,,0.08012820512821595,0.0,-0.1602564102564097,,,,1252.0,1246.0,0.3205128205128194,-0.1602564102564097,False,False,
2026-08-13,4044,C,買い,70.24,0.66,+2.19σ,はらみ足,底固め,4675.0,4645.0,4660.0,,,,0.9719222462202914,0.3239740820734305,0.647948164146861,,,,4695.0,4590.0,1.4038876889848728,-0.8639308855291628,False,False,
2026-08-13,2931,C,買い,54.93,1.29,+0.96σ,なし,底固め,356.0,353.0,349.0,,,,1.1363636363636465,0.28409090909091717,-0.8522727272727293,,,,360.0,348.0,2.2727272727272707,-1.1363636363636354,False,False,
2026-08-13,7236,C,買い,54.43,0.75,+0.82σ,なし,底固め,1585.0,1566.0,1581.0,,,,3.2573289902280145,2.0195439739413734,2.9967426710097778,,,,1611.0,1530.0,4.9511400651465864,-0.32573289902280145,False,False,
2026-08-13,7138,C,買い,44.2,0.12,-0.77σ,はらみ足,底固め,126.0,126.0,127.0,,,,2.4390243902439046,2.4390243902439046,3.2520325203251987,,,,130.0,122.0,5.691056910569103,-0.8130081300813052,False,False,
2026-08-13,4202,C,買い,59.62,0.58,+0.63σ,なし,底固め,1488.5,1474.5,1482.0,,,,0.7104194857916024,-0.23680649526387487,0.27063599458727605,,,,1497.0,1466.0,1.285520974289578,-0.8119079837618393,False,False,
2026-08-13,7599,C,買い,45.16,0.67,-0.16σ,なし,底固め,1298.0,1302.0,1290.0,,,,0.6201550387596955,0.9302325581395321,0.0,,,,1318.0,1288.0,2.170542635658923,-0.15503875968991832,False,False,
2026-08-13,4381,C,買い,52.5,1.42,-0.05σ,なし,底固め,429.0,405.0,392.0,,,,7.250000000000001,1.2499999999999956,-2.0000000000000018,,,,460.0,380.0,14.999999999999991,-5.000000000000004,False,False,
2026-08-13,4680,C,買い,58.69,1.04,+1.11σ,はらみ足,アンチ,1339.5,1299.0,1328.0,,,,2.3691249522353797,-0.7260221627818142,1.490256018341607,,,,1359.0,1275.0,3.8593809705769866,-2.560183416125339,False,False,
2026-08-13,9468,C,買い,52.87,0.64,+0.30σ,なし,底固め,3521.0,3523.0,3530.0,,,,-1.6205644034646527,-1.5646828723106965,-1.3690975132718664,,,,3566.0,3334.0,-0.3632299525006988,-6.845487566359321,False,True,
2026-08-13,5801,除外,買い,57.8,1.44,+1.50σ,なし,底固め,4057.0,4298.0,4368.0,,,,-1.3135490148382334,4.548771588421308,6.2515203113597595,,,,4632.0,3989.0,12.673315495013382,-2.9676477742641705,False,False,
2026-08-13,4483,C,買い,58.5,0.8,+1.12σ,なし,底固め,3470.0,3370.0,3425.0,,,,1.6105417276720324,-1.3177159590043952,0.2928257686676483,,,,3550.0,3330.0,3.9531478770131745,-2.4890190336749662,False,False,
2026-08-13,9678,C,買い,61.51,0.63,+1.34σ,はらみ足,底固め,5490.0,5430.0,5450.0,,,,1.4787430683918634,0.3696857670979714,0.7393715341959428,,,,5530.0,5380.0,2.2181146025878062,-0.554528650646946,False,False,
2026-08-13,6963,C,買い,53.17,0.57,+0.87σ,なし,底固め,5016.0,5239.0,5040.0,,,,2.660663119115836,7.224723700368396,3.151862464183375,,,,5375.0,4958.0,10.008186655751118,1.4735980352026168,False,False,
2026-08-13,4188,C,買い,57.66,0.71,+1.09σ,なし,底固め,1208.5,1194.0,1183.5,,,,-1.5077424612876977,-2.689486552567233,-3.5452322738386277,,,,1229.5,1176.5,0.203748981255103,-4.115729421352898,False,False,
2026-08-13,4592,C,買い,51.35,0.75,+0.67σ,なし,底固め,1043.0,1013.0,1004.0,,,,2.859960552268248,-0.09861932938856066,-0.9861932938856066,,,,1062.0,992.0,4.7337278106508895,-2.1696252465483234,False,False,
2026-08-13,7456,除外,買い,76.23,1.37,+2.45σ,なし,底固め,6960.0,6930.0,6820.0,,,,-1.4164305949008527,-1.8413597733711096,-3.399433427762044,,,,7140.0,6810.0,1.1331444759206777,-3.541076487252126,False,False,
2026-08-13,6327,除外,買い,46.16,2.07,+0.15σ,なし,底固め,3580.0,3985.0,3935.0,,,,-1.6483516483516536,9.478021978021989,8.104395604395599,,,,4110.0,3520.0,12.91208791208791,-3.296703296703296,False,False,
2026-08-13,6522,除外,買い,58.18,2.15,+1.63σ,なし,底固め,2165.0,2081.0,2025.0,,,,13.887427669647545,9.468700683850596,6.52288269331931,,,,2301.0,1922.0,21.041557075223572,1.104681746449243,False,False,
2026-08-13,6521,C,買い,47.98,0.85,+0.75σ,なし,底固め,3400.0,3380.0,3360.0,,,,-1.1627906976744207,-1.744186046511631,-2.3255813953488413,,,,3585.0,3300.0,4.215116279069764,-4.069767441860462,False,False,
2026-08-13,8252,C,買い,54.11,0.8,+0.29σ,なし,底固め,2968.0,2944.5,2941.5,,,,-0.30231776956667344,-1.091703056768556,-1.1924756466241138,,,,2993.5,2907.0,0.5542492442055735,-2.3513604299630453,False,False,
2026-08-13,6572,C,買い,61.78,0.24,+0.42σ,はらみ足,底固め,258.0,263.0,258.0,,,,3.6144578313253017,5.622489959839361,3.6144578313253017,,,,267.0,245.0,7.2289156626506035,-1.6064257028112428,False,False,
2026-08-13,3002,C,買い,69.71,0.83,+1.72σ,はらみ足,底固め,4235.0,4240.0,4240.0,,,,0.7134363852556502,0.832342449464929,0.832342449464929,,,,4270.0,4190.0,1.5457788347205792,-0.3567181926278251,False,False,
2026-08-13,3276,除外,買い,95.0,0.94,+1.37σ,はらみ足,底固め,2245.0,2244.0,2244.0,,,,0.04456327985740138,0.0,0.0,,,,2245.0,2244.0,0.04456327985740138,0.0,False,False,
2026-08-13,3168,除外,買い,66.08,0.85,+1.69σ,なし,底固め,1500.0,1570.0,1515.0,,,,-2.088772845953002,2.4804177545691974,-1.1096605744125299,,,,1651.0,1482.0,7.767624020887731,-3.2637075718015662,False,False,
2026-08-13,7911,除外,買い,68.32,4.1,+2.96σ,なし,底固め,5281.0,5433.0,5201.0,,,,-3.065345080763582,-0.2753303964757703,-4.533773861967694,,,,5629.0,5151.0,3.322320117474309,-5.451541850220265,False,False,
2026-08-13,4914,C,買い,68.14,0.79,+1.90σ,なし,底固め,1280.0,1272.0,1276.0,,,,0.6289308176100628,0.0,0.3144654088050425,,,,1289.0,1259.0,1.3364779874213806,-1.0220125786163492,False,False,
2026-08-13,6769,C,買い,55.31,0.48,+1.30σ,なし,底固め,1102.0,1140.0,1154.0,,,,1.0082493125572967,4.491292392300639,5.774518790100824,,,,1175.0,1083.0,7.699358386801092,-0.7332722273143855,False,False,
2026-08-13,4973,C,買い,50.68,0.38,+0.54σ,なし,底固め,4890.0,4880.0,4855.0,,,,1.6632016632016633,1.455301455301461,0.9355509355509328,,,,4930.0,4790.0,2.494802494802495,-0.4158004158004158,False,False,
2026-08-13,6645,除外,買い,69.94,1.35,+1.92σ,なし,底固め,7004.0,7043.0,6850.0,,,,0.028563267637826684,0.5855469865752694,-2.1708083404741507,,,,7245.0,6832.0,3.470437017994854,-2.427877749214513,False,False,
2026-08-13,6616,C,買い,56.34,2.44,+1.80σ,なし,底固め,2075.0,2159.0,2044.0,,,,-1.98393953708077,1.983939537080781,-3.4482758620689613,,,,2166.0,2024.0,2.314596126594237,-4.393008974964574,False,False,
2026-08-13,6862,除外,買い,79.72,0.08,+3.08σ,なし,底固め,3800.0,3925.0,3845.0,,,,10.144927536231885,13.768115942028981,11.449275362318833,,,,4230.0,3480.0,22.608695652173914,0.8695652173912993,False,False,
2026-08-13,7826,除外,買い,63.38,0.92,+1.93σ,はらみ足,底固め,8510.0,9160.0,8640.0,,,,-0.93131548311991,6.635622817229336,0.5820721769499437,,,,9340.0,8420.0,8.731082654249134,-1.9790454016297976,False,False,
2026-08-13,7906,除外,買い,70.74,1.4,+2.50σ,はらみ足,アンチ,2830.0,2744.0,2756.0,,,,0.21246458923511735,-2.832861189801694,-2.4079320113314484,,,,2955.0,2704.0,4.6388101983002805,-4.249291784702547,False,False,
2026-08-13,4107,C,買い,52.87,0.83,+1.33σ,なし,底固め,3730.0,3850.0,3800.0,,,,-0.7978723404255317,2.393617021276606,1.0638297872340496,,,,3935.0,3660.0,4.654255319148937,-2.659574468085102,False,False,
2026-08-13,4165,C,買い,56.77,1.07,+0.89σ,陰線→陽線,底固め,683.0,699.0,723.0,,,,14.983164983164986,17.676767676767668,21.717171717171713,,,,729.0,603.0,22.72727272727273,1.5151515151515138,True,False,
2026-08-13,4062,除外,買い,58.98,1.22,+1.83σ,なし,底固め,20785.0,21580.0,20875.0,,,,-3.5946196660482377,0.09276437847867136,-3.17717996289425,,,,22500.0,20430.0,4.359925788497221,-5.241187384044532,False,False,
2026-08-13,7762,除外,買い,68.06,1.34,+2.12σ,なし,底固め,2751.0,2801.0,2600.0,,,,2.9951329090228462,4.867090977162114,-2.658180456757764,,,,2920.0,2600.0,9.322351179333577,-2.658180456757764,False,False,
2026-08-13,2175,C,買い,51.04,0.67,-0.42σ,なし,底固め,2353.0,2286.0,2284.0,,,,2.527233115468408,-0.39215686274509665,-0.4793028322440107,,,,2361.0,2254.0,2.875816993464042,-1.7864923747276662,False,False,
2026-08-13,2229,C,買い,55.76,0.72,+0.73σ,陰線→陽線 / はらみ足,アンチ,3045.0,3006.0,3011.0,,,,0.13153567905295205,-1.1509371917132527,-0.9865175928970737,,,,3052.0,2985.5,0.36172311739559593,-1.8250575468595875,False,False,
2026-08-13,3086,C,買い,48.71,0.89,-0.50σ,なし,底固め,2914.0,2854.0,2848.5,,,,-2.0339552866027955,-4.05110102538242,-4.236006051437213,,,,2980.0,2831.5,0.18490502605479353,-4.807530677424776,False,False,
2026-08-13,2801,C,買い,63.03,0.85,+1.56σ,陰線→陽線 / はらみ足,アンチ,1792.0,1781.5,1770.0,,,,0.7307476110174349,0.14052838673412893,-0.5059021922428353,,,,1808.0,1748.0,1.630129286115789,-1.7425519955030944,False,False,
2026-08-13,6027,除外,買い,82.6,10.97,+3.87σ,なし,底固め,3750.0,3360.0,3740.0,,,,19.047619047619047,6.666666666666665,18.73015873015873,,,,4000.0,3340.0,26.984126984126977,6.0317460317460325,False,False,
2026-08-13,6217,C,買い,49.5,0.33,+1.11σ,なし,底固め,828.0,928.0,884.0,,,,4.020100502512558,16.582914572864315,11.05527638190955,,,,956.0,803.0,20.100502512562812,0.8793969849246297,False,False,
2026-08-13,2975,C,買い,59.91,1.11,+1.78σ,なし,底固め,1585.0,1618.0,1591.0,,,,-0.8135168961201478,1.251564455569465,-0.43804755944931717,,,,1625.0,1578.0,1.689612015018782,-1.251564455569465,False,False,
2026-08-13,5381,除外,買い,58.98,0.85,+1.81σ,なし,底固め,964.0,961.0,984.0,,,,-0.9249743062692661,-1.2332990750256956,1.130524152106882,,,,1043.0,943.0,7.194244604316546,-3.083247687564239,False,False,
2026-08-13,6506,C,買い,48.74,0.52,+1.16σ,なし,底固め,5431.0,5472.0,5171.0,,,,-0.8941605839416056,-0.14598540145985828,-5.63868613138686,,,,5639.0,5171.0,2.9014598540145986,-5.63868613138686,False,False,
2026-08-13,6525,C,買い,53.15,1.1,+0.62σ,なし,底固め,9187.0,9306.0,8660.0,,,,1.9079312257348935,3.2279534109816987,-3.9378813089295583,,,,9559.0,8598.0,6.03438713255684,-4.6256239600665605,False,False,
2026-08-13,8117,C,買い,58.13,1.7,+0.92σ,なし,底固め,2166.0,2166.0,2143.0,,,,-0.2303086135421517,-0.2303086135421517,-1.2897282358360185,,,,2188.0,2126.0,0.7830492860432914,-2.072777521879321,False,False,
2026-08-13,4023,C,買い,66.38,0.96,+1.66σ,なし,底固め,4500.0,4515.0,4570.0,,,,0.11123470522802492,0.4449388209121219,1.6685205784204626,,,,4590.0,4435.0,2.1134593993325845,-1.3348164627363768,False,False,
2026-08-13,7199,C,買い,57.54,1.33,+1.23σ,なし,底固め,2134.0,2109.0,2064.0,,,,-0.5591798695246952,-1.7241379310344862,-3.821062441752099,,,,2170.0,2063.0,1.1183597390493905,-3.8676607642124883,False,False,
2026-08-13,7458,C,買い,54.98,0.61,+0.40σ,なし,底固め,1825.0,1827.5,1833.0,,,,0.6063947078279952,0.7442116868798143,1.0474090407938341,,,,1839.0,1791.5,1.378169790518191,-1.240352811466372,False,False,
2026-08-13,4204,C,買い,54.97,0.84,+0.05σ,なし,底固め,2693.5,2652.5,2656.0,,,,0.6539611360239173,-0.8781763826606892,-0.7473841554558991,,,,2693.5,2631.0,0.6539611360239173,-1.681614349775784,False,False,
2026-08-13,4373,C,買い,58.69,0.71,+0.72σ,なし,底固め,1172.0,1146.0,1125.0,,,,3.900709219858145,1.5957446808510634,-0.26595744680850686,,,,1182.0,1093.0,4.78723404255319,-3.1028368794326244,False,False,
2026-08-13,4385,C,買い,57.59,0.65,+0.86σ,陰線→陽線 / はらみ足,底固め,4851.0,4610.0,4473.0,,,,2.3417721518987245,-2.742616033755274,-5.63291139240506,,,,4933.0,4473.0,4.071729957805914,-5.63291139240506,False,False,
2026-08-13,4413,C,買い,46.07,0.48,-0.86σ,なし,底固め,2843.0,2861.0,2942.0,,,,3.2316630355845977,3.8852578068264254,6.8264342774146725,,,,2978.0,2764.0,8.133623819898329,0.3631082062454549,False,False,
2026-08-13,7545,C,買い,52.67,0.87,+0.40σ,なし,底固め,2019.0,1996.0,2017.0,,,,0.49776007964161817,-0.6470881035340992,0.3982080637132901,,,,2024.0,1984.0,0.7466401194624162,-1.2444001991040343,False,False,
2026-08-13,3660,C,買い,59.86,1.63,+0.70σ,なし,底固め,517.0,560.0,525.0,,,,18.306636155606416,28.14645308924486,20.13729977116705,,,,569.0,511.0,30.205949656750562,16.933638443935916,True,False,
2026-08-13,3608,C,買い,54.1,0.79,+0.00σ,なし,底固め,1267.0,1257.0,1255.0,,,,2.924451665312744,2.1121039805036546,1.9496344435418367,,,,1282.0,1235.0,4.142973192526411,0.32493907392363575,False,False,
2026-08-13,9997,C,買い,50.3,0.49,-0.59σ,はらみ足,底固め,1033.0,1027.0,1039.0,,,,1.3738959764475034,0.7850834151128527,1.9627085377821318,,,,1052.0,1014.0,3.238469087340534,-0.4906771344455385,False,False,
2026-08-13,9983,C,買い,43.37,0.77,-1.05σ,はらみ足,底固め,77120.0,76820.0,75010.0,,,,-0.29734970911441394,-0.6851971557853886,-3.025210084033614,,,,77970.0,74860.0,0.8015513897866811,-3.219133807369101,False,False,
2026-08-13,9900,除外,買い,73.86,1.82,+1.06σ,なし,底固め,2249.0,2229.0,2270.0,,,,2.9761904761904656,2.060439560439553,3.937728937728946,,,,2286.0,2186.0,4.670329670329676,0.09157509157509125,False,False,
2026-08-13,8876,C,買い,64.91,0.62,+1.89σ,なし,底固め,2161.0,2118.5,2122.0,,,,-0.36883356385430943,-2.3282618718303394,-2.166897187644079,,,,2179.0,2099.0,0.4610419548178868,-3.2272936837252186,False,False,
2026-08-13,9201,C,買い,58.09,1.0,+0.91σ,なし,底固め,3054.0,3029.0,2996.0,,,,0.8253549026081108,0.0,-1.0894684714427227,,,,3059.0,2990.0,0.9904258831297419,-1.2875536480686733,False,False,
2026-08-13,9418,C,買い,51.48,1.21,-0.05σ,なし,底固め,1727.0,1726.0,1729.0,,,,1.1124121779859442,1.053864168618257,1.2295081967213184,,,,1738.0,1700.0,1.7564402810304358,-0.4683840749414525,False,False,
2026-08-13,2327,C,買い,55.18,0.68,+0.04σ,なし,底固め,3837.0,3779.0,3769.0,,,,0.392464678178972,-1.125065410779702,-1.3867085295656723,,,,3873.0,3702.0,1.3343799058084693,-3.1397174254317095,False,False,
2026-08-13,9716,C,買い,55.61,0.57,-0.07σ,はらみ足,底固め,1221.0,1212.0,1209.0,,,,3.2121724429416743,2.4513947590870666,2.19780219780219,,,,1226.0,1185.0,3.6348267117497945,0.16906170752324368,False,False,
2026-08-13,7453,C,買い,64.72,0.53,+1.57σ,陰線→陽線 / はらみ足,底固め,4499.0,4345.0,4303.0,,,,0.4241071428571441,-3.0133928571428603,-3.9508928571428625,,,,4517.0,4262.0,0.8258928571428514,-4.866071428571428,False,False,
2026-08-13,3661,C,買い,62.74,0.85,+1.23σ,なし,底固め,836.0,792.0,819.0,,,,2.7027027027026973,-2.7027027027026973,0.6142506142506221,,,,848.0,785.0,4.176904176904173,-3.5626535626535616,False,False,
2026-08-13,2501,C,買い,52.85,1.33,-0.02σ,なし,底固め,2050.0,1952.0,1933.0,,,,2.193419740777669,-2.6919242273180433,-3.639082751744771,,,,2060.0,1912.5,2.6919242273180544,-4.6610169491525415,False,False,
2026-08-13,2492,C,買い,63.56,0.94,+1.14σ,なし,底固め,614.0,568.0,599.0,,,,5.498281786941583,-2.405498281786944,2.9209621993127044,,,,620.0,564.0,6.529209621993126,-3.0927835051546393,False,False,
2026-08-13,4544,C,買い,61.12,1.63,+1.65σ,はらみ足,底固め,3632.0,3542.0,3579.0,,,,1.057317751808573,-1.4468558708959356,-0.4173622704507496,,,,3651.0,3527.0,1.5859766277128484,-1.8642181413466852,False,False,
2026-08-13,2585,C,買い,48.47,1.33,+0.55σ,なし,底固め,1787.0,1676.0,1658.0,,,,20.17484868863484,12.710154673839934,11.49966375252185,,,,1896.0,1631.0,27.50504371217215,9.683927370544732,True,False,
2026-08-13,4676,C,買い,53.67,0.77,+0.47σ,なし,底固め,4130.0,4103.0,4160.0,,,,0.02421893921045193,-0.6296924194720277,0.7507871155243429,,,,4167.0,4040.0,0.920319689997573,-2.1554855897311653,False,False,
2026-08-13,7564,C,買い,53.24,0.58,+1.28σ,なし,底固め,6150.0,6200.0,6290.0,,,,-1.2841091492776902,-0.48154093097912964,0.9630818619582593,,,,6350.0,6100.0,1.9261637239165408,-2.0866773675762396,False,False,
2026-08-13,4324,C,買い,60.7,1.03,+1.02σ,なし,底固め,3778.0,3510.0,3504.0,,,,1.6411084207694326,-5.56900726392252,-5.730427764326073,,,,3797.0,3400.0,2.152273338714017,-8.528383104654292,False,True,
2026-08-13,4816,C,買い,53.03,0.97,-0.03σ,なし,底固め,2828.0,2813.0,2830.0,,,,0.2126151665485576,-0.3189227498228253,0.28348688873138794,,,,2867.0,2784.0,1.5946137491140933,-1.3465627214741316,False,False,
2026-08-13,3391,C,買い,53.51,1.03,-0.39σ,なし,底固め,2404.5,2371.0,2361.0,,,,0.5856515373352744,-0.8157289270027235,-1.2340514536707814,,,,2422.0,2332.5,1.317715959004384,-2.426270654674756,False,False,
2026-08-13,7988,C,買い,49.79,0.78,-0.76σ,なし,底固め,5112.0,5053.0,5059.0,,,,1.4688368400158858,0.2977371973005072,0.41683207622071894,,,,5147.0,5016.0,2.1635569670504173,-0.4366812227074246,False,False,
2026-08-13,4812,C,買い,63.4,0.38,-0.07σ,なし,底固め,2694.0,2656.0,2749.0,,,,0.18594272963927683,-1.2272220156191893,2.2313127556712553,,,,2770.0,2651.0,3.012272220156187,-1.413164745258455,False,False,
2026-08-13,7867,C,買い,56.37,0.48,+0.37σ,なし,底固め,3598.0,3600.0,3588.0,,,,-0.3047935716264938,-0.24937655860348684,-0.5818786367414841,,,,3642.0,3495.0,0.9143807148794592,-3.158769742310885,False,False,
2026-08-13,3498,除外,買い,71.8,1.37,+1.55σ,なし,底固め,8130.0,7970.0,7530.0,,,,0.2466091245376001,-1.7262638717632561,-7.151664611590625,,,,8240.0,7480.0,1.602959309494456,-7.768187422934647,False,True,
2026-08-13,2181,C,買い,66.7,1.13,+1.89σ,陰線→陽線,底固め,287.8999938964844,283.79998779296875,284.5,,,,1.803392466932241,0.35360247276121637,0.601131541725608,,,,287.8999938964844,279.8999938964844,1.803392466932241,-1.0254618470705967,False,False,
2026-08-13,4776,C,買い,60.91,1.17,+1.16σ,なし,底固め,2945.0,2919.0,2979.0,,,,5.935251798561159,5.000000000000004,7.158273381294955,,,,2997.0,2701.0,7.805755395683445,-2.8417266187050316,False,False,
2026-08-13,6902,C,買い,43.09,1.45,-0.99σ,なし,底固め,1955.0,1920.0,1933.5,,,,2.813568235603481,0.9729161188535285,1.6828819353142288,,,,1956.0,1898.5,2.866158296082033,-0.15777018143571242,False,False,
2026-08-13,4704,C,買い,61.84,1.04,+1.36σ,なし,底固め,5851.0,5352.0,5516.0,,,,-14.596409283316303,-21.88001751569114,-19.486206393227267,,,,5851.0,5302.0,-14.596409283316303,-22.60983797985695,False,True,
2026-08-13,4088,C,買い,43.02,0.76,-1.30σ,なし,底固め,2534.0,2549.0,2571.0,,,,0.6354249404289192,1.2311358220810087,2.1048451151707726,,,,2584.0,2504.0,2.6211278792692694,-0.5559968228752932,False,False,
2026-08-13,4180,C,買い,61.51,1.56,+1.07σ,なし,底固め,1132.0,1302.0,1273.0,,,,15.274949083503063,32.58655804480652,29.633401221995936,,,,1353.0,1132.0,37.78004073319756,15.274949083503063,True,False,
2026-08-13,2670,C,買い,58.29,0.71,+1.26σ,陰線→陽線 / はらみ足,底固め,2847.0,2785.0,2778.5,,,,0.8680248007086,-1.3286093888396855,-1.5589016829052227,,,,2847.0,2755.0,0.8680248007086,-2.391496899911427,False,False,
2026-08-13,5027,C,買い,60.58,1.44,+1.68σ,はらみ足,底固め,623.0,723.0,771.0,,,,5.952380952380953,22.959183673469386,31.122448979591844,,,,780.0,587.0,32.65306122448979,-0.170068027210879,True,False,
2026-08-13,5032,C,買い,64.21,1.05,+1.21σ,なし,底固め,2830.0,2802.0,2794.0,,,,2.6478055857816374,1.6322089227421177,1.3420384475879565,,,,2848.0,2768.0,3.300689154878489,0.39898440333696605,False,False,
2026-08-13,5101,C,買い,51.5,0.73,+0.11σ,なし,底固め,7850.0,7660.0,7647.0,,,,2.937319695777596,0.44584316810909463,0.2753737214791441,,,,7995.0,7539.0,4.8387096774193505,-1.140833988985046,False,False,
2026-08-13,5253,C,買い,48.24,1.83,-0.53σ,なし,底固め,1529.0,1538.0,1540.0,,,,0.1965923984272644,0.7863695937090354,0.917431192660545,,,,1571.0,1469.0,2.9488859764089215,-3.735255570117957,False,False,
2026-08-13,2749,除外,買い,68.05,2.49,+2.34σ,なし,底固め,650.0,643.0,653.0,,,,-1.0654490106544956,-2.13089802130898,-0.60882800608828,,,,664.0,638.0,1.0654490106544845,-2.8919330289193357,False,False,
2026-08-13,6196,C,買い,49.18,0.65,-0.75σ,はらみ足,底固め,1342.0,1344.0,1329.0,,,,1.74374526156178,1.8953752843062999,0.7581501137225111,,,,1349.0,1315.0,2.2744503411675554,-0.30326004548900665,False,False,
2026-08-13,8425,C,買い,58.35,0.79,+1.04σ,なし,底固め,1359.0,1352.0,1351.0,,,,0.22123893805310324,-0.2949852507374673,-0.36873156342183133,,,,1364.0,1346.0,0.5899705014749346,-0.7374631268436627,False,False,
2026-08-13,6178,C,買い,52.11,0.68,-0.48σ,なし,底固め,2376.0,2394.5,2403.0,,,,-0.12610340479193294,0.651534258091635,1.0088272383354413,,,,2425.0,2359.5,1.9335855401429125,-0.8196721311475419,False,False,
2026-08-13,8706,除外,買い,69.5,0.8,+2.28σ,なし,底固め,1858.0,1840.0,1838.0,,,,0.3239740820734305,-0.6479481641468721,-0.7559395248380119,,,,1871.0,1833.0,1.025917926565878,-1.025917926565878,False,False,
2026-08-13,3923,C,買い,62.7,0.9,+1.35σ,陰線→陽線,底固め,1175.0,1100.0,1090.5,,,,7.404021937842775,0.5484460694698434,-0.31992687385740126,,,,1183.0,1064.5,8.135283363802559,-2.696526508226693,False,False,
2026-08-13,3865,C,買い,47.08,0.86,-1.30σ,なし,底固め,895.0,873.0,893.0,,,,-0.8859357696566983,-3.322259136212624,-1.1074197120708784,,,,906.0,865.0,0.33222591362125353,-4.208194905869322,False,False,
2026-08-13,9023,C,買い,50.37,0.57,-0.25σ,なし,底固め,1462.5,1445.5,1440.5,,,,0.44642857142858094,-0.7211538461538436,-1.0645604395604358,,,,1466.0,1431.0,0.6868131868131844,-1.717032967032972,False,False,
2026-08-13,9069,除外,買い,72.43,1.43,+2.04σ,なし,底固め,2305.0,2310.0,2342.5,,,,0.37012845634660785,0.5878510777269863,2.0030481166993352,,,,2354.0,2270.0,2.5038101458741524,-1.1539298933159192,False,False,
2026-08-13,9024,C,買い,42.5,1.76,-1.57σ,なし,底固め,3348.0,3278.0,3289.0,,,,3.2695866748920333,1.1104256631708775,1.4497223935842074,,,,3382.0,3236.0,4.318322023442311,-0.18507094386180922,False,False,
2026-08-13,1909,C,買い,58.28,0.23,+1.67σ,はらみ足,底固め,3700.0,3700.0,3700.0,,,,-0.13495276653171517,-0.13495276653171517,-0.13495276653171517,,,,3710.0,3700.0,0.13495276653170407,-0.13495276653171517,False,False,
2026-08-13,1887,C,買い,51.25,0.42,+0.81σ,なし,底固め,534.0,549.0,545.0,,,,1.9083969465648831,4.770992366412208,4.007633587786263,,,,551.0,522.0,5.15267175572518,-0.3816793893129722,False,False,
2026-08-17,6464,S,買い,40.9,1.47,-1.08σ,強気包み足 / 2～5日下落後の陽線,BB逆張り,345.0,,,,,,1.4705882352941124,,,,,,349.0,335.0,2.6470588235294024,-1.4705882352941124,False,False,
2026-08-17,4755,S,買い,44.76,1.53,-1.03σ,強気包み足 / 前日安値割れ反転 / 2～5日下落後の陽線,BB逆張り,772.7000122070312,,,,,,-0.6045777968830324,,,,,,801.2999877929688,772.7000122070312,3.0743488285269738,-0.6045777968830324,False,False,
2026-08-17,6787,S,買い,41.29,0.86,-0.71σ,陰線→陽線 / 強気包み足 / 2～5日下落後の陽線,BB逆張り / アンチ,18820.0,,,,,,-2.789256198347112,,,,,,20210.0,18680.0,4.390495867768585,-3.512396694214881,False,False,
2026-08-17,6656,S,買い,42.67,0.55,-0.61σ,陰線→陽線 / 強気包み足 / 前日安値割れ反転 / 2～5日下落後の陽線,BB逆張り / アンチ,855.0,,,,,,-5.837004405286339,,,,,,902.0,855.0,-0.6607929515418554,-5.837004405286339,False,False,
2026-08-17,4935,S,買い,43.08,0.28,-0.84σ,強気包み足 / 長い下ヒゲ（ハンマー） / 前日安値割れ反転 / 2～5日下落後の陽線,BB逆張り,220.0,,,,,,-3.508771929824561,,,,,,232.0,218.0,1.7543859649122862,-4.385964912280704,False,False,
2026-08-17,7211,S,買い,47.62,0.65,-0.78σ,陰線→陽線 / 長い下ヒゲ（ハンマー） / 2～5日下落後の陽線,BB逆張り / 底固め,349.0,,,,,,0.2873563218390718,,,,,,351.70001220703125,344.20001220703125,1.0632218985721975,-1.0919505152209075,False,False,
2026-08-17,4889,除外,買い,43.69,2.01,-0.85σ,2～5日下落後の陽線,BB逆張り / アンチ,1300.0,,,,,,-1.5151515151515138,,,,,,1332.0,1244.0,0.9090909090909038,-5.757575757575761,False,False,
2026-08-17,4971,S,買い,44.08,1.48,-0.59σ,陰線→陽線 / 強気包み足 / はらみ足 / 2～5日下落後の陽線,BB逆張り,7510.0,,,,,,-5.771643663739024,,,,,,8020.0,7500.0,0.6273525721455453,-5.8971141781681276,False,False,
2026-08-17,6278,S,買い,47.09,0.56,+0.24σ,陰線→陽線 / 強気包み足 / 前日安値割れ反転 / 2～5日下落後の陽線,アンチ,16110.0,,,,,,-6.118881118881115,,,,,,17400.0,16010.0,1.3986013986013957,-6.701631701631705,False,False,
2026-08-17,6807,S,買い,46.57,0.82,-0.71σ,陰線→陽線 / 強気包み足 / 前日安値割れ反転 / 2～5日下落後の陽線,BB逆張り / アンチ,2380.0,,,,,,1.4925373134328401,,,,,,2414.0,2342.0,2.9424307036247432,-0.12793176972281106,False,False,
2026-08-17,3449,S,買い,39.45,0.5,-0.79σ,陰線→陽線 / 2～5日下落後の陽線,BB逆張り / BB＋RSI＋ストキャス,3995.0,,,,,,-4.880952380952386,,,,,,4380.0,3945.0,4.285714285714293,-6.071428571428572,False,False,
2026-08-17,4275,S,買い,42.42,0.63,-1.11σ,強気包み足 / はらみ足 / 2～5日下落後の陽線,BB逆張り,2101.0,,,,,,-1.222378937470614,,,,,,2193.0,2101.0,3.1029619181946355,-1.222378937470614,False,False,
2026-08-17,3692,S,買い,39.16,1.15,-1.56σ,強気包み足 / 2～5日下落後の陽線,BB逆張り,4745.0,,,,,,0.10548523206750371,,,,,,5000.0,4705.0,5.485232067510548,-0.7383966244725704,False,False,
2026-08-17,6310,S,買い,46.46,1.02,-0.84σ,強気包み足 / 2～5日下落後の陽線,BB逆張り,1804.0,,,,,,0.27793218454696955,,,,,,1816.0,1778.0,0.9449694274596965,-1.1673151750972721,False,False,
2026-08-17,7318,S,買い,35.91,0.92,-1.45σ,2～5日下落後の陽線,BB逆張り / BB＋RSI＋ストキャス,1551.0,,,,,,0.3883495145631022,,,,,,1635.0,1520.0,5.825242718446599,-1.6181229773462813,False,False,
2026-08-17,7746,S,買い,52.56,1.93,+1.45σ,2～5日下落後の陽線,底固め,745.0,,,,,,-2.994791666666663,,,,,,780.0,745.0,1.5625,-2.994791666666663,False,False,
2026-08-17,6707,A,買い,43.12,1.14,-0.63σ,強気包み足 / 2～5日下落後の陽線,アンチ,8139.0,,,,,,-3.371720289683011,,,,,,8445.0,8065.0,0.26118959990502066,-4.250267125727181,False,False,
2026-08-17,6498,A,買い,42.4,0.61,-0.79σ,長い下ヒゲ（ハンマー） / 2～5日下落後の陽線,BB逆張り,2021.0,,,,,,-3.486150907354346,,,,,,2105.0,2021.0,0.5253104106972328,-3.486150907354346,False,False,
2026-08-17,6367,A,買い,28.03,0.43,-1.46σ,なし,アンチ,21115.0,,,,,,-1.5617715617715633,,,,,,21465.0,21090.0,0.06993006993007977,-1.6783216783216814,False,False,
2026-08-17,4320,A,買い,40.53,1.55,-0.94σ,なし,アンチ,1657.0,,,,,,0.0,,,,,,1658.0,1654.0,0.060350030175015945,-0.18105009052504784,False,False,
2026-08-17,9256,除外,買い,32.29,0.38,-0.67σ,陰線→陽線 / 2～5日下落後の陽線,アンチ,1198.0,,,,,,-4.083266613290637,,,,,,1248.0,1180.0,-0.08006405124099114,-5.5244195356285,False,False,
2026-08-17,7224,A,買い,52.12,0.62,+1.11σ,陰線→陽線 / 強気包み足 / 2～5日下落後の陽線,底固め / アンチ,2016.0,,,,,,-0.34602076124568004,,,,,,2042.0,2010.0,0.9391992090953982,-0.6426099851705391,False,False,
2026-08-17,4626,A,買い,51.34,0.67,+1.01σ,陰線→陽線 / 2～5日下落後の陽線,底固め / アンチ,4790.0,,,,,,-1.3388259526261548,,,,,,4880.0,4776.0,0.5149330587023604,-1.627188465499485,False,False,
2026-08-17,6524,除外,買い,57.17,1.01,+1.68σ,陰線→陽線 / 2～5日下落後の陽線,底固め / アンチ,4930.0,,,,,,-3.522504892367906,,,,,,5360.0,4910.0,4.89236790606653,-3.9138943248532287,False,False,
2026-08-17,6194,除外,買い,73.67,1.44,+2.07σ,強気包み足 / 前日安値割れ反転,底固め,899.0,,,,,,-1.1001100110010986,,,,,,908.0,892.0,-0.11001100110010764,-1.8701870187018743,False,False,
2026-08-17,3445,A,買い,45.55,0.99,-0.42σ,陰線→陽線 / 長い下ヒゲ（ハンマー） / 2～5日下落後の陽線,アンチ,5950.0,,,,,,-6.299212598425196,,,,,,6450.0,5930.0,1.5748031496062964,-6.614173228346454,False,False,
2026-08-17,4368,A,買い,43.45,0.7,-0.75σ,陰線→陽線 / はらみ足 / 2～5日下落後の陽線,BB逆張り,3385.0,,,,,,-3.8352272727272707,,,,,,3590.0,3385.0,1.9886363636363535,-3.8352272727272707,False,False,
2026-08-17,4182,A,買い,46.97,1.31,-0.07σ,陰線→陽線 / 2～5日下落後の陽線,アンチ,3993.0,,,,,,-5.513487931850447,,,,,,4156.0,3973.0,-1.6564126833885418,-5.986748698532896,False,False,
2026-08-17,6844,A,買い,45.17,0.87,-0.51σ,陰線→陽線 / 2～5日下落後の陽線,BB逆張り,3240.0,,,,,,-2.8485757121439303,,,,,,3355.0,3240.0,0.599700149925031,-2.8485757121439303,False,False,
2026-08-17,1407,A,買い,57.33,0.74,+1.19σ,陰線→陽線 / はらみ足 / 2～5日下落後の陽線,アンチ,2740.0,,,,,,-1.9327129563350032,,,,,,2841.0,2740.0,1.6821760916249096,-1.9327129563350032,False,False,
2026-08-17,9324,A,買い,60.48,0.9,+0.64σ,強気包み足 / 前日安値割れ反転,底固め / アンチ,2597.0,,,,,,1.0112796577207206,,,,,,2607.0,2545.0,1.4002333722286986,-1.0112796577207317,False,False,
2026-08-17,3093,A,買い,54.1,1.02,+1.03σ,強気包み足 / 前日安値割れ反転,底固め / アンチ,2150.0,,,,,,1.1288805268109048,,,,,,2158.0,2103.0,1.5051740357478804,-1.0818438381937967,False,False,
2026-08-17,6516,A,買い,54.03,0.61,+1.34σ,陰線→陽線 / 強気包み足 / 前日安値割れ反転,底固め / アンチ,5830.0,,,,,,-3.1561461794019974,,,,,,6120.0,5810.0,1.661129568106312,-3.488372093023251,False,False,
2026-08-17,3104,A,買い,50.28,0.55,+0.33σ,陰線→陽線 / 2～5日下落後の陽線,アンチ,3665.0,,,,,,-3.1704095112285335,,,,,,3835.0,3650.0,1.3210039630118908,-3.566710700132103,False,False,
2026-08-17,6584,A,買い,52.36,0.69,+1.53σ,強気包み足 / 2～5日下落後の陽線,アンチ,840.0,,,,,,-1.7543859649122862,,,,,,878.0,835.0,2.6900584795321647,-2.3391812865497075,False,False,
2026-08-17,2802,A,買い,62.37,0.8,+2.11σ,陰線→陽線 / 強気包み足 / 前日安値割れ反転,底固め / アンチ,5535.0,,,,,,-3.251179863660203,,,,,,5663.0,5443.0,-1.0138087746897395,-4.859290333857713,False,False,
2026-08-17,8789,除外,買い,87.62,3.38,+3.06σ,強気包み足,底固め,164.0,,,,,,1.2345679012345734,,,,,,165.0,158.0,1.85185185185186,-2.4691358024691357,False,False,
2026-08-17,6908,A,買い,51.37,0.58,+1.56σ,強気包み足 / 前日安値割れ反転,底固め / アンチ,2814.0,,,,,,-0.9503695881731833,,,,,,2841.0,2802.0,0.0,-1.372756071805703,False,False,
2026-08-17,1938,A,買い,50.98,1.05,+1.08σ,強気包み足 / 前日安値割れ反転,底固め / アンチ,2479.0,,,,,,-1.2350597609561698,,,,,,2520.0,2447.0,0.3984063745019917,-2.5099601593625454,False,False,
2026-08-17,9072,A,買い,55.38,0.5,+1.47σ,陰線→陽線 / 強気包み足 / 前日安値割れ反転,底固め / アンチ,5725.0,,,,,,5.413367703921934,,,,,,5929.0,5371.0,9.169582029092238,-1.1047689191677423,False,False,
2026-08-17,6023,A,買い,62.5,1.16,+1.42σ,2～5日下落後の陽線,アンチ,3060.0,,,,,,-0.649350649350644,,,,,,3115.0,3030.0,1.1363636363636465,-1.6233766233766267,False,False,
2026-08-17,5985,除外,買い,78.32,1.42,+2.46σ,強気包み足,底固め,2434.0,,,,,,3.2230703986429132,,,,,,2482.0,2335.0,5.25869380831212,-0.9754028837998252,False,False,
2026-08-17,5121,A,買い,67.01,0.84,+1.50σ,強気包み足 / 2～5日下落後の陽線,アンチ,2773.0,,,,,,-0.9996429846483412,,,,,,2813.0,2758.0,0.4284184219921494,-1.5351660121385224,False,False,
2026-08-17,4165,除外,買い,72.97,2.29,+2.93σ,強気包み足,底固め,723.0,,,,,,3.433476394849788,,,,,,729.0,692.0,4.29184549356223,-1.0014306151645225,False,False,
2026-08-17,9308,除外,買い,82.77,1.31,+1.80σ,強気包み足,底固め,2120.0,,,,,,-1.257568700512346,,,,,,2168.0,2106.0,0.9781089892873851,-1.909641360037262,False,False,
2026-08-17,1723,A,買い,48.73,0.76,-0.07σ,陰線→陽線 / 2～5日下落後の陽線,アンチ,2117.0,,,,,,-3.421532846715325,,,,,,2250.0,2115.0,2.6459854014598605,-3.512773722627738,False,False,
2026-08-17,6838,除外,買い,56.17,0.9,+1.70σ,強気包み足 / はらみ足 / 長い下ヒゲ（ハンマー）,底固め / アンチ,1514.0,,,,,,-4.5397225725094525,,,,,,1580.0,1505.0,-0.3783102143757877,-5.10718789407314,False,False,
2026-08-17,6619,A,買い,48.08,0.85,+1.35σ,強気包み足 / 前日安値割れ反転,底固め / アンチ,162.0,,,,,,0.0,,,,,,168.0,161.0,3.703703703703698,-0.6172839506172867,False,False,
2026-08-17,1893,B,買い,41.92,0.89,-0.71σ,なし,BB逆張り,1438.5,,,,,,-1.7753499487879854,,,,,,1479.0,1435.5,0.990099009900991,-1.980198019801982,False,False,
2026-08-17,8995,除外,買い,80.88,4.37,+3.12σ,長い下ヒゲ（ハンマー）,底固め,2380.0,,,,,,20.2020202020202,,,,,,2380.0,2380.0,20.2020202020202,20.2020202020202,False,False,
2026-08-17,1951,B,買い,51.47,0.75,+1.00σ,2～5日下落後の陽線,底固め / アンチ,2617.5,,,,,,-1.5977443609022535,,,,,,2663.5,2617.0,0.1315789473684159,-1.6165413533834605,False,False,
2026-08-17,1945,B,買い,53.67,0.98,+1.56σ,陰線→陽線 / 2～5日下落後の陽線,底固め / アンチ,2077.0,,,,,,-0.47915668423574864,,,,,,2138.0,2064.0,2.4436990896022914,-1.1020603737422086,False,False,
2026-08-17,1944,B,買い,46.33,0.55,-0.35σ,2～5日下落後の陽線,BB逆張り / アンチ,6856.0,,,,,,-3.2048566991387806,,,,,,7044.0,6852.0,-0.5506141465480674,-3.2613299449385846,False,False,
2026-08-17,1926,B,買い,45.28,0.55,-0.15σ,2～5日下落後の陽線,底固め,3775.0,,,,,,-0.5270092226614009,,,,,,3795.0,3765.0,0.0,-0.7905138339920903,False,False,
2026-08-17,7059,除外,買い,79.34,1.33,+2.47σ,陰線→陽線 / 強気包み足 / 前日安値割れ反転,アンチ,922.0,,,,,,-1.1789924973204746,,,,,,937.0,911.0,0.4287245444801746,-2.357984994640938,False,False,
2026-08-17,1968,B,買い,47.35,0.91,+0.27σ,陰線→陽線,BB逆張り / 底固め,2385.0,,,,,,-1.9728729963008673,,,,,,2465.0,2381.0,1.3152486642005856,-2.1372790793259377,False,False,
2026-08-17,2334,B,買い,56.4,1.67,+1.50σ,陰線→陽線 / 前日安値割れ反転,底固め / アンチ,547.0,,,,,,-0.9057971014492794,,,,,,572.0,537.0,3.6231884057970953,-2.717391304347827,False,False,
2026-08-17,7685,B,買い,56.95,3.43,+1.80σ,陰線→陽線 / 前日安値割れ反転,底固め / アンチ,3190.0,,,,,,-6.176470588235294,,,,,,3285.0,3140.0,-3.3823529411764697,-7.647058823529407,False,False,
2026-08-17,8697,B,買い,50.51,0.72,-0.36σ,なし,底固め,2191.5,,,,,,-1.3504388926401045,,,,,,2220.0,2183.5,-0.06752194463200967,-1.710555930677471,False,False,
2026-08-17,7917,B,買い,45.75,0.64,-0.87σ,強気包み足,BB逆張り,1300.0,,,,,,-0.8390541571319576,,,,,,1318.0,1295.0,0.5339435545385296,-1.2204424103737566,False,False,
2026-08-17,7760,B,買い,46.79,0.77,-0.31σ,強気包み足,アンチ,2086.0,,,,,,-4.87916096671227,,,,,,2219.0,2081.0,1.1855905152758694,-5.107159142726858,False,False,
2026-08-17,7747,除外,買い,72.21,3.28,+2.37σ,長い下ヒゲ（ハンマー）,底固め / アンチ,4100.0,,,,,,-0.07311723129417302,,,,,,4282.0,4083.0,4.362661467219109,-0.48744820862783866,False,False,
2026-08-17,6742,除外,買い,65.24,1.36,+1.86σ,陰線→陽線 / 強気包み足 / 前日安値割れ反転,アンチ,1060.0,,,,,,-1.6697588126159513,,,,,,1100.0,1049.0,2.0408163265306145,-2.6901669758812585,False,False,
2026-08-17,2484,B,買い,62.73,0.74,+1.23σ,陰線→陽線 / 前日安値割れ反転 / 2～5日下落後の陽線,アンチ,148.0,,,,,,0.0,,,,,,150.0,143.0,1.3513513513513598,-3.378378378378377,False,False,
2026-08-17,6013,B,買い,40.98,0.68,-1.01σ,陰線→陽線,BB逆張り,3235.0,,,,,,-0.4615384615384577,,,,,,3280.0,3220.0,0.9230769230769154,-0.9230769230769265,False,False,
2026-08-17,6238,B,買い,53.64,1.14,+0.63σ,2～5日下落後の陽線,BB逆張り,1401.0,,,,,,1.0093727469358438,,,,,,1410.0,1359.0,1.6582552271088735,-2.0187454938716654,False,False,
2026-08-17,6226,除外,買い,48.71,1.46,-0.34σ,なし,BB逆張り / アンチ,2366.0,,,,,,6.576576576576576,,,,,,2449.0,2313.0,10.31531531531531,4.18918918918918,False,False,
2026-08-17,6178,B,買い,53.8,0.59,-0.18σ,陰線→陽線 / はらみ足 / 2～5日下落後の陽線,底固め / アンチ,2403.0,,,,,,0.35498016287325296,,,,,,2415.0,2372.0,0.8561286281060676,-0.9396533723115441,False,False,
2026-08-17,6143,B,買い,52.51,0.6,+0.81σ,陰線→陽線 / 強気包み足 / 2～5日下落後の陽線,アンチ,1788.0,,,,,,-2.0273972602739776,,,,,,1859.0,1773.0,1.8630136986301338,-2.8493150684931523,False,False,
2026-08-17,6136,B,買い,57.01,0.7,+1.10σ,陰線→陽線 / 前日安値割れ反転 / 2～5日下落後の陽線,アンチ,3828.0,,,,,,-3.2111251580278166,,,,,,4079.0,3819.0,3.135271807838169,-3.4386852085967146,False,False,
2026-08-17,5074,B,買い,42.67,2.28,-0.74σ,陰線→陽線 / 前日安値割れ反転,BB逆張り / アンチ,622.0,,,,,,-9.329446064139946,,,,,,669.0,620.0,-2.478134110787167,-9.620991253644318,False,False,
2026-08-17,5240,B,買い,54.82,0.8,+0.30σ,陰線→陽線 / 前日安値割れ反転,底固め,203.0,,,,,,-3.791469194312791,,,,,,220.0,200.0,4.2654028436019065,-5.213270142180093,False,False,
2026-08-17,4259,B,買い,41.26,1.59,-1.15σ,なし,BB逆張り,781.0,,,,,,5.5405405405405395,,,,,,798.0,738.0,7.837837837837847,-0.2702702702702675,False,False,
2026-08-17,3482,B,買い,46.49,0.84,-0.59σ,陰線→陽線 / 強気包み足,BB逆張り / アンチ,2601.0,,,,,,-1.589103291713967,,,,,,2632.0,2599.0,-0.4161937192584175,-1.66477487703367,False,False,
2026-08-17,5019,B,買い,58.24,0.75,+1.18σ,2～5日下落後の陽線,底固め,1370.5,,,,,,3.045112781954895,,,,,,1381.5,1329.5,3.872180451127827,-0.03759398496240296,False,False,
2026-08-17,4975,B,買い,41.77,0.66,-0.66σ,陰線→陽線 / はらみ足,BB逆張り,5460.0,,,,,,-4.878048780487809,,,,,,5720.0,5460.0,-0.34843205574912606,-4.878048780487809,False,False,
2026-08-17,4403,B,買い,50.97,0.87,+0.06σ,陰線→陽線 / はらみ足 / 2～5日下落後の陽線,底固め / アンチ,2748.5,,,,,,-0.43470385799674327,,,,,,2779.5,2737.5,0.688281108494837,-0.8331823944937478,False,False,
2026-08-17,4425,B,買い,46.14,0.6,+0.00σ,陰線→陽線 / はらみ足 / 2～5日下落後の陽線,底固め / アンチ,1626.0,,,,,,-4.183853859752507,,,,,,1725.0,1611.0,1.6499705362404304,-5.067766647024163,False,False,
2026-08-17,3776,B,買い,50.32,0.26,+0.75σ,陰線→陽線 / はらみ足 / 長い下ヒゲ（ハンマー） / 2～5日下落後の陽線,アンチ,248.0,,,,,,-2.3622047244094446,,,,,,255.0,248.0,0.3937007874015741,-2.3622047244094446,False,False,
2026-08-17,3798,B,買い,43.62,1.39,-1.49σ,長い下ヒゲ（ハンマー）,BB逆張り,518.0,,,,,,-1.8939393939393923,,,,,,527.0,516.0,-0.18939393939394478,-2.2727272727272707,False,False,
2026-08-17,3911,B,買い,42.58,0.66,-0.65σ,なし,BB逆張り,174.0,,,,,,-1.6949152542372836,,,,,,177.0,173.0,0.0,-2.259887005649719,False,False,
2026-08-17,3964,B,買い,63.18,1.66,+1.29σ,陰線→陽線 / 強気包み足 / 前日安値割れ反転,アンチ,1501.0,,,,,,1.077441077441077,,,,,,1518.0,1466.0,2.2222222222222143,-1.2794612794612803,False,False,
2026-08-17,4047,B,買い,44.68,1.17,-0.15σ,陰線→陽線 / 2～5日下落後の陽線,アンチ,2561.0,,,,,,-5.672191528545123,,,,,,2769.0,2557.0,1.9889502762430844,-5.819521178637199,False,False,
2026-08-17,9401,B,買い,45.04,0.82,-0.56σ,陰線→陽線 / 2～5日下落後の陽線,BB逆張り / アンチ,5832.0,,,,,,-1.469842878864669,,,,,,5878.0,5814.0,-0.6926845750971466,-1.7739483020780544,False,False,
2026-08-17,1786,B,買い,49.34,0.76,-0.64σ,強気包み足,BB逆張り,355.0,,,,,,-0.5602240896358524,,,,,,361.0,350.0,1.1204481792717047,-1.9607843137254943,False,False,
2026-08-17,1377,B,買い,53.19,0.55,-0.05σ,前日安値割れ反転,底固め / アンチ,4460.0,,,,,,1.82648401826484,,,,,,4470.0,4360.0,2.0547945205479534,-0.45662100456621557,False,False,
2026-08-17,9960,B,買い,46.47,0.73,-0.51σ,なし,BB逆張り / アンチ,3790.0,,,,,,-1.813471502590669,,,,,,3895.0,3790.0,0.90673575129534,-1.813471502590669,False,False,
2026-08-17,3299,B,買い,36.65,0.65,-1.20σ,陰線→陽線 / はらみ足,BB逆張り,1720.0,,,,,,-1.2629161882893203,,,,,,1741.0,1712.0,-0.05740528128588274,-1.7221584385763489,False,False,
2026-08-17,4022,除外,買い,65.84,0.77,+1.98σ,強気包み足,底固め,2442.0,,,,,,-3.668639053254441,,,,,,2573.0,2440.0,1.4990138067061176,-3.747534516765283,False,False,
2026-08-17,3856,B,買い,38.97,0.59,-0.69σ,なし,BB逆張り,380.0,,,,,,2.42587601078168,,,,,,386.0,370.0,4.043126684636111,-0.26954177897574594,False,False,
2026-08-17,3915,除外,買い,62.08,0.53,+1.98σ,強気包み足,底固め,2351.0,,,,,,-3.7264537264537267,,,,,,2439.0,2340.0,-0.12285012285012664,-4.176904176904173,False,False,
2026-08-17,7794,B,買い,53.26,1.16,+1.80σ,強気包み足,底固め,965.0,,,,,,-0.5154639175257714,,,,,,978.0,945.0,0.8247422680412342,-2.577319587628868,False,False,
2026-08-17,7613,除外,買い,83.28,1.32,+1.61σ,強気包み足,アンチ,1661.0,,,,,,-0.8949880668257748,,,,,,1687.0,1649.0,0.6563245823389074,-1.610978520286399,False,False,
2026-08-17,7912,B,買い,70.39,0.68,+1.62σ,強気包み足 / はらみ足 / 長い下ヒゲ（ハンマー）,アンチ,3307.0,,,,,,-0.361554685146126,,,,,,3321.0,3263.0,0.06025911419103025,-1.6872551973486027,False,False,
2026-08-17,7970,B,買い,54.38,0.26,+0.61σ,強気包み足 / 前日安値割れ反転,アンチ,2326.0,,,,,,-1.02127659574468,,,,,,2378.0,2326.0,1.191489361702125,-1.02127659574468,False,False,
2026-08-17,7220,除外,買い,53.74,0.5,+1.80σ,陰線→陽線 / 強気包み足 / はらみ足,底固め / アンチ,3620.0,,,,,,-1.7639077340569909,,,,,,3825.0,3560.0,3.7991858887381325,-3.3921302578018953,False,False,
2026-08-17,6387,除外,買い,53.84,1.09,+1.53σ,陰線→陽線 / 強気包み足,底固め / アンチ,9970.0,,,,,,-6.384976525821595,,,,,,10950.0,9950.0,2.8169014084507005,-6.572769953051639,False,False,
2026-08-17,6407,B,買い,47.71,0.8,+0.11σ,陰線→陽線 / 前日安値割れ反転 / 2～5日下落後の陽線,アンチ,5860.0,,,,,,-5.787781350482312,,,,,,6280.0,5850.0,0.9646302250803762,-5.9485530546623755,False,False,
2026-08-17,5802,B,買い,54.03,0.71,+1.44σ,強気包み足,底固め,2419.5,,,,,,-2.163364334816009,,,,,,2584.0,2402.5,4.488475535786485,-2.850788515972502,False,False,
2026-08-17,6882,B,買い,59.99,0.52,+1.83σ,陰線→陽線 / 強気包み足,底固め / アンチ,1237.0,,,,,,-1.669316375198726,,,,,,1278.0,1232.0,1.5898251192368873,-2.0667726550079535,False,False,
2026-08-17,6862,除外,買い,83.62,1.81,+2.40σ,強気包み足,アンチ,3845.0,,,,,,-2.0382165605095537,,,,,,4230.0,3710.0,7.770700636942673,-5.4777070063694255,False,False,
2026-08-17,6859,B,買い,58.57,0.37,+1.18σ,強気包み足 / はらみ足,底固め,4150.0,,,,,,-3.1505250875145885,,,,,,4265.0,4140.0,-0.4667444574095736,-3.3838973162193753,False,False,
2026-08-17,6800,B,買い,49.78,0.61,+0.86σ,陰線→陽線 / 強気包み足,底固め / アンチ,4225.0,,,,,,-4.949381327334079,,,,,,4555.0,4185.0,2.474690663667034,-5.849268841394828,False,False,
2026-08-17,6817,B,買い,48.53,0.44,+0.16σ,強気包み足 / 前日安値割れ反転,アンチ,1263.0,,,,,,-0.47281323877068626,,,,,,1288.0,1260.0,1.4972419227738287,-0.7092198581560294,False,False,
2026-08-17,5243,除外,買い,68.19,0.57,+1.83σ,強気包み足 / はらみ足 / 長い下ヒゲ（ハンマー）,アンチ,2570.0,,,,,,-0.11659541391372263,,,,,,2641.0,2530.0,2.6428293820442983,-1.671200932763306,False,False,
2026-08-17,5201,B,買い,43.76,0.64,-0.14σ,陰線→陽線 / 強気包み足 / はらみ足,底固め,5934.0,,,,,,-1.0340226817878606,,,,,,6061.0,5934.0,1.0840560373582386,-1.0340226817878606,False,False,
2026-08-17,1979,B,買い,39.72,0.57,-0.79σ,なし,BB逆張り,4070.0,,,,,,-1.6908212560386437,,,,,,4200.0,4060.0,1.449275362318847,-1.9323671497584516,False,False,
2026-08-17,5852,B,買い,43.02,0.71,-0.73σ,強気包み足,BB逆張り,679.0,,,,,,0.1474926253687281,,,,,,680.0,670.0,0.2949852507374562,-1.179941002949858,False,False,
2026-08-17,6264,B,買い,54.7,0.64,+1.73σ,陰線→陽線 / 強気包み足,底固め / アンチ,2200.0,,,,,,-1.4336917562724039,,,,,,2278.0,2192.0,2.0609318996415826,-1.7921146953404965,False,False,
2026-08-17,6616,除外,買い,57.96,0.68,+1.82σ,陰線→陽線 / 強気包み足,底固め / アンチ,2044.0,,,,,,-5.326540064844831,,,,,,2166.0,2044.0,0.3242241778601107,-5.326540064844831,False,False,
2026-08-17,6617,B,買い,52.6,0.44,+0.38σ,陰線→陽線 / 強気包み足 / 前日安値割れ反転,アンチ,7790.0,,,,,,-0.38363171355498826,,,,,,8140.0,7790.0,4.092071611253201,-0.38363171355498826,False,False,
2026-08-17,6196,B,買い,54.62,0.84,+0.52σ,強気包み足 / はらみ足,底固め,1329.0,,,,,,-1.1160714285714302,,,,,,1342.0,1328.0,-0.14880952380952328,-1.1904761904761862,False,False,
2026-08-17,9743,B,買い,68.11,0.73,+2.17σ,強気包み足,底固め / アンチ,1478.0,,,,,,-0.06761325219742931,,,,,,1490.0,1472.0,0.7437457741717335,-0.47329276538201626,False,False,
2026-08-17,9511,除外,買い,80.37,1.0,+1.58σ,強気包み足,底固め / アンチ,1136.0,,,,,,-0.5253940455341555,,,,,,1154.0,1123.0,1.050788091068311,-1.6637478108581405,False,False,
2026-08-17,6433,B,買い,53.52,0.65,+1.10σ,強気包み足,底固め / アンチ,1039.0,,,,,,0.8737864077669855,,,,,,1046.0,1000.0,1.553398058252431,-2.9126213592232997,False,False,
2026-08-17,2533,B,買い,48.65,0.92,-0.28σ,強気包み足,BB逆張り,468.0,,,,,,-1.473684210526316,,,,,,473.0,467.0,-0.42105263157894424,-1.684210526315788,False,False,
2026-08-17,9551,B,買い,51.79,0.63,+0.79σ,2～5日下落後の陽線,底固め / アンチ,3165.0,,,,,,-2.314814814814814,,,,,,3245.0,3165.0,0.15432098765431057,-2.314814814814814,False,False,
2026-08-17,7717,B,買い,49.43,0.54,+0.53σ,陰線→陽線 / 前日安値割れ反転,底固め,5900.0,,,,,,-2.960526315789469,,,,,,6250.0,5850.0,2.796052631578938,-3.7828947368421018,False,False,
2026-08-17,7564,B,買い,51.98,0.6,+0.97σ,陰線→陽線 / はらみ足 / 長い下ヒゲ（ハンマー） / 2～5日下落後の陽線,底固め,6290.0,,,,,,1.4516129032257963,,,,,,6350.0,6160.0,2.4193548387096753,-0.6451612903225823,False,False,
2026-08-17,4246,除外,買い,78.48,0.85,+1.91σ,強気包み足 / 長い下ヒゲ（ハンマー）,底固め,1143.0,,,,,,1.1504424778761013,,,,,,1150.0,1119.0,1.7699115044247815,-0.9734513274336276,False,False,
2026-08-17,8359,B,買い,62.95,0.62,+1.68σ,はらみ足 / 長い下ヒゲ（ハンマー）,底固め / アンチ,2730.0,,,,,,0.3123277604262453,,,,,,2779.5,2720.5,2.1311776593790244,-0.036744442403091604,False,False,
2026-08-17,7245,B,買い,50.93,0.58,+0.54σ,なし,底固め,1374.0,,,,,,-1.2931034482758674,,,,,,1427.0,1364.0,2.514367816091956,-2.011494252873558,False,False,
2026-08-17,4392,除外,買い,65.2,10.25,+2.63σ,強気包み足,底固め,1325.0,,,,,,7.72357723577235,,,,,,1377.0,1185.0,11.951219512195133,-3.658536585365857,False,False,
2026-08-17,7966,B,買い,46.98,0.25,-0.45σ,陰線→陽線 / 長い下ヒゲ（ハンマー） / 前日安値割れ反転,アンチ,6050.0,,,,,,-2.4193548387096753,,,,,,6220.0,6030.0,0.3225806451612856,-2.741935483870972,False,False,
2026-08-17,4063,B,買い,46.87,0.49,+0.13σ,前日安値割れ反転,底固め / アンチ,6242.0,,,,,,-2.239624119028971,,,,,,6405.0,6221.0,0.3132341425215346,-2.568519968676586,False,False,
2026-08-17,3284,B,買い,70.06,0.88,+1.96σ,強気包み足 / はらみ足 / 長い下ヒゲ（ハンマー）,底固め,1303.0,,,,,,0.5401234567901314,,,,,,1305.0,1289.0,0.694444444444442,-0.5401234567901203,False,False,
2026-08-17,3436,B,買い,55.25,0.67,+1.51σ,陰線→陽線 / 長い下ヒゲ（ハンマー） / 前日安値割れ反転,底固め / アンチ,3788.0,,,,,,-6.722482147254372,,,,,,4178.0,3782.0,2.881063777394721,-6.870229007633588,False,False,
2026-08-17,3443,除外,買い,67.95,1.51,+2.60σ,強気包み足,底固め,1426.0,,,,,,0.7773851590106018,,,,,,1439.0,1401.0,1.6961130742049413,-0.9893992932862195,False,False,
2026-08-17,9412,B,買い,48.07,0.64,+0.94σ,長い下ヒゲ（ハンマー） / 前日安値割れ反転,底固め / アンチ,2331.0,,,,,,-1.4376321353065546,,,,,,2445.0,2307.0,3.3826638477801207,-2.4524312896405887,False,False,
2026-08-17,6327,除外,買い,51.27,1.57,+1.24σ,陰線→陽線,底固め / アンチ,3935.0,,,,,,-1.2547051442910906,,,,,,4110.0,3700.0,3.1367628607277265,-7.151819322459218,False,False,
2026-08-17,6506,B,買い,48.69,0.35,+1.16σ,陰線→陽線 / 前日安値割れ反転,底固め / アンチ,5171.0,,,,,,-5.500730994152048,,,,,,5476.0,5171.0,0.07309941520468044,-5.500730994152048,False,False,
2026-08-17,6383,B,買い,50.49,1.09,+0.97σ,陰線→陽線 / 長い下ヒゲ（ハンマー） / 前日安値割れ反転,底固め / アンチ,6164.0,,,,,,-2.883251930045694,,,,,,6348.0,6123.0,0.01575547502756791,-3.5292264061761447,False,False,
2026-08-17,6613,除外,買い,55.63,1.65,+2.11σ,陰線→陽線,底固め / アンチ,2091.0,,,,,,0.3840614498319628,,,,,,2299.0,2015.0,10.369659145463284,-3.2645223235717724,False,False,
2026-08-17,6145,B,買い,44.53,0.7,-0.44σ,陰線→陽線,BB逆張り,2423.0,,,,,,-3.8492063492063466,,,,,,2524.0,2412.0,0.15873015873015817,-4.285714285714281,False,False,
2026-08-17,6232,B,買い,51.4,1.41,+0.57σ,前日安値割れ反転,底固め / アンチ,1719.0,,,,,,-2.6613816534541312,,,,,,1786.0,1711.0,1.1325028312570762,-3.1143827859569595,False,False,
2026-08-17,6762,B,買い,53.68,0.52,+1.61σ,陰線→陽線 / はらみ足 / 長い下ヒゲ（ハンマー）,底固め / アンチ,3139.0,,,,,,-3.2367447595560983,,,,,,3300.0,3119.0,1.726263871763245,-3.8532675709001207,False,False,
2026-08-17,6674,B,買い,47.87,0.78,+0.34σ,前日安値割れ反転,底固め,5519.0,,,,,,-2.851610631931001,,,,,,5769.0,5519.0,1.5490230593205423,-2.851610631931001,False,False,
2026-08-17,3196,B,買い,53.39,2.43,+0.15σ,強気包み足,底固め,1632.0,,,,,,0.43076923076923457,,,,,,1642.0,1610.0,1.0461538461538522,-0.9230769230769265,False,False,
2026-08-17,3186,B,買い,55.48,0.41,+1.80σ,はらみ足 / 長い下ヒゲ（ハンマー）,底固め / アンチ,3605.0,,,,,,-0.5517241379310311,,,,,,3660.0,3595.0,0.9655172413793212,-0.8275862068965467,False,False,
2026-08-17,6986,除外,買い,78.3,1.96,+2.13σ,強気包み足,底固め,670.0,,,,,,-2.3323615160349864,,,,,,696.0,670.0,1.4577259475218707,-2.3323615160349864,False,False,
2026-08-17,6981,B,買い,51.7,0.63,+1.05σ,陰線→陽線 / 長い下ヒゲ（ハンマー） / 前日安値割れ反転,底固め / アンチ,7496.0,,,,,,-9.577804583835947,,,,,,8364.0,7460.0,0.8926417370325623,-10.012062726176119,False,False,
2026-08-17,6976,B,買い,47.96,0.64,+0.67σ,陰線→陽線 / はらみ足 / 長い下ヒゲ（ハンマー）,底固め,9991.0,,,,,,-11.544931385568836,,,,,,11500.0,9784.0,1.814962372731288,-13.377600708278003,False,False,
2026-08-17,6966,B,買い,55.27,0.4,+1.43σ,長い下ヒゲ（ハンマー）,底固め / アンチ,966.0,,,,,,-1.1258955987717534,,,,,,1002.0,961.0,2.5588536335721557,-1.6376663254861867,False,False,
2026-08-17,7164,B,買い,56.62,0.71,+0.64σ,長い下ヒゲ（ハンマー）,底固め / アンチ,3137.0,,,,,,-0.06371455877668408,,,,,,3156.0,3106.0,0.5415737496017758,-1.0512902198152263,False,False,
2026-08-17,6962,B,買い,52.5,0.55,+1.37σ,前日安値割れ反転,底固め / アンチ,811.0,,,,,,-0.4907975460122671,,,,,,840.0,807.0,3.0674846625766916,-0.9815950920245453,False,False,
2026-08-17,6965,B,買い,58.56,0.57,+1.79σ,前日安値割れ反転,底固め / アンチ,2543.0,,,,,,-2.6230135937200805,,,,,,2646.5,2516.5,1.340225923798588,-3.637756078881871,False,False,
2026-08-17,6920,B,買い,45.82,0.53,-0.40σ,陰線→陽線 / 前日安値割れ反転,アンチ,37020.0,,,,,,-5.7055527254202705,,,,,,39580.0,36710.0,0.8150789607743292,-6.495160468670402,False,False,
2026-08-17,2982,B,買い,62.96,1.01,+2.12σ,陰線→陽線 / 長い下ヒゲ（ハンマー） / 前日安値割れ反転,底固め,420.0,,,,,,-1.869158878504673,,,,,,430.0,416.0,0.4672897196261738,-2.8037383177570097,False,False,
2026-08-17,2975,B,買い,61.76,1.24,+2.05σ,陰線→陽線 / 前日安値割れ反転,底固め / アンチ,1591.0,,,,,,-1.6687268232385644,,,,,,1623.0,1589.0,0.30902348578492056,-1.792336217552537,False,False,
2026-08-17,5838,除外,買い,67.06,1.08,+2.52σ,はらみ足 / 長い下ヒゲ（ハンマー）,底固め / アンチ,6308.0,,,,,,1.414790996784565,,,,,,6486.0,6260.0,4.276527331189706,0.6430868167202508,False,False,
2026-08-17,3905,B,買い,32.61,3.83,-1.23σ,陰線→陽線,アンチ,1693.0,,,,,,-6.308799114554509,,,,,,1997.0,1602.0,10.514665190924187,-11.344770337576094,False,False,
2026-08-17,3968,除外,買い,70.18,1.85,+2.91σ,強気包み足,底固め,625.0,,,,,,-4.580152671755721,,,,,,649.0,623.0,-0.9160305343511421,-4.885496183206106,False,False,
2026-08-17,6071,除外,買い,75.14,15.06,+3.87σ,陰線→陽線,底固め / アンチ,963.0,,,,,,2.4468085106382986,,,,,,976.0,933.0,3.8297872340425476,-0.7446808510638281,False,False,
2026-08-17,6890,除外,買い,59.43,1.36,+1.62σ,陰線→陽線,底固め / アンチ,9370.0,,,,,,-3.897435897435897,,,,,,10300.0,9360.0,5.641025641025643,-4.0000000000000036,False,False,
2026-08-17,5344,B,買い,54.22,0.55,+1.56σ,陰線→陽線 / 前日安値割れ反転,底固め / アンチ,59000.0,,,,,,-4.808002581477899,,,,,,63550.0,59000.0,2.5330751855437317,-4.808002581477899,False,False,
2026-08-17,2780,B,買い,53.65,2.73,+0.82σ,陰線→陽線,底固め / アンチ,5500.0,,,,,,3.383458646616533,,,,,,5590.0,5260.0,5.07518796992481,-1.1278195488721776,False,False,
2026-08-17,6356,B,買い,51.34,0.56,+1.03σ,陰線→陽線 / 長い下ヒゲ（ハンマー） / 前日安値割れ反転,底固め / アンチ,1375.0,,,,,,-2.34375,,,,,,1425.0,1375.0,1.2073863636363535,-2.34375,False,False,
2026-08-17,6418,除外,買い,81.74,1.87,+2.12σ,強気包み足,底固め,1281.0,,,,,,-1.7638036809815905,,,,,,1308.0,1275.0,0.30674846625766694,-2.223926380368102,False,False,
2026-08-17,9519,B,買い,50.05,0.58,-0.04σ,陰線→陽線 / 長い下ヒゲ（ハンマー） / 前日安値割れ反転,底固め / アンチ,964.0,,,,,,1.6877637130801704,,,,,,975.0,952.0,2.848101265822778,0.42194092827003704,False,False,
2026-08-17,1860,B,買い,47.27,0.59,+0.03σ,2～5日下落後の陽線,アンチ,1495.0,,,,,,-0.43290043290042934,,,,,,1516.5,1495.0,0.9990009990010096,-0.43290043290042934,False,False,
2026-08-17,4082,除外,買い,61.12,1.41,+2.05σ,陰線→陽線,底固め / アンチ,1978.0,,,,,,-5.131894484412469,,,,,,2105.0,1978.0,0.9592326139088669,-5.131894484412469,False,False,
2026-08-17,3891,B,買い,52.58,0.45,+1.15σ,陰線→陽線 / 前日安値割れ反転,底固め / アンチ,7020.0,,,,,,-6.275033377837113,,,,,,7750.0,7000.0,3.471295060080104,-6.542056074766355,False,False,
2026-08-17,4061,B,買い,47.21,0.83,+0.24σ,陰線→陽線 / はらみ足 / 2～5日下落後の陽線,アンチ,3496.0,,,,,,-3.0504714364947283,,,,,,3639.0,3485.0,0.9151414309484185,-3.355518580144201,False,False,
2026-08-17,8343,除外,買い,76.44,1.89,+2.18σ,強気包み足,底固め,8940.0,,,,,,1.9384264538198304,,,,,,9200.0,8740.0,4.903078677309014,-0.34207525655644,False,False,
2026-08-17,4023,B,買い,67.4,0.48,+1.46σ,強気包み足,底固め / アンチ,4570.0,,,,,,1.2181616832779518,,,,,,4590.0,4490.0,1.661129568106312,-0.5537098560354337,False,False,
2026-08-17,4107,B,買い,56.7,0.92,+1.83σ,陰線→陽線 / 前日安値割れ反転,底固め / アンチ,3800.0,,,,,,-1.2987012987012991,,,,,,3935.0,3790.0,2.207792207792214,-1.558441558441559,False,False,
2026-08-17,8331,B,買い,65.37,0.66,+1.74σ,前日安値割れ反転,底固め / アンチ,2837.5,,,,,,-0.21100756110427055,,,,,,2892.5,2835.0,1.7232284156848854,-0.29892737823105087,False,False,
2026-08-17,3679,除外,買い,72.46,2.25,+2.72σ,強気包み足,底固め,457.0,,,,,,2.4663677130044803,,,,,,457.0,436.0,2.4663677130044803,-2.2421524663677084,False,False,
2026-08-17,9504,B,買い,56.09,0.62,+0.33σ,強気包み足 / 長い下ヒゲ（ハンマー）,底固め,948.7000122070312,,,,,,1.5956320632931398,,,,,,949.7999877929688,930.7999877929688,1.7134276925432346,-0.3212692447024157,False,False,
2026-08-17,8934,B,買い,48.87,0.98,-0.54σ,陰線→陽線 / 前日安値割れ反転,底固め / アンチ,2472.0,,,,,,0.20267531414672746,,,,,,2492.0,2455.0,1.0133765707336817,-0.4864207539521659,False,False,
2026-08-17,3687,B,買い,55.89,0.68,+1.71σ,陰線→陽線 / 前日安値割れ反転,底固め / アンチ,2226.0,,,,,,-4.134366925064603,,,,,,2336.0,2225.0,0.602928509905265,-4.177433247200691,False,False,
2026-08-17,5631,B,買い,58.13,0.78,+2.09σ,陰線→陽線 / 長い下ヒゲ（ハンマー）,底固め / アンチ,8256.0,,,,,,2.53353204172877,,,,,,8477.0,8054.0,5.27819175360158,0.024838549428718437,False,False,
2026-08-17,6834,除外,買い,63.45,1.43,+2.32σ,陰線→陽線,底固め / アンチ,25920.0,,,,,,-6.086956521739129,,,,,,28250.0,25570.0,2.3550724637681153,-7.35507246376812,False,False,
2026-08-17,6779,除外,買い,55.03,0.5,+1.63σ,陰線→陽線 / 長い下ヒゲ（ハンマー） / 前日安値割れ反転,底固め / アンチ,3065.0,,,,,,-3.767660910518056,,,,,,3400.0,3025.0,6.75039246467819,-5.023547880690737,False,False,
2026-08-17,6768,B,買い,45.33,0.36,-0.30σ,陰線→陽線 / 2～5日下落後の陽線,アンチ,815.0,,,,,,-0.6097560975609762,,,,,,828.0,803.0,0.9756097560975618,-2.073170731707319,False,False,
2026-08-17,5706,B,買い,47.76,0.97,+0.40σ,陰線→陽線 / 2～5日下落後の陽線,アンチ,30060.0,,,,,,-4.843304843304841,,,,,,33120.0,29820.0,4.843304843304841,-5.603038936372274,False,False,
2026-08-17,6363,除外,買い,67.3,0.95,+1.62σ,陰線→陽線 / 2～5日下落後の陽線,アンチ,3200.0,,,,,,-2.8831562974203306,,,,,,3295.0,3180.0,0.0,-3.490136570561453,False,False,
2026-08-17,6339,C,買い,63.95,0.98,+1.97σ,強気包み足,アンチ,1267.0,,,,,,-0.23622047244094002,,,,,,1286.0,1261.0,1.2598425196850505,-0.7086614173228312,False,False,
2026-08-17,6474,C,買い,53.91,0.55,+1.15σ,強気包み足,アンチ,5790.0,,,,,,-1.8644067796610209,,,,,,6100.0,5770.0,3.3898305084745672,-2.203389830508473,False,False,
2026-08-17,6858,C,買い,52.39,0.25,+0.60σ,陰線→陽線 / 強気包み足,アンチ,846.0,,,,,,-1.5133876600698537,,,,,,867.0,846.0,0.93131548311991,-1.5133876600698537,False,False,
2026-08-17,6622,C,買い,50.25,0.6,+0.65σ,陰線→陽線 / 強気包み足,アンチ,14070.0,,,,,,-3.2324621733149983,,,,,,14790.0,14000.0,1.719394773039884,-3.7138927097661645,False,False,
2026-08-17,5331,除外,買い,59.67,0.47,+1.60σ,はらみ足 / 長い下ヒゲ（ハンマー）,底固め / アンチ,3795.0,,,,,,-2.692307692307694,,,,,,3950.0,3780.0,1.2820512820512775,-3.076923076923077,False,False,
2026-08-17,8386,C,買い,67.61,0.83,+1.97σ,陰線→陽線 / 強気包み足 / はらみ足,アンチ,3135.0,,,,,,0.32000000000000917,,,,,,3205.0,3120.0,2.5600000000000067,-0.16000000000000458,False,False,
2026-08-17,8154,除外,買い,71.05,0.92,+1.42σ,強気包み足,アンチ,5040.0,,,,,,-2.5145067698259194,,,,,,5190.0,5010.0,0.3868471953578423,-3.0947775628626717,False,False,
2026-08-17,7287,C,買い,62.47,0.7,+1.38σ,陰線→陽線 / はらみ足 / 2～5日下落後の陽線,アンチ,2631.0,,,,,,-0.5668934240362855,,,,,,2682.0,2631.0,1.3605442176870763,-0.5668934240362855,False,False,
2026-08-17,7366,除外,買い,69.96,1.11,+1.80σ,陰線→陽線 / 強気包み足,アンチ,1841.0,,,,,,-0.16268980477223138,,,,,,1872.0,1832.0,1.5184381778741818,-0.6507592190889366,False,False,
2026-08-17,4203,C,買い,61.22,0.56,+1.19σ,陰線→陽線 / 強気包み足 / はらみ足,アンチ,7727.0,,,,,,-1.9416243654822307,,,,,,7926.0,7609.0,0.5837563451776662,-3.439086294416238,False,False,
2026-08-17,3810,除外,買い,70.06,4.31,+2.80σ,長い下ヒゲ（ハンマー）,底固め,240.0,,,,,,5.263157894736836,,,,,,245.0,221.0,7.456140350877183,-3.0701754385964897,False,False,
2026-08-17,1417,C,買い,46.43,0.91,+0.08σ,陰線→陽線,アンチ,3514.0,,,,,,-1.0698198198198172,,,,,,3580.0,3505.0,0.7882882882882969,-1.3231981981981944,False,False,
2026-08-17,8338,除外,買い,67.72,0.87,+2.35σ,強気包み足 / はらみ足,アンチ,775.0,,,,,,0.7802340702210753,,,,,,799.0,762.0,3.901170351105332,-0.910273081924573,False,False,
2026-08-17,6590,C,買い,46.92,0.55,-0.29σ,陰線→陽線 / はらみ足,アンチ,4395.0,,,,,,-4.039301310043664,,,,,,4780.0,4360.0,4.366812227074246,-4.8034934497816595,False,False,
2026-08-17,5805,除外,買い,67.9,0.89,+1.99σ,強気包み足,アンチ,14700.0,,,,,,0.13623978201635634,,,,,,15260.0,14540.0,3.9509536784741117,-0.9536784741144388,False,False,
2026-08-17,4825,除外,買い,61.18,1.27,+2.32σ,強気包み足,アンチ,2042.0,,,,,,-0.6809338521400754,,,,,,2059.0,2015.0,0.14591439688715901,-1.9941634241245176,False,False,
2026-08-17,5332,C,買い,40.5,0.84,-0.49σ,はらみ足,アンチ,6360.0,,,,,,-4.504504504504503,,,,,,6695.0,6356.0,0.5255255255255165,-4.5645645645645665,False,False,
2026-08-17,5105,C,買い,42.97,1.02,-1.14σ,前日安値割れ反転,BB逆張り,3783.0,,,,,,-0.5520504731861164,,,,,,3800.0,3762.0,-0.1051524710830698,-1.104100946372244,False,False,
2026-08-17,4970,C,買い,45.05,0.92,-0.41σ,陰線→陽線 / 強気包み足 / はらみ足,アンチ,12660.0,,,,,,-2.5404157043879882,,,,,,13340.0,12450.0,2.6943802925327276,-4.157043879907619,False,False,
2026-08-17,6941,C,買い,51.98,0.95,+0.55σ,陰線→陽線,アンチ,8770.0,,,,,,-2.986725663716816,,,,,,9450.0,8750.0,4.535398230088505,-3.207964601769908,False,False,
2026-08-17,7803,C,買い,70.04,0.66,+2.14σ,はらみ足,底固め / アンチ,410.0,,,,,,-1.9138755980861233,,,,,,420.0,402.0,0.4784688995215225,-3.8277511961722466,False,False,
2026-08-17,4413,C,買い,51.91,0.44,-0.05σ,なし,底固め,2942.0,,,,,,2.831177909821747,,,,,,2978.0,2825.0,4.089479203075852,-1.258301293254105,False,False,
2026-08-17,4575,除外,買い,65.64,1.14,+2.41σ,なし,底固め / アンチ,810.0,,,,,,0.0,,,,,,863.0,798.0,6.543209876543199,-1.4814814814814836,False,False,
2026-08-17,4418,除外,買い,70.91,5.75,+3.08σ,なし,底固め / アンチ,970.0,,,,,,0.6224066390041472,,,,,,1008.0,949.0,4.564315352697101,-1.556016597510368,False,False,
2026-08-17,7381,除外,買い,69.77,0.48,+1.73σ,強気包み足 / はらみ足,底固め,1302.0,,,,,,2.5196850393700787,,,,,,1314.0,1271.0,3.464566929133861,0.07874015748030594,False,False,
2026-08-17,7327,C,買い,68.74,0.58,+2.03σ,はらみ足,底固め / アンチ,2555.0,,,,,,1.4291385470424744,,,,,,2588.0,2532.0,2.739182215164737,0.5160778086542361,False,False,
2026-08-17,1961,C,買い,54.26,0.72,+1.52σ,なし,底固め,2479.0,,,,,,-1.8994855559952506,,,,,,2559.0,2455.0,1.2663237039968411,-2.8492283339928814,False,False,
2026-08-17,1946,C,買い,55.95,0.85,+1.94σ,陰線→陽線,底固め / アンチ,2129.0,,,,,,-1.7535763728657172,,,,,,2170.0,2129.0,0.13844023996307797,-1.7535763728657172,False,False,
2026-08-17,9997,C,買い,52.03,0.63,-0.35σ,強気包み足 / はらみ足,底固め,1039.0,,,,,,1.1684518013632017,,,,,,1052.0,1030.0,2.434274586173313,0.2921129503407949,False,False,
2026-08-17,9984,C,買い,53.17,0.56,+1.20σ,陰線→陽線 / 前日安値割れ反転,アンチ,5830.0,,,,,,-0.951410125722052,,,,,,6230.0,5781.0,5.844376486578318,-1.783893985728846,False,False,
2026-08-17,9956,C,買い,44.69,0.31,-0.35σ,なし,底固め,3230.0,,,,,,0.6230529595015577,,,,,,3230.0,3170.0,0.6230529595015577,-1.2461059190031154,False,False,
2026-08-17,9003,C,買い,49.69,0.7,-0.30σ,陰線→陽線 / 長い下ヒゲ（ハンマー） / 前日安値割れ反転,アンチ,2561.0,,,,,,1.1253701875616917,,,,,,2571.5,2527.5,1.5399802566633758,-0.19743336623889718,False,False,
2026-08-17,9101,除外,買い,72.42,0.81,+2.28σ,なし,底固め / アンチ,6784.0,,,,,,4.53004622496147,,,,,,6797.0,6495.0,4.73035439137135,0.07704160246533309,False,False,
2026-08-17,9075,C,買い,63.02,0.94,+1.57σ,なし,底固め,6350.0,,,,,,-0.31397174254317317,,,,,,6430.0,6300.0,0.9419152276295195,-1.098901098901095,False,False,
2026-08-17,9506,除外,買い,80.7,0.78,+1.85σ,強気包み足,底固め,1306.0,,,,,,3.898170246618937,,,,,,1320.0,1261.0,5.011933174224348,0.31821797931583795,False,False,
2026-08-17,3662,C,買い,57.12,0.68,+0.52σ,強気包み足,底固め,974.0,,,,,,-0.7135575942915362,,,,,,987.0,965.0,0.6116207951070374,-1.6309887869520923,False,False,
2026-08-17,9069,除外,買い,73.71,0.93,+2.03σ,なし,底固め,2342.5,,,,,,1.406926406926412,,,,,,2354.0,2297.5,1.904761904761898,-0.5411255411255422,False,False,
2026-08-17,7777,除外,買い,62.88,1.32,+2.32σ,なし,底固め / アンチ,378.0,,,,,,-2.072538860103623,,,,,,389.0,373.0,0.7772020725388629,-3.3678756476683946,False,False,
2026-08-17,3399,C,買い,62.84,0.59,+1.82σ,はらみ足,底固め / アンチ,3745.0,,,,,,-1.4473684210526305,,,,,,3800.0,3685.0,0.0,-3.026315789473688,False,False,
2026-08-17,3444,除外,買い,59.76,1.66,+2.51σ,なし,底固め,1048.0,,,,,,-3.5878564857405704,,,,,,1130.0,1045.0,3.955841766329349,-3.863845446182157,False,False,
2026-08-17,7735,C,買い,50.23,0.49,+0.24σ,陰線→陽線 / 長い下ヒゲ（ハンマー）,アンチ,13695.0,,,,,,-6.2949024974341405,,,,,,14590.0,13640.0,-0.17105713308245285,-6.671228190215528,False,False,
2026-08-17,7595,C,買い,57.93,1.11,+0.57σ,強気包み足,底固め,1317.0,,,,,,-1.4221556886227504,,,,,,1330.0,1308.0,-0.44910179640718084,-2.095808383233533,False,False,
2026-08-17,7826,除外,買い,67.41,0.88,+2.00σ,陰線→陽線,底固め / アンチ,8640.0,,,,,,-5.676855895196509,,,,,,9340.0,8640.0,1.9650655021834051,-5.676855895196509,False,False,
2026-08-17,4222,除外,買い,68.69,1.69,+2.36σ,はらみ足,アンチ,709.0,,,,,,-0.5610098176718092,,,,,,745.0,704.0,4.488078541374474,-1.2622720897615736,False,False,
2026-08-17,4272,除外,買い,72.09,0.52,+1.91σ,長い下ヒゲ（ハンマー）,アンチ,2119.5,,,,,,-1.0042036431574086,,,,,,2142.0,2111.0,0.04670714619336991,-1.4012143858010306,False,False,
2026-08-17,8142,C,買い,63.16,1.03,+1.84σ,強気包み足,底固め,1410.0,,,,,,-0.8438818565400852,,,,,,1425.0,1398.0,0.21097046413502962,-1.6877637130801704,False,False,
2026-08-17,4109,C,買い,52.69,0.64,+1.41σ,はらみ足,底固め,5550.0,,,,,,-3.141361256544506,,,,,,5770.0,5550.0,0.698080279232105,-3.141361256544506,False,False,
2026-08-17,4062,除外,買い,58.38,0.76,+1.54σ,陰線→陽線 / はらみ足,底固め / アンチ,20875.0,,,,,,-3.2669138090824834,,,,,,22330.0,20755.0,3.4754402224281833,-3.8229842446709905,False,False,
2026-08-17,8361,C,買い,59.75,0.57,+1.40σ,はらみ足 / 長い下ヒゲ（ハンマー）,アンチ,8240.0,,,,,,1.104294478527601,,,,,,8390.0,8190.0,2.944785276073625,0.4907975460122671,False,False,
2026-08-17,8344,除外,買い,71.1,0.67,+2.05σ,はらみ足 / 長い下ヒゲ（ハンマー）,アンチ,4690.0,,,,,,0.7518796992481258,,,,,,4780.0,4665.0,2.685284640171859,0.21482277121374072,False,False,
2026-08-17,4021,C,買い,59.54,0.69,+1.95σ,陰線→陽線,底固め / アンチ,8059.0,,,,,,-1.2135327286099562,,,,,,8193.0,8013.0,0.4290267222358368,-1.7773964206913462,False,False,
2026-08-17,8388,除外,買い,71.52,1.04,+1.66σ,陰線→陽線 / はらみ足 / 長い下ヒゲ（ハンマー）,アンチ,9460.0,,,,,,0.7454739084131967,,,,,,9610.0,9450.0,2.3429179978700754,0.6389776357827559,False,False,
2026-08-17,8392,C,買い,62.28,0.66,+1.43σ,はらみ足 / 長い下ヒゲ（ハンマー）,アンチ,2897.0,,,,,,1.293706293706287,,,,,,2971.0,2874.0,3.8811188811188835,0.4895104895104918,False,False,
2026-08-17,7867,C,買い,55.83,0.52,+0.16σ,前日安値割れ反転,底固め,3588.0,,,,,,-0.33333333333332993,,,,,,3589.0,3495.0,-0.3055555555555589,-2.9166666666666674,False,False,
2026-08-17,7868,除外,買い,66.22,1.48,+3.14σ,なし,底固め,581.0,,,,,,0.6932409012131657,,,,,,587.0,574.0,1.7331022530329365,-0.5199306759098743,False,False,
2026-08-17,8562,除外,買い,69.86,1.25,+2.56σ,なし,底固め / アンチ,379.0,,,,,,0.0,,,,,,387.0,376.0,2.110817941952514,-0.79155672823219,False,False,
2026-08-17,8524,C,買い,66.44,0.66,+1.86σ,はらみ足 / 長い下ヒゲ（ハンマー）,アンチ,1324.0,,,,,,0.9916094584286883,,,,,,1351.0,1317.0,3.0511060259343914,0.4576659038901587,False,False,
2026-08-17,8399,除外,買い,73.63,1.02,+2.13σ,強気包み足,底固め,3370.0,,,,,,1.812688821752273,,,,,,3410.0,3340.0,3.0211480362537735,0.9063444108761365,False,False,
2026-08-17,2158,C,買い,53.92,2.64,+0.62σ,なし,底固め / アンチ,649.0,,,,,,0.7763975155279601,,,,,,665.0,640.0,3.2608695652173836,-0.6211180124223614,False,False,
2026-08-17,2168,C,買い,65.27,0.61,+1.75σ,強気包み足,底固め,1643.0,,,,,,0.18292682926828174,,,,,,1657.0,1624.0,1.0365853658536484,-0.9756097560975618,False,False,
2026-08-17,7226,C,買い,60.1,0.61,+0.77σ,はらみ足,底固め,2350.0,,,,,,-0.1699235344095107,,,,,,2364.0,2341.0,0.4248088360237823,-0.5522514868309236,False,False,
2026-08-17,7256,C,買い,59.78,3.09,+2.15σ,はらみ足,アンチ,468.0,,,,,,1.0799136069114423,,,,,,504.0,453.0,8.855291576673864,-2.1598272138228958,False,False,
2026-08-17,7280,除外,買い,67.45,0.8,+2.75σ,なし,底固め / アンチ,1304.0,,,,,,1.478599221789878,,,,,,1317.0,1281.0,2.490272373540847,-0.3112840466926059,False,False,
2026-08-17,5844,除外,買い,69.79,0.7,+2.27σ,はらみ足 / 長い下ヒゲ（ハンマー）,アンチ,5022.0,,,,,,-1.3553329404832004,,,,,,5164.0,4999.0,1.4339029660184632,-1.807110587310945,False,False,
2026-08-17,3110,除外,買い,54.32,1.08,+1.61σ,陰線→陽線,底固め / アンチ,3210.0,,,,,,-6.686046511627907,,,,,,3455.0,3185.0,0.43604651162789665,-7.412790697674421,False,False,
2026-08-17,5440,C,買い,66.65,1.21,+1.73σ,強気包み足,底固め,2000.0,,,,,,0.10010010010010895,,,,,,2016.0,1976.0,0.9009009009008917,-1.1011011011010985,False,False,
2026-08-17,5463,C,買い,48.79,1.13,-0.45σ,なし,アンチ,1773.5,,,,,,-0.22503516174402494,,,,,,1815.0,1765.0,2.1097046413502074,-0.7032348804500654,False,False,
2026-08-17,5471,除外,買い,59.98,1.16,+2.22σ,なし,底固め,2435.0,,,,,,-3.6978445718805597,,,,,,2586.5,2432.5,2.2938501087601315,-3.7967174213960897,False,False,
2026-08-17,5563,C,買い,55.32,0.6,+1.63σ,なし,底固め,438.0,,,,,,-1.3513513513513487,,,,,,448.0,436.0,0.9009009009008917,-1.8018018018018056,False,False,
2026-08-17,5445,C,買い,66.51,0.82,+2.01σ,強気包み足 / はらみ足,底固め,2031.0,,,,,,0.4451038575667754,,,,,,2048.0,2014.0,1.285855588526208,-0.3956478733926794,False,False,
2026-08-17,6875,除外,買い,69.51,1.0,+1.89σ,陰線→陽線,底固め / アンチ,11570.0,,,,,,-1.8659881255301047,,,,,,11880.0,11500.0,0.7633587786259444,-2.459711620016969,False,False,
2026-08-17,6905,C,買い,57.58,0.62,+1.70σ,強気包み足 / はらみ足,底固め,1375.0,,,,,,-1.4336917562724039,,,,,,1393.0,1363.0,-0.14336917562723928,-2.2939068100358395,False,False,
2026-08-17,6855,除外,買い,59.64,1.22,+1.93σ,陰線→陽線,底固め / アンチ,7270.0,,,,,,-4.216073781291174,,,,,,7670.0,7250.0,1.0540184453228019,-4.479578392621875,False,False,
2026-08-17,2986,C,買い,56.11,0.48,+2.10σ,はらみ足,底固め / アンチ,2802.0,,,,,,-1.0593220338983023,,,,,,2856.0,2777.0,0.8474576271186418,-1.9420903954802227,False,False,
2026-08-17,1982,C,買い,55.54,0.74,+1.59σ,なし,底固め / アンチ,3000.0,,,,,,-0.33222591362126463,,,,,,3070.0,3000.0,1.9933554817275656,-0.33222591362126463,False,False,
2026-08-17,6994,除外,買い,60.92,0.9,+2.11σ,なし,底固め / アンチ,1229.0,,,,,,-3.4564021995286742,,,,,,1334.0,1216.0,4.791830322073842,-4.477611940298509,False,False,
2026-08-17,6999,C,買い,52.96,0.23,+0.81σ,なし,底固め / アンチ,2445.0,,,,,,-5.011655011655014,,,,,,2645.0,2445.0,2.7583527583527667,-5.011655011655014,False,False,
2026-08-17,4996,C,買い,66.54,0.79,+1.74σ,強気包み足,底固め,774.0,,,,,,1.308900523560208,,,,,,781.0,764.0,2.2251308900523625,0.0,False,False,
2026-08-17,1975,C,買い,49.41,1.39,+0.41σ,なし,底固め,3930.0,,,,,,-0.25380710659898,,,,,,4050.0,3925.0,2.7918781725888353,-0.3807106598984755,False,False,
2026-08-17,7071,除外,買い,68.04,1.95,+2.81σ,なし,底固め,423.0,,,,,,1.6826923076923128,,,,,,426.0,398.0,2.4038461538461453,-4.326923076923073,False,False,
2026-08-17,7014,C,買い,63.13,0.71,+1.38σ,なし,底固め,4620.0,,,,,,2.4390243902439046,,,,,,4670.0,4390.0,3.5476718403547602,-2.6607538802660757,False,False,
2026-08-17,7011,除外,買い,69.48,0.84,+2.17σ,なし,底固め / アンチ,4370.0,,,,,,0.45977011494253706,,,,,,4439.0,4294.0,2.045977011494249,-1.2873563218390838,False,False,
2026-08-17,6925,C,買い,56.25,0.51,+1.32σ,前日安値割れ反転,アンチ,4166.0,,,,,,-4.405690683799913,,,,,,4413.0,4158.0,1.262046810463513,-4.589261128958233,False,False,
2026-08-17,1980,除外,買い,61.22,1.02,+2.20σ,なし,底固め,2835.0,,,,,,-2.4432209222298717,,,,,,2948.0,2815.0,1.4452856159669736,-3.131452167928428,False,False,
2026-08-17,4973,C,買い,52.77,0.4,+0.88σ,強気包み足,底固め,4855.0,,,,,,-0.5122950819672178,,,,,,4930.0,4810.0,1.0245901639344357,-1.434426229508201,False,False,
2026-08-17,6963,除外,買い,59.92,0.65,+1.93σ,陰線→陽線,底固め / アンチ,5040.0,,,,,,-3.798434815804541,,,,,,5375.0,5040.0,2.59591525100209,-3.798434815804541,False,False,
2026-08-17,5214,C,買い,45.11,0.56,+0.00σ,陰線→陽線 / はらみ足 / 長い下ヒゲ（ハンマー）,アンチ,5075.0,,,,,,-2.2911051212938016,,,,,,5226.0,5054.0,0.616095494801705,-2.695417789757415,False,False,
2026-08-17,5333,C,買い,51.62,0.7,+1.04σ,陰線→陽線,底固め / アンチ,5850.0,,,,,,-4.427381146871423,,,,,,6162.0,5828.0,0.6698251919621034,-4.7867995425584065,False,False,
2026-08-17,5027,除外,買い,77.43,8.88,+3.65σ,なし,底固め / アンチ,771.0,,,,,,6.639004149377592,,,,,,780.0,713.0,7.883817427385886,-1.3831258644536604,False,False,
2026-08-17,5801,除外,買い,60.78,0.96,+1.64σ,陰線→陽線,底固め / アンチ,4368.0,,,,,,1.6286644951140072,,,,,,4632.0,4236.0,7.77105630525825,-1.4425314099581255,False,False,
2026-08-17,5817,C,買い,59.77,0.2,+1.40σ,陰線→陽線,底固め / アンチ,1041.0,,,,,,0.09615384615384581,,,,,,1075.0,1020.0,3.3653846153846256,-1.9230769230769273,False,False,
2026-08-17,5830,除外,買い,70.78,0.65,+1.79σ,陰線→陽線 / はらみ足 / 長い下ヒゲ（ハンマー）,アンチ,4039.0,,,,,,0.8489388264669273,,,,,,4117.0,4011.0,2.7965043695380665,0.1498127340823885,False,False,
2026-08-17,5831,C,買い,66.15,0.87,+1.88σ,陰線→陽線 / はらみ足,底固め / アンチ,3566.0,,,,,,0.5073280721533235,,,,,,3618.0,3554.0,1.9729425028184977,0.16910935738443378,False,False,
2026-08-17,5832,C,買い,63.97,0.58,+1.69σ,陰線→陽線 / はらみ足,底固め / アンチ,3545.0,,,,,,0.4249291784702569,,,,,,3610.0,3545.0,2.2662889518413554,0.4249291784702569,False,False,
2026-08-17,6166,C,買い,52.15,0.56,+0.94σ,なし,底固め / アンチ,635.0,,,,,,-3.7878787878787845,,,,,,659.0,629.0,-0.15151515151514694,-4.696969696969699,False,False,
2026-08-17,6203,C,買い,56.26,0.51,+1.70σ,なし,底固め / アンチ,1498.0,,,,,,-2.7272727272727226,,,,,,1544.0,1494.0,0.2597402597402487,-2.9870129870129825,False,False,
2026-08-17,6217,除外,買い,60.53,4.71,+2.70σ,なし,底固め / アンチ,884.0,,,,,,-4.741379310344829,,,,,,927.0,877.0,-0.10775862068965747,-5.495689655172409,False,False,
2026-08-17,6135,除外,買い,69.6,1.31,+3.18σ,なし,底固め,16170.0,,,,,,-1.582471089470483,,,,,,16460.0,16140.0,0.1825928180158254,-1.7650639074863084,False,False,
2026-08-17,3245,除外,買い,73.78,1.24,+2.63σ,なし,底固め / アンチ,1151.0,,,,,,-0.6044905008635526,,,,,,1162.0,1148.0,0.3454231433505983,-0.8635578583765069,False,False,
2026-08-17,5991,C,買い,54.36,0.63,+1.38σ,陰線→陽線,底固め,3678.0,,,,,,-1.9984012789768135,,,,,,3797.0,3629.0,1.1723954169997386,-3.304023447908344,False,False,
2026-08-17,5803,除外,買い,64.29,1.19,+1.91σ,陰線→陽線,底固め / アンチ,5902.0,,,,,,-2.8956893715037846,,,,,,6433.0,5872.0,5.8407370845672935,-3.3892727871010164,False,False,
2026-08-17,6769,除外,買い,60.27,0.53,+1.81σ,なし,底固め,1154.0,,,,,,1.2280701754386003,,,,,,1175.0,1122.0,3.0701754385964897,-1.5789473684210575,False,False,
2026-08-17,6777,C,買い,52.02,0.73,+1.25σ,陰線→陽線 / はらみ足,底固め / アンチ,19770.0,,,,,,-3.654970760233922,,,,,,21260.0,19770.0,3.606237816764124,-3.654970760233922,False,False,
2026-08-17,6754,C,買い,46.84,0.62,+0.06σ,なし,底固め / アンチ,3512.0,,,,,,-4.952638700947221,,,,,,3735.0,3512.0,1.0825439783491264,-4.952638700947221,False,False,
2026-08-17,6745,C,買い,57.91,0.8,+1.34σ,強気包み足,アンチ,2001.0,,,,,,-4.120747484427412,,,,,,2097.0,1996.0,0.47915668423574864,-4.3603258265452745,False,False,
2026-08-17,6723,C,買い,48.14,0.58,+0.40σ,なし,アンチ,3807.0,,,,,,-1.7041053446940402,,,,,,4053.0,3796.0,4.647560030983744,-1.9881229021430413,False,False,
2026-08-17,6535,C,買い,53.28,0.65,+0.07σ,強気包み足,底固め,512.0,,,,,,0.39215686274509665,,,,,,515.0,505.0,0.9803921568627416,-0.9803921568627416,False,False,
2026-08-17,6104,C,買い,47.69,0.48,-0.22σ,はらみ足 / 長い下ヒゲ（ハンマー）,アンチ,4200.0,,,,,,-1.869158878504673,,,,,,4295.0,4150.0,0.3504672897196359,-3.0373831775700966,False,False,
2026-08-17,6146,C,買い,51.3,0.39,+0.82σ,陰線→陽線 / 前日安値割れ反転,アンチ,62350.0,,,,,,-5.4013048095888365,,,,,,65820.0,61770.0,-0.1365498406918575,-6.281292671825211,False,False,
2026-08-17,6507,C,買い,49.44,0.82,+0.33σ,強気包み足 / はらみ足,アンチ,12990.0,,,,,,-5.0438596491228065,,,,,,13860.0,12900.0,1.3157894736842035,-5.701754385964907,False,False,
2026-08-17,6306,C,買い,71.79,0.96,+2.16σ,強気包み足,底固め,1026.0,,,,,,0.0,,,,,,1034.0,1017.0,0.7797270955165692,-0.8771929824561431,False,False,
2026-08-17,6331,C,買い,50.42,0.39,+1.02σ,はらみ足,底固め / アンチ,3330.0,,,,,,-0.14992503748125774,,,,,,3405.0,3330.0,2.0989505247376306,-0.14992503748125774,False,False,
2026-08-17,9716,C,買い,61.72,0.7,+1.35σ,強気包み足 / はらみ足,底固め,1209.0,,,,,,-0.24752475247524774,,,,,,1223.0,1207.0,0.9075907590759158,-0.4125412541254092,False,False,
2026-08-17,9880,除外,買い,59.86,0.71,+1.71σ,なし,底固め,3755.0,,,,,,-2.8460543337645583,,,,,,3865.0,3720.0,0.0,-3.751617076325997,False,False,
2026-08-17,9509,除外,買い,63.95,0.79,+2.55σ,なし,底固め,1067.5,,,,,,0.9933774834437026,,,,,,1075.5,1050.5,1.7502365184484336,-0.6149479659413482,False,False,
2026-08-17,6469,除外,買い,63.73,0.9,+2.08σ,なし,底固め,3125.0,,,,,,1.132686084142387,,,,,,3250.0,3015.0,5.177993527508096,-2.4271844660194164,False,False,
2026-08-17,9468,C,買い,48.37,0.66,-0.26σ,はらみ足,アンチ,3530.0,,,,,,0.1986942946352599,,,,,,3538.0,3476.0,0.425773488504122,-1.3340902639795593,False,False,
2026-08-17,9119,除外,買い,71.08,1.19,+2.49σ,なし,底固め,1686.0,,,,,,2.492401215805473,,,,,,1697.0,1639.0,3.1610942249240104,-0.36474164133738496,False,False,
2026-08-17,9348,除外,買い,52.85,0.83,+2.49σ,なし,底固め,439.0,,,,,,1.1520737327188835,,,,,,446.0,429.0,2.764976958525356,-1.1520737327188946,False,False,
2026-08-17,9227,除外,買い,62.92,0.54,+1.85σ,なし,底固め,960.0,,,,,,-0.20790020790020236,,,,,,1015.0,946.0,5.509355509355518,-1.6632016632016633,False,False,
2026-08-17,1721,除外,買い,59.49,0.82,+2.74σ,陰線→陽線,底固め / アンチ,5317.0,,,,,,-1.846040243677316,,,,,,5409.0,5279.0,-0.14768321949418795,-2.547535536274692,False,False,
2026-08-17,1663,除外,買い,64.81,1.11,+2.66σ,なし,底固め,1930.0,,,,,,-0.7712082262210762,,,,,,1950.0,1924.0,0.25706940874035134,-1.0796915167095134,False,False,
2026-08-17,2730,C,買い,52.09,0.86,-0.37σ,なし,底固め,2508.0,,,,,,1.4152850788516025,,,,,,2529.0,2460.0,2.2644561261625507,-0.5256773150020266,False,False,
2026-08-17,6268,C,買い,49.98,0.71,+0.58σ,はらみ足,アンチ,4731.0,,,,,,-4.191980558930741,,,,,,5010.0,4717.0,1.4580801944106936,-4.475496152288372,False,False,
2026-08-17,6273,C,買い,59.1,0.78,+1.23σ,陰線→陽線 / 前日安値割れ反転,アンチ,75200.0,,,,,,-3.105269939440791,,,,,,77960.0,73790.0,0.45097281278185797,-4.922046128076274,False,False,
2026-08-17,6923,C,買い,61.69,0.47,+1.80σ,長い下ヒゲ（ハンマー）,底固め,3666.0,,,,,,-0.16339869281045694,,,,,,3680.0,3632.0,0.2178649237472685,-1.089324618736387,False,False,
2026-08-17,6072,除外,買い,60.42,0.65,+1.69σ,強気包み足,底固め,1142.0,,,,,,0.7054673721340388,,,,,,1193.0,1132.0,5.2028218694885275,-0.17636684303351524,False,False,
2026-08-17,6752,除外,買い,64.7,0.66,+1.61σ,前日安値割れ反転,アンチ,4552.0,,,,,,-4.92898913951546,,,,,,4819.0,4528.0,0.64745196324143,-5.430242272347541,False,False,
2026-08-17,6946,除外,買い,61.13,0.36,+1.24σ,陰線→陽線 / はらみ足 / 長い下ヒゲ（ハンマー）,アンチ,5830.0,,,,,,-2.5083612040133763,,,,,,6070.0,5820.0,1.5050167224080369,-2.6755852842809347,False,False,
2026-08-17,6996,C,買い,45.89,0.4,+0.35σ,陰線→陽線 / 前日安値割れ反転,アンチ,2861.0,,,,,,-4.633333333333334,,,,,,3150.0,2860.0,5.000000000000004,-4.666666666666663,False,False,
2026-08-17,5253,C,買い,49.12,0.44,-0.25σ,なし,底固め,1540.0,,,,,,0.13003901170351995,,,,,,1571.0,1505.0,2.1456436931079237,-2.145643693107935,False,False,
2026-08-17,6666,C,買い,52.81,0.59,+1.02σ,陰線→陽線,底固め / アンチ,816.0,,,,,,-3.65997638724912,,,,,,869.0,814.0,2.5974025974025983,-3.8961038961038974,False,False,
2026-08-17,4588,除外,買い,73.07,1.63,+2.45σ,陰線→陽線 / はらみ足,アンチ,3560.0,,,,,,2.005730659025784,,,,,,3680.0,3440.0,5.4441260744985565,-1.4326647564469885,False,False,
2026-08-17,7419,C,買い,40.77,1.22,-1.00σ,なし,底固め,1295.0,,,,,,-0.23112480739599928,,,,,,1303.0,1282.0,0.38520801232666546,-1.2326656394452962,False,False,
2026-08-17,8604,C,買い,53.17,0.57,-0.05σ,陰線→陽線 / 長い下ヒゲ（ハンマー）,底固め,1554.0,,,,,,-0.3207184092366866,,,,,,1563.0,1548.5,0.25657472738935816,-0.6735086593970485,False,False,
2026-08-17,8002,C,買い,43.62,0.59,-1.11σ,なし,底固め,4938.0,,,,,,0.4270896888346476,,,,,,4969.0,4858.0,1.0575554199715231,-1.199918649583076,False,False,
2026-08-17,8267,C,買い,47.01,0.93,-0.40σ,なし,底固め,1351.5,,,,,,-0.8073394495412889,,,,,,1359.5,1331.5,-0.22018348623853434,-2.2752293577981697,False,False,
2026-08-17,1950,C,買い,44.9,0.46,-0.24σ,なし,底固め / アンチ,3860.0,,,,,,-2.154626108998736,,,,,,3980.0,3860.0,0.8871989860582907,-2.154626108998736,False,False,
2026-08-17,9107,除外,買い,72.19,1.05,+2.63σ,長い下ヒゲ（ハンマー）,底固め,3141.0,,,,,,2.24609375,,,,,,3183.0,3117.0,3.61328125,1.46484375,False,False,
2026-08-17,6440,除外,買い,63.35,0.65,+1.07σ,陰線→陽線 / 前日安値割れ反転,アンチ,635.0,,,,,,-2.0061728395061706,,,,,,649.0,630.0,0.15432098765431057,-2.777777777777779,False,False,
2026-08-17,9009,C,買い,57.91,0.73,+0.21σ,はらみ足,底固め,1289.5,,,,,,0.7421874999999911,,,,,,1300.0,1262.5,1.5625,-1.3671875,False,False,
2026-08-17,3989,C,買い,68.21,2.36,+1.84σ,前日安値割れ反転,底固め,1497.0,,,,,,0.13377926421405117,,,,,,1498.0,1471.0,0.20066889632106566,-1.6053511705685586,False,False,
2026-08-17,6653,C,買い,55.57,0.56,+1.34σ,陰線→陽線,アンチ,2243.0,,,,,,-3.6512027491408916,,,,,,2341.0,2242.0,0.5584192439862523,-3.6941580756013725,False,False,
2026-08-17,6101,C,買い,46.69,0.47,-0.04σ,はらみ足,アンチ,5790.0,,,,,,-7.211538461538458,,,,,,6290.0,5780.0,0.8012820512820484,-7.371794871794868,False,False,
2026-08-17,6594,C,買い,61.49,0.44,+1.48σ,なし,アンチ,2810.0,,,,,,-0.1776198934280604,,,,,,2847.0,2781.0,1.1367673179396132,-1.2078152753108307,False,False,
2026-08-17,6140,除外,買い,64.77,0.59,+1.60σ,陰線→陽線 / はらみ足,アンチ,1245.0,,,,,,-4.743687834736033,,,,,,1307.0,1245.0,0.0,-4.743687834736033,False,False,
2026-08-17,6016,C,買い,60.11,0.47,+1.49σ,陰線→陽線,アンチ,10190.0,,,,,,2.412060301507535,,,,,,10490.0,10010.0,5.42713567839197,0.6030150753768782,False,False,
2026-08-17,6668,除外,買い,60.14,0.22,+1.49σ,陰線→陽線,アンチ,3785.0,,,,,,-3.689567430025442,,,,,,4060.0,3770.0,3.30788804071247,-4.071246819338425,False,False,
2026-08-17,8725,C,買い,61.72,1.43,+0.55σ,なし,底固め,4985.0,,,,,,1.2182741116751217,,,,,,4988.0,4899.0,1.2791878172588866,-0.527918781725889,False,False,
2026-08-17,8914,C,買い,50.06,1.37,-0.49σ,陰線→陽線,底固め,905.0,,,,,,-1.6304347826086918,,,,,,933.0,904.0,1.413043478260878,-1.7391304347826098,False,False,
2026-08-17,9502,C,買い,50.49,0.54,+0.31σ,なし,アンチ,2850.0,,,,,,0.017546938059309625,,,,,,2878.5,2845.5,1.0177224074398916,-0.1403755044744659,False,False,
2026-08-17,7172,C,買い,54.09,0.56,+0.32σ,なし,アンチ,2087.0,,,,,,-0.2866698518872446,,,,,,2101.0,2079.0,0.3822264691830002,-0.6688963210702337,False,False,
2026-08-17,5367,除外,買い,55.95,0.36,+1.36σ,陰線→陽線,アンチ,1261.0,,,,,,-5.18796992481203,,,,,,1376.0,1259.0,3.458646616541361,-5.338345864661653,False,False,
2026-08-17,7476,C,買い,44.74,0.6,-1.17σ,はらみ足,底固め,2358.5,,,,,,0.5113999573833405,,,,,,2367.0,2333.5,0.8736415938632058,-0.5540166204986097,False,False,
2026-08-17,4385,C,買い,52.1,1.05,+0.23σ,なし,底固め,4473.0,,,,,,-2.9718004338394777,,,,,,4607.0,4473.0,-0.065075921908897,-2.9718004338394777,False,False,
2026-08-17,4186,C,買い,49.61,0.47,+0.30σ,陰線→陽線 / はらみ足,アンチ,9213.0,,,,,,-3.8007726845567524,,,,,,9738.0,9202.0,1.6811109950924052,-3.915631199749403,False,False,
2026-08-17,7182,C,買い,54.49,0.55,+0.35σ,なし,アンチ,3332.0,,,,,,1.678364357644191,,,,,,3360.0,3268.0,2.532804394263044,-0.27464144034177185,False,False,
2026-08-17,7173,C,買い,59.16,0.64,+1.53σ,なし,アンチ,1806.0,,,,,,0.4449388209121219,,,,,,1855.0,1800.0,3.170189098998888,0.11123470522802492,False,False,
2026-08-17,8016,C,買い,54.1,1.3,+0.26σ,なし,底固め,766.0,,,,,,0.6570302233902758,,,,,,769.0,760.0,1.0512483574244502,-0.13140604467805073,False,False,
2026-08-17,8393,C,買い,60.14,0.81,+1.19σ,はらみ足,アンチ,2520.0,,,,,,0.3984063745019917,,,,,,2589.0,2520.0,3.1474103585657387,0.3984063745019917,False,False,
2026-08-17,8367,C,買い,62.99,0.62,+1.46σ,はらみ足,アンチ,1976.0,,,,,,0.7135575942915473,,,,,,2002.0,1965.0,2.0387359836901098,0.1529051987767538,False,False,
2026-08-17,8354,C,買い,59.42,0.7,+1.32σ,はらみ足,アンチ,7763.0,,,,,,0.15481873306670835,,,,,,7920.0,7725.0,2.180363824022713,-0.3354405883111866,False,False,
2026-08-17,8031,C,買い,47.26,0.68,-0.85σ,なし,底固め,4873.0,,,,,,1.6055045871559592,,,,,,4903.0,4775.0,2.231025854879065,-0.4378648874061697,False,False,
2026-08-17,8336,C,買い,61.97,0.46,+1.49σ,はらみ足,アンチ,2816.0,,,,,,0.931899641577072,,,,,,2863.0,2798.0,2.616487455197136,0.28673835125447855,False,False,
2026-08-17,4187,C,買い,49.78,0.3,+0.34σ,陰線→陽線,アンチ,4865.0,,,,,,-2.7000000000000024,,,,,,5040.0,4840.0,0.8000000000000007,-3.200000000000003,False,False,
2026-08-17,7729,C,買い,56.97,0.42,+1.38σ,陰線→陽線 / はらみ足,アンチ,18580.0,,,,,,-3.5806953814218945,,,,,,19570.0,18580.0,1.5568240788790932,-3.5806953814218945,False,False,
2026-08-17,7721,除外,買い,65.68,0.94,+1.81σ,なし,アンチ,7740.0,,,,,,-0.5141388174807249,,,,,,7980.0,7550.0,2.570694087403602,-2.9562982005141403,False,False,
2026-08-17,4816,C,買い,52.37,0.74,-0.21σ,なし,底固め,2830.0,,,,,,0.6043370067543519,,,,,,2859.0,2784.0,1.6352648418058946,-1.0309278350515427,False,False,
2026-08-17,7380,C,買い,61.04,0.7,+1.42σ,はらみ足,アンチ,2630.0,,,,,,1.5052103434967101,,,,,,2688.0,2612.0,3.7437282902354374,0.8104978772674576,False,False,
2026-08-17,7189,C,買い,67.31,1.07,+2.04σ,なし,アンチ,4873.0,,,,,,0.5986787778695213,,,,,,4943.0,4861.0,2.0437654830718355,0.35094962840627186,False,False,
2026-08-17,8541,除外,買い,74.25,0.47,+2.01σ,なし,アンチ,3320.0,,,,,,4.0752351097178785,,,,,,3345.0,3190.0,4.858934169279006,0.0,False,False,
2026-08-17,8600,除外,買い,70.96,0.79,+1.91σ,はらみ足,アンチ,1130.0,,,,,,0.6233303650934996,,,,,,1154.0,1126.0,2.7604630454140633,0.2671415850400649,False,False,
2026-08-17,9303,C,買い,53.03,0.6,+0.01σ,なし,底固め,4120.0,,,,,,1.7283950617283939,,,,,,4135.0,4035.0,2.0987654320987703,-0.37037037037036535,False,False,
2026-08-17,1934,C,買い,61.46,0.61,+1.69σ,なし,アンチ,2483.0,,,,,,-0.6004803843074447,,,,,,2537.0,2481.0,1.5612489991993606,-0.6805444355484358,False,False,
2026-08-17,1942,C,買い,48.39,0.72,+0.31σ,陰線→陽線,アンチ,5610.0,,,,,,-2.2648083623693416,,,,,,5746.0,5593.0,0.1045296167247356,-2.5609756097561,False,False,
2026-08-17,4004,除外,買い,58.13,0.58,+1.42σ,陰線→陽線 / はらみ足,アンチ,16975.0,,,,,,-1.3081395348837233,,,,,,17960.0,16830.0,4.418604651162794,-2.1511627906976694,False,False,
2026-08-17,1952,C,買い,43.03,0.56,-0.67σ,なし,アンチ,3090.0,,,,,,-2.3696682464455,,,,,,3205.0,3085.0,1.2638230647709303,-2.5276461295418606,False,False,
2026-08-17,9023,C,買い,47.72,0.68,-0.69σ,なし,底固め,1440.5,,,,,,-0.3459010722933198,,,,,,1449.0,1431.0,0.2421307506053294,-1.003113109650644,False,False,
2026-08-17,8360,除外,買い,65.87,0.84,+1.81σ,なし,アンチ,7540.0,,,,,,-0.6587615283267456,,,,,,7720.0,7530.0,1.7127799736495364,-0.7905138339920903,False,False,
2026-08-17,8341,C,買い,67.57,0.81,+1.94σ,はらみ足,アンチ,3912.0,,,,,,0.798763205359454,,,,,,3953.0,3893.0,1.8551919608348344,0.30919866013914277,False,False,
2026-08-17,8035,C,買い,48.74,0.55,+0.27σ,陰線→陽線 / はらみ足,アンチ,56380.0,,,,,,-6.174072224995841,,,,,,60300.0,56380.0,0.3494757863205189,-6.174072224995841,False,False,
2026-08-17,8194,C,買い,54.61,0.81,+0.74σ,なし,底固め,2613.0,,,,,,1.0831721470019318,,,,,,2629.0,2569.0,1.7021276595744705,-0.6189555125725388,False,False,
2026-08-17,7911,除外,買い,65.39,0.96,+2.12σ,陰線→陽線 / はらみ足,アンチ,5201.0,,,,,,-4.2702006258052645,,,,,,5425.0,5151.0,-0.1472482974415601,-5.190502484815019,False,False,
2026-08-17,8544,C,買い,57.23,0.56,+0.85σ,はらみ足,アンチ,2837.0,,,,,,1.3214285714285623,,,,,,2910.0,2834.0,3.928571428571437,1.2142857142857233,False,False,
2026-08-17,4549,C,買い,46.7,0.55,-0.08σ,なし,アンチ,2315.0,,,,,,-1.1528608027327025,,,,,,2347.0,2276.0,0.2134927412468013,-2.818104184457726,False,False,
2026-08-17,6504,除外,買い,61.4,0.45,+1.23σ,陰線→陽線 / はらみ足,アンチ,14410.0,,,,,,-3.740814963259853,,,,,,15075.0,14205.0,0.7014028056112176,-5.110220440881763,False,False,
2026-08-17,5711,除外,買い,68.23,1.0,+1.57σ,なし,アンチ,5246.0,,,,,,-0.3419452887537977,,,,,,5516.0,5206.0,4.78723404255319,-1.101823708206684,False,False,
2026-08-17,4617,C,買い,53.06,0.53,+0.18σ,なし,底固め,3590.0,,,,,,-1.912568306010931,,,,,,3690.0,3580.0,0.8196721311475308,-2.1857923497267784,False,False,
2026-08-17,7202,C,買い,45.79,0.56,-0.82σ,なし,底固め,2241.5,,,,,,-0.8405220084052201,,,,,,2258.5,2228.5,-0.08847600088476293,-1.4156160141561624,False,False,
2026-08-17,3252,C,買い,57.36,1.83,+1.50σ,なし,アンチ,2936.0,,,,,,-1.1114853486022258,,,,,,2966.0,2932.0,-0.10104412260020235,-1.2462108454024956,False,False,
2026-08-17,3167,C,買い,64.25,0.69,+1.39σ,なし,アンチ,1251.0,,,,,,1.3776337115072979,,,,,,1256.0,1235.0,1.7828200972447306,0.08103727714747766,False,False,
2026-08-17,6592,除外,買い,73.22,2.25,+2.71σ,なし,アンチ,1774.0,,,,,,-0.6718924972004436,,,,,,1822.0,1763.5,2.015677491601342,-1.259798432250836,False,False,
2026-08-17,6378,C,買い,61.26,0.94,+1.73σ,陰線→陽線 / はらみ足,アンチ,1293.0,,,,,,-0.9954058192955584,,,,,,1321.0,1289.0,1.1485451761102494,-1.3016845329249627,False,False,
2026-08-17,4631,除外,買い,70.29,1.24,+1.73σ,陰線→陽線,アンチ,5495.0,,,,,,-1.2933357283994917,,,,,,5568.0,5449.0,0.01796299622776054,-2.119633554876954,False,False,
2026-08-17,4633,C,買い,62.93,0.51,+1.61σ,陰線→陽線 / はらみ足,アンチ,2681.0,,,,,,0.22429906542056344,,,,,,2687.0,2650.0,0.4485981308411269,-0.9345794392523366,False,False,
2026-08-17,3101,C,買い,52.76,0.46,+0.91σ,陰線→陽線,アンチ,1622.0,,,,,,-2.289156626506028,,,,,,1698.0,1622.0,2.289156626506017,-2.289156626506028,False,False,
2026-08-17,8729,C,買い,53.67,0.8,-0.23σ,なし,底固め,155.0,,,,,,-0.3856041131105381,,,,,,156.8000030517578,154.5,0.7712101875050337,-0.7069408740359884,False,False,
2026-08-17,6480,C,買い,50.28,0.5,+0.64σ,陰線→陽線 / はらみ足,アンチ,1838.0,,,,,,-3.161222339304526,,,,,,1970.0,1830.0,3.7934668071654354,-3.5827186512118026,False,False,
2026-08-17,2432,C,買い,52.05,0.87,+1.02σ,なし,底固め,2469.5,,,,,,-1.613545816733064,,,,,,2494.0,2453.0,-0.6374501992031822,-2.270916334661355,False,False,
2026-08-17,1419,C,買い,50.03,0.51,-0.02σ,なし,底固め,2970.0,,,,,,-0.13449899125757003,,,,,,2997.0,2961.0,0.773369199731011,-0.43712172158708595,False,False,
2026-08-17,3765,C,買い,55.11,0.63,+0.44σ,なし,底固め,2436.0,,,,,,0.6195786864931829,,,,,,2447.0,2400.0,1.073936389921526,-0.8674101610904539,False,False,
2026-08-17,1814,C,買い,58.79,0.42,+0.97σ,なし,底固め,3665.0,,,,,,-1.4784946236559127,,,,,,3720.0,3655.0,0.0,-1.7473118279569877,False,False,
2026-08-17,1719,除外,買い,69.23,0.78,+2.23σ,なし,底固め,1902.0,,,,,,-0.05254860746189971,,,,,,1913.0,1887.0,0.5254860746190193,-0.8407777193904398,False,False,
2026-08-17,3668,C,買い,62.74,0.82,+1.45σ,なし,底固め,416.0,,,,,,0.24096385542169418,,,,,,419.0,410.0,0.9638554216867545,-1.2048192771084376,False,False,
2026-08-17,6481,C,買い,56.42,0.58,+1.26σ,はらみ足,アンチ,7265.0,,,,,,-3.390957446808507,,,,,,7687.0,7225.0,2.2207446808510722,-3.9228723404255317,False,False,
2026-08-17,2585,除外,買い,61.3,3.48,+2.08σ,なし,底固め,1658.0,,,,,,-1.0739856801909253,,,,,,1708.0,1631.0,1.9093078758949833,-2.6849642004773244,False,False,
2026-08-17,6298,除外,買い,65.54,1.84,+2.55σ,なし,底固め,1360.0,,,,,,-1.3062409288824406,,,,,,1381.0,1328.0,0.21770682148041232,-3.6284470246734424,False,False,
2026-08-17,8876,C,買い,57.47,0.55,+0.85σ,なし,底固め,2122.0,,,,,,0.1652112343639267,,,,,,2122.0,2099.0,0.1652112343639267,-0.920462591456217,False,False,
2026-08-17,3660,除外,買い,85.09,9.15,+3.37σ,なし,底固め,525.0,,,,,,-6.25,,,,,,556.0,524.0,-0.7142857142857117,-6.428571428571428,False,False,
2026-08-17,3659,除外,買い,79.72,5.4,+2.65σ,なし,底固め,3002.0,,,,,,-1.412151067323486,,,,,,3070.0,2947.0,0.8210180623973828,-3.218390804597704,False,False,
2026-08-17,3612,C,買い,55.86,1.4,+0.80σ,なし,底固め,1649.0,,,,,,1.3521819299323834,,,,,,1653.0,1625.0,1.5980331899200895,-0.12292562999385304,False,False,
2026-08-17,1909,C,買い,53.93,0.51,+0.59σ,はらみ足,底固め,3700.0,,,,,,0.0,,,,,,3705.0,3700.0,0.13513513513514486,0.0,False,False,
2026-08-17,1887,除外,買い,68.43,1.48,+3.29σ,なし,底固め,545.0,,,,,,-0.7285974499089298,,,,,,550.0,541.0,0.18214936247722413,-1.4571948998178486,False,False,
2026-08-17,1882,C,買い,59.87,0.99,+0.50σ,なし,底固め,1616.0,,,,,,-0.24691358024691024,,,,,,1624.0,1611.0,0.24691358024691024,-0.5555555555555536,False,False,
2026-08-17,1879,C,買い,70.66,1.08,+1.66σ,なし,底固め,2334.0,,,,,,0.8643042350907626,,,,,,2358.0,2327.0,1.9014693171996555,0.561797752808979,False,False,
2026-08-17,7004,C,買い,52.1,0.59,+1.24σ,なし,底固め,1264.0,,,,,,1.5261044176706928,,,,,,1270.0,1240.0,2.008032128514059,-0.40160642570281624,False,False,
2026-08-17,7013,C,買い,60.55,0.59,+1.85σ,なし,底固め,2987.5,,,,,,-0.780471604118238,,,,,,3098.0,2970.0,2.889405513118559,-1.3616738625041536,False,False,
2026-08-17,7033,除外,買い,78.78,5.46,+3.19σ,なし,底固め,1643.0,,,,,,1.169950738916259,,,,,,1664.0,1581.0,2.4630541871921263,-2.647783251231528,False,False,
2026-08-17,7085,C,買い,55.15,1.46,+0.29σ,なし,底固め,948.0,,,,,,-0.6289308176100628,,,,,,965.0,946.0,1.1530398322851187,-0.8385744234800874,False,False,
2026-08-17,2157,C,買い,50.43,0.99,-0.69σ,はらみ足,底固め,1024.0,,,,,,-0.19493177387914784,,,,,,1031.0,1016.0,0.4873294346978474,-0.974658869395717,False,False,
2026-08-17,2175,C,買い,49.65,0.71,-0.38σ,なし,底固め,2284.0,,,,,,-0.08748906386701893,,,,,,2311.0,2254.0,1.0936132983377034,-1.3998250218722696,False,False,
2026-08-17,2337,C,買い,42.77,0.52,-0.46σ,はらみ足,底固め,407.0,,,,,,0.0,,,,,,408.0,403.0,0.24570024570025328,-0.9828009828009798,False,False,
2026-08-17,5288,除外,買い,60.31,0.97,+2.27σ,なし,底固め,1578.0,,,,,,0.8306709265175627,,,,,,1607.0,1567.0,2.6837060702875393,0.12779552715656006,False,False,
2026-08-17,6971,C,買い,57.16,0.54,+1.17σ,なし,底固め,3799.0,,,,,,-1.8853305785124008,,,,,,3864.0,3757.0,-0.20661157024793875,-2.9700413223140543,False,False,
2026-08-17,5381,除外,買い,57.46,1.2,+1.43σ,なし,底固め,984.0,,,,,,2.393340270551514,,,,,,1009.0,959.0,4.994797086368363,-0.20811654526534662,False,False,
2026-08-17,6969,除外,買い,46.3,0.61,+0.15σ,なし,アンチ,1069.0,,,,,,-1.6559337626494974,,,,,,1110.0,1055.0,2.1159153633854677,-2.9438822447102164,False,False,
2026-08-17,3046,C,買い,43.41,0.73,-0.82σ,なし,底固め,6260.0,,,,,,-2.795031055900621,,,,,,6420.0,6250.0,-0.31055900621117516,-2.9503105590062084,False,False,
2026-08-17,4641,C,買い,57.54,0.67,+0.67σ,なし,底固め,844.0,,,,,,1.4423076923076872,,,,,,845.0,820.0,1.5625,-1.4423076923076872,False,False,
2026-08-17,4676,C,買い,51.97,0.8,+0.23σ,なし,底固め,4160.0,,,,,,1.3892273945893319,,,,,,4162.0,4040.0,1.437972215452099,-1.535461857177678,False,False,
2026-08-17,4592,C,買い,50.65,0.96,+0.79σ,なし,底固め,1004.0,,,,,,-0.8884501480750262,,,,,,1033.0,992.0,1.9743336623889496,-2.073050345508387,False,False,
2026-08-17,6997,C,買い,44.37,0.36,+0.19σ,なし,アンチ,3000.0,,,,,,-4.761904761904767,,,,,,3275.0,2966.0,3.9682539682539764,-5.8412698412698365,False,False,
2026-08-17,5741,C,買い,51.32,1.18,+1.13σ,陰線→陽線,アンチ,2473.0,,,,,,0.7742461287693514,,,,,,2595.0,2463.0,5.745721271393633,0.3667481662591676,False,False,
2026-08-17,5713,除外,買い,66.35,0.61,+1.58σ,陰線→陽線,アンチ,9893.0,,,,,,-0.5428772494219358,,,,,,10495.0,9833.0,5.509198753392974,-1.1460741932240892,False,False,
2026-08-17,5659,C,買い,55.69,0.62,+0.85σ,なし,底固め,1414.0,,,,,,-1.6689847009735748,,,,,,1447.0,1409.0,0.6258692628650975,-2.016689847009734,False,False,
2026-08-17,3103,除外,買い,71.35,5.92,+2.51σ,なし,底固め,1513.0,,,,,,-9.129129129129133,,,,,,1640.0,1510.0,-1.501501501501501,-9.30930930930931,False,False,
2026-08-17,5384,C,買い,51.23,0.52,+0.52σ,はらみ足,アンチ,3875.0,,,,,,-5.3724053724053755,,,,,,4130.0,3865.0,0.8547008547008517,-5.616605616605619,False,False,
2026-08-17,5482,C,買い,63.89,0.9,+2.03σ,なし,底固め,3250.0,,,,,,-1.365705614567525,,,,,,3305.0,3240.0,0.3034901365705611,-1.6691957511380862,False,False,
2026-08-17,6521,C,買い,46.38,0.78,+0.89σ,なし,底固め,3360.0,,,,,,-0.591715976331364,,,,,,3490.0,3300.0,3.2544378698224907,-2.3668639053254448,False,False,
2026-08-17,6522,除外,買い,61.0,1.0,+1.90σ,はらみ足,底固め,2025.0,,,,,,-2.6910139356078777,,,,,,2103.0,1936.0,1.057184046131665,-6.967803940413264,False,False,
2026-08-17,5957,C,買い,52.0,0.68,+0.49σ,なし,アンチ,783.0,,,,,,-0.12755102040816757,,,,,,790.0,781.0,0.7653061224489832,-0.3826530612244916,False,False,
2026-08-17,5970,除外,買い,72.43,0.9,+2.10σ,なし,底固め,2382.0,,,,,,1.8819503849443864,,,,,,2392.0,2331.0,2.3096663815226792,-0.29940119760478723,False,False,
2026-08-17,5911,C,買い,59.03,0.57,+0.75σ,なし,底固め,2997.0,,,,,,1.2842176410949646,,,,,,2998.0,2959.0,1.3180128421764081,0.0,False,False,
2026-08-17,6652,除外,買い,66.35,0.48,+1.29σ,はらみ足,アンチ,3760.0,,,,,,-1.3123359580052507,,,,,,3820.0,3725.0,0.2624671916010568,-2.2309711286089273,False,False,
2026-08-17,5246,除外,買い,72.55,0.79,+1.71σ,はらみ足,底固め,868.0,,,,,,2.358490566037741,,,,,,893.0,842.0,5.306603773584895,-0.7075471698113178,False,False,
2026-08-17,5232,C,買い,55.31,0.46,+1.01σ,なし,底固め,5860.0,,,,,,0.2566295979469668,,,,,,5998.0,5823.0,2.6176218990590305,-0.37639007698887506,False,False,
2026-08-17,6857,除外,買い,66.7,0.65,+1.86σ,陰線→陽線 / はらみ足,アンチ,35860.0,,,,,,-5.082053996823721,,,,,,37590.0,35800.0,-0.5029115934356843,-5.240868184224457,False,False,
2026-08-17,6814,C,買い,62.36,0.66,+1.38σ,なし,底固め,8060.0,,,,,,1.7676767676767735,,,,,,8120.0,7920.0,2.5252525252525304,0.0,False,False,
2026-08-17,6574,除外,買い,76.4,4.18,+2.89σ,なし,底固め,111.0,,,,,,0.0,,,,,,118.0,107.0,6.3063063063063085,-3.6036036036036,False,False,
2026-08-17,6113,C,買い,49.99,0.87,+0.36σ,陰線→陽線,アンチ,2721.5,,,,,,-3.9187996469549846,,,,,,2858.0,2686.5,0.9002647837599298,-5.15445719329215,False,False,
2026-08-17,6176,除外,買い,76.86,3.6,+2.85σ,なし,底固め,998.0,,,,,,-0.8937437934458781,,,,,,1014.0,993.0,0.6951340615690249,-1.3902681231380387,False,False,
2026-08-17,2962,C,買い,54.07,1.16,+0.79σ,陰線→陽線,底固め,1659.0,,,,,,22.07505518763797,,,,,,1659.0,1650.0,22.07505518763797,21.41280353200883,False,False,
2026-08-17,2931,C,買い,54.96,0.7,+0.97σ,なし,底固め,349.0,,,,,,-1.1331444759206777,,,,,,354.0,348.0,0.28328611898016387,-1.4164305949008527,False,False,
2026-08-17,2811,C,買い,46.25,2.01,-0.63σ,なし,底固め,2654.0,,,,,,0.9893455098934467,,,,,,2690.5,2611.0,2.378234398782353,-0.6468797564687989,False,False,
2026-08-17,2749,C,買い,59.0,1.11,+0.97σ,なし,底固め,653.0,,,,,,1.5552099533437058,,,,,,660.0,644.0,2.6438569206842955,0.15552099533437946,False,False,
2026-08-17,6055,C,買い,49.59,0.67,+0.43σ,陰線→陽線,アンチ,2200.0,,,,,,-3.9301310043668103,,,,,,2320.0,2198.0,1.3100436681222627,-4.017467248908302,False,False,
2026-08-17,6508,除外,買い,74.45,0.87,+1.84σ,なし,アンチ,12250.0,,,,,,-3.2385466034755117,,,,,,12760.0,12080.0,0.789889415481837,-4.581358609794628,False,False,
2026-08-17,6368,C,買い,49.04,0.81,+0.24σ,なし,アンチ,13980.0,,,,,,-5.3486797562626975,,,,,,14770.0,13980.0,0.0,-5.3486797562626975,False,False,
2026-08-17,2734,除外,買い,70.77,0.85,+2.44σ,なし,底固め,1230.0,,,,,,1.90555095277547,,,,,,1233.0,1207.0,2.154101077050541,0.0,False,False,
2026-08-17,7186,C,買い,56.56,0.85,+0.60σ,なし,底固め,1935.5,,,,,,1.2820512820512775,,,,,,1970.0,1928.0,3.0873888016745177,0.8895866038723277,False,False,
2026-08-17,7373,C,買い,37.56,0.6,-0.40σ,はらみ足,底固め,942.0,,,,,,-1.1542497376705096,,,,,,954.0,942.0,0.10493179433368471,-1.1542497376705096,False,False,
2026-08-17,7337,C,買い,63.35,0.62,+1.60σ,はらみ足,底固め,2394.5,,,,,,1.4833651197287523,,,,,,2406.5,2371.5,1.9919474464928921,0.5085823267641398,False,False,
2026-08-17,7278,C,買い,62.67,0.79,+1.57σ,なし,底固め,6240.0,,,,,,0.8077544426494443,,,,,,6240.0,6170.0,0.8077544426494443,-0.3231017770597755,False,False,
2026-08-17,7241,除外,買い,74.0,1.0,+2.22σ,なし,底固め,1108.0,,,,,,1.0027347310847867,,,,,,1114.0,1097.0,1.5496809480401108,0.0,False,False,
2026-08-17,7611,C,買い,58.61,1.71,+0.65σ,なし,底固め,2911.0,,,,,,0.7963988919667653,,,,,,2929.0,2864.0,1.4196675900276956,-0.8310249307479256,False,False,
2026-08-17,2353,C,買い,59.45,0.96,+1.27σ,なし,底固め,265.0,,,,,,0.37878787878788955,,,,,,266.0,261.0,0.7575757575757569,-1.1363636363636354,False,False,
2026-08-17,2354,C,買い,55.63,0.2,+0.03σ,なし,底固め,1264.0,,,,,,-4.387291981845687,,,,,,1331.0,1240.0,0.6807866868381307,-6.202723146747358,False,False,
2026-08-17,8572,C,買い,50.09,1.03,-0.63σ,なし,底固め,480.3999938964844,,,,,,0.12505083294798158,,,,,,481.7000122070313,477.0,0.3960008768302048,-0.5835764902042517,False,False,
2026-08-17,8706,C,買い,65.54,0.72,+1.38σ,はらみ足,底固め,1838.0,,,,,,-0.10869565217391797,,,,,,1855.0,1833.0,0.8152173913043459,-0.38043478260869623,False,False,
2026-08-17,8628,C,買い,59.73,0.42,+0.45σ,なし,底固め,1106.0,,,,,,0.9124087591240837,,,,,,1110.0,1088.0,1.2773722627737127,-0.7299270072992692,False,False,
2026-08-17,8425,C,買い,56.59,0.8,+0.65σ,なし,底固め,1351.0,,,,,,-0.07396449704142327,,,,,,1361.0,1346.0,0.6656804733727872,-0.4437869822485174,False,False,
2026-08-17,8522,C,買い,58.69,0.79,+0.94σ,なし,底固め,7080.0,,,,,,4.117647058823537,,,,,,7090.0,6800.0,4.264705882352948,0.0,False,False,
2026-08-17,8570,C,買い,59.99,0.87,+0.94σ,なし,底固め,1642.0,,,,,,1.7033137194177872,,,,,,1647.5,1611.5,2.0439764633013224,-0.18581604211830305,False,False,
2026-08-17,8558,除外,買い,64.24,0.58,+2.06σ,はらみ足,底固め,1552.0,,,,,,1.5706806282722585,,,,,,1583.0,1528.0,3.599476439790572,0.0,False,False,
2026-08-17,8584,C,買い,53.87,0.65,+0.11σ,なし,底固め,3720.0,,,,,,-0.8000000000000007,,,,,,3775.0,3715.0,0.6666666666666599,-0.9333333333333305,False,False,
2026-08-17,8616,C,買い,64.48,0.48,+1.33σ,はらみ足,底固め,834.0,,,,,,0.12004801920768582,,,,,,841.0,832.0,0.9603841536614643,-0.12004801920768582,False,False,
2026-08-17,8614,C,買い,58.78,0.68,+1.04σ,なし,底固め,682.0,,,,,,0.1468428781204123,,,,,,689.0,680.0,1.1747430249632984,-0.1468428781204123,False,False,
2026-08-17,4848,C,買い,71.78,0.9,+1.66σ,なし,底固め,1832.0,,,,,,-0.6507592190889366,,,,,,1844.0,1820.0,0.0,-1.3015184381778733,False,False,
2026-08-17,4828,除外,買い,70.57,0.85,+1.64σ,はらみ足,底固め,1377.0,,,,,,2.1513353115726996,,,,,,1388.0,1345.0,2.9673590504450953,-0.2225519287833877,False,False,
2026-08-17,4776,C,買い,66.51,0.84,+1.77σ,なし,底固め,2979.0,,,,,,2.0554984583761593,,,,,,2997.0,2934.0,2.672147995888996,0.5138746145940454,False,False,
2026-08-17,4095,C,買い,62.49,0.8,+1.54σ,なし,底固め,1730.0,,,,,,-0.17311021350259193,,,,,,1737.0,1713.0,0.2308136180034559,-1.1540680900173128,False,False,
2026-08-17,4180,除外,買い,85.03,8.33,+3.51σ,なし,底固め,1273.0,,,,,,-2.2273425499231947,,,,,,1312.0,1259.0,0.7680491551459223,-3.302611367127495,False,False,
2026-08-17,3333,C,買い,60.25,0.73,+1.20σ,なし,底固め,1381.0,,,,,,0.729394602479938,,,,,,1390.0,1365.0,1.3858497447118978,-0.4376367614879695,False,False,
2026-08-17,4194,C,買い,57.56,1.03,+0.68σ,なし,底固め,9081.0,,,,,,0.1875551632833261,,,,,,9203.0,8941.0,1.5335392762577227,-1.3570167696381308,False,False,
2026-08-17,3387,C,買い,54.07,0.96,+0.08σ,はらみ足,底固め,767.0,,,,,,-0.7761966364812412,,,,,,775.0,766.0,0.2587322121604174,-0.9055627425614499,False,False,
2026-08-17,7649,C,買い,38.4,1.44,-1.38σ,なし,底固め,2709.0,,,,,,-0.9687442880643382,,,,,,2730.5,2692.0,-0.18278194114421664,-1.5902028879546726,False,False,
2026-08-17,7715,除外,買い,62.5,2.29,+1.89σ,はらみ足,底固め,4145.0,,,,,,-5.902383654937571,,,,,,4465.0,4140.0,1.3620885357548351,-6.015891032917143,False,False,
2026-08-17,7701,C,買い,52.58,0.64,+0.28σ,なし,底固め,4092.0,,,,,,-1.5399422521655493,,,,,,4156.0,4091.0,0.0,-1.564003849855633,False,False,
2026-08-17,7762,除外,買い,72.16,3.62,+2.01σ,なし,底固め,2600.0,,,,,,-7.176008568368442,,,,,,2871.0,2600.0,2.499107461620853,-7.176008568368442,False,False,
2026-08-17,3544,C,買い,66.81,0.36,-0.30σ,なし,底固め,1246.0,,,,,,-0.1602564102564097,,,,,,1248.0,1246.0,0.0,-0.1602564102564097,False,False,
2026-08-17,7751,C,買い,53.88,0.44,+0.21σ,なし,底固め,4500.0,,,,,,-1.3374260030694973,,,,,,4529.0,4475.0,-0.7016005262003966,-1.8855514141635554,False,False,
2026-08-17,7730,C,買い,55.13,0.73,+1.67σ,はらみ足,底固め,1595.0,,,,,,-1.1771995043370453,,,,,,1611.0,1589.0,-0.18587360594795044,-1.5489467162329573,False,False,
2026-08-17,4202,C,買い,57.36,0.5,+0.41σ,なし,底固め,1482.0,,,,,,0.508646998982698,,,,,,1482.5,1466.0,0.5425567989148838,-0.5764665988470696,False,False,
2026-08-17,3608,C,買い,59.43,1.25,+0.97σ,なし,底固め,1255.0,,,,,,-0.15910898965791898,,,,,,1262.0,1250.0,0.39777247414478634,-0.5568814638027053,False,False,
2026-08-17,3565,C,買い,58.61,0.84,+1.64σ,はらみ足,底固め,446.0,,,,,,-1.3274336283185861,,,,,,457.0,436.0,1.106194690265494,-3.539823008849563,False,False,
2026-08-17,3563,C,買い,60.3,0.46,+0.95σ,なし,底固め,5806.0,,,,,,-0.5821917808219168,,,,,,5828.0,5665.0,-0.2054794520547909,-2.996575342465757,False,False,
2026-08-17,4554,C,買い,42.2,0.77,-0.66σ,なし,底固め,1836.0,,,,,,0.0,,,,,,1853.0,1815.0,0.92592592592593,-1.1437908496731986,False,False,
2026-08-17,7599,C,買い,48.03,1.4,+0.53σ,なし,底固め,1290.0,,,,,,-0.9216589861751112,,,,,,1305.0,1288.0,0.23041474654377225,-1.0752688172043001,False,False,
2026-08-17,4483,C,買い,55.55,0.87,+0.63σ,なし,底固め,3425.0,,,,,,1.6320474777448135,,,,,,3440.0,3330.0,2.0771513353115667,-1.1869436201780381,False,False,
2026-08-17,4506,C,買い,52.05,0.56,+1.50σ,なし,底固め,1375.0,,,,,,1.4385835485060783,,,,,,1399.5,1358.5,3.2460346735522005,0.22132054592400863,False,False,
2026-08-17,4373,C,買い,59.2,0.73,+0.88σ,なし,底固め,1125.0,,,,,,-1.832460732984298,,,,,,1146.0,1093.0,0.0,-4.62478184991274,False,False,
2026-08-17,4377,除外,買い,75.76,2.27,+2.71σ,はらみ足,底固め,2440.0,,,,,,-3.4810126582278444,,,,,,2513.0,2420.0,-0.5933544303797444,-4.272151898734178,False,False,
2026-08-17,4480,除外,買い,80.9,9.4,+3.18σ,なし,底固め,2844.0,,,,,,1.2099644128113818,,,,,,2892.0,2740.0,2.918149466192177,-2.491103202846978,False,False,
2026-08-17,4478,除外,買い,83.8,2.78,+2.58σ,なし,底固め,3420.0,,,,,,2.0895522388059806,,,,,,3475.0,3270.0,3.731343283582089,-2.3880597014925398,False,False,
2026-08-17,8306,C,買い,56.21,0.64,+0.37σ,なし,底固め,3654.0,,,,,,0.13702384214853147,,,,,,3709.0,3637.0,1.6442861057823999,-0.32885722115648663,False,False,
2026-08-17,8308,C,買い,64.38,0.66,+1.99σ,なし,底固め,2500.0,,,,,,0.7455168245013022,,,,,,2552.5,2487.0,2.8611726778158264,0.22164013701391205,False,False,
2026-08-17,8309,C,買い,61.9,0.47,+1.13σ,なし,底固め,1734.0,,,,,,0.31819496673415326,,,,,,1762.0,1731.0,1.9380966155626345,0.1446340757882636,False,False,
2026-08-17,8316,C,買い,54.44,0.6,+0.28σ,なし,底固め,6900.0,,,,,,-0.2601908065914982,,,,,,7004.0,6898.0,1.2431338537149506,-0.28910089621277946,False,False,
2026-08-17,8334,C,買い,67.81,0.67,+1.94σ,なし,底固め,2800.5,,,,,,1.412275936990759,,,,,,2842.5,2770.0,2.933188484519289,0.30780372985697024,False,False,
2026-08-17,7956,C,買い,63.17,1.11,+1.66σ,なし,底固め,2115.0,,,,,,-0.47058823529412264,,,,,,2132.0,2096.5,0.3294117647058892,-1.3411764705882345,False,False,
2026-08-17,7779,C,買い,55.04,1.47,+1.41σ,なし,底固め,241.0,,,,,,-0.4132231404958664,,,,,,248.0,241.0,2.4793388429751984,-0.4132231404958664,False,False,
2026-08-17,7906,C,買い,61.61,0.98,+1.17σ,なし,底固め,2756.0,,,,,,0.4373177842565523,,,,,,2784.0,2704.0,1.4577259475218707,-1.4577259475218707,False,False,
2026-08-17,8358,C,買い,71.28,0.69,+1.91σ,はらみ足,底固め,2943.0,,,,,,1.3778849466069554,,,,,,3015.0,2917.0,3.858077850499475,0.48225973131243993,False,False,
2026-08-17,8377,除外,買い,68.01,1.04,+1.87σ,なし,底固め,8432.0,,,,,,-1.6905677975982303,,,,,,8643.0,8390.0,0.7694998251136731,-2.1802495044887515,False,False,
2026-08-17,8381,C,買い,67.06,1.05,+1.97σ,なし,底固め,2640.0,,,,,,0.0378931413414163,,,,,,2698.0,2630.0,2.2356953391436063,-0.34103827207275783,False,False,
2026-08-17,8253,C,買い,54.63,1.07,+0.66σ,なし,底固め,4643.0,,,,,,-1.3177470775770472,,,,,,4679.0,4565.0,-0.5526036131774714,-2.9755579171094615,False,False,
2026-08-17,8252,C,買い,50.43,0.72,-0.23σ,なし,底固め,2941.5,,,,,,-0.10188487009679115,,,,,,2949.5,2907.0,0.16980811682798524,-1.2735608762098782,False,False,
2026-08-17,8057,C,買い,58.43,0.48,+0.85σ,はらみ足,底固め,2150.0,,,,,,-0.7844946931241381,,,,,,2159.0,2122.0,-0.369173973234882,-2.076603599446236,False,False,
2026-08-17,8411,C,買い,54.75,0.74,+0.60σ,なし,底固め,8531.0,,,,,,0.011723329425561424,,,,,,8642.0,8497.0,1.3130128956623688,-0.38686987104337156,False,False,
2026-08-17,8410,C,買い,67.55,0.81,+1.42σ,なし,底固め,342.1000061035156,,,,,,1.93683137768641,,,,,,343.3999938964844,332.1000061035156,2.324193652110962,-1.0429064053886772,False,False,
2026-08-17,4381,C,買い,52.53,0.71,+0.28σ,なし,底固め,392.0,,,,,,-3.2098765432098775,,,,,,427.0,380.0,5.432098765432092,-6.172839506172845,False,False,
2026-08-17,3916,C,買い,58.14,0.98,+0.76σ,なし,底固め,960.0,,,,,,-0.10405827263267886,,,,,,964.0,952.0,0.3121748178980255,-0.9365244536940653,False,False,
2026-08-17,3863,C,買い,43.74,0.75,-1.22σ,なし,底固め,1372.0,,,,,,2.5411061285500747,,,,,,1381.0,1334.0,3.2137518684603794,-0.2989536621823663,False,False,
2026-08-17,3946,C,買い,70.24,0.98,+1.83σ,なし,底固め,4720.0,,,,,,0.10604453870626251,,,,,,4740.0,4670.0,0.5302226935312904,-0.9544008483563071,False,False,
2026-08-17,1605,C,買い,62.26,0.84,+1.50σ,なし,底固め,3900.0,,,,,,3.31125827814569,,,,,,3900.0,3819.0,3.31125827814569,1.165562913907281,False,False,
2026-08-17,1514,C,買い,68.79,1.34,+1.87σ,はらみ足,底固め,667.0,,,,,,3.4108527131782918,,,,,,670.0,639.0,3.875968992248069,-0.9302325581395321,False,False,
2026-08-17,4042,C,買い,48.02,0.5,-0.14σ,なし,底固め,2704.0,,,,,,-1.0611050128064403,,,,,,2737.0,2704.0,0.14635931211124387,-1.0611050128064403,False,False,
2026-08-17,8337,C,買い,61.2,0.9,+1.40σ,はらみ足,底固め,2803.0,,,,,,1.0818608005769947,,,,,,2855.0,2788.0,2.957086188243774,0.5409304002884863,False,False,
2026-08-17,9006,C,買い,44.97,0.64,-0.83σ,なし,底固め,1534.5,,,,,,1.2203166226912865,,,,,,1538.0,1516.0,1.451187335092352,0.0,False,False,
2026-08-17,1662,C,買い,61.85,0.59,+1.63σ,なし,底固め,1873.0,,,,,,2.9120879120879017,,,,,,1874.0,1826.0,2.9670329670329565,0.3296703296703285,False,False,
2026-08-17,9042,C,買い,49.76,0.56,-0.38σ,はらみ足,底固め,4653.0,,,,,,0.3883495145631022,,,,,,4681.0,4589.0,0.9924487594390463,-0.9924487594390463,False,False,
2026-08-17,9031,C,買い,49.26,0.77,-0.63σ,なし,底固め,3086.0,,,,,,2.1516054286660147,,,,,,3089.0,3009.0,2.2509102946044246,-0.3972194637537285,False,False,
2026-08-17,3994,除外,買い,61.04,0.94,+1.40σ,はらみ足,底固め,5658.0,,,,,,-5.700000000000005,,,,,,6086.0,5640.0,1.433333333333331,-6.000000000000005,False,False,
2026-08-17,6479,C,買い,42.72,0.66,-0.42σ,なし,アンチ,3614.0,,,,,,-3.1358885017421567,,,,,,3769.0,3603.0,1.0184937014205309,-3.430715625837577,False,False,
2026-08-17,3853,C,買い,51.18,1.23,+1.36σ,なし,底固め,1147.0,,,,,,-0.5203816131829964,,,,,,1201.0,1146.0,4.163052905464015,-0.6071118820468291,False,False,
2026-08-17,3854,C,買い,60.39,1.25,+1.82σ,はらみ足,底固め,2416.0,,,,,,0.24896265560165887,,,,,,2448.0,2393.0,1.5767634854771728,-0.7053941908713668,False,False,
2026-08-17,9759,C,買い,53.7,0.67,+0.06σ,なし,底固め,2818.5,,,,,,1.6774891774891776,,,,,,2834.5,2771.5,2.254689754689765,-0.018037518037516964,False,False,
2026-08-17,9793,C,買い,51.98,0.83,+1.07σ,なし,底固め,3810.0,,,,,,-1.0389610389610393,,,,,,3865.0,3810.0,0.3896103896103842,-1.0389610389610393,False,False,
2026-08-17,9104,除外,買い,74.87,1.16,+2.44σ,なし,底固め,6881.0,,,,,,3.801478352692711,,,,,,6950.0,6645.0,4.842359330215729,0.24136370493286208,False,False,
2026-08-17,9166,除外,買い,77.19,1.64,+2.32σ,なし,底固め,734.0,,,,,,-2.7814569536423805,,,,,,758.0,732.0,0.3973509933774766,-3.0463576158940353,False,False,
2026-08-17,9470,C,買い,63.31,1.08,+1.97σ,なし,底固め,1044.0,,,,,,-0.5714285714285672,,,,,,1046.0,1035.0,-0.3809523809523818,-1.4285714285714235,False,False,
2026-08-17,9434,C,買い,63.1,0.65,+1.38σ,なし,底固め,234.0,,,,,,-0.3831417624521105,,,,,,236.1999969482422,230.8999938964844,0.553425691035403,-1.702854875911286,False,False,
2026-08-17,9418,C,買い,54.2,0.97,+0.40σ,なし,底固め,1729.0,,,,,,0.17381228273465332,,,,,,1738.0,1710.0,0.6952491309385911,-0.9269988412514474,False,False,
2026-08-17,1870,除外,買い,78.91,0.98,+2.28σ,なし,底固め,2125.0,,,,,,0.5203405865657595,,,,,,2131.0,2096.0,0.8041627246925254,-0.8514664143803197,False,False,
2026-08-17,9304,C,買い,62.24,0.82,+1.01σ,なし,底固め,2023.0,,,,,,2.6903553299492344,,,,,,2033.0,1966.0,3.1979695431472166,-0.20304568527919065,False,False,
2026-08-17,9201,C,買い,57.04,0.6,+0.72σ,なし,底固め,2996.0,,,,,,-1.0894684714427227,,,,,,3026.0,2990.0,-0.09904258831296975,-1.2875536480686733,False,False,
2026-08-17,9507,除外,買い,80.59,0.74,+1.47σ,なし,底固め,1840.5,,,,,,1.8257261410788317,,,,,,1854.0,1801.0,2.5726141078838083,-0.3596127247579517,False,False,
2026-08-17,9744,C,買い,54.78,0.74,+0.03σ,はらみ足,底固め,3307.0,,,,,,0.060514372163389396,,,,,,3320.0,3285.0,0.45385779122542047,-0.6051437216338829,False,False,
2026-08-17,3825,C,買い,53.25,3.36,+0.61σ,なし,底固め,214.0,,,,,,2.392344497607657,,,,,,225.0,210.0,7.655502392344493,0.4784688995215225,False,False,
2026-08-17,9024,C,買い,44.75,0.72,-1.14σ,はらみ足,底固め,3289.0,,,,,,0.3355704697986628,,,,,,3331.0,3236.0,1.6168395363026278,-1.281269066503965,False,False,
2026-08-17,8233,C,買い,45.12,0.93,-0.84σ,なし,底固め,2265.5,,,,,,0.913140311804006,,,,,,2266.5,2227.5,0.9576837416481077,-0.7795100222717122,False,False,
2026-08-17,3923,C,買い,57.68,2.48,+0.97σ,なし,底固め,1090.5,,,,,,-0.8636363636363664,,,,,,1119.5,1072.0,1.7727272727272814,-2.5454545454545507,False,False,
2026-08-17,3276,除外,買い,94.75,1.05,+1.11σ,はらみ足,底固め,2244.0,,,,,,0.0,,,,,,2245.0,2244.0,0.04456327985740138,0.0,False,False,
2026-08-17,7616,C,買い,51.08,0.88,-0.37σ,なし,底固め,2010.0,,,,,,0.24937655860348684,,,,,,2010.0,1981.0,0.24937655860348684,-1.1970074812967635,False,False,
2026-08-17,7545,C,買い,49.86,0.99,-0.06σ,なし,底固め,2017.0,,,,,,1.0521042084168375,,,,,,2024.0,1984.0,1.4028056112224352,-0.6012024048096198,False,False,
2026-08-17,4443,C,買い,61.37,0.79,+0.99σ,はらみ足,底固め,1992.0,,,,,,-1.0432190760059634,,,,,,2021.0,1876.0,0.3974167908594062,-6.8057625434674645,False,False,
2026-08-17,4493,C,買い,54.59,2.94,+0.83σ,なし,底固め,1921.0,,,,,,0.9989484752891631,,,,,,1958.0,1875.0,2.9442691903259766,-1.4195583596214534,False,False,
2026-08-17,4552,C,買い,49.52,1.44,-0.51σ,なし,底固め,525.0,,,,,,5.421686746987953,,,,,,531.0,502.0,6.626506024096379,0.8032128514056325,False,False,
2026-08-17,4587,C,買い,52.74,1.44,+1.03σ,なし,底固め,1025.5,,,,,,2.294264339152119,,,,,,1048.0,986.0,4.538653366583545,-1.6458852867830442,False,False,
2026-08-17,7199,C,買い,52.58,0.82,+0.50σ,なし,底固め,2064.0,,,,,,-2.133712660028453,,,,,,2103.0,2063.0,-0.2844950213371278,-2.1811284969179723,False,False,
2026-08-17,7242,C,買い,64.56,0.65,+1.22σ,なし,底固め,4640.0,,,,,,0.7600434310532034,,,,,,4670.0,4580.0,1.4115092290988063,-0.5428881650380024,False,False,
2026-08-17,7453,C,買い,56.06,0.71,+0.23σ,なし,底固め,4303.0,,,,,,-0.9666283084004634,,,,,,4329.0,4262.0,-0.36823935558112364,-1.9102416570771052,False,False,
2026-08-17,8624,C,買い,63.08,0.59,+1.76σ,はらみ足,底固め,1632.0,,,,,,-0.4270896888346587,,,,,,1655.0,1632.0,0.9762050030506453,-0.4270896888346587,False,False,
2026-08-17,8707,C,買い,56.5,0.63,+0.77σ,なし,底固め,4345.0,,,,,,0.11520737327188613,,,,,,4415.0,4315.0,1.7281105990783363,-0.5760368663594417,False,False,
2026-08-17,4784,C,買い,51.88,2.03,+0.15σ,なし,底固め,584.0,,,,,,7.948243992606274,,,,,,588.0,544.0,8.687615526802217,0.5545286506469571,False,False,
2026-08-17,2222,C,買い,63.2,0.94,+1.64σ,はらみ足,底固め,2682.0,,,,,,-0.8136094674556227,,,,,,2710.0,2631.5,0.22189349112426981,-2.6812130177514826,False,False,
2026-08-17,2267,C,買い,51.78,0.83,+0.25σ,なし,底固め,2845.5,,,,,,0.17602534765006617,,,,,,2863.5,2816.0,0.809716599190291,-0.8625242034853042,False,False,
2026-08-17,2327,C,買い,51.59,0.68,-0.49σ,なし,底固め,3769.0,,,,,,-0.2646202699126743,,,,,,3809.0,3702.0,0.7938608097380229,-2.0375760783275965,False,False,
2026-08-17,4732,C,買い,53.51,0.76,+0.01σ,なし,底固め,1974.0,,,,,,-1.1022044088176308,,,,,,1996.5,1972.5,0.025050100200396663,-1.177354709418843,False,False,
2026-08-17,5393,C,買い,53.55,0.64,+1.12σ,なし,底固め,3521.0,,,,,,-1.7578125,,,,,,3620.0,3505.0,1.0044642857142794,-2.20424107142857,False,False,
2026-08-17,5101,C,買い,51.63,0.54,+0.29σ,なし,底固め,7647.0,,,,,,-0.16971279373367842,,,,,,7764.0,7539.0,1.3577023498694496,-1.5796344647519556,False,False,
2026-08-17,3201,C,買い,64.1,0.67,+1.00σ,なし,底固め,1959.0,,,,,,-0.7095793208312218,,,,,,1981.0,1959.0,0.40547389761784736,-0.7095793208312218,False,False,
2026-08-17,5889,C,買い,56.57,1.16,+0.73σ,なし,底固め,2502.0,,,,,,-1.340694006309151,,,,,,2548.0,2478.0,0.4731861198738141,-2.287066246056779,False,False,
2026-08-17,6036,除外,買い,75.82,5.99,+3.10σ,なし,底固め,3025.0,,,,,,-4.7244094488189,,,,,,3200.0,3015.0,0.7874015748031482,-5.039370078740157,False,False,
2026-08-17,2980,C,買い,47.25,0.95,-0.73σ,はらみ足,底固め,2518.0,,,,,,-0.6706114398422058,,,,,,2579.0,2498.0,1.7357001972386543,-1.4595660749506911,False,False,
2026-08-17,2371,C,買い,66.85,0.55,+0.50σ,なし,底固め,3710.0,,,,,,0.2702702702702675,,,,,,3720.0,3701.0,0.540540540540535,0.027027027027037853,False,False,
2026-08-17,2379,C,買い,47.69,1.31,-0.44σ,なし,底固め,1813.0,,,,,,-0.5485463521667566,,,,,,1830.0,1811.0,0.38398244651673963,-0.6582556226001124,False,False,
2026-08-17,2501,C,買い,47.7,1.02,-0.89σ,なし,底固め,1933.0,,,,,,-0.9733606557377095,,,,,,1951.5,1912.5,-0.02561475409835756,-2.0235655737704916,False,False,
2026-08-17,2670,C,買い,52.81,0.54,+0.53σ,はらみ足,底固め,2778.5,,,,,,-0.23339317773788393,,,,,,2787.5,2755.0,0.08976660682227244,-1.0771992818671472,False,False,
2026-08-17,6309,除外,買い,66.58,0.88,+2.24σ,なし,底固め,2001.0,,,,,,0.5527638190954809,,,,,,2024.0,1980.0,1.70854271356784,-0.5025125628140725,False,False,
2026-08-17,8708,C,買い,62.39,0.73,+1.00σ,はらみ足,底固め,1724.0,,,,,,0.5247813411078717,,,,,,1737.0,1716.0,1.282798833819232,0.05830903790087216,False,False,
2026-08-17,3791,C,買い,44.43,0.39,+0.66σ,なし,底固め,1088.0,,,,,,-0.910746812386154,,,,,,1103.0,1084.0,0.45537340619308253,-1.2750455373406244,False,False,
2026-08-17,1822,C,買い,62.65,1.2,+1.89σ,なし,底固め,807.0,,,,,,-0.12376237623762387,,,,,,810.0,800.0,0.24752475247524774,-0.990099009900991,False,False,
